pair_id,actor,statement,repetition,intensity,happy_sample_id,sad_sample_id,condition_id,prompt,happy_verbalizer,sad_verbalizer,happy_token_ids,sad_token_ids,experiment_type,schedule_id,initial_patch_layer,restore_layer,clamp_end_layer,schedule_entries,patch_site,patch_kind,baseline_happy_happy_score,baseline_happy_sad_score,baseline_sad_happy_score,baseline_sad_sad_score,baseline_happy_margin,baseline_sad_margin,patched_happy_target_happy_score,patched_happy_target_sad_score,patched_sad_target_happy_score,patched_sad_target_sad_score,patched_happy_target_margin,patched_sad_target_margin,happy_effect_toward_sad,sad_effect_toward_happy,counterfactual_effect,happy_direction,sad_direction,error
pair_0000,01,01,01,01,pair_0000_happy,pair_0000_sad,upper_prompt__upper_spaced,Listen to the speech. Is the speaker HAPPY or SAD? Answer only HAPPY or SAD., HAPPY, SAD,"[86777, 56]","[328, 1808]",decision_clamp,decision_clamp_to_23,17,,23,"[{""layer"":17,""patch_kind"":""decision_token"",""source"":""donor""},{""layer"":18,""patch_kind"":""decision_token"",""source"":""donor""},{""layer"":19,""patch_kind"":""decision_token"",""source"":""donor""},{""layer"":20,""patch_kind"":""decision_token"",""source"":""donor""},{""layer"":21,""patch_kind"":""decision_token"",""source"":""donor""},{""layer"":22,""patch_kind"":""decision_token"",""source"":""donor""},{""layer"":23,""patch_kind"":""decision_token"",""source"":""donor""}]",post_decoder_block_output,decision_token,-32.906497955322266,-40.61582565307617,-32.872337341308594,-40.52363204956055,7.709327697753906,7.651294708251953,-32.8677978515625,-40.26172637939453,-32.91089630126953,-40.877220153808594,7.393928527832031,7.9663238525390625,0.315399169921875,0.3150291442871094,0.3152141571044922,True,True,
pair_0001,01,01,02,01,pair_0001_happy,pair_0001_sad,upper_prompt__upper_spaced,Listen to the speech. Is the speaker HAPPY or SAD? Answer only HAPPY or SAD., HAPPY, SAD,"[86777, 56]","[328, 1808]",decision_clamp,decision_clamp_to_23,17,,23,"[{""layer"":17,""patch_kind"":""decision_token"",""source"":""donor""},{""layer"":18,""patch_kind"":""decision_token"",""source"":""donor""},{""layer"":19,""patch_kind"":""decision_token"",""source"":""donor""},{""layer"":20,""patch_kind"":""decision_token"",""source"":""donor""},{""layer"":21,""patch_kind"":""decision_token"",""source"":""donor""},{""layer"":22,""patch_kind"":""decision_token"",""source"":""donor""},{""layer"":23,""patch_kind"":""decision_token"",""source"":""donor""}]",post_decoder_block_output,decision_token,-32.807010650634766,-40.480464935302734,-32.87761688232422,-40.29866027832031,7.673454284667969,7.421043395996094,-32.90624237060547,-40.195804595947266,-32.77861022949219,-40.581932067871094,7.289562225341797,7.803321838378906,0.3838920593261719,0.3822784423828125,0.3830852508544922,True,True,
pair_0002,01,02,01,01,pair_0002_happy,pair_0002_sad,upper_prompt__upper_spaced,Listen to the speech. Is the speaker HAPPY or SAD? Answer only HAPPY or SAD., HAPPY, SAD,"[86777, 56]","[328, 1808]",decision_clamp,decision_clamp_to_23,17,,23,"[{""layer"":17,""patch_kind"":""decision_token"",""source"":""donor""},{""layer"":18,""patch_kind"":""decision_token"",""source"":""donor""},{""layer"":19,""patch_kind"":""decision_token"",""source"":""donor""},{""layer"":20,""patch_kind"":""decision_token"",""source"":""donor""},{""layer"":21,""patch_kind"":""decision_token"",""source"":""donor""},{""layer"":22,""patch_kind"":""decision_token"",""source"":""donor""},{""layer"":23,""patch_kind"":""decision_token"",""source"":""donor""}]",post_decoder_block_output,decision_token,-33.14122772216797,-41.046043395996094,-33.19336700439453,-41.567901611328125,7.904815673828125,8.374534606933594,-33.199363708496094,-41.41638946533203,-33.13514709472656,-41.199214935302734,8.217025756835938,8.064067840576172,-0.3122100830078125,-0.3104667663574219,-0.3113384246826172,False,False,
pair_0003,01,02,02,01,pair_0003_happy,pair_0003_sad,upper_prompt__upper_spaced,Listen to the speech. Is the speaker HAPPY or SAD? Answer only HAPPY or SAD., HAPPY, SAD,"[86777, 56]","[328, 1808]",decision_clamp,decision_clamp_to_23,17,,23,"[{""layer"":17,""patch_kind"":""decision_token"",""source"":""donor""},{""layer"":18,""patch_kind"":""decision_token"",""source"":""donor""},{""layer"":19,""patch_kind"":""decision_token"",""source"":""donor""},{""layer"":20,""patch_kind"":""decision_token"",""source"":""donor""},{""layer"":21,""patch_kind"":""decision_token"",""source"":""donor""},{""layer"":22,""patch_kind"":""decision_token"",""source"":""donor""},{""layer"":23,""patch_kind"":""decision_token"",""source"":""donor""}]",post_decoder_block_output,decision_token,-33.26335525512695,-41.05799865722656,-33.390846252441406,-41.1466178894043,7.794643402099609,7.755771636962891,-33.269264221191406,-41.00689697265625,-33.385040283203125,-41.196022033691406,7.737632751464844,7.810981750488281,0.057010650634765625,0.055210113525390625,0.056110382080078125,True,True,
pair_0004,02,01,01,01,pair_0004_happy,pair_0004_sad,upper_prompt__upper_spaced,Listen to the speech. Is the speaker HAPPY or SAD? Answer only HAPPY or SAD., HAPPY, SAD,"[86777, 56]","[328, 1808]",decision_clamp,decision_clamp_to_23,17,,23,"[{""layer"":17,""patch_kind"":""decision_token"",""source"":""donor""},{""layer"":18,""patch_kind"":""decision_token"",""source"":""donor""},{""layer"":19,""patch_kind"":""decision_token"",""source"":""donor""},{""layer"":20,""patch_kind"":""decision_token"",""source"":""donor""},{""layer"":21,""patch_kind"":""decision_token"",""source"":""donor""},{""layer"":22,""patch_kind"":""decision_token"",""source"":""donor""},{""layer"":23,""patch_kind"":""decision_token"",""source"":""donor""}]",post_decoder_block_output,decision_token,-32.723960876464844,-40.329345703125,-33.00586700439453,-40.413299560546875,7.605384826660156,7.407432556152344,-32.94061279296875,-40.00715255737305,-32.78937530517578,-40.73291015625,7.066539764404297,7.943534851074219,0.5388450622558594,0.536102294921875,0.5374736785888672,True,True,
pair_0005,02,01,02,01,pair_0005_happy,pair_0005_sad,upper_prompt__upper_spaced,Listen to the speech. Is the speaker HAPPY or SAD? Answer only HAPPY or SAD., HAPPY, SAD,"[86777, 56]","[328, 1808]",decision_clamp,decision_clamp_to_23,17,,23,"[{""layer"":17,""patch_kind"":""decision_token"",""source"":""donor""},{""layer"":18,""patch_kind"":""decision_token"",""source"":""donor""},{""layer"":19,""patch_kind"":""decision_token"",""source"":""donor""},{""layer"":20,""patch_kind"":""decision_token"",""source"":""donor""},{""layer"":21,""patch_kind"":""decision_token"",""source"":""donor""},{""layer"":22,""patch_kind"":""decision_token"",""source"":""donor""},{""layer"":23,""patch_kind"":""decision_token"",""source"":""donor""}]",post_decoder_block_output,decision_token,-32.88285827636719,-40.35342788696289,-32.840545654296875,-40.420074462890625,7.470569610595703,7.57952880859375,-32.83942794799805,-40.27557373046875,-32.88400650024414,-40.49940872192383,7.436145782470703,7.6154022216796875,0.034423828125,0.0358734130859375,0.03514862060546875,True,True,
pair_0006,02,02,01,01,pair_0006_happy,pair_0006_sad,upper_prompt__upper_spaced,Listen to the speech. Is the speaker HAPPY or SAD? Answer only HAPPY or SAD., HAPPY, SAD,"[86777, 56]","[328, 1808]",decision_clamp,decision_clamp_to_23,17,,23,"[{""layer"":17,""patch_kind"":""decision_token"",""source"":""donor""},{""layer"":18,""patch_kind"":""decision_token"",""source"":""donor""},{""layer"":19,""patch_kind"":""decision_token"",""source"":""donor""},{""layer"":20,""patch_kind"":""decision_token"",""source"":""donor""},{""layer"":21,""patch_kind"":""decision_token"",""source"":""donor""},{""layer"":22,""patch_kind"":""decision_token"",""source"":""donor""},{""layer"":23,""patch_kind"":""decision_token"",""source"":""donor""}]",post_decoder_block_output,decision_token,-33.32653045654297,-40.607730865478516,-33.2708740234375,-40.77283477783203,7.281200408935547,7.501960754394531,-33.32720184326172,-40.80178451538086,-33.2697868347168,-40.57791519165039,7.474582672119141,7.308128356933594,-0.19338226318359375,-0.1938323974609375,-0.19360733032226562,False,False,
pair_0007,02,02,02,01,pair_0007_happy,pair_0007_sad,upper_prompt__upper_spaced,Listen to the speech. Is the speaker HAPPY or SAD? Answer only HAPPY or SAD., HAPPY, SAD,"[86777, 56]","[328, 1808]",decision_clamp,decision_clamp_to_23,17,,23,"[{""layer"":17,""patch_kind"":""decision_token"",""source"":""donor""},{""layer"":18,""patch_kind"":""decision_token"",""source"":""donor""},{""layer"":19,""patch_kind"":""decision_token"",""source"":""donor""},{""layer"":20,""patch_kind"":""decision_token"",""source"":""donor""},{""layer"":21,""patch_kind"":""decision_token"",""source"":""donor""},{""layer"":22,""patch_kind"":""decision_token"",""source"":""donor""},{""layer"":23,""patch_kind"":""decision_token"",""source"":""donor""}]",post_decoder_block_output,decision_token,-33.26520919799805,-40.81932067871094,-33.316802978515625,-41.32069396972656,7.554111480712891,8.003890991210938,-33.3702392578125,-41.369590759277344,-33.21224594116211,-40.76908493041992,7.999351501464844,7.5568389892578125,-0.4452400207519531,-0.447052001953125,-0.44614601135253906,False,False,
pair_0008,03,01,01,01,pair_0008_happy,pair_0008_sad,upper_prompt__upper_spaced,Listen to the speech. Is the speaker HAPPY or SAD? Answer only HAPPY or SAD., HAPPY, SAD,"[86777, 56]","[328, 1808]",decision_clamp,decision_clamp_to_23,17,,23,"[{""layer"":17,""patch_kind"":""decision_token"",""source"":""donor""},{""layer"":18,""patch_kind"":""decision_token"",""source"":""donor""},{""layer"":19,""patch_kind"":""decision_token"",""source"":""donor""},{""layer"":20,""patch_kind"":""decision_token"",""source"":""donor""},{""layer"":21,""patch_kind"":""decision_token"",""source"":""donor""},{""layer"":22,""patch_kind"":""decision_token"",""source"":""donor""},{""layer"":23,""patch_kind"":""decision_token"",""source"":""donor""}]",post_decoder_block_output,decision_token,-33.23826217651367,-40.160545349121094,-32.871337890625,-40.523345947265625,6.922283172607422,7.652008056640625,-32.94327926635742,-40.48863983154297,-33.16627502441406,-40.19316864013672,7.545360565185547,7.026893615722656,-0.623077392578125,-0.6251144409179688,-0.6240959167480469,False,False,
pair_0009,03,01,02,01,pair_0009_happy,pair_0009_sad,upper_prompt__upper_spaced,Listen to the speech. Is the speaker HAPPY or SAD? Answer only HAPPY or SAD., HAPPY, SAD,"[86777, 56]","[328, 1808]",decision_clamp,decision_clamp_to_23,17,,23,"[{""layer"":17,""patch_kind"":""decision_token"",""source"":""donor""},{""layer"":18,""patch_kind"":""decision_token"",""source"":""donor""},{""layer"":19,""patch_kind"":""decision_token"",""source"":""donor""},{""layer"":20,""patch_kind"":""decision_token"",""source"":""donor""},{""layer"":21,""patch_kind"":""decision_token"",""source"":""donor""},{""layer"":22,""patch_kind"":""decision_token"",""source"":""donor""},{""layer"":23,""patch_kind"":""decision_token"",""source"":""donor""}]",post_decoder_block_output,decision_token,-32.83757019042969,-40.17271041870117,-32.902679443359375,-40.617942810058594,7.335140228271484,7.715263366699219,-32.914894104003906,-40.47240447998047,-32.82582092285156,-40.319358825683594,7.5575103759765625,7.493537902832031,-0.22237014770507812,-0.2217254638671875,-0.2220478057861328,False,False,
pair_0010,03,02,01,01,pair_0010_happy,pair_0010_sad,upper_prompt__upper_spaced,Listen to the speech. Is the speaker HAPPY or SAD? Answer only HAPPY or SAD., HAPPY, SAD,"[86777, 56]","[328, 1808]",decision_clamp,decision_clamp_to_23,17,,23,"[{""layer"":17,""patch_kind"":""decision_token"",""source"":""donor""},{""layer"":18,""patch_kind"":""decision_token"",""source"":""donor""},{""layer"":19,""patch_kind"":""decision_token"",""source"":""donor""},{""layer"":20,""patch_kind"":""decision_token"",""source"":""donor""},{""layer"":21,""patch_kind"":""decision_token"",""source"":""donor""},{""layer"":22,""patch_kind"":""decision_token"",""source"":""donor""},{""layer"":23,""patch_kind"":""decision_token"",""source"":""donor""}]",post_decoder_block_output,decision_token,-33.3384895324707,-41.062469482421875,-33.22782516479492,-41.00354766845703,7.723979949951172,7.775722503662109,-33.294044494628906,-41.107025146484375,-33.272674560546875,-40.95801544189453,7.812980651855469,7.685340881347656,-0.08900070190429688,-0.09038162231445312,-0.089691162109375,False,False,
pair_0011,03,02,02,01,pair_0011_happy,pair_0011_sad,upper_prompt__upper_spaced,Listen to the speech. Is the speaker HAPPY or SAD? Answer only HAPPY or SAD., HAPPY, SAD,"[86777, 56]","[328, 1808]",decision_clamp,decision_clamp_to_23,17,,23,"[{""layer"":17,""patch_kind"":""decision_token"",""source"":""donor""},{""layer"":18,""patch_kind"":""decision_token"",""source"":""donor""},{""layer"":19,""patch_kind"":""decision_token"",""source"":""donor""},{""layer"":20,""patch_kind"":""decision_token"",""source"":""donor""},{""layer"":21,""patch_kind"":""decision_token"",""source"":""donor""},{""layer"":22,""patch_kind"":""decision_token"",""source"":""donor""},{""layer"":23,""patch_kind"":""decision_token"",""source"":""donor""}]",post_decoder_block_output,decision_token,-33.24159622192383,-41.173126220703125,-33.178077697753906,-41.440956115722656,7.931529998779297,8.26287841796875,-33.22362518310547,-41.46389389038086,-33.196632385253906,-41.15001678466797,8.24026870727539,7.9533843994140625,-0.30873870849609375,-0.3094940185546875,-0.3091163635253906,False,False,
pair_0012,04,01,01,01,pair_0012_happy,pair_0012_sad,upper_prompt__upper_spaced,Listen to the speech. Is the speaker HAPPY or SAD? Answer only HAPPY or SAD., HAPPY, SAD,"[86777, 56]","[328, 1808]",decision_clamp,decision_clamp_to_23,17,,23,"[{""layer"":17,""patch_kind"":""decision_token"",""source"":""donor""},{""layer"":18,""patch_kind"":""decision_token"",""source"":""donor""},{""layer"":19,""patch_kind"":""decision_token"",""source"":""donor""},{""layer"":20,""patch_kind"":""decision_token"",""source"":""donor""},{""layer"":21,""patch_kind"":""decision_token"",""source"":""donor""},{""layer"":22,""patch_kind"":""decision_token"",""source"":""donor""},{""layer"":23,""patch_kind"":""decision_token"",""source"":""donor""}]",post_decoder_block_output,decision_token,-32.72740936279297,-40.23261260986328,-32.91100311279297,-40.410213470458984,7.5052032470703125,7.499210357666016,-32.85126876831055,-40.302650451660156,-32.786476135253906,-40.339874267578125,7.451381683349609,7.553398132324219,0.053821563720703125,0.054187774658203125,0.054004669189453125,True,True,
pair_0013,04,01,02,01,pair_0013_happy,pair_0013_sad,upper_prompt__upper_spaced,Listen to the speech. Is the speaker HAPPY or SAD? Answer only HAPPY or SAD., HAPPY, SAD,"[86777, 56]","[328, 1808]",decision_clamp,decision_clamp_to_23,17,,23,"[{""layer"":17,""patch_kind"":""decision_token"",""source"":""donor""},{""layer"":18,""patch_kind"":""decision_token"",""source"":""donor""},{""layer"":19,""patch_kind"":""decision_token"",""source"":""donor""},{""layer"":20,""patch_kind"":""decision_token"",""source"":""donor""},{""layer"":21,""patch_kind"":""decision_token"",""source"":""donor""},{""layer"":22,""patch_kind"":""decision_token"",""source"":""donor""},{""layer"":23,""patch_kind"":""decision_token"",""source"":""donor""}]",post_decoder_block_output,decision_token,-32.94976806640625,-40.15290832519531,-32.91361999511719,-40.468021392822266,7.2031402587890625,7.554401397705078,-32.92721176147461,-40.27763366699219,-32.93657302856445,-40.3434944152832,7.350421905517578,7.40692138671875,-0.14728164672851562,-0.14748001098632812,-0.14738082885742188,False,False,
pair_0014,04,02,01,01,pair_0014_happy,pair_0014_sad,upper_prompt__upper_spaced,Listen to the speech. Is the speaker HAPPY or SAD? Answer only HAPPY or SAD., HAPPY, SAD,"[86777, 56]","[328, 1808]",decision_clamp,decision_clamp_to_23,17,,23,"[{""layer"":17,""patch_kind"":""decision_token"",""source"":""donor""},{""layer"":18,""patch_kind"":""decision_token"",""source"":""donor""},{""layer"":19,""patch_kind"":""decision_token"",""source"":""donor""},{""layer"":20,""patch_kind"":""decision_token"",""source"":""donor""},{""layer"":21,""patch_kind"":""decision_token"",""source"":""donor""},{""layer"":22,""patch_kind"":""decision_token"",""source"":""donor""},{""layer"":23,""patch_kind"":""decision_token"",""source"":""donor""}]",post_decoder_block_output,decision_token,-33.230369567871094,-40.49817657470703,-32.99338150024414,-40.90376281738281,7.2678070068359375,7.910381317138672,-33.03856658935547,-41.06972122192383,-33.18516540527344,-40.329307556152344,8.03115463256836,7.144142150878906,-0.7633476257324219,-0.7662391662597656,-0.7647933959960938,False,False,
pair_0015,04,02,02,01,pair_0015_happy,pair_0015_sad,upper_prompt__upper_spaced,Listen to the speech. Is the speaker HAPPY or SAD? Answer only HAPPY or SAD., HAPPY, SAD,"[86777, 56]","[328, 1808]",decision_clamp,decision_clamp_to_23,17,,23,"[{""layer"":17,""patch_kind"":""decision_token"",""source"":""donor""},{""layer"":18,""patch_kind"":""decision_token"",""source"":""donor""},{""layer"":19,""patch_kind"":""decision_token"",""source"":""donor""},{""layer"":20,""patch_kind"":""decision_token"",""source"":""donor""},{""layer"":21,""patch_kind"":""decision_token"",""source"":""donor""},{""layer"":22,""patch_kind"":""decision_token"",""source"":""donor""},{""layer"":23,""patch_kind"":""decision_token"",""source"":""donor""}]",post_decoder_block_output,decision_token,-33.334197998046875,-40.492889404296875,-33.412193298339844,-40.960044860839844,7.15869140625,7.5478515625,-33.47168731689453,-40.93330001831055,-33.275352478027344,-40.519813537597656,7.461612701416016,7.2444610595703125,-0.3029212951660156,-0.3033905029296875,-0.30315589904785156,False,False,
pair_0016,05,01,01,01,pair_0016_happy,pair_0016_sad,upper_prompt__upper_spaced,Listen to the speech. Is the speaker HAPPY or SAD? Answer only HAPPY or SAD., HAPPY, SAD,"[86777, 56]","[328, 1808]",decision_clamp,decision_clamp_to_23,17,,23,"[{""layer"":17,""patch_kind"":""decision_token"",""source"":""donor""},{""layer"":18,""patch_kind"":""decision_token"",""source"":""donor""},{""layer"":19,""patch_kind"":""decision_token"",""source"":""donor""},{""layer"":20,""patch_kind"":""decision_token"",""source"":""donor""},{""layer"":21,""patch_kind"":""decision_token"",""source"":""donor""},{""layer"":22,""patch_kind"":""decision_token"",""source"":""donor""},{""layer"":23,""patch_kind"":""decision_token"",""source"":""donor""}]",post_decoder_block_output,decision_token,-32.893394470214844,-40.04497528076172,-32.97637939453125,-40.67535400390625,7.151580810546875,7.698974609375,-33.014801025390625,-40.74742126464844,-32.854148864746094,-39.96917724609375,7.7326202392578125,7.115028381347656,-0.5810394287109375,-0.5839462280273438,-0.5824928283691406,False,False,
pair_0017,05,01,02,01,pair_0017_happy,pair_0017_sad,upper_prompt__upper_spaced,Listen to the speech. Is the speaker HAPPY or SAD? Answer only HAPPY or SAD., HAPPY, SAD,"[86777, 56]","[328, 1808]",decision_clamp,decision_clamp_to_23,17,,23,"[{""layer"":17,""patch_kind"":""decision_token"",""source"":""donor""},{""layer"":18,""patch_kind"":""decision_token"",""source"":""donor""},{""layer"":19,""patch_kind"":""decision_token"",""source"":""donor""},{""layer"":20,""patch_kind"":""decision_token"",""source"":""donor""},{""layer"":21,""patch_kind"":""decision_token"",""source"":""donor""},{""layer"":22,""patch_kind"":""decision_token"",""source"":""donor""},{""layer"":23,""patch_kind"":""decision_token"",""source"":""donor""}]",post_decoder_block_output,decision_token,-33.059226989746094,-40.66766357421875,-32.76953887939453,-40.188873291015625,7.608436584472656,7.419334411621094,-32.89275360107422,-40.175636291503906,-32.936256408691406,-40.68218231201172,7.2828826904296875,7.7459259033203125,0.32555389404296875,0.32659149169921875,0.32607269287109375,True,True,
pair_0018,05,02,01,01,pair_0018_happy,pair_0018_sad,upper_prompt__upper_spaced,Listen to the speech. Is the speaker HAPPY or SAD? Answer only HAPPY or SAD., HAPPY, SAD,"[86777, 56]","[328, 1808]",decision_clamp,decision_clamp_to_23,17,,23,"[{""layer"":17,""patch_kind"":""decision_token"",""source"":""donor""},{""layer"":18,""patch_kind"":""decision_token"",""source"":""donor""},{""layer"":19,""patch_kind"":""decision_token"",""source"":""donor""},{""layer"":20,""patch_kind"":""decision_token"",""source"":""donor""},{""layer"":21,""patch_kind"":""decision_token"",""source"":""donor""},{""layer"":22,""patch_kind"":""decision_token"",""source"":""donor""},{""layer"":23,""patch_kind"":""decision_token"",""source"":""donor""}]",post_decoder_block_output,decision_token,-33.31574630737305,-41.03467559814453,-33.078346252441406,-41.51261901855469,7.718929290771484,8.434272766113281,-33.14794921875,-41.352046966552734,-33.246620178222656,-41.1948356628418,8.204097747802734,7.948215484619141,-0.48516845703125,-0.4860572814941406,-0.4856128692626953,False,False,
pair_0019,05,02,02,01,pair_0019_happy,pair_0019_sad,upper_prompt__upper_spaced,Listen to the speech. Is the speaker HAPPY or SAD? Answer only HAPPY or SAD., HAPPY, SAD,"[86777, 56]","[328, 1808]",decision_clamp,decision_clamp_to_23,17,,23,"[{""layer"":17,""patch_kind"":""decision_token"",""source"":""donor""},{""layer"":18,""patch_kind"":""decision_token"",""source"":""donor""},{""layer"":19,""patch_kind"":""decision_token"",""source"":""donor""},{""layer"":20,""patch_kind"":""decision_token"",""source"":""donor""},{""layer"":21,""patch_kind"":""decision_token"",""source"":""donor""},{""layer"":22,""patch_kind"":""decision_token"",""source"":""donor""},{""layer"":23,""patch_kind"":""decision_token"",""source"":""donor""}]",post_decoder_block_output,decision_token,-33.17727279663086,-40.89159393310547,-33.313140869140625,-40.64369201660156,7.714321136474609,7.3305511474609375,-33.2291145324707,-40.79369354248047,-33.259708404541016,-40.74028778076172,7.564579010009766,7.480579376220703,0.14974212646484375,0.15002822875976562,0.1498851776123047,True,True,
pair_0020,06,01,01,01,pair_0020_happy,pair_0020_sad,upper_prompt__upper_spaced,Listen to the speech. Is the speaker HAPPY or SAD? Answer only HAPPY or SAD., HAPPY, SAD,"[86777, 56]","[328, 1808]",decision_clamp,decision_clamp_to_23,17,,23,"[{""layer"":17,""patch_kind"":""decision_token"",""source"":""donor""},{""layer"":18,""patch_kind"":""decision_token"",""source"":""donor""},{""layer"":19,""patch_kind"":""decision_token"",""source"":""donor""},{""layer"":20,""patch_kind"":""decision_token"",""source"":""donor""},{""layer"":21,""patch_kind"":""decision_token"",""source"":""donor""},{""layer"":22,""patch_kind"":""decision_token"",""source"":""donor""},{""layer"":23,""patch_kind"":""decision_token"",""source"":""donor""}]",post_decoder_block_output,decision_token,-32.93659210205078,-40.262325286865234,-32.96112060546875,-40.28034591674805,7.325733184814453,7.319225311279297,-32.978904724121094,-40.378204345703125,-32.918033599853516,-40.166534423828125,7.399299621582031,7.248500823974609,-0.07356643676757812,-0.0707244873046875,-0.07214546203613281,False,False,
pair_0021,06,01,02,01,pair_0021_happy,pair_0021_sad,upper_prompt__upper_spaced,Listen to the speech. Is the speaker HAPPY or SAD? Answer only HAPPY or SAD., HAPPY, SAD,"[86777, 56]","[328, 1808]",decision_clamp,decision_clamp_to_23,17,,23,"[{""layer"":17,""patch_kind"":""decision_token"",""source"":""donor""},{""layer"":18,""patch_kind"":""decision_token"",""source"":""donor""},{""layer"":19,""patch_kind"":""decision_token"",""source"":""donor""},{""layer"":20,""patch_kind"":""decision_token"",""source"":""donor""},{""layer"":21,""patch_kind"":""decision_token"",""source"":""donor""},{""layer"":22,""patch_kind"":""decision_token"",""source"":""donor""},{""layer"":23,""patch_kind"":""decision_token"",""source"":""donor""}]",post_decoder_block_output,decision_token,-32.943870544433594,-40.37804412841797,-32.90716552734375,-40.65447235107422,7.434173583984375,7.747306823730469,-32.93235778808594,-40.6593017578125,-32.91942596435547,-40.37335968017578,7.7269439697265625,7.4539337158203125,-0.2927703857421875,-0.29337310791015625,-0.2930717468261719,False,False,
pair_0022,06,02,01,01,pair_0022_happy,pair_0022_sad,upper_prompt__upper_spaced,Listen to the speech. Is the speaker HAPPY or SAD? Answer only HAPPY or SAD., HAPPY, SAD,"[86777, 56]","[328, 1808]",decision_clamp,decision_clamp_to_23,17,,23,"[{""layer"":17,""patch_kind"":""decision_token"",""source"":""donor""},{""layer"":18,""patch_kind"":""decision_token"",""source"":""donor""},{""layer"":19,""patch_kind"":""decision_token"",""source"":""donor""},{""layer"":20,""patch_kind"":""decision_token"",""source"":""donor""},{""layer"":21,""patch_kind"":""decision_token"",""source"":""donor""},{""layer"":22,""patch_kind"":""decision_token"",""source"":""donor""},{""layer"":23,""patch_kind"":""decision_token"",""source"":""donor""}]",post_decoder_block_output,decision_token,-33.460514068603516,-41.10554504394531,-33.11227798461914,-40.92157745361328,7.645030975341797,7.809299468994141,-33.144012451171875,-41.10260772705078,-33.42913818359375,-40.92560577392578,7.958595275878906,7.496467590332031,-0.3135643005371094,-0.3128318786621094,-0.3131980895996094,False,False,
pair_0023,06,02,02,01,pair_0023_happy,pair_0023_sad,upper_prompt__upper_spaced,Listen to the speech. Is the speaker HAPPY or SAD? Answer only HAPPY or SAD., HAPPY, SAD,"[86777, 56]","[328, 1808]",decision_clamp,decision_clamp_to_23,17,,23,"[{""layer"":17,""patch_kind"":""decision_token"",""source"":""donor""},{""layer"":18,""patch_kind"":""decision_token"",""source"":""donor""},{""layer"":19,""patch_kind"":""decision_token"",""source"":""donor""},{""layer"":20,""patch_kind"":""decision_token"",""source"":""donor""},{""layer"":21,""patch_kind"":""decision_token"",""source"":""donor""},{""layer"":22,""patch_kind"":""decision_token"",""source"":""donor""},{""layer"":23,""patch_kind"":""decision_token"",""source"":""donor""}]",post_decoder_block_output,decision_token,-33.388221740722656,-41.36200714111328,-33.26945495605469,-41.31072235107422,7.973785400390625,8.041267395019531,-33.25798797607422,-41.35573959350586,-33.39977264404297,-41.31732940673828,8.09775161743164,7.9175567626953125,-0.12396621704101562,-0.12371063232421875,-0.12383842468261719,False,False,
pair_0024,07,01,01,01,pair_0024_happy,pair_0024_sad,upper_prompt__upper_spaced,Listen to the speech. Is the speaker HAPPY or SAD? Answer only HAPPY or SAD., HAPPY, SAD,"[86777, 56]","[328, 1808]",decision_clamp,decision_clamp_to_23,17,,23,"[{""layer"":17,""patch_kind"":""decision_token"",""source"":""donor""},{""layer"":18,""patch_kind"":""decision_token"",""source"":""donor""},{""layer"":19,""patch_kind"":""decision_token"",""source"":""donor""},{""layer"":20,""patch_kind"":""decision_token"",""source"":""donor""},{""layer"":21,""patch_kind"":""decision_token"",""source"":""donor""},{""layer"":22,""patch_kind"":""decision_token"",""source"":""donor""},{""layer"":23,""patch_kind"":""decision_token"",""source"":""donor""}]",post_decoder_block_output,decision_token,-32.8228759765625,-40.531822204589844,-33.00188446044922,-40.5400390625,7.708946228027344,7.538154602050781,-32.945579528808594,-40.436729431152344,-32.87843322753906,-40.62855529785156,7.49114990234375,7.7501220703125,0.21779632568359375,0.21196746826171875,0.21488189697265625,True,True,
pair_0025,07,01,02,01,pair_0025_happy,pair_0025_sad,upper_prompt__upper_spaced,Listen to the speech. Is the speaker HAPPY or SAD? Answer only HAPPY or SAD., HAPPY, SAD,"[86777, 56]","[328, 1808]",decision_clamp,decision_clamp_to_23,17,,23,"[{""layer"":17,""patch_kind"":""decision_token"",""source"":""donor""},{""layer"":18,""patch_kind"":""decision_token"",""source"":""donor""},{""layer"":19,""patch_kind"":""decision_token"",""source"":""donor""},{""layer"":20,""patch_kind"":""decision_token"",""source"":""donor""},{""layer"":21,""patch_kind"":""decision_token"",""source"":""donor""},{""layer"":22,""patch_kind"":""decision_token"",""source"":""donor""},{""layer"":23,""patch_kind"":""decision_token"",""source"":""donor""}]",post_decoder_block_output,decision_token,-32.9761848449707,-39.93648910522461,-32.880836486816406,-40.105735778808594,6.960304260253906,7.2248992919921875,-32.837745666503906,-39.91206359863281,-33.01909637451172,-40.13145446777344,7.074317932128906,7.112358093261719,-0.114013671875,-0.11254119873046875,-0.11327743530273438,False,False,
pair_0026,07,02,01,01,pair_0026_happy,pair_0026_sad,upper_prompt__upper_spaced,Listen to the speech. Is the speaker HAPPY or SAD? Answer only HAPPY or SAD., HAPPY, SAD,"[86777, 56]","[328, 1808]",decision_clamp,decision_clamp_to_23,17,,23,"[{""layer"":17,""patch_kind"":""decision_token"",""source"":""donor""},{""layer"":18,""patch_kind"":""decision_token"",""source"":""donor""},{""layer"":19,""patch_kind"":""decision_token"",""source"":""donor""},{""layer"":20,""patch_kind"":""decision_token"",""source"":""donor""},{""layer"":21,""patch_kind"":""decision_token"",""source"":""donor""},{""layer"":22,""patch_kind"":""decision_token"",""source"":""donor""},{""layer"":23,""patch_kind"":""decision_token"",""source"":""donor""}]",post_decoder_block_output,decision_token,-33.22462463378906,-40.85307312011719,-33.27455520629883,-41.208255767822266,7.628448486328125,7.9337005615234375,-33.283729553222656,-41.2374153137207,-33.21535873413086,-40.82289123535156,7.953685760498047,7.607532501220703,-0.3252372741699219,-0.3261680603027344,-0.3257026672363281,False,False,
pair_0027,07,02,02,01,pair_0027_happy,pair_0027_sad,upper_prompt__upper_spaced,Listen to the speech. Is the speaker HAPPY or SAD? Answer only HAPPY or SAD., HAPPY, SAD,"[86777, 56]","[328, 1808]",decision_clamp,decision_clamp_to_23,17,,23,"[{""layer"":17,""patch_kind"":""decision_token"",""source"":""donor""},{""layer"":18,""patch_kind"":""decision_token"",""source"":""donor""},{""layer"":19,""patch_kind"":""decision_token"",""source"":""donor""},{""layer"":20,""patch_kind"":""decision_token"",""source"":""donor""},{""layer"":21,""patch_kind"":""decision_token"",""source"":""donor""},{""layer"":22,""patch_kind"":""decision_token"",""source"":""donor""},{""layer"":23,""patch_kind"":""decision_token"",""source"":""donor""}]",post_decoder_block_output,decision_token,-33.22462463378906,-40.85307312011719,-33.074249267578125,-40.69562530517578,7.628448486328125,7.621376037597656,-33.11595153808594,-40.726280212402344,-33.18359375,-40.823280334472656,7.610328674316406,7.639686584472656,0.01811981201171875,0.018310546875,0.018215179443359375,True,True,
pair_0028,08,01,01,01,pair_0028_happy,pair_0028_sad,upper_prompt__upper_spaced,Listen to the speech. Is the speaker HAPPY or SAD? Answer only HAPPY or SAD., HAPPY, SAD,"[86777, 56]","[328, 1808]",decision_clamp,decision_clamp_to_23,17,,23,"[{""layer"":17,""patch_kind"":""decision_token"",""source"":""donor""},{""layer"":18,""patch_kind"":""decision_token"",""source"":""donor""},{""layer"":19,""patch_kind"":""decision_token"",""source"":""donor""},{""layer"":20,""patch_kind"":""decision_token"",""source"":""donor""},{""layer"":21,""patch_kind"":""decision_token"",""source"":""donor""},{""layer"":22,""patch_kind"":""decision_token"",""source"":""donor""},{""layer"":23,""patch_kind"":""decision_token"",""source"":""donor""}]",post_decoder_block_output,decision_token,-32.84352111816406,-40.87052536010742,-32.99875259399414,-40.19209289550781,8.02700424194336,7.193340301513672,-32.98375701904297,-40.3383903503418,-32.858848571777344,-40.721317291259766,7.354633331298828,7.862468719482422,0.6723709106445312,0.66912841796875,0.6707496643066406,True,True,
pair_0029,08,01,02,01,pair_0029_happy,pair_0029_sad,upper_prompt__upper_spaced,Listen to the speech. Is the speaker HAPPY or SAD? Answer only HAPPY or SAD., HAPPY, SAD,"[86777, 56]","[328, 1808]",decision_clamp,decision_clamp_to_23,17,,23,"[{""layer"":17,""patch_kind"":""decision_token"",""source"":""donor""},{""layer"":18,""patch_kind"":""decision_token"",""source"":""donor""},{""layer"":19,""patch_kind"":""decision_token"",""source"":""donor""},{""layer"":20,""patch_kind"":""decision_token"",""source"":""donor""},{""layer"":21,""patch_kind"":""decision_token"",""source"":""donor""},{""layer"":22,""patch_kind"":""decision_token"",""source"":""donor""},{""layer"":23,""patch_kind"":""decision_token"",""source"":""donor""}]",post_decoder_block_output,decision_token,-32.813419342041016,-40.48582458496094,-31.81317901611328,-40.74665069580078,7.672405242919922,8.9334716796875,-31.9073486328125,-40.413150787353516,-32.71979522705078,-40.80866241455078,8.505802154541016,8.0888671875,-0.8333969116210938,-0.8446044921875,-0.8390007019042969,False,False,
pair_0030,08,02,01,01,pair_0030_happy,pair_0030_sad,upper_prompt__upper_spaced,Listen to the speech. Is the speaker HAPPY or SAD? Answer only HAPPY or SAD., HAPPY, SAD,"[86777, 56]","[328, 1808]",decision_clamp,decision_clamp_to_23,17,,23,"[{""layer"":17,""patch_kind"":""decision_token"",""source"":""donor""},{""layer"":18,""patch_kind"":""decision_token"",""source"":""donor""},{""layer"":19,""patch_kind"":""decision_token"",""source"":""donor""},{""layer"":20,""patch_kind"":""decision_token"",""source"":""donor""},{""layer"":21,""patch_kind"":""decision_token"",""source"":""donor""},{""layer"":22,""patch_kind"":""decision_token"",""source"":""donor""},{""layer"":23,""patch_kind"":""decision_token"",""source"":""donor""}]",post_decoder_block_output,decision_token,-33.29847717285156,-40.283477783203125,-32.69920349121094,-42.30854415893555,6.9850006103515625,9.60934066772461,-32.718017578125,-41.89252471923828,-33.277732849121094,-40.67671203613281,9.174507141113281,7.398979187011719,-2.1895065307617188,-2.2103614807128906,-2.1999340057373047,False,False,
pair_0031,08,02,02,01,pair_0031_happy,pair_0031_sad,upper_prompt__upper_spaced,Listen to the speech. Is the speaker HAPPY or SAD? Answer only HAPPY or SAD., HAPPY, SAD,"[86777, 56]","[328, 1808]",decision_clamp,decision_clamp_to_23,17,,23,"[{""layer"":17,""patch_kind"":""decision_token"",""source"":""donor""},{""layer"":18,""patch_kind"":""decision_token"",""source"":""donor""},{""layer"":19,""patch_kind"":""decision_token"",""source"":""donor""},{""layer"":20,""patch_kind"":""decision_token"",""source"":""donor""},{""layer"":21,""patch_kind"":""decision_token"",""source"":""donor""},{""layer"":22,""patch_kind"":""decision_token"",""source"":""donor""},{""layer"":23,""patch_kind"":""decision_token"",""source"":""donor""}]",post_decoder_block_output,decision_token,-33.37982177734375,-40.7568359375,-33.26905059814453,-40.49513244628906,7.37701416015625,7.226081848144531,-33.14472198486328,-40.03932189941406,-33.49467468261719,-41.20787811279297,6.894599914550781,7.713203430175781,0.48241424560546875,0.48712158203125,0.4847679138183594,True,True,
pair_0032,09,01,01,01,pair_0032_happy,pair_0032_sad,upper_prompt__upper_spaced,Listen to the speech. Is the speaker HAPPY or SAD? Answer only HAPPY or SAD., HAPPY, SAD,"[86777, 56]","[328, 1808]",decision_clamp,decision_clamp_to_23,17,,23,"[{""layer"":17,""patch_kind"":""decision_token"",""source"":""donor""},{""layer"":18,""patch_kind"":""decision_token"",""source"":""donor""},{""layer"":19,""patch_kind"":""decision_token"",""source"":""donor""},{""layer"":20,""patch_kind"":""decision_token"",""source"":""donor""},{""layer"":21,""patch_kind"":""decision_token"",""source"":""donor""},{""layer"":22,""patch_kind"":""decision_token"",""source"":""donor""},{""layer"":23,""patch_kind"":""decision_token"",""source"":""donor""}]",post_decoder_block_output,decision_token,-32.729461669921875,-40.954811096191406,-32.50407409667969,-39.84821319580078,8.225349426269531,7.344139099121094,-32.550010681152344,-40.22801971435547,-32.684059143066406,-40.57950210571289,7.678009033203125,7.895442962646484,0.5473403930664062,0.5513038635253906,0.5493221282958984,True,True,
pair_0033,09,01,02,01,pair_0033_happy,pair_0033_sad,upper_prompt__upper_spaced,Listen to the speech. Is the speaker HAPPY or SAD? Answer only HAPPY or SAD., HAPPY, SAD,"[86777, 56]","[328, 1808]",decision_clamp,decision_clamp_to_23,17,,23,"[{""layer"":17,""patch_kind"":""decision_token"",""source"":""donor""},{""layer"":18,""patch_kind"":""decision_token"",""source"":""donor""},{""layer"":19,""patch_kind"":""decision_token"",""source"":""donor""},{""layer"":20,""patch_kind"":""decision_token"",""source"":""donor""},{""layer"":21,""patch_kind"":""decision_token"",""source"":""donor""},{""layer"":22,""patch_kind"":""decision_token"",""source"":""donor""},{""layer"":23,""patch_kind"":""decision_token"",""source"":""donor""}]",post_decoder_block_output,decision_token,-32.41819763183594,-41.43172836303711,-32.3071174621582,-40.70934295654297,9.013530731201172,8.402225494384766,-32.236873626708984,-41.0325927734375,-32.48719787597656,-41.10765075683594,8.795719146728516,8.620452880859375,0.21781158447265625,0.21822738647460938,0.2180194854736328,True,True,
pair_0034,09,02,01,01,pair_0034_happy,pair_0034_sad,upper_prompt__upper_spaced,Listen to the speech. Is the speaker HAPPY or SAD? Answer only HAPPY or SAD., HAPPY, SAD,"[86777, 56]","[328, 1808]",decision_clamp,decision_clamp_to_23,17,,23,"[{""layer"":17,""patch_kind"":""decision_token"",""source"":""donor""},{""layer"":18,""patch_kind"":""decision_token"",""source"":""donor""},{""layer"":19,""patch_kind"":""decision_token"",""source"":""donor""},{""layer"":20,""patch_kind"":""decision_token"",""source"":""donor""},{""layer"":21,""patch_kind"":""decision_token"",""source"":""donor""},{""layer"":22,""patch_kind"":""decision_token"",""source"":""donor""},{""layer"":23,""patch_kind"":""decision_token"",""source"":""donor""}]",post_decoder_block_output,decision_token,-32.84454345703125,-40.36152267456055,-32.80069351196289,-41.139930725097656,7.516979217529297,8.339237213134766,-32.82735824584961,-41.26353073120117,-32.81880187988281,-40.236717224121094,8.436172485351562,7.417915344238281,-0.9191932678222656,-0.9213218688964844,-0.920257568359375,False,False,
pair_0035,09,02,02,01,pair_0035_happy,pair_0035_sad,upper_prompt__upper_spaced,Listen to the speech. Is the speaker HAPPY or SAD? Answer only HAPPY or SAD., HAPPY, SAD,"[86777, 56]","[328, 1808]",decision_clamp,decision_clamp_to_23,17,,23,"[{""layer"":17,""patch_kind"":""decision_token"",""source"":""donor""},{""layer"":18,""patch_kind"":""decision_token"",""source"":""donor""},{""layer"":19,""patch_kind"":""decision_token"",""source"":""donor""},{""layer"":20,""patch_kind"":""decision_token"",""source"":""donor""},{""layer"":21,""patch_kind"":""decision_token"",""source"":""donor""},{""layer"":22,""patch_kind"":""decision_token"",""source"":""donor""},{""layer"":23,""patch_kind"":""decision_token"",""source"":""donor""}]",post_decoder_block_output,decision_token,-33.14391326904297,-41.451942443847656,-33.04698944091797,-41.80598449707031,8.308029174804688,8.758995056152344,-33.0582275390625,-41.76077651977539,-33.13241195678711,-41.492950439453125,8.70254898071289,8.360538482666016,-0.3945198059082031,-0.3984565734863281,-0.3964881896972656,False,False,
pair_0036,10,01,01,01,pair_0036_happy,pair_0036_sad,upper_prompt__upper_spaced,Listen to the speech. Is the speaker HAPPY or SAD? Answer only HAPPY or SAD., HAPPY, SAD,"[86777, 56]","[328, 1808]",decision_clamp,decision_clamp_to_23,17,,23,"[{""layer"":17,""patch_kind"":""decision_token"",""source"":""donor""},{""layer"":18,""patch_kind"":""decision_token"",""source"":""donor""},{""layer"":19,""patch_kind"":""decision_token"",""source"":""donor""},{""layer"":20,""patch_kind"":""decision_token"",""source"":""donor""},{""layer"":21,""patch_kind"":""decision_token"",""source"":""donor""},{""layer"":22,""patch_kind"":""decision_token"",""source"":""donor""},{""layer"":23,""patch_kind"":""decision_token"",""source"":""donor""}]",post_decoder_block_output,decision_token,-33.00770568847656,-40.52838897705078,-32.91501998901367,-39.869049072265625,7.520683288574219,6.954029083251953,-32.90516662597656,-40.0172119140625,-33.01811218261719,-40.37815475463867,7.1120452880859375,7.360042572021484,0.40863800048828125,0.40601348876953125,0.40732574462890625,True,True,
pair_0037,10,01,02,01,pair_0037_happy,pair_0037_sad,upper_prompt__upper_spaced,Listen to the speech. Is the speaker HAPPY or SAD? Answer only HAPPY or SAD., HAPPY, SAD,"[86777, 56]","[328, 1808]",decision_clamp,decision_clamp_to_23,17,,23,"[{""layer"":17,""patch_kind"":""decision_token"",""source"":""donor""},{""layer"":18,""patch_kind"":""decision_token"",""source"":""donor""},{""layer"":19,""patch_kind"":""decision_token"",""source"":""donor""},{""layer"":20,""patch_kind"":""decision_token"",""source"":""donor""},{""layer"":21,""patch_kind"":""decision_token"",""source"":""donor""},{""layer"":22,""patch_kind"":""decision_token"",""source"":""donor""},{""layer"":23,""patch_kind"":""decision_token"",""source"":""donor""}]",post_decoder_block_output,decision_token,-32.8964958190918,-40.39769744873047,-33.19541549682617,-40.359249114990234,7.501201629638672,7.1638336181640625,-33.177467346191406,-40.6190299987793,-32.916412353515625,-40.134552001953125,7.441562652587891,7.2181396484375,0.05963897705078125,0.0543060302734375,0.056972503662109375,True,True,
pair_0038,10,02,01,01,pair_0038_happy,pair_0038_sad,upper_prompt__upper_spaced,Listen to the speech. Is the speaker HAPPY or SAD? Answer only HAPPY or SAD., HAPPY, SAD,"[86777, 56]","[328, 1808]",decision_clamp,decision_clamp_to_23,17,,23,"[{""layer"":17,""patch_kind"":""decision_token"",""source"":""donor""},{""layer"":18,""patch_kind"":""decision_token"",""source"":""donor""},{""layer"":19,""patch_kind"":""decision_token"",""source"":""donor""},{""layer"":20,""patch_kind"":""decision_token"",""source"":""donor""},{""layer"":21,""patch_kind"":""decision_token"",""source"":""donor""},{""layer"":22,""patch_kind"":""decision_token"",""source"":""donor""},{""layer"":23,""patch_kind"":""decision_token"",""source"":""donor""}]",post_decoder_block_output,decision_token,-33.263397216796875,-42.730247497558594,-33.564453125,-40.99468231201172,9.466850280761719,7.430229187011719,-33.47452163696289,-41.51860809326172,-33.35099792480469,-42.20424270629883,8.044086456298828,8.85324478149414,1.4227638244628906,1.4230155944824219,1.4228897094726562,True,True,
pair_0039,10,02,02,01,pair_0039_happy,pair_0039_sad,upper_prompt__upper_spaced,Listen to the speech. Is the speaker HAPPY or SAD? Answer only HAPPY or SAD., HAPPY, SAD,"[86777, 56]","[328, 1808]",decision_clamp,decision_clamp_to_23,17,,23,"[{""layer"":17,""patch_kind"":""decision_token"",""source"":""donor""},{""layer"":18,""patch_kind"":""decision_token"",""source"":""donor""},{""layer"":19,""patch_kind"":""decision_token"",""source"":""donor""},{""layer"":20,""patch_kind"":""decision_token"",""source"":""donor""},{""layer"":21,""patch_kind"":""decision_token"",""source"":""donor""},{""layer"":22,""patch_kind"":""decision_token"",""source"":""donor""},{""layer"":23,""patch_kind"":""decision_token"",""source"":""donor""}]",post_decoder_block_output,decision_token,-33.24170684814453,-40.9087028503418,-33.1529655456543,-40.888458251953125,7.666996002197266,7.735492706298828,-33.35907745361328,-41.233036041259766,-33.037330627441406,-40.56746292114258,7.873958587646484,7.530132293701172,-0.20696258544921875,-0.20536041259765625,-0.2061614990234375,False,False,
pair_0040,11,01,01,01,pair_0040_happy,pair_0040_sad,upper_prompt__upper_spaced,Listen to the speech. Is the speaker HAPPY or SAD? Answer only HAPPY or SAD., HAPPY, SAD,"[86777, 56]","[328, 1808]",decision_clamp,decision_clamp_to_23,17,,23,"[{""layer"":17,""patch_kind"":""decision_token"",""source"":""donor""},{""layer"":18,""patch_kind"":""decision_token"",""source"":""donor""},{""layer"":19,""patch_kind"":""decision_token"",""source"":""donor""},{""layer"":20,""patch_kind"":""decision_token"",""source"":""donor""},{""layer"":21,""patch_kind"":""decision_token"",""source"":""donor""},{""layer"":22,""patch_kind"":""decision_token"",""source"":""donor""},{""layer"":23,""patch_kind"":""decision_token"",""source"":""donor""}]",post_decoder_block_output,decision_token,-33.14476013183594,-40.51000213623047,-32.63164138793945,-40.654747009277344,7.365242004394531,8.02310562133789,-32.560054779052734,-40.360816955566406,-33.21609115600586,-40.800750732421875,7.800762176513672,7.584659576416016,-0.4355201721191406,-0.438446044921875,-0.4369831085205078,False,False,
pair_0041,11,01,02,01,pair_0041_happy,pair_0041_sad,upper_prompt__upper_spaced,Listen to the speech. Is the speaker HAPPY or SAD? Answer only HAPPY or SAD., HAPPY, SAD,"[86777, 56]","[328, 1808]",decision_clamp,decision_clamp_to_23,17,,23,"[{""layer"":17,""patch_kind"":""decision_token"",""source"":""donor""},{""layer"":18,""patch_kind"":""decision_token"",""source"":""donor""},{""layer"":19,""patch_kind"":""decision_token"",""source"":""donor""},{""layer"":20,""patch_kind"":""decision_token"",""source"":""donor""},{""layer"":21,""patch_kind"":""decision_token"",""source"":""donor""},{""layer"":22,""patch_kind"":""decision_token"",""source"":""donor""},{""layer"":23,""patch_kind"":""decision_token"",""source"":""donor""}]",post_decoder_block_output,decision_token,-32.93696975708008,-40.643882751464844,-32.833377838134766,-39.93268966674805,7.706912994384766,7.099311828613281,-32.83220672607422,-40.03044128417969,-32.937896728515625,-40.54582214355469,7.198234558105469,7.6079254150390625,0.5086784362792969,0.5086135864257812,0.5086460113525391,True,True,
pair_0042,11,02,01,01,pair_0042_happy,pair_0042_sad,upper_prompt__upper_spaced,Listen to the speech. Is the speaker HAPPY or SAD? Answer only HAPPY or SAD., HAPPY, SAD,"[86777, 56]","[328, 1808]",decision_clamp,decision_clamp_to_23,17,,23,"[{""layer"":17,""patch_kind"":""decision_token"",""source"":""donor""},{""layer"":18,""patch_kind"":""decision_token"",""source"":""donor""},{""layer"":19,""patch_kind"":""decision_token"",""source"":""donor""},{""layer"":20,""patch_kind"":""decision_token"",""source"":""donor""},{""layer"":21,""patch_kind"":""decision_token"",""source"":""donor""},{""layer"":22,""patch_kind"":""decision_token"",""source"":""donor""},{""layer"":23,""patch_kind"":""decision_token"",""source"":""donor""}]",post_decoder_block_output,decision_token,-33.081329345703125,-41.28924560546875,-33.22624206542969,-41.078041076660156,8.207916259765625,7.851799011230469,-33.197181701660156,-41.244781494140625,-33.110782623291016,-41.122467041015625,8.047599792480469,8.01168441772461,0.16031646728515625,0.15988540649414062,0.16010093688964844,True,True,
pair_0043,11,02,02,01,pair_0043_happy,pair_0043_sad,upper_prompt__upper_spaced,Listen to the speech. Is the speaker HAPPY or SAD? Answer only HAPPY or SAD., HAPPY, SAD,"[86777, 56]","[328, 1808]",decision_clamp,decision_clamp_to_23,17,,23,"[{""layer"":17,""patch_kind"":""decision_token"",""source"":""donor""},{""layer"":18,""patch_kind"":""decision_token"",""source"":""donor""},{""layer"":19,""patch_kind"":""decision_token"",""source"":""donor""},{""layer"":20,""patch_kind"":""decision_token"",""source"":""donor""},{""layer"":21,""patch_kind"":""decision_token"",""source"":""donor""},{""layer"":22,""patch_kind"":""decision_token"",""source"":""donor""},{""layer"":23,""patch_kind"":""decision_token"",""source"":""donor""}]",post_decoder_block_output,decision_token,-33.1743278503418,-40.989501953125,-33.44192886352539,-40.541473388671875,7.815174102783203,7.099544525146484,-33.486106872558594,-40.65530014038086,-33.130882263183594,-40.875587463378906,7.169193267822266,7.7447052001953125,0.6459808349609375,0.6451606750488281,0.6455707550048828,True,True,
pair_0044,12,01,01,01,pair_0044_happy,pair_0044_sad,upper_prompt__upper_spaced,Listen to the speech. Is the speaker HAPPY or SAD? Answer only HAPPY or SAD., HAPPY, SAD,"[86777, 56]","[328, 1808]",decision_clamp,decision_clamp_to_23,17,,23,"[{""layer"":17,""patch_kind"":""decision_token"",""source"":""donor""},{""layer"":18,""patch_kind"":""decision_token"",""source"":""donor""},{""layer"":19,""patch_kind"":""decision_token"",""source"":""donor""},{""layer"":20,""patch_kind"":""decision_token"",""source"":""donor""},{""layer"":21,""patch_kind"":""decision_token"",""source"":""donor""},{""layer"":22,""patch_kind"":""decision_token"",""source"":""donor""},{""layer"":23,""patch_kind"":""decision_token"",""source"":""donor""}]",post_decoder_block_output,decision_token,-32.814842224121094,-40.25271224975586,-32.80720901489258,-40.12078857421875,7.437870025634766,7.313579559326172,-32.81210708618164,-40.05861282348633,-32.8100471496582,-40.313812255859375,7.2465057373046875,7.503765106201172,0.19136428833007812,0.190185546875,0.19077491760253906,True,True,
pair_0045,12,01,02,01,pair_0045_happy,pair_0045_sad,upper_prompt__upper_spaced,Listen to the speech. Is the speaker HAPPY or SAD? Answer only HAPPY or SAD., HAPPY, SAD,"[86777, 56]","[328, 1808]",decision_clamp,decision_clamp_to_23,17,,23,"[{""layer"":17,""patch_kind"":""decision_token"",""source"":""donor""},{""layer"":18,""patch_kind"":""decision_token"",""source"":""donor""},{""layer"":19,""patch_kind"":""decision_token"",""source"":""donor""},{""layer"":20,""patch_kind"":""decision_token"",""source"":""donor""},{""layer"":21,""patch_kind"":""decision_token"",""source"":""donor""},{""layer"":22,""patch_kind"":""decision_token"",""source"":""donor""},{""layer"":23,""patch_kind"":""decision_token"",""source"":""donor""}]",post_decoder_block_output,decision_token,-32.80457305908203,-40.240299224853516,-32.94475173950195,-40.5472526550293,7.435726165771484,7.602500915527344,-32.943214416503906,-40.58405303955078,-32.806121826171875,-40.204715728759766,7.640838623046875,7.398593902587891,-0.20511245727539062,-0.20390701293945312,-0.20450973510742188,False,False,
pair_0046,12,02,01,01,pair_0046_happy,pair_0046_sad,upper_prompt__upper_spaced,Listen to the speech. Is the speaker HAPPY or SAD? Answer only HAPPY or SAD., HAPPY, SAD,"[86777, 56]","[328, 1808]",decision_clamp,decision_clamp_to_23,17,,23,"[{""layer"":17,""patch_kind"":""decision_token"",""source"":""donor""},{""layer"":18,""patch_kind"":""decision_token"",""source"":""donor""},{""layer"":19,""patch_kind"":""decision_token"",""source"":""donor""},{""layer"":20,""patch_kind"":""decision_token"",""source"":""donor""},{""layer"":21,""patch_kind"":""decision_token"",""source"":""donor""},{""layer"":22,""patch_kind"":""decision_token"",""source"":""donor""},{""layer"":23,""patch_kind"":""decision_token"",""source"":""donor""}]",post_decoder_block_output,decision_token,-33.33979034423828,-41.25920867919922,-33.32600402832031,-41.243675231933594,7.9194183349609375,7.917671203613281,-33.33430480957031,-41.36636734008789,-33.330970764160156,-41.135215759277344,8.032062530517578,7.8042449951171875,-0.11264419555664062,-0.11342620849609375,-0.11303520202636719,False,False,
pair_0047,12,02,02,01,pair_0047_happy,pair_0047_sad,upper_prompt__upper_spaced,Listen to the speech. Is the speaker HAPPY or SAD? Answer only HAPPY or SAD., HAPPY, SAD,"[86777, 56]","[328, 1808]",decision_clamp,decision_clamp_to_23,17,,23,"[{""layer"":17,""patch_kind"":""decision_token"",""source"":""donor""},{""layer"":18,""patch_kind"":""decision_token"",""source"":""donor""},{""layer"":19,""patch_kind"":""decision_token"",""source"":""donor""},{""layer"":20,""patch_kind"":""decision_token"",""source"":""donor""},{""layer"":21,""patch_kind"":""decision_token"",""source"":""donor""},{""layer"":22,""patch_kind"":""decision_token"",""source"":""donor""},{""layer"":23,""patch_kind"":""decision_token"",""source"":""donor""}]",post_decoder_block_output,decision_token,-33.263919830322266,-41.459903717041016,-33.163185119628906,-41.318023681640625,8.19598388671875,8.154838562011719,-33.19615173339844,-41.37458419799805,-33.231014251708984,-41.40105438232422,8.17843246459961,8.170040130615234,0.017551422119140625,0.015201568603515625,0.016376495361328125,True,True,
pair_0048,13,01,01,01,pair_0048_happy,pair_0048_sad,upper_prompt__upper_spaced,Listen to the speech. Is the speaker HAPPY or SAD? Answer only HAPPY or SAD., HAPPY, SAD,"[86777, 56]","[328, 1808]",decision_clamp,decision_clamp_to_23,17,,23,"[{""layer"":17,""patch_kind"":""decision_token"",""source"":""donor""},{""layer"":18,""patch_kind"":""decision_token"",""source"":""donor""},{""layer"":19,""patch_kind"":""decision_token"",""source"":""donor""},{""layer"":20,""patch_kind"":""decision_token"",""source"":""donor""},{""layer"":21,""patch_kind"":""decision_token"",""source"":""donor""},{""layer"":22,""patch_kind"":""decision_token"",""source"":""donor""},{""layer"":23,""patch_kind"":""decision_token"",""source"":""donor""}]",post_decoder_block_output,decision_token,-33.161094665527344,-40.57460403442383,-32.884586334228516,-40.688262939453125,7.413509368896484,7.803676605224609,-32.841285705566406,-40.53489303588867,-33.20448303222656,-40.72663879394531,7.693607330322266,7.52215576171875,-0.28009796142578125,-0.2815208435058594,-0.2808094024658203,False,False,
pair_0049,13,01,02,01,pair_0049_happy,pair_0049_sad,upper_prompt__upper_spaced,Listen to the speech. Is the speaker HAPPY or SAD? Answer only HAPPY or SAD., HAPPY, SAD,"[86777, 56]","[328, 1808]",decision_clamp,decision_clamp_to_23,17,,23,"[{""layer"":17,""patch_kind"":""decision_token"",""source"":""donor""},{""layer"":18,""patch_kind"":""decision_token"",""source"":""donor""},{""layer"":19,""patch_kind"":""decision_token"",""source"":""donor""},{""layer"":20,""patch_kind"":""decision_token"",""source"":""donor""},{""layer"":21,""patch_kind"":""decision_token"",""source"":""donor""},{""layer"":22,""patch_kind"":""decision_token"",""source"":""donor""},{""layer"":23,""patch_kind"":""decision_token"",""source"":""donor""}]",post_decoder_block_output,decision_token,-33.05073928833008,-40.37937927246094,-32.907081604003906,-40.77345657348633,7.328639984130859,7.866374969482422,-32.82965850830078,-40.590187072753906,-33.12800216674805,-40.55585479736328,7.760528564453125,7.427852630615234,-0.4318885803222656,-0.4385223388671875,-0.43520545959472656,False,False,
pair_0050,13,02,01,01,pair_0050_happy,pair_0050_sad,upper_prompt__upper_spaced,Listen to the speech. Is the speaker HAPPY or SAD? Answer only HAPPY or SAD., HAPPY, SAD,"[86777, 56]","[328, 1808]",decision_clamp,decision_clamp_to_23,17,,23,"[{""layer"":17,""patch_kind"":""decision_token"",""source"":""donor""},{""layer"":18,""patch_kind"":""decision_token"",""source"":""donor""},{""layer"":19,""patch_kind"":""decision_token"",""source"":""donor""},{""layer"":20,""patch_kind"":""decision_token"",""source"":""donor""},{""layer"":21,""patch_kind"":""decision_token"",""source"":""donor""},{""layer"":22,""patch_kind"":""decision_token"",""source"":""donor""},{""layer"":23,""patch_kind"":""decision_token"",""source"":""donor""}]",post_decoder_block_output,decision_token,-33.569244384765625,-41.59336853027344,-33.21152114868164,-40.7224006652832,8.024124145507812,7.5108795166015625,-33.239013671875,-41.13185501098633,-33.538272857666016,-41.18330383300781,7.892841339111328,7.645030975341797,0.13128280639648438,0.13415145874023438,0.13271713256835938,True,True,
pair_0051,13,02,02,01,pair_0051_happy,pair_0051_sad,upper_prompt__upper_spaced,Listen to the speech. Is the speaker HAPPY or SAD? Answer only HAPPY or SAD., HAPPY, SAD,"[86777, 56]","[328, 1808]",decision_clamp,decision_clamp_to_23,17,,23,"[{""layer"":17,""patch_kind"":""decision_token"",""source"":""donor""},{""layer"":18,""patch_kind"":""decision_token"",""source"":""donor""},{""layer"":19,""patch_kind"":""decision_token"",""source"":""donor""},{""layer"":20,""patch_kind"":""decision_token"",""source"":""donor""},{""layer"":21,""patch_kind"":""decision_token"",""source"":""donor""},{""layer"":22,""patch_kind"":""decision_token"",""source"":""donor""},{""layer"":23,""patch_kind"":""decision_token"",""source"":""donor""}]",post_decoder_block_output,decision_token,-32.982688903808594,-41.45563507080078,-33.107120513916016,-41.08137512207031,8.472946166992188,7.974254608154297,-33.088775634765625,-41.241798400878906,-33.000797271728516,-41.294715881347656,8.153022766113281,8.29391860961914,0.31992340087890625,0.31966400146484375,0.319793701171875,True,True,
pair_0052,14,01,01,01,pair_0052_happy,pair_0052_sad,upper_prompt__upper_spaced,Listen to the speech. Is the speaker HAPPY or SAD? Answer only HAPPY or SAD., HAPPY, SAD,"[86777, 56]","[328, 1808]",decision_clamp,decision_clamp_to_23,17,,23,"[{""layer"":17,""patch_kind"":""decision_token"",""source"":""donor""},{""layer"":18,""patch_kind"":""decision_token"",""source"":""donor""},{""layer"":19,""patch_kind"":""decision_token"",""source"":""donor""},{""layer"":20,""patch_kind"":""decision_token"",""source"":""donor""},{""layer"":21,""patch_kind"":""decision_token"",""source"":""donor""},{""layer"":22,""patch_kind"":""decision_token"",""source"":""donor""},{""layer"":23,""patch_kind"":""decision_token"",""source"":""donor""}]",post_decoder_block_output,decision_token,-33.06171798706055,-40.564456939697266,-32.65553665161133,-39.96382141113281,7.502738952636719,7.308284759521484,-32.56373596191406,-39.96283721923828,-33.1541862487793,-40.5634651184082,7.399101257324219,7.409278869628906,0.1036376953125,0.10099411010742188,0.10231590270996094,True,True,
pair_0053,14,01,02,01,pair_0053_happy,pair_0053_sad,upper_prompt__upper_spaced,Listen to the speech. Is the speaker HAPPY or SAD? Answer only HAPPY or SAD., HAPPY, SAD,"[86777, 56]","[328, 1808]",decision_clamp,decision_clamp_to_23,17,,23,"[{""layer"":17,""patch_kind"":""decision_token"",""source"":""donor""},{""layer"":18,""patch_kind"":""decision_token"",""source"":""donor""},{""layer"":19,""patch_kind"":""decision_token"",""source"":""donor""},{""layer"":20,""patch_kind"":""decision_token"",""source"":""donor""},{""layer"":21,""patch_kind"":""decision_token"",""source"":""donor""},{""layer"":22,""patch_kind"":""decision_token"",""source"":""donor""},{""layer"":23,""patch_kind"":""decision_token"",""source"":""donor""}]",post_decoder_block_output,decision_token,-32.91709899902344,-40.55295181274414,-32.84587860107422,-40.021785736083984,7.635852813720703,7.175907135009766,-32.83955383300781,-40.28125762939453,-32.92282485961914,-40.29203796386719,7.441703796386719,7.369213104248047,0.19414901733398438,0.19330596923828125,0.1937274932861328,True,True,
pair_0054,14,02,01,01,pair_0054_happy,pair_0054_sad,upper_prompt__upper_spaced,Listen to the speech. Is the speaker HAPPY or SAD? Answer only HAPPY or SAD., HAPPY, SAD,"[86777, 56]","[328, 1808]",decision_clamp,decision_clamp_to_23,17,,23,"[{""layer"":17,""patch_kind"":""decision_token"",""source"":""donor""},{""layer"":18,""patch_kind"":""decision_token"",""source"":""donor""},{""layer"":19,""patch_kind"":""decision_token"",""source"":""donor""},{""layer"":20,""patch_kind"":""decision_token"",""source"":""donor""},{""layer"":21,""patch_kind"":""decision_token"",""source"":""donor""},{""layer"":22,""patch_kind"":""decision_token"",""source"":""donor""},{""layer"":23,""patch_kind"":""decision_token"",""source"":""donor""}]",post_decoder_block_output,decision_token,-33.21601867675781,-40.89824676513672,-33.51927947998047,-41.67512130737305,7.682228088378906,8.155841827392578,-33.49858093261719,-41.82399368286133,-33.23593521118164,-40.75045394897461,8.32541275024414,7.514518737792969,-0.6431846618652344,-0.6413230895996094,-0.6422538757324219,False,False,
pair_0055,14,02,02,01,pair_0055_happy,pair_0055_sad,upper_prompt__upper_spaced,Listen to the speech. Is the speaker HAPPY or SAD? Answer only HAPPY or SAD., HAPPY, SAD,"[86777, 56]","[328, 1808]",decision_clamp,decision_clamp_to_23,17,,23,"[{""layer"":17,""patch_kind"":""decision_token"",""source"":""donor""},{""layer"":18,""patch_kind"":""decision_token"",""source"":""donor""},{""layer"":19,""patch_kind"":""decision_token"",""source"":""donor""},{""layer"":20,""patch_kind"":""decision_token"",""source"":""donor""},{""layer"":21,""patch_kind"":""decision_token"",""source"":""donor""},{""layer"":22,""patch_kind"":""decision_token"",""source"":""donor""},{""layer"":23,""patch_kind"":""decision_token"",""source"":""donor""}]",post_decoder_block_output,decision_token,-33.17320251464844,-41.08036804199219,-33.24814987182617,-40.91963577270508,7.90716552734375,7.671485900878906,-33.26054763793945,-40.94530487060547,-33.16084289550781,-41.05332946777344,7.684757232666016,7.892486572265625,0.22240829467773438,0.22100067138671875,0.22170448303222656,True,True,
pair_0056,15,01,01,01,pair_0056_happy,pair_0056_sad,upper_prompt__upper_spaced,Listen to the speech. Is the speaker HAPPY or SAD? Answer only HAPPY or SAD., HAPPY, SAD,"[86777, 56]","[328, 1808]",decision_clamp,decision_clamp_to_23,17,,23,"[{""layer"":17,""patch_kind"":""decision_token"",""source"":""donor""},{""layer"":18,""patch_kind"":""decision_token"",""source"":""donor""},{""layer"":19,""patch_kind"":""decision_token"",""source"":""donor""},{""layer"":20,""patch_kind"":""decision_token"",""source"":""donor""},{""layer"":21,""patch_kind"":""decision_token"",""source"":""donor""},{""layer"":22,""patch_kind"":""decision_token"",""source"":""donor""},{""layer"":23,""patch_kind"":""decision_token"",""source"":""donor""}]",post_decoder_block_output,decision_token,-33.03741455078125,-40.725318908691406,-33.44915008544922,-41.195709228515625,7.687904357910156,7.746559143066406,-33.4700927734375,-41.24067687988281,-33.016334533691406,-40.681861877441406,7.7705841064453125,7.66552734375,-0.08267974853515625,-0.08103179931640625,-0.08185577392578125,False,False,
pair_0057,15,01,02,01,pair_0057_happy,pair_0057_sad,upper_prompt__upper_spaced,Listen to the speech. Is the speaker HAPPY or SAD? Answer only HAPPY or SAD., HAPPY, SAD,"[86777, 56]","[328, 1808]",decision_clamp,decision_clamp_to_23,17,,23,"[{""layer"":17,""patch_kind"":""decision_token"",""source"":""donor""},{""layer"":18,""patch_kind"":""decision_token"",""source"":""donor""},{""layer"":19,""patch_kind"":""decision_token"",""source"":""donor""},{""layer"":20,""patch_kind"":""decision_token"",""source"":""donor""},{""layer"":21,""patch_kind"":""decision_token"",""source"":""donor""},{""layer"":22,""patch_kind"":""decision_token"",""source"":""donor""},{""layer"":23,""patch_kind"":""decision_token"",""source"":""donor""}]",post_decoder_block_output,decision_token,-32.95622253417969,-40.58873748779297,-33.00595474243164,-40.605865478515625,7.632514953613281,7.599910736083984,-32.986175537109375,-40.678077697753906,-32.975704193115234,-40.51704406738281,7.691902160644531,7.541339874267578,-0.05938720703125,-0.05857086181640625,-0.058979034423828125,False,False,
pair_0058,15,02,01,01,pair_0058_happy,pair_0058_sad,upper_prompt__upper_spaced,Listen to the speech. Is the speaker HAPPY or SAD? Answer only HAPPY or SAD., HAPPY, SAD,"[86777, 56]","[328, 1808]",decision_clamp,decision_clamp_to_23,17,,23,"[{""layer"":17,""patch_kind"":""decision_token"",""source"":""donor""},{""layer"":18,""patch_kind"":""decision_token"",""source"":""donor""},{""layer"":19,""patch_kind"":""decision_token"",""source"":""donor""},{""layer"":20,""patch_kind"":""decision_token"",""source"":""donor""},{""layer"":21,""patch_kind"":""decision_token"",""source"":""donor""},{""layer"":22,""patch_kind"":""decision_token"",""source"":""donor""},{""layer"":23,""patch_kind"":""decision_token"",""source"":""donor""}]",post_decoder_block_output,decision_token,-33.24750518798828,-40.604522705078125,-33.217918395996094,-41.100120544433594,7.357017517089844,7.8822021484375,-33.172096252441406,-40.920753479003906,-33.29298782348633,-40.78271484375,7.7486572265625,7.489727020263672,-0.39163970947265625,-0.3924751281738281,-0.3920574188232422,False,False,
pair_0059,15,02,02,01,pair_0059_happy,pair_0059_sad,upper_prompt__upper_spaced,Listen to the speech. Is the speaker HAPPY or SAD? Answer only HAPPY or SAD., HAPPY, SAD,"[86777, 56]","[328, 1808]",decision_clamp,decision_clamp_to_23,17,,23,"[{""layer"":17,""patch_kind"":""decision_token"",""source"":""donor""},{""layer"":18,""patch_kind"":""decision_token"",""source"":""donor""},{""layer"":19,""patch_kind"":""decision_token"",""source"":""donor""},{""layer"":20,""patch_kind"":""decision_token"",""source"":""donor""},{""layer"":21,""patch_kind"":""decision_token"",""source"":""donor""},{""layer"":22,""patch_kind"":""decision_token"",""source"":""donor""},{""layer"":23,""patch_kind"":""decision_token"",""source"":""donor""}]",post_decoder_block_output,decision_token,-33.364715576171875,-41.49150848388672,-33.11582565307617,-41.85844802856445,8.126792907714844,8.742622375488281,-33.075958251953125,-41.670772552490234,-33.40633010864258,-41.670196533203125,8.59481430053711,8.263866424560547,-0.4680213928222656,-0.4787559509277344,-0.473388671875,False,False,
pair_0060,16,01,01,01,pair_0060_happy,pair_0060_sad,upper_prompt__upper_spaced,Listen to the speech. Is the speaker HAPPY or SAD? Answer only HAPPY or SAD., HAPPY, SAD,"[86777, 56]","[328, 1808]",decision_clamp,decision_clamp_to_23,17,,23,"[{""layer"":17,""patch_kind"":""decision_token"",""source"":""donor""},{""layer"":18,""patch_kind"":""decision_token"",""source"":""donor""},{""layer"":19,""patch_kind"":""decision_token"",""source"":""donor""},{""layer"":20,""patch_kind"":""decision_token"",""source"":""donor""},{""layer"":21,""patch_kind"":""decision_token"",""source"":""donor""},{""layer"":22,""patch_kind"":""decision_token"",""source"":""donor""},{""layer"":23,""patch_kind"":""decision_token"",""source"":""donor""}]",post_decoder_block_output,decision_token,-32.718482971191406,-40.322914123535156,-32.85485076904297,-40.16510772705078,7.60443115234375,7.3102569580078125,-32.7838134765625,-40.220359802246094,-32.789710998535156,-40.26593017578125,7.436546325683594,7.476219177246094,0.16788482666015625,0.16596221923828125,0.16692352294921875,True,True,
pair_0061,16,01,02,01,pair_0061_happy,pair_0061_sad,upper_prompt__upper_spaced,Listen to the speech. Is the speaker HAPPY or SAD? Answer only HAPPY or SAD., HAPPY, SAD,"[86777, 56]","[328, 1808]",decision_clamp,decision_clamp_to_23,17,,23,"[{""layer"":17,""patch_kind"":""decision_token"",""source"":""donor""},{""layer"":18,""patch_kind"":""decision_token"",""source"":""donor""},{""layer"":19,""patch_kind"":""decision_token"",""source"":""donor""},{""layer"":20,""patch_kind"":""decision_token"",""source"":""donor""},{""layer"":21,""patch_kind"":""decision_token"",""source"":""donor""},{""layer"":22,""patch_kind"":""decision_token"",""source"":""donor""},{""layer"":23,""patch_kind"":""decision_token"",""source"":""donor""}]",post_decoder_block_output,decision_token,-32.90414810180664,-40.371551513671875,-32.85542678833008,-40.74769592285156,7.467403411865234,7.892269134521484,-32.98235321044922,-40.865455627441406,-32.77720642089844,-40.25459289550781,7.8831024169921875,7.477386474609375,-0.4156990051269531,-0.4148826599121094,-0.41529083251953125,False,False,
pair_0062,16,02,01,01,pair_0062_happy,pair_0062_sad,upper_prompt__upper_spaced,Listen to the speech. Is the speaker HAPPY or SAD? Answer only HAPPY or SAD., HAPPY, SAD,"[86777, 56]","[328, 1808]",decision_clamp,decision_clamp_to_23,17,,23,"[{""layer"":17,""patch_kind"":""decision_token"",""source"":""donor""},{""layer"":18,""patch_kind"":""decision_token"",""source"":""donor""},{""layer"":19,""patch_kind"":""decision_token"",""source"":""donor""},{""layer"":20,""patch_kind"":""decision_token"",""source"":""donor""},{""layer"":21,""patch_kind"":""decision_token"",""source"":""donor""},{""layer"":22,""patch_kind"":""decision_token"",""source"":""donor""},{""layer"":23,""patch_kind"":""decision_token"",""source"":""donor""}]",post_decoder_block_output,decision_token,-33.25511932373047,-41.43118667602539,-33.07981491088867,-41.44548416137695,8.176067352294922,8.365669250488281,-32.986610412597656,-41.53466796875,-33.3485107421875,-41.34186553955078,8.548057556152344,7.993354797363281,-0.3719902038574219,-0.372314453125,-0.37215232849121094,False,False,
pair_0063,16,02,02,01,pair_0063_happy,pair_0063_sad,upper_prompt__upper_spaced,Listen to the speech. Is the speaker HAPPY or SAD? Answer only HAPPY or SAD., HAPPY, SAD,"[86777, 56]","[328, 1808]",decision_clamp,decision_clamp_to_23,17,,23,"[{""layer"":17,""patch_kind"":""decision_token"",""source"":""donor""},{""layer"":18,""patch_kind"":""decision_token"",""source"":""donor""},{""layer"":19,""patch_kind"":""decision_token"",""source"":""donor""},{""layer"":20,""patch_kind"":""decision_token"",""source"":""donor""},{""layer"":21,""patch_kind"":""decision_token"",""source"":""donor""},{""layer"":22,""patch_kind"":""decision_token"",""source"":""donor""},{""layer"":23,""patch_kind"":""decision_token"",""source"":""donor""}]",post_decoder_block_output,decision_token,-33.32183837890625,-41.305660247802734,-33.620216369628906,-40.60352325439453,7.983821868896484,6.983306884765625,-33.569122314453125,-40.47698211669922,-33.3724365234375,-41.43264389038086,6.907859802246094,8.06020736694336,1.0759620666503906,1.0769004821777344,1.0764312744140625,True,True,
pair_0064,17,01,01,01,pair_0064_happy,pair_0064_sad,upper_prompt__upper_spaced,Listen to the speech. Is the speaker HAPPY or SAD? Answer only HAPPY or SAD., HAPPY, SAD,"[86777, 56]","[328, 1808]",decision_clamp,decision_clamp_to_23,17,,23,"[{""layer"":17,""patch_kind"":""decision_token"",""source"":""donor""},{""layer"":18,""patch_kind"":""decision_token"",""source"":""donor""},{""layer"":19,""patch_kind"":""decision_token"",""source"":""donor""},{""layer"":20,""patch_kind"":""decision_token"",""source"":""donor""},{""layer"":21,""patch_kind"":""decision_token"",""source"":""donor""},{""layer"":22,""patch_kind"":""decision_token"",""source"":""donor""},{""layer"":23,""patch_kind"":""decision_token"",""source"":""donor""}]",post_decoder_block_output,decision_token,-33.047271728515625,-40.40711212158203,-32.825252532958984,-39.98970031738281,7.359840393066406,7.164447784423828,-32.931365966796875,-40.16575622558594,-32.94123840332031,-40.23155212402344,7.2343902587890625,7.290313720703125,0.12545013427734375,0.12586593627929688,0.1256580352783203,True,True,
pair_0065,17,01,02,01,pair_0065_happy,pair_0065_sad,upper_prompt__upper_spaced,Listen to the speech. Is the speaker HAPPY or SAD? Answer only HAPPY or SAD., HAPPY, SAD,"[86777, 56]","[328, 1808]",decision_clamp,decision_clamp_to_23,17,,23,"[{""layer"":17,""patch_kind"":""decision_token"",""source"":""donor""},{""layer"":18,""patch_kind"":""decision_token"",""source"":""donor""},{""layer"":19,""patch_kind"":""decision_token"",""source"":""donor""},{""layer"":20,""patch_kind"":""decision_token"",""source"":""donor""},{""layer"":21,""patch_kind"":""decision_token"",""source"":""donor""},{""layer"":22,""patch_kind"":""decision_token"",""source"":""donor""},{""layer"":23,""patch_kind"":""decision_token"",""source"":""donor""}]",post_decoder_block_output,decision_token,-32.825347900390625,-40.233551025390625,-33.10691833496094,-40.32878875732422,7.408203125,7.221870422363281,-33.194236755371094,-40.34526062011719,-32.738853454589844,-40.21638488769531,7.151023864746094,7.477531433105469,0.25717926025390625,0.2556610107421875,0.2564201354980469,True,True,
pair_0066,17,02,01,01,pair_0066_happy,pair_0066_sad,upper_prompt__upper_spaced,Listen to the speech. Is the speaker HAPPY or SAD? Answer only HAPPY or SAD., HAPPY, SAD,"[86777, 56]","[328, 1808]",decision_clamp,decision_clamp_to_23,17,,23,"[{""layer"":17,""patch_kind"":""decision_token"",""source"":""donor""},{""layer"":18,""patch_kind"":""decision_token"",""source"":""donor""},{""layer"":19,""patch_kind"":""decision_token"",""source"":""donor""},{""layer"":20,""patch_kind"":""decision_token"",""source"":""donor""},{""layer"":21,""patch_kind"":""decision_token"",""source"":""donor""},{""layer"":22,""patch_kind"":""decision_token"",""source"":""donor""},{""layer"":23,""patch_kind"":""decision_token"",""source"":""donor""}]",post_decoder_block_output,decision_token,-33.225982666015625,-41.648773193359375,-32.85729217529297,-41.228981018066406,8.42279052734375,8.371688842773438,-32.83272171020508,-41.21581268310547,-33.25067901611328,-41.666595458984375,8.38309097290039,8.415916442871094,0.039699554443359375,0.04422760009765625,0.04196357727050781,True,True,
pair_0067,17,02,02,01,pair_0067_happy,pair_0067_sad,upper_prompt__upper_spaced,Listen to the speech. Is the speaker HAPPY or SAD? Answer only HAPPY or SAD., HAPPY, SAD,"[86777, 56]","[328, 1808]",decision_clamp,decision_clamp_to_23,17,,23,"[{""layer"":17,""patch_kind"":""decision_token"",""source"":""donor""},{""layer"":18,""patch_kind"":""decision_token"",""source"":""donor""},{""layer"":19,""patch_kind"":""decision_token"",""source"":""donor""},{""layer"":20,""patch_kind"":""decision_token"",""source"":""donor""},{""layer"":21,""patch_kind"":""decision_token"",""source"":""donor""},{""layer"":22,""patch_kind"":""decision_token"",""source"":""donor""},{""layer"":23,""patch_kind"":""decision_token"",""source"":""donor""}]",post_decoder_block_output,decision_token,-32.88420104980469,-41.580013275146484,-33.33070755004883,-41.2586669921875,8.695812225341797,7.927959442138672,-33.28095245361328,-41.189178466796875,-32.93577194213867,-41.64759063720703,7.908226013183594,8.71181869506836,0.7875862121582031,0.7838592529296875,0.7857227325439453,True,True,
pair_0068,18,01,01,01,pair_0068_happy,pair_0068_sad,upper_prompt__upper_spaced,Listen to the speech. Is the speaker HAPPY or SAD? Answer only HAPPY or SAD., HAPPY, SAD,"[86777, 56]","[328, 1808]",decision_clamp,decision_clamp_to_23,17,,23,"[{""layer"":17,""patch_kind"":""decision_token"",""source"":""donor""},{""layer"":18,""patch_kind"":""decision_token"",""source"":""donor""},{""layer"":19,""patch_kind"":""decision_token"",""source"":""donor""},{""layer"":20,""patch_kind"":""decision_token"",""source"":""donor""},{""layer"":21,""patch_kind"":""decision_token"",""source"":""donor""},{""layer"":22,""patch_kind"":""decision_token"",""source"":""donor""},{""layer"":23,""patch_kind"":""decision_token"",""source"":""donor""}]",post_decoder_block_output,decision_token,-32.873573303222656,-40.20233917236328,-32.98768615722656,-40.38367462158203,7.328765869140625,7.395988464355469,-32.915626525878906,-40.30747604370117,-32.94914627075195,-40.27547836303711,7.391849517822266,7.326332092285156,-0.06308364868164062,-0.0696563720703125,-0.06637001037597656,False,False,
pair_0069,18,01,02,01,pair_0069_happy,pair_0069_sad,upper_prompt__upper_spaced,Listen to the speech. Is the speaker HAPPY or SAD? Answer only HAPPY or SAD., HAPPY, SAD,"[86777, 56]","[328, 1808]",decision_clamp,decision_clamp_to_23,17,,23,"[{""layer"":17,""patch_kind"":""decision_token"",""source"":""donor""},{""layer"":18,""patch_kind"":""decision_token"",""source"":""donor""},{""layer"":19,""patch_kind"":""decision_token"",""source"":""donor""},{""layer"":20,""patch_kind"":""decision_token"",""source"":""donor""},{""layer"":21,""patch_kind"":""decision_token"",""source"":""donor""},{""layer"":22,""patch_kind"":""decision_token"",""source"":""donor""},{""layer"":23,""patch_kind"":""decision_token"",""source"":""donor""}]",post_decoder_block_output,decision_token,-33.52810287475586,-40.777305603027344,-32.93345642089844,-40.354618072509766,7.249202728271484,7.421161651611328,-32.870140075683594,-40.329978942871094,-33.591148376464844,-40.809906005859375,7.4598388671875,7.218757629394531,-0.21063613891601562,-0.20240402221679688,-0.20652008056640625,False,False,
pair_0070,18,02,01,01,pair_0070_happy,pair_0070_sad,upper_prompt__upper_spaced,Listen to the speech. Is the speaker HAPPY or SAD? Answer only HAPPY or SAD., HAPPY, SAD,"[86777, 56]","[328, 1808]",decision_clamp,decision_clamp_to_23,17,,23,"[{""layer"":17,""patch_kind"":""decision_token"",""source"":""donor""},{""layer"":18,""patch_kind"":""decision_token"",""source"":""donor""},{""layer"":19,""patch_kind"":""decision_token"",""source"":""donor""},{""layer"":20,""patch_kind"":""decision_token"",""source"":""donor""},{""layer"":21,""patch_kind"":""decision_token"",""source"":""donor""},{""layer"":22,""patch_kind"":""decision_token"",""source"":""donor""},{""layer"":23,""patch_kind"":""decision_token"",""source"":""donor""}]",post_decoder_block_output,decision_token,-33.22041320800781,-40.528839111328125,-33.094181060791016,-41.21221160888672,7.3084259033203125,8.118030548095703,-33.11283493041992,-41.26423263549805,-33.20058822631836,-40.4749755859375,8.151397705078125,7.274387359619141,-0.8429718017578125,-0.8436431884765625,-0.8433074951171875,False,False,
pair_0071,18,02,02,01,pair_0071_happy,pair_0071_sad,upper_prompt__upper_spaced,Listen to the speech. Is the speaker HAPPY or SAD? Answer only HAPPY or SAD., HAPPY, SAD,"[86777, 56]","[328, 1808]",decision_clamp,decision_clamp_to_23,17,,23,"[{""layer"":17,""patch_kind"":""decision_token"",""source"":""donor""},{""layer"":18,""patch_kind"":""decision_token"",""source"":""donor""},{""layer"":19,""patch_kind"":""decision_token"",""source"":""donor""},{""layer"":20,""patch_kind"":""decision_token"",""source"":""donor""},{""layer"":21,""patch_kind"":""decision_token"",""source"":""donor""},{""layer"":22,""patch_kind"":""decision_token"",""source"":""donor""},{""layer"":23,""patch_kind"":""decision_token"",""source"":""donor""}]",post_decoder_block_output,decision_token,-32.607757568359375,-42.768131256103516,-33.611968994140625,-41.22502899169922,10.16037368774414,7.613059997558594,-33.754520416259766,-43.34330368041992,-32.469459533691406,-40.664100646972656,9.588783264160156,8.19464111328125,0.5715904235839844,0.5815811157226562,0.5765857696533203,True,True,
pair_0072,19,01,01,01,pair_0072_happy,pair_0072_sad,upper_prompt__upper_spaced,Listen to the speech. Is the speaker HAPPY or SAD? Answer only HAPPY or SAD., HAPPY, SAD,"[86777, 56]","[328, 1808]",decision_clamp,decision_clamp_to_23,17,,23,"[{""layer"":17,""patch_kind"":""decision_token"",""source"":""donor""},{""layer"":18,""patch_kind"":""decision_token"",""source"":""donor""},{""layer"":19,""patch_kind"":""decision_token"",""source"":""donor""},{""layer"":20,""patch_kind"":""decision_token"",""source"":""donor""},{""layer"":21,""patch_kind"":""decision_token"",""source"":""donor""},{""layer"":22,""patch_kind"":""decision_token"",""source"":""donor""},{""layer"":23,""patch_kind"":""decision_token"",""source"":""donor""}]",post_decoder_block_output,decision_token,-32.86315155029297,-40.23444747924805,-32.857505798339844,-40.488773345947266,7.371295928955078,7.631267547607422,-32.798973083496094,-40.47618103027344,-32.923274993896484,-40.24537658691406,7.677207946777344,7.322101593017578,-0.3059120178222656,-0.30916595458984375,-0.3075389862060547,False,False,
pair_0073,19,01,02,01,pair_0073_happy,pair_0073_sad,upper_prompt__upper_spaced,Listen to the speech. Is the speaker HAPPY or SAD? Answer only HAPPY or SAD., HAPPY, SAD,"[86777, 56]","[328, 1808]",decision_clamp,decision_clamp_to_23,17,,23,"[{""layer"":17,""patch_kind"":""decision_token"",""source"":""donor""},{""layer"":18,""patch_kind"":""decision_token"",""source"":""donor""},{""layer"":19,""patch_kind"":""decision_token"",""source"":""donor""},{""layer"":20,""patch_kind"":""decision_token"",""source"":""donor""},{""layer"":21,""patch_kind"":""decision_token"",""source"":""donor""},{""layer"":22,""patch_kind"":""decision_token"",""source"":""donor""},{""layer"":23,""patch_kind"":""decision_token"",""source"":""donor""}]",post_decoder_block_output,decision_token,-32.68644714355469,-40.35894012451172,-32.995384216308594,-40.74091720581055,7.672492980957031,7.745532989501953,-32.95124816894531,-40.672115325927734,-32.73023223876953,-40.41920471191406,7.720867156982422,7.688972473144531,-0.048374176025390625,-0.056560516357421875,-0.05246734619140625,False,False,
pair_0074,19,02,01,01,pair_0074_happy,pair_0074_sad,upper_prompt__upper_spaced,Listen to the speech. Is the speaker HAPPY or SAD? Answer only HAPPY or SAD., HAPPY, SAD,"[86777, 56]","[328, 1808]",decision_clamp,decision_clamp_to_23,17,,23,"[{""layer"":17,""patch_kind"":""decision_token"",""source"":""donor""},{""layer"":18,""patch_kind"":""decision_token"",""source"":""donor""},{""layer"":19,""patch_kind"":""decision_token"",""source"":""donor""},{""layer"":20,""patch_kind"":""decision_token"",""source"":""donor""},{""layer"":21,""patch_kind"":""decision_token"",""source"":""donor""},{""layer"":22,""patch_kind"":""decision_token"",""source"":""donor""},{""layer"":23,""patch_kind"":""decision_token"",""source"":""donor""}]",post_decoder_block_output,decision_token,-32.990203857421875,-41.2833137512207,-32.0921630859375,-41.11214828491211,8.293109893798828,9.01998519897461,-32.02528381347656,-40.53175354003906,-33.059356689453125,-41.86607360839844,8.5064697265625,8.806716918945312,-0.21335983276367188,-0.21326828002929688,-0.21331405639648438,False,False,
pair_0075,19,02,02,01,pair_0075_happy,pair_0075_sad,upper_prompt__upper_spaced,Listen to the speech. Is the speaker HAPPY or SAD? Answer only HAPPY or SAD., HAPPY, SAD,"[86777, 56]","[328, 1808]",decision_clamp,decision_clamp_to_23,17,,23,"[{""layer"":17,""patch_kind"":""decision_token"",""source"":""donor""},{""layer"":18,""patch_kind"":""decision_token"",""source"":""donor""},{""layer"":19,""patch_kind"":""decision_token"",""source"":""donor""},{""layer"":20,""patch_kind"":""decision_token"",""source"":""donor""},{""layer"":21,""patch_kind"":""decision_token"",""source"":""donor""},{""layer"":22,""patch_kind"":""decision_token"",""source"":""donor""},{""layer"":23,""patch_kind"":""decision_token"",""source"":""donor""}]",post_decoder_block_output,decision_token,-32.99714660644531,-40.509002685546875,-33.23686981201172,-41.21039962768555,7.5118560791015625,7.973529815673828,-33.26720428466797,-41.27819061279297,-32.96653366088867,-40.439491271972656,8.010986328125,7.472957611083984,-0.4991302490234375,-0.5005722045898438,-0.4998512268066406,False,False,
pair_0076,20,01,01,01,pair_0076_happy,pair_0076_sad,upper_prompt__upper_spaced,Listen to the speech. Is the speaker HAPPY or SAD? Answer only HAPPY or SAD., HAPPY, SAD,"[86777, 56]","[328, 1808]",decision_clamp,decision_clamp_to_23,17,,23,"[{""layer"":17,""patch_kind"":""decision_token"",""source"":""donor""},{""layer"":18,""patch_kind"":""decision_token"",""source"":""donor""},{""layer"":19,""patch_kind"":""decision_token"",""source"":""donor""},{""layer"":20,""patch_kind"":""decision_token"",""source"":""donor""},{""layer"":21,""patch_kind"":""decision_token"",""source"":""donor""},{""layer"":22,""patch_kind"":""decision_token"",""source"":""donor""},{""layer"":23,""patch_kind"":""decision_token"",""source"":""donor""}]",post_decoder_block_output,decision_token,-32.93125534057617,-39.985862731933594,-32.917728424072266,-40.04986572265625,7.054607391357422,7.132137298583984,-32.86997985839844,-39.84071350097656,-32.979225158691406,-40.19422912597656,6.970733642578125,7.215003967285156,0.08387374877929688,0.08286666870117188,0.08337020874023438,True,True,
pair_0077,20,01,02,01,pair_0077_happy,pair_0077_sad,upper_prompt__upper_spaced,Listen to the speech. Is the speaker HAPPY or SAD? Answer only HAPPY or SAD., HAPPY, SAD,"[86777, 56]","[328, 1808]",decision_clamp,decision_clamp_to_23,17,,23,"[{""layer"":17,""patch_kind"":""decision_token"",""source"":""donor""},{""layer"":18,""patch_kind"":""decision_token"",""source"":""donor""},{""layer"":19,""patch_kind"":""decision_token"",""source"":""donor""},{""layer"":20,""patch_kind"":""decision_token"",""source"":""donor""},{""layer"":21,""patch_kind"":""decision_token"",""source"":""donor""},{""layer"":22,""patch_kind"":""decision_token"",""source"":""donor""},{""layer"":23,""patch_kind"":""decision_token"",""source"":""donor""}]",post_decoder_block_output,decision_token,-33.075679779052734,-40.85244369506836,-32.795631408691406,-41.074798583984375,7.776763916015625,8.279167175292969,-32.671417236328125,-40.838409423828125,-33.19927215576172,-41.08631134033203,8.1669921875,7.8870391845703125,-0.390228271484375,-0.39212799072265625,-0.3911781311035156,False,False,
pair_0078,20,02,01,01,pair_0078_happy,pair_0078_sad,upper_prompt__upper_spaced,Listen to the speech. Is the speaker HAPPY or SAD? Answer only HAPPY or SAD., HAPPY, SAD,"[86777, 56]","[328, 1808]",decision_clamp,decision_clamp_to_23,17,,23,"[{""layer"":17,""patch_kind"":""decision_token"",""source"":""donor""},{""layer"":18,""patch_kind"":""decision_token"",""source"":""donor""},{""layer"":19,""patch_kind"":""decision_token"",""source"":""donor""},{""layer"":20,""patch_kind"":""decision_token"",""source"":""donor""},{""layer"":21,""patch_kind"":""decision_token"",""source"":""donor""},{""layer"":22,""patch_kind"":""decision_token"",""source"":""donor""},{""layer"":23,""patch_kind"":""decision_token"",""source"":""donor""}]",post_decoder_block_output,decision_token,-33.295528411865234,-40.692630767822266,-33.4690055847168,-42.57328796386719,7.397102355957031,9.10428237915039,-33.36066818237305,-40.27873229980469,-33.40550231933594,-43.00383758544922,6.918064117431641,9.598335266113281,0.4790382385253906,0.4940528869628906,0.4865455627441406,True,True,
pair_0079,20,02,02,01,pair_0079_happy,pair_0079_sad,upper_prompt__upper_spaced,Listen to the speech. Is the speaker HAPPY or SAD? Answer only HAPPY or SAD., HAPPY, SAD,"[86777, 56]","[328, 1808]",decision_clamp,decision_clamp_to_23,17,,23,"[{""layer"":17,""patch_kind"":""decision_token"",""source"":""donor""},{""layer"":18,""patch_kind"":""decision_token"",""source"":""donor""},{""layer"":19,""patch_kind"":""decision_token"",""source"":""donor""},{""layer"":20,""patch_kind"":""decision_token"",""source"":""donor""},{""layer"":21,""patch_kind"":""decision_token"",""source"":""donor""},{""layer"":22,""patch_kind"":""decision_token"",""source"":""donor""},{""layer"":23,""patch_kind"":""decision_token"",""source"":""donor""}]",post_decoder_block_output,decision_token,-33.082611083984375,-41.00581359863281,-33.35601806640625,-40.29431915283203,7.9232025146484375,6.938301086425781,-33.37704086303711,-40.194725036621094,-33.062461853027344,-41.10134506225586,6.817684173583984,8.038883209228516,1.1055183410644531,1.1005821228027344,1.1030502319335938,True,True,
pair_0080,21,01,01,01,pair_0080_happy,pair_0080_sad,upper_prompt__upper_spaced,Listen to the speech. Is the speaker HAPPY or SAD? Answer only HAPPY or SAD., HAPPY, SAD,"[86777, 56]","[328, 1808]",decision_clamp,decision_clamp_to_23,17,,23,"[{""layer"":17,""patch_kind"":""decision_token"",""source"":""donor""},{""layer"":18,""patch_kind"":""decision_token"",""source"":""donor""},{""layer"":19,""patch_kind"":""decision_token"",""source"":""donor""},{""layer"":20,""patch_kind"":""decision_token"",""source"":""donor""},{""layer"":21,""patch_kind"":""decision_token"",""source"":""donor""},{""layer"":22,""patch_kind"":""decision_token"",""source"":""donor""},{""layer"":23,""patch_kind"":""decision_token"",""source"":""donor""}]",post_decoder_block_output,decision_token,-32.85218811035156,-40.01437759399414,-32.76691818237305,-39.70962142944336,7.162189483642578,6.9427032470703125,-32.7469596862793,-39.915706634521484,-32.872066497802734,-39.80515670776367,7.1687469482421875,6.9330902099609375,-0.006557464599609375,-0.009613037109375,-0.008085250854492188,False,False,
pair_0081,21,01,02,01,pair_0081_happy,pair_0081_sad,upper_prompt__upper_spaced,Listen to the speech. Is the speaker HAPPY or SAD? Answer only HAPPY or SAD., HAPPY, SAD,"[86777, 56]","[328, 1808]",decision_clamp,decision_clamp_to_23,17,,23,"[{""layer"":17,""patch_kind"":""decision_token"",""source"":""donor""},{""layer"":18,""patch_kind"":""decision_token"",""source"":""donor""},{""layer"":19,""patch_kind"":""decision_token"",""source"":""donor""},{""layer"":20,""patch_kind"":""decision_token"",""source"":""donor""},{""layer"":21,""patch_kind"":""decision_token"",""source"":""donor""},{""layer"":22,""patch_kind"":""decision_token"",""source"":""donor""},{""layer"":23,""patch_kind"":""decision_token"",""source"":""donor""}]",post_decoder_block_output,decision_token,-32.643226623535156,-40.15229034423828,-32.66883087158203,-39.679649353027344,7.509063720703125,7.0108184814453125,-32.74571228027344,-39.95410919189453,-32.56614685058594,-39.87889862060547,7.208396911621094,7.312751770019531,0.30066680908203125,0.30193328857421875,0.301300048828125,True,True,
pair_0082,21,02,01,01,pair_0082_happy,pair_0082_sad,upper_prompt__upper_spaced,Listen to the speech. Is the speaker HAPPY or SAD? Answer only HAPPY or SAD., HAPPY, SAD,"[86777, 56]","[328, 1808]",decision_clamp,decision_clamp_to_23,17,,23,"[{""layer"":17,""patch_kind"":""decision_token"",""source"":""donor""},{""layer"":18,""patch_kind"":""decision_token"",""source"":""donor""},{""layer"":19,""patch_kind"":""decision_token"",""source"":""donor""},{""layer"":20,""patch_kind"":""decision_token"",""source"":""donor""},{""layer"":21,""patch_kind"":""decision_token"",""source"":""donor""},{""layer"":22,""patch_kind"":""decision_token"",""source"":""donor""},{""layer"":23,""patch_kind"":""decision_token"",""source"":""donor""}]",post_decoder_block_output,decision_token,-33.23106002807617,-40.944679260253906,-33.096656799316406,-40.35962677001953,7.713619232177734,7.262969970703125,-33.06494140625,-40.55206298828125,-33.26325225830078,-40.751670837402344,7.48712158203125,7.4884185791015625,0.22649765014648438,0.2254486083984375,0.22597312927246094,True,True,
pair_0083,21,02,02,01,pair_0083_happy,pair_0083_sad,upper_prompt__upper_spaced,Listen to the speech. Is the speaker HAPPY or SAD? Answer only HAPPY or SAD., HAPPY, SAD,"[86777, 56]","[328, 1808]",decision_clamp,decision_clamp_to_23,17,,23,"[{""layer"":17,""patch_kind"":""decision_token"",""source"":""donor""},{""layer"":18,""patch_kind"":""decision_token"",""source"":""donor""},{""layer"":19,""patch_kind"":""decision_token"",""source"":""donor""},{""layer"":20,""patch_kind"":""decision_token"",""source"":""donor""},{""layer"":21,""patch_kind"":""decision_token"",""source"":""donor""},{""layer"":22,""patch_kind"":""decision_token"",""source"":""donor""},{""layer"":23,""patch_kind"":""decision_token"",""source"":""donor""}]",post_decoder_block_output,decision_token,-33.2512321472168,-40.80183029174805,-33.164058685302734,-40.42896270751953,7.55059814453125,7.264904022216797,-33.172428131103516,-40.6717529296875,-33.24268341064453,-40.56056213378906,7.499324798583984,7.317878723144531,0.051273345947265625,0.052974700927734375,0.0521240234375,True,True,
pair_0084,22,01,01,01,pair_0084_happy,pair_0084_sad,upper_prompt__upper_spaced,Listen to the speech. Is the speaker HAPPY or SAD? Answer only HAPPY or SAD., HAPPY, SAD,"[86777, 56]","[328, 1808]",decision_clamp,decision_clamp_to_23,17,,23,"[{""layer"":17,""patch_kind"":""decision_token"",""source"":""donor""},{""layer"":18,""patch_kind"":""decision_token"",""source"":""donor""},{""layer"":19,""patch_kind"":""decision_token"",""source"":""donor""},{""layer"":20,""patch_kind"":""decision_token"",""source"":""donor""},{""layer"":21,""patch_kind"":""decision_token"",""source"":""donor""},{""layer"":22,""patch_kind"":""decision_token"",""source"":""donor""},{""layer"":23,""patch_kind"":""decision_token"",""source"":""donor""}]",post_decoder_block_output,decision_token,-32.87738800048828,-40.39521026611328,-32.697532653808594,-40.488182067871094,7.517822265625,7.7906494140625,-32.63581848144531,-40.17833709716797,-32.9388313293457,-40.7006950378418,7.542518615722656,7.761863708496094,-0.02469635009765625,-0.02878570556640625,-0.02674102783203125,False,False,
pair_0085,22,01,02,01,pair_0085_happy,pair_0085_sad,upper_prompt__upper_spaced,Listen to the speech. Is the speaker HAPPY or SAD? Answer only HAPPY or SAD., HAPPY, SAD,"[86777, 56]","[328, 1808]",decision_clamp,decision_clamp_to_23,17,,23,"[{""layer"":17,""patch_kind"":""decision_token"",""source"":""donor""},{""layer"":18,""patch_kind"":""decision_token"",""source"":""donor""},{""layer"":19,""patch_kind"":""decision_token"",""source"":""donor""},{""layer"":20,""patch_kind"":""decision_token"",""source"":""donor""},{""layer"":21,""patch_kind"":""decision_token"",""source"":""donor""},{""layer"":22,""patch_kind"":""decision_token"",""source"":""donor""},{""layer"":23,""patch_kind"":""decision_token"",""source"":""donor""}]",post_decoder_block_output,decision_token,-32.9325065612793,-40.586273193359375,-32.7760009765625,-40.52599334716797,7.653766632080078,7.749992370605469,-32.807552337646484,-40.47137451171875,-32.90196990966797,-40.64373779296875,7.663822174072266,7.741767883300781,-0.0100555419921875,-0.0082244873046875,-0.0091400146484375,False,False,
pair_0086,22,02,01,01,pair_0086_happy,pair_0086_sad,upper_prompt__upper_spaced,Listen to the speech. Is the speaker HAPPY or SAD? Answer only HAPPY or SAD., HAPPY, SAD,"[86777, 56]","[328, 1808]",decision_clamp,decision_clamp_to_23,17,,23,"[{""layer"":17,""patch_kind"":""decision_token"",""source"":""donor""},{""layer"":18,""patch_kind"":""decision_token"",""source"":""donor""},{""layer"":19,""patch_kind"":""decision_token"",""source"":""donor""},{""layer"":20,""patch_kind"":""decision_token"",""source"":""donor""},{""layer"":21,""patch_kind"":""decision_token"",""source"":""donor""},{""layer"":22,""patch_kind"":""decision_token"",""source"":""donor""},{""layer"":23,""patch_kind"":""decision_token"",""source"":""donor""}]",post_decoder_block_output,decision_token,-33.23915481567383,-41.107933044433594,-33.42022705078125,-41.151187896728516,7.868778228759766,7.730960845947266,-33.38538360595703,-41.0931396484375,-33.273990631103516,-41.16672897338867,7.707756042480469,7.892738342285156,0.16102218627929688,0.16177749633789062,0.16139984130859375,True,True,
pair_0087,22,02,02,01,pair_0087_happy,pair_0087_sad,upper_prompt__upper_spaced,Listen to the speech. Is the speaker HAPPY or SAD? Answer only HAPPY or SAD., HAPPY, SAD,"[86777, 56]","[328, 1808]",decision_clamp,decision_clamp_to_23,17,,23,"[{""layer"":17,""patch_kind"":""decision_token"",""source"":""donor""},{""layer"":18,""patch_kind"":""decision_token"",""source"":""donor""},{""layer"":19,""patch_kind"":""decision_token"",""source"":""donor""},{""layer"":20,""patch_kind"":""decision_token"",""source"":""donor""},{""layer"":21,""patch_kind"":""decision_token"",""source"":""donor""},{""layer"":22,""patch_kind"":""decision_token"",""source"":""donor""},{""layer"":23,""patch_kind"":""decision_token"",""source"":""donor""}]",post_decoder_block_output,decision_token,-33.018150329589844,-40.8239631652832,-33.119110107421875,-41.39097595214844,7.805812835693359,8.271865844726562,-33.109771728515625,-41.485015869140625,-33.02757263183594,-40.73110580444336,8.375244140625,7.703533172607422,-0.5694313049316406,-0.5683326721191406,-0.5688819885253906,False,False,
pair_0088,23,01,01,01,pair_0088_happy,pair_0088_sad,upper_prompt__upper_spaced,Listen to the speech. Is the speaker HAPPY or SAD? Answer only HAPPY or SAD., HAPPY, SAD,"[86777, 56]","[328, 1808]",decision_clamp,decision_clamp_to_23,17,,23,"[{""layer"":17,""patch_kind"":""decision_token"",""source"":""donor""},{""layer"":18,""patch_kind"":""decision_token"",""source"":""donor""},{""layer"":19,""patch_kind"":""decision_token"",""source"":""donor""},{""layer"":20,""patch_kind"":""decision_token"",""source"":""donor""},{""layer"":21,""patch_kind"":""decision_token"",""source"":""donor""},{""layer"":22,""patch_kind"":""decision_token"",""source"":""donor""},{""layer"":23,""patch_kind"":""decision_token"",""source"":""donor""}]",post_decoder_block_output,decision_token,-32.912872314453125,-40.31639862060547,-32.82685089111328,-40.44801330566406,7.403526306152344,7.621162414550781,-32.83970642089844,-40.25825119018555,-32.90019989013672,-40.503273010253906,7.418544769287109,7.6030731201171875,-0.015018463134765625,-0.01808929443359375,-0.016553878784179688,False,False,
pair_0089,23,01,02,01,pair_0089_happy,pair_0089_sad,upper_prompt__upper_spaced,Listen to the speech. Is the speaker HAPPY or SAD? Answer only HAPPY or SAD., HAPPY, SAD,"[86777, 56]","[328, 1808]",decision_clamp,decision_clamp_to_23,17,,23,"[{""layer"":17,""patch_kind"":""decision_token"",""source"":""donor""},{""layer"":18,""patch_kind"":""decision_token"",""source"":""donor""},{""layer"":19,""patch_kind"":""decision_token"",""source"":""donor""},{""layer"":20,""patch_kind"":""decision_token"",""source"":""donor""},{""layer"":21,""patch_kind"":""decision_token"",""source"":""donor""},{""layer"":22,""patch_kind"":""decision_token"",""source"":""donor""},{""layer"":23,""patch_kind"":""decision_token"",""source"":""donor""}]",post_decoder_block_output,decision_token,-32.942832946777344,-40.55699920654297,-33.03032684326172,-40.54861831665039,7.614166259765625,7.518291473388672,-33.08950424194336,-40.6706428527832,-32.88300323486328,-40.4362907409668,7.581138610839844,7.553287506103516,0.03302764892578125,0.03499603271484375,0.0340118408203125,True,True,
pair_0090,23,02,01,01,pair_0090_happy,pair_0090_sad,upper_prompt__upper_spaced,Listen to the speech. Is the speaker HAPPY or SAD? Answer only HAPPY or SAD., HAPPY, SAD,"[86777, 56]","[328, 1808]",decision_clamp,decision_clamp_to_23,17,,23,"[{""layer"":17,""patch_kind"":""decision_token"",""source"":""donor""},{""layer"":18,""patch_kind"":""decision_token"",""source"":""donor""},{""layer"":19,""patch_kind"":""decision_token"",""source"":""donor""},{""layer"":20,""patch_kind"":""decision_token"",""source"":""donor""},{""layer"":21,""patch_kind"":""decision_token"",""source"":""donor""},{""layer"":22,""patch_kind"":""decision_token"",""source"":""donor""},{""layer"":23,""patch_kind"":""decision_token"",""source"":""donor""}]",post_decoder_block_output,decision_token,-32.80194091796875,-42.01996612548828,-33.03046798706055,-41.253273010253906,9.218025207519531,8.22280502319336,-33.155982971191406,-41.4841423034668,-32.67847442626953,-41.794700622558594,8.32815933227539,9.116226196289062,0.8898658752441406,0.8934211730957031,0.8916435241699219,True,True,
pair_0091,23,02,02,01,pair_0091_happy,pair_0091_sad,upper_prompt__upper_spaced,Listen to the speech. Is the speaker HAPPY or SAD? Answer only HAPPY or SAD., HAPPY, SAD,"[86777, 56]","[328, 1808]",decision_clamp,decision_clamp_to_23,17,,23,"[{""layer"":17,""patch_kind"":""decision_token"",""source"":""donor""},{""layer"":18,""patch_kind"":""decision_token"",""source"":""donor""},{""layer"":19,""patch_kind"":""decision_token"",""source"":""donor""},{""layer"":20,""patch_kind"":""decision_token"",""source"":""donor""},{""layer"":21,""patch_kind"":""decision_token"",""source"":""donor""},{""layer"":22,""patch_kind"":""decision_token"",""source"":""donor""},{""layer"":23,""patch_kind"":""decision_token"",""source"":""donor""}]",post_decoder_block_output,decision_token,-33.03374099731445,-42.197593688964844,-33.41120147705078,-40.790252685546875,9.16385269165039,7.379051208496094,-33.49700164794922,-41.09355163574219,-32.948081970214844,-41.898651123046875,7.596549987792969,8.950569152832031,1.5673027038574219,1.5715179443359375,1.5694103240966797,True,True,
pair_0092,24,01,01,01,pair_0092_happy,pair_0092_sad,upper_prompt__upper_spaced,Listen to the speech. Is the speaker HAPPY or SAD? Answer only HAPPY or SAD., HAPPY, SAD,"[86777, 56]","[328, 1808]",decision_clamp,decision_clamp_to_23,17,,23,"[{""layer"":17,""patch_kind"":""decision_token"",""source"":""donor""},{""layer"":18,""patch_kind"":""decision_token"",""source"":""donor""},{""layer"":19,""patch_kind"":""decision_token"",""source"":""donor""},{""layer"":20,""patch_kind"":""decision_token"",""source"":""donor""},{""layer"":21,""patch_kind"":""decision_token"",""source"":""donor""},{""layer"":22,""patch_kind"":""decision_token"",""source"":""donor""},{""layer"":23,""patch_kind"":""decision_token"",""source"":""donor""}]",post_decoder_block_output,decision_token,-32.89532470703125,-40.428348541259766,-32.5126838684082,-39.914405822753906,7.533023834228516,7.401721954345703,-32.64472198486328,-40.07365036010742,-32.76319885253906,-40.268959045410156,7.428928375244141,7.505760192871094,0.104095458984375,0.10403823852539062,0.10406684875488281,True,True,
pair_0093,24,01,02,01,pair_0093_happy,pair_0093_sad,upper_prompt__upper_spaced,Listen to the speech. Is the speaker HAPPY or SAD? Answer only HAPPY or SAD., HAPPY, SAD,"[86777, 56]","[328, 1808]",decision_clamp,decision_clamp_to_23,17,,23,"[{""layer"":17,""patch_kind"":""decision_token"",""source"":""donor""},{""layer"":18,""patch_kind"":""decision_token"",""source"":""donor""},{""layer"":19,""patch_kind"":""decision_token"",""source"":""donor""},{""layer"":20,""patch_kind"":""decision_token"",""source"":""donor""},{""layer"":21,""patch_kind"":""decision_token"",""source"":""donor""},{""layer"":22,""patch_kind"":""decision_token"",""source"":""donor""},{""layer"":23,""patch_kind"":""decision_token"",""source"":""donor""}]",post_decoder_block_output,decision_token,-32.79570388793945,-40.24006652832031,-32.68783950805664,-40.48069381713867,7.444362640380859,7.792854309082031,-32.69140625,-40.335052490234375,-32.791839599609375,-40.38672637939453,7.643646240234375,7.594886779785156,-0.19928359985351562,-0.197967529296875,-0.1986255645751953,False,False,
pair_0094,24,02,01,01,pair_0094_happy,pair_0094_sad,upper_prompt__upper_spaced,Listen to the speech. Is the speaker HAPPY or SAD? Answer only HAPPY or SAD., HAPPY, SAD,"[86777, 56]","[328, 1808]",decision_clamp,decision_clamp_to_23,17,,23,"[{""layer"":17,""patch_kind"":""decision_token"",""source"":""donor""},{""layer"":18,""patch_kind"":""decision_token"",""source"":""donor""},{""layer"":19,""patch_kind"":""decision_token"",""source"":""donor""},{""layer"":20,""patch_kind"":""decision_token"",""source"":""donor""},{""layer"":21,""patch_kind"":""decision_token"",""source"":""donor""},{""layer"":22,""patch_kind"":""decision_token"",""source"":""donor""},{""layer"":23,""patch_kind"":""decision_token"",""source"":""donor""}]",post_decoder_block_output,decision_token,-33.50531005859375,-41.442108154296875,-33.27792739868164,-40.785213470458984,7.936798095703125,7.507286071777344,-33.174381256103516,-40.23845672607422,-33.609580993652344,-41.986263275146484,7.064075469970703,8.37668228149414,0.8727226257324219,0.8693962097167969,0.8710594177246094,True,True,
pair_0095,24,02,02,01,pair_0095_happy,pair_0095_sad,upper_prompt__upper_spaced,Listen to the speech. Is the speaker HAPPY or SAD? Answer only HAPPY or SAD., HAPPY, SAD,"[86777, 56]","[328, 1808]",decision_clamp,decision_clamp_to_23,17,,23,"[{""layer"":17,""patch_kind"":""decision_token"",""source"":""donor""},{""layer"":18,""patch_kind"":""decision_token"",""source"":""donor""},{""layer"":19,""patch_kind"":""decision_token"",""source"":""donor""},{""layer"":20,""patch_kind"":""decision_token"",""source"":""donor""},{""layer"":21,""patch_kind"":""decision_token"",""source"":""donor""},{""layer"":22,""patch_kind"":""decision_token"",""source"":""donor""},{""layer"":23,""patch_kind"":""decision_token"",""source"":""donor""}]",post_decoder_block_output,decision_token,-33.193397521972656,-41.21372985839844,-33.260799407958984,-41.309837341308594,8.020332336425781,8.04903793334961,-33.2677116394043,-41.28807830810547,-33.186500549316406,-41.23632049560547,8.020366668701172,8.049819946289062,-3.4332275390625e-05,0.000782012939453125,0.00037384033203125,False,True,
