sample_id,pair_id,actor,statement,repetition,intensity,emotion,condition,clean_margin,margin,shift_from_clean
pair_0000_happy,pair_0000,01,01,01,01,happy,clean,-4.591665744781494,-4.591665744781494,0.0
pair_0000_happy,pair_0000,01,01,01,01,happy,zero_noop,-4.591665744781494,-4.591665744781494,0.0
pair_0000_happy,pair_0000,01,01,01,01,happy,center_joint,-4.591665744781494,-4.80033016204834,-0.2086644172668457
pair_0000_happy,pair_0000,01,01,01,01,happy,center_19,-4.591665744781494,-4.5995073318481445,-0.00784158706665039
pair_0000_happy,pair_0000,01,01,01,01,happy,center_23,-4.591665744781494,-4.408288955688477,0.18337678909301758
pair_0000_sad,pair_0000,01,01,01,01,sad,clean,-4.472484111785889,-4.472484111785889,0.0
pair_0000_sad,pair_0000,01,01,01,01,sad,zero_noop,-4.472484111785889,-4.472484111785889,0.0
pair_0000_sad,pair_0000,01,01,01,01,sad,center_joint,-4.472484111785889,-4.721230506896973,-0.24874639511108398
pair_0000_sad,pair_0000,01,01,01,01,sad,center_19,-4.472484111785889,-4.490078926086426,-0.01759481430053711
pair_0000_sad,pair_0000,01,01,01,01,sad,center_23,-4.472484111785889,-4.293881893157959,0.1786022186279297
pair_0001_happy,pair_0001,01,01,02,01,happy,clean,-4.798401832580566,-4.798401832580566,0.0
pair_0001_happy,pair_0001,01,01,02,01,happy,zero_noop,-4.798401832580566,-4.798401832580566,0.0
pair_0001_happy,pair_0001,01,01,02,01,happy,center_joint,-4.798401832580566,-5.035005569458008,-0.2366037368774414
pair_0001_happy,pair_0001,01,01,02,01,happy,center_19,-4.798401832580566,-4.806021690368652,-0.0076198577880859375
pair_0001_happy,pair_0001,01,01,02,01,happy,center_23,-4.798401832580566,-4.616937160491943,0.18146467208862305
pair_0001_sad,pair_0001,01,01,02,01,sad,clean,-4.81397819519043,-4.81397819519043,0.0
pair_0001_sad,pair_0001,01,01,02,01,sad,zero_noop,-4.81397819519043,-4.81397819519043,0.0
pair_0001_sad,pair_0001,01,01,02,01,sad,center_joint,-4.81397819519043,-5.056087970733643,-0.2421097755432129
pair_0001_sad,pair_0001,01,01,02,01,sad,center_19,-4.81397819519043,-4.823282718658447,-0.009304523468017578
pair_0001_sad,pair_0001,01,01,02,01,sad,center_23,-4.81397819519043,-4.631165027618408,0.18281316757202148
pair_0002_happy,pair_0002,01,02,01,01,happy,clean,-3.534588098526001,-3.534588098526001,0.0
pair_0002_happy,pair_0002,01,02,01,01,happy,zero_noop,-3.534588098526001,-3.534588098526001,0.0
pair_0002_happy,pair_0002,01,02,01,01,happy,center_joint,-3.534588098526001,-3.642305374145508,-0.10771727561950684
pair_0002_happy,pair_0002,01,02,01,01,happy,center_19,-3.534588098526001,-3.5288777351379395,0.0057103633880615234
pair_0002_happy,pair_0002,01,02,01,01,happy,center_23,-3.534588098526001,-3.7859280109405518,-0.2513399124145508
pair_0002_sad,pair_0002,01,02,01,01,sad,clean,-3.9419286251068115,-3.9419286251068115,0.0
pair_0002_sad,pair_0002,01,02,01,01,sad,zero_noop,-3.9419286251068115,-3.9419286251068115,0.0
pair_0002_sad,pair_0002,01,02,01,01,sad,center_joint,-3.9419286251068115,-3.995604991912842,-0.05367636680603027
pair_0002_sad,pair_0002,01,02,01,01,sad,center_19,-3.9419286251068115,-3.93107271194458,0.010855913162231445
pair_0002_sad,pair_0002,01,02,01,01,sad,center_23,-3.9419286251068115,-4.19497537612915,-0.25304675102233887
pair_0003_happy,pair_0003,01,02,02,01,happy,clean,-3.50520396232605,-3.50520396232605,0.0
pair_0003_happy,pair_0003,01,02,02,01,happy,zero_noop,-3.50520396232605,-3.50520396232605,0.0
pair_0003_happy,pair_0003,01,02,02,01,happy,center_joint,-3.50520396232605,-3.574730634689331,-0.06952667236328125
pair_0003_happy,pair_0003,01,02,02,01,happy,center_19,-3.50520396232605,-3.4970579147338867,0.008146047592163086
pair_0003_happy,pair_0003,01,02,02,01,happy,center_23,-3.50520396232605,-3.7544260025024414,-0.2492220401763916
pair_0003_sad,pair_0003,01,02,02,01,sad,clean,-3.6038966178894043,-3.6038966178894043,0.0
pair_0003_sad,pair_0003,01,02,02,01,sad,zero_noop,-3.6038966178894043,-3.6038966178894043,0.0
pair_0003_sad,pair_0003,01,02,02,01,sad,center_joint,-3.6038966178894043,-3.6465301513671875,-0.0426335334777832
pair_0003_sad,pair_0003,01,02,02,01,sad,center_19,-3.6038966178894043,-3.5900704860687256,0.013826131820678711
pair_0003_sad,pair_0003,01,02,02,01,sad,center_23,-3.6038966178894043,-3.8545665740966797,-0.2506699562072754
pair_0004_happy,pair_0004,02,01,01,01,happy,clean,-4.263078689575195,-4.263078689575195,0.0
pair_0004_happy,pair_0004,02,01,01,01,happy,zero_noop,-4.263078689575195,-4.263078689575195,0.0
pair_0004_happy,pair_0004,02,01,01,01,happy,center_joint,-4.263078689575195,-4.452456474304199,-0.1893777847290039
pair_0004_happy,pair_0004,02,01,01,01,happy,center_19,-4.263078689575195,-4.267123699188232,-0.004045009613037109
pair_0004_happy,pair_0004,02,01,01,01,happy,center_23,-4.263078689575195,-4.080255031585693,0.18282365798950195
pair_0004_sad,pair_0004,02,01,01,01,sad,clean,-4.868228912353516,-4.868228912353516,0.0
pair_0004_sad,pair_0004,02,01,01,01,sad,zero_noop,-4.868228912353516,-4.868228912353516,0.0
pair_0004_sad,pair_0004,02,01,01,01,sad,center_joint,-4.868228912353516,-5.101869583129883,-0.2336406707763672
pair_0004_sad,pair_0004,02,01,01,01,sad,center_19,-4.868228912353516,-4.8799238204956055,-0.011694908142089844
pair_0004_sad,pair_0004,02,01,01,01,sad,center_23,-4.868228912353516,-4.6825971603393555,0.18563175201416016
pair_0005_happy,pair_0005,02,01,02,01,happy,clean,-4.474981307983398,-4.474981307983398,0.0
pair_0005_happy,pair_0005,02,01,02,01,happy,zero_noop,-4.474981307983398,-4.474981307983398,0.0
pair_0005_happy,pair_0005,02,01,02,01,happy,center_joint,-4.474981307983398,-4.693096160888672,-0.21811485290527344
pair_0005_happy,pair_0005,02,01,02,01,happy,center_19,-4.474981307983398,-4.4832258224487305,-0.008244514465332031
pair_0005_happy,pair_0005,02,01,02,01,happy,center_23,-4.474981307983398,-4.290879249572754,0.18410205841064453
pair_0005_sad,pair_0005,02,01,02,01,sad,clean,-4.6972336769104,-4.6972336769104,0.0
pair_0005_sad,pair_0005,02,01,02,01,sad,zero_noop,-4.6972336769104,-4.6972336769104,0.0
pair_0005_sad,pair_0005,02,01,02,01,sad,center_joint,-4.6972336769104,-4.976597309112549,-0.27936363220214844
pair_0005_sad,pair_0005,02,01,02,01,sad,center_19,-4.6972336769104,-4.709595680236816,-0.012362003326416016
pair_0005_sad,pair_0005,02,01,02,01,sad,center_23,-4.6972336769104,-4.514479160308838,0.1827545166015625
pair_0006_happy,pair_0006,02,02,01,01,happy,clean,-3.5094082355499268,-3.5094082355499268,0.0
pair_0006_happy,pair_0006,02,02,01,01,happy,zero_noop,-3.5094082355499268,-3.5094082355499268,0.0
pair_0006_happy,pair_0006,02,02,01,01,happy,center_joint,-3.5094082355499268,-3.5874361991882324,-0.07802796363830566
pair_0006_happy,pair_0006,02,02,01,01,happy,center_19,-3.5094082355499268,-3.497638702392578,0.011769533157348633
pair_0006_happy,pair_0006,02,02,01,01,happy,center_23,-3.5094082355499268,-3.7615303993225098,-0.252122163772583
pair_0006_sad,pair_0006,02,02,01,01,sad,clean,-3.7750349044799805,-3.7750349044799805,0.0
pair_0006_sad,pair_0006,02,02,01,01,sad,zero_noop,-3.7750349044799805,-3.7750349044799805,0.0
pair_0006_sad,pair_0006,02,02,01,01,sad,center_joint,-3.7750349044799805,-3.763622283935547,0.011412620544433594
pair_0006_sad,pair_0006,02,02,01,01,sad,center_19,-3.7750349044799805,-3.7553327083587646,0.01970219612121582
pair_0006_sad,pair_0006,02,02,01,01,sad,center_23,-3.7750349044799805,-4.020569801330566,-0.24553489685058594
pair_0007_happy,pair_0007,02,02,02,01,happy,clean,-3.4080164432525635,-3.4080164432525635,0.0
pair_0007_happy,pair_0007,02,02,02,01,happy,zero_noop,-3.4080164432525635,-3.4080164432525635,0.0
pair_0007_happy,pair_0007,02,02,02,01,happy,center_joint,-3.4080164432525635,-3.474587917327881,-0.06657147407531738
pair_0007_happy,pair_0007,02,02,02,01,happy,center_19,-3.4080164432525635,-3.3941917419433594,0.013824701309204102
pair_0007_happy,pair_0007,02,02,02,01,happy,center_23,-3.4080164432525635,-3.661677360534668,-0.2536609172821045
pair_0007_sad,pair_0007,02,02,02,01,sad,clean,-3.4811511039733887,-3.4811511039733887,0.0
pair_0007_sad,pair_0007,02,02,02,01,sad,zero_noop,-3.4811511039733887,-3.4811511039733887,0.0
pair_0007_sad,pair_0007,02,02,02,01,sad,center_joint,-3.4811511039733887,-3.536060094833374,-0.05490899085998535
pair_0007_sad,pair_0007,02,02,02,01,sad,center_19,-3.4811511039733887,-3.4728281497955322,0.008322954177856445
pair_0007_sad,pair_0007,02,02,02,01,sad,center_23,-3.4811511039733887,-3.7313790321350098,-0.2502279281616211
pair_0008_happy,pair_0008,03,01,01,01,happy,clean,-4.699073791503906,-4.699073791503906,0.0
pair_0008_happy,pair_0008,03,01,01,01,happy,zero_noop,-4.699073791503906,-4.699073791503906,0.0
pair_0008_happy,pair_0008,03,01,01,01,happy,center_joint,-4.699073791503906,-4.984193801879883,-0.28512001037597656
pair_0008_happy,pair_0008,03,01,01,01,happy,center_19,-4.699073791503906,-4.715770721435547,-0.016696929931640625
pair_0008_happy,pair_0008,03,01,01,01,happy,center_23,-4.699073791503906,-4.523072242736816,0.17600154876708984
pair_0008_sad,pair_0008,03,01,01,01,sad,clean,-4.5847086906433105,-4.5847086906433105,0.0
pair_0008_sad,pair_0008,03,01,01,01,sad,zero_noop,-4.5847086906433105,-4.5847086906433105,0.0
pair_0008_sad,pair_0008,03,01,01,01,sad,center_joint,-4.5847086906433105,-4.814615726470947,-0.22990703582763672
pair_0008_sad,pair_0008,03,01,01,01,sad,center_19,-4.5847086906433105,-4.594539642333984,-0.009830951690673828
pair_0008_sad,pair_0008,03,01,01,01,sad,center_23,-4.5847086906433105,-4.403632164001465,0.1810765266418457
pair_0009_happy,pair_0009,03,01,02,01,happy,clean,-4.718820571899414,-4.718820571899414,0.0
pair_0009_happy,pair_0009,03,01,02,01,happy,zero_noop,-4.718820571899414,-4.718820571899414,0.0
pair_0009_happy,pair_0009,03,01,02,01,happy,center_joint,-4.718820571899414,-4.949997901916504,-0.23117733001708984
pair_0009_happy,pair_0009,03,01,02,01,happy,center_19,-4.718820571899414,-4.72943639755249,-0.010615825653076172
pair_0009_happy,pair_0009,03,01,02,01,happy,center_23,-4.718820571899414,-4.540520668029785,0.1782999038696289
pair_0009_sad,pair_0009,03,01,02,01,sad,clean,-4.377320289611816,-4.377320289611816,0.0
pair_0009_sad,pair_0009,03,01,02,01,sad,zero_noop,-4.377320289611816,-4.377320289611816,0.0
pair_0009_sad,pair_0009,03,01,02,01,sad,center_joint,-4.377320289611816,-4.611579895019531,-0.23425960540771484
pair_0009_sad,pair_0009,03,01,02,01,sad,center_19,-4.377320289611816,-4.3844075202941895,-0.007087230682373047
pair_0009_sad,pair_0009,03,01,02,01,sad,center_23,-4.377320289611816,-4.196256637573242,0.18106365203857422
pair_0010_happy,pair_0010,03,02,01,01,happy,clean,-3.694944143295288,-3.694944143295288,0.0
pair_0010_happy,pair_0010,03,02,01,01,happy,zero_noop,-3.694944143295288,-3.694944143295288,0.0
pair_0010_happy,pair_0010,03,02,01,01,happy,center_joint,-3.694944143295288,-3.747584581375122,-0.052640438079833984
pair_0010_happy,pair_0010,03,02,01,01,happy,center_19,-3.694944143295288,-3.6794369220733643,0.015507221221923828
pair_0010_happy,pair_0010,03,02,01,01,happy,center_23,-3.694944143295288,-3.9473140239715576,-0.25236988067626953
pair_0010_sad,pair_0010,03,02,01,01,sad,clean,-3.3699402809143066,-3.3699402809143066,0.0
pair_0010_sad,pair_0010,03,02,01,01,sad,zero_noop,-3.3699402809143066,-3.3699402809143066,0.0
pair_0010_sad,pair_0010,03,02,01,01,sad,center_joint,-3.3699402809143066,-3.407413959503174,-0.03747367858886719
pair_0010_sad,pair_0010,03,02,01,01,sad,center_19,-3.3699402809143066,-3.354095458984375,0.01584482192993164
pair_0010_sad,pair_0010,03,02,01,01,sad,center_23,-3.3699402809143066,-3.619145393371582,-0.2492051124572754
pair_0011_happy,pair_0011,03,02,02,01,happy,clean,-3.5249128341674805,-3.5249128341674805,0.0
pair_0011_happy,pair_0011,03,02,02,01,happy,zero_noop,-3.5249128341674805,-3.5249128341674805,0.0
pair_0011_happy,pair_0011,03,02,02,01,happy,center_joint,-3.5249128341674805,-3.5933680534362793,-0.06845521926879883
pair_0011_happy,pair_0011,03,02,02,01,happy,center_19,-3.5249128341674805,-3.51218843460083,0.01272439956665039
pair_0011_happy,pair_0011,03,02,02,01,happy,center_23,-3.5249128341674805,-3.775557518005371,-0.2506446838378906
pair_0011_sad,pair_0011,03,02,02,01,sad,clean,-3.3314507007598877,-3.3314507007598877,0.0
pair_0011_sad,pair_0011,03,02,02,01,sad,zero_noop,-3.3314507007598877,-3.3314507007598877,0.0
pair_0011_sad,pair_0011,03,02,02,01,sad,center_joint,-3.3314507007598877,-3.3872692584991455,-0.05581855773925781
pair_0011_sad,pair_0011,03,02,02,01,sad,center_19,-3.3314507007598877,-3.320211172103882,0.01123952865600586
pair_0011_sad,pair_0011,03,02,02,01,sad,center_23,-3.3314507007598877,-3.584578037261963,-0.2531273365020752
pair_0012_happy,pair_0012,04,01,01,01,happy,clean,-4.602723121643066,-4.602723121643066,0.0
pair_0012_happy,pair_0012,04,01,01,01,happy,zero_noop,-4.602723121643066,-4.602723121643066,0.0
pair_0012_happy,pair_0012,04,01,01,01,happy,center_joint,-4.602723121643066,-4.791985988616943,-0.18926286697387695
pair_0012_happy,pair_0012,04,01,01,01,happy,center_19,-4.602723121643066,-4.606856822967529,-0.004133701324462891
pair_0012_happy,pair_0012,04,01,01,01,happy,center_23,-4.602723121643066,-4.420068740844727,0.18265438079833984
pair_0012_sad,pair_0012,04,01,01,01,sad,clean,-4.866759777069092,-4.866759777069092,0.0
pair_0012_sad,pair_0012,04,01,01,01,sad,zero_noop,-4.866759777069092,-4.866759777069092,0.0
pair_0012_sad,pair_0012,04,01,01,01,sad,center_joint,-4.866759777069092,-5.084330081939697,-0.21757030487060547
pair_0012_sad,pair_0012,04,01,01,01,sad,center_19,-4.866759777069092,-4.876131534576416,-0.009371757507324219
pair_0012_sad,pair_0012,04,01,01,01,sad,center_23,-4.866759777069092,-4.684226989746094,0.18253278732299805
pair_0013_happy,pair_0013,04,01,02,01,happy,clean,-4.569589614868164,-4.569589614868164,0.0
pair_0013_happy,pair_0013,04,01,02,01,happy,zero_noop,-4.569589614868164,-4.569589614868164,0.0
pair_0013_happy,pair_0013,04,01,02,01,happy,center_joint,-4.569589614868164,-4.810388088226318,-0.2407984733581543
pair_0013_happy,pair_0013,04,01,02,01,happy,center_19,-4.569589614868164,-4.58172607421875,-0.012136459350585938
pair_0013_happy,pair_0013,04,01,02,01,happy,center_23,-4.569589614868164,-4.390973091125488,0.17861652374267578
pair_0013_sad,pair_0013,04,01,02,01,sad,clean,-4.604321002960205,-4.604321002960205,0.0
pair_0013_sad,pair_0013,04,01,02,01,sad,zero_noop,-4.604321002960205,-4.604321002960205,0.0
pair_0013_sad,pair_0013,04,01,02,01,sad,center_joint,-4.604321002960205,-4.821258068084717,-0.21693706512451172
pair_0013_sad,pair_0013,04,01,02,01,sad,center_19,-4.604321002960205,-4.618642330169678,-0.014321327209472656
pair_0013_sad,pair_0013,04,01,02,01,sad,center_23,-4.604321002960205,-4.421632766723633,0.18268823623657227
pair_0014_happy,pair_0014,04,02,01,01,happy,clean,-3.6035590171813965,-3.6035590171813965,0.0
pair_0014_happy,pair_0014,04,02,01,01,happy,zero_noop,-3.6035590171813965,-3.6035590171813965,0.0
pair_0014_happy,pair_0014,04,02,01,01,happy,center_joint,-3.6035590171813965,-3.6892435550689697,-0.08568453788757324
pair_0014_happy,pair_0014,04,02,01,01,happy,center_19,-3.6035590171813965,-3.5913262367248535,0.012232780456542969
pair_0014_happy,pair_0014,04,02,01,01,happy,center_23,-3.6035590171813965,-3.8544280529022217,-0.2508690357208252
pair_0014_sad,pair_0014,04,02,01,01,sad,clean,-3.5703775882720947,-3.5703775882720947,0.0
pair_0014_sad,pair_0014,04,02,01,01,sad,zero_noop,-3.5703775882720947,-3.5703775882720947,0.0
pair_0014_sad,pair_0014,04,02,01,01,sad,center_joint,-3.5703775882720947,-3.6543235778808594,-0.08394598960876465
pair_0014_sad,pair_0014,04,02,01,01,sad,center_19,-3.5703775882720947,-3.5629920959472656,0.0073854923248291016
pair_0014_sad,pair_0014,04,02,01,01,sad,center_23,-3.5703775882720947,-3.8246054649353027,-0.254227876663208
pair_0015_happy,pair_0015,04,02,02,01,happy,clean,-3.3836679458618164,-3.3836679458618164,0.0
pair_0015_happy,pair_0015,04,02,02,01,happy,zero_noop,-3.3836679458618164,-3.3836679458618164,0.0
pair_0015_happy,pair_0015,04,02,02,01,happy,center_joint,-3.3836679458618164,-3.4362552165985107,-0.052587270736694336
pair_0015_happy,pair_0015,04,02,02,01,happy,center_19,-3.3836679458618164,-3.3656060695648193,0.01806187629699707
pair_0015_happy,pair_0015,04,02,02,01,happy,center_23,-3.3836679458618164,-3.629032850265503,-0.24536490440368652
pair_0015_sad,pair_0015,04,02,02,01,sad,clean,-3.808556318283081,-3.808556318283081,0.0
pair_0015_sad,pair_0015,04,02,02,01,sad,zero_noop,-3.808556318283081,-3.808556318283081,0.0
pair_0015_sad,pair_0015,04,02,02,01,sad,center_joint,-3.808556318283081,-3.787484884262085,0.021071434020996094
pair_0015_sad,pair_0015,04,02,02,01,sad,center_19,-3.808556318283081,-3.7872190475463867,0.021337270736694336
pair_0015_sad,pair_0015,04,02,02,01,sad,center_23,-3.808556318283081,-4.0558271408081055,-0.24727082252502441
pair_0016_happy,pair_0016,05,01,01,01,happy,clean,-4.557373046875,-4.557373046875,0.0
pair_0016_happy,pair_0016,05,01,01,01,happy,zero_noop,-4.557373046875,-4.557373046875,0.0
pair_0016_happy,pair_0016,05,01,01,01,happy,center_joint,-4.557373046875,-4.799779891967773,-0.24240684509277344
pair_0016_happy,pair_0016,05,01,01,01,happy,center_19,-4.557373046875,-4.566472053527832,-0.009099006652832031
pair_0016_happy,pair_0016,05,01,01,01,happy,center_23,-4.557373046875,-4.3753437995910645,0.18202924728393555
pair_0016_sad,pair_0016,05,01,01,01,sad,clean,-4.196678638458252,-4.196678638458252,0.0
pair_0016_sad,pair_0016,05,01,01,01,sad,zero_noop,-4.196678638458252,-4.196678638458252,0.0
pair_0016_sad,pair_0016,05,01,01,01,sad,center_joint,-4.196678638458252,-4.379817008972168,-0.18313837051391602
pair_0016_sad,pair_0016,05,01,01,01,sad,center_19,-4.196678638458252,-4.209533214569092,-0.012854576110839844
pair_0016_sad,pair_0016,05,01,01,01,sad,center_23,-4.196678638458252,-4.012890815734863,0.18378782272338867
pair_0017_happy,pair_0017,05,01,02,01,happy,clean,-4.383161544799805,-4.383161544799805,0.0
pair_0017_happy,pair_0017,05,01,02,01,happy,zero_noop,-4.383161544799805,-4.383161544799805,0.0
pair_0017_happy,pair_0017,05,01,02,01,happy,center_joint,-4.383161544799805,-4.621429920196533,-0.23826837539672852
pair_0017_happy,pair_0017,05,01,02,01,happy,center_19,-4.383161544799805,-4.399187088012695,-0.016025543212890625
pair_0017_happy,pair_0017,05,01,02,01,happy,center_23,-4.383161544799805,-4.20542573928833,0.1777358055114746
pair_0017_sad,pair_0017,05,01,02,01,sad,clean,-4.5589680671691895,-4.5589680671691895,0.0
pair_0017_sad,pair_0017,05,01,02,01,sad,zero_noop,-4.5589680671691895,-4.5589680671691895,0.0
pair_0017_sad,pair_0017,05,01,02,01,sad,center_joint,-4.5589680671691895,-4.819448947906494,-0.2604808807373047
pair_0017_sad,pair_0017,05,01,02,01,sad,center_19,-4.5589680671691895,-4.575442314147949,-0.016474246978759766
pair_0017_sad,pair_0017,05,01,02,01,sad,center_23,-4.5589680671691895,-4.375234603881836,0.18373346328735352
pair_0018_happy,pair_0018,05,02,01,01,happy,clean,-3.286710500717163,-3.286710500717163,0.0
pair_0018_happy,pair_0018,05,02,01,01,happy,zero_noop,-3.286710500717163,-3.286710500717163,0.0
pair_0018_happy,pair_0018,05,02,01,01,happy,center_joint,-3.286710500717163,-3.3673322200775146,-0.08062171936035156
pair_0018_happy,pair_0018,05,02,01,01,happy,center_19,-3.286710500717163,-3.2732443809509277,0.013466119766235352
pair_0018_happy,pair_0018,05,02,01,01,happy,center_23,-3.286710500717163,-3.5393080711364746,-0.2525975704193115
pair_0018_sad,pair_0018,05,02,01,01,sad,clean,-3.481130361557007,-3.481130361557007,0.0
pair_0018_sad,pair_0018,05,02,01,01,sad,zero_noop,-3.481130361557007,-3.481130361557007,0.0
pair_0018_sad,pair_0018,05,02,01,01,sad,center_joint,-3.481130361557007,-3.556227445602417,-0.07509708404541016
pair_0018_sad,pair_0018,05,02,01,01,sad,center_19,-3.481130361557007,-3.473421812057495,0.007708549499511719
pair_0018_sad,pair_0018,05,02,01,01,sad,center_23,-3.481130361557007,-3.7319226264953613,-0.2507922649383545
pair_0019_happy,pair_0019,05,02,02,01,happy,clean,-3.4755494594573975,-3.4755494594573975,0.0
pair_0019_happy,pair_0019,05,02,02,01,happy,zero_noop,-3.4755494594573975,-3.4755494594573975,0.0
pair_0019_happy,pair_0019,05,02,02,01,happy,center_joint,-3.4755494594573975,-3.4884033203125,-0.012853860855102539
pair_0019_happy,pair_0019,05,02,02,01,happy,center_19,-3.4755494594573975,-3.4618847370147705,0.013664722442626953
pair_0019_happy,pair_0019,05,02,02,01,happy,center_23,-3.4755494594573975,-3.7274081707000732,-0.2518587112426758
pair_0019_sad,pair_0019,05,02,02,01,sad,clean,-3.2868447303771973,-3.2868447303771973,0.0
pair_0019_sad,pair_0019,05,02,02,01,sad,zero_noop,-3.2868447303771973,-3.2868447303771973,0.0
pair_0019_sad,pair_0019,05,02,02,01,sad,center_joint,-3.2868447303771973,-3.3733787536621094,-0.08653402328491211
pair_0019_sad,pair_0019,05,02,02,01,sad,center_19,-3.2868447303771973,-3.276792287826538,0.01005244255065918
pair_0019_sad,pair_0019,05,02,02,01,sad,center_23,-3.2868447303771973,-3.535451650619507,-0.24860692024230957
pair_0020_happy,pair_0020,06,01,01,01,happy,clean,-4.214656829833984,-4.214656829833984,0.0
pair_0020_happy,pair_0020,06,01,01,01,happy,zero_noop,-4.214656829833984,-4.214656829833984,0.0
pair_0020_happy,pair_0020,06,01,01,01,happy,center_joint,-4.214656829833984,-4.46089506149292,-0.24623823165893555
pair_0020_happy,pair_0020,06,01,01,01,happy,center_19,-4.214656829833984,-4.228579998016357,-0.013923168182373047
pair_0020_happy,pair_0020,06,01,01,01,happy,center_23,-4.214656829833984,-4.032245635986328,0.18241119384765625
pair_0020_sad,pair_0020,06,01,01,01,sad,clean,-4.52412223815918,-4.52412223815918,0.0
pair_0020_sad,pair_0020,06,01,01,01,sad,zero_noop,-4.52412223815918,-4.52412223815918,0.0
pair_0020_sad,pair_0020,06,01,01,01,sad,center_joint,-4.52412223815918,-4.736791610717773,-0.21266937255859375
pair_0020_sad,pair_0020,06,01,01,01,sad,center_19,-4.52412223815918,-4.532167434692383,-0.008045196533203125
pair_0020_sad,pair_0020,06,01,01,01,sad,center_23,-4.52412223815918,-4.342617511749268,0.1815047264099121
pair_0021_happy,pair_0021,06,01,02,01,happy,clean,-4.25598669052124,-4.25598669052124,0.0
pair_0021_happy,pair_0021,06,01,02,01,happy,zero_noop,-4.25598669052124,-4.25598669052124,0.0
pair_0021_happy,pair_0021,06,01,02,01,happy,center_joint,-4.25598669052124,-4.447802543640137,-0.19181585311889648
pair_0021_happy,pair_0021,06,01,02,01,happy,center_19,-4.25598669052124,-4.256075859069824,-8.916854858398438e-05
pair_0021_happy,pair_0021,06,01,02,01,happy,center_23,-4.25598669052124,-4.079670429229736,0.1763162612915039
pair_0021_sad,pair_0021,06,01,02,01,sad,clean,-4.614285469055176,-4.614285469055176,0.0
pair_0021_sad,pair_0021,06,01,02,01,sad,zero_noop,-4.614285469055176,-4.614285469055176,0.0
pair_0021_sad,pair_0021,06,01,02,01,sad,center_joint,-4.614285469055176,-4.83876895904541,-0.22448348999023438
pair_0021_sad,pair_0021,06,01,02,01,sad,center_19,-4.614285469055176,-4.62253475189209,-0.008249282836914062
pair_0021_sad,pair_0021,06,01,02,01,sad,center_23,-4.614285469055176,-4.4336652755737305,0.1806201934814453
pair_0022_happy,pair_0022,06,02,01,01,happy,clean,-3.6021475791931152,-3.6021475791931152,0.0
pair_0022_happy,pair_0022,06,02,01,01,happy,zero_noop,-3.6021475791931152,-3.6021475791931152,0.0
pair_0022_happy,pair_0022,06,02,01,01,happy,center_joint,-3.6021475791931152,-3.633007049560547,-0.03085947036743164
pair_0022_happy,pair_0022,06,02,01,01,happy,center_19,-3.6021475791931152,-3.589402437210083,0.012745141983032227
pair_0022_happy,pair_0022,06,02,01,01,happy,center_23,-3.6021475791931152,-3.8523504734039307,-0.25020289421081543
pair_0022_sad,pair_0022,06,02,01,01,sad,clean,-3.4650402069091797,-3.4650402069091797,0.0
pair_0022_sad,pair_0022,06,02,01,01,sad,zero_noop,-3.4650402069091797,-3.4650402069091797,0.0
pair_0022_sad,pair_0022,06,02,01,01,sad,center_joint,-3.4650402069091797,-3.5128164291381836,-0.047776222229003906
pair_0022_sad,pair_0022,06,02,01,01,sad,center_19,-3.4650402069091797,-3.4525156021118164,0.012524604797363281
pair_0022_sad,pair_0022,06,02,01,01,sad,center_23,-3.4650402069091797,-3.7134807109832764,-0.24844050407409668
pair_0023_happy,pair_0023,06,02,02,01,happy,clean,-3.457305908203125,-3.457305908203125,0.0
pair_0023_happy,pair_0023,06,02,02,01,happy,zero_noop,-3.457305908203125,-3.457305908203125,0.0
pair_0023_happy,pair_0023,06,02,02,01,happy,center_joint,-3.457305908203125,-3.5145890712738037,-0.05728316307067871
pair_0023_happy,pair_0023,06,02,02,01,happy,center_19,-3.457305908203125,-3.4456210136413574,0.011684894561767578
pair_0023_happy,pair_0023,06,02,02,01,happy,center_23,-3.457305908203125,-3.7102179527282715,-0.2529120445251465
pair_0023_sad,pair_0023,06,02,02,01,sad,clean,-3.6551520824432373,-3.6551520824432373,0.0
pair_0023_sad,pair_0023,06,02,02,01,sad,zero_noop,-3.6551520824432373,-3.6551520824432373,0.0
pair_0023_sad,pair_0023,06,02,02,01,sad,center_joint,-3.6551520824432373,-3.720869302749634,-0.06571722030639648
pair_0023_sad,pair_0023,06,02,02,01,sad,center_19,-3.6551520824432373,-3.646538734436035,0.008613348007202148
pair_0023_sad,pair_0023,06,02,02,01,sad,center_23,-3.6551520824432373,-3.9100522994995117,-0.2549002170562744
pair_0024_happy,pair_0024,07,01,01,01,happy,clean,-4.384683609008789,-4.384683609008789,0.0
pair_0024_happy,pair_0024,07,01,01,01,happy,zero_noop,-4.384683609008789,-4.384683609008789,0.0
pair_0024_happy,pair_0024,07,01,01,01,happy,center_joint,-4.384683609008789,-4.644054412841797,-0.2593708038330078
pair_0024_happy,pair_0024,07,01,01,01,happy,center_19,-4.384683609008789,-4.40205192565918,-0.017368316650390625
pair_0024_happy,pair_0024,07,01,01,01,happy,center_23,-4.384683609008789,-4.201533317565918,0.1831502914428711
pair_0024_sad,pair_0024,07,01,01,01,sad,clean,-4.1672210693359375,-4.1672210693359375,0.0
pair_0024_sad,pair_0024,07,01,01,01,sad,zero_noop,-4.1672210693359375,-4.1672210693359375,0.0
pair_0024_sad,pair_0024,07,01,01,01,sad,center_joint,-4.1672210693359375,-4.375851631164551,-0.20863056182861328
pair_0024_sad,pair_0024,07,01,01,01,sad,center_19,-4.1672210693359375,-4.178194999694824,-0.010973930358886719
pair_0024_sad,pair_0024,07,01,01,01,sad,center_23,-4.1672210693359375,-3.9835360050201416,0.1836850643157959
pair_0025_happy,pair_0025,07,01,02,01,happy,clean,-4.604063987731934,-4.604063987731934,0.0
pair_0025_happy,pair_0025,07,01,02,01,happy,zero_noop,-4.604063987731934,-4.604063987731934,0.0
pair_0025_happy,pair_0025,07,01,02,01,happy,center_joint,-4.604063987731934,-4.83891487121582,-0.23485088348388672
pair_0025_happy,pair_0025,07,01,02,01,happy,center_19,-4.604063987731934,-4.615553855895996,-0.0114898681640625
pair_0025_happy,pair_0025,07,01,02,01,happy,center_23,-4.604063987731934,-4.4234514236450195,0.18061256408691406
pair_0025_sad,pair_0025,07,01,02,01,sad,clean,-4.696544170379639,-4.696544170379639,0.0
pair_0025_sad,pair_0025,07,01,02,01,sad,zero_noop,-4.696544170379639,-4.696544170379639,0.0
pair_0025_sad,pair_0025,07,01,02,01,sad,center_joint,-4.696544170379639,-4.933221817016602,-0.2366776466369629
pair_0025_sad,pair_0025,07,01,02,01,sad,center_19,-4.696544170379639,-4.70867919921875,-0.012135028839111328
pair_0025_sad,pair_0025,07,01,02,01,sad,center_23,-4.696544170379639,-4.516532897949219,0.18001127243041992
pair_0026_happy,pair_0026,07,02,01,01,happy,clean,-3.7800509929656982,-3.7800509929656982,0.0
pair_0026_happy,pair_0026,07,02,01,01,happy,zero_noop,-3.7800509929656982,-3.7800509929656982,0.0
pair_0026_happy,pair_0026,07,02,01,01,happy,center_joint,-3.7800509929656982,-3.8303961753845215,-0.05034518241882324
pair_0026_happy,pair_0026,07,02,01,01,happy,center_19,-3.7800509929656982,-3.7689223289489746,0.011128664016723633
pair_0026_happy,pair_0026,07,02,01,01,happy,center_23,-3.7800509929656982,-4.0212202072143555,-0.24116921424865723
pair_0026_sad,pair_0026,07,02,01,01,sad,clean,-3.630866765975952,-3.630866765975952,0.0
pair_0026_sad,pair_0026,07,02,01,01,sad,zero_noop,-3.630866765975952,-3.630866765975952,0.0
pair_0026_sad,pair_0026,07,02,01,01,sad,center_joint,-3.630866765975952,-3.67842960357666,-0.04756283760070801
pair_0026_sad,pair_0026,07,02,01,01,sad,center_19,-3.630866765975952,-3.6248815059661865,0.005985260009765625
pair_0026_sad,pair_0026,07,02,01,01,sad,center_23,-3.630866765975952,-3.878157138824463,-0.24729037284851074
pair_0027_happy,pair_0027,07,02,02,01,happy,clean,-3.7800509929656982,-3.7800509929656982,0.0
pair_0027_happy,pair_0027,07,02,02,01,happy,zero_noop,-3.7800509929656982,-3.7800509929656982,0.0
pair_0027_happy,pair_0027,07,02,02,01,happy,center_joint,-3.7800509929656982,-3.8303961753845215,-0.05034518241882324
pair_0027_happy,pair_0027,07,02,02,01,happy,center_19,-3.7800509929656982,-3.7689223289489746,0.011128664016723633
pair_0027_happy,pair_0027,07,02,02,01,happy,center_23,-3.7800509929656982,-4.0212202072143555,-0.24116921424865723
pair_0027_sad,pair_0027,07,02,02,01,sad,clean,-3.5695126056671143,-3.5695126056671143,0.0
pair_0027_sad,pair_0027,07,02,02,01,sad,zero_noop,-3.5695126056671143,-3.5695126056671143,0.0
pair_0027_sad,pair_0027,07,02,02,01,sad,center_joint,-3.5695126056671143,-3.5835118293762207,-0.013999223709106445
pair_0027_sad,pair_0027,07,02,02,01,sad,center_19,-3.5695126056671143,-3.5561130046844482,0.013399600982666016
pair_0027_sad,pair_0027,07,02,02,01,sad,center_23,-3.5695126056671143,-3.8200273513793945,-0.2505147457122803
pair_0028_happy,pair_0028,08,01,01,01,happy,clean,-3.8731539249420166,-3.8731539249420166,0.0
pair_0028_happy,pair_0028,08,01,01,01,happy,zero_noop,-3.8731539249420166,-3.8731539249420166,0.0
pair_0028_happy,pair_0028,08,01,01,01,happy,center_joint,-3.8731539249420166,-4.053345203399658,-0.1801912784576416
pair_0028_happy,pair_0028,08,01,01,01,happy,center_19,-3.8731539249420166,-3.8851685523986816,-0.012014627456665039
pair_0028_happy,pair_0028,08,01,01,01,happy,center_23,-3.8731539249420166,-3.684053421020508,0.1891005039215088
pair_0028_sad,pair_0028,08,01,01,01,sad,clean,-5.036435127258301,-5.036435127258301,0.0
pair_0028_sad,pair_0028,08,01,01,01,sad,zero_noop,-5.036435127258301,-5.036435127258301,0.0
pair_0028_sad,pair_0028,08,01,01,01,sad,center_joint,-5.036435127258301,-5.240287780761719,-0.20385265350341797
pair_0028_sad,pair_0028,08,01,01,01,sad,center_19,-5.036435127258301,-5.047884464263916,-0.011449337005615234
pair_0028_sad,pair_0028,08,01,01,01,sad,center_23,-5.036435127258301,-4.846988201141357,0.18944692611694336
pair_0029_happy,pair_0029,08,01,02,01,happy,clean,-4.524965286254883,-4.524965286254883,0.0
pair_0029_happy,pair_0029,08,01,02,01,happy,zero_noop,-4.524965286254883,-4.524965286254883,0.0
pair_0029_happy,pair_0029,08,01,02,01,happy,center_joint,-4.524965286254883,-4.760086536407471,-0.2351212501525879
pair_0029_happy,pair_0029,08,01,02,01,happy,center_19,-4.524965286254883,-4.533534049987793,-0.008568763732910156
pair_0029_happy,pair_0029,08,01,02,01,happy,center_23,-4.524965286254883,-4.338937759399414,0.18602752685546875
pair_0029_sad,pair_0029,08,01,02,01,sad,clean,-4.290677070617676,-4.290677070617676,0.0
pair_0029_sad,pair_0029,08,01,02,01,sad,zero_noop,-4.290677070617676,-4.290677070617676,0.0
pair_0029_sad,pair_0029,08,01,02,01,sad,center_joint,-4.290677070617676,-4.450226306915283,-0.15954923629760742
pair_0029_sad,pair_0029,08,01,02,01,sad,center_19,-4.290677070617676,-4.2899885177612305,0.0006885528564453125
pair_0029_sad,pair_0029,08,01,02,01,sad,center_23,-4.290677070617676,-4.1122145652771,0.17846250534057617
pair_0030_happy,pair_0030,08,02,01,01,happy,clean,-3.895028591156006,-3.895028591156006,0.0
pair_0030_happy,pair_0030,08,02,01,01,happy,zero_noop,-3.895028591156006,-3.895028591156006,0.0
pair_0030_happy,pair_0030,08,02,01,01,happy,center_joint,-3.895028591156006,-3.918680191040039,-0.023651599884033203
pair_0030_happy,pair_0030,08,02,01,01,happy,center_19,-3.895028591156006,-3.8814854621887207,0.013543128967285156
pair_0030_happy,pair_0030,08,02,01,01,happy,center_23,-3.895028591156006,-4.141474723815918,-0.2464461326599121
pair_0030_sad,pair_0030,08,02,01,01,sad,clean,-2.6575613021850586,-2.6575613021850586,0.0
pair_0030_sad,pair_0030,08,02,01,01,sad,zero_noop,-2.6575613021850586,-2.6575613021850586,0.0
pair_0030_sad,pair_0030,08,02,01,01,sad,center_joint,-2.6575613021850586,-2.6471104621887207,0.01045083999633789
pair_0030_sad,pair_0030,08,02,01,01,sad,center_19,-2.6575613021850586,-2.632105588912964,0.025455713272094727
pair_0030_sad,pair_0030,08,02,01,01,sad,center_23,-2.6575613021850586,-2.896517038345337,-0.23895573616027832
pair_0031_happy,pair_0031,08,02,02,01,happy,clean,-3.81231689453125,-3.81231689453125,0.0
pair_0031_happy,pair_0031,08,02,02,01,happy,zero_noop,-3.81231689453125,-3.81231689453125,0.0
pair_0031_happy,pair_0031,08,02,02,01,happy,center_joint,-3.81231689453125,-3.838361978530884,-0.02604508399963379
pair_0031_happy,pair_0031,08,02,02,01,happy,center_19,-3.81231689453125,-3.7951436042785645,0.017173290252685547
pair_0031_happy,pair_0031,08,02,02,01,happy,center_23,-3.81231689453125,-4.0591630935668945,-0.24684619903564453
pair_0031_sad,pair_0031,08,02,02,01,sad,clean,-3.2720704078674316,-3.2720704078674316,0.0
pair_0031_sad,pair_0031,08,02,02,01,sad,zero_noop,-3.2720704078674316,-3.2720704078674316,0.0
pair_0031_sad,pair_0031,08,02,02,01,sad,center_joint,-3.2720704078674316,-3.268760919570923,0.003309488296508789
pair_0031_sad,pair_0031,08,02,02,01,sad,center_19,-3.2720704078674316,-3.2542290687561035,0.017841339111328125
pair_0031_sad,pair_0031,08,02,02,01,sad,center_23,-3.2720704078674316,-3.5031673908233643,-0.23109698295593262
pair_0032_happy,pair_0032,09,01,01,01,happy,clean,-4.663866996765137,-4.663866996765137,0.0
pair_0032_happy,pair_0032,09,01,01,01,happy,zero_noop,-4.663866996765137,-4.663866996765137,0.0
pair_0032_happy,pair_0032,09,01,01,01,happy,center_joint,-4.663866996765137,-4.857429504394531,-0.19356250762939453
pair_0032_happy,pair_0032,09,01,01,01,happy,center_19,-4.663866996765137,-4.673243999481201,-0.009377002716064453
pair_0032_happy,pair_0032,09,01,01,01,happy,center_23,-4.663866996765137,-4.478673934936523,0.18519306182861328
pair_0032_sad,pair_0032,09,01,01,01,sad,clean,-4.710247993469238,-4.710247993469238,0.0
pair_0032_sad,pair_0032,09,01,01,01,sad,zero_noop,-4.710247993469238,-4.710247993469238,0.0
pair_0032_sad,pair_0032,09,01,01,01,sad,center_joint,-4.710247993469238,-4.9420366287231445,-0.23178863525390625
pair_0032_sad,pair_0032,09,01,01,01,sad,center_19,-4.710247993469238,-4.715497016906738,-0.0052490234375
pair_0032_sad,pair_0032,09,01,01,01,sad,center_23,-4.710247993469238,-4.5332136154174805,0.1770343780517578
pair_0033_happy,pair_0033,09,01,02,01,happy,clean,-5.057777404785156,-5.057777404785156,0.0
pair_0033_happy,pair_0033,09,01,02,01,happy,zero_noop,-5.057777404785156,-5.057777404785156,0.0
pair_0033_happy,pair_0033,09,01,02,01,happy,center_joint,-5.057777404785156,-5.282106876373291,-0.22432947158813477
pair_0033_happy,pair_0033,09,01,02,01,happy,center_19,-5.057777404785156,-5.068387508392334,-0.010610103607177734
pair_0033_happy,pair_0033,09,01,02,01,happy,center_23,-5.057777404785156,-4.871054649353027,0.1867227554321289
pair_0033_sad,pair_0033,09,01,02,01,sad,clean,-4.2751312255859375,-4.2751312255859375,0.0
pair_0033_sad,pair_0033,09,01,02,01,sad,zero_noop,-4.2751312255859375,-4.2751312255859375,0.0
pair_0033_sad,pair_0033,09,01,02,01,sad,center_joint,-4.2751312255859375,-4.457624912261963,-0.1824936866760254
pair_0033_sad,pair_0033,09,01,02,01,sad,center_19,-4.2751312255859375,-4.276518821716309,-0.0013875961303710938
pair_0033_sad,pair_0033,09,01,02,01,sad,center_23,-4.2751312255859375,-4.091728687286377,0.18340253829956055
pair_0034_happy,pair_0034,09,02,01,01,happy,clean,-3.9641289710998535,-3.9641289710998535,0.0
pair_0034_happy,pair_0034,09,02,01,01,happy,zero_noop,-3.9641289710998535,-3.9641289710998535,0.0
pair_0034_happy,pair_0034,09,02,01,01,happy,center_joint,-3.9641289710998535,-4.09272575378418,-0.12859678268432617
pair_0034_happy,pair_0034,09,02,01,01,happy,center_19,-3.9641289710998535,-3.955655336380005,0.008473634719848633
pair_0034_happy,pair_0034,09,02,01,01,happy,center_23,-3.9641289710998535,-4.2197442054748535,-0.255615234375
pair_0034_sad,pair_0034,09,02,01,01,sad,clean,-3.916632652282715,-3.916632652282715,0.0
pair_0034_sad,pair_0034,09,02,01,01,sad,zero_noop,-3.916632652282715,-3.916632652282715,0.0
pair_0034_sad,pair_0034,09,02,01,01,sad,center_joint,-3.916632652282715,-4.0379133224487305,-0.12128067016601562
pair_0034_sad,pair_0034,09,02,01,01,sad,center_19,-3.916632652282715,-3.9119317531585693,0.004700899124145508
pair_0034_sad,pair_0034,09,02,01,01,sad,center_23,-3.916632652282715,-4.177852153778076,-0.26121950149536133
pair_0035_happy,pair_0035,09,02,02,01,happy,clean,-3.542358636856079,-3.542358636856079,0.0
pair_0035_happy,pair_0035,09,02,02,01,happy,zero_noop,-3.542358636856079,-3.542358636856079,0.0
pair_0035_happy,pair_0035,09,02,02,01,happy,center_joint,-3.542358636856079,-3.628474712371826,-0.08611607551574707
pair_0035_happy,pair_0035,09,02,02,01,happy,center_19,-3.542358636856079,-3.532261848449707,0.01009678840637207
pair_0035_happy,pair_0035,09,02,02,01,happy,center_23,-3.542358636856079,-3.802706241607666,-0.2603476047515869
pair_0035_sad,pair_0035,09,02,02,01,sad,clean,-4.2842607498168945,-4.2842607498168945,0.0
pair_0035_sad,pair_0035,09,02,02,01,sad,zero_noop,-4.2842607498168945,-4.2842607498168945,0.0
pair_0035_sad,pair_0035,09,02,02,01,sad,center_joint,-4.2842607498168945,-4.260376930236816,0.023883819580078125
pair_0035_sad,pair_0035,09,02,02,01,sad,center_19,-4.2842607498168945,-4.277711868286133,0.006548881530761719
pair_0035_sad,pair_0035,09,02,02,01,sad,center_23,-4.2842607498168945,-4.5196533203125,-0.23539257049560547
pair_0036_happy,pair_0036,10,01,01,01,happy,clean,-4.150804042816162,-4.150804042816162,0.0
pair_0036_happy,pair_0036,10,01,01,01,happy,zero_noop,-4.150804042816162,-4.150804042816162,0.0
pair_0036_happy,pair_0036,10,01,01,01,happy,center_joint,-4.150804042816162,-4.386495113372803,-0.23569107055664062
pair_0036_happy,pair_0036,10,01,01,01,happy,center_19,-4.150804042816162,-4.162210941314697,-0.011406898498535156
pair_0036_happy,pair_0036,10,01,01,01,happy,center_23,-4.150804042816162,-3.969677209854126,0.18112683296203613
pair_0036_sad,pair_0036,10,01,01,01,sad,clean,-4.659658908843994,-4.659658908843994,0.0
pair_0036_sad,pair_0036,10,01,01,01,sad,zero_noop,-4.659658908843994,-4.659658908843994,0.0
pair_0036_sad,pair_0036,10,01,01,01,sad,center_joint,-4.659658908843994,-4.878983497619629,-0.21932458877563477
pair_0036_sad,pair_0036,10,01,01,01,sad,center_19,-4.659658908843994,-4.667330741882324,-0.007671833038330078
pair_0036_sad,pair_0036,10,01,01,01,sad,center_23,-4.659658908843994,-4.4831318855285645,0.1765270233154297
pair_0037_happy,pair_0037,10,01,02,01,happy,clean,-4.401796817779541,-4.401796817779541,0.0
pair_0037_happy,pair_0037,10,01,02,01,happy,zero_noop,-4.401796817779541,-4.401796817779541,0.0
pair_0037_happy,pair_0037,10,01,02,01,happy,center_joint,-4.401796817779541,-4.675607681274414,-0.27381086349487305
pair_0037_happy,pair_0037,10,01,02,01,happy,center_19,-4.401796817779541,-4.417716026306152,-0.015919208526611328
pair_0037_happy,pair_0037,10,01,02,01,happy,center_23,-4.401796817779541,-4.224502086639404,0.17729473114013672
pair_0037_sad,pair_0037,10,01,02,01,sad,clean,-4.394583225250244,-4.394583225250244,0.0
pair_0037_sad,pair_0037,10,01,02,01,sad,zero_noop,-4.394583225250244,-4.394583225250244,0.0
pair_0037_sad,pair_0037,10,01,02,01,sad,center_joint,-4.394583225250244,-4.6103620529174805,-0.21577882766723633
pair_0037_sad,pair_0037,10,01,02,01,sad,center_19,-4.394583225250244,-4.40401554107666,-0.009432315826416016
pair_0037_sad,pair_0037,10,01,02,01,sad,center_23,-4.394583225250244,-4.212203025817871,0.18238019943237305
pair_0038_happy,pair_0038,10,02,01,01,happy,clean,-3.654942512512207,-3.654942512512207,0.0
pair_0038_happy,pair_0038,10,02,01,01,happy,zero_noop,-3.654942512512207,-3.654942512512207,0.0
pair_0038_happy,pair_0038,10,02,01,01,happy,center_joint,-3.654942512512207,-3.7209362983703613,-0.0659937858581543
pair_0038_happy,pair_0038,10,02,01,01,happy,center_19,-3.654942512512207,-3.640101671218872,0.014840841293334961
pair_0038_happy,pair_0038,10,02,01,01,happy,center_23,-3.654942512512207,-3.9157416820526123,-0.2607991695404053
pair_0038_sad,pair_0038,10,02,01,01,sad,clean,-2.569734573364258,-2.569734573364258,0.0
pair_0038_sad,pair_0038,10,02,01,01,sad,zero_noop,-2.569734573364258,-2.569734573364258,0.0
pair_0038_sad,pair_0038,10,02,01,01,sad,center_joint,-2.569734573364258,-2.5291268825531006,0.04060769081115723
pair_0038_sad,pair_0038,10,02,01,01,sad,center_19,-2.569734573364258,-2.5624752044677734,0.007259368896484375
pair_0038_sad,pair_0038,10,02,01,01,sad,center_23,-2.569734573364258,-2.7863402366638184,-0.21660566329956055
pair_0039_happy,pair_0039,10,02,02,01,happy,clean,-3.5496907234191895,-3.5496907234191895,0.0
pair_0039_happy,pair_0039,10,02,02,01,happy,zero_noop,-3.5496907234191895,-3.5496907234191895,0.0
pair_0039_happy,pair_0039,10,02,02,01,happy,center_joint,-3.5496907234191895,-3.600799560546875,-0.05110883712768555
pair_0039_happy,pair_0039,10,02,02,01,happy,center_19,-3.5496907234191895,-3.5321860313415527,0.01750469207763672
pair_0039_happy,pair_0039,10,02,02,01,happy,center_23,-3.5496907234191895,-3.8025474548339844,-0.2528567314147949
pair_0039_sad,pair_0039,10,02,02,01,sad,clean,-3.347115993499756,-3.347115993499756,0.0
pair_0039_sad,pair_0039,10,02,02,01,sad,zero_noop,-3.347115993499756,-3.347115993499756,0.0
pair_0039_sad,pair_0039,10,02,02,01,sad,center_joint,-3.347115993499756,-3.3899216651916504,-0.04280567169189453
pair_0039_sad,pair_0039,10,02,02,01,sad,center_19,-3.347115993499756,-3.338778257369995,0.008337736129760742
pair_0039_sad,pair_0039,10,02,02,01,sad,center_23,-3.347115993499756,-3.5952889919281006,-0.24817299842834473
pair_0040_happy,pair_0040,11,01,01,01,happy,clean,-4.2292304039001465,-4.2292304039001465,0.0
pair_0040_happy,pair_0040,11,01,01,01,happy,zero_noop,-4.2292304039001465,-4.2292304039001465,0.0
pair_0040_happy,pair_0040,11,01,01,01,happy,center_joint,-4.2292304039001465,-4.440876483917236,-0.21164608001708984
pair_0040_happy,pair_0040,11,01,01,01,happy,center_19,-4.2292304039001465,-4.244704246520996,-0.01547384262084961
pair_0040_happy,pair_0040,11,01,01,01,happy,center_23,-4.2292304039001465,-4.052961349487305,0.1762690544128418
pair_0040_sad,pair_0040,11,01,01,01,sad,clean,-4.656558036804199,-4.656558036804199,0.0
pair_0040_sad,pair_0040,11,01,01,01,sad,zero_noop,-4.656558036804199,-4.656558036804199,0.0
pair_0040_sad,pair_0040,11,01,01,01,sad,center_joint,-4.656558036804199,-4.887714385986328,-0.2311563491821289
pair_0040_sad,pair_0040,11,01,01,01,sad,center_19,-4.656558036804199,-4.669624328613281,-0.013066291809082031
pair_0040_sad,pair_0040,11,01,01,01,sad,center_23,-4.656558036804199,-4.477014541625977,0.17954349517822266
pair_0041_happy,pair_0041,11,01,02,01,happy,clean,-4.719845771789551,-4.719845771789551,0.0
pair_0041_happy,pair_0041,11,01,02,01,happy,zero_noop,-4.719845771789551,-4.719845771789551,0.0
pair_0041_happy,pair_0041,11,01,02,01,happy,center_joint,-4.719845771789551,-4.945080757141113,-0.2252349853515625
pair_0041_happy,pair_0041,11,01,02,01,happy,center_19,-4.719845771789551,-4.731557369232178,-0.011711597442626953
pair_0041_happy,pair_0041,11,01,02,01,happy,center_23,-4.719845771789551,-4.537256717681885,0.18258905410766602
pair_0041_sad,pair_0041,11,01,02,01,sad,clean,-4.9697065353393555,-4.9697065353393555,0.0
pair_0041_sad,pair_0041,11,01,02,01,sad,zero_noop,-4.9697065353393555,-4.9697065353393555,0.0
pair_0041_sad,pair_0041,11,01,02,01,sad,center_joint,-4.9697065353393555,-5.2224836349487305,-0.252777099609375
pair_0041_sad,pair_0041,11,01,02,01,sad,center_19,-4.9697065353393555,-4.983682632446289,-0.013976097106933594
pair_0041_sad,pair_0041,11,01,02,01,sad,center_23,-4.9697065353393555,-4.791327476501465,0.17837905883789062
pair_0042_happy,pair_0042,11,02,01,01,happy,clean,-3.600306987762451,-3.600306987762451,0.0
pair_0042_happy,pair_0042,11,02,01,01,happy,zero_noop,-3.600306987762451,-3.600306987762451,0.0
pair_0042_happy,pair_0042,11,02,01,01,happy,center_joint,-3.600306987762451,-3.6669206619262695,-0.06661367416381836
pair_0042_happy,pair_0042,11,02,01,01,happy,center_19,-3.600306987762451,-3.587489604949951,0.0128173828125
pair_0042_happy,pair_0042,11,02,01,01,happy,center_23,-3.600306987762451,-3.8528378009796143,-0.2525308132171631
pair_0042_sad,pair_0042,11,02,01,01,sad,clean,-3.4869284629821777,-3.4869284629821777,0.0
pair_0042_sad,pair_0042,11,02,01,01,sad,zero_noop,-3.4869284629821777,-3.4869284629821777,0.0
pair_0042_sad,pair_0042,11,02,01,01,sad,center_joint,-3.4869284629821777,-3.491083860397339,-0.004155397415161133
pair_0042_sad,pair_0042,11,02,01,01,sad,center_19,-3.4869284629821777,-3.4700775146484375,0.016850948333740234
pair_0042_sad,pair_0042,11,02,01,01,sad,center_23,-3.4869284629821777,-3.734832763671875,-0.24790430068969727
pair_0043_happy,pair_0043,11,02,02,01,happy,clean,-3.6370222568511963,-3.6370222568511963,0.0
pair_0043_happy,pair_0043,11,02,02,01,happy,zero_noop,-3.6370222568511963,-3.6370222568511963,0.0
pair_0043_happy,pair_0043,11,02,02,01,happy,center_joint,-3.6370222568511963,-3.7274861335754395,-0.09046387672424316
pair_0043_happy,pair_0043,11,02,02,01,happy,center_19,-3.6370222568511963,-3.6262073516845703,0.010814905166625977
pair_0043_happy,pair_0043,11,02,02,01,happy,center_23,-3.6370222568511963,-3.886683940887451,-0.24966168403625488
pair_0043_sad,pair_0043,11,02,02,01,sad,clean,-3.4830188751220703,-3.4830188751220703,0.0
pair_0043_sad,pair_0043,11,02,02,01,sad,zero_noop,-3.4830188751220703,-3.4830188751220703,0.0
pair_0043_sad,pair_0043,11,02,02,01,sad,center_joint,-3.4830188751220703,-3.4795753955841064,0.003443479537963867
pair_0043_sad,pair_0043,11,02,02,01,sad,center_19,-3.4830188751220703,-3.4651193618774414,0.017899513244628906
pair_0043_sad,pair_0043,11,02,02,01,sad,center_23,-3.4830188751220703,-3.7245070934295654,-0.24148821830749512
pair_0044_happy,pair_0044,12,01,01,01,happy,clean,-4.7307024002075195,-4.7307024002075195,0.0
pair_0044_happy,pair_0044,12,01,01,01,happy,zero_noop,-4.7307024002075195,-4.7307024002075195,0.0
pair_0044_happy,pair_0044,12,01,01,01,happy,center_joint,-4.7307024002075195,-4.970427989959717,-0.23972558975219727
pair_0044_happy,pair_0044,12,01,01,01,happy,center_19,-4.7307024002075195,-4.7438225746154785,-0.013120174407958984
pair_0044_happy,pair_0044,12,01,01,01,happy,center_23,-4.7307024002075195,-4.54707145690918,0.18363094329833984
pair_0044_sad,pair_0044,12,01,01,01,sad,clean,-4.494531631469727,-4.494531631469727,0.0
pair_0044_sad,pair_0044,12,01,01,01,sad,zero_noop,-4.494531631469727,-4.494531631469727,0.0
pair_0044_sad,pair_0044,12,01,01,01,sad,center_joint,-4.494531631469727,-4.751351356506348,-0.2568197250366211
pair_0044_sad,pair_0044,12,01,01,01,sad,center_19,-4.494531631469727,-4.508213520050049,-0.013681888580322266
pair_0044_sad,pair_0044,12,01,01,01,sad,center_23,-4.494531631469727,-4.310059547424316,0.18447208404541016
pair_0045_happy,pair_0045,12,01,02,01,happy,clean,-4.397916316986084,-4.397916316986084,0.0
pair_0045_happy,pair_0045,12,01,02,01,happy,zero_noop,-4.397916316986084,-4.397916316986084,0.0
pair_0045_happy,pair_0045,12,01,02,01,happy,center_joint,-4.397916316986084,-4.618537902832031,-0.22062158584594727
pair_0045_happy,pair_0045,12,01,02,01,happy,center_19,-4.397916316986084,-4.407791614532471,-0.009875297546386719
pair_0045_happy,pair_0045,12,01,02,01,happy,center_23,-4.397916316986084,-4.21911096572876,0.17880535125732422
pair_0045_sad,pair_0045,12,01,02,01,sad,clean,-4.50814151763916,-4.50814151763916,0.0
pair_0045_sad,pair_0045,12,01,02,01,sad,zero_noop,-4.50814151763916,-4.50814151763916,0.0
pair_0045_sad,pair_0045,12,01,02,01,sad,center_joint,-4.50814151763916,-4.728415489196777,-0.2202739715576172
pair_0045_sad,pair_0045,12,01,02,01,sad,center_19,-4.50814151763916,-4.511930465698242,-0.0037889480590820312
pair_0045_sad,pair_0045,12,01,02,01,sad,center_23,-4.50814151763916,-4.330689430236816,0.17745208740234375
pair_0046_happy,pair_0046,12,02,01,01,happy,clean,-3.426363945007324,-3.426363945007324,0.0
pair_0046_happy,pair_0046,12,02,01,01,happy,zero_noop,-3.426363945007324,-3.426363945007324,0.0
pair_0046_happy,pair_0046,12,02,01,01,happy,center_joint,-3.426363945007324,-3.4515583515167236,-0.025194406509399414
pair_0046_happy,pair_0046,12,02,01,01,happy,center_19,-3.426363945007324,-3.4062604904174805,0.02010345458984375
pair_0046_happy,pair_0046,12,02,01,01,happy,center_23,-3.426363945007324,-3.6800484657287598,-0.25368452072143555
pair_0046_sad,pair_0046,12,02,01,01,sad,clean,-3.8467795848846436,-3.8467795848846436,0.0
pair_0046_sad,pair_0046,12,02,01,01,sad,zero_noop,-3.8467795848846436,-3.8467795848846436,0.0
pair_0046_sad,pair_0046,12,02,01,01,sad,center_joint,-3.8467795848846436,-3.8260693550109863,0.020710229873657227
pair_0046_sad,pair_0046,12,02,01,01,sad,center_19,-3.8467795848846436,-3.826653480529785,0.0201261043548584
pair_0046_sad,pair_0046,12,02,01,01,sad,center_23,-3.8467795848846436,-4.097507476806641,-0.25072789192199707
pair_0047_happy,pair_0047,12,02,02,01,happy,clean,-3.49416446685791,-3.49416446685791,0.0
pair_0047_happy,pair_0047,12,02,02,01,happy,zero_noop,-3.49416446685791,-3.49416446685791,0.0
pair_0047_happy,pair_0047,12,02,02,01,happy,center_joint,-3.49416446685791,-3.545093059539795,-0.050928592681884766
pair_0047_happy,pair_0047,12,02,02,01,happy,center_19,-3.49416446685791,-3.4821815490722656,0.011982917785644531
pair_0047_happy,pair_0047,12,02,02,01,happy,center_23,-3.49416446685791,-3.743540048599243,-0.249375581741333
pair_0047_sad,pair_0047,12,02,02,01,sad,clean,-3.7190966606140137,-3.7190966606140137,0.0
pair_0047_sad,pair_0047,12,02,02,01,sad,zero_noop,-3.7190966606140137,-3.7190966606140137,0.0
pair_0047_sad,pair_0047,12,02,02,01,sad,center_joint,-3.7190966606140137,-3.70033597946167,0.01876068115234375
pair_0047_sad,pair_0047,12,02,02,01,sad,center_19,-3.7190966606140137,-3.700667381286621,0.018429279327392578
pair_0047_sad,pair_0047,12,02,02,01,sad,center_23,-3.7190966606140137,-3.969923734664917,-0.2508270740509033
pair_0048_happy,pair_0048,13,01,01,01,happy,clean,-4.344440460205078,-4.344440460205078,0.0
pair_0048_happy,pair_0048,13,01,01,01,happy,zero_noop,-4.344440460205078,-4.344440460205078,0.0
pair_0048_happy,pair_0048,13,01,01,01,happy,center_joint,-4.344440460205078,-4.570145130157471,-0.22570466995239258
pair_0048_happy,pair_0048,13,01,01,01,happy,center_19,-4.344440460205078,-4.357894420623779,-0.013453960418701172
pair_0048_happy,pair_0048,13,01,01,01,happy,center_23,-4.344440460205078,-4.16511344909668,0.17932701110839844
pair_0048_sad,pair_0048,13,01,01,01,sad,clean,-4.3860063552856445,-4.3860063552856445,0.0
pair_0048_sad,pair_0048,13,01,01,01,sad,zero_noop,-4.3860063552856445,-4.3860063552856445,0.0
pair_0048_sad,pair_0048,13,01,01,01,sad,center_joint,-4.3860063552856445,-4.600415229797363,-0.21440887451171875
pair_0048_sad,pair_0048,13,01,01,01,sad,center_19,-4.3860063552856445,-4.396548271179199,-0.010541915893554688
pair_0048_sad,pair_0048,13,01,01,01,sad,center_23,-4.3860063552856445,-4.204339027404785,0.18166732788085938
pair_0049_happy,pair_0049,13,01,02,01,happy,clean,-4.29490327835083,-4.29490327835083,0.0
pair_0049_happy,pair_0049,13,01,02,01,happy,zero_noop,-4.29490327835083,-4.29490327835083,0.0
pair_0049_happy,pair_0049,13,01,02,01,happy,center_joint,-4.29490327835083,-4.4835734367370605,-0.18867015838623047
pair_0049_happy,pair_0049,13,01,02,01,happy,center_19,-4.29490327835083,-4.307149887084961,-0.01224660873413086
pair_0049_happy,pair_0049,13,01,02,01,happy,center_23,-4.29490327835083,-4.110442161560059,0.18446111679077148
pair_0049_sad,pair_0049,13,01,02,01,sad,clean,-4.50346565246582,-4.50346565246582,0.0
pair_0049_sad,pair_0049,13,01,02,01,sad,zero_noop,-4.50346565246582,-4.50346565246582,0.0
pair_0049_sad,pair_0049,13,01,02,01,sad,center_joint,-4.50346565246582,-4.731807708740234,-0.22834205627441406
pair_0049_sad,pair_0049,13,01,02,01,sad,center_19,-4.50346565246582,-4.512374401092529,-0.008908748626708984
pair_0049_sad,pair_0049,13,01,02,01,sad,center_23,-4.50346565246582,-4.321768760681152,0.18169689178466797
pair_0050_happy,pair_0050,13,02,01,01,happy,clean,-3.187375545501709,-3.187375545501709,0.0
pair_0050_happy,pair_0050,13,02,01,01,happy,zero_noop,-3.187375545501709,-3.187375545501709,0.0
pair_0050_happy,pair_0050,13,02,01,01,happy,center_joint,-3.187375545501709,-3.180018186569214,0.007357358932495117
pair_0050_happy,pair_0050,13,02,01,01,happy,center_19,-3.187375545501709,-3.164578914642334,0.022796630859375
pair_0050_happy,pair_0050,13,02,01,01,happy,center_23,-3.187375545501709,-3.432305097579956,-0.24492955207824707
pair_0050_sad,pair_0050,13,02,01,01,sad,clean,-3.3296210765838623,-3.3296210765838623,0.0
pair_0050_sad,pair_0050,13,02,01,01,sad,zero_noop,-3.3296210765838623,-3.3296210765838623,0.0
pair_0050_sad,pair_0050,13,02,01,01,sad,center_joint,-3.3296210765838623,-3.3631317615509033,-0.033510684967041016
pair_0050_sad,pair_0050,13,02,01,01,sad,center_19,-3.3296210765838623,-3.3128228187561035,0.01679825782775879
pair_0050_sad,pair_0050,13,02,01,01,sad,center_23,-3.3296210765838623,-3.5767197608947754,-0.24709868431091309
pair_0051_happy,pair_0051,13,02,02,01,happy,clean,-3.448737621307373,-3.448737621307373,0.0
pair_0051_happy,pair_0051,13,02,02,01,happy,zero_noop,-3.448737621307373,-3.448737621307373,0.0
pair_0051_happy,pair_0051,13,02,02,01,happy,center_joint,-3.448737621307373,-3.547330379486084,-0.09859275817871094
pair_0051_happy,pair_0051,13,02,02,01,happy,center_19,-3.448737621307373,-3.4362783432006836,0.012459278106689453
pair_0051_happy,pair_0051,13,02,02,01,happy,center_23,-3.448737621307373,-3.7064449787139893,-0.2577073574066162
pair_0051_sad,pair_0051,13,02,02,01,sad,clean,-3.277841091156006,-3.277841091156006,0.0
pair_0051_sad,pair_0051,13,02,02,01,sad,zero_noop,-3.277841091156006,-3.277841091156006,0.0
pair_0051_sad,pair_0051,13,02,02,01,sad,center_joint,-3.277841091156006,-3.3829824924468994,-0.10514140129089355
pair_0051_sad,pair_0051,13,02,02,01,sad,center_19,-3.277841091156006,-3.267362117767334,0.010478973388671875
pair_0051_sad,pair_0051,13,02,02,01,sad,center_23,-3.277841091156006,-3.530503988265991,-0.25266289710998535
pair_0052_happy,pair_0052,14,01,01,01,happy,clean,-4.171508312225342,-4.171508312225342,0.0
pair_0052_happy,pair_0052,14,01,01,01,happy,zero_noop,-4.171508312225342,-4.171508312225342,0.0
pair_0052_happy,pair_0052,14,01,01,01,happy,center_joint,-4.171508312225342,-4.372485160827637,-0.20097684860229492
pair_0052_happy,pair_0052,14,01,01,01,happy,center_19,-4.171508312225342,-4.180261135101318,-0.008752822875976562
pair_0052_happy,pair_0052,14,01,01,01,happy,center_23,-4.171508312225342,-3.9873127937316895,0.18419551849365234
pair_0052_sad,pair_0052,14,01,01,01,sad,clean,-4.786404132843018,-4.786404132843018,0.0
pair_0052_sad,pair_0052,14,01,01,01,sad,zero_noop,-4.786404132843018,-4.786404132843018,0.0
pair_0052_sad,pair_0052,14,01,01,01,sad,center_joint,-4.786404132843018,-5.053259372711182,-0.26685523986816406
pair_0052_sad,pair_0052,14,01,01,01,sad,center_19,-4.786404132843018,-4.793256759643555,-0.006852626800537109
pair_0052_sad,pair_0052,14,01,01,01,sad,center_23,-4.786404132843018,-4.609751224517822,0.1766529083251953
pair_0053_happy,pair_0053,14,01,02,01,happy,clean,-4.112044811248779,-4.112044811248779,0.0
pair_0053_happy,pair_0053,14,01,02,01,happy,zero_noop,-4.112044811248779,-4.112044811248779,0.0
pair_0053_happy,pair_0053,14,01,02,01,happy,center_joint,-4.112044811248779,-4.344980239868164,-0.23293542861938477
pair_0053_happy,pair_0053,14,01,02,01,happy,center_19,-4.112044811248779,-4.124332427978516,-0.012287616729736328
pair_0053_happy,pair_0053,14,01,02,01,happy,center_23,-4.112044811248779,-3.9303994178771973,0.18164539337158203
pair_0053_sad,pair_0053,14,01,02,01,sad,clean,-4.676085948944092,-4.676085948944092,0.0
pair_0053_sad,pair_0053,14,01,02,01,sad,zero_noop,-4.676085948944092,-4.676085948944092,0.0
pair_0053_sad,pair_0053,14,01,02,01,sad,center_joint,-4.676085948944092,-4.908866882324219,-0.23278093338012695
pair_0053_sad,pair_0053,14,01,02,01,sad,center_19,-4.676085948944092,-4.681964874267578,-0.005878925323486328
pair_0053_sad,pair_0053,14,01,02,01,sad,center_23,-4.676085948944092,-4.497955322265625,0.1781306266784668
pair_0054_happy,pair_0054,14,02,01,01,happy,clean,-3.5748958587646484,-3.5748958587646484,0.0
pair_0054_happy,pair_0054,14,02,01,01,happy,zero_noop,-3.5748958587646484,-3.5748958587646484,0.0
pair_0054_happy,pair_0054,14,02,01,01,happy,center_joint,-3.5748958587646484,-3.637674331665039,-0.06277847290039062
pair_0054_happy,pair_0054,14,02,01,01,happy,center_19,-3.5748958587646484,-3.564021348953247,0.010874509811401367
pair_0054_happy,pair_0054,14,02,01,01,happy,center_23,-3.5748958587646484,-3.82301926612854,-0.2481234073638916
pair_0054_sad,pair_0054,14,02,01,01,sad,clean,-3.768885374069214,-3.768885374069214,0.0
pair_0054_sad,pair_0054,14,02,01,01,sad,zero_noop,-3.768885374069214,-3.768885374069214,0.0
pair_0054_sad,pair_0054,14,02,01,01,sad,center_joint,-3.768885374069214,-3.831164836883545,-0.062279462814331055
pair_0054_sad,pair_0054,14,02,01,01,sad,center_19,-3.768885374069214,-3.7635252475738525,0.005360126495361328
pair_0054_sad,pair_0054,14,02,01,01,sad,center_23,-3.768885374069214,-4.017825603485107,-0.24894022941589355
pair_0055_happy,pair_0055,14,02,02,01,happy,clean,-3.3426270484924316,-3.3426270484924316,0.0
pair_0055_happy,pair_0055,14,02,02,01,happy,zero_noop,-3.3426270484924316,-3.3426270484924316,0.0
pair_0055_happy,pair_0055,14,02,02,01,happy,center_joint,-3.3426270484924316,-3.427684783935547,-0.08505773544311523
pair_0055_happy,pair_0055,14,02,02,01,happy,center_19,-3.3426270484924316,-3.3359599113464355,0.006667137145996094
pair_0055_happy,pair_0055,14,02,02,01,happy,center_23,-3.3426270484924316,-3.593663454055786,-0.2510364055633545
pair_0055_sad,pair_0055,14,02,02,01,sad,clean,-3.8608345985412598,-3.8608345985412598,0.0
pair_0055_sad,pair_0055,14,02,02,01,sad,zero_noop,-3.8608345985412598,-3.8608345985412598,0.0
pair_0055_sad,pair_0055,14,02,02,01,sad,center_joint,-3.8608345985412598,-3.9110090732574463,-0.05017447471618652
pair_0055_sad,pair_0055,14,02,02,01,sad,center_19,-3.8608345985412598,-3.85174298286438,0.009091615676879883
pair_0055_sad,pair_0055,14,02,02,01,sad,center_23,-3.8608345985412598,-4.107264041900635,-0.246429443359375
pair_0056_happy,pair_0056,15,01,01,01,happy,clean,-4.230840682983398,-4.230840682983398,0.0
pair_0056_happy,pair_0056,15,01,01,01,happy,zero_noop,-4.230840682983398,-4.230840682983398,0.0
pair_0056_happy,pair_0056,15,01,01,01,happy,center_joint,-4.230840682983398,-4.402397632598877,-0.17155694961547852
pair_0056_happy,pair_0056,15,01,01,01,happy,center_19,-4.230840682983398,-4.241506576538086,-0.0106658935546875
pair_0056_happy,pair_0056,15,01,01,01,happy,center_23,-4.230840682983398,-4.04735803604126,0.18348264694213867
pair_0056_sad,pair_0056,15,01,01,01,sad,clean,-3.936347484588623,-3.936347484588623,0.0
pair_0056_sad,pair_0056,15,01,01,01,sad,zero_noop,-3.936347484588623,-3.936347484588623,0.0
pair_0056_sad,pair_0056,15,01,01,01,sad,center_joint,-3.936347484588623,-4.08687686920166,-0.1505293846130371
pair_0056_sad,pair_0056,15,01,01,01,sad,center_19,-3.936347484588623,-3.9497740268707275,-0.013426542282104492
pair_0056_sad,pair_0056,15,01,01,01,sad,center_23,-3.936347484588623,-3.7555134296417236,0.18083405494689941
pair_0057_happy,pair_0057,15,01,02,01,happy,clean,-4.441137313842773,-4.441137313842773,0.0
pair_0057_happy,pair_0057,15,01,02,01,happy,zero_noop,-4.441137313842773,-4.441137313842773,0.0
pair_0057_happy,pair_0057,15,01,02,01,happy,center_joint,-4.441137313842773,-4.663804531097412,-0.22266721725463867
pair_0057_happy,pair_0057,15,01,02,01,happy,center_19,-4.441137313842773,-4.455297470092773,-0.01416015625
pair_0057_happy,pair_0057,15,01,02,01,happy,center_23,-4.441137313842773,-4.261346340179443,0.17979097366333008
pair_0057_sad,pair_0057,15,01,02,01,sad,clean,-4.258543014526367,-4.258543014526367,0.0
pair_0057_sad,pair_0057,15,01,02,01,sad,zero_noop,-4.258543014526367,-4.258543014526367,0.0
pair_0057_sad,pair_0057,15,01,02,01,sad,center_joint,-4.258543014526367,-4.471493721008301,-0.2129507064819336
pair_0057_sad,pair_0057,15,01,02,01,sad,center_19,-4.258543014526367,-4.276033878326416,-0.017490863800048828
pair_0057_sad,pair_0057,15,01,02,01,sad,center_23,-4.258543014526367,-4.077266693115234,0.1812763214111328
pair_0058_happy,pair_0058,15,02,01,01,happy,clean,-3.800013780593872,-3.800013780593872,0.0
pair_0058_happy,pair_0058,15,02,01,01,happy,zero_noop,-3.800013780593872,-3.800013780593872,0.0
pair_0058_happy,pair_0058,15,02,01,01,happy,center_joint,-3.800013780593872,-3.8898909091949463,-0.08987712860107422
pair_0058_happy,pair_0058,15,02,01,01,happy,center_19,-3.800013780593872,-3.7894678115844727,0.010545969009399414
pair_0058_happy,pair_0058,15,02,01,01,happy,center_23,-3.800013780593872,-4.041314601898193,-0.2413008213043213
pair_0058_sad,pair_0058,15,02,01,01,sad,clean,-3.390519142150879,-3.390519142150879,0.0
pair_0058_sad,pair_0058,15,02,01,01,sad,zero_noop,-3.390519142150879,-3.390519142150879,0.0
pair_0058_sad,pair_0058,15,02,01,01,sad,center_joint,-3.390519142150879,-3.468601703643799,-0.07808256149291992
pair_0058_sad,pair_0058,15,02,01,01,sad,center_19,-3.390519142150879,-3.3781485557556152,0.012370586395263672
pair_0058_sad,pair_0058,15,02,01,01,sad,center_23,-3.390519142150879,-3.6394429206848145,-0.24892377853393555
pair_0059_happy,pair_0059,15,02,02,01,happy,clean,-3.5927512645721436,-3.5927512645721436,0.0
pair_0059_happy,pair_0059,15,02,02,01,happy,zero_noop,-3.5927512645721436,-3.5927512645721436,0.0
pair_0059_happy,pair_0059,15,02,02,01,happy,center_joint,-3.5927512645721436,-3.6247518062591553,-0.03200054168701172
pair_0059_happy,pair_0059,15,02,02,01,happy,center_19,-3.5927512645721436,-3.576969623565674,0.015781641006469727
pair_0059_happy,pair_0059,15,02,02,01,happy,center_23,-3.5927512645721436,-3.8441648483276367,-0.25141358375549316
pair_0059_sad,pair_0059,15,02,02,01,sad,clean,-4.272625923156738,-4.272625923156738,0.0
pair_0059_sad,pair_0059,15,02,02,01,sad,zero_noop,-4.272625923156738,-4.272625923156738,0.0
pair_0059_sad,pair_0059,15,02,02,01,sad,center_joint,-4.272625923156738,-4.344432353973389,-0.07180643081665039
pair_0059_sad,pair_0059,15,02,02,01,sad,center_19,-4.272625923156738,-4.276629447937012,-0.0040035247802734375
pair_0059_sad,pair_0059,15,02,02,01,sad,center_23,-4.272625923156738,-4.495710372924805,-0.2230844497680664
pair_0060_happy,pair_0060,16,01,01,01,happy,clean,-4.752762794494629,-4.752762794494629,0.0
pair_0060_happy,pair_0060,16,01,01,01,happy,zero_noop,-4.752762794494629,-4.752762794494629,0.0
pair_0060_happy,pair_0060,16,01,01,01,happy,center_joint,-4.752762794494629,-4.988058567047119,-0.23529577255249023
pair_0060_happy,pair_0060,16,01,01,01,happy,center_19,-4.752762794494629,-4.766138553619385,-0.01337575912475586
pair_0060_happy,pair_0060,16,01,01,01,happy,center_23,-4.752762794494629,-4.5691237449646,0.1836390495300293
pair_0060_sad,pair_0060,16,01,01,01,sad,clean,-4.683334827423096,-4.683334827423096,0.0
pair_0060_sad,pair_0060,16,01,01,01,sad,zero_noop,-4.683334827423096,-4.683334827423096,0.0
pair_0060_sad,pair_0060,16,01,01,01,sad,center_joint,-4.683334827423096,-4.931921482086182,-0.24858665466308594
pair_0060_sad,pair_0060,16,01,01,01,sad,center_19,-4.683334827423096,-4.693285942077637,-0.009951114654541016
pair_0060_sad,pair_0060,16,01,01,01,sad,center_23,-4.683334827423096,-4.501260757446289,0.18207406997680664
pair_0061_happy,pair_0061,16,01,02,01,happy,clean,-4.656552314758301,-4.656552314758301,0.0
pair_0061_happy,pair_0061,16,01,02,01,happy,zero_noop,-4.656552314758301,-4.656552314758301,0.0
pair_0061_happy,pair_0061,16,01,02,01,happy,center_joint,-4.656552314758301,-4.883877754211426,-0.227325439453125
pair_0061_happy,pair_0061,16,01,02,01,happy,center_19,-4.656552314758301,-4.667333602905273,-0.010781288146972656
pair_0061_happy,pair_0061,16,01,02,01,happy,center_23,-4.656552314758301,-4.472080230712891,0.18447208404541016
pair_0061_sad,pair_0061,16,01,02,01,sad,clean,-4.103060722351074,-4.103060722351074,0.0
pair_0061_sad,pair_0061,16,01,02,01,sad,zero_noop,-4.103060722351074,-4.103060722351074,0.0
pair_0061_sad,pair_0061,16,01,02,01,sad,center_joint,-4.103060722351074,-4.289817810058594,-0.18675708770751953
pair_0061_sad,pair_0061,16,01,02,01,sad,center_19,-4.103060722351074,-4.113475322723389,-0.010414600372314453
pair_0061_sad,pair_0061,16,01,02,01,sad,center_23,-4.103060722351074,-3.916074752807617,0.18698596954345703
pair_0062_happy,pair_0062,16,02,01,01,happy,clean,-3.5628504753112793,-3.5628504753112793,0.0
pair_0062_happy,pair_0062,16,02,01,01,happy,zero_noop,-3.5628504753112793,-3.5628504753112793,0.0
pair_0062_happy,pair_0062,16,02,01,01,happy,center_joint,-3.5628504753112793,-3.617969512939453,-0.05511903762817383
pair_0062_happy,pair_0062,16,02,01,01,happy,center_19,-3.5628504753112793,-3.553645372390747,0.009205102920532227
pair_0062_happy,pair_0062,16,02,01,01,happy,center_23,-3.5628504753112793,-3.813174247741699,-0.2503237724304199
pair_0062_sad,pair_0062,16,02,01,01,sad,clean,-3.5368704795837402,-3.5368704795837402,0.0
pair_0062_sad,pair_0062,16,02,01,01,sad,zero_noop,-3.5368704795837402,-3.5368704795837402,0.0
pair_0062_sad,pair_0062,16,02,01,01,sad,center_joint,-3.5368704795837402,-3.642788887023926,-0.10591840744018555
pair_0062_sad,pair_0062,16,02,01,01,sad,center_19,-3.5368704795837402,-3.5325369834899902,0.00433349609375
pair_0062_sad,pair_0062,16,02,01,01,sad,center_23,-3.5368704795837402,-3.795827627182007,-0.2589571475982666
pair_0063_happy,pair_0063,16,02,02,01,happy,clean,-3.247852325439453,-3.247852325439453,0.0
pair_0063_happy,pair_0063,16,02,02,01,happy,zero_noop,-3.247852325439453,-3.247852325439453,0.0
pair_0063_happy,pair_0063,16,02,02,01,happy,center_joint,-3.247852325439453,-3.316476821899414,-0.06862449645996094
pair_0063_happy,pair_0063,16,02,02,01,happy,center_19,-3.247852325439453,-3.2320494651794434,0.015802860260009766
pair_0063_happy,pair_0063,16,02,02,01,happy,center_23,-3.247852325439453,-3.4997050762176514,-0.25185275077819824
pair_0063_sad,pair_0063,16,02,02,01,sad,clean,-3.712739944458008,-3.712739944458008,0.0
pair_0063_sad,pair_0063,16,02,02,01,sad,zero_noop,-3.712739944458008,-3.712739944458008,0.0
pair_0063_sad,pair_0063,16,02,02,01,sad,center_joint,-3.712739944458008,-3.703997850418091,0.008742094039916992
pair_0063_sad,pair_0063,16,02,02,01,sad,center_19,-3.712739944458008,-3.6922271251678467,0.020512819290161133
pair_0063_sad,pair_0063,16,02,02,01,sad,center_23,-3.712739944458008,-3.95048189163208,-0.23774194717407227
pair_0064_happy,pair_0064,17,01,01,01,happy,clean,-4.453313827514648,-4.453313827514648,0.0
pair_0064_happy,pair_0064,17,01,01,01,happy,zero_noop,-4.453313827514648,-4.453313827514648,0.0
pair_0064_happy,pair_0064,17,01,01,01,happy,center_joint,-4.453313827514648,-4.696033477783203,-0.2427196502685547
pair_0064_happy,pair_0064,17,01,01,01,happy,center_19,-4.453313827514648,-4.469141960144043,-0.01582813262939453
pair_0064_happy,pair_0064,17,01,01,01,happy,center_23,-4.453313827514648,-4.272710800170898,0.18060302734375
pair_0064_sad,pair_0064,17,01,01,01,sad,clean,-4.434425354003906,-4.434425354003906,0.0
pair_0064_sad,pair_0064,17,01,01,01,sad,zero_noop,-4.434425354003906,-4.434425354003906,0.0
pair_0064_sad,pair_0064,17,01,01,01,sad,center_joint,-4.434425354003906,-4.6720757484436035,-0.23765039443969727
pair_0064_sad,pair_0064,17,01,01,01,sad,center_19,-4.434425354003906,-4.448072910308838,-0.01364755630493164
pair_0064_sad,pair_0064,17,01,01,01,sad,center_23,-4.434425354003906,-4.255446434020996,0.17897891998291016
pair_0065_happy,pair_0065,17,01,02,01,happy,clean,-4.348764419555664,-4.348764419555664,0.0
pair_0065_happy,pair_0065,17,01,02,01,happy,zero_noop,-4.348764419555664,-4.348764419555664,0.0
pair_0065_happy,pair_0065,17,01,02,01,happy,center_joint,-4.348764419555664,-4.6171464920043945,-0.26838207244873047
pair_0065_happy,pair_0065,17,01,02,01,happy,center_19,-4.348764419555664,-4.360747337341309,-0.011982917785644531
pair_0065_happy,pair_0065,17,01,02,01,happy,center_23,-4.348764419555664,-4.171323776245117,0.17744064331054688
pair_0065_sad,pair_0065,17,01,02,01,sad,clean,-4.28976583480835,-4.28976583480835,0.0
pair_0065_sad,pair_0065,17,01,02,01,sad,zero_noop,-4.28976583480835,-4.28976583480835,0.0
pair_0065_sad,pair_0065,17,01,02,01,sad,center_joint,-4.28976583480835,-4.527962684631348,-0.23819684982299805
pair_0065_sad,pair_0065,17,01,02,01,sad,center_19,-4.28976583480835,-4.308042049407959,-0.018276214599609375
pair_0065_sad,pair_0065,17,01,02,01,sad,center_23,-4.28976583480835,-4.105926036834717,0.1838397979736328
pair_0066_happy,pair_0066,17,02,01,01,happy,clean,-3.9196739196777344,-3.9196739196777344,0.0
pair_0066_happy,pair_0066,17,02,01,01,happy,zero_noop,-3.9196739196777344,-3.9196739196777344,0.0
pair_0066_happy,pair_0066,17,02,01,01,happy,center_joint,-3.9196739196777344,-4.002526760101318,-0.08285284042358398
pair_0066_happy,pair_0066,17,02,01,01,happy,center_19,-3.9196739196777344,-3.9080920219421387,0.011581897735595703
pair_0066_happy,pair_0066,17,02,01,01,happy,center_23,-3.9196739196777344,-4.1704254150390625,-0.2507514953613281
pair_0066_sad,pair_0066,17,02,01,01,sad,clean,-4.150018215179443,-4.150018215179443,0.0
pair_0066_sad,pair_0066,17,02,01,01,sad,zero_noop,-4.150018215179443,-4.150018215179443,0.0
pair_0066_sad,pair_0066,17,02,01,01,sad,center_joint,-4.150018215179443,-4.247997283935547,-0.09797906875610352
pair_0066_sad,pair_0066,17,02,01,01,sad,center_19,-4.150018215179443,-4.141247749328613,0.008770465850830078
pair_0066_sad,pair_0066,17,02,01,01,sad,center_23,-4.150018215179443,-4.402962684631348,-0.2529444694519043
pair_0067_happy,pair_0067,17,02,02,01,happy,clean,-3.8223073482513428,-3.8223073482513428,0.0
pair_0067_happy,pair_0067,17,02,02,01,happy,zero_noop,-3.8223073482513428,-3.8223073482513428,0.0
pair_0067_happy,pair_0067,17,02,02,01,happy,center_joint,-3.8223073482513428,-3.936776876449585,-0.11446952819824219
pair_0067_happy,pair_0067,17,02,02,01,happy,center_19,-3.8223073482513428,-3.817168712615967,0.0051386356353759766
pair_0067_happy,pair_0067,17,02,02,01,happy,center_23,-3.8223073482513428,-4.073409080505371,-0.2511017322540283
pair_0067_sad,pair_0067,17,02,02,01,sad,clean,-3.4964675903320312,-3.4964675903320312,0.0
pair_0067_sad,pair_0067,17,02,02,01,sad,zero_noop,-3.4964675903320312,-3.4964675903320312,0.0
pair_0067_sad,pair_0067,17,02,02,01,sad,center_joint,-3.4964675903320312,-3.5364272594451904,-0.03995966911315918
pair_0067_sad,pair_0067,17,02,02,01,sad,center_19,-3.4964675903320312,-3.4827704429626465,0.013697147369384766
pair_0067_sad,pair_0067,17,02,02,01,sad,center_23,-3.4964675903320312,-3.7433693408966064,-0.2469017505645752
pair_0068_happy,pair_0068,18,01,01,01,happy,clean,-4.009371280670166,-4.009371280670166,0.0
pair_0068_happy,pair_0068,18,01,01,01,happy,zero_noop,-4.009371280670166,-4.009371280670166,0.0
pair_0068_happy,pair_0068,18,01,01,01,happy,center_joint,-4.009371280670166,-4.241460800170898,-0.23208951950073242
pair_0068_happy,pair_0068,18,01,01,01,happy,center_19,-4.009371280670166,-4.018353462219238,-0.008982181549072266
pair_0068_happy,pair_0068,18,01,01,01,happy,center_23,-4.009371280670166,-3.8299434185028076,0.1794278621673584
pair_0068_sad,pair_0068,18,01,01,01,sad,clean,-4.21242618560791,-4.21242618560791,0.0
pair_0068_sad,pair_0068,18,01,01,01,sad,zero_noop,-4.21242618560791,-4.21242618560791,0.0
pair_0068_sad,pair_0068,18,01,01,01,sad,center_joint,-4.21242618560791,-4.46335506439209,-0.2509288787841797
pair_0068_sad,pair_0068,18,01,01,01,sad,center_19,-4.21242618560791,-4.2292680740356445,-0.016841888427734375
pair_0068_sad,pair_0068,18,01,01,01,sad,center_23,-4.21242618560791,-4.035201072692871,0.17722511291503906
pair_0069_happy,pair_0069,18,01,02,01,happy,clean,-3.73952054977417,-3.73952054977417,0.0
pair_0069_happy,pair_0069,18,01,02,01,happy,zero_noop,-3.73952054977417,-3.73952054977417,0.0
pair_0069_happy,pair_0069,18,01,02,01,happy,center_joint,-3.73952054977417,-3.8499059677124023,-0.11038541793823242
pair_0069_happy,pair_0069,18,01,02,01,happy,center_19,-3.73952054977417,-3.7566936016082764,-0.017173051834106445
pair_0069_happy,pair_0069,18,01,02,01,happy,center_23,-3.73952054977417,-3.5633859634399414,0.17613458633422852
pair_0069_sad,pair_0069,18,01,02,01,sad,clean,-4.420629501342773,-4.420629501342773,0.0
pair_0069_sad,pair_0069,18,01,02,01,sad,zero_noop,-4.420629501342773,-4.420629501342773,0.0
pair_0069_sad,pair_0069,18,01,02,01,sad,center_joint,-4.420629501342773,-4.6708664894104,-0.25023698806762695
pair_0069_sad,pair_0069,18,01,02,01,sad,center_19,-4.420629501342773,-4.434504508972168,-0.013875007629394531
pair_0069_sad,pair_0069,18,01,02,01,sad,center_23,-4.420629501342773,-4.240542888641357,0.18008661270141602
pair_0070_happy,pair_0070,18,02,01,01,happy,clean,-3.849033832550049,-3.849033832550049,0.0
pair_0070_happy,pair_0070,18,02,01,01,happy,zero_noop,-3.849033832550049,-3.849033832550049,0.0
pair_0070_happy,pair_0070,18,02,01,01,happy,center_joint,-3.849033832550049,-3.9115376472473145,-0.06250381469726562
pair_0070_happy,pair_0070,18,02,01,01,happy,center_19,-3.849033832550049,-3.8372111320495605,0.011822700500488281
pair_0070_happy,pair_0070,18,02,01,01,happy,center_23,-3.849033832550049,-4.0961103439331055,-0.24707651138305664
pair_0070_sad,pair_0070,18,02,01,01,sad,clean,-4.095071792602539,-4.095071792602539,0.0
pair_0070_sad,pair_0070,18,02,01,01,sad,zero_noop,-4.095071792602539,-4.095071792602539,0.0
pair_0070_sad,pair_0070,18,02,01,01,sad,center_joint,-4.095071792602539,-4.190738201141357,-0.09566640853881836
pair_0070_sad,pair_0070,18,02,01,01,sad,center_19,-4.095071792602539,-4.093902111053467,0.0011696815490722656
pair_0070_sad,pair_0070,18,02,01,01,sad,center_23,-4.095071792602539,-4.346560478210449,-0.25148868560791016
pair_0071_happy,pair_0071,18,02,02,01,happy,clean,-4.281855583190918,-4.281855583190918,0.0
pair_0071_happy,pair_0071,18,02,02,01,happy,zero_noop,-4.281855583190918,-4.281855583190918,0.0
pair_0071_happy,pair_0071,18,02,02,01,happy,center_joint,-4.281855583190918,-4.160793781280518,0.12106180191040039
pair_0071_happy,pair_0071,18,02,02,01,happy,center_19,-4.281855583190918,-4.272706508636475,0.00914907455444336
pair_0071_happy,pair_0071,18,02,02,01,happy,center_23,-4.281855583190918,-4.467887878417969,-0.18603229522705078
pair_0071_sad,pair_0071,18,02,02,01,sad,clean,-3.8288536071777344,-3.8288536071777344,0.0
pair_0071_sad,pair_0071,18,02,02,01,sad,zero_noop,-3.8288536071777344,-3.8288536071777344,0.0
pair_0071_sad,pair_0071,18,02,02,01,sad,center_joint,-3.8288536071777344,-3.8425936698913574,-0.013740062713623047
pair_0071_sad,pair_0071,18,02,02,01,sad,center_19,-3.8288536071777344,-3.8160934448242188,0.012760162353515625
pair_0071_sad,pair_0071,18,02,02,01,sad,center_23,-3.8288536071777344,-4.076116561889648,-0.24726295471191406
pair_0072_happy,pair_0072,19,01,01,01,happy,clean,-4.446919918060303,-4.446919918060303,0.0
pair_0072_happy,pair_0072,19,01,01,01,happy,zero_noop,-4.446919918060303,-4.446919918060303,0.0
pair_0072_happy,pair_0072,19,01,01,01,happy,center_joint,-4.446919918060303,-4.687829971313477,-0.24091005325317383
pair_0072_happy,pair_0072,19,01,01,01,happy,center_19,-4.446919918060303,-4.454848289489746,-0.00792837142944336
pair_0072_happy,pair_0072,19,01,01,01,happy,center_23,-4.446919918060303,-4.268573760986328,0.1783461570739746
pair_0072_sad,pair_0072,19,01,01,01,sad,clean,-4.709850788116455,-4.709850788116455,0.0
pair_0072_sad,pair_0072,19,01,01,01,sad,zero_noop,-4.709850788116455,-4.709850788116455,0.0
pair_0072_sad,pair_0072,19,01,01,01,sad,center_joint,-4.709850788116455,-4.9238386154174805,-0.2139878273010254
pair_0072_sad,pair_0072,19,01,01,01,sad,center_19,-4.709850788116455,-4.717761516571045,-0.007910728454589844
pair_0072_sad,pair_0072,19,01,01,01,sad,center_23,-4.709850788116455,-4.528227806091309,0.18162298202514648
pair_0073_happy,pair_0073,19,01,02,01,happy,clean,-4.707800388336182,-4.707800388336182,0.0
pair_0073_happy,pair_0073,19,01,02,01,happy,zero_noop,-4.707800388336182,-4.707800388336182,0.0
pair_0073_happy,pair_0073,19,01,02,01,happy,center_joint,-4.707800388336182,-4.9463701248168945,-0.2385697364807129
pair_0073_happy,pair_0073,19,01,02,01,happy,center_19,-4.707800388336182,-4.712738037109375,-0.004937648773193359
pair_0073_happy,pair_0073,19,01,02,01,happy,center_23,-4.707800388336182,-4.526742458343506,0.18105792999267578
pair_0073_sad,pair_0073,19,01,02,01,sad,clean,-4.421672344207764,-4.421672344207764,0.0
pair_0073_sad,pair_0073,19,01,02,01,sad,zero_noop,-4.421672344207764,-4.421672344207764,0.0
pair_0073_sad,pair_0073,19,01,02,01,sad,center_joint,-4.421672344207764,-4.682878017425537,-0.26120567321777344
pair_0073_sad,pair_0073,19,01,02,01,sad,center_19,-4.421672344207764,-4.43247652053833,-0.010804176330566406
pair_0073_sad,pair_0073,19,01,02,01,sad,center_23,-4.421672344207764,-4.239879131317139,0.181793212890625
pair_0074_happy,pair_0074,19,02,01,01,happy,clean,-4.120583534240723,-4.120583534240723,0.0
pair_0074_happy,pair_0074,19,02,01,01,happy,zero_noop,-4.120583534240723,-4.120583534240723,0.0
pair_0074_happy,pair_0074,19,02,01,01,happy,center_joint,-4.120583534240723,-4.251333236694336,-0.13074970245361328
pair_0074_happy,pair_0074,19,02,01,01,happy,center_19,-4.120583534240723,-4.12270975112915,-0.0021262168884277344
pair_0074_happy,pair_0074,19,02,01,01,happy,center_23,-4.120583534240723,-4.374212741851807,-0.253629207611084
pair_0074_sad,pair_0074,19,02,01,01,sad,clean,-5.197248458862305,-5.197248458862305,0.0
pair_0074_sad,pair_0074,19,02,01,01,sad,zero_noop,-5.197248458862305,-5.197248458862305,0.0
pair_0074_sad,pair_0074,19,02,01,01,sad,center_joint,-5.197248458862305,-5.309724807739258,-0.11247634887695312
pair_0074_sad,pair_0074,19,02,01,01,sad,center_19,-5.197248458862305,-5.19135856628418,0.005889892578125
pair_0074_sad,pair_0074,19,02,01,01,sad,center_23,-5.197248458862305,-5.457435607910156,-0.26018714904785156
pair_0075_happy,pair_0075,19,02,02,01,happy,clean,-3.303211212158203,-3.303211212158203,0.0
pair_0075_happy,pair_0075,19,02,02,01,happy,zero_noop,-3.303211212158203,-3.303211212158203,0.0
pair_0075_happy,pair_0075,19,02,02,01,happy,center_joint,-3.303211212158203,-3.369750738143921,-0.06653952598571777
pair_0075_happy,pair_0075,19,02,02,01,happy,center_19,-3.303211212158203,-3.2902348041534424,0.012976408004760742
pair_0075_happy,pair_0075,19,02,02,01,happy,center_23,-3.303211212158203,-3.548107147216797,-0.24489593505859375
pair_0075_sad,pair_0075,19,02,02,01,sad,clean,-3.246274471282959,-3.246274471282959,0.0
pair_0075_sad,pair_0075,19,02,02,01,sad,zero_noop,-3.246274471282959,-3.246274471282959,0.0
pair_0075_sad,pair_0075,19,02,02,01,sad,center_joint,-3.246274471282959,-3.3133187294006348,-0.06704425811767578
pair_0075_sad,pair_0075,19,02,02,01,sad,center_19,-3.246274471282959,-3.234435796737671,0.011838674545288086
pair_0075_sad,pair_0075,19,02,02,01,sad,center_23,-3.246274471282959,-3.4924063682556152,-0.24613189697265625
pair_0076_happy,pair_0076,20,01,01,01,happy,clean,-4.545580863952637,-4.545580863952637,0.0
pair_0076_happy,pair_0076,20,01,01,01,happy,zero_noop,-4.545580863952637,-4.545580863952637,0.0
pair_0076_happy,pair_0076,20,01,01,01,happy,center_joint,-4.545580863952637,-4.793304920196533,-0.24772405624389648
pair_0076_happy,pair_0076,20,01,01,01,happy,center_19,-4.545580863952637,-4.556492805480957,-0.010911941528320312
pair_0076_happy,pair_0076,20,01,01,01,happy,center_23,-4.545580863952637,-4.3667893409729,0.17879152297973633
pair_0076_sad,pair_0076,20,01,01,01,sad,clean,-4.708176612854004,-4.708176612854004,0.0
pair_0076_sad,pair_0076,20,01,01,01,sad,zero_noop,-4.708176612854004,-4.708176612854004,0.0
pair_0076_sad,pair_0076,20,01,01,01,sad,center_joint,-4.708176612854004,-4.954020977020264,-0.24584436416625977
pair_0076_sad,pair_0076,20,01,01,01,sad,center_19,-4.708176612854004,-4.713193416595459,-0.005016803741455078
pair_0076_sad,pair_0076,20,01,01,01,sad,center_23,-4.708176612854004,-4.527439117431641,0.18073749542236328
pair_0077_happy,pair_0077,20,01,02,01,happy,clean,-4.142257213592529,-4.142257213592529,0.0
pair_0077_happy,pair_0077,20,01,02,01,happy,zero_noop,-4.142257213592529,-4.142257213592529,0.0
pair_0077_happy,pair_0077,20,01,02,01,happy,center_joint,-4.142257213592529,-4.400607109069824,-0.2583498954772949
pair_0077_happy,pair_0077,20,01,02,01,happy,center_19,-4.142257213592529,-4.161294937133789,-0.019037723541259766
pair_0077_happy,pair_0077,20,01,02,01,happy,center_23,-4.142257213592529,-3.954148292541504,0.1881089210510254
pair_0077_sad,pair_0077,20,01,02,01,sad,clean,-4.00131893157959,-4.00131893157959,0.0
pair_0077_sad,pair_0077,20,01,02,01,sad,zero_noop,-4.00131893157959,-4.00131893157959,0.0
pair_0077_sad,pair_0077,20,01,02,01,sad,center_joint,-4.00131893157959,-4.232231140136719,-0.2309122085571289
pair_0077_sad,pair_0077,20,01,02,01,sad,center_19,-4.00131893157959,-4.003077507019043,-0.001758575439453125
pair_0077_sad,pair_0077,20,01,02,01,sad,center_23,-4.00131893157959,-3.826321840286255,0.17499709129333496
pair_0078_happy,pair_0078,20,02,01,01,happy,clean,-3.5017380714416504,-3.5017380714416504,0.0
pair_0078_happy,pair_0078,20,02,01,01,happy,zero_noop,-3.5017380714416504,-3.5017380714416504,0.0
pair_0078_happy,pair_0078,20,02,01,01,happy,center_joint,-3.5017380714416504,-3.569690227508545,-0.06795215606689453
pair_0078_happy,pair_0078,20,02,01,01,happy,center_19,-3.5017380714416504,-3.4878642559051514,0.013873815536499023
pair_0078_happy,pair_0078,20,02,01,01,happy,center_23,-3.5017380714416504,-3.75388765335083,-0.2521495819091797
pair_0078_sad,pair_0078,20,02,01,01,sad,clean,-3.4527485370635986,-3.4527485370635986,0.0
pair_0078_sad,pair_0078,20,02,01,01,sad,zero_noop,-3.4527485370635986,-3.4527485370635986,0.0
pair_0078_sad,pair_0078,20,02,01,01,sad,center_joint,-3.4527485370635986,-3.180316686630249,0.2724318504333496
pair_0078_sad,pair_0078,20,02,01,01,sad,center_19,-3.4527485370635986,-3.419278383255005,0.03347015380859375
pair_0078_sad,pair_0078,20,02,01,01,sad,center_23,-3.4527485370635986,-3.663294553756714,-0.21054601669311523
pair_0079_happy,pair_0079,20,02,02,01,happy,clean,-3.864936590194702,-3.864936590194702,0.0
pair_0079_happy,pair_0079,20,02,02,01,happy,zero_noop,-3.864936590194702,-3.864936590194702,0.0
pair_0079_happy,pair_0079,20,02,02,01,happy,center_joint,-3.864936590194702,-3.9218685626983643,-0.05693197250366211
pair_0079_happy,pair_0079,20,02,02,01,happy,center_19,-3.864936590194702,-3.851712703704834,0.013223886489868164
pair_0079_happy,pair_0079,20,02,02,01,happy,center_23,-3.864936590194702,-4.118285655975342,-0.25334906578063965
pair_0079_sad,pair_0079,20,02,02,01,sad,clean,-3.65761661529541,-3.65761661529541,0.0
pair_0079_sad,pair_0079,20,02,02,01,sad,zero_noop,-3.65761661529541,-3.65761661529541,0.0
pair_0079_sad,pair_0079,20,02,02,01,sad,center_joint,-3.65761661529541,-3.614912509918213,0.042704105377197266
pair_0079_sad,pair_0079,20,02,02,01,sad,center_19,-3.65761661529541,-3.6412339210510254,0.016382694244384766
pair_0079_sad,pair_0079,20,02,02,01,sad,center_23,-3.65761661529541,-3.8915233612060547,-0.23390674591064453
pair_0080_happy,pair_0080,21,01,01,01,happy,clean,-4.269933223724365,-4.269933223724365,0.0
pair_0080_happy,pair_0080,21,01,01,01,happy,zero_noop,-4.269933223724365,-4.269933223724365,0.0
pair_0080_happy,pair_0080,21,01,01,01,happy,center_joint,-4.269933223724365,-4.519468307495117,-0.24953508377075195
pair_0080_happy,pair_0080,21,01,01,01,happy,center_19,-4.269933223724365,-4.281554222106934,-0.01162099838256836
pair_0080_happy,pair_0080,21,01,01,01,happy,center_23,-4.269933223724365,-4.09347677230835,0.17645645141601562
pair_0080_sad,pair_0080,21,01,01,01,sad,clean,-4.09474515914917,-4.09474515914917,0.0
pair_0080_sad,pair_0080,21,01,01,01,sad,zero_noop,-4.09474515914917,-4.09474515914917,0.0
pair_0080_sad,pair_0080,21,01,01,01,sad,center_joint,-4.09474515914917,-4.329179763793945,-0.2344346046447754
pair_0080_sad,pair_0080,21,01,01,01,sad,center_19,-4.09474515914917,-4.1038360595703125,-0.009090900421142578
pair_0080_sad,pair_0080,21,01,01,01,sad,center_23,-4.09474515914917,-3.9186108112335205,0.17613434791564941
pair_0081_happy,pair_0081,21,01,02,01,happy,clean,-4.222221374511719,-4.222221374511719,0.0
pair_0081_happy,pair_0081,21,01,02,01,happy,zero_noop,-4.222221374511719,-4.222221374511719,0.0
pair_0081_happy,pair_0081,21,01,02,01,happy,center_joint,-4.222221374511719,-4.435490608215332,-0.21326923370361328
pair_0081_happy,pair_0081,21,01,02,01,happy,center_19,-4.222221374511719,-4.22551155090332,-0.0032901763916015625
pair_0081_happy,pair_0081,21,01,02,01,happy,center_23,-4.222221374511719,-4.044460296630859,0.17776107788085938
pair_0081_sad,pair_0081,21,01,02,01,sad,clean,-4.20202112197876,-4.20202112197876,0.0
pair_0081_sad,pair_0081,21,01,02,01,sad,zero_noop,-4.20202112197876,-4.20202112197876,0.0
pair_0081_sad,pair_0081,21,01,02,01,sad,center_joint,-4.20202112197876,-4.440391540527344,-0.23837041854858398
pair_0081_sad,pair_0081,21,01,02,01,sad,center_19,-4.20202112197876,-4.212175369262695,-0.010154247283935547
pair_0081_sad,pair_0081,21,01,02,01,sad,center_23,-4.20202112197876,-4.026525497436523,0.17549562454223633
pair_0082_happy,pair_0082,21,02,01,01,happy,clean,-3.776475191116333,-3.776475191116333,0.0
pair_0082_happy,pair_0082,21,02,01,01,happy,zero_noop,-3.776475191116333,-3.776475191116333,0.0
pair_0082_happy,pair_0082,21,02,01,01,happy,center_joint,-3.776475191116333,-3.7721409797668457,0.004334211349487305
pair_0082_happy,pair_0082,21,02,01,01,happy,center_19,-3.776475191116333,-3.764678955078125,0.011796236038208008
pair_0082_happy,pair_0082,21,02,01,01,happy,center_23,-3.776475191116333,-4.021493434906006,-0.24501824378967285
pair_0082_sad,pair_0082,21,02,01,01,sad,clean,-3.3417794704437256,-3.3417794704437256,0.0
pair_0082_sad,pair_0082,21,02,01,01,sad,zero_noop,-3.3417794704437256,-3.3417794704437256,0.0
pair_0082_sad,pair_0082,21,02,01,01,sad,center_joint,-3.3417794704437256,-3.417140245437622,-0.07536077499389648
pair_0082_sad,pair_0082,21,02,01,01,sad,center_19,-3.3417794704437256,-3.3313369750976562,0.010442495346069336
pair_0082_sad,pair_0082,21,02,01,01,sad,center_23,-3.3417794704437256,-3.5941011905670166,-0.252321720123291
pair_0083_happy,pair_0083,21,02,02,01,happy,clean,-3.3170056343078613,-3.3170056343078613,0.0
pair_0083_happy,pair_0083,21,02,02,01,happy,zero_noop,-3.3170056343078613,-3.3170056343078613,0.0
pair_0083_happy,pair_0083,21,02,02,01,happy,center_joint,-3.3170056343078613,-3.387150526046753,-0.0701448917388916
pair_0083_happy,pair_0083,21,02,02,01,happy,center_19,-3.3170056343078613,-3.2988247871398926,0.01818084716796875
pair_0083_happy,pair_0083,21,02,02,01,happy,center_23,-3.3170056343078613,-3.564077377319336,-0.2470717430114746
pair_0083_sad,pair_0083,21,02,02,01,sad,clean,-3.4587490558624268,-3.4587490558624268,0.0
pair_0083_sad,pair_0083,21,02,02,01,sad,zero_noop,-3.4587490558624268,-3.4587490558624268,0.0
pair_0083_sad,pair_0083,21,02,02,01,sad,center_joint,-3.4587490558624268,-3.5153794288635254,-0.05663037300109863
pair_0083_sad,pair_0083,21,02,02,01,sad,center_19,-3.4587490558624268,-3.443148374557495,0.01560068130493164
pair_0083_sad,pair_0083,21,02,02,01,sad,center_23,-3.4587490558624268,-3.7039034366607666,-0.24515438079833984
pair_0084_happy,pair_0084,22,01,01,01,happy,clean,-4.489823341369629,-4.489823341369629,0.0
pair_0084_happy,pair_0084,22,01,01,01,happy,zero_noop,-4.489823341369629,-4.489823341369629,0.0
pair_0084_happy,pair_0084,22,01,01,01,happy,center_joint,-4.489823341369629,-4.707179069519043,-0.21735572814941406
pair_0084_happy,pair_0084,22,01,01,01,happy,center_19,-4.489823341369629,-4.494744777679443,-0.004921436309814453
pair_0084_happy,pair_0084,22,01,01,01,happy,center_23,-4.489823341369629,-4.311700820922852,0.17812252044677734
pair_0084_sad,pair_0084,22,01,01,01,sad,clean,-4.763824462890625,-4.763824462890625,0.0
pair_0084_sad,pair_0084,22,01,01,01,sad,zero_noop,-4.763824462890625,-4.763824462890625,0.0
pair_0084_sad,pair_0084,22,01,01,01,sad,center_joint,-4.763824462890625,-4.9839887619018555,-0.22016429901123047
pair_0084_sad,pair_0084,22,01,01,01,sad,center_19,-4.763824462890625,-4.772134780883789,-0.008310317993164062
pair_0084_sad,pair_0084,22,01,01,01,sad,center_23,-4.763824462890625,-4.581681251525879,0.1821432113647461
pair_0085_happy,pair_0085,22,01,02,01,happy,clean,-4.036124229431152,-4.036124229431152,0.0
pair_0085_happy,pair_0085,22,01,02,01,happy,zero_noop,-4.036124229431152,-4.036124229431152,0.0
pair_0085_happy,pair_0085,22,01,02,01,happy,center_joint,-4.036124229431152,-4.261168003082275,-0.22504377365112305
pair_0085_happy,pair_0085,22,01,02,01,happy,center_19,-4.036124229431152,-4.050797462463379,-0.014673233032226562
pair_0085_happy,pair_0085,22,01,02,01,happy,center_23,-4.036124229431152,-3.8577327728271484,0.1783914566040039
pair_0085_sad,pair_0085,22,01,02,01,sad,clean,-4.4401750564575195,-4.4401750564575195,0.0
pair_0085_sad,pair_0085,22,01,02,01,sad,zero_noop,-4.4401750564575195,-4.4401750564575195,0.0
pair_0085_sad,pair_0085,22,01,02,01,sad,center_joint,-4.4401750564575195,-4.683175086975098,-0.24300003051757812
pair_0085_sad,pair_0085,22,01,02,01,sad,center_19,-4.4401750564575195,-4.447850227355957,-0.0076751708984375
pair_0085_sad,pair_0085,22,01,02,01,sad,center_23,-4.4401750564575195,-4.258884429931641,0.1812906265258789
pair_0086_happy,pair_0086,22,02,01,01,happy,clean,-3.6062417030334473,-3.6062417030334473,0.0
pair_0086_happy,pair_0086,22,02,01,01,happy,zero_noop,-3.6062417030334473,-3.6062417030334473,0.0
pair_0086_happy,pair_0086,22,02,01,01,happy,center_joint,-3.6062417030334473,-3.633469581604004,-0.02722787857055664
pair_0086_happy,pair_0086,22,02,01,01,happy,center_19,-3.6062417030334473,-3.5889172554016113,0.017324447631835938
pair_0086_happy,pair_0086,22,02,01,01,happy,center_23,-3.6062417030334473,-3.8607633113861084,-0.25452160835266113
pair_0086_sad,pair_0086,22,02,01,01,sad,clean,-3.6647796630859375,-3.6647796630859375,0.0
pair_0086_sad,pair_0086,22,02,01,01,sad,zero_noop,-3.6647796630859375,-3.6647796630859375,0.0
pair_0086_sad,pair_0086,22,02,01,01,sad,center_joint,-3.6647796630859375,-3.6824939250946045,-0.017714262008666992
pair_0086_sad,pair_0086,22,02,01,01,sad,center_19,-3.6647796630859375,-3.646937370300293,0.01784229278564453
pair_0086_sad,pair_0086,22,02,01,01,sad,center_23,-3.6647796630859375,-3.912717342376709,-0.24793767929077148
pair_0087_happy,pair_0087,22,02,02,01,happy,clean,-3.63923716545105,-3.63923716545105,0.0
pair_0087_happy,pair_0087,22,02,02,01,happy,zero_noop,-3.63923716545105,-3.63923716545105,0.0
pair_0087_happy,pair_0087,22,02,02,01,happy,center_joint,-3.63923716545105,-3.6965954303741455,-0.0573582649230957
pair_0087_happy,pair_0087,22,02,02,01,happy,center_19,-3.63923716545105,-3.626612901687622,0.012624263763427734
pair_0087_happy,pair_0087,22,02,02,01,happy,center_23,-3.63923716545105,-3.893660545349121,-0.2544233798980713
pair_0087_sad,pair_0087,22,02,02,01,sad,clean,-3.512509346008301,-3.512509346008301,0.0
pair_0087_sad,pair_0087,22,02,02,01,sad,zero_noop,-3.512509346008301,-3.512509346008301,0.0
pair_0087_sad,pair_0087,22,02,02,01,sad,center_joint,-3.512509346008301,-3.614168405532837,-0.10165905952453613
pair_0087_sad,pair_0087,22,02,02,01,sad,center_19,-3.512509346008301,-3.510341167449951,0.0021681785583496094
pair_0087_sad,pair_0087,22,02,02,01,sad,center_23,-3.512509346008301,-3.7747108936309814,-0.26220154762268066
pair_0088_happy,pair_0088,23,01,01,01,happy,clean,-4.401366233825684,-4.401366233825684,0.0
pair_0088_happy,pair_0088,23,01,01,01,happy,zero_noop,-4.401366233825684,-4.401366233825684,0.0
pair_0088_happy,pair_0088,23,01,01,01,happy,center_joint,-4.401366233825684,-4.6475138664245605,-0.24614763259887695
pair_0088_happy,pair_0088,23,01,01,01,happy,center_19,-4.401366233825684,-4.416470050811768,-0.015103816986083984
pair_0088_happy,pair_0088,23,01,01,01,happy,center_23,-4.401366233825684,-4.222357749938965,0.17900848388671875
pair_0088_sad,pair_0088,23,01,01,01,sad,clean,-4.017239093780518,-4.017239093780518,0.0
pair_0088_sad,pair_0088,23,01,01,01,sad,zero_noop,-4.017239093780518,-4.017239093780518,0.0
pair_0088_sad,pair_0088,23,01,01,01,sad,center_joint,-4.017239093780518,-4.238719463348389,-0.2214803695678711
pair_0088_sad,pair_0088,23,01,01,01,sad,center_19,-4.017239093780518,-4.0293049812316895,-0.012065887451171875
pair_0088_sad,pair_0088,23,01,01,01,sad,center_23,-4.017239093780518,-3.8336801528930664,0.18355894088745117
pair_0089_happy,pair_0089,23,01,02,01,happy,clean,-4.488677501678467,-4.488677501678467,0.0
pair_0089_happy,pair_0089,23,01,02,01,happy,zero_noop,-4.488677501678467,-4.488677501678467,0.0
pair_0089_happy,pair_0089,23,01,02,01,happy,center_joint,-4.488677501678467,-4.682869911193848,-0.19419240951538086
pair_0089_happy,pair_0089,23,01,02,01,happy,center_19,-4.488677501678467,-4.49742317199707,-0.008745670318603516
pair_0089_happy,pair_0089,23,01,02,01,happy,center_23,-4.488677501678467,-4.304806709289551,0.18387079238891602
pair_0089_sad,pair_0089,23,01,02,01,sad,clean,-4.4080986976623535,-4.4080986976623535,0.0
pair_0089_sad,pair_0089,23,01,02,01,sad,zero_noop,-4.4080986976623535,-4.4080986976623535,0.0
pair_0089_sad,pair_0089,23,01,02,01,sad,center_joint,-4.4080986976623535,-4.664981842041016,-0.2568831443786621
pair_0089_sad,pair_0089,23,01,02,01,sad,center_19,-4.4080986976623535,-4.429955959320068,-0.021857261657714844
pair_0089_sad,pair_0089,23,01,02,01,sad,center_23,-4.4080986976623535,-4.222610950469971,0.1854877471923828
pair_0090_happy,pair_0090,23,02,01,01,happy,clean,-3.967418670654297,-3.967418670654297,0.0
pair_0090_happy,pair_0090,23,02,01,01,happy,zero_noop,-3.967418670654297,-3.967418670654297,0.0
pair_0090_happy,pair_0090,23,02,01,01,happy,center_joint,-3.967418670654297,-4.141088962554932,-0.17367029190063477
pair_0090_happy,pair_0090,23,02,01,01,happy,center_19,-3.967418670654297,-3.973761558532715,-0.006342887878417969
pair_0090_happy,pair_0090,23,02,01,01,happy,center_23,-3.967418670654297,-4.22711706161499,-0.25969839096069336
pair_0090_sad,pair_0090,23,02,01,01,sad,clean,-3.457728862762451,-3.457728862762451,0.0
pair_0090_sad,pair_0090,23,02,01,01,sad,zero_noop,-3.457728862762451,-3.457728862762451,0.0
pair_0090_sad,pair_0090,23,02,01,01,sad,center_joint,-3.457728862762451,-3.5005784034729004,-0.04284954071044922
pair_0090_sad,pair_0090,23,02,01,01,sad,center_19,-3.457728862762451,-3.4421143531799316,0.015614509582519531
pair_0090_sad,pair_0090,23,02,01,01,sad,center_23,-3.457728862762451,-3.713622570037842,-0.2558937072753906
pair_0091_happy,pair_0091,23,02,02,01,happy,clean,-3.599268674850464,-3.599268674850464,0.0
pair_0091_happy,pair_0091,23,02,02,01,happy,zero_noop,-3.599268674850464,-3.599268674850464,0.0
pair_0091_happy,pair_0091,23,02,02,01,happy,center_joint,-3.599268674850464,-3.689047336578369,-0.08977866172790527
pair_0091_happy,pair_0091,23,02,02,01,happy,center_19,-3.599268674850464,-3.586463689804077,0.012804985046386719
pair_0091_happy,pair_0091,23,02,02,01,happy,center_23,-3.599268674850464,-3.851546287536621,-0.2522776126861572
pair_0091_sad,pair_0091,23,02,02,01,sad,clean,-3.179276704788208,-3.179276704788208,0.0
pair_0091_sad,pair_0091,23,02,02,01,sad,zero_noop,-3.179276704788208,-3.179276704788208,0.0
pair_0091_sad,pair_0091,23,02,02,01,sad,center_joint,-3.179276704788208,-3.1300954818725586,0.049181222915649414
pair_0091_sad,pair_0091,23,02,02,01,sad,center_19,-3.179276704788208,-3.152392864227295,0.026883840560913086
pair_0091_sad,pair_0091,23,02,02,01,sad,center_23,-3.179276704788208,-3.426879644393921,-0.2476029396057129
pair_0092_happy,pair_0092,24,01,01,01,happy,clean,-4.097404479980469,-4.097404479980469,0.0
pair_0092_happy,pair_0092,24,01,01,01,happy,zero_noop,-4.097404479980469,-4.097404479980469,0.0
pair_0092_happy,pair_0092,24,01,01,01,happy,center_joint,-4.097404479980469,-4.313179969787598,-0.2157754898071289
pair_0092_happy,pair_0092,24,01,01,01,happy,center_19,-4.097404479980469,-4.109261512756348,-0.011857032775878906
pair_0092_happy,pair_0092,24,01,01,01,happy,center_23,-4.097404479980469,-3.9131157398223877,0.18428874015808105
pair_0092_sad,pair_0092,24,01,01,01,sad,clean,-4.705519676208496,-4.705519676208496,0.0
pair_0092_sad,pair_0092,24,01,01,01,sad,zero_noop,-4.705519676208496,-4.705519676208496,0.0
pair_0092_sad,pair_0092,24,01,01,01,sad,center_joint,-4.705519676208496,-4.940496921539307,-0.23497724533081055
pair_0092_sad,pair_0092,24,01,01,01,sad,center_19,-4.705519676208496,-4.712125301361084,-0.006605625152587891
pair_0092_sad,pair_0092,24,01,01,01,sad,center_23,-4.705519676208496,-4.520702362060547,0.18481731414794922
pair_0093_happy,pair_0093,24,01,02,01,happy,clean,-4.184145927429199,-4.184145927429199,0.0
pair_0093_happy,pair_0093,24,01,02,01,happy,zero_noop,-4.184145927429199,-4.184145927429199,0.0
pair_0093_happy,pair_0093,24,01,02,01,happy,center_joint,-4.184145927429199,-4.385982513427734,-0.20183658599853516
pair_0093_happy,pair_0093,24,01,02,01,happy,center_19,-4.184145927429199,-4.198348522186279,-0.014202594757080078
pair_0093_happy,pair_0093,24,01,02,01,happy,center_23,-4.184145927429199,-3.9993388652801514,0.18480706214904785
pair_0093_sad,pair_0093,24,01,02,01,sad,clean,-4.5940375328063965,-4.5940375328063965,0.0
pair_0093_sad,pair_0093,24,01,02,01,sad,zero_noop,-4.5940375328063965,-4.5940375328063965,0.0
pair_0093_sad,pair_0093,24,01,02,01,sad,center_joint,-4.5940375328063965,-4.869646072387695,-0.27560853958129883
pair_0093_sad,pair_0093,24,01,02,01,sad,center_19,-4.5940375328063965,-4.608918190002441,-0.014880657196044922
pair_0093_sad,pair_0093,24,01,02,01,sad,center_23,-4.5940375328063965,-4.408992767333984,0.1850447654724121
pair_0094_happy,pair_0094,24,02,01,01,happy,clean,-3.719454050064087,-3.719454050064087,0.0
pair_0094_happy,pair_0094,24,02,01,01,happy,zero_noop,-3.719454050064087,-3.719454050064087,0.0
pair_0094_happy,pair_0094,24,02,01,01,happy,center_joint,-3.719454050064087,-3.7561912536621094,-0.03673720359802246
pair_0094_happy,pair_0094,24,02,01,01,happy,center_19,-3.719454050064087,-3.7075257301330566,0.011928319931030273
pair_0094_happy,pair_0094,24,02,01,01,happy,center_23,-3.719454050064087,-3.970348834991455,-0.25089478492736816
pair_0094_sad,pair_0094,24,02,01,01,sad,clean,-3.6296300888061523,-3.6296300888061523,0.0
pair_0094_sad,pair_0094,24,02,01,01,sad,zero_noop,-3.6296300888061523,-3.6296300888061523,0.0
pair_0094_sad,pair_0094,24,02,01,01,sad,center_joint,-3.6296300888061523,-3.7059905529022217,-0.07636046409606934
pair_0094_sad,pair_0094,24,02,01,01,sad,center_19,-3.6296300888061523,-3.623386859893799,0.006243228912353516
pair_0094_sad,pair_0094,24,02,01,01,sad,center_23,-3.6296300888061523,-3.87546706199646,-0.24583697319030762
pair_0095_happy,pair_0095,24,02,02,01,happy,clean,-3.743422269821167,-3.743422269821167,0.0
pair_0095_happy,pair_0095,24,02,02,01,happy,zero_noop,-3.743422269821167,-3.743422269821167,0.0
pair_0095_happy,pair_0095,24,02,02,01,happy,center_joint,-3.743422269821167,-3.7724080085754395,-0.02898573875427246
pair_0095_happy,pair_0095,24,02,02,01,happy,center_19,-3.743422269821167,-3.7270150184631348,0.016407251358032227
pair_0095_happy,pair_0095,24,02,02,01,happy,center_23,-3.743422269821167,-3.9973366260528564,-0.25391435623168945
pair_0095_sad,pair_0095,24,02,02,01,sad,clean,-3.626431703567505,-3.626431703567505,0.0
pair_0095_sad,pair_0095,24,02,02,01,sad,zero_noop,-3.626431703567505,-3.626431703567505,0.0
pair_0095_sad,pair_0095,24,02,02,01,sad,center_joint,-3.626431703567505,-3.626066207885742,0.0003654956817626953
pair_0095_sad,pair_0095,24,02,02,01,sad,center_19,-3.626431703567505,-3.60770845413208,0.018723249435424805
pair_0095_sad,pair_0095,24,02,02,01,sad,center_23,-3.626431703567505,-3.880796432495117,-0.2543647289276123
