layer,regime,fold,condition,n_train,n_test,n_cal_source,n_cal_target,accuracy,roc_auc,offset_norm,offset_probe_projection,score_shift_mean,raw_intercept
18,statement,actor_None_statement_01,raw,96,96,96,96,0.4895833333333333,0.55859375,10.766000881863835,-9.629843261221248,0.0,-28.007664655801534
18,statement,actor_None_statement_01,source_center_noop,96,96,96,96,0.4895833333333333,0.55859375,10.766000881863835,-9.629843261221248,0.0,-28.007664655801534
18,statement,actor_None_statement_01,transductive_center,96,96,96,96,0.5208333333333334,0.55859375,10.766000881863835,-9.629843261221248,9.62984326122125,-28.007664655801534
18,statement,actor_None_statement_02,raw,96,96,96,96,0.5,0.5811631944444444,10.766000881863835,-41.97846373738729,0.0,-34.88321786266415
18,statement,actor_None_statement_02,source_center_noop,96,96,96,96,0.5,0.5811631944444444,10.766000881863835,-41.97846373738729,0.0,-34.88321786266415
18,statement,actor_None_statement_02,transductive_center,96,96,96,96,0.5729166666666666,0.5811631944444444,10.766000881863835,-41.97846373738729,41.978463737387294,-34.88321786266415
18,joint,actor_01_statement_01,raw,92,4,92,92,0.5,0.25,10.754891440463808,-3.2071747535071164,0.0,-27.71471667864608
18,joint,actor_01_statement_01,source_center_noop,92,4,92,92,0.5,0.25,10.754891440463808,-3.2071747535071164,0.0,-27.71471667864608
18,joint,actor_01_statement_01,independent_center,92,4,92,92,0.5,0.25,10.754891440463808,-3.2071747535071164,3.2071747535071164,-27.71471667864608
18,joint,actor_01_statement_01,independent_rank1,92,4,92,92,0.5,0.25,10.754891440463808,-3.2071747535071164,3.3326733342487866,-27.71471667864608
18,joint,actor_01_statement_02,raw,92,4,92,92,0.5,0.75,10.754891440463808,-41.76259355009505,0.0,-29.244409419821643
18,joint,actor_01_statement_02,source_center_noop,92,4,92,92,0.5,0.75,10.754891440463808,-41.76259355009505,0.0,-29.244409419821643
18,joint,actor_01_statement_02,independent_center,92,4,92,92,0.75,0.75,10.754891440463808,-41.76259355009505,41.76259355009505,-29.244409419821643
18,joint,actor_01_statement_02,independent_rank1,92,4,92,92,0.5,0.75,10.754891440463808,-41.76259355009505,42.243112685619934,-29.244409419821643
18,joint,actor_02_statement_01,raw,92,4,92,92,0.5,0.25,10.761937933687964,-11.514572226174328,0.0,-26.467134763041884
18,joint,actor_02_statement_01,source_center_noop,92,4,92,92,0.5,0.25,10.761937933687964,-11.514572226174328,0.0,-26.467134763041884
18,joint,actor_02_statement_01,independent_center,92,4,92,92,0.25,0.25,10.761937933687964,-11.514572226174328,11.514572226174328,-26.467134763041884
18,joint,actor_02_statement_01,independent_rank1,92,4,92,92,0.25,0.0,10.761937933687964,-11.514572226174328,11.392003775966241,-26.467134763041884
18,joint,actor_02_statement_02,raw,92,4,92,92,0.5,0.25,10.761937933687964,-47.28326409065762,0.0,-39.26427281377377
18,joint,actor_02_statement_02,source_center_noop,92,4,92,92,0.5,0.25,10.761937933687964,-47.28326409065762,0.0,-39.26427281377377
18,joint,actor_02_statement_02,independent_center,92,4,92,92,0.5,0.25,10.761937933687964,-47.28326409065762,47.28326409065762,-39.26427281377377
18,joint,actor_02_statement_02,independent_rank1,92,4,92,92,0.25,0.25,10.761937933687964,-47.28326409065762,48.3505414020247,-39.26427281377377
18,joint,actor_03_statement_01,raw,92,4,92,92,0.5,0.25,10.750525055985385,-11.255525887201669,0.0,-29.219926257105552
18,joint,actor_03_statement_01,source_center_noop,92,4,92,92,0.5,0.25,10.750525055985385,-11.255525887201669,0.0,-29.219926257105552
18,joint,actor_03_statement_01,independent_center,92,4,92,92,0.25,0.25,10.750525055985385,-11.255525887201669,11.255525887201669,-29.219926257105552
18,joint,actor_03_statement_01,independent_rank1,92,4,92,92,0.25,0.0,10.750525055985385,-11.255525887201669,11.55154515048195,-29.219926257105552
18,joint,actor_03_statement_02,raw,92,4,92,92,0.5,0.0,10.750525055985385,-42.4047507845921,0.0,-32.72721303299647
18,joint,actor_03_statement_02,source_center_noop,92,4,92,92,0.5,0.0,10.750525055985385,-42.4047507845921,0.0,-32.72721303299647
18,joint,actor_03_statement_02,independent_center,92,4,92,92,0.0,0.0,10.750525055985385,-42.4047507845921,42.4047507845921,-32.72721303299647
18,joint,actor_03_statement_02,independent_rank1,92,4,92,92,0.5,0.0,10.750525055985385,-42.4047507845921,44.93506472509907,-32.72721303299647
18,joint,actor_04_statement_01,raw,92,4,92,92,0.5,0.5,10.764938492320441,-12.086163830912483,0.0,-26.428971560072668
18,joint,actor_04_statement_01,source_center_noop,92,4,92,92,0.5,0.5,10.764938492320441,-12.086163830912483,0.0,-26.428971560072668
18,joint,actor_04_statement_01,independent_center,92,4,92,92,0.5,0.5,10.764938492320441,-12.086163830912483,12.086163830912483,-26.428971560072668
18,joint,actor_04_statement_01,independent_rank1,92,4,92,92,0.5,0.5,10.764938492320441,-12.086163830912483,11.839097258987332,-26.428971560072668
18,joint,actor_04_statement_02,raw,92,4,92,92,0.5,1.0,10.764938492320441,-37.01803502107276,0.0,-34.890753584340985
18,joint,actor_04_statement_02,source_center_noop,92,4,92,92,0.5,1.0,10.764938492320441,-37.01803502107276,0.0,-34.890753584340985
18,joint,actor_04_statement_02,independent_center,92,4,92,92,1.0,1.0,10.764938492320441,-37.01803502107276,37.01803502107276,-34.890753584340985
18,joint,actor_04_statement_02,independent_rank1,92,4,92,92,0.75,1.0,10.764938492320441,-37.01803502107276,37.52670379542421,-34.890753584340985
18,joint,actor_05_statement_01,raw,92,4,92,92,0.5,0.5,10.783329912203998,-13.164192061251677,0.0,-26.522462807387402
18,joint,actor_05_statement_01,source_center_noop,92,4,92,92,0.5,0.5,10.783329912203998,-13.164192061251677,0.0,-26.522462807387402
18,joint,actor_05_statement_01,independent_center,92,4,92,92,0.5,0.5,10.783329912203998,-13.164192061251677,13.164192061251677,-26.522462807387402
18,joint,actor_05_statement_01,independent_rank1,92,4,92,92,0.5,0.75,10.783329912203998,-13.164192061251677,12.287355526774654,-26.522462807387402
18,joint,actor_05_statement_02,raw,92,4,92,92,0.5,1.0,10.783329912203998,-43.615613979873224,0.0,-37.27912298776945
18,joint,actor_05_statement_02,source_center_noop,92,4,92,92,0.5,1.0,10.783329912203998,-43.615613979873224,0.0,-37.27912298776945
18,joint,actor_05_statement_02,independent_center,92,4,92,92,0.75,1.0,10.783329912203998,-43.615613979873224,43.615613979873224,-37.27912298776945
18,joint,actor_05_statement_02,independent_rank1,92,4,92,92,0.75,1.0,10.783329912203998,-43.615613979873224,43.26230271288596,-37.27912298776945
18,joint,actor_06_statement_01,raw,92,4,92,92,0.5,1.0,10.773658664721529,-11.4177847839778,0.0,-30.36767041924938
18,joint,actor_06_statement_01,source_center_noop,92,4,92,92,0.5,1.0,10.773658664721529,-11.4177847839778,0.0,-30.36767041924938
18,joint,actor_06_statement_01,independent_center,92,4,92,92,0.75,1.0,10.773658664721529,-11.4177847839778,11.4177847839778,-30.36767041924938
18,joint,actor_06_statement_01,independent_rank1,92,4,92,92,0.75,1.0,10.773658664721529,-11.4177847839778,10.778728863469597,-30.36767041924938
18,joint,actor_06_statement_02,raw,92,4,92,92,0.5,1.0,10.773658664721529,-43.91871244419464,0.0,-28.48683384164406
18,joint,actor_06_statement_02,source_center_noop,92,4,92,92,0.5,1.0,10.773658664721529,-43.91871244419464,0.0,-28.48683384164406
18,joint,actor_06_statement_02,independent_center,92,4,92,92,0.75,1.0,10.773658664721529,-43.91871244419464,43.91871244419464,-28.48683384164406
18,joint,actor_06_statement_02,independent_rank1,92,4,92,92,0.5,0.25,10.773658664721529,-43.91871244419464,44.40672277879022,-28.48683384164406
18,joint,actor_07_statement_01,raw,92,4,92,92,0.5,0.75,10.777810348908881,-6.29997436032261,0.0,-30.153252578417842
18,joint,actor_07_statement_01,source_center_noop,92,4,92,92,0.5,0.75,10.777810348908881,-6.29997436032261,0.0,-30.153252578417842
18,joint,actor_07_statement_01,independent_center,92,4,92,92,0.5,0.75,10.777810348908881,-6.29997436032261,6.29997436032261,-30.153252578417842
18,joint,actor_07_statement_01,independent_rank1,92,4,92,92,0.5,0.75,10.777810348908881,-6.29997436032261,5.950959070486584,-30.153252578417842
18,joint,actor_07_statement_02,raw,92,4,92,92,0.5,0.0,10.777810348908881,-35.153315021601415,0.0,-36.49886664805662
18,joint,actor_07_statement_02,source_center_noop,92,4,92,92,0.5,0.0,10.777810348908881,-35.153315021601415,0.0,-36.49886664805662
18,joint,actor_07_statement_02,independent_center,92,4,92,92,0.5,0.0,10.777810348908881,-35.153315021601415,35.153315021601415,-36.49886664805662
18,joint,actor_07_statement_02,independent_rank1,92,4,92,92,0.5,0.0,10.777810348908881,-35.153315021601415,34.624902753215515,-36.49886664805662
18,joint,actor_08_statement_01,raw,92,4,92,92,0.5,1.0,10.872178251076333,-17.556174124537165,0.0,-38.93282675609304
18,joint,actor_08_statement_01,source_center_noop,92,4,92,92,0.5,1.0,10.872178251076333,-17.556174124537165,0.0,-38.93282675609304
18,joint,actor_08_statement_01,independent_center,92,4,92,92,0.5,1.0,10.872178251076333,-17.556174124537165,17.556174124537165,-38.93282675609304
18,joint,actor_08_statement_01,independent_rank1,92,4,92,92,0.5,1.0,10.872178251076333,-17.556174124537165,16.401238376771687,-38.93282675609304
18,joint,actor_08_statement_02,raw,92,4,92,92,0.5,1.0,10.872178251076333,-44.961040137238605,0.0,-27.614767699145762
18,joint,actor_08_statement_02,source_center_noop,92,4,92,92,0.5,1.0,10.872178251076333,-44.961040137238605,0.0,-27.614767699145762
18,joint,actor_08_statement_02,independent_center,92,4,92,92,0.75,1.0,10.872178251076333,-44.961040137238605,44.961040137238605,-27.614767699145762
18,joint,actor_08_statement_02,independent_rank1,92,4,92,92,0.75,1.0,10.872178251076333,-44.961040137238605,33.29877166449465,-27.614767699145762
18,joint,actor_09_statement_01,raw,92,4,92,92,0.5,0.0,10.719545255108455,-6.201649465626643,0.0,-25.681808728157893
18,joint,actor_09_statement_01,source_center_noop,92,4,92,92,0.5,0.0,10.719545255108455,-6.201649465626643,0.0,-25.681808728157893
18,joint,actor_09_statement_01,independent_center,92,4,92,92,0.25,0.0,10.719545255108455,-6.201649465626643,6.201649465626643,-25.681808728157893
18,joint,actor_09_statement_01,independent_rank1,92,4,92,92,0.5,0.0,10.719545255108455,-6.201649465626643,7.289491049922293,-25.681808728157893
18,joint,actor_09_statement_02,raw,92,4,92,92,0.5,0.25,10.719545255108455,-44.82406942817151,0.0,-33.18058542256279
18,joint,actor_09_statement_02,source_center_noop,92,4,92,92,0.5,0.25,10.719545255108455,-44.82406942817151,0.0,-33.18058542256279
18,joint,actor_09_statement_02,independent_center,92,4,92,92,0.5,0.25,10.719545255108455,-44.82406942817151,44.82406942817151,-33.18058542256279
18,joint,actor_09_statement_02,independent_rank1,92,4,92,92,0.75,0.75,10.719545255108455,-44.82406942817151,48.76055646851528,-33.18058542256279
18,joint,actor_10_statement_01,raw,92,4,92,92,0.5,0.5,10.796046350372663,-16.579494235608006,0.0,-27.241456184756213
18,joint,actor_10_statement_01,source_center_noop,92,4,92,92,0.5,0.5,10.796046350372663,-16.579494235608006,0.0,-27.241456184756213
18,joint,actor_10_statement_01,independent_center,92,4,92,92,0.5,0.5,10.796046350372663,-16.579494235608006,16.579494235608006,-27.241456184756213
18,joint,actor_10_statement_01,independent_rank1,92,4,92,92,0.5,0.75,10.796046350372663,-16.579494235608006,16.871379164460745,-27.241456184756213
18,joint,actor_10_statement_02,raw,92,4,92,92,0.5,0.25,10.796046350372663,-31.86944178164261,0.0,-27.877194353461974
18,joint,actor_10_statement_02,source_center_noop,92,4,92,92,0.5,0.25,10.796046350372663,-31.86944178164261,0.0,-27.877194353461974
18,joint,actor_10_statement_02,independent_center,92,4,92,92,0.5,0.25,10.796046350372663,-31.86944178164261,31.86944178164261,-27.877194353461974
18,joint,actor_10_statement_02,independent_rank1,92,4,92,92,0.5,0.25,10.796046350372663,-31.86944178164261,28.513389965395735,-27.877194353461974
18,joint,actor_11_statement_01,raw,92,4,92,92,0.5,0.25,10.754024025314568,-8.966445673822186,0.0,-27.4972243246763
18,joint,actor_11_statement_01,source_center_noop,92,4,92,92,0.5,0.25,10.754024025314568,-8.966445673822186,0.0,-27.4972243246763
18,joint,actor_11_statement_01,independent_center,92,4,92,92,0.25,0.25,10.754024025314568,-8.966445673822186,8.966445673822186,-27.4972243246763
18,joint,actor_11_statement_01,independent_rank1,92,4,92,92,0.25,0.25,10.754024025314568,-8.966445673822186,9.188442633695521,-27.4972243246763
18,joint,actor_11_statement_02,raw,92,4,92,92,0.5,0.5,10.754024025314568,-43.88844762000774,0.0,-31.750804526991473
18,joint,actor_11_statement_02,source_center_noop,92,4,92,92,0.5,0.5,10.754024025314568,-43.88844762000774,0.0,-31.750804526991473
18,joint,actor_11_statement_02,independent_center,92,4,92,92,0.25,0.5,10.754024025314568,-43.88844762000774,43.88844762000774,-31.750804526991473
18,joint,actor_11_statement_02,independent_rank1,92,4,92,92,0.5,0.75,10.754024025314568,-43.88844762000774,44.357076684082465,-31.750804526991473
18,joint,actor_12_statement_01,raw,92,4,92,92,0.5,1.0,10.776980477128935,-7.467938466878456,0.0,-21.946082255443205
18,joint,actor_12_statement_01,source_center_noop,92,4,92,92,0.5,1.0,10.776980477128935,-7.467938466878456,0.0,-21.946082255443205
18,joint,actor_12_statement_01,independent_center,92,4,92,92,0.5,1.0,10.776980477128935,-7.467938466878456,7.467938466878456,-21.946082255443205
18,joint,actor_12_statement_01,independent_rank1,92,4,92,92,0.75,0.75,10.776980477128935,-7.467938466878456,7.272218966006783,-21.946082255443205
18,joint,actor_12_statement_02,raw,92,4,92,92,0.5,0.25,10.776980477128935,-44.25512456092703,0.0,-35.27887071584434
18,joint,actor_12_statement_02,source_center_noop,92,4,92,92,0.5,0.25,10.776980477128935,-44.25512456092703,0.0,-35.27887071584434
18,joint,actor_12_statement_02,independent_center,92,4,92,92,0.5,0.25,10.776980477128935,-44.25512456092703,44.25512456092703,-35.27887071584434
18,joint,actor_12_statement_02,independent_rank1,92,4,92,92,0.5,1.0,10.776980477128935,-44.25512456092703,44.16650488789427,-35.27887071584434
18,joint,actor_13_statement_01,raw,92,4,92,92,0.5,0.5,10.742583568667701,-9.496999695145638,0.0,-25.842586161869455
18,joint,actor_13_statement_01,source_center_noop,92,4,92,92,0.5,0.5,10.742583568667701,-9.496999695145638,0.0,-25.842586161869455
18,joint,actor_13_statement_01,independent_center,92,4,92,92,0.75,0.5,10.742583568667701,-9.496999695145638,9.496999695145638,-25.842586161869455
18,joint,actor_13_statement_01,independent_rank1,92,4,92,92,0.75,0.5,10.742583568667701,-9.496999695145638,9.231265533786098,-25.842586161869455
18,joint,actor_13_statement_02,raw,92,4,92,92,0.5,1.0,10.742583568667701,-38.92724091879741,0.0,-35.56462884956704
18,joint,actor_13_statement_02,source_center_noop,92,4,92,92,0.5,1.0,10.742583568667701,-38.92724091879741,0.0,-35.56462884956704
18,joint,actor_13_statement_02,independent_center,92,4,92,92,1.0,1.0,10.742583568667701,-38.92724091879741,38.92724091879741,-35.56462884956704
18,joint,actor_13_statement_02,independent_rank1,92,4,92,92,0.5,1.0,10.742583568667701,-38.92724091879741,42.031482959242155,-35.56462884956704
18,joint,actor_14_statement_01,raw,92,4,92,92,0.5,0.0,10.739033268171557,-10.192885213743992,0.0,-29.133477140556852
18,joint,actor_14_statement_01,source_center_noop,92,4,92,92,0.5,0.0,10.739033268171557,-10.192885213743992,0.0,-29.133477140556852
18,joint,actor_14_statement_01,independent_center,92,4,92,92,0.5,0.0,10.739033268171557,-10.192885213743992,10.192885213743992,-29.133477140556852
18,joint,actor_14_statement_01,independent_rank1,92,4,92,92,0.5,0.25,10.739033268171557,-10.192885213743992,10.686439833442703,-29.133477140556852
18,joint,actor_14_statement_02,raw,92,4,92,92,0.5,1.0,10.739033268171557,-36.61586180639027,0.0,-30.065078817788702
18,joint,actor_14_statement_02,source_center_noop,92,4,92,92,0.5,1.0,10.739033268171557,-36.61586180639027,0.0,-30.065078817788702
18,joint,actor_14_statement_02,independent_center,92,4,92,92,1.0,1.0,10.739033268171557,-36.61586180639027,36.61586180639027,-30.065078817788702
18,joint,actor_14_statement_02,independent_rank1,92,4,92,92,1.0,1.0,10.739033268171557,-36.61586180639027,37.428577586973006,-30.065078817788702
18,joint,actor_15_statement_01,raw,92,4,92,92,0.5,1.0,10.76404257454581,-11.422904006631663,0.0,-28.08962988552407
18,joint,actor_15_statement_01,source_center_noop,92,4,92,92,0.5,1.0,10.76404257454581,-11.422904006631663,0.0,-28.08962988552407
18,joint,actor_15_statement_01,independent_center,92,4,92,92,0.75,1.0,10.76404257454581,-11.422904006631663,11.422904006631663,-28.08962988552407
18,joint,actor_15_statement_01,independent_rank1,92,4,92,92,0.75,1.0,10.76404257454581,-11.422904006631663,9.74390733431082,-28.08962988552407
18,joint,actor_15_statement_02,raw,92,4,92,92,0.5,0.75,10.76404257454581,-40.56088275165878,0.0,-32.60827386213928
18,joint,actor_15_statement_02,source_center_noop,92,4,92,92,0.5,0.75,10.76404257454581,-40.56088275165878,0.0,-32.60827386213928
18,joint,actor_15_statement_02,independent_center,92,4,92,92,0.5,0.75,10.76404257454581,-40.56088275165878,40.56088275165878,-32.60827386213928
18,joint,actor_15_statement_02,independent_rank1,92,4,92,92,0.5,0.5,10.76404257454581,-40.56088275165878,43.369908763951585,-32.60827386213928
18,joint,actor_16_statement_01,raw,92,4,92,92,0.75,0.75,10.765481021258589,-3.1757966666924826,0.0,-25.521643662520997
18,joint,actor_16_statement_01,source_center_noop,92,4,92,92,0.75,0.75,10.765481021258589,-3.1757966666924826,0.0,-25.521643662520997
18,joint,actor_16_statement_01,independent_center,92,4,92,92,0.75,0.75,10.765481021258589,-3.1757966666924826,3.1757966666924826,-25.521643662520997
18,joint,actor_16_statement_01,independent_rank1,92,4,92,92,0.75,0.75,10.765481021258589,-3.1757966666924826,3.2485899332012416,-25.521643662520997
18,joint,actor_16_statement_02,raw,92,4,92,92,0.5,0.75,10.765481021258589,-47.41626030302451,0.0,-39.32703605275861
18,joint,actor_16_statement_02,source_center_noop,92,4,92,92,0.5,0.75,10.765481021258589,-47.41626030302451,0.0,-39.32703605275861
18,joint,actor_16_statement_02,independent_center,92,4,92,92,0.75,0.75,10.765481021258589,-47.41626030302451,47.41626030302451,-39.32703605275861
18,joint,actor_16_statement_02,independent_rank1,92,4,92,92,1.0,1.0,10.765481021258589,-47.41626030302451,47.1369571037788,-39.32703605275861
18,joint,actor_17_statement_01,raw,92,4,92,92,0.5,0.25,10.741465240890388,0.3059199317917578,0.0,-31.194673090514634
18,joint,actor_17_statement_01,source_center_noop,92,4,92,92,0.5,0.25,10.741465240890388,0.3059199317917578,0.0,-31.194673090514634
18,joint,actor_17_statement_01,independent_center,92,4,92,92,0.5,0.25,10.741465240890388,0.3059199317917578,-0.3059199317917578,-31.194673090514634
18,joint,actor_17_statement_01,independent_rank1,92,4,92,92,0.5,0.25,10.741465240890388,0.3059199317917578,-0.2567946311215392,-31.194673090514634
18,joint,actor_17_statement_02,raw,92,4,92,92,0.5,0.25,10.741465240890388,-33.03567503759376,0.0,-29.39532826002401
18,joint,actor_17_statement_02,source_center_noop,92,4,92,92,0.5,0.25,10.741465240890388,-33.03567503759376,0.0,-29.39532826002401
18,joint,actor_17_statement_02,independent_center,92,4,92,92,0.5,0.25,10.741465240890388,-33.03567503759376,33.03567503759376,-29.39532826002401
18,joint,actor_17_statement_02,independent_rank1,92,4,92,92,0.25,0.25,10.741465240890388,-33.03567503759376,34.55514110000351,-29.39532826002401
18,joint,actor_18_statement_01,raw,92,4,92,92,0.5,0.25,10.78603011697633,-10.552010526746189,0.0,-26.705376800839776
18,joint,actor_18_statement_01,source_center_noop,92,4,92,92,0.5,0.25,10.78603011697633,-10.552010526746189,0.0,-26.705376800839776
18,joint,actor_18_statement_01,independent_center,92,4,92,92,0.25,0.25,10.78603011697633,-10.552010526746189,10.552010526746189,-26.705376800839776
18,joint,actor_18_statement_01,independent_rank1,92,4,92,92,0.25,0.25,10.78603011697633,-10.552010526746189,10.180781716974453,-26.705376800839776
18,joint,actor_18_statement_02,raw,92,4,92,92,0.5,0.75,10.78603011697633,-36.838903743503636,0.0,-35.56698582548537
18,joint,actor_18_statement_02,source_center_noop,92,4,92,92,0.5,0.75,10.78603011697633,-36.838903743503636,0.0,-35.56698582548537
18,joint,actor_18_statement_02,independent_center,92,4,92,92,0.5,0.75,10.78603011697633,-36.838903743503636,36.838903743503636,-35.56698582548537
18,joint,actor_18_statement_02,independent_rank1,92,4,92,92,0.5,0.5,10.78603011697633,-36.838903743503636,32.466140711504224,-35.56698582548537
18,joint,actor_19_statement_01,raw,92,4,92,92,0.5,0.5,10.746455725993254,-11.495253112188802,0.0,-31.462162998627935
18,joint,actor_19_statement_01,source_center_noop,92,4,92,92,0.5,0.5,10.746455725993254,-11.495253112188802,0.0,-31.462162998627935
18,joint,actor_19_statement_01,independent_center,92,4,92,92,0.75,0.5,10.746455725993254,-11.495253112188802,11.495253112188802,-31.462162998627935
18,joint,actor_19_statement_01,independent_rank1,92,4,92,92,0.75,0.75,10.746455725993254,-11.495253112188802,11.682882501248233,-31.462162998627935
18,joint,actor_19_statement_02,raw,92,4,92,92,0.5,0.75,10.746455725993254,-40.981610243522226,0.0,-34.78714283709195
18,joint,actor_19_statement_02,source_center_noop,92,4,92,92,0.5,0.75,10.746455725993254,-40.981610243522226,0.0,-34.78714283709195
18,joint,actor_19_statement_02,independent_center,92,4,92,92,0.5,0.75,10.746455725993254,-40.981610243522226,40.981610243522226,-34.78714283709195
18,joint,actor_19_statement_02,independent_rank1,92,4,92,92,0.5,0.25,10.746455725993254,-40.981610243522226,43.89394426684545,-34.78714283709195
18,joint,actor_20_statement_01,raw,92,4,92,92,0.5,0.75,10.728171161982196,-15.828664653454407,0.0,-25.85664625760798
18,joint,actor_20_statement_01,source_center_noop,92,4,92,92,0.5,0.75,10.728171161982196,-15.828664653454407,0.0,-25.85664625760798
18,joint,actor_20_statement_01,independent_center,92,4,92,92,0.5,0.75,10.728171161982196,-15.828664653454407,15.828664653454407,-25.85664625760798
18,joint,actor_20_statement_01,independent_rank1,92,4,92,92,0.5,0.75,10.728171161982196,-15.828664653454407,17.014167689212606,-25.85664625760798
18,joint,actor_20_statement_02,raw,92,4,92,92,0.5,0.25,10.728171161982196,-42.92118962019968,0.0,-32.863630910343126
18,joint,actor_20_statement_02,source_center_noop,92,4,92,92,0.5,0.25,10.728171161982196,-42.92118962019968,0.0,-32.863630910343126
18,joint,actor_20_statement_02,independent_center,92,4,92,92,0.25,0.25,10.728171161982196,-42.92118962019968,42.92118962019968,-32.863630910343126
18,joint,actor_20_statement_02,independent_rank1,92,4,92,92,0.75,1.0,10.728171161982196,-42.92118962019968,42.56001314106838,-32.863630910343126
18,joint,actor_21_statement_01,raw,92,4,92,92,0.5,0.75,10.785548219180342,-9.850538991268492,0.0,-32.41292471503763
18,joint,actor_21_statement_01,source_center_noop,92,4,92,92,0.5,0.75,10.785548219180342,-9.850538991268492,0.0,-32.41292471503763
18,joint,actor_21_statement_01,independent_center,92,4,92,92,0.5,0.75,10.785548219180342,-9.850538991268492,9.850538991268492,-32.41292471503763
18,joint,actor_21_statement_01,independent_rank1,92,4,92,92,0.25,0.5,10.785548219180342,-9.850538991268492,9.883757839326112,-32.41292471503763
18,joint,actor_21_statement_02,raw,92,4,92,92,0.5,0.5,10.785548219180342,-42.0415446345158,0.0,-35.267939818546395
18,joint,actor_21_statement_02,source_center_noop,92,4,92,92,0.5,0.5,10.785548219180342,-42.0415446345158,0.0,-35.267939818546395
18,joint,actor_21_statement_02,independent_center,92,4,92,92,0.5,0.5,10.785548219180342,-42.0415446345158,42.0415446345158,-35.267939818546395
18,joint,actor_21_statement_02,independent_rank1,92,4,92,92,0.5,0.25,10.785548219180342,-42.0415446345158,41.78880096840962,-35.267939818546395
18,joint,actor_22_statement_01,raw,92,4,92,92,0.5,0.0,10.753078069005724,-11.80909312442698,0.0,-26.69353451739596
18,joint,actor_22_statement_01,source_center_noop,92,4,92,92,0.5,0.0,10.753078069005724,-11.80909312442698,0.0,-26.69353451739596
18,joint,actor_22_statement_01,independent_center,92,4,92,92,0.5,0.0,10.753078069005724,-11.80909312442698,11.80909312442698,-26.69353451739596
18,joint,actor_22_statement_01,independent_rank1,92,4,92,92,0.5,0.0,10.753078069005724,-11.80909312442698,12.451637154723091,-26.69353451739596
18,joint,actor_22_statement_02,raw,92,4,92,92,0.5,1.0,10.753078069005724,-41.372111495159274,0.0,-34.60008987972099
18,joint,actor_22_statement_02,source_center_noop,92,4,92,92,0.5,1.0,10.753078069005724,-41.372111495159274,0.0,-34.60008987972099
18,joint,actor_22_statement_02,independent_center,92,4,92,92,0.75,1.0,10.753078069005724,-41.372111495159274,41.372111495159274,-34.60008987972099
18,joint,actor_22_statement_02,independent_rank1,92,4,92,92,0.75,1.0,10.753078069005724,-41.372111495159274,42.93241789534316,-34.60008987972099
18,joint,actor_23_statement_01,raw,92,4,92,92,0.5,1.0,10.764831286836767,-12.61409760729384,0.0,-29.41430788264773
18,joint,actor_23_statement_01,source_center_noop,92,4,92,92,0.5,1.0,10.764831286836767,-12.61409760729384,0.0,-29.41430788264773
18,joint,actor_23_statement_01,independent_center,92,4,92,92,0.75,1.0,10.764831286836767,-12.61409760729384,12.61409760729384,-29.41430788264773
18,joint,actor_23_statement_01,independent_rank1,92,4,92,92,0.75,1.0,10.764831286836767,-12.61409760729384,12.333221053190158,-29.41430788264773
18,joint,actor_23_statement_02,raw,92,4,92,92,0.5,0.0,10.764831286836767,-41.777659059789684,0.0,-34.62307046627156
18,joint,actor_23_statement_02,source_center_noop,92,4,92,92,0.5,0.0,10.764831286836767,-41.777659059789684,0.0,-34.62307046627156
18,joint,actor_23_statement_02,independent_center,92,4,92,92,0.25,0.0,10.764831286836767,-41.777659059789684,41.777659059789684,-34.62307046627156
18,joint,actor_23_statement_02,independent_rank1,92,4,92,92,0.25,0.0,10.764831286836767,-41.777659059789684,42.018334189821594,-34.62307046627156
18,joint,actor_24_statement_01,raw,92,4,92,92,0.5,0.5,10.790315391103581,-5.742206074970373,0.0,-23.333145432791913
18,joint,actor_24_statement_01,source_center_noop,92,4,92,92,0.5,0.5,10.790315391103581,-5.742206074970373,0.0,-23.333145432791913
18,joint,actor_24_statement_01,independent_center,92,4,92,92,0.75,0.5,10.790315391103581,-5.742206074970373,5.742206074970373,-23.333145432791913
18,joint,actor_24_statement_01,independent_rank1,92,4,92,92,0.75,0.5,10.790315391103581,-5.742206074970373,5.5582396261668165,-23.333145432791913
18,joint,actor_24_statement_02,raw,92,4,92,92,0.5,0.5,10.790315391103581,-47.645252906817326,0.0,-36.48793301566382
18,joint,actor_24_statement_02,source_center_noop,92,4,92,92,0.5,0.5,10.790315391103581,-47.645252906817326,0.0,-36.48793301566382
18,joint,actor_24_statement_02,independent_center,92,4,92,92,0.25,0.5,10.790315391103581,-47.645252906817326,47.645252906817326,-36.48793301566382
18,joint,actor_24_statement_02,independent_rank1,92,4,92,92,0.5,0.5,10.790315391103581,-47.645252906817326,46.08019340711267,-36.48793301566382
19,statement,actor_None_statement_01,raw,96,96,96,96,0.5104166666666666,0.6419270833333334,3.592535852766592,13.534845626600271,0.0,19.539423980685566
19,statement,actor_None_statement_01,source_center_noop,96,96,96,96,0.5104166666666666,0.6419270833333334,3.592535852766592,13.534845626600271,0.0,19.539423980685566
19,statement,actor_None_statement_01,transductive_center,96,96,96,96,0.5833333333333334,0.6419270833333334,3.592535852766592,13.534845626600271,-13.534845626600267,19.539423980685566
19,statement,actor_None_statement_02,raw,96,96,96,96,0.6354166666666666,0.7278645833333334,3.592535852766592,-2.760524189027607,0.0,-14.572447578351968
19,statement,actor_None_statement_02,source_center_noop,96,96,96,96,0.6354166666666666,0.7278645833333334,3.592535852766592,-2.760524189027607,0.0,-14.572447578351968
19,statement,actor_None_statement_02,transductive_center,96,96,96,96,0.6666666666666666,0.7278645833333334,3.592535852766592,-2.760524189027607,2.760524189027606,-14.572447578351968
19,joint,actor_01_statement_01,raw,92,4,92,92,0.75,0.5,3.5793714825019323,5.772290928777607,0.0,-3.0671667227678516
19,joint,actor_01_statement_01,source_center_noop,92,4,92,92,0.75,0.5,3.5793714825019323,5.772290928777607,0.0,-3.0671667227678516
19,joint,actor_01_statement_01,independent_center,92,4,92,92,0.5,0.5,3.5793714825019323,5.772290928777607,-5.772290928777607,-3.0671667227678516
19,joint,actor_01_statement_01,independent_rank1,92,4,92,92,0.5,0.5,3.5793714825019323,5.772290928777607,-5.991739782701398,-3.0671667227678516
19,joint,actor_01_statement_02,raw,92,4,92,92,0.5,0.0,3.5793714825019323,-4.131973685112175,0.0,-13.437606272956176
19,joint,actor_01_statement_02,source_center_noop,92,4,92,92,0.5,0.0,3.5793714825019323,-4.131973685112175,0.0,-13.437606272956176
19,joint,actor_01_statement_02,independent_center,92,4,92,92,0.0,0.0,3.5793714825019323,-4.131973685112175,4.131973685112175,-13.437606272956176
19,joint,actor_01_statement_02,independent_rank1,92,4,92,92,0.0,0.0,3.5793714825019323,-4.131973685112175,4.211635983630571,-13.437606272956176
19,joint,actor_02_statement_01,raw,92,4,92,92,0.5,1.0,3.579226118455656,12.296433638273117,0.0,17.854916080721715
19,joint,actor_02_statement_01,source_center_noop,92,4,92,92,0.5,1.0,3.579226118455656,12.296433638273117,0.0,17.854916080721715
19,joint,actor_02_statement_01,independent_center,92,4,92,92,1.0,1.0,3.579226118455656,12.296433638273117,-12.296433638273117,17.854916080721715
19,joint,actor_02_statement_01,independent_rank1,92,4,92,92,1.0,1.0,3.579226118455656,12.296433638273117,-11.929547253712311,17.854916080721715
19,joint,actor_02_statement_02,raw,92,4,92,92,0.5,0.5,3.579226118455656,1.4132746725776268,0.0,-14.904472701233143
19,joint,actor_02_statement_02,source_center_noop,92,4,92,92,0.5,0.5,3.579226118455656,1.4132746725776268,0.0,-14.904472701233143
19,joint,actor_02_statement_02,independent_center,92,4,92,92,0.5,0.5,3.579226118455656,1.4132746725776268,-1.4132746725776268,-14.904472701233143
19,joint,actor_02_statement_02,independent_rank1,92,4,92,92,0.5,0.25,3.579226118455656,1.4132746725776268,-1.586948633589921,-14.904472701233143
19,joint,actor_03_statement_01,raw,92,4,92,92,0.5,0.5,3.5796827925022594,13.020051110545035,0.0,15.543204985299177
19,joint,actor_03_statement_01,source_center_noop,92,4,92,92,0.5,0.5,3.5796827925022594,13.020051110545035,0.0,15.543204985299177
19,joint,actor_03_statement_01,independent_center,92,4,92,92,0.5,0.5,3.5796827925022594,13.020051110545035,-13.020051110545035,15.543204985299177
19,joint,actor_03_statement_01,independent_rank1,92,4,92,92,0.5,0.5,3.5796827925022594,13.020051110545035,-12.114278261926446,15.543204985299177
19,joint,actor_03_statement_02,raw,92,4,92,92,0.5,1.0,3.5796827925022594,-5.871055624095757,0.0,-14.370912812127807
19,joint,actor_03_statement_02,source_center_noop,92,4,92,92,0.5,1.0,3.5796827925022594,-5.871055624095757,0.0,-14.370912812127807
19,joint,actor_03_statement_02,independent_center,92,4,92,92,0.75,1.0,3.5796827925022594,-5.871055624095757,5.8710556240957565,-14.370912812127807
19,joint,actor_03_statement_02,independent_rank1,92,4,92,92,0.75,1.0,3.5796827925022594,-5.871055624095757,6.232077830969322,-14.370912812127807
19,joint,actor_04_statement_01,raw,92,4,92,92,0.75,1.0,3.584498494218146,15.410992584124388,0.0,22.53384327916196
19,joint,actor_04_statement_01,source_center_noop,92,4,92,92,0.75,1.0,3.584498494218146,15.410992584124388,0.0,22.53384327916196
19,joint,actor_04_statement_01,independent_center,92,4,92,92,0.75,1.0,3.584498494218146,15.410992584124388,-15.410992584124386,22.53384327916196
19,joint,actor_04_statement_01,independent_rank1,92,4,92,92,0.75,1.0,3.584498494218146,15.410992584124388,-16.18190171489892,22.53384327916196
19,joint,actor_04_statement_02,raw,92,4,92,92,0.75,1.0,3.584498494218146,1.2982252730462358,0.0,-10.41063110828576
19,joint,actor_04_statement_02,source_center_noop,92,4,92,92,0.75,1.0,3.584498494218146,1.2982252730462358,0.0,-10.41063110828576
19,joint,actor_04_statement_02,independent_center,92,4,92,92,0.75,1.0,3.584498494218146,1.2982252730462358,-1.2982252730462358,-10.41063110828576
19,joint,actor_04_statement_02,independent_rank1,92,4,92,92,0.75,0.75,3.584498494218146,1.2982252730462358,-1.6611056109109663,-10.41063110828576
19,joint,actor_05_statement_01,raw,92,4,92,92,0.5,1.0,3.6098589572954296,11.782312481732369,0.0,17.543203148826176
19,joint,actor_05_statement_01,source_center_noop,92,4,92,92,0.5,1.0,3.6098589572954296,11.782312481732369,0.0,17.543203148826176
19,joint,actor_05_statement_01,independent_center,92,4,92,92,1.0,1.0,3.6098589572954296,11.782312481732369,-11.782312481732369,17.543203148826176
19,joint,actor_05_statement_01,independent_rank1,92,4,92,92,1.0,1.0,3.6098589572954296,11.782312481732369,-11.268568495070326,17.543203148826176
19,joint,actor_05_statement_02,raw,92,4,92,92,0.75,1.0,3.6098589572954296,0.028021087687074342,0.0,-22.644480477312218
19,joint,actor_05_statement_02,source_center_noop,92,4,92,92,0.75,1.0,3.6098589572954296,0.028021087687074342,0.0,-22.644480477312218
19,joint,actor_05_statement_02,independent_center,92,4,92,92,0.75,1.0,3.6098589572954296,0.028021087687074342,-0.028021087687074342,-22.644480477312218
19,joint,actor_05_statement_02,independent_rank1,92,4,92,92,0.75,1.0,3.6098589572954296,0.028021087687074342,0.034788712396949695,-22.644480477312218
19,joint,actor_06_statement_01,raw,92,4,92,92,0.5,0.75,3.5930929556219935,12.690105075324128,0.0,15.62575789864275
19,joint,actor_06_statement_01,source_center_noop,92,4,92,92,0.5,0.75,3.5930929556219935,12.690105075324128,0.0,15.62575789864275
19,joint,actor_06_statement_01,independent_center,92,4,92,92,0.5,0.75,3.5930929556219935,12.690105075324128,-12.690105075324128,15.62575789864275
19,joint,actor_06_statement_01,independent_rank1,92,4,92,92,0.5,0.75,3.5930929556219935,12.690105075324128,-11.132775858563864,15.62575789864275
19,joint,actor_06_statement_02,raw,92,4,92,92,0.5,1.0,3.5930929556219935,-0.8987661359138919,0.0,-12.875167181348196
19,joint,actor_06_statement_02,source_center_noop,92,4,92,92,0.5,1.0,3.5930929556219935,-0.8987661359138919,0.0,-12.875167181348196
19,joint,actor_06_statement_02,independent_center,92,4,92,92,0.75,1.0,3.5930929556219935,-0.8987661359138919,0.8987661359138919,-12.875167181348196
19,joint,actor_06_statement_02,independent_rank1,92,4,92,92,0.5,1.0,3.5930929556219935,-0.8987661359138919,0.8029007962598489,-12.875167181348196
19,joint,actor_07_statement_01,raw,92,4,92,92,0.5,0.5,3.5792232033042826,14.402374578667928,0.0,21.725416290478716
19,joint,actor_07_statement_01,source_center_noop,92,4,92,92,0.5,0.5,3.5792232033042826,14.402374578667928,0.0,21.725416290478716
19,joint,actor_07_statement_01,independent_center,92,4,92,92,0.25,0.5,3.5792232033042826,14.402374578667928,-14.402374578667928,21.725416290478716
19,joint,actor_07_statement_01,independent_rank1,92,4,92,92,0.25,0.5,3.5792232033042826,14.402374578667928,-14.467541697790123,21.725416290478716
19,joint,actor_07_statement_02,raw,92,4,92,92,1.0,1.0,3.5792232033042826,-3.904969474718456,0.0,-5.0902553879731505
19,joint,actor_07_statement_02,source_center_noop,92,4,92,92,1.0,1.0,3.5792232033042826,-3.904969474718456,0.0,-5.0902553879731505
19,joint,actor_07_statement_02,independent_center,92,4,92,92,1.0,1.0,3.5792232033042826,-3.904969474718456,3.9049694747184565,-5.0902553879731505
19,joint,actor_07_statement_02,independent_rank1,92,4,92,92,1.0,1.0,3.5792232033042826,-3.904969474718456,3.8758205397273526,-5.0902553879731505
19,joint,actor_08_statement_01,raw,92,4,92,92,0.75,0.5,3.6457976852379983,10.245960465673125,0.0,22.4316680799112
19,joint,actor_08_statement_01,source_center_noop,92,4,92,92,0.75,0.5,3.6457976852379983,10.245960465673125,0.0,22.4316680799112
19,joint,actor_08_statement_01,independent_center,92,4,92,92,0.75,0.5,3.6457976852379983,10.245960465673125,-10.245960465673125,22.4316680799112
19,joint,actor_08_statement_01,independent_rank1,92,4,92,92,0.5,0.5,3.6457976852379983,10.245960465673125,-8.72494474012421,22.4316680799112
19,joint,actor_08_statement_02,raw,92,4,92,92,0.5,0.25,3.6457976852379983,1.9912952436112876,0.0,-3.8750470842580342
19,joint,actor_08_statement_02,source_center_noop,92,4,92,92,0.5,0.25,3.6457976852379983,1.9912952436112876,0.0,-3.8750470842580342
19,joint,actor_08_statement_02,independent_center,92,4,92,92,0.5,0.25,3.6457976852379983,1.9912952436112876,-1.9912952436112876,-3.8750470842580342
19,joint,actor_08_statement_02,independent_rank1,92,4,92,92,0.5,0.25,3.6457976852379983,1.9912952436112876,-1.5543009378912933,-3.8750470842580342
19,joint,actor_09_statement_01,raw,92,4,92,92,0.5,0.25,3.559715811818213,15.45260442005587,0.0,14.48756995883528
19,joint,actor_09_statement_01,source_center_noop,92,4,92,92,0.5,0.25,3.559715811818213,15.45260442005587,0.0,14.48756995883528
19,joint,actor_09_statement_01,independent_center,92,4,92,92,0.25,0.25,3.559715811818213,15.45260442005587,-15.45260442005587,14.48756995883528
19,joint,actor_09_statement_01,independent_rank1,92,4,92,92,0.25,0.5,3.559715811818213,15.45260442005587,-17.105150315340005,14.48756995883528
19,joint,actor_09_statement_02,raw,92,4,92,92,0.25,0.0,3.559715811818213,1.5004662971692007,0.0,-20.705544998191094
19,joint,actor_09_statement_02,source_center_noop,92,4,92,92,0.25,0.0,3.559715811818213,1.5004662971692007,0.0,-20.705544998191094
19,joint,actor_09_statement_02,independent_center,92,4,92,92,0.0,0.0,3.559715811818213,1.5004662971692007,-1.5004662971692007,-20.705544998191094
19,joint,actor_09_statement_02,independent_rank1,92,4,92,92,0.0,0.0,3.559715811818213,1.5004662971692007,-1.2560721840645268,-20.705544998191094
19,joint,actor_10_statement_01,raw,92,4,92,92,0.5,0.25,3.5966521501023956,14.157501536008827,0.0,18.90716407209191
19,joint,actor_10_statement_01,source_center_noop,92,4,92,92,0.5,0.25,3.5966521501023956,14.157501536008827,0.0,18.90716407209191
19,joint,actor_10_statement_01,independent_center,92,4,92,92,0.25,0.25,3.5966521501023956,14.157501536008827,-14.157501536008827,18.90716407209191
19,joint,actor_10_statement_01,independent_rank1,92,4,92,92,0.25,0.25,3.5966521501023956,14.157501536008827,-15.2515294991852,18.90716407209191
19,joint,actor_10_statement_02,raw,92,4,92,92,1.0,1.0,3.5966521501023956,-3.277626511135317,0.0,-11.693460910135821
19,joint,actor_10_statement_02,source_center_noop,92,4,92,92,1.0,1.0,3.5966521501023956,-3.277626511135317,0.0,-11.693460910135821
19,joint,actor_10_statement_02,independent_center,92,4,92,92,1.0,1.0,3.5966521501023956,-3.277626511135317,3.277626511135317,-11.693460910135821
19,joint,actor_10_statement_02,independent_rank1,92,4,92,92,1.0,1.0,3.5966521501023956,-3.277626511135317,3.237705183937006,-11.693460910135821
19,joint,actor_11_statement_01,raw,92,4,92,92,0.5,0.75,3.59392329192377,11.225393731373742,0.0,15.51535403879583
19,joint,actor_11_statement_01,source_center_noop,92,4,92,92,0.5,0.75,3.59392329192377,11.225393731373742,0.0,15.51535403879583
19,joint,actor_11_statement_01,independent_center,92,4,92,92,0.75,0.75,3.59392329192377,11.225393731373742,-11.225393731373742,15.51535403879583
19,joint,actor_11_statement_01,independent_rank1,92,4,92,92,0.75,0.75,3.59392329192377,11.225393731373742,-11.82586720491567,15.51535403879583
19,joint,actor_11_statement_02,raw,92,4,92,92,1.0,1.0,3.59392329192377,-1.23963966759852,0.0,-13.274056951977132
19,joint,actor_11_statement_02,source_center_noop,92,4,92,92,1.0,1.0,3.59392329192377,-1.23963966759852,0.0,-13.274056951977132
19,joint,actor_11_statement_02,independent_center,92,4,92,92,1.0,1.0,3.59392329192377,-1.23963966759852,1.2396396675985193,-13.274056951977132
19,joint,actor_11_statement_02,independent_rank1,92,4,92,92,1.0,1.0,3.59392329192377,-1.23963966759852,0.9490841792637732,-13.274056951977132
19,joint,actor_12_statement_01,raw,92,4,92,92,0.5,0.5,3.5896822764829026,15.038992508719993,0.0,19.48749868206191
19,joint,actor_12_statement_01,source_center_noop,92,4,92,92,0.5,0.5,3.5896822764829026,15.038992508719993,0.0,19.48749868206191
19,joint,actor_12_statement_01,independent_center,92,4,92,92,0.5,0.5,3.5896822764829026,15.038992508719993,-15.038992508719993,19.48749868206191
19,joint,actor_12_statement_01,independent_rank1,92,4,92,92,0.5,0.5,3.5896822764829026,15.038992508719993,-14.119699754322877,19.48749868206191
19,joint,actor_12_statement_02,raw,92,4,92,92,0.5,0.75,3.5896822764829026,2.397832040832018,0.0,-21.46535392626272
19,joint,actor_12_statement_02,source_center_noop,92,4,92,92,0.5,0.75,3.5896822764829026,2.397832040832018,0.0,-21.46535392626272
19,joint,actor_12_statement_02,independent_center,92,4,92,92,0.5,0.75,3.5896822764829026,2.397832040832018,-2.397832040832018,-21.46535392626272
19,joint,actor_12_statement_02,independent_rank1,92,4,92,92,0.5,0.75,3.5896822764829026,2.397832040832018,-2.5229375440950674,-21.46535392626272
19,joint,actor_13_statement_01,raw,92,4,92,92,0.5,1.0,3.604749470171866,16.006733710031746,0.0,28.808652686563786
19,joint,actor_13_statement_01,source_center_noop,92,4,92,92,0.5,1.0,3.604749470171866,16.006733710031746,0.0,28.808652686563786
19,joint,actor_13_statement_01,independent_center,92,4,92,92,0.75,1.0,3.604749470171866,16.006733710031746,-16.006733710031746,28.808652686563786
19,joint,actor_13_statement_01,independent_rank1,92,4,92,92,1.0,1.0,3.604749470171866,16.006733710031746,-15.347139431511604,28.808652686563786
19,joint,actor_13_statement_02,raw,92,4,92,92,0.75,0.75,3.604749470171866,-5.226157187572335,0.0,-15.627722039364956
19,joint,actor_13_statement_02,source_center_noop,92,4,92,92,0.75,0.75,3.604749470171866,-5.226157187572335,0.0,-15.627722039364956
19,joint,actor_13_statement_02,independent_center,92,4,92,92,0.75,0.75,3.604749470171866,-5.226157187572335,5.226157187572335,-15.627722039364956
19,joint,actor_13_statement_02,independent_rank1,92,4,92,92,0.75,0.75,3.604749470171866,-5.226157187572335,5.100760831235861,-15.627722039364956
19,joint,actor_14_statement_01,raw,92,4,92,92,0.5,0.5,3.5587182884448296,16.825949070909523,0.0,31.242168127932587
19,joint,actor_14_statement_01,source_center_noop,92,4,92,92,0.5,0.5,3.5587182884448296,16.825949070909523,0.0,31.242168127932587
19,joint,actor_14_statement_01,independent_center,92,4,92,92,0.5,0.5,3.5587182884448296,16.825949070909523,-16.825949070909523,31.242168127932587
19,joint,actor_14_statement_01,independent_rank1,92,4,92,92,0.25,0.5,3.5587182884448296,16.825949070909523,-18.99139265511117,31.242168127932587
19,joint,actor_14_statement_02,raw,92,4,92,92,1.0,1.0,3.5587182884448296,-5.87907840855577,0.0,-13.872160166892506
19,joint,actor_14_statement_02,source_center_noop,92,4,92,92,1.0,1.0,3.5587182884448296,-5.87907840855577,0.0,-13.872160166892506
19,joint,actor_14_statement_02,independent_center,92,4,92,92,0.75,1.0,3.5587182884448296,-5.87907840855577,5.87907840855577,-13.872160166892506
19,joint,actor_14_statement_02,independent_rank1,92,4,92,92,0.75,1.0,3.5587182884448296,-5.87907840855577,5.759555569234333,-13.872160166892506
19,joint,actor_15_statement_01,raw,92,4,92,92,0.5,1.0,3.612772580973377,11.204440674707987,0.0,2.1922749749730652
19,joint,actor_15_statement_01,source_center_noop,92,4,92,92,0.5,1.0,3.612772580973377,11.204440674707987,0.0,2.1922749749730652
19,joint,actor_15_statement_01,independent_center,92,4,92,92,1.0,1.0,3.612772580973377,11.204440674707987,-11.204440674707987,2.1922749749730652
19,joint,actor_15_statement_01,independent_rank1,92,4,92,92,1.0,1.0,3.612772580973377,11.204440674707987,-11.257424727386617,2.1922749749730652
19,joint,actor_15_statement_02,raw,92,4,92,92,0.5,1.0,3.612772580973377,-0.40855423532812374,0.0,-14.504934735571426
19,joint,actor_15_statement_02,source_center_noop,92,4,92,92,0.5,1.0,3.612772580973377,-0.40855423532812374,0.0,-14.504934735571426
19,joint,actor_15_statement_02,independent_center,92,4,92,92,0.5,1.0,3.612772580973377,-0.40855423532812374,0.40855423532812374,-14.504934735571426
19,joint,actor_15_statement_02,independent_rank1,92,4,92,92,0.5,1.0,3.612772580973377,-0.40855423532812374,0.14728251823162886,-14.504934735571426
19,joint,actor_16_statement_01,raw,92,4,92,92,0.5,0.5,3.5800229167666324,12.821652454533801,0.0,24.042918879359537
19,joint,actor_16_statement_01,source_center_noop,92,4,92,92,0.5,0.5,3.5800229167666324,12.821652454533801,0.0,24.042918879359537
19,joint,actor_16_statement_01,independent_center,92,4,92,92,0.5,0.5,3.5800229167666324,12.821652454533801,-12.821652454533801,24.042918879359537
19,joint,actor_16_statement_01,independent_rank1,92,4,92,92,0.5,0.5,3.5800229167666324,12.821652454533801,-12.995438600093427,24.042918879359537
19,joint,actor_16_statement_02,raw,92,4,92,92,0.5,1.0,3.5800229167666324,-4.965237195579956,0.0,-7.869788241332901
19,joint,actor_16_statement_02,source_center_noop,92,4,92,92,0.5,1.0,3.5800229167666324,-4.965237195579956,0.0,-7.869788241332901
19,joint,actor_16_statement_02,independent_center,92,4,92,92,0.5,1.0,3.5800229167666324,-4.965237195579956,4.965237195579956,-7.869788241332901
19,joint,actor_16_statement_02,independent_rank1,92,4,92,92,0.5,1.0,3.5800229167666324,-4.965237195579956,5.301195901125171,-7.869788241332901
19,joint,actor_17_statement_01,raw,92,4,92,92,0.5,0.5,3.607798099249225,13.503436122536286,0.0,20.85521990698438
19,joint,actor_17_statement_01,source_center_noop,92,4,92,92,0.5,0.5,3.607798099249225,13.503436122536286,0.0,20.85521990698438
19,joint,actor_17_statement_01,independent_center,92,4,92,92,0.25,0.5,3.607798099249225,13.503436122536286,-13.503436122536286,20.85521990698438
19,joint,actor_17_statement_01,independent_rank1,92,4,92,92,0.25,0.5,3.607798099249225,13.503436122536286,-14.147193445578942,20.85521990698438
19,joint,actor_17_statement_02,raw,92,4,92,92,0.75,0.5,3.607798099249225,-1.1055829135137358,0.0,-16.418334010191366
19,joint,actor_17_statement_02,source_center_noop,92,4,92,92,0.75,0.5,3.607798099249225,-1.1055829135137358,0.0,-16.418334010191366
19,joint,actor_17_statement_02,independent_center,92,4,92,92,0.75,0.5,3.607798099249225,-1.1055829135137358,1.1055829135137358,-16.418334010191366
19,joint,actor_17_statement_02,independent_rank1,92,4,92,92,0.75,0.75,3.607798099249225,-1.1055829135137358,1.1286888649880251,-16.418334010191366
19,joint,actor_18_statement_01,raw,92,4,92,92,0.5,0.0,3.6108813981779515,11.908026065141282,0.0,26.08508765921531
19,joint,actor_18_statement_01,source_center_noop,92,4,92,92,0.5,0.0,3.6108813981779515,11.908026065141282,0.0,26.08508765921531
19,joint,actor_18_statement_01,independent_center,92,4,92,92,0.0,0.0,3.6108813981779515,11.908026065141282,-11.908026065141282,26.08508765921531
19,joint,actor_18_statement_01,independent_rank1,92,4,92,92,0.25,0.0,3.6108813981779515,11.908026065141282,-11.64592446204289,26.08508765921531
19,joint,actor_18_statement_02,raw,92,4,92,92,0.5,0.5,3.6108813981779515,-6.186432020734384,0.0,-12.327419244581517
19,joint,actor_18_statement_02,source_center_noop,92,4,92,92,0.5,0.5,3.6108813981779515,-6.186432020734384,0.0,-12.327419244581517
19,joint,actor_18_statement_02,independent_center,92,4,92,92,0.25,0.5,3.6108813981779515,-6.186432020734384,6.186432020734384,-12.327419244581517
19,joint,actor_18_statement_02,independent_rank1,92,4,92,92,0.75,0.5,3.6108813981779515,-6.186432020734384,5.293454331930757,-12.327419244581517
19,joint,actor_19_statement_01,raw,92,4,92,92,0.5,0.75,3.598449109075521,19.43165191575273,0.0,27.97589768588079
19,joint,actor_19_statement_01,source_center_noop,92,4,92,92,0.5,0.75,3.598449109075521,19.43165191575273,0.0,27.97589768588079
19,joint,actor_19_statement_01,independent_center,92,4,92,92,0.5,0.75,3.598449109075521,19.43165191575273,-19.43165191575273,27.97589768588079
19,joint,actor_19_statement_01,independent_rank1,92,4,92,92,0.75,1.0,3.598449109075521,19.43165191575273,-20.363674741512227,27.97589768588079
19,joint,actor_19_statement_02,raw,92,4,92,92,0.75,1.0,3.598449109075521,-6.357567084726125,0.0,-13.705275037314358
19,joint,actor_19_statement_02,source_center_noop,92,4,92,92,0.75,1.0,3.598449109075521,-6.357567084726125,0.0,-13.705275037314358
19,joint,actor_19_statement_02,independent_center,92,4,92,92,1.0,1.0,3.598449109075521,-6.357567084726125,6.357567084726125,-13.705275037314358
19,joint,actor_19_statement_02,independent_rank1,92,4,92,92,1.0,1.0,3.598449109075521,-6.357567084726125,5.727033579712298,-13.705275037314358
19,joint,actor_20_statement_01,raw,92,4,92,92,0.5,0.75,3.5904715309996185,14.104364142874507,0.0,19.043445165015985
19,joint,actor_20_statement_01,source_center_noop,92,4,92,92,0.5,0.75,3.5904715309996185,14.104364142874507,0.0,19.043445165015985
19,joint,actor_20_statement_01,independent_center,92,4,92,92,0.75,0.75,3.5904715309996185,14.104364142874507,-14.104364142874507,19.043445165015985
19,joint,actor_20_statement_01,independent_rank1,92,4,92,92,0.75,1.0,3.5904715309996185,14.104364142874507,-14.807640113321746,19.043445165015985
19,joint,actor_20_statement_02,raw,92,4,92,92,0.5,0.25,3.5904715309996185,-2.4574592116944443,0.0,-14.017512184928552
19,joint,actor_20_statement_02,source_center_noop,92,4,92,92,0.5,0.25,3.5904715309996185,-2.4574592116944443,0.0,-14.017512184928552
19,joint,actor_20_statement_02,independent_center,92,4,92,92,0.5,0.25,3.5904715309996185,-2.4574592116944443,2.4574592116944443,-14.017512184928552
19,joint,actor_20_statement_02,independent_rank1,92,4,92,92,0.5,0.25,3.5904715309996185,-2.4574592116944443,1.6127503789525435,-14.017512184928552
19,joint,actor_21_statement_01,raw,92,4,92,92,0.5,1.0,3.571776050857823,6.331231887943544,0.0,26.830331159258293
19,joint,actor_21_statement_01,source_center_noop,92,4,92,92,0.5,1.0,3.571776050857823,6.331231887943544,0.0,26.830331159258293
19,joint,actor_21_statement_01,independent_center,92,4,92,92,0.5,1.0,3.571776050857823,6.331231887943544,-6.331231887943545,26.830331159258293
19,joint,actor_21_statement_01,independent_rank1,92,4,92,92,0.5,1.0,3.571776050857823,6.331231887943544,-6.484449565415819,26.830331159258293
19,joint,actor_21_statement_02,raw,92,4,92,92,0.5,0.0,3.571776050857823,-3.4714089815822637,0.0,-17.843350851975146
19,joint,actor_21_statement_02,source_center_noop,92,4,92,92,0.5,0.0,3.571776050857823,-3.4714089815822637,0.0,-17.843350851975146
19,joint,actor_21_statement_02,independent_center,92,4,92,92,0.25,0.0,3.571776050857823,-3.4714089815822637,3.4714089815822637,-17.843350851975146
19,joint,actor_21_statement_02,independent_rank1,92,4,92,92,0.25,0.25,3.571776050857823,-3.4714089815822637,3.641007205421072,-17.843350851975146
19,joint,actor_22_statement_01,raw,92,4,92,92,0.25,0.25,3.5844328957252647,15.656602985790212,0.0,20.711336991232404
19,joint,actor_22_statement_01,source_center_noop,92,4,92,92,0.25,0.25,3.5844328957252647,15.656602985790212,0.0,20.711336991232404
19,joint,actor_22_statement_01,independent_center,92,4,92,92,0.5,0.25,3.5844328957252647,15.656602985790212,-15.656602985790212,20.711336991232404
19,joint,actor_22_statement_01,independent_rank1,92,4,92,92,0.5,0.25,3.5844328957252647,15.656602985790212,-15.463686404911634,20.711336991232404
19,joint,actor_22_statement_02,raw,92,4,92,92,0.75,1.0,3.5844328957252647,-3.130279189290736,0.0,-14.311815762647244
19,joint,actor_22_statement_02,source_center_noop,92,4,92,92,0.75,1.0,3.5844328957252647,-3.130279189290736,0.0,-14.311815762647244
19,joint,actor_22_statement_02,independent_center,92,4,92,92,1.0,1.0,3.5844328957252647,-3.130279189290736,3.130279189290736,-14.311815762647244
19,joint,actor_22_statement_02,independent_rank1,92,4,92,92,1.0,1.0,3.5844328957252647,-3.130279189290736,3.4913396534868566,-14.311815762647244
19,joint,actor_23_statement_01,raw,92,4,92,92,0.5,1.0,3.612987793033806,10.150699254711377,0.0,12.99868032623863
19,joint,actor_23_statement_01,source_center_noop,92,4,92,92,0.5,1.0,3.612987793033806,10.150699254711377,0.0,12.99868032623863
19,joint,actor_23_statement_01,independent_center,92,4,92,92,0.5,1.0,3.612987793033806,10.150699254711377,-10.150699254711377,12.99868032623863
19,joint,actor_23_statement_01,independent_rank1,92,4,92,92,0.5,0.75,3.612987793033806,10.150699254711377,-10.08095229703051,12.99868032623863
19,joint,actor_23_statement_02,raw,92,4,92,92,0.5,0.5,3.612987793033806,-2.0375924120671884,0.0,-12.954278423647052
19,joint,actor_23_statement_02,source_center_noop,92,4,92,92,0.5,0.5,3.612987793033806,-2.0375924120671884,0.0,-12.954278423647052
19,joint,actor_23_statement_02,independent_center,92,4,92,92,0.5,0.5,3.612987793033806,-2.0375924120671884,2.0375924120671884,-12.954278423647052
19,joint,actor_23_statement_02,independent_rank1,92,4,92,92,0.5,0.5,3.612987793033806,-2.0375924120671884,2.554370071393954,-12.954278423647052
19,joint,actor_24_statement_01,raw,92,4,92,92,0.5,0.5,3.606107958495863,8.887388064785956,0.0,11.579783087593016
19,joint,actor_24_statement_01,source_center_noop,92,4,92,92,0.5,0.5,3.606107958495863,8.887388064785956,0.0,11.579783087593016
19,joint,actor_24_statement_01,independent_center,92,4,92,92,0.75,0.5,3.606107958495863,8.887388064785956,-8.887388064785956,11.579783087593016
19,joint,actor_24_statement_01,independent_rank1,92,4,92,92,0.75,0.5,3.606107958495863,8.887388064785956,-8.349531112301825,11.579783087593016
19,joint,actor_24_statement_02,raw,92,4,92,92,0.75,0.5,3.606107958495863,11.6661629917924,0.0,1.7381783597100922
19,joint,actor_24_statement_02,source_center_noop,92,4,92,92,0.75,0.5,3.606107958495863,11.6661629917924,0.0,1.7381783597100922
19,joint,actor_24_statement_02,independent_center,92,4,92,92,0.5,0.5,3.606107958495863,11.6661629917924,-11.6661629917924,1.7381783597100922
19,joint,actor_24_statement_02,independent_rank1,92,4,92,92,0.5,0.5,3.606107958495863,11.6661629917924,-11.797991182555126,1.7381783597100922
20,statement,actor_None_statement_01,raw,96,96,96,96,0.5,0.515625,15.317676492963317,50.271385810055264,0.0,7.824288740645362
20,statement,actor_None_statement_01,source_center_noop,96,96,96,96,0.5,0.515625,15.317676492963317,50.271385810055264,0.0,7.824288740645362
20,statement,actor_None_statement_01,transductive_center,96,96,96,96,0.5520833333333334,0.515625,15.317676492963317,50.271385810055264,-50.27138581005527,7.824288740645362
20,statement,actor_None_statement_02,raw,96,96,96,96,0.5,0.5377604166666666,15.317676492963317,-26.505407823205978,0.0,-9.363220783498985
20,statement,actor_None_statement_02,source_center_noop,96,96,96,96,0.5,0.5377604166666666,15.317676492963317,-26.505407823205978,0.0,-9.363220783498985
20,statement,actor_None_statement_02,transductive_center,96,96,96,96,0.5,0.5377604166666666,15.317676492963317,-26.505407823205978,26.50540782320598,-9.363220783498985
20,joint,actor_01_statement_01,raw,92,4,92,92,0.5,0.0,15.29936542662041,46.90415971828327,0.0,22.938418470153636
20,joint,actor_01_statement_01,source_center_noop,92,4,92,92,0.5,0.0,15.29936542662041,46.90415971828327,0.0,22.938418470153636
20,joint,actor_01_statement_01,independent_center,92,4,92,92,0.0,0.0,15.29936542662041,46.90415971828327,-46.90415971828327,22.938418470153636
20,joint,actor_01_statement_01,independent_rank1,92,4,92,92,0.0,0.0,15.29936542662041,46.90415971828327,-47.88918264500144,22.938418470153636
20,joint,actor_01_statement_02,raw,92,4,92,92,0.5,0.25,15.29936542662041,-28.919261055307413,0.0,-11.49384627993388
20,joint,actor_01_statement_02,source_center_noop,92,4,92,92,0.5,0.25,15.29936542662041,-28.919261055307413,0.0,-11.49384627993388
20,joint,actor_01_statement_02,independent_center,92,4,92,92,0.25,0.25,15.29936542662041,-28.919261055307413,28.919261055307413,-11.49384627993388
20,joint,actor_01_statement_02,independent_rank1,92,4,92,92,0.5,0.5,15.29936542662041,-28.919261055307413,30.27858121140553,-11.49384627993388
20,joint,actor_02_statement_01,raw,92,4,92,92,0.5,0.0,15.305540629798427,52.917971184530714,0.0,11.154844821506558
20,joint,actor_02_statement_01,source_center_noop,92,4,92,92,0.5,0.0,15.305540629798427,52.917971184530714,0.0,11.154844821506558
20,joint,actor_02_statement_01,independent_center,92,4,92,92,0.5,0.0,15.305540629798427,52.917971184530714,-52.917971184530714,11.154844821506558
20,joint,actor_02_statement_01,independent_rank1,92,4,92,92,0.5,0.0,15.305540629798427,52.917971184530714,-54.52371260321307,11.154844821506558
20,joint,actor_02_statement_02,raw,92,4,92,92,0.5,0.5,15.305540629798427,-15.696388472309064,0.0,-11.262526130903083
20,joint,actor_02_statement_02,source_center_noop,92,4,92,92,0.5,0.5,15.305540629798427,-15.696388472309064,0.0,-11.262526130903083
20,joint,actor_02_statement_02,independent_center,92,4,92,92,0.5,0.5,15.305540629798427,-15.696388472309064,15.696388472309064,-11.262526130903083
20,joint,actor_02_statement_02,independent_rank1,92,4,92,92,0.5,0.5,15.305540629798427,-15.696388472309064,15.79445425039748,-11.262526130903083
20,joint,actor_03_statement_01,raw,92,4,92,92,0.5,0.0,15.308474995133533,47.31687672274347,0.0,8.036984286702989
20,joint,actor_03_statement_01,source_center_noop,92,4,92,92,0.5,0.0,15.308474995133533,47.31687672274347,0.0,8.036984286702989
20,joint,actor_03_statement_01,independent_center,92,4,92,92,0.25,0.0,15.308474995133533,47.31687672274347,-47.31687672274347,8.036984286702989
20,joint,actor_03_statement_01,independent_rank1,92,4,92,92,0.25,0.25,15.308474995133533,47.31687672274347,-47.41174124216113,8.036984286702989
20,joint,actor_03_statement_02,raw,92,4,92,92,0.5,1.0,15.308474995133533,-41.72948124292152,0.0,-33.04781361850195
20,joint,actor_03_statement_02,source_center_noop,92,4,92,92,0.5,1.0,15.308474995133533,-41.72948124292152,0.0,-33.04781361850195
20,joint,actor_03_statement_02,independent_center,92,4,92,92,1.0,1.0,15.308474995133533,-41.72948124292152,41.72948124292152,-33.04781361850195
20,joint,actor_03_statement_02,independent_rank1,92,4,92,92,1.0,1.0,15.308474995133533,-41.72948124292152,43.38542925843911,-33.04781361850195
20,joint,actor_04_statement_01,raw,92,4,92,92,0.5,0.5,15.30323220758966,40.70562965815064,0.0,9.577481753215746
20,joint,actor_04_statement_01,source_center_noop,92,4,92,92,0.5,0.5,15.30323220758966,40.70562965815064,0.0,9.577481753215746
20,joint,actor_04_statement_01,independent_center,92,4,92,92,0.5,0.5,15.30323220758966,40.70562965815064,-40.70562965815064,9.577481753215746
20,joint,actor_04_statement_01,independent_rank1,92,4,92,92,0.5,0.5,15.30323220758966,40.70562965815064,-41.24341387177117,9.577481753215746
20,joint,actor_04_statement_02,raw,92,4,92,92,0.5,0.5,15.30323220758966,-23.12898302917244,0.0,-8.807070875017612
20,joint,actor_04_statement_02,source_center_noop,92,4,92,92,0.5,0.5,15.30323220758966,-23.12898302917244,0.0,-8.807070875017612
20,joint,actor_04_statement_02,independent_center,92,4,92,92,0.75,0.5,15.30323220758966,-23.12898302917244,23.12898302917244,-8.807070875017612
20,joint,actor_04_statement_02,independent_rank1,92,4,92,92,0.75,0.75,15.30323220758966,-23.12898302917244,24.405688153100222,-8.807070875017612
20,joint,actor_05_statement_01,raw,92,4,92,92,0.5,1.0,15.341002032781054,44.0757122480565,0.0,1.613597486820008
20,joint,actor_05_statement_01,source_center_noop,92,4,92,92,0.5,1.0,15.341002032781054,44.0757122480565,0.0,1.613597486820008
20,joint,actor_05_statement_01,independent_center,92,4,92,92,0.75,1.0,15.341002032781054,44.0757122480565,-44.0757122480565,1.613597486820008
20,joint,actor_05_statement_01,independent_rank1,92,4,92,92,1.0,1.0,15.341002032781054,44.0757122480565,-41.68831605654768,1.613597486820008
20,joint,actor_05_statement_02,raw,92,4,92,92,0.5,1.0,15.341002032781054,-28.64280138963202,0.0,-10.992231426751307
20,joint,actor_05_statement_02,source_center_noop,92,4,92,92,0.5,1.0,15.341002032781054,-28.64280138963202,0.0,-10.992231426751307
20,joint,actor_05_statement_02,independent_center,92,4,92,92,0.75,1.0,15.341002032781054,-28.64280138963202,28.64280138963202,-10.992231426751307
20,joint,actor_05_statement_02,independent_rank1,92,4,92,92,0.75,0.75,15.341002032781054,-28.64280138963202,29.164380962911338,-10.992231426751307
20,joint,actor_06_statement_01,raw,92,4,92,92,0.5,1.0,15.284983040001807,51.223191938696495,0.0,4.988484882998054
20,joint,actor_06_statement_01,source_center_noop,92,4,92,92,0.5,1.0,15.284983040001807,51.223191938696495,0.0,4.988484882998054
20,joint,actor_06_statement_01,independent_center,92,4,92,92,1.0,1.0,15.284983040001807,51.223191938696495,-51.223191938696495,4.988484882998054
20,joint,actor_06_statement_01,independent_rank1,92,4,92,92,1.0,1.0,15.284983040001807,51.223191938696495,-53.03130178939732,4.988484882998054
20,joint,actor_06_statement_02,raw,92,4,92,92,0.5,1.0,15.284983040001807,-35.96159764333801,0.0,-14.4083827243918
20,joint,actor_06_statement_02,source_center_noop,92,4,92,92,0.5,1.0,15.284983040001807,-35.96159764333801,0.0,-14.4083827243918
20,joint,actor_06_statement_02,independent_center,92,4,92,92,0.75,1.0,15.284983040001807,-35.96159764333801,35.96159764333801,-14.4083827243918
20,joint,actor_06_statement_02,independent_rank1,92,4,92,92,1.0,1.0,15.284983040001807,-35.96159764333801,38.34190890437381,-14.4083827243918
20,joint,actor_07_statement_01,raw,92,4,92,92,0.5,0.25,15.321169873250097,43.21272473870758,0.0,6.762989680822966
20,joint,actor_07_statement_01,source_center_noop,92,4,92,92,0.5,0.25,15.321169873250097,43.21272473870758,0.0,6.762989680822966
20,joint,actor_07_statement_01,independent_center,92,4,92,92,0.5,0.25,15.321169873250097,43.21272473870758,-43.21272473870758,6.762989680822966
20,joint,actor_07_statement_01,independent_rank1,92,4,92,92,0.5,0.25,15.321169873250097,43.21272473870758,-42.353711140924304,6.762989680822966
20,joint,actor_07_statement_02,raw,92,4,92,92,0.5,1.0,15.321169873250097,-28.329062546068045,0.0,-8.239781437012102
20,joint,actor_07_statement_02,source_center_noop,92,4,92,92,0.5,1.0,15.321169873250097,-28.329062546068045,0.0,-8.239781437012102
20,joint,actor_07_statement_02,independent_center,92,4,92,92,0.75,1.0,15.321169873250097,-28.329062546068045,28.329062546068045,-8.239781437012102
20,joint,actor_07_statement_02,independent_rank1,92,4,92,92,1.0,1.0,15.321169873250097,-28.329062546068045,28.837371857393375,-8.239781437012102
20,joint,actor_08_statement_01,raw,92,4,92,92,0.5,1.0,15.378176841635636,49.99378045100987,0.0,10.12256866327047
20,joint,actor_08_statement_01,source_center_noop,92,4,92,92,0.5,1.0,15.378176841635636,49.99378045100987,0.0,10.12256866327047
20,joint,actor_08_statement_01,independent_center,92,4,92,92,1.0,1.0,15.378176841635636,49.99378045100987,-49.99378045100987,10.12256866327047
20,joint,actor_08_statement_01,independent_rank1,92,4,92,92,1.0,1.0,15.378176841635636,49.99378045100987,-47.02771114713221,10.12256866327047
20,joint,actor_08_statement_02,raw,92,4,92,92,0.5,0.5,15.378176841635636,-18.95504783676759,0.0,-8.43197896429921
20,joint,actor_08_statement_02,source_center_noop,92,4,92,92,0.5,0.5,15.378176841635636,-18.95504783676759,0.0,-8.43197896429921
20,joint,actor_08_statement_02,independent_center,92,4,92,92,0.5,0.5,15.378176841635636,-18.95504783676759,18.95504783676759,-8.43197896429921
20,joint,actor_08_statement_02,independent_rank1,92,4,92,92,0.5,0.5,15.378176841635636,-18.95504783676759,14.550318423322048,-8.43197896429921
20,joint,actor_09_statement_01,raw,92,4,92,92,0.5,0.0,15.300487995417532,48.86715749189327,0.0,6.188366404237119
20,joint,actor_09_statement_01,source_center_noop,92,4,92,92,0.5,0.0,15.300487995417532,48.86715749189327,0.0,6.188366404237119
20,joint,actor_09_statement_01,independent_center,92,4,92,92,0.0,0.0,15.300487995417532,48.86715749189327,-48.86715749189327,6.188366404237119
20,joint,actor_09_statement_01,independent_rank1,92,4,92,92,0.0,0.0,15.300487995417532,48.86715749189327,-50.01329090642897,6.188366404237119
20,joint,actor_09_statement_02,raw,92,4,92,92,0.5,0.75,15.300487995417532,-16.040863430199277,0.0,1.0273127847186663
20,joint,actor_09_statement_02,source_center_noop,92,4,92,92,0.5,0.75,15.300487995417532,-16.040863430199277,0.0,1.0273127847186663
20,joint,actor_09_statement_02,independent_center,92,4,92,92,0.5,0.75,15.300487995417532,-16.040863430199277,16.040863430199277,1.0273127847186663
20,joint,actor_09_statement_02,independent_rank1,92,4,92,92,0.5,0.75,15.300487995417532,-16.040863430199277,17.41918491046073,1.0273127847186663
20,joint,actor_10_statement_01,raw,92,4,92,92,0.5,1.0,15.329150500309275,48.06098411621674,0.0,8.103993151998324
20,joint,actor_10_statement_01,source_center_noop,92,4,92,92,0.5,1.0,15.329150500309275,48.06098411621674,0.0,8.103993151998324
20,joint,actor_10_statement_01,independent_center,92,4,92,92,0.75,1.0,15.329150500309275,48.06098411621674,-48.06098411621674,8.103993151998324
20,joint,actor_10_statement_01,independent_rank1,92,4,92,92,0.75,1.0,15.329150500309275,48.06098411621674,-49.34880493660391,8.103993151998324
20,joint,actor_10_statement_02,raw,92,4,92,92,0.5,0.25,15.329150500309275,-29.488462211978984,0.0,-6.650154157023621
20,joint,actor_10_statement_02,source_center_noop,92,4,92,92,0.5,0.25,15.329150500309275,-29.488462211978984,0.0,-6.650154157023621
20,joint,actor_10_statement_02,independent_center,92,4,92,92,0.5,0.25,15.329150500309275,-29.488462211978984,29.488462211978984,-6.650154157023621
20,joint,actor_10_statement_02,independent_rank1,92,4,92,92,0.5,0.25,15.329150500309275,-29.488462211978984,26.86872334356973,-6.650154157023621
20,joint,actor_11_statement_01,raw,92,4,92,92,0.5,0.0,15.325866398926403,57.88709693625346,0.0,9.140291067021986
20,joint,actor_11_statement_01,source_center_noop,92,4,92,92,0.5,0.0,15.325866398926403,57.88709693625346,0.0,9.140291067021986
20,joint,actor_11_statement_01,independent_center,92,4,92,92,0.25,0.0,15.325866398926403,57.88709693625346,-57.88709693625346,9.140291067021986
20,joint,actor_11_statement_01,independent_rank1,92,4,92,92,0.25,0.0,15.325866398926403,57.88709693625346,-56.89639024957796,9.140291067021986
20,joint,actor_11_statement_02,raw,92,4,92,92,0.5,0.0,15.325866398926403,-12.874258419811348,0.0,0.6253727637039381
20,joint,actor_11_statement_02,source_center_noop,92,4,92,92,0.5,0.0,15.325866398926403,-12.874258419811348,0.0,0.6253727637039381
20,joint,actor_11_statement_02,independent_center,92,4,92,92,0.0,0.0,15.325866398926403,-12.874258419811348,12.874258419811348,0.6253727637039381
20,joint,actor_11_statement_02,independent_rank1,92,4,92,92,0.25,0.0,15.325866398926403,-12.874258419811348,13.063202708417318,0.6253727637039381
20,joint,actor_12_statement_01,raw,92,4,92,92,0.5,0.75,15.319024982123773,64.80909890747455,0.0,10.654906088602855
20,joint,actor_12_statement_01,source_center_noop,92,4,92,92,0.5,0.75,15.319024982123773,64.80909890747455,0.0,10.654906088602855
20,joint,actor_12_statement_01,independent_center,92,4,92,92,0.75,0.75,15.319024982123773,64.80909890747455,-64.80909890747455,10.654906088602855
20,joint,actor_12_statement_01,independent_rank1,92,4,92,92,0.75,0.75,15.319024982123773,64.80909890747455,-65.80465437383242,10.654906088602855
20,joint,actor_12_statement_02,raw,92,4,92,92,0.5,0.5,15.319024982123773,-22.437776732986155,0.0,-6.037631156091276
20,joint,actor_12_statement_02,source_center_noop,92,4,92,92,0.5,0.5,15.319024982123773,-22.437776732986155,0.0,-6.037631156091276
20,joint,actor_12_statement_02,independent_center,92,4,92,92,0.25,0.5,15.319024982123773,-22.437776732986155,22.437776732986155,-6.037631156091276
20,joint,actor_12_statement_02,independent_rank1,92,4,92,92,0.5,0.75,15.319024982123773,-22.437776732986155,21.37187520999885,-6.037631156091276
20,joint,actor_13_statement_01,raw,92,4,92,92,0.5,1.0,15.305291944625365,53.07236924926665,0.0,4.159551844054663
20,joint,actor_13_statement_01,source_center_noop,92,4,92,92,0.5,1.0,15.305291944625365,53.07236924926665,0.0,4.159551844054663
20,joint,actor_13_statement_01,independent_center,92,4,92,92,1.0,1.0,15.305291944625365,53.07236924926665,-53.07236924926665,4.159551844054663
20,joint,actor_13_statement_01,independent_rank1,92,4,92,92,1.0,1.0,15.305291944625365,53.07236924926665,-53.323463203422676,4.159551844054663
20,joint,actor_13_statement_02,raw,92,4,92,92,0.5,0.5,15.305291944625365,-44.95173377457466,0.0,-7.110412587228022
20,joint,actor_13_statement_02,source_center_noop,92,4,92,92,0.5,0.5,15.305291944625365,-44.95173377457466,0.0,-7.110412587228022
20,joint,actor_13_statement_02,independent_center,92,4,92,92,0.5,0.5,15.305291944625365,-44.95173377457466,44.95173377457466,-7.110412587228022
20,joint,actor_13_statement_02,independent_rank1,92,4,92,92,0.5,0.5,15.305291944625365,-44.95173377457466,46.19719059343759,-7.110412587228022
20,joint,actor_14_statement_01,raw,92,4,92,92,0.5,1.0,15.311903324289299,47.54108895392042,0.0,6.259466994721376
20,joint,actor_14_statement_01,source_center_noop,92,4,92,92,0.5,1.0,15.311903324289299,47.54108895392042,0.0,6.259466994721376
20,joint,actor_14_statement_01,independent_center,92,4,92,92,0.75,1.0,15.311903324289299,47.54108895392042,-47.54108895392042,6.259466994721376
20,joint,actor_14_statement_01,independent_rank1,92,4,92,92,0.75,1.0,15.311903324289299,47.54108895392042,-47.46785728081512,6.259466994721376
20,joint,actor_14_statement_02,raw,92,4,92,92,0.5,1.0,15.311903324289299,-19.57879379464065,0.0,-7.043985310938931
20,joint,actor_14_statement_02,source_center_noop,92,4,92,92,0.5,1.0,15.311903324289299,-19.57879379464065,0.0,-7.043985310938931
20,joint,actor_14_statement_02,independent_center,92,4,92,92,0.75,1.0,15.311903324289299,-19.57879379464065,19.57879379464065,-7.043985310938931
20,joint,actor_14_statement_02,independent_rank1,92,4,92,92,0.75,1.0,15.311903324289299,-19.57879379464065,19.631841467355397,-7.043985310938931
20,joint,actor_15_statement_01,raw,92,4,92,92,0.5,1.0,15.361297360668738,46.41350579116976,0.0,5.380507825083725
20,joint,actor_15_statement_01,source_center_noop,92,4,92,92,0.5,1.0,15.361297360668738,46.41350579116976,0.0,5.380507825083725
20,joint,actor_15_statement_01,independent_center,92,4,92,92,1.0,1.0,15.361297360668738,46.41350579116976,-46.41350579116976,5.380507825083725
20,joint,actor_15_statement_01,independent_rank1,92,4,92,92,1.0,1.0,15.361297360668738,46.41350579116976,-41.617540385796445,5.380507825083725
20,joint,actor_15_statement_02,raw,92,4,92,92,0.5,0.5,15.361297360668738,-11.00928881000544,0.0,3.756985633221118
20,joint,actor_15_statement_02,source_center_noop,92,4,92,92,0.5,0.5,15.361297360668738,-11.00928881000544,0.0,3.756985633221118
20,joint,actor_15_statement_02,independent_center,92,4,92,92,0.25,0.5,15.361297360668738,-11.00928881000544,11.00928881000544,3.756985633221118
20,joint,actor_15_statement_02,independent_rank1,92,4,92,92,0.25,0.5,15.361297360668738,-11.00928881000544,11.778085314201206,3.756985633221118
20,joint,actor_16_statement_01,raw,92,4,92,92,0.5,0.25,15.315764155666795,42.78175782397608,0.0,11.44179674035136
20,joint,actor_16_statement_01,source_center_noop,92,4,92,92,0.5,0.25,15.315764155666795,42.78175782397608,0.0,11.44179674035136
20,joint,actor_16_statement_01,independent_center,92,4,92,92,0.5,0.25,15.315764155666795,42.78175782397608,-42.78175782397608,11.44179674035136
20,joint,actor_16_statement_01,independent_rank1,92,4,92,92,0.25,0.0,15.315764155666795,42.78175782397608,-43.09629231531356,11.44179674035136
20,joint,actor_16_statement_02,raw,92,4,92,92,0.5,0.5,15.315764155666795,-22.776211232345553,0.0,-11.07862936463861
20,joint,actor_16_statement_02,source_center_noop,92,4,92,92,0.5,0.5,15.315764155666795,-22.776211232345553,0.0,-11.07862936463861
20,joint,actor_16_statement_02,independent_center,92,4,92,92,0.5,0.5,15.315764155666795,-22.776211232345553,22.776211232345553,-11.07862936463861
20,joint,actor_16_statement_02,independent_rank1,92,4,92,92,0.5,0.5,15.315764155666795,-22.776211232345553,22.38101584080775,-11.07862936463861
20,joint,actor_17_statement_01,raw,92,4,92,92,0.5,0.5,15.311395467865783,53.07729867451677,0.0,10.70375623532847
20,joint,actor_17_statement_01,source_center_noop,92,4,92,92,0.5,0.5,15.311395467865783,53.07729867451677,0.0,10.70375623532847
20,joint,actor_17_statement_01,independent_center,92,4,92,92,0.5,0.5,15.311395467865783,53.07729867451677,-53.07729867451677,10.70375623532847
20,joint,actor_17_statement_01,independent_rank1,92,4,92,92,0.5,0.25,15.311395467865783,53.07729867451677,-51.83154011481614,10.70375623532847
20,joint,actor_17_statement_02,raw,92,4,92,92,0.5,0.5,15.311395467865783,-22.882296578063087,0.0,-13.243943847891694
20,joint,actor_17_statement_02,source_center_noop,92,4,92,92,0.5,0.5,15.311395467865783,-22.882296578063087,0.0,-13.243943847891694
20,joint,actor_17_statement_02,independent_center,92,4,92,92,0.5,0.5,15.311395467865783,-22.882296578063087,22.882296578063087,-13.243943847891694
20,joint,actor_17_statement_02,independent_rank1,92,4,92,92,0.75,0.75,15.311395467865783,-22.882296578063087,25.24581985606745,-13.243943847891694
20,joint,actor_18_statement_01,raw,92,4,92,92,0.5,0.25,15.339090933621998,49.34585441291261,0.0,4.226099518018946
20,joint,actor_18_statement_01,source_center_noop,92,4,92,92,0.5,0.25,15.339090933621998,49.34585441291261,0.0,4.226099518018946
20,joint,actor_18_statement_01,independent_center,92,4,92,92,0.25,0.25,15.339090933621998,49.34585441291261,-49.34585441291261,4.226099518018946
20,joint,actor_18_statement_01,independent_rank1,92,4,92,92,0.25,0.5,15.339090933621998,49.34585441291261,-49.13831116693066,4.226099518018946
20,joint,actor_18_statement_02,raw,92,4,92,92,0.75,0.75,15.339090933621998,-40.9585683726055,0.0,-28.234958578992135
20,joint,actor_18_statement_02,source_center_noop,92,4,92,92,0.75,0.75,15.339090933621998,-40.9585683726055,0.0,-28.234958578992135
20,joint,actor_18_statement_02,independent_center,92,4,92,92,0.75,0.75,15.339090933621998,-40.9585683726055,40.9585683726055,-28.234958578992135
20,joint,actor_18_statement_02,independent_rank1,92,4,92,92,0.75,1.0,15.339090933621998,-40.9585683726055,36.46903401012051,-28.234958578992135
20,joint,actor_19_statement_01,raw,92,4,92,92,0.5,1.0,15.273083191493534,48.30746589674933,0.0,0.9174946882873314
20,joint,actor_19_statement_01,source_center_noop,92,4,92,92,0.5,1.0,15.273083191493534,48.30746589674933,0.0,0.9174946882873314
20,joint,actor_19_statement_01,independent_center,92,4,92,92,0.75,1.0,15.273083191493534,48.30746589674933,-48.30746589674933,0.9174946882873314
20,joint,actor_19_statement_01,independent_rank1,92,4,92,92,1.0,1.0,15.273083191493534,48.30746589674933,-50.84465348475026,0.9174946882873314
20,joint,actor_19_statement_02,raw,92,4,92,92,0.5,0.25,15.273083191493534,-32.229622781950596,0.0,-9.854784054930596
20,joint,actor_19_statement_02,source_center_noop,92,4,92,92,0.5,0.25,15.273083191493534,-32.229622781950596,0.0,-9.854784054930596
20,joint,actor_19_statement_02,independent_center,92,4,92,92,0.5,0.25,15.273083191493534,-32.229622781950596,32.229622781950596,-9.854784054930596
20,joint,actor_19_statement_02,independent_rank1,92,4,92,92,0.5,0.25,15.273083191493534,-32.229622781950596,36.23254988052892,-9.854784054930596
20,joint,actor_20_statement_01,raw,92,4,92,92,0.5,0.5,15.33211705126003,39.447677830384634,0.0,10.42220314360793
20,joint,actor_20_statement_01,source_center_noop,92,4,92,92,0.5,0.5,15.33211705126003,39.447677830384634,0.0,10.42220314360793
20,joint,actor_20_statement_01,independent_center,92,4,92,92,0.75,0.5,15.33211705126003,39.447677830384634,-39.447677830384634,10.42220314360793
20,joint,actor_20_statement_01,independent_rank1,92,4,92,92,0.75,0.5,15.33211705126003,39.447677830384634,-39.99197663104169,10.42220314360793
20,joint,actor_20_statement_02,raw,92,4,92,92,0.25,0.0,15.33211705126003,-28.570114496161516,0.0,-5.540900726187372
20,joint,actor_20_statement_02,source_center_noop,92,4,92,92,0.25,0.0,15.33211705126003,-28.570114496161516,0.0,-5.540900726187372
20,joint,actor_20_statement_02,independent_center,92,4,92,92,0.0,0.0,15.33211705126003,-28.570114496161516,28.570114496161516,-5.540900726187372
20,joint,actor_20_statement_02,independent_rank1,92,4,92,92,0.0,0.0,15.33211705126003,-28.570114496161516,25.78783469080231,-5.540900726187372
20,joint,actor_21_statement_01,raw,92,4,92,92,0.5,0.0,15.302034057543201,71.59772303444774,0.0,9.368101320284369
20,joint,actor_21_statement_01,source_center_noop,92,4,92,92,0.5,0.0,15.302034057543201,71.59772303444774,0.0,9.368101320284369
20,joint,actor_21_statement_01,independent_center,92,4,92,92,0.25,0.0,15.302034057543201,71.59772303444774,-71.59772303444774,9.368101320284369
20,joint,actor_21_statement_01,independent_rank1,92,4,92,92,0.25,0.0,15.302034057543201,71.59772303444774,-74.32564908429875,9.368101320284369
20,joint,actor_21_statement_02,raw,92,4,92,92,0.5,1.0,15.302034057543201,-28.63032804047661,0.0,-8.500347327506558
20,joint,actor_21_statement_02,source_center_noop,92,4,92,92,0.5,1.0,15.302034057543201,-28.63032804047661,0.0,-8.500347327506558
20,joint,actor_21_statement_02,independent_center,92,4,92,92,0.5,1.0,15.302034057543201,-28.63032804047661,28.63032804047661,-8.500347327506558
20,joint,actor_21_statement_02,independent_rank1,92,4,92,92,0.75,0.5,15.302034057543201,-28.63032804047661,27.450437956755867,-8.500347327506558
20,joint,actor_22_statement_01,raw,92,4,92,92,0.5,0.25,15.307211300294895,43.229515098022155,0.0,3.7059885052690116
20,joint,actor_22_statement_01,source_center_noop,92,4,92,92,0.5,0.25,15.307211300294895,43.229515098022155,0.0,3.7059885052690116
20,joint,actor_22_statement_01,independent_center,92,4,92,92,0.25,0.25,15.307211300294895,43.229515098022155,-43.229515098022155,3.7059885052690116
20,joint,actor_22_statement_01,independent_rank1,92,4,92,92,0.5,0.5,15.307211300294895,43.229515098022155,-44.81533760454299,3.7059885052690116
20,joint,actor_22_statement_02,raw,92,4,92,92,0.5,1.0,15.307211300294895,-28.531345798348063,0.0,-11.244604353421735
20,joint,actor_22_statement_02,source_center_noop,92,4,92,92,0.5,1.0,15.307211300294895,-28.531345798348063,0.0,-11.244604353421735
20,joint,actor_22_statement_02,independent_center,92,4,92,92,0.75,1.0,15.307211300294895,-28.531345798348063,28.531345798348063,-11.244604353421735
20,joint,actor_22_statement_02,independent_rank1,92,4,92,92,0.5,1.0,15.307211300294895,-28.531345798348063,27.945151052790838,-11.244604353421735
20,joint,actor_23_statement_01,raw,92,4,92,92,0.5,0.5,15.330162069144889,50.53324893973408,0.0,7.765519660617972
20,joint,actor_23_statement_01,source_center_noop,92,4,92,92,0.5,0.5,15.330162069144889,50.53324893973408,0.0,7.765519660617972
20,joint,actor_23_statement_01,independent_center,92,4,92,92,0.25,0.5,15.330162069144889,50.53324893973408,-50.53324893973408,7.765519660617972
20,joint,actor_23_statement_01,independent_rank1,92,4,92,92,0.25,0.5,15.330162069144889,50.53324893973408,-49.646064861578296,7.765519660617972
20,joint,actor_23_statement_02,raw,92,4,92,92,0.5,0.25,15.330162069144889,-27.452761266379326,0.0,-10.756393869924485
20,joint,actor_23_statement_02,source_center_noop,92,4,92,92,0.5,0.25,15.330162069144889,-27.452761266379326,0.0,-10.756393869924485
20,joint,actor_23_statement_02,independent_center,92,4,92,92,0.25,0.25,15.330162069144889,-27.452761266379326,27.452761266379326,-10.756393869924485
20,joint,actor_23_statement_02,independent_rank1,92,4,92,92,0.5,0.0,15.330162069144889,-27.452761266379326,26.225542343456286,-10.756393869924485
20,joint,actor_24_statement_01,raw,92,4,92,92,0.5,0.0,15.322324439652526,25.096905809596578,0.0,4.991612304560452
20,joint,actor_24_statement_01,source_center_noop,92,4,92,92,0.5,0.0,15.322324439652526,25.096905809596578,0.0,4.991612304560452
20,joint,actor_24_statement_01,independent_center,92,4,92,92,0.25,0.0,15.322324439652526,25.096905809596578,-25.096905809596578,4.991612304560452
20,joint,actor_24_statement_01,independent_rank1,92,4,92,92,0.25,0.0,15.322324439652526,25.096905809596578,-25.03993382060186,4.991612304560452
20,joint,actor_24_statement_02,raw,92,4,92,92,0.5,0.5,15.322324439652526,-30.624159828024222,0.0,-14.67216895990914
20,joint,actor_24_statement_02,source_center_noop,92,4,92,92,0.5,0.5,15.322324439652526,-30.624159828024222,0.0,-14.67216895990914
20,joint,actor_24_statement_02,independent_center,92,4,92,92,0.25,0.5,15.322324439652526,-30.624159828024222,30.624159828024222,-14.67216895990914
20,joint,actor_24_statement_02,independent_rank1,92,4,92,92,0.5,0.75,15.322324439652526,-30.624159828024222,30.42724631215376,-14.67216895990914
21,statement,actor_None_statement_01,raw,96,96,96,96,0.5,0.4674479166666667,22.91279994797172,34.06250587979285,0.0,-0.2948584366047174
21,statement,actor_None_statement_01,source_center_noop,96,96,96,96,0.5,0.4674479166666667,22.91279994797172,34.06250587979285,0.0,-0.2948584366047174
21,statement,actor_None_statement_01,transductive_center,96,96,96,96,0.4479166666666667,0.4674479166666667,22.91279994797172,34.06250587979285,-34.06250587979286,-0.2948584366047174
21,statement,actor_None_statement_02,raw,96,96,96,96,0.5,0.609375,22.91279994797172,-34.43531775192979,0.0,-38.746210859837426
21,statement,actor_None_statement_02,source_center_noop,96,96,96,96,0.5,0.609375,22.91279994797172,-34.43531775192979,0.0,-38.746210859837426
21,statement,actor_None_statement_02,transductive_center,96,96,96,96,0.5729166666666666,0.609375,22.91279994797172,-34.43531775192979,34.435317751929794,-38.746210859837426
21,joint,actor_01_statement_01,raw,92,4,92,92,0.5,0.25,22.898243137209104,51.54461310457402,0.0,-6.37238806005384
21,joint,actor_01_statement_01,source_center_noop,92,4,92,92,0.5,0.25,22.898243137209104,51.54461310457402,0.0,-6.37238806005384
21,joint,actor_01_statement_01,independent_center,92,4,92,92,0.5,0.25,22.898243137209104,51.54461310457402,-51.54461310457402,-6.37238806005384
21,joint,actor_01_statement_01,independent_rank1,92,4,92,92,0.5,0.25,22.898243137209104,51.54461310457402,-52.032292062448676,-6.37238806005384
21,joint,actor_01_statement_02,raw,92,4,92,92,0.5,0.5,22.898243137209104,-29.771763223272757,0.0,-32.153633482974776
21,joint,actor_01_statement_02,source_center_noop,92,4,92,92,0.5,0.5,22.898243137209104,-29.771763223272757,0.0,-32.153633482974776
21,joint,actor_01_statement_02,independent_center,92,4,92,92,0.5,0.5,22.898243137209104,-29.771763223272757,29.771763223272757,-32.153633482974776
21,joint,actor_01_statement_02,independent_rank1,92,4,92,92,0.25,0.25,22.898243137209104,-29.771763223272757,29.86144498916713,-32.153633482974776
21,joint,actor_02_statement_01,raw,92,4,92,92,0.5,0.0,22.91503040118363,21.9136246347471,0.0,-0.5097739746320068
21,joint,actor_02_statement_01,source_center_noop,92,4,92,92,0.5,0.0,22.91503040118363,21.9136246347471,0.0,-0.5097739746320068
21,joint,actor_02_statement_01,independent_center,92,4,92,92,0.0,0.0,22.91503040118363,21.9136246347471,-21.9136246347471,-0.5097739746320068
21,joint,actor_02_statement_01,independent_rank1,92,4,92,92,0.0,0.0,22.91503040118363,21.9136246347471,-22.517238897686877,-0.5097739746320068
21,joint,actor_02_statement_02,raw,92,4,92,92,0.5,0.5,22.91503040118363,-37.966858050382044,0.0,-37.98784577921966
21,joint,actor_02_statement_02,source_center_noop,92,4,92,92,0.5,0.5,22.91503040118363,-37.966858050382044,0.0,-37.98784577921966
21,joint,actor_02_statement_02,independent_center,92,4,92,92,0.5,0.5,22.91503040118363,-37.966858050382044,37.966858050382044,-37.98784577921966
21,joint,actor_02_statement_02,independent_rank1,92,4,92,92,0.75,0.5,22.91503040118363,-37.966858050382044,36.56171918403953,-37.98784577921966
21,joint,actor_03_statement_01,raw,92,4,92,92,0.5,0.5,22.914151449646386,27.31489746853159,0.0,-0.7850419522931164
21,joint,actor_03_statement_01,source_center_noop,92,4,92,92,0.5,0.5,22.914151449646386,27.31489746853159,0.0,-0.7850419522931164
21,joint,actor_03_statement_01,independent_center,92,4,92,92,0.25,0.5,22.914151449646386,27.31489746853159,-27.31489746853159,-0.7850419522931164
21,joint,actor_03_statement_01,independent_rank1,92,4,92,92,0.25,0.5,22.914151449646386,27.31489746853159,-27.377287703620826,-0.7850419522931164
21,joint,actor_03_statement_02,raw,92,4,92,92,0.5,0.75,22.914151449646386,-46.19555786223838,0.0,-48.12550006807489
21,joint,actor_03_statement_02,source_center_noop,92,4,92,92,0.5,0.75,22.914151449646386,-46.19555786223838,0.0,-48.12550006807489
21,joint,actor_03_statement_02,independent_center,92,4,92,92,0.5,0.75,22.914151449646386,-46.19555786223838,46.19555786223838,-48.12550006807489
21,joint,actor_03_statement_02,independent_rank1,92,4,92,92,0.5,0.25,22.914151449646386,-46.19555786223838,42.51037980681612,-48.12550006807489
21,joint,actor_04_statement_01,raw,92,4,92,92,0.5,1.0,22.862938138702496,27.8474608644009,0.0,0.019700866663006328
21,joint,actor_04_statement_01,source_center_noop,92,4,92,92,0.5,1.0,22.862938138702496,27.8474608644009,0.0,0.019700866663006328
21,joint,actor_04_statement_01,independent_center,92,4,92,92,0.75,1.0,22.862938138702496,27.8474608644009,-27.8474608644009,0.019700866663006328
21,joint,actor_04_statement_01,independent_rank1,92,4,92,92,0.75,1.0,22.862938138702496,27.8474608644009,-28.951046367979934,0.019700866663006328
21,joint,actor_04_statement_02,raw,92,4,92,92,0.5,1.0,22.862938138702496,-34.04115615505005,0.0,-38.68308298669643
21,joint,actor_04_statement_02,source_center_noop,92,4,92,92,0.5,1.0,22.862938138702496,-34.04115615505005,0.0,-38.68308298669643
21,joint,actor_04_statement_02,independent_center,92,4,92,92,1.0,1.0,22.862938138702496,-34.04115615505005,34.04115615505005,-38.68308298669643
21,joint,actor_04_statement_02,independent_rank1,92,4,92,92,0.75,1.0,22.862938138702496,-34.04115615505005,35.97281308193697,-38.68308298669643
21,joint,actor_05_statement_01,raw,92,4,92,92,0.5,0.75,22.984395470113565,35.91080322975149,0.0,4.986024748361328
21,joint,actor_05_statement_01,source_center_noop,92,4,92,92,0.5,0.75,22.984395470113565,35.91080322975149,0.0,4.986024748361328
21,joint,actor_05_statement_01,independent_center,92,4,92,92,0.75,0.75,22.984395470113565,35.91080322975149,-35.91080322975149,4.986024748361328
21,joint,actor_05_statement_01,independent_rank1,92,4,92,92,0.75,0.75,22.984395470113565,35.91080322975149,-33.460661100623724,4.986024748361328
21,joint,actor_05_statement_02,raw,92,4,92,92,0.5,0.5,22.984395470113565,-23.09985181812275,0.0,-34.158777639271214
21,joint,actor_05_statement_02,source_center_noop,92,4,92,92,0.5,0.5,22.984395470113565,-23.09985181812275,0.0,-34.158777639271214
21,joint,actor_05_statement_02,independent_center,92,4,92,92,0.75,0.5,22.984395470113565,-23.09985181812275,23.09985181812275,-34.158777639271214
21,joint,actor_05_statement_02,independent_rank1,92,4,92,92,0.5,0.5,22.984395470113565,-23.09985181812275,22.20840612676302,-34.158777639271214
21,joint,actor_06_statement_01,raw,92,4,92,92,0.5,0.5,22.89042483727604,34.61536815387609,0.0,1.0338404349654928
21,joint,actor_06_statement_01,source_center_noop,92,4,92,92,0.5,0.5,22.89042483727604,34.61536815387609,0.0,1.0338404349654928
21,joint,actor_06_statement_01,independent_center,92,4,92,92,0.25,0.5,22.89042483727604,34.61536815387609,-34.61536815387609,1.0338404349654928
21,joint,actor_06_statement_01,independent_rank1,92,4,92,92,0.25,0.5,22.89042483727604,34.61536815387609,-35.8809785446857,1.0338404349654928
21,joint,actor_06_statement_02,raw,92,4,92,92,0.5,0.0,22.89042483727604,-35.41616513626245,0.0,-37.87478921393473
21,joint,actor_06_statement_02,source_center_noop,92,4,92,92,0.5,0.0,22.89042483727604,-35.41616513626245,0.0,-37.87478921393473
21,joint,actor_06_statement_02,independent_center,92,4,92,92,0.25,0.0,22.89042483727604,-35.41616513626245,35.41616513626245,-37.87478921393473
21,joint,actor_06_statement_02,independent_rank1,92,4,92,92,0.5,1.0,22.89042483727604,-35.41616513626245,33.50729640027335,-37.87478921393473
21,joint,actor_07_statement_01,raw,92,4,92,92,0.5,1.0,22.9649197149878,33.37000054518522,0.0,-0.9222185944366593
21,joint,actor_07_statement_01,source_center_noop,92,4,92,92,0.5,1.0,22.9649197149878,33.37000054518522,0.0,-0.9222185944366593
21,joint,actor_07_statement_01,independent_center,92,4,92,92,0.75,1.0,22.9649197149878,33.37000054518522,-33.37000054518522,-0.9222185944366593
21,joint,actor_07_statement_01,independent_rank1,92,4,92,92,1.0,1.0,22.9649197149878,33.37000054518522,-30.932647365905844,-0.9222185944366593
21,joint,actor_07_statement_02,raw,92,4,92,92,0.5,1.0,22.9649197149878,-25.70983525191042,0.0,-39.45057143075734
21,joint,actor_07_statement_02,source_center_noop,92,4,92,92,0.5,1.0,22.9649197149878,-25.70983525191042,0.0,-39.45057143075734
21,joint,actor_07_statement_02,independent_center,92,4,92,92,1.0,1.0,22.9649197149878,-25.70983525191042,25.70983525191042,-39.45057143075734
21,joint,actor_07_statement_02,independent_rank1,92,4,92,92,0.5,0.5,22.9649197149878,-25.70983525191042,23.679518863938586,-39.45057143075734
21,joint,actor_08_statement_01,raw,92,4,92,92,0.5,0.75,22.881033153758967,17.19110084189697,0.0,-0.8551882302027134
21,joint,actor_08_statement_01,source_center_noop,92,4,92,92,0.5,0.75,22.881033153758967,17.19110084189697,0.0,-0.8551882302027134
21,joint,actor_08_statement_01,independent_center,92,4,92,92,0.75,0.75,22.881033153758967,17.19110084189697,-17.19110084189697,-0.8551882302027134
21,joint,actor_08_statement_01,independent_rank1,92,4,92,92,0.75,1.0,22.881033153758967,17.19110084189697,-17.164675370002033,-0.8551882302027134
21,joint,actor_08_statement_02,raw,92,4,92,92,0.5,1.0,22.881033153758967,-40.898559674236424,0.0,-33.064487078511846
21,joint,actor_08_statement_02,source_center_noop,92,4,92,92,0.5,1.0,22.881033153758967,-40.898559674236424,0.0,-33.064487078511846
21,joint,actor_08_statement_02,independent_center,92,4,92,92,0.5,1.0,22.881033153758967,-40.898559674236424,40.898559674236424,-33.064487078511846
21,joint,actor_08_statement_02,independent_rank1,92,4,92,92,1.0,1.0,22.881033153758967,-40.898559674236424,45.64274460992123,-33.064487078511846
21,joint,actor_09_statement_01,raw,92,4,92,92,0.5,0.75,22.851321338440915,29.475182257045624,0.0,0.7548181659833844
21,joint,actor_09_statement_01,source_center_noop,92,4,92,92,0.5,0.75,22.851321338440915,29.475182257045624,0.0,0.7548181659833844
21,joint,actor_09_statement_01,independent_center,92,4,92,92,0.5,0.75,22.851321338440915,29.475182257045624,-29.475182257045624,0.7548181659833844
21,joint,actor_09_statement_01,independent_rank1,92,4,92,92,0.75,0.75,22.851321338440915,29.475182257045624,-31.444523814048512,0.7548181659833844
21,joint,actor_09_statement_02,raw,92,4,92,92,0.5,0.75,22.851321338440915,-41.889520358181244,0.0,-44.320007000114934
21,joint,actor_09_statement_02,source_center_noop,92,4,92,92,0.5,0.75,22.851321338440915,-41.889520358181244,0.0,-44.320007000114934
21,joint,actor_09_statement_02,independent_center,92,4,92,92,0.75,0.75,22.851321338440915,-41.889520358181244,41.889520358181244,-44.320007000114934
21,joint,actor_09_statement_02,independent_rank1,92,4,92,92,0.5,0.0,22.851321338440915,-41.889520358181244,37.84433313203609,-44.320007000114934
21,joint,actor_10_statement_01,raw,92,4,92,92,0.5,0.5,22.844415830158066,42.60842028628217,0.0,2.9636849838351815
21,joint,actor_10_statement_01,source_center_noop,92,4,92,92,0.5,0.5,22.844415830158066,42.60842028628217,0.0,2.9636849838351815
21,joint,actor_10_statement_01,independent_center,92,4,92,92,0.5,0.5,22.844415830158066,42.60842028628217,-42.60842028628217,2.9636849838351815
21,joint,actor_10_statement_01,independent_rank1,92,4,92,92,0.5,0.5,22.844415830158066,42.60842028628217,-43.97498699276661,2.9636849838351815
21,joint,actor_10_statement_02,raw,92,4,92,92,0.5,1.0,22.844415830158066,-35.93793443981267,0.0,-38.34232769868905
21,joint,actor_10_statement_02,source_center_noop,92,4,92,92,0.5,1.0,22.844415830158066,-35.93793443981267,0.0,-38.34232769868905
21,joint,actor_10_statement_02,independent_center,92,4,92,92,0.5,1.0,22.844415830158066,-35.93793443981267,35.93793443981267,-38.34232769868905
21,joint,actor_10_statement_02,independent_rank1,92,4,92,92,0.75,1.0,22.844415830158066,-35.93793443981267,39.70979744466122,-38.34232769868905
21,joint,actor_11_statement_01,raw,92,4,92,92,0.5,0.0,22.92117683848252,46.433275553150075,0.0,-0.5269307354470951
21,joint,actor_11_statement_01,source_center_noop,92,4,92,92,0.5,0.0,22.92117683848252,46.433275553150075,0.0,-0.5269307354470951
21,joint,actor_11_statement_01,independent_center,92,4,92,92,0.25,0.0,22.92117683848252,46.433275553150075,-46.433275553150075,-0.5269307354470951
21,joint,actor_11_statement_01,independent_rank1,92,4,92,92,0.25,0.0,22.92117683848252,46.433275553150075,-46.68590032085239,-0.5269307354470951
21,joint,actor_11_statement_02,raw,92,4,92,92,0.5,0.75,22.92117683848252,-30.967519811295638,0.0,-36.67622998505007
21,joint,actor_11_statement_02,source_center_noop,92,4,92,92,0.5,0.75,22.92117683848252,-30.967519811295638,0.0,-36.67622998505007
21,joint,actor_11_statement_02,independent_center,92,4,92,92,0.75,0.75,22.92117683848252,-30.967519811295638,30.967519811295638,-36.67622998505007
21,joint,actor_11_statement_02,independent_rank1,92,4,92,92,0.25,0.0,22.92117683848252,-30.967519811295638,30.61717859085458,-36.67622998505007
21,joint,actor_12_statement_01,raw,92,4,92,92,0.5,0.25,22.856118921728317,51.58519227220078,0.0,-1.0083774836562578
21,joint,actor_12_statement_01,source_center_noop,92,4,92,92,0.5,0.25,22.856118921728317,51.58519227220078,0.0,-1.0083774836562578
21,joint,actor_12_statement_01,independent_center,92,4,92,92,0.25,0.25,22.856118921728317,51.58519227220078,-51.58519227220078,-1.0083774836562578
21,joint,actor_12_statement_01,independent_rank1,92,4,92,92,0.25,0.5,22.856118921728317,51.58519227220078,-53.172305129950715,-1.0083774836562578
21,joint,actor_12_statement_02,raw,92,4,92,92,0.5,1.0,22.856118921728317,-35.15439826049375,0.0,-38.328233541169425
21,joint,actor_12_statement_02,source_center_noop,92,4,92,92,0.5,1.0,22.856118921728317,-35.15439826049375,0.0,-38.328233541169425
21,joint,actor_12_statement_02,independent_center,92,4,92,92,1.0,1.0,22.856118921728317,-35.15439826049375,35.15439826049375,-38.328233541169425
21,joint,actor_12_statement_02,independent_rank1,92,4,92,92,0.5,0.5,22.856118921728317,-35.15439826049375,38.65361056331889,-38.328233541169425
21,joint,actor_13_statement_01,raw,92,4,92,92,0.5,0.5,22.967276665201695,57.473023509777796,0.0,2.339286091622098
21,joint,actor_13_statement_01,source_center_noop,92,4,92,92,0.5,0.5,22.967276665201695,57.473023509777796,0.0,2.339286091622098
21,joint,actor_13_statement_01,independent_center,92,4,92,92,0.5,0.5,22.967276665201695,57.473023509777796,-57.473023509777796,2.339286091622098
21,joint,actor_13_statement_01,independent_rank1,92,4,92,92,0.5,0.5,22.967276665201695,57.473023509777796,-55.54956631526197,2.339286091622098
21,joint,actor_13_statement_02,raw,92,4,92,92,0.5,0.25,22.967276665201695,-34.548499376974064,0.0,-39.066354360993145
21,joint,actor_13_statement_02,source_center_noop,92,4,92,92,0.5,0.25,22.967276665201695,-34.548499376974064,0.0,-39.066354360993145
21,joint,actor_13_statement_02,independent_center,92,4,92,92,0.25,0.25,22.967276665201695,-34.548499376974064,34.548499376974064,-39.066354360993145
21,joint,actor_13_statement_02,independent_rank1,92,4,92,92,0.25,0.0,22.967276665201695,-34.548499376974064,32.582770637470794,-39.066354360993145
21,joint,actor_14_statement_01,raw,92,4,92,92,0.5,0.25,22.90818832259431,28.780201450131337,0.0,0.4816984799983946
21,joint,actor_14_statement_01,source_center_noop,92,4,92,92,0.5,0.25,22.90818832259431,28.780201450131337,0.0,0.4816984799983946
21,joint,actor_14_statement_01,independent_center,92,4,92,92,0.5,0.25,22.90818832259431,28.780201450131337,-28.780201450131337,0.4816984799983946
21,joint,actor_14_statement_01,independent_rank1,92,4,92,92,0.5,0.25,22.90818832259431,28.780201450131337,-28.366528613555744,0.4816984799983946
21,joint,actor_14_statement_02,raw,92,4,92,92,0.5,0.25,22.90818832259431,-17.75980630088374,0.0,-33.70280181034086
21,joint,actor_14_statement_02,source_center_noop,92,4,92,92,0.5,0.25,22.90818832259431,-17.75980630088374,0.0,-33.70280181034086
21,joint,actor_14_statement_02,independent_center,92,4,92,92,0.5,0.25,22.90818832259431,-17.75980630088374,17.75980630088374,-33.70280181034086
21,joint,actor_14_statement_02,independent_rank1,92,4,92,92,0.5,0.25,22.90818832259431,-17.75980630088374,19.378940103119433,-33.70280181034086
21,joint,actor_15_statement_01,raw,92,4,92,92,0.5,1.0,23.076937698496383,26.423348049210478,0.0,0.5537664801954376
21,joint,actor_15_statement_01,source_center_noop,92,4,92,92,0.5,1.0,23.076937698496383,26.423348049210478,0.0,0.5537664801954376
21,joint,actor_15_statement_01,independent_center,92,4,92,92,0.5,1.0,23.076937698496383,26.423348049210478,-26.423348049210478,0.5537664801954376
21,joint,actor_15_statement_01,independent_rank1,92,4,92,92,0.5,1.0,23.076937698496383,26.423348049210478,-23.178463816070398,0.5537664801954376
21,joint,actor_15_statement_02,raw,92,4,92,92,0.5,0.0,23.076937698496383,-26.403394616810687,0.0,-30.749037999758922
21,joint,actor_15_statement_02,source_center_noop,92,4,92,92,0.5,0.0,23.076937698496383,-26.403394616810687,0.0,-30.749037999758922
21,joint,actor_15_statement_02,independent_center,92,4,92,92,0.0,0.0,23.076937698496383,-26.403394616810687,26.403394616810687,-30.749037999758922
21,joint,actor_15_statement_02,independent_rank1,92,4,92,92,0.75,0.5,23.076937698496383,-26.403394616810687,22.63765436814131,-30.749037999758922
21,joint,actor_16_statement_01,raw,92,4,92,92,0.5,0.5,22.90166180306517,48.45772642251212,0.0,1.276594685596352
21,joint,actor_16_statement_01,source_center_noop,92,4,92,92,0.5,0.5,22.90166180306517,48.45772642251212,0.0,1.276594685596352
21,joint,actor_16_statement_01,independent_center,92,4,92,92,0.25,0.5,22.90166180306517,48.45772642251212,-48.45772642251212,1.276594685596352
21,joint,actor_16_statement_01,independent_rank1,92,4,92,92,0.25,0.25,22.90166180306517,48.45772642251212,-49.63685286721204,1.276594685596352
21,joint,actor_16_statement_02,raw,92,4,92,92,0.5,0.5,22.90166180306517,-29.33806517867573,0.0,-32.74836804825896
21,joint,actor_16_statement_02,source_center_noop,92,4,92,92,0.5,0.5,22.90166180306517,-29.33806517867573,0.0,-32.74836804825896
21,joint,actor_16_statement_02,independent_center,92,4,92,92,0.5,0.5,22.90166180306517,-29.33806517867573,29.33806517867573,-32.74836804825896
21,joint,actor_16_statement_02,independent_rank1,92,4,92,92,0.5,0.5,22.90166180306517,-29.33806517867573,28.18318461073831,-32.74836804825896
21,joint,actor_17_statement_01,raw,92,4,92,92,0.5,0.5,22.908361333760354,52.01423498282789,0.0,0.22742669474628022
21,joint,actor_17_statement_01,source_center_noop,92,4,92,92,0.5,0.5,22.908361333760354,52.01423498282789,0.0,0.22742669474628022
21,joint,actor_17_statement_01,independent_center,92,4,92,92,0.75,0.5,22.908361333760354,52.01423498282789,-52.01423498282789,0.22742669474628022
21,joint,actor_17_statement_01,independent_rank1,92,4,92,92,0.75,0.75,22.908361333760354,52.01423498282789,-51.215255009701245,0.22742669474628022
21,joint,actor_17_statement_02,raw,92,4,92,92,0.5,0.75,22.908361333760354,-32.15111089519823,0.0,-32.657164075081006
21,joint,actor_17_statement_02,source_center_noop,92,4,92,92,0.5,0.75,22.908361333760354,-32.15111089519823,0.0,-32.657164075081006
21,joint,actor_17_statement_02,independent_center,92,4,92,92,0.75,0.75,22.908361333760354,-32.15111089519823,32.15111089519823,-32.657164075081006
21,joint,actor_17_statement_02,independent_rank1,92,4,92,92,0.75,0.5,22.908361333760354,-32.15111089519823,32.20804600559303,-32.657164075081006
21,joint,actor_18_statement_01,raw,92,4,92,92,0.5,0.25,23.07742225584968,49.45549877967031,0.0,0.39099051657013795
21,joint,actor_18_statement_01,source_center_noop,92,4,92,92,0.5,0.25,23.07742225584968,49.45549877967031,0.0,0.39099051657013795
21,joint,actor_18_statement_01,independent_center,92,4,92,92,0.25,0.25,23.07742225584968,49.45549877967031,-49.45549877967031,0.39099051657013795
21,joint,actor_18_statement_01,independent_rank1,92,4,92,92,0.25,0.5,23.07742225584968,49.45549877967031,-42.58773493724833,0.39099051657013795
21,joint,actor_18_statement_02,raw,92,4,92,92,0.5,1.0,23.07742225584968,-51.30301242331868,0.0,-57.18586599405595
21,joint,actor_18_statement_02,source_center_noop,92,4,92,92,0.5,1.0,23.07742225584968,-51.30301242331868,0.0,-57.18586599405595
21,joint,actor_18_statement_02,independent_center,92,4,92,92,0.5,1.0,23.07742225584968,-51.30301242331868,51.30301242331868,-57.18586599405595
21,joint,actor_18_statement_02,independent_rank1,92,4,92,92,0.5,0.5,23.07742225584968,-51.30301242331868,45.01895125825543,-57.18586599405595
21,joint,actor_19_statement_01,raw,92,4,92,92,0.5,0.25,22.898567194297275,10.244861363262476,0.0,2.0181018815311056
21,joint,actor_19_statement_01,source_center_noop,92,4,92,92,0.5,0.25,22.898567194297275,10.244861363262476,0.0,2.0181018815311056
21,joint,actor_19_statement_01,independent_center,92,4,92,92,0.5,0.25,22.898567194297275,10.244861363262476,-10.244861363262476,2.0181018815311056
21,joint,actor_19_statement_01,independent_rank1,92,4,92,92,0.5,0.25,22.898567194297275,10.244861363262476,-10.960395706720455,2.0181018815311056
21,joint,actor_19_statement_02,raw,92,4,92,92,0.5,0.75,22.898567194297275,-33.2295678259721,0.0,-40.335886503256965
21,joint,actor_19_statement_02,source_center_noop,92,4,92,92,0.5,0.75,22.898567194297275,-33.2295678259721,0.0,-40.335886503256965
21,joint,actor_19_statement_02,independent_center,92,4,92,92,0.5,0.75,22.898567194297275,-33.2295678259721,33.2295678259721,-40.335886503256965
21,joint,actor_19_statement_02,independent_rank1,92,4,92,92,0.5,0.5,22.898567194297275,-33.2295678259721,33.03151785451838,-40.335886503256965
21,joint,actor_20_statement_01,raw,92,4,92,92,0.5,0.5,22.962775350920975,29.311041233726286,0.0,1.3265418708763996
21,joint,actor_20_statement_01,source_center_noop,92,4,92,92,0.5,0.5,22.962775350920975,29.311041233726286,0.0,1.3265418708763996
21,joint,actor_20_statement_01,independent_center,92,4,92,92,0.5,0.5,22.962775350920975,29.311041233726286,-29.311041233726286,1.3265418708763996
21,joint,actor_20_statement_01,independent_rank1,92,4,92,92,0.75,0.5,22.962775350920975,29.311041233726286,-27.2324941903691,1.3265418708763996
21,joint,actor_20_statement_02,raw,92,4,92,92,0.5,0.25,22.962775350920975,-35.431788786724326,0.0,-34.92060586360462
21,joint,actor_20_statement_02,source_center_noop,92,4,92,92,0.5,0.25,22.962775350920975,-35.431788786724326,0.0,-34.92060586360462
21,joint,actor_20_statement_02,independent_center,92,4,92,92,0.25,0.25,22.962775350920975,-35.431788786724326,35.431788786724326,-34.92060586360462
21,joint,actor_20_statement_02,independent_rank1,92,4,92,92,0.25,0.5,22.962775350920975,-35.431788786724326,33.517443414448934,-34.92060586360462
21,joint,actor_21_statement_01,raw,92,4,92,92,0.5,0.25,22.83593985798637,45.91796454011013,0.0,-3.2433843536563813
21,joint,actor_21_statement_01,source_center_noop,92,4,92,92,0.5,0.25,22.83593985798637,45.91796454011013,0.0,-3.2433843536563813
21,joint,actor_21_statement_01,independent_center,92,4,92,92,0.25,0.25,22.83593985798637,45.91796454011013,-45.91796454011013,-3.2433843536563813
21,joint,actor_21_statement_01,independent_rank1,92,4,92,92,0.5,0.5,22.83593985798637,45.91796454011013,-49.18598545393178,-3.2433843536563813
21,joint,actor_21_statement_02,raw,92,4,92,92,0.5,0.25,22.83593985798637,-35.889825737227085,0.0,-39.80029250221087
21,joint,actor_21_statement_02,source_center_noop,92,4,92,92,0.5,0.25,22.83593985798637,-35.889825737227085,0.0,-39.80029250221087
21,joint,actor_21_statement_02,independent_center,92,4,92,92,0.5,0.25,22.83593985798637,-35.889825737227085,35.889825737227085,-39.80029250221087
21,joint,actor_21_statement_02,independent_rank1,92,4,92,92,0.5,0.75,22.83593985798637,-35.889825737227085,41.30270428814853,-39.80029250221087
21,joint,actor_22_statement_01,raw,92,4,92,92,0.5,0.5,22.845110285475837,17.61851130304055,0.0,2.2888138621506817
21,joint,actor_22_statement_01,source_center_noop,92,4,92,92,0.5,0.5,22.845110285475837,17.61851130304055,0.0,2.2888138621506817
21,joint,actor_22_statement_01,independent_center,92,4,92,92,0.75,0.5,22.845110285475837,17.61851130304055,-17.61851130304055,2.2888138621506817
21,joint,actor_22_statement_01,independent_rank1,92,4,92,92,0.75,0.5,22.845110285475837,17.61851130304055,-18.51782829563516,2.2888138621506817
21,joint,actor_22_statement_02,raw,92,4,92,92,0.5,0.75,22.845110285475837,-25.649948365937593,0.0,-34.464966608468615
21,joint,actor_22_statement_02,source_center_noop,92,4,92,92,0.5,0.75,22.845110285475837,-25.649948365937593,0.0,-34.464966608468615
21,joint,actor_22_statement_02,independent_center,92,4,92,92,0.5,0.75,22.845110285475837,-25.649948365937593,25.649948365937593,-34.464966608468615
21,joint,actor_22_statement_02,independent_rank1,92,4,92,92,0.75,0.75,22.845110285475837,-25.649948365937593,27.846917439241242,-34.464966608468615
21,joint,actor_23_statement_01,raw,92,4,92,92,0.5,0.5,22.898993365823106,34.76666256636142,0.0,-0.9958563972770098
21,joint,actor_23_statement_01,source_center_noop,92,4,92,92,0.5,0.5,22.898993365823106,34.76666256636142,0.0,-0.9958563972770098
21,joint,actor_23_statement_01,independent_center,92,4,92,92,0.25,0.5,22.898993365823106,34.76666256636142,-34.76666256636142,-0.9958563972770098
21,joint,actor_23_statement_01,independent_rank1,92,4,92,92,0.25,0.5,22.898993365823106,34.76666256636142,-35.3045514682624,-0.9958563972770098
21,joint,actor_23_statement_02,raw,92,4,92,92,0.5,0.0,22.898993365823106,-30.467723217978023,0.0,-38.83030070331259
21,joint,actor_23_statement_02,source_center_noop,92,4,92,92,0.5,0.0,22.898993365823106,-30.467723217978023,0.0,-38.83030070331259
21,joint,actor_23_statement_02,independent_center,92,4,92,92,0.5,0.0,22.898993365823106,-30.467723217978023,30.467723217978023,-38.83030070331259
21,joint,actor_23_statement_02,independent_rank1,92,4,92,92,0.25,0.0,22.898993365823106,-30.467723217978023,30.713042684178852,-38.83030070331259
21,joint,actor_24_statement_01,raw,92,4,92,92,0.25,0.0,22.848196766934333,9.11602880207256,0.0,-2.8473310586950067
21,joint,actor_24_statement_01,source_center_noop,92,4,92,92,0.25,0.0,22.848196766934333,9.11602880207256,0.0,-2.8473310586950067
21,joint,actor_24_statement_01,independent_center,92,4,92,92,0.0,0.0,22.848196766934333,9.11602880207256,-9.11602880207256,-2.8473310586950067
21,joint,actor_24_statement_01,independent_rank1,92,4,92,92,0.0,0.0,22.848196766934333,9.11602880207256,-9.270440862854311,-2.8473310586950067
21,joint,actor_24_statement_02,raw,92,4,92,92,0.5,0.5,22.848196766934333,-33.5414888448986,0.0,-38.78320151294457
21,joint,actor_24_statement_02,source_center_noop,92,4,92,92,0.5,0.5,22.848196766934333,-33.5414888448986,0.0,-38.78320151294457
21,joint,actor_24_statement_02,independent_center,92,4,92,92,0.25,0.5,22.848196766934333,-33.5414888448986,33.5414888448986,-38.78320151294457
21,joint,actor_24_statement_02,independent_rank1,92,4,92,92,0.5,0.75,22.848196766934333,-33.5414888448986,36.50875549266553,-38.78320151294457
22,statement,actor_None_statement_01,raw,96,96,96,96,0.5208333333333334,0.4852430555555556,19.930564615116708,-9.13722254079008,0.0,-21.795017626857078
22,statement,actor_None_statement_01,source_center_noop,96,96,96,96,0.5208333333333334,0.4852430555555556,19.930564615116708,-9.13722254079008,0.0,-21.795017626857078
22,statement,actor_None_statement_01,transductive_center,96,96,96,96,0.4895833333333333,0.4852430555555556,19.930564615116708,-9.13722254079008,9.137222540790079,-21.795017626857078
22,statement,actor_None_statement_02,raw,96,96,96,96,0.4895833333333333,0.5846354166666666,19.930564615116708,-8.088596717909182,0.0,-19.44449815294518
22,statement,actor_None_statement_02,source_center_noop,96,96,96,96,0.4895833333333333,0.5846354166666666,19.930564615116708,-8.088596717909182,0.0,-19.44449815294518
22,statement,actor_None_statement_02,transductive_center,96,96,96,96,0.53125,0.5846354166666666,19.930564615116708,-8.088596717909182,8.088596717909182,-19.44449815294518
22,joint,actor_01_statement_01,raw,92,4,92,92,0.5,0.25,19.92995794324876,-12.811689301166751,0.0,-26.22331188215243
22,joint,actor_01_statement_01,source_center_noop,92,4,92,92,0.5,0.25,19.92995794324876,-12.811689301166751,0.0,-26.22331188215243
22,joint,actor_01_statement_01,independent_center,92,4,92,92,0.25,0.25,19.92995794324876,-12.811689301166751,12.811689301166751,-26.22331188215243
22,joint,actor_01_statement_01,independent_rank1,92,4,92,92,0.25,0.0,19.92995794324876,-12.811689301166751,12.997779229938999,-26.22331188215243
22,joint,actor_01_statement_02,raw,92,4,92,92,0.75,1.0,19.92995794324876,1.2666557929031868,0.0,-14.763195992729315
22,joint,actor_01_statement_02,source_center_noop,92,4,92,92,0.75,1.0,19.92995794324876,1.2666557929031868,0.0,-14.763195992729315
22,joint,actor_01_statement_02,independent_center,92,4,92,92,0.75,1.0,19.92995794324876,1.2666557929031868,-1.2666557929031868,-14.763195992729315
22,joint,actor_01_statement_02,independent_rank1,92,4,92,92,0.5,1.0,19.92995794324876,1.2666557929031868,-1.3003415153522124,-14.763195992729315
22,joint,actor_02_statement_01,raw,92,4,92,92,0.25,0.25,19.885243819436276,-7.373451751462096,0.0,-22.27886649926911
22,joint,actor_02_statement_01,source_center_noop,92,4,92,92,0.25,0.25,19.885243819436276,-7.373451751462096,0.0,-22.27886649926911
22,joint,actor_02_statement_01,independent_center,92,4,92,92,0.25,0.25,19.885243819436276,-7.373451751462096,7.373451751462096,-22.27886649926911
22,joint,actor_02_statement_01,independent_rank1,92,4,92,92,0.25,0.25,19.885243819436276,-7.373451751462096,7.800288885095339,-22.27886649926911
22,joint,actor_02_statement_02,raw,92,4,92,92,0.5,1.0,19.885243819436276,-8.92268626130377,0.0,-18.3193168088674
22,joint,actor_02_statement_02,source_center_noop,92,4,92,92,0.5,1.0,19.885243819436276,-8.92268626130377,0.0,-18.3193168088674
22,joint,actor_02_statement_02,independent_center,92,4,92,92,0.75,1.0,19.885243819436276,-8.92268626130377,8.92268626130377,-18.3193168088674
22,joint,actor_02_statement_02,independent_rank1,92,4,92,92,0.75,1.0,19.885243819436276,-8.92268626130377,8.785300055013348,-18.3193168088674
22,joint,actor_03_statement_01,raw,92,4,92,92,0.5,0.75,19.917137164233047,-9.4831911541724,0.0,-20.932523305056073
22,joint,actor_03_statement_01,source_center_noop,92,4,92,92,0.5,0.75,19.917137164233047,-9.4831911541724,0.0,-20.932523305056073
22,joint,actor_03_statement_01,independent_center,92,4,92,92,0.5,0.75,19.917137164233047,-9.4831911541724,9.4831911541724,-20.932523305056073
22,joint,actor_03_statement_01,independent_rank1,92,4,92,92,0.5,0.75,19.917137164233047,-9.4831911541724,9.02099281469312,-20.932523305056073
22,joint,actor_03_statement_02,raw,92,4,92,92,0.5,1.0,19.917137164233047,-18.54662884769979,0.0,-22.347233852245658
22,joint,actor_03_statement_02,source_center_noop,92,4,92,92,0.5,1.0,19.917137164233047,-18.54662884769979,0.0,-22.347233852245658
22,joint,actor_03_statement_02,independent_center,92,4,92,92,0.75,1.0,19.917137164233047,-18.54662884769979,18.54662884769979,-22.347233852245658
22,joint,actor_03_statement_02,independent_rank1,92,4,92,92,1.0,1.0,19.917137164233047,-18.54662884769979,19.937864712818445,-22.347233852245658
22,joint,actor_04_statement_01,raw,92,4,92,92,0.5,1.0,19.89419647269648,-10.237790485276875,0.0,-22.29859185496232
22,joint,actor_04_statement_01,source_center_noop,92,4,92,92,0.5,1.0,19.89419647269648,-10.237790485276875,0.0,-22.29859185496232
22,joint,actor_04_statement_01,independent_center,92,4,92,92,0.75,1.0,19.89419647269648,-10.237790485276875,10.237790485276875,-22.29859185496232
22,joint,actor_04_statement_01,independent_rank1,92,4,92,92,0.75,1.0,19.89419647269648,-10.237790485276875,10.515620348315958,-22.29859185496232
22,joint,actor_04_statement_02,raw,92,4,92,92,0.5,1.0,19.89419647269648,-12.251001607093825,0.0,-20.136161525177027
22,joint,actor_04_statement_02,source_center_noop,92,4,92,92,0.5,1.0,19.89419647269648,-12.251001607093825,0.0,-20.136161525177027
22,joint,actor_04_statement_02,independent_center,92,4,92,92,0.5,1.0,19.89419647269648,-12.251001607093825,12.251001607093825,-20.136161525177027
22,joint,actor_04_statement_02,independent_rank1,92,4,92,92,0.5,1.0,19.89419647269648,-12.251001607093825,12.78691163155562,-20.136161525177027
22,joint,actor_05_statement_01,raw,92,4,92,92,0.5,0.25,19.9047610851529,-11.881603883345635,0.0,-17.881627200753965
22,joint,actor_05_statement_01,source_center_noop,92,4,92,92,0.5,0.25,19.9047610851529,-11.881603883345635,0.0,-17.881627200753965
22,joint,actor_05_statement_01,independent_center,92,4,92,92,0.25,0.25,19.9047610851529,-11.881603883345635,11.881603883345635,-17.881627200753965
22,joint,actor_05_statement_01,independent_rank1,92,4,92,92,0.25,0.5,19.9047610851529,-11.881603883345635,12.162746336561147,-17.881627200753965
22,joint,actor_05_statement_02,raw,92,4,92,92,0.5,0.5,19.9047610851529,-5.10583057188401,0.0,-16.744552125446813
22,joint,actor_05_statement_02,source_center_noop,92,4,92,92,0.5,0.5,19.9047610851529,-5.10583057188401,0.0,-16.744552125446813
22,joint,actor_05_statement_02,independent_center,92,4,92,92,0.5,0.5,19.9047610851529,-5.10583057188401,5.10583057188401,-16.744552125446813
22,joint,actor_05_statement_02,independent_rank1,92,4,92,92,0.5,0.5,19.9047610851529,-5.10583057188401,4.956197045981289,-16.744552125446813
22,joint,actor_06_statement_01,raw,92,4,92,92,0.5,1.0,19.951337415469826,-7.078787281038055,0.0,-21.2359419176635
22,joint,actor_06_statement_01,source_center_noop,92,4,92,92,0.5,1.0,19.951337415469826,-7.078787281038055,0.0,-21.2359419176635
22,joint,actor_06_statement_01,independent_center,92,4,92,92,0.5,1.0,19.951337415469826,-7.078787281038055,7.078787281038055,-21.2359419176635
22,joint,actor_06_statement_01,independent_rank1,92,4,92,92,0.5,1.0,19.951337415469826,-7.078787281038055,7.531841694075464,-21.2359419176635
22,joint,actor_06_statement_02,raw,92,4,92,92,0.5,0.75,19.951337415469826,-8.946224241181758,0.0,-19.966484303596314
22,joint,actor_06_statement_02,source_center_noop,92,4,92,92,0.5,0.75,19.951337415469826,-8.946224241181758,0.0,-19.966484303596314
22,joint,actor_06_statement_02,independent_center,92,4,92,92,0.75,0.75,19.951337415469826,-8.946224241181758,8.946224241181758,-19.966484303596314
22,joint,actor_06_statement_02,independent_rank1,92,4,92,92,0.75,0.75,19.951337415469826,-8.946224241181758,8.097922188768619,-19.966484303596314
22,joint,actor_07_statement_01,raw,92,4,92,92,0.75,0.5,19.932361212781814,-9.140521441190835,0.0,-22.61899837470624
22,joint,actor_07_statement_01,source_center_noop,92,4,92,92,0.75,0.5,19.932361212781814,-9.140521441190835,0.0,-22.61899837470624
22,joint,actor_07_statement_01,independent_center,92,4,92,92,0.75,0.5,19.932361212781814,-9.140521441190835,9.140521441190835,-22.61899837470624
22,joint,actor_07_statement_01,independent_rank1,92,4,92,92,0.75,0.5,19.932361212781814,-9.140521441190835,9.558218206743128,-22.61899837470624
22,joint,actor_07_statement_02,raw,92,4,92,92,1.0,1.0,19.932361212781814,-5.8486270619023735,0.0,-16.530216199533157
22,joint,actor_07_statement_02,source_center_noop,92,4,92,92,1.0,1.0,19.932361212781814,-5.8486270619023735,0.0,-16.530216199533157
22,joint,actor_07_statement_02,independent_center,92,4,92,92,0.75,1.0,19.932361212781814,-5.8486270619023735,5.8486270619023735,-16.530216199533157
22,joint,actor_07_statement_02,independent_rank1,92,4,92,92,0.75,1.0,19.932361212781814,-5.8486270619023735,5.253978923590713,-16.530216199533157
22,joint,actor_08_statement_01,raw,92,4,92,92,0.75,1.0,19.869135873639394,-6.700656287816299,0.0,-22.889415602645986
22,joint,actor_08_statement_01,source_center_noop,92,4,92,92,0.75,1.0,19.869135873639394,-6.700656287816299,0.0,-22.889415602645986
22,joint,actor_08_statement_01,independent_center,92,4,92,92,0.75,1.0,19.869135873639394,-6.700656287816299,6.700656287816299,-22.889415602645986
22,joint,actor_08_statement_01,independent_rank1,92,4,92,92,0.75,1.0,19.869135873639394,-6.700656287816299,6.807832451019674,-22.889415602645986
22,joint,actor_08_statement_02,raw,92,4,92,92,0.0,0.0,19.869135873639394,-9.166487121456466,0.0,-17.31309028759839
22,joint,actor_08_statement_02,source_center_noop,92,4,92,92,0.0,0.0,19.869135873639394,-9.166487121456466,0.0,-17.31309028759839
22,joint,actor_08_statement_02,independent_center,92,4,92,92,0.25,0.0,19.869135873639394,-9.166487121456466,9.166487121456466,-17.31309028759839
22,joint,actor_08_statement_02,independent_rank1,92,4,92,92,0.0,0.0,19.869135873639394,-9.166487121456466,9.921988947543952,-17.31309028759839
22,joint,actor_09_statement_01,raw,92,4,92,92,0.25,0.0,19.90584959042816,-7.666404012476939,0.0,-19.6602520874477
22,joint,actor_09_statement_01,source_center_noop,92,4,92,92,0.25,0.0,19.90584959042816,-7.666404012476939,0.0,-19.6602520874477
22,joint,actor_09_statement_01,independent_center,92,4,92,92,0.0,0.0,19.90584959042816,-7.666404012476939,7.666404012476939,-19.6602520874477
22,joint,actor_09_statement_01,independent_rank1,92,4,92,92,0.25,0.0,19.90584959042816,-7.666404012476939,7.2583703612270805,-19.6602520874477
22,joint,actor_09_statement_02,raw,92,4,92,92,0.25,0.5,19.90584959042816,-7.938015868438147,0.0,-9.727656238461204
22,joint,actor_09_statement_02,source_center_noop,92,4,92,92,0.25,0.5,19.90584959042816,-7.938015868438147,0.0,-9.727656238461204
22,joint,actor_09_statement_02,independent_center,92,4,92,92,0.25,0.5,19.90584959042816,-7.938015868438147,7.938015868438146,-9.727656238461204
22,joint,actor_09_statement_02,independent_rank1,92,4,92,92,0.5,0.5,19.90584959042816,-7.938015868438147,9.847776761637228,-9.727656238461204
22,joint,actor_10_statement_01,raw,92,4,92,92,0.75,0.75,19.94929306172753,-7.319595418679295,0.0,-21.10738376965831
22,joint,actor_10_statement_01,source_center_noop,92,4,92,92,0.75,0.75,19.94929306172753,-7.319595418679295,0.0,-21.10738376965831
22,joint,actor_10_statement_01,independent_center,92,4,92,92,0.5,0.75,19.94929306172753,-7.319595418679295,7.319595418679295,-21.10738376965831
22,joint,actor_10_statement_01,independent_rank1,92,4,92,92,0.5,0.75,19.94929306172753,-7.319595418679295,7.034893043134568,-21.10738376965831
22,joint,actor_10_statement_02,raw,92,4,92,92,0.5,0.5,19.94929306172753,-5.0241865970983,0.0,-20.246844953067924
22,joint,actor_10_statement_02,source_center_noop,92,4,92,92,0.5,0.5,19.94929306172753,-5.0241865970983,0.0,-20.246844953067924
22,joint,actor_10_statement_02,independent_center,92,4,92,92,0.75,0.5,19.94929306172753,-5.0241865970983,5.0241865970983,-20.246844953067924
22,joint,actor_10_statement_02,independent_rank1,92,4,92,92,0.75,0.75,19.94929306172753,-5.0241865970983,3.2034163420570705,-20.246844953067924
22,joint,actor_11_statement_01,raw,92,4,92,92,0.5,0.25,19.911331614111187,-6.192353499867297,0.0,-24.54320027852948
22,joint,actor_11_statement_01,source_center_noop,92,4,92,92,0.5,0.25,19.911331614111187,-6.192353499867297,0.0,-24.54320027852948
22,joint,actor_11_statement_01,independent_center,92,4,92,92,0.25,0.25,19.911331614111187,-6.192353499867297,6.192353499867297,-24.54320027852948
22,joint,actor_11_statement_01,independent_rank1,92,4,92,92,0.25,0.25,19.911331614111187,-6.192353499867297,6.39686298290619,-24.54320027852948
22,joint,actor_11_statement_02,raw,92,4,92,92,0.5,1.0,19.911331614111187,-9.313626236846883,0.0,-21.259942626684158
22,joint,actor_11_statement_02,source_center_noop,92,4,92,92,0.5,1.0,19.911331614111187,-9.313626236846883,0.0,-21.259942626684158
22,joint,actor_11_statement_02,independent_center,92,4,92,92,0.5,1.0,19.911331614111187,-9.313626236846883,9.313626236846883,-21.259942626684158
22,joint,actor_11_statement_02,independent_rank1,92,4,92,92,0.5,1.0,19.911331614111187,-9.313626236846883,9.51799707296984,-21.259942626684158
22,joint,actor_12_statement_01,raw,92,4,92,92,0.0,0.0,19.927451794833026,-5.0031079783053,0.0,-19.22118179758262
22,joint,actor_12_statement_01,source_center_noop,92,4,92,92,0.0,0.0,19.927451794833026,-5.0031079783053,0.0,-19.22118179758262
22,joint,actor_12_statement_01,independent_center,92,4,92,92,0.25,0.0,19.927451794833026,-5.0031079783053,5.0031079783053,-19.22118179758262
22,joint,actor_12_statement_01,independent_rank1,92,4,92,92,0.25,0.0,19.927451794833026,-5.0031079783053,4.674281777340825,-19.22118179758262
22,joint,actor_12_statement_02,raw,92,4,92,92,0.5,1.0,19.927451794833026,-9.465624747835113,0.0,-18.783121411772594
22,joint,actor_12_statement_02,source_center_noop,92,4,92,92,0.5,1.0,19.927451794833026,-9.465624747835113,0.0,-18.783121411772594
22,joint,actor_12_statement_02,independent_center,92,4,92,92,1.0,1.0,19.927451794833026,-9.465624747835113,9.465624747835113,-18.783121411772594
22,joint,actor_12_statement_02,independent_rank1,92,4,92,92,1.0,1.0,19.927451794833026,-9.465624747835113,9.729528116011158,-18.783121411772594
22,joint,actor_13_statement_01,raw,92,4,92,92,0.5,0.5,19.9152203984441,-5.47020816645689,0.0,-20.182017695155636
22,joint,actor_13_statement_01,source_center_noop,92,4,92,92,0.5,0.5,19.9152203984441,-5.47020816645689,0.0,-20.182017695155636
22,joint,actor_13_statement_01,independent_center,92,4,92,92,0.75,0.5,19.9152203984441,-5.47020816645689,5.47020816645689,-20.182017695155636
22,joint,actor_13_statement_01,independent_rank1,92,4,92,92,0.5,0.5,19.9152203984441,-5.47020816645689,5.710586181484423,-20.182017695155636
22,joint,actor_13_statement_02,raw,92,4,92,92,0.75,1.0,19.9152203984441,-9.784989608072019,0.0,-19.265808641947658
22,joint,actor_13_statement_02,source_center_noop,92,4,92,92,0.75,1.0,19.9152203984441,-9.784989608072019,0.0,-19.265808641947658
22,joint,actor_13_statement_02,independent_center,92,4,92,92,0.5,1.0,19.9152203984441,-9.784989608072019,9.784989608072019,-19.265808641947658
22,joint,actor_13_statement_02,independent_rank1,92,4,92,92,0.75,0.75,19.9152203984441,-9.784989608072019,9.02552053987814,-19.265808641947658
22,joint,actor_14_statement_01,raw,92,4,92,92,1.0,1.0,19.976913964942757,-11.520747006101594,0.0,-21.93129429647607
22,joint,actor_14_statement_01,source_center_noop,92,4,92,92,1.0,1.0,19.976913964942757,-11.520747006101594,0.0,-21.93129429647607
22,joint,actor_14_statement_01,independent_center,92,4,92,92,1.0,1.0,19.976913964942757,-11.520747006101594,11.520747006101594,-21.93129429647607
22,joint,actor_14_statement_01,independent_rank1,92,4,92,92,1.0,1.0,19.976913964942757,-11.520747006101594,10.928768266942201,-21.93129429647607
22,joint,actor_14_statement_02,raw,92,4,92,92,0.5,0.5,19.976913964942757,7.319202958618361,0.0,-16.879030754653147
22,joint,actor_14_statement_02,source_center_noop,92,4,92,92,0.5,0.5,19.976913964942757,7.319202958618361,0.0,-16.879030754653147
22,joint,actor_14_statement_02,independent_center,92,4,92,92,0.5,0.5,19.976913964942757,7.319202958618361,-7.319202958618361,-16.879030754653147
22,joint,actor_14_statement_02,independent_rank1,92,4,92,92,0.25,0.5,19.976913964942757,7.319202958618361,-7.058253687725292,-16.879030754653147
22,joint,actor_15_statement_01,raw,92,4,92,92,0.5,0.75,19.907178696972696,-4.800827925300528,0.0,-23.908479044414932
22,joint,actor_15_statement_01,source_center_noop,92,4,92,92,0.5,0.75,19.907178696972696,-4.800827925300528,0.0,-23.908479044414932
22,joint,actor_15_statement_01,independent_center,92,4,92,92,0.5,0.75,19.907178696972696,-4.800827925300528,4.800827925300528,-23.908479044414932
22,joint,actor_15_statement_01,independent_rank1,92,4,92,92,0.5,0.75,19.907178696972696,-4.800827925300528,4.666011178935432,-23.908479044414932
22,joint,actor_15_statement_02,raw,92,4,92,92,0.5,0.0,19.907178696972696,-11.588640423701865,0.0,-23.026599754137976
22,joint,actor_15_statement_02,source_center_noop,92,4,92,92,0.5,0.0,19.907178696972696,-11.588640423701865,0.0,-23.026599754137976
22,joint,actor_15_statement_02,independent_center,92,4,92,92,0.0,0.0,19.907178696972696,-11.588640423701865,11.588640423701865,-23.026599754137976
22,joint,actor_15_statement_02,independent_rank1,92,4,92,92,0.0,0.0,19.907178696972696,-11.588640423701865,12.75715870153874,-23.026599754137976
22,joint,actor_16_statement_01,raw,92,4,92,92,0.25,0.0,19.90650305094839,-8.397897181012837,0.0,-19.66176834687222
22,joint,actor_16_statement_01,source_center_noop,92,4,92,92,0.25,0.0,19.90650305094839,-8.397897181012837,0.0,-19.66176834687222
22,joint,actor_16_statement_01,independent_center,92,4,92,92,0.0,0.0,19.90650305094839,-8.397897181012837,8.397897181012837,-19.66176834687222
22,joint,actor_16_statement_01,independent_rank1,92,4,92,92,0.0,0.0,19.90650305094839,-8.397897181012837,8.633591437939778,-19.66176834687222
22,joint,actor_16_statement_02,raw,92,4,92,92,0.5,1.0,19.90650305094839,8.22409005657185,0.0,-19.054876432264546
22,joint,actor_16_statement_02,source_center_noop,92,4,92,92,0.5,1.0,19.90650305094839,8.22409005657185,0.0,-19.054876432264546
22,joint,actor_16_statement_02,independent_center,92,4,92,92,0.75,1.0,19.90650305094839,8.22409005657185,-8.22409005657185,-19.054876432264546
22,joint,actor_16_statement_02,independent_rank1,92,4,92,92,0.75,1.0,19.90650305094839,8.22409005657185,-8.500402703048163,-19.054876432264546
22,joint,actor_17_statement_01,raw,92,4,92,92,0.5,0.5,19.94863840606484,-5.166812296587635,0.0,-23.99300605300845
22,joint,actor_17_statement_01,source_center_noop,92,4,92,92,0.5,0.5,19.94863840606484,-5.166812296587635,0.0,-23.99300605300845
22,joint,actor_17_statement_01,independent_center,92,4,92,92,0.5,0.5,19.94863840606484,-5.166812296587635,5.166812296587635,-23.99300605300845
22,joint,actor_17_statement_01,independent_rank1,92,4,92,92,0.5,0.5,19.94863840606484,-5.166812296587635,4.971522957458669,-23.99300605300845
22,joint,actor_17_statement_02,raw,92,4,92,92,0.75,0.5,19.94863840606484,-5.756368185574345,0.0,-16.666131900356483
22,joint,actor_17_statement_02,source_center_noop,92,4,92,92,0.75,0.5,19.94863840606484,-5.756368185574345,0.0,-16.666131900356483
22,joint,actor_17_statement_02,independent_center,92,4,92,92,0.5,0.5,19.94863840606484,-5.756368185574345,5.756368185574345,-16.666131900356483
22,joint,actor_17_statement_02,independent_rank1,92,4,92,92,0.5,0.5,19.94863840606484,-5.756368185574345,6.25427974450704,-16.666131900356483
22,joint,actor_18_statement_01,raw,92,4,92,92,0.5,1.0,20.10740988654951,-19.042842190472363,0.0,-22.880252638316524
22,joint,actor_18_statement_01,source_center_noop,92,4,92,92,0.5,1.0,20.10740988654951,-19.042842190472363,0.0,-22.880252638316524
22,joint,actor_18_statement_01,independent_center,92,4,92,92,1.0,1.0,20.10740988654951,-19.042842190472363,19.042842190472363,-22.880252638316524
22,joint,actor_18_statement_01,independent_rank1,92,4,92,92,0.75,1.0,20.10740988654951,-19.042842190472363,14.945898849486236,-22.880252638316524
22,joint,actor_18_statement_02,raw,92,4,92,92,0.5,0.5,20.10740988654951,1.007996615907227,0.0,-17.531593419819767
22,joint,actor_18_statement_02,source_center_noop,92,4,92,92,0.5,0.5,20.10740988654951,1.007996615907227,0.0,-17.531593419819767
22,joint,actor_18_statement_02,independent_center,92,4,92,92,0.5,0.5,20.10740988654951,1.007996615907227,-1.007996615907227,-17.531593419819767
22,joint,actor_18_statement_02,independent_rank1,92,4,92,92,0.5,1.0,20.10740988654951,1.007996615907227,-0.21784258095366082,-17.531593419819767
22,joint,actor_19_statement_01,raw,92,4,92,92,0.5,1.0,19.89303887192853,-9.378856602691805,0.0,-21.794838494631563
22,joint,actor_19_statement_01,source_center_noop,92,4,92,92,0.5,1.0,19.89303887192853,-9.378856602691805,0.0,-21.794838494631563
22,joint,actor_19_statement_01,independent_center,92,4,92,92,0.75,1.0,19.89303887192853,-9.378856602691805,9.378856602691805,-21.794838494631563
22,joint,actor_19_statement_01,independent_rank1,92,4,92,92,0.75,1.0,19.89303887192853,-9.378856602691805,9.190630260470005,-21.794838494631563
22,joint,actor_19_statement_02,raw,92,4,92,92,0.25,0.25,19.89303887192853,-5.555580354457387,0.0,-19.212079405152277
22,joint,actor_19_statement_02,source_center_noop,92,4,92,92,0.25,0.25,19.89303887192853,-5.555580354457387,0.0,-19.212079405152277
22,joint,actor_19_statement_02,independent_center,92,4,92,92,0.25,0.25,19.89303887192853,-5.555580354457387,5.555580354457387,-19.212079405152277
22,joint,actor_19_statement_02,independent_rank1,92,4,92,92,0.25,0.0,19.89303887192853,-5.555580354457387,5.904097612270184,-19.212079405152277
22,joint,actor_20_statement_01,raw,92,4,92,92,0.5,0.5,20.00038142938023,-16.939251919737124,0.0,-18.8879866678391
22,joint,actor_20_statement_01,source_center_noop,92,4,92,92,0.5,0.5,20.00038142938023,-16.939251919737124,0.0,-18.8879866678391
22,joint,actor_20_statement_01,independent_center,92,4,92,92,0.5,0.5,20.00038142938023,-16.939251919737124,16.939251919737124,-18.8879866678391
22,joint,actor_20_statement_01,independent_rank1,92,4,92,92,0.75,0.5,20.00038142938023,-16.939251919737124,13.026206454757746,-18.8879866678391
22,joint,actor_20_statement_02,raw,92,4,92,92,0.25,0.25,20.00038142938023,-4.766241121081553,0.0,-19.441784779119857
22,joint,actor_20_statement_02,source_center_noop,92,4,92,92,0.25,0.25,20.00038142938023,-4.766241121081553,0.0,-19.441784779119857
22,joint,actor_20_statement_02,independent_center,92,4,92,92,0.25,0.25,20.00038142938023,-4.766241121081553,4.766241121081553,-19.441784779119857
22,joint,actor_20_statement_02,independent_rank1,92,4,92,92,0.25,0.25,20.00038142938023,-4.766241121081553,5.56984783716719,-19.441784779119857
22,joint,actor_21_statement_01,raw,92,4,92,92,0.5,0.25,19.870548577422802,-8.79900733281012,0.0,-22.101419242003892
22,joint,actor_21_statement_01,source_center_noop,92,4,92,92,0.5,0.25,19.870548577422802,-8.79900733281012,0.0,-22.101419242003892
22,joint,actor_21_statement_01,independent_center,92,4,92,92,0.5,0.25,19.870548577422802,-8.79900733281012,8.79900733281012,-22.101419242003892
22,joint,actor_21_statement_01,independent_rank1,92,4,92,92,0.25,0.25,19.870548577422802,-8.79900733281012,11.252004909589388,-22.101419242003892
22,joint,actor_21_statement_02,raw,92,4,92,92,0.5,1.0,19.870548577422802,-9.089703580044167,0.0,-19.61246671047162
22,joint,actor_21_statement_02,source_center_noop,92,4,92,92,0.5,1.0,19.870548577422802,-9.089703580044167,0.0,-19.61246671047162
22,joint,actor_21_statement_02,independent_center,92,4,92,92,0.5,1.0,19.870548577422802,-9.089703580044167,9.089703580044167,-19.61246671047162
22,joint,actor_21_statement_02,independent_rank1,92,4,92,92,0.5,1.0,19.870548577422802,-9.089703580044167,8.478932224667139,-19.61246671047162
22,joint,actor_22_statement_01,raw,92,4,92,92,0.5,0.75,19.97314672914869,-10.667029655735123,0.0,-21.795473444299866
22,joint,actor_22_statement_01,source_center_noop,92,4,92,92,0.5,0.75,19.97314672914869,-10.667029655735123,0.0,-21.795473444299866
22,joint,actor_22_statement_01,independent_center,92,4,92,92,0.5,0.75,19.97314672914869,-10.667029655735123,10.667029655735123,-21.795473444299866
22,joint,actor_22_statement_01,independent_rank1,92,4,92,92,0.5,0.5,19.97314672914869,-10.667029655735123,10.095986758428541,-21.795473444299866
22,joint,actor_22_statement_02,raw,92,4,92,92,0.25,0.25,19.97314672914869,-3.9499017260226013,0.0,-17.937943503662904
22,joint,actor_22_statement_02,source_center_noop,92,4,92,92,0.25,0.25,19.97314672914869,-3.9499017260226013,0.0,-17.937943503662904
22,joint,actor_22_statement_02,independent_center,92,4,92,92,0.5,0.25,19.97314672914869,-3.9499017260226013,3.9499017260226013,-17.937943503662904
22,joint,actor_22_statement_02,independent_rank1,92,4,92,92,0.5,0.25,19.97314672914869,-3.9499017260226013,4.081537061782765,-17.937943503662904
22,joint,actor_23_statement_01,raw,92,4,92,92,0.5,0.25,19.918888731764472,-8.494758669615145,0.0,-21.809598705845694
22,joint,actor_23_statement_01,source_center_noop,92,4,92,92,0.5,0.25,19.918888731764472,-8.494758669615145,0.0,-21.809598705845694
22,joint,actor_23_statement_01,independent_center,92,4,92,92,0.5,0.25,19.918888731764472,-8.494758669615145,8.494758669615145,-21.809598705845694
22,joint,actor_23_statement_01,independent_rank1,92,4,92,92,0.0,0.0,19.918888731764472,-8.494758669615145,8.731718780392502,-21.809598705845694
22,joint,actor_23_statement_02,raw,92,4,92,92,1.0,1.0,19.918888731764472,-9.849731531731177,0.0,-18.59981244270708
22,joint,actor_23_statement_02,source_center_noop,92,4,92,92,1.0,1.0,19.918888731764472,-9.849731531731177,0.0,-18.59981244270708
22,joint,actor_23_statement_02,independent_center,92,4,92,92,1.0,1.0,19.918888731764472,-9.849731531731177,9.849731531731177,-18.59981244270708
22,joint,actor_23_statement_02,independent_rank1,92,4,92,92,1.0,1.0,19.918888731764472,-9.849731531731177,9.686339715164408,-18.59981244270708
22,joint,actor_24_statement_01,raw,92,4,92,92,0.5,0.0,19.951224067005963,-11.510227950261278,0.0,-21.52819951400481
22,joint,actor_24_statement_01,source_center_noop,92,4,92,92,0.5,0.0,19.951224067005963,-11.510227950261278,0.0,-21.52819951400481
22,joint,actor_24_statement_01,independent_center,92,4,92,92,0.0,0.0,19.951224067005963,-11.510227950261278,11.510227950261278,-21.52819951400481
22,joint,actor_24_statement_01,independent_rank1,92,4,92,92,0.25,0.0,19.951224067005963,-11.510227950261278,12.448974171679204,-21.52819951400481
22,joint,actor_24_statement_02,raw,92,4,92,92,0.5,0.5,19.951224067005963,-5.096605948259004,0.0,-19.79882004430602
22,joint,actor_24_statement_02,source_center_noop,92,4,92,92,0.5,0.5,19.951224067005963,-5.096605948259004,0.0,-19.79882004430602
22,joint,actor_24_statement_02,independent_center,92,4,92,92,0.5,0.5,19.951224067005963,-5.096605948259004,5.096605948259004,-19.79882004430602
22,joint,actor_24_statement_02,independent_rank1,92,4,92,92,0.5,0.5,19.951224067005963,-5.096605948259004,4.948901384926685,-19.79882004430602
23,statement,actor_None_statement_01,raw,96,96,96,96,0.5,0.6471354166666666,17.360223266973325,-6.9845860829313855,0.0,1.1629832228673764
23,statement,actor_None_statement_01,source_center_noop,96,96,96,96,0.5,0.6471354166666666,17.360223266973325,-6.9845860829313855,0.0,1.1629832228673764
23,statement,actor_None_statement_01,transductive_center,96,96,96,96,0.65625,0.6471354166666666,17.360223266973325,-6.9845860829313855,6.984586082931386,1.1629832228673764
23,statement,actor_None_statement_02,raw,96,96,96,96,0.4895833333333333,0.6579861111111112,17.360223266973325,-21.33476757999216,0.0,-11.339502322269041
23,statement,actor_None_statement_02,source_center_noop,96,96,96,96,0.4895833333333333,0.6579861111111112,17.360223266973325,-21.33476757999216,0.0,-11.339502322269041
23,statement,actor_None_statement_02,transductive_center,96,96,96,96,0.6458333333333334,0.6579861111111112,17.360223266973325,-21.33476757999216,21.33476757999216,-11.339502322269041
23,joint,actor_01_statement_01,raw,92,4,92,92,0.5,0.25,17.353099146083704,-6.9666776807145805,0.0,-5.1959954359862985
23,joint,actor_01_statement_01,source_center_noop,92,4,92,92,0.5,0.25,17.353099146083704,-6.9666776807145805,0.0,-5.1959954359862985
23,joint,actor_01_statement_01,independent_center,92,4,92,92,0.5,0.25,17.353099146083704,-6.9666776807145805,6.9666776807145805,-5.1959954359862985
23,joint,actor_01_statement_01,independent_rank1,92,4,92,92,0.5,0.25,17.353099146083704,-6.9666776807145805,6.988514878483088,-5.1959954359862985
23,joint,actor_01_statement_02,raw,92,4,92,92,0.5,1.0,17.353099146083704,-20.465457819022316,0.0,-11.704057623586117
23,joint,actor_01_statement_02,source_center_noop,92,4,92,92,0.5,1.0,17.353099146083704,-20.465457819022316,0.0,-11.704057623586117
23,joint,actor_01_statement_02,independent_center,92,4,92,92,1.0,1.0,17.353099146083704,-20.465457819022316,20.465457819022316,-11.704057623586117
23,joint,actor_01_statement_02,independent_rank1,92,4,92,92,1.0,1.0,17.353099146083704,-20.465457819022316,20.625977913719677,-11.704057623586117
23,joint,actor_02_statement_01,raw,92,4,92,92,0.5,1.0,17.32496135028943,-7.209195323220152,0.0,0.6333979935671646
23,joint,actor_02_statement_01,source_center_noop,92,4,92,92,0.5,1.0,17.32496135028943,-7.209195323220152,0.0,0.6333979935671646
23,joint,actor_02_statement_01,independent_center,92,4,92,92,0.75,1.0,17.32496135028943,-7.209195323220152,7.209195323220152,0.6333979935671646
23,joint,actor_02_statement_01,independent_rank1,92,4,92,92,0.75,1.0,17.32496135028943,-7.209195323220152,6.7764217363173,0.6333979935671646
23,joint,actor_02_statement_02,raw,92,4,92,92,0.5,0.75,17.32496135028943,-23.467683742330898,0.0,-11.46617359009251
23,joint,actor_02_statement_02,source_center_noop,92,4,92,92,0.5,0.75,17.32496135028943,-23.467683742330898,0.0,-11.46617359009251
23,joint,actor_02_statement_02,independent_center,92,4,92,92,0.5,0.75,17.32496135028943,-23.467683742330898,23.467683742330898,-11.46617359009251
23,joint,actor_02_statement_02,independent_rank1,92,4,92,92,0.75,1.0,17.32496135028943,-23.467683742330898,24.632538404886493,-11.46617359009251
23,joint,actor_03_statement_01,raw,92,4,92,92,0.75,1.0,17.32067385415541,-6.107766901748836,0.0,5.3587856765480275
23,joint,actor_03_statement_01,source_center_noop,92,4,92,92,0.75,1.0,17.32067385415541,-6.107766901748836,0.0,5.3587856765480275
23,joint,actor_03_statement_01,independent_center,92,4,92,92,0.75,1.0,17.32067385415541,-6.107766901748836,6.107766901748836,5.3587856765480275
23,joint,actor_03_statement_01,independent_rank1,92,4,92,92,0.75,1.0,17.32067385415541,-6.107766901748836,6.061534470548922,5.3587856765480275
23,joint,actor_03_statement_02,raw,92,4,92,92,0.5,0.0,17.32067385415541,-27.21906742442209,0.0,-1.9319410240490653
23,joint,actor_03_statement_02,source_center_noop,92,4,92,92,0.5,0.0,17.32067385415541,-27.21906742442209,0.0,-1.9319410240490653
23,joint,actor_03_statement_02,independent_center,92,4,92,92,0.25,0.0,17.32067385415541,-27.21906742442209,27.21906742442209,-1.9319410240490653
23,joint,actor_03_statement_02,independent_rank1,92,4,92,92,0.0,0.0,17.32067385415541,-27.21906742442209,28.536583780786664,-1.9319410240490653
23,joint,actor_04_statement_01,raw,92,4,92,92,0.5,0.25,17.334150035759013,-6.425452944810571,0.0,0.7184152709053622
23,joint,actor_04_statement_01,source_center_noop,92,4,92,92,0.5,0.25,17.334150035759013,-6.425452944810571,0.0,0.7184152709053622
23,joint,actor_04_statement_01,independent_center,92,4,92,92,0.25,0.25,17.334150035759013,-6.425452944810571,6.425452944810571,0.7184152709053622
23,joint,actor_04_statement_01,independent_rank1,92,4,92,92,0.25,0.25,17.334150035759013,-6.425452944810571,6.992821884774926,0.7184152709053622
23,joint,actor_04_statement_02,raw,92,4,92,92,0.5,0.75,17.334150035759013,-10.127490707417483,0.0,-5.948373943768203
23,joint,actor_04_statement_02,source_center_noop,92,4,92,92,0.5,0.75,17.334150035759013,-10.127490707417483,0.0,-5.948373943768203
23,joint,actor_04_statement_02,independent_center,92,4,92,92,0.5,0.75,17.334150035759013,-10.127490707417483,10.127490707417483,-5.948373943768203
23,joint,actor_04_statement_02,independent_rank1,92,4,92,92,0.5,0.75,17.334150035759013,-10.127490707417483,10.364873611084104,-5.948373943768203
23,joint,actor_05_statement_01,raw,92,4,92,92,0.5,0.5,17.32656370239928,-9.275317511699654,0.0,-3.870184381917074
23,joint,actor_05_statement_01,source_center_noop,92,4,92,92,0.5,0.5,17.32656370239928,-9.275317511699654,0.0,-3.870184381917074
23,joint,actor_05_statement_01,independent_center,92,4,92,92,0.75,0.5,17.32656370239928,-9.275317511699654,9.275317511699654,-3.870184381917074
23,joint,actor_05_statement_01,independent_rank1,92,4,92,92,0.75,0.5,17.32656370239928,-9.275317511699654,8.728158820296276,-3.870184381917074
23,joint,actor_05_statement_02,raw,92,4,92,92,0.5,0.75,17.32656370239928,7.450107236196327,0.0,-23.98710938167529
23,joint,actor_05_statement_02,source_center_noop,92,4,92,92,0.5,0.75,17.32656370239928,7.450107236196327,0.0,-23.98710938167529
23,joint,actor_05_statement_02,independent_center,92,4,92,92,0.5,0.75,17.32656370239928,7.450107236196327,-7.450107236196327,-23.98710938167529
23,joint,actor_05_statement_02,independent_rank1,92,4,92,92,0.75,0.75,17.32656370239928,7.450107236196327,-7.737972033402758,-23.98710938167529
23,joint,actor_06_statement_01,raw,92,4,92,92,0.5,1.0,17.312286761402383,-7.656134850590798,0.0,1.4749934927075548
23,joint,actor_06_statement_01,source_center_noop,92,4,92,92,0.5,1.0,17.312286761402383,-7.656134850590798,0.0,1.4749934927075548
23,joint,actor_06_statement_01,independent_center,92,4,92,92,1.0,1.0,17.312286761402383,-7.656134850590798,7.656134850590798,1.4749934927075548
23,joint,actor_06_statement_01,independent_rank1,92,4,92,92,1.0,1.0,17.312286761402383,-7.656134850590798,7.930215138256768,1.4749934927075548
23,joint,actor_06_statement_02,raw,92,4,92,92,0.5,1.0,17.312286761402383,-12.426012743388913,0.0,-6.484654657984275
23,joint,actor_06_statement_02,source_center_noop,92,4,92,92,0.5,1.0,17.312286761402383,-12.426012743388913,0.0,-6.484654657984275
23,joint,actor_06_statement_02,independent_center,92,4,92,92,1.0,1.0,17.312286761402383,-12.426012743388913,12.426012743388913,-6.484654657984275
23,joint,actor_06_statement_02,independent_rank1,92,4,92,92,1.0,1.0,17.312286761402383,-12.426012743388913,13.185341330164132,-6.484654657984275
23,joint,actor_07_statement_01,raw,92,4,92,92,0.5,0.0,17.349341052600334,-7.740851825289292,0.0,-0.6287479888154672
23,joint,actor_07_statement_01,source_center_noop,92,4,92,92,0.5,0.0,17.349341052600334,-7.740851825289292,0.0,-0.6287479888154672
23,joint,actor_07_statement_01,independent_center,92,4,92,92,0.0,0.0,17.349341052600334,-7.740851825289292,7.740851825289292,-0.6287479888154672
23,joint,actor_07_statement_01,independent_rank1,92,4,92,92,0.0,0.0,17.349341052600334,-7.740851825289292,7.9995577479919415,-0.6287479888154672
23,joint,actor_07_statement_02,raw,92,4,92,92,0.5,1.0,17.349341052600334,-30.065055370573464,0.0,-15.694649893448705
23,joint,actor_07_statement_02,source_center_noop,92,4,92,92,0.5,1.0,17.349341052600334,-30.065055370573464,0.0,-15.694649893448705
23,joint,actor_07_statement_02,independent_center,92,4,92,92,0.75,1.0,17.349341052600334,-30.065055370573464,30.065055370573464,-15.694649893448705
23,joint,actor_07_statement_02,independent_rank1,92,4,92,92,0.75,1.0,17.349341052600334,-30.065055370573464,30.389519947983803,-15.694649893448705
23,joint,actor_08_statement_01,raw,92,4,92,92,0.5,1.0,17.396429453519033,-6.6246457909224254,0.0,0.988166209740307
23,joint,actor_08_statement_01,source_center_noop,92,4,92,92,0.5,1.0,17.396429453519033,-6.6246457909224254,0.0,0.988166209740307
23,joint,actor_08_statement_01,independent_center,92,4,92,92,1.0,1.0,17.396429453519033,-6.6246457909224254,6.6246457909224254,0.988166209740307
23,joint,actor_08_statement_01,independent_rank1,92,4,92,92,1.0,1.0,17.396429453519033,-6.6246457909224254,6.749888238880579,0.988166209740307
23,joint,actor_08_statement_02,raw,92,4,92,92,0.5,0.5,17.396429453519033,-51.53301300037238,0.0,-10.755763181944083
23,joint,actor_08_statement_02,source_center_noop,92,4,92,92,0.5,0.5,17.396429453519033,-51.53301300037238,0.0,-10.755763181944083
23,joint,actor_08_statement_02,independent_center,92,4,92,92,0.25,0.5,17.396429453519033,-51.53301300037238,51.53301300037238,-10.755763181944083
23,joint,actor_08_statement_02,independent_rank1,92,4,92,92,0.25,0.5,17.396429453519033,-51.53301300037238,49.696073860939514,-10.755763181944083
23,joint,actor_09_statement_01,raw,92,4,92,92,0.5,0.25,17.408510575324094,-6.022552499236383,0.0,0.7777857475641802
23,joint,actor_09_statement_01,source_center_noop,92,4,92,92,0.5,0.25,17.408510575324094,-6.022552499236383,0.0,0.7777857475641802
23,joint,actor_09_statement_01,independent_center,92,4,92,92,0.5,0.25,17.408510575324094,-6.022552499236383,6.022552499236383,0.7777857475641802
23,joint,actor_09_statement_01,independent_rank1,92,4,92,92,0.5,0.5,17.408510575324094,-6.022552499236383,5.998873014100996,0.7777857475641802
23,joint,actor_09_statement_02,raw,92,4,92,92,0.25,0.0,17.408510575324094,-11.98574388166331,0.0,-14.572462177163123
23,joint,actor_09_statement_02,source_center_noop,92,4,92,92,0.25,0.0,17.408510575324094,-11.98574388166331,0.0,-14.572462177163123
23,joint,actor_09_statement_02,independent_center,92,4,92,92,0.25,0.0,17.408510575324094,-11.98574388166331,11.98574388166331,-14.572462177163123
23,joint,actor_09_statement_02,independent_rank1,92,4,92,92,0.25,0.0,17.408510575324094,-11.98574388166331,11.245193424824857,-14.572462177163123
23,joint,actor_10_statement_01,raw,92,4,92,92,0.5,0.5,17.35589903497482,-0.44596485050748313,0.0,10.995059788370055
23,joint,actor_10_statement_01,source_center_noop,92,4,92,92,0.5,0.5,17.35589903497482,-0.44596485050748313,0.0,10.995059788370055
23,joint,actor_10_statement_01,independent_center,92,4,92,92,0.5,0.5,17.35589903497482,-0.44596485050748313,0.44596485050748313,10.995059788370055
23,joint,actor_10_statement_01,independent_rank1,92,4,92,92,0.5,0.5,17.35589903497482,-0.44596485050748313,0.5726405032699895,10.995059788370055
23,joint,actor_10_statement_02,raw,92,4,92,92,0.5,0.5,17.35589903497482,-33.131339343063026,0.0,-9.018512301851494
23,joint,actor_10_statement_02,source_center_noop,92,4,92,92,0.5,0.5,17.35589903497482,-33.131339343063026,0.0,-9.018512301851494
23,joint,actor_10_statement_02,independent_center,92,4,92,92,0.5,0.5,17.35589903497482,-33.131339343063026,33.131339343063026,-9.018512301851494
23,joint,actor_10_statement_02,independent_rank1,92,4,92,92,0.5,0.75,17.35589903497482,-33.131339343063026,33.83691524406647,-9.018512301851494
23,joint,actor_11_statement_01,raw,92,4,92,92,0.5,0.75,17.3265100350909,-6.307377578677777,0.0,-1.5545428883812915
23,joint,actor_11_statement_01,source_center_noop,92,4,92,92,0.5,0.75,17.3265100350909,-6.307377578677777,0.0,-1.5545428883812915
23,joint,actor_11_statement_01,independent_center,92,4,92,92,0.75,0.75,17.3265100350909,-6.307377578677777,6.307377578677777,-1.5545428883812915
23,joint,actor_11_statement_01,independent_rank1,92,4,92,92,0.75,0.75,17.3265100350909,-6.307377578677777,6.258072293839902,-1.5545428883812915
23,joint,actor_11_statement_02,raw,92,4,92,92,0.5,0.75,17.3265100350909,-30.071471186256986,0.0,-10.222725557385887
23,joint,actor_11_statement_02,source_center_noop,92,4,92,92,0.5,0.75,17.3265100350909,-30.071471186256986,0.0,-10.222725557385887
23,joint,actor_11_statement_02,independent_center,92,4,92,92,0.5,0.75,17.3265100350909,-30.071471186256986,30.071471186256986,-10.222725557385887
23,joint,actor_11_statement_02,independent_rank1,92,4,92,92,0.5,1.0,17.3265100350909,-30.071471186256986,31.5992234177066,-10.222725557385887
23,joint,actor_12_statement_01,raw,92,4,92,92,0.5,0.75,17.288708366404773,-4.464998935430772,0.0,4.18878473738411
23,joint,actor_12_statement_01,source_center_noop,92,4,92,92,0.5,0.75,17.288708366404773,-4.464998935430772,0.0,4.18878473738411
23,joint,actor_12_statement_01,independent_center,92,4,92,92,0.75,0.75,17.288708366404773,-4.464998935430772,4.464998935430772,4.18878473738411
23,joint,actor_12_statement_01,independent_rank1,92,4,92,92,0.75,0.75,17.288708366404773,-4.464998935430772,4.550660377203071,4.18878473738411
23,joint,actor_12_statement_02,raw,92,4,92,92,0.5,0.0,17.288708366404773,-38.84035366893664,0.0,-18.13316805404775
23,joint,actor_12_statement_02,source_center_noop,92,4,92,92,0.5,0.0,17.288708366404773,-38.84035366893664,0.0,-18.13316805404775
23,joint,actor_12_statement_02,independent_center,92,4,92,92,0.5,0.0,17.288708366404773,-38.84035366893664,38.84035366893664,-18.13316805404775
23,joint,actor_12_statement_02,independent_rank1,92,4,92,92,0.5,0.0,17.288708366404773,-38.84035366893664,42.505109208679464,-18.13316805404775
23,joint,actor_13_statement_01,raw,92,4,92,92,0.5,0.75,17.322897970924735,-7.297860964192763,0.0,-2.6076423660112
23,joint,actor_13_statement_01,source_center_noop,92,4,92,92,0.5,0.75,17.322897970924735,-7.297860964192763,0.0,-2.6076423660112
23,joint,actor_13_statement_01,independent_center,92,4,92,92,0.75,0.75,17.322897970924735,-7.297860964192763,7.297860964192763,-2.6076423660112
23,joint,actor_13_statement_01,independent_rank1,92,4,92,92,0.75,0.75,17.322897970924735,-7.297860964192763,7.420812330622278,-2.6076423660112
23,joint,actor_13_statement_02,raw,92,4,92,92,0.5,0.0,17.322897970924735,-35.23208541946721,0.0,-1.572751263355594
23,joint,actor_13_statement_02,source_center_noop,92,4,92,92,0.5,0.0,17.322897970924735,-35.23208541946721,0.0,-1.572751263355594
23,joint,actor_13_statement_02,independent_center,92,4,92,92,0.25,0.0,17.322897970924735,-35.23208541946721,35.23208541946721,-1.572751263355594
23,joint,actor_13_statement_02,independent_rank1,92,4,92,92,0.25,0.25,17.322897970924735,-35.23208541946721,36.84980147988021,-1.572751263355594
23,joint,actor_14_statement_01,raw,92,4,92,92,0.5,0.25,17.3938129457971,-7.31723359358758,0.0,1.081733117667605
23,joint,actor_14_statement_01,source_center_noop,92,4,92,92,0.5,0.25,17.3938129457971,-7.31723359358758,0.0,1.081733117667605
23,joint,actor_14_statement_01,independent_center,92,4,92,92,0.5,0.25,17.3938129457971,-7.31723359358758,7.31723359358758,1.081733117667605
23,joint,actor_14_statement_01,independent_rank1,92,4,92,92,0.25,0.25,17.3938129457971,-7.31723359358758,7.745010251386842,1.081733117667605
23,joint,actor_14_statement_02,raw,92,4,92,92,0.5,1.0,17.3938129457971,-14.182728691782103,0.0,-12.33082365748761
23,joint,actor_14_statement_02,source_center_noop,92,4,92,92,0.5,1.0,17.3938129457971,-14.182728691782103,0.0,-12.33082365748761
23,joint,actor_14_statement_02,independent_center,92,4,92,92,0.75,1.0,17.3938129457971,-14.182728691782103,14.182728691782103,-12.33082365748761
23,joint,actor_14_statement_02,independent_rank1,92,4,92,92,0.75,1.0,17.3938129457971,-14.182728691782103,13.519115496087085,-12.33082365748761
23,joint,actor_15_statement_01,raw,92,4,92,92,0.5,0.75,17.36691115181963,-6.483825754675669,0.0,1.256691386981706
23,joint,actor_15_statement_01,source_center_noop,92,4,92,92,0.5,0.75,17.36691115181963,-6.483825754675669,0.0,1.256691386981706
23,joint,actor_15_statement_01,independent_center,92,4,92,92,0.5,0.75,17.36691115181963,-6.483825754675669,6.483825754675669,1.256691386981706
23,joint,actor_15_statement_01,independent_rank1,92,4,92,92,0.5,0.75,17.36691115181963,-6.483825754675669,6.181019131411951,1.256691386981706
23,joint,actor_15_statement_02,raw,92,4,92,92,0.5,0.25,17.36691115181963,-17.126198822648924,0.0,-10.581599398182139
23,joint,actor_15_statement_02,source_center_noop,92,4,92,92,0.5,0.25,17.36691115181963,-17.126198822648924,0.0,-10.581599398182139
23,joint,actor_15_statement_02,independent_center,92,4,92,92,0.25,0.25,17.36691115181963,-17.126198822648924,17.126198822648924,-10.581599398182139
23,joint,actor_15_statement_02,independent_rank1,92,4,92,92,0.25,0.5,17.36691115181963,-17.126198822648924,16.918720071476454,-10.581599398182139
23,joint,actor_16_statement_01,raw,92,4,92,92,0.5,0.0,17.352996492617283,-4.552994601948025,0.0,-1.657879895113179
23,joint,actor_16_statement_01,source_center_noop,92,4,92,92,0.5,0.0,17.352996492617283,-4.552994601948025,0.0,-1.657879895113179
23,joint,actor_16_statement_01,independent_center,92,4,92,92,0.25,0.0,17.352996492617283,-4.552994601948025,4.552994601948025,-1.657879895113179
23,joint,actor_16_statement_01,independent_rank1,92,4,92,92,0.25,0.0,17.352996492617283,-4.552994601948025,4.389627944977616,-1.657879895113179
23,joint,actor_16_statement_02,raw,92,4,92,92,0.75,1.0,17.352996492617283,-5.900243670726805,0.0,-14.79414838257439
23,joint,actor_16_statement_02,source_center_noop,92,4,92,92,0.75,1.0,17.352996492617283,-5.900243670726805,0.0,-14.79414838257439
23,joint,actor_16_statement_02,independent_center,92,4,92,92,0.75,1.0,17.352996492617283,-5.900243670726805,5.900243670726805,-14.79414838257439
23,joint,actor_16_statement_02,independent_rank1,92,4,92,92,0.75,1.0,17.352996492617283,-5.900243670726805,5.814128718283418,-14.79414838257439
23,joint,actor_17_statement_01,raw,92,4,92,92,0.5,0.5,17.40636593498214,-6.163752987653082,0.0,0.02833013374562257
23,joint,actor_17_statement_01,source_center_noop,92,4,92,92,0.5,0.5,17.40636593498214,-6.163752987653082,0.0,0.02833013374562257
23,joint,actor_17_statement_01,independent_center,92,4,92,92,0.25,0.5,17.40636593498214,-6.163752987653082,6.163752987653082,0.02833013374562257
23,joint,actor_17_statement_01,independent_rank1,92,4,92,92,0.25,0.5,17.40636593498214,-6.163752987653082,6.226184510171132,0.02833013374562257
23,joint,actor_17_statement_02,raw,92,4,92,92,0.5,1.0,17.40636593498214,-29.175924984952818,0.0,-14.673098259312244
23,joint,actor_17_statement_02,source_center_noop,92,4,92,92,0.5,1.0,17.40636593498214,-29.175924984952818,0.0,-14.673098259312244
23,joint,actor_17_statement_02,independent_center,92,4,92,92,0.75,1.0,17.40636593498214,-29.175924984952818,29.175924984952818,-14.673098259312244
23,joint,actor_17_statement_02,independent_rank1,92,4,92,92,0.75,1.0,17.40636593498214,-29.175924984952818,27.438253643482355,-14.673098259312244
23,joint,actor_18_statement_01,raw,92,4,92,92,0.5,1.0,17.529279253901507,-43.112178759716116,0.0,-37.097743351198154
23,joint,actor_18_statement_01,source_center_noop,92,4,92,92,0.5,1.0,17.529279253901507,-43.112178759716116,0.0,-37.097743351198154
23,joint,actor_18_statement_01,independent_center,92,4,92,92,1.0,1.0,17.529279253901507,-43.112178759716116,43.112178759716116,-37.097743351198154
23,joint,actor_18_statement_01,independent_rank1,92,4,92,92,1.0,1.0,17.529279253901507,-43.112178759716116,44.1739554140789,-37.097743351198154
23,joint,actor_18_statement_02,raw,92,4,92,92,0.5,1.0,17.529279253901507,-22.58253478365086,0.0,-16.35371268800963
23,joint,actor_18_statement_02,source_center_noop,92,4,92,92,0.5,1.0,17.529279253901507,-22.58253478365086,0.0,-16.35371268800963
23,joint,actor_18_statement_02,independent_center,92,4,92,92,1.0,1.0,17.529279253901507,-22.58253478365086,22.58253478365086,-16.35371268800963
23,joint,actor_18_statement_02,independent_rank1,92,4,92,92,0.75,0.75,17.529279253901507,-22.58253478365086,17.234965999222737,-16.35371268800963
23,joint,actor_19_statement_01,raw,92,4,92,92,0.25,0.0,17.341807046240703,-0.949535325727938,0.0,2.8375096565301536
23,joint,actor_19_statement_01,source_center_noop,92,4,92,92,0.25,0.0,17.341807046240703,-0.949535325727938,0.0,2.8375096565301536
23,joint,actor_19_statement_01,independent_center,92,4,92,92,0.0,0.0,17.341807046240703,-0.949535325727938,0.949535325727938,2.8375096565301536
23,joint,actor_19_statement_01,independent_rank1,92,4,92,92,0.0,0.0,17.341807046240703,-0.949535325727938,1.0260823401503996,2.8375096565301536
23,joint,actor_19_statement_02,raw,92,4,92,92,0.5,0.75,17.341807046240703,-18.97594125604871,0.0,-9.924777733266101
23,joint,actor_19_statement_02,source_center_noop,92,4,92,92,0.5,0.75,17.341807046240703,-18.97594125604871,0.0,-9.924777733266101
23,joint,actor_19_statement_02,independent_center,92,4,92,92,0.75,0.75,17.341807046240703,-18.97594125604871,18.97594125604871,-9.924777733266101
23,joint,actor_19_statement_02,independent_rank1,92,4,92,92,0.75,0.75,17.341807046240703,-18.97594125604871,19.34514063235105,-9.924777733266101
23,joint,actor_20_statement_01,raw,92,4,92,92,0.5,0.5,17.448381913129545,-12.836974899877601,0.0,-11.219656223431215
23,joint,actor_20_statement_01,source_center_noop,92,4,92,92,0.5,0.5,17.448381913129545,-12.836974899877601,0.0,-11.219656223431215
23,joint,actor_20_statement_01,independent_center,92,4,92,92,0.75,0.5,17.448381913129545,-12.836974899877601,12.836974899877601,-11.219656223431215
23,joint,actor_20_statement_01,independent_rank1,92,4,92,92,0.75,0.75,17.448381913129545,-12.836974899877601,12.695030161840336,-11.219656223431215
23,joint,actor_20_statement_02,raw,92,4,92,92,0.5,0.0,17.448381913129545,-17.975194848407,0.0,-12.424924118629699
23,joint,actor_20_statement_02,source_center_noop,92,4,92,92,0.5,0.0,17.448381913129545,-17.975194848407,0.0,-12.424924118629699
23,joint,actor_20_statement_02,independent_center,92,4,92,92,0.25,0.0,17.448381913129545,-17.975194848407,17.975194848407,-12.424924118629699
23,joint,actor_20_statement_02,independent_rank1,92,4,92,92,0.5,0.25,17.448381913129545,-17.975194848407,16.25874194730661,-12.424924118629699
23,joint,actor_21_statement_01,raw,92,4,92,92,0.5,1.0,17.319310123681802,-6.25808406143103,0.0,3.2369710525361346
23,joint,actor_21_statement_01,source_center_noop,92,4,92,92,0.5,1.0,17.319310123681802,-6.25808406143103,0.0,3.2369710525361346
23,joint,actor_21_statement_01,independent_center,92,4,92,92,0.75,1.0,17.319310123681802,-6.25808406143103,6.25808406143103,3.2369710525361346
23,joint,actor_21_statement_01,independent_rank1,92,4,92,92,0.75,1.0,17.319310123681802,-6.25808406143103,5.624129936151603,3.2369710525361346
23,joint,actor_21_statement_02,raw,92,4,92,92,0.5,1.0,17.319310123681802,-14.689454556221559,0.0,-16.665137152506265
23,joint,actor_21_statement_02,source_center_noop,92,4,92,92,0.5,1.0,17.319310123681802,-14.689454556221559,0.0,-16.665137152506265
23,joint,actor_21_statement_02,independent_center,92,4,92,92,0.75,1.0,17.319310123681802,-14.689454556221559,14.689454556221559,-16.665137152506265
23,joint,actor_21_statement_02,independent_rank1,92,4,92,92,0.75,1.0,17.319310123681802,-14.689454556221559,15.613417793104617,-16.665137152506265
23,joint,actor_22_statement_01,raw,92,4,92,92,0.5,1.0,17.343995152168286,-8.105278853432107,0.0,-2.1763286174743595
23,joint,actor_22_statement_01,source_center_noop,92,4,92,92,0.5,1.0,17.343995152168286,-8.105278853432107,0.0,-2.1763286174743595
23,joint,actor_22_statement_01,independent_center,92,4,92,92,0.75,1.0,17.343995152168286,-8.105278853432107,8.105278853432107,-2.1763286174743595
23,joint,actor_22_statement_01,independent_rank1,92,4,92,92,0.75,1.0,17.343995152168286,-8.105278853432107,8.212996876296646,-2.1763286174743595
23,joint,actor_22_statement_02,raw,92,4,92,92,0.5,1.0,17.343995152168286,-18.841068969397135,0.0,-10.921319493525077
23,joint,actor_22_statement_02,source_center_noop,92,4,92,92,0.5,1.0,17.343995152168286,-18.841068969397135,0.0,-10.921319493525077
23,joint,actor_22_statement_02,independent_center,92,4,92,92,1.0,1.0,17.343995152168286,-18.841068969397135,18.841068969397135,-10.921319493525077
23,joint,actor_22_statement_02,independent_rank1,92,4,92,92,1.0,1.0,17.343995152168286,-18.841068969397135,19.4020846321188,-10.921319493525077
23,joint,actor_23_statement_01,raw,92,4,92,92,0.5,0.5,17.358450669978534,-7.9563477125756545,0.0,3.5908056092033656
23,joint,actor_23_statement_01,source_center_noop,92,4,92,92,0.5,0.5,17.358450669978534,-7.9563477125756545,0.0,3.5908056092033656
23,joint,actor_23_statement_01,independent_center,92,4,92,92,0.75,0.5,17.358450669978534,-7.9563477125756545,7.9563477125756545,3.5908056092033656
23,joint,actor_23_statement_01,independent_rank1,92,4,92,92,0.75,1.0,17.358450669978534,-7.9563477125756545,8.195491639136794,3.5908056092033656
23,joint,actor_23_statement_02,raw,92,4,92,92,0.75,0.75,17.358450669978534,-4.353052583209358,0.0,0.06774479786816134
23,joint,actor_23_statement_02,source_center_noop,92,4,92,92,0.75,0.75,17.358450669978534,-4.353052583209358,0.0,0.06774479786816134
23,joint,actor_23_statement_02,independent_center,92,4,92,92,0.75,0.75,17.358450669978534,-4.353052583209358,4.353052583209358,0.06774479786816134
23,joint,actor_23_statement_02,independent_rank1,92,4,92,92,0.5,0.5,17.358450669978534,-4.353052583209358,4.126301505692461,0.06774479786816134
23,joint,actor_24_statement_01,raw,92,4,92,92,0.5,0.75,17.36617666053547,-5.9044533648308155,0.0,7.970342544656363
23,joint,actor_24_statement_01,source_center_noop,92,4,92,92,0.5,0.75,17.36617666053547,-5.9044533648308155,0.0,7.970342544656363
23,joint,actor_24_statement_01,independent_center,92,4,92,92,0.5,0.75,17.36617666053547,-5.9044533648308155,5.9044533648308155,7.970342544656363
23,joint,actor_24_statement_01,independent_rank1,92,4,92,92,0.75,0.75,17.36617666053547,-5.9044533648308155,5.262458122522135,7.970342544656363
23,joint,actor_24_statement_02,raw,92,4,92,92,0.5,1.0,17.36617666053547,-31.550005111942554,0.0,-17.919270925492686
23,joint,actor_24_statement_02,source_center_noop,92,4,92,92,0.5,1.0,17.36617666053547,-31.550005111942554,0.0,-17.919270925492686
23,joint,actor_24_statement_02,independent_center,92,4,92,92,1.0,1.0,17.36617666053547,-31.550005111942554,31.550005111942554,-17.919270925492686
23,joint,actor_24_statement_02,independent_rank1,92,4,92,92,1.0,1.0,17.36617666053547,-31.550005111942554,30.915524714889465,-17.919270925492686
