layer,regime,fold,condition,sample_id,actor,statement,emotion,score
18,statement,actor_None_statement_01,raw,pair_0000_happy,01,01,happy,-4.419987863285655
18,statement,actor_None_statement_01,raw,pair_0000_sad,01,01,sad,-9.156936777140306
18,statement,actor_None_statement_01,raw,pair_0001_happy,01,01,happy,-13.081288260805053
18,statement,actor_None_statement_01,raw,pair_0001_sad,01,01,sad,-3.822153279756918
18,statement,actor_None_statement_01,raw,pair_0004_happy,02,01,happy,-7.998199919238292
18,statement,actor_None_statement_01,raw,pair_0004_sad,02,01,sad,-8.39041179167205
18,statement,actor_None_statement_01,raw,pair_0005_happy,02,01,happy,-10.80159717243712
18,statement,actor_None_statement_01,raw,pair_0005_sad,02,01,sad,-4.050997064469215
18,statement,actor_None_statement_01,raw,pair_0008_happy,03,01,happy,-9.994922151953322
18,statement,actor_None_statement_01,raw,pair_0008_sad,03,01,sad,-9.802981193606662
18,statement,actor_None_statement_01,raw,pair_0009_happy,03,01,happy,-8.006070739044713
18,statement,actor_None_statement_01,raw,pair_0009_sad,03,01,sad,-5.87666784101377
18,statement,actor_None_statement_01,raw,pair_0012_happy,04,01,happy,-10.905525063115313
18,statement,actor_None_statement_01,raw,pair_0012_sad,04,01,sad,-10.311873703545398
18,statement,actor_None_statement_01,raw,pair_0013_happy,04,01,happy,-5.184870969137513
18,statement,actor_None_statement_01,raw,pair_0013_sad,04,01,sad,-8.150544675032052
18,statement,actor_None_statement_01,raw,pair_0016_happy,05,01,happy,-17.424022631440433
18,statement,actor_None_statement_01,raw,pair_0016_sad,05,01,sad,-17.36635668537518
18,statement,actor_None_statement_01,raw,pair_0017_happy,05,01,happy,-10.852090054291104
18,statement,actor_None_statement_01,raw,pair_0017_sad,05,01,sad,-12.93023812855225
18,statement,actor_None_statement_01,raw,pair_0020_happy,06,01,happy,-10.805104351414052
18,statement,actor_None_statement_01,raw,pair_0020_sad,06,01,sad,-14.607039502976628
18,statement,actor_None_statement_01,raw,pair_0021_happy,06,01,happy,-0.49207127983249777
18,statement,actor_None_statement_01,raw,pair_0021_sad,06,01,sad,-12.257696942046802
18,statement,actor_None_statement_01,raw,pair_0024_happy,07,01,happy,-8.068645316089675
18,statement,actor_None_statement_01,raw,pair_0024_sad,07,01,sad,-7.948110659456294
18,statement,actor_None_statement_01,raw,pair_0025_happy,07,01,happy,-6.296368438323924
18,statement,actor_None_statement_01,raw,pair_0025_sad,07,01,sad,-11.226860709939594
18,statement,actor_None_statement_01,raw,pair_0028_happy,08,01,happy,-14.282544344408599
18,statement,actor_None_statement_01,raw,pair_0028_sad,08,01,sad,-28.566000949200777
18,statement,actor_None_statement_01,raw,pair_0029_happy,08,01,happy,-9.488363180815508
18,statement,actor_None_statement_01,raw,pair_0029_sad,08,01,sad,-23.819526826266852
18,statement,actor_None_statement_01,raw,pair_0032_happy,09,01,happy,-5.994719208876745
18,statement,actor_None_statement_01,raw,pair_0032_sad,09,01,sad,-5.587475142452622
18,statement,actor_None_statement_01,raw,pair_0033_happy,09,01,happy,-10.085818879712292
18,statement,actor_None_statement_01,raw,pair_0033_sad,09,01,sad,-5.564468621715161
18,statement,actor_None_statement_01,raw,pair_0036_happy,10,01,happy,-13.081382558283943
18,statement,actor_None_statement_01,raw,pair_0036_sad,10,01,sad,-8.712349494331917
18,statement,actor_None_statement_01,raw,pair_0037_happy,10,01,happy,-5.933656515005556
18,statement,actor_None_statement_01,raw,pair_0037_sad,10,01,sad,-13.44813283999833
18,statement,actor_None_statement_01,raw,pair_0040_happy,11,01,happy,-7.888839552426724
18,statement,actor_None_statement_01,raw,pair_0040_sad,11,01,sad,-2.805826365902046
18,statement,actor_None_statement_01,raw,pair_0041_happy,11,01,happy,-17.135174776017323
18,statement,actor_None_statement_01,raw,pair_0041_sad,11,01,sad,-9.249409903208651
18,statement,actor_None_statement_01,raw,pair_0044_happy,12,01,happy,-7.318294256748963
18,statement,actor_None_statement_01,raw,pair_0044_sad,12,01,sad,-6.642527207465712
18,statement,actor_None_statement_01,raw,pair_0045_happy,12,01,happy,-4.1669099034566806
18,statement,actor_None_statement_01,raw,pair_0045_sad,12,01,sad,-9.804691227951462
18,statement,actor_None_statement_01,raw,pair_0048_happy,13,01,happy,-16.03046980292489
18,statement,actor_None_statement_01,raw,pair_0048_sad,13,01,sad,-11.044376925871852
18,statement,actor_None_statement_01,raw,pair_0049_happy,13,01,happy,-0.9259845305136523
18,statement,actor_None_statement_01,raw,pair_0049_sad,13,01,sad,-12.469180738691279
18,statement,actor_None_statement_01,raw,pair_0052_happy,14,01,happy,-9.540396496027178
18,statement,actor_None_statement_01,raw,pair_0052_sad,14,01,sad,-6.464446172420885
18,statement,actor_None_statement_01,raw,pair_0053_happy,14,01,happy,-9.644479456442951
18,statement,actor_None_statement_01,raw,pair_0053_sad,14,01,sad,-8.896773872312252
18,statement,actor_None_statement_01,raw,pair_0056_happy,15,01,happy,-9.234589958338699
18,statement,actor_None_statement_01,raw,pair_0056_sad,15,01,sad,-22.03313766819711
18,statement,actor_None_statement_01,raw,pair_0057_happy,15,01,happy,-9.065160223692054
18,statement,actor_None_statement_01,raw,pair_0057_sad,15,01,sad,-10.202537982557182
18,statement,actor_None_statement_01,raw,pair_0060_happy,16,01,happy,-4.989053118008609
18,statement,actor_None_statement_01,raw,pair_0060_sad,16,01,sad,-8.177246649547541
18,statement,actor_None_statement_01,raw,pair_0061_happy,16,01,happy,-5.463923690468306
18,statement,actor_None_statement_01,raw,pair_0061_sad,16,01,sad,-8.84223617177804
18,statement,actor_None_statement_01,raw,pair_0064_happy,17,01,happy,-6.204127607581981
18,statement,actor_None_statement_01,raw,pair_0064_sad,17,01,sad,-2.029770710418859
18,statement,actor_None_statement_01,raw,pair_0065_happy,17,01,happy,-14.48578075833451
18,statement,actor_None_statement_01,raw,pair_0065_sad,17,01,sad,-14.644174926307924
18,statement,actor_None_statement_01,raw,pair_0068_happy,18,01,happy,-1.900466819900938
18,statement,actor_None_statement_01,raw,pair_0068_sad,18,01,sad,-4.037968251518372
18,statement,actor_None_statement_01,raw,pair_0069_happy,18,01,happy,-19.664667904384387
18,statement,actor_None_statement_01,raw,pair_0069_sad,18,01,sad,0.44911156550902476
18,statement,actor_None_statement_01,raw,pair_0072_happy,19,01,happy,-4.1307673207852815
18,statement,actor_None_statement_01,raw,pair_0072_sad,19,01,sad,-4.410070619211652
18,statement,actor_None_statement_01,raw,pair_0073_happy,19,01,happy,-1.203690170891786
18,statement,actor_None_statement_01,raw,pair_0073_sad,19,01,sad,-11.356429026509037
18,statement,actor_None_statement_01,raw,pair_0076_happy,20,01,happy,-2.6121126750673724
18,statement,actor_None_statement_01,raw,pair_0076_sad,20,01,sad,-21.327593282608813
18,statement,actor_None_statement_01,raw,pair_0077_happy,20,01,happy,-13.141376931563356
18,statement,actor_None_statement_01,raw,pair_0077_sad,20,01,sad,-6.432349229506858
18,statement,actor_None_statement_01,raw,pair_0080_happy,21,01,happy,-11.024574916778487
18,statement,actor_None_statement_01,raw,pair_0080_sad,21,01,sad,-9.301381565956731
18,statement,actor_None_statement_01,raw,pair_0081_happy,21,01,happy,-6.491120969197272
18,statement,actor_None_statement_01,raw,pair_0081_sad,21,01,sad,-9.261063045775053
18,statement,actor_None_statement_01,raw,pair_0084_happy,22,01,happy,-6.767693898936368
18,statement,actor_None_statement_01,raw,pair_0084_sad,22,01,sad,-5.0705763373521435
18,statement,actor_None_statement_01,raw,pair_0085_happy,22,01,happy,-6.280509321318114
18,statement,actor_None_statement_01,raw,pair_0085_sad,22,01,sad,-5.882253660381419
18,statement,actor_None_statement_01,raw,pair_0088_happy,23,01,happy,-13.254077752879539
18,statement,actor_None_statement_01,raw,pair_0088_sad,23,01,sad,-21.436825082704
18,statement,actor_None_statement_01,raw,pair_0089_happy,23,01,happy,-8.9518865178769
18,statement,actor_None_statement_01,raw,pair_0089_sad,23,01,sad,-21.602575785434915
18,statement,actor_None_statement_01,raw,pair_0092_happy,24,01,happy,-10.292504501219977
18,statement,actor_None_statement_01,raw,pair_0092_sad,24,01,sad,-13.626155483449688
18,statement,actor_None_statement_01,raw,pair_0093_happy,24,01,happy,-10.649610701086907
18,statement,actor_None_statement_01,raw,pair_0093_sad,24,01,sad,-11.876995885070532
18,statement,actor_None_statement_01,source_center_noop,pair_0000_happy,01,01,happy,-4.419987863285655
18,statement,actor_None_statement_01,source_center_noop,pair_0000_sad,01,01,sad,-9.156936777140306
18,statement,actor_None_statement_01,source_center_noop,pair_0001_happy,01,01,happy,-13.081288260805053
18,statement,actor_None_statement_01,source_center_noop,pair_0001_sad,01,01,sad,-3.822153279756918
18,statement,actor_None_statement_01,source_center_noop,pair_0004_happy,02,01,happy,-7.998199919238292
18,statement,actor_None_statement_01,source_center_noop,pair_0004_sad,02,01,sad,-8.39041179167205
18,statement,actor_None_statement_01,source_center_noop,pair_0005_happy,02,01,happy,-10.80159717243712
18,statement,actor_None_statement_01,source_center_noop,pair_0005_sad,02,01,sad,-4.050997064469215
18,statement,actor_None_statement_01,source_center_noop,pair_0008_happy,03,01,happy,-9.994922151953322
18,statement,actor_None_statement_01,source_center_noop,pair_0008_sad,03,01,sad,-9.802981193606662
18,statement,actor_None_statement_01,source_center_noop,pair_0009_happy,03,01,happy,-8.006070739044713
18,statement,actor_None_statement_01,source_center_noop,pair_0009_sad,03,01,sad,-5.87666784101377
18,statement,actor_None_statement_01,source_center_noop,pair_0012_happy,04,01,happy,-10.905525063115313
18,statement,actor_None_statement_01,source_center_noop,pair_0012_sad,04,01,sad,-10.311873703545398
18,statement,actor_None_statement_01,source_center_noop,pair_0013_happy,04,01,happy,-5.184870969137513
18,statement,actor_None_statement_01,source_center_noop,pair_0013_sad,04,01,sad,-8.150544675032052
18,statement,actor_None_statement_01,source_center_noop,pair_0016_happy,05,01,happy,-17.424022631440433
18,statement,actor_None_statement_01,source_center_noop,pair_0016_sad,05,01,sad,-17.36635668537518
18,statement,actor_None_statement_01,source_center_noop,pair_0017_happy,05,01,happy,-10.852090054291104
18,statement,actor_None_statement_01,source_center_noop,pair_0017_sad,05,01,sad,-12.93023812855225
18,statement,actor_None_statement_01,source_center_noop,pair_0020_happy,06,01,happy,-10.805104351414052
18,statement,actor_None_statement_01,source_center_noop,pair_0020_sad,06,01,sad,-14.607039502976628
18,statement,actor_None_statement_01,source_center_noop,pair_0021_happy,06,01,happy,-0.49207127983249777
18,statement,actor_None_statement_01,source_center_noop,pair_0021_sad,06,01,sad,-12.257696942046802
18,statement,actor_None_statement_01,source_center_noop,pair_0024_happy,07,01,happy,-8.068645316089675
18,statement,actor_None_statement_01,source_center_noop,pair_0024_sad,07,01,sad,-7.948110659456294
18,statement,actor_None_statement_01,source_center_noop,pair_0025_happy,07,01,happy,-6.296368438323924
18,statement,actor_None_statement_01,source_center_noop,pair_0025_sad,07,01,sad,-11.226860709939594
18,statement,actor_None_statement_01,source_center_noop,pair_0028_happy,08,01,happy,-14.282544344408599
18,statement,actor_None_statement_01,source_center_noop,pair_0028_sad,08,01,sad,-28.566000949200777
18,statement,actor_None_statement_01,source_center_noop,pair_0029_happy,08,01,happy,-9.488363180815508
18,statement,actor_None_statement_01,source_center_noop,pair_0029_sad,08,01,sad,-23.819526826266852
18,statement,actor_None_statement_01,source_center_noop,pair_0032_happy,09,01,happy,-5.994719208876745
18,statement,actor_None_statement_01,source_center_noop,pair_0032_sad,09,01,sad,-5.587475142452622
18,statement,actor_None_statement_01,source_center_noop,pair_0033_happy,09,01,happy,-10.085818879712292
18,statement,actor_None_statement_01,source_center_noop,pair_0033_sad,09,01,sad,-5.564468621715161
18,statement,actor_None_statement_01,source_center_noop,pair_0036_happy,10,01,happy,-13.081382558283943
18,statement,actor_None_statement_01,source_center_noop,pair_0036_sad,10,01,sad,-8.712349494331917
18,statement,actor_None_statement_01,source_center_noop,pair_0037_happy,10,01,happy,-5.933656515005556
18,statement,actor_None_statement_01,source_center_noop,pair_0037_sad,10,01,sad,-13.44813283999833
18,statement,actor_None_statement_01,source_center_noop,pair_0040_happy,11,01,happy,-7.888839552426724
18,statement,actor_None_statement_01,source_center_noop,pair_0040_sad,11,01,sad,-2.805826365902046
18,statement,actor_None_statement_01,source_center_noop,pair_0041_happy,11,01,happy,-17.135174776017323
18,statement,actor_None_statement_01,source_center_noop,pair_0041_sad,11,01,sad,-9.249409903208651
18,statement,actor_None_statement_01,source_center_noop,pair_0044_happy,12,01,happy,-7.318294256748963
18,statement,actor_None_statement_01,source_center_noop,pair_0044_sad,12,01,sad,-6.642527207465712
18,statement,actor_None_statement_01,source_center_noop,pair_0045_happy,12,01,happy,-4.1669099034566806
18,statement,actor_None_statement_01,source_center_noop,pair_0045_sad,12,01,sad,-9.804691227951462
18,statement,actor_None_statement_01,source_center_noop,pair_0048_happy,13,01,happy,-16.03046980292489
18,statement,actor_None_statement_01,source_center_noop,pair_0048_sad,13,01,sad,-11.044376925871852
18,statement,actor_None_statement_01,source_center_noop,pair_0049_happy,13,01,happy,-0.9259845305136523
18,statement,actor_None_statement_01,source_center_noop,pair_0049_sad,13,01,sad,-12.469180738691279
18,statement,actor_None_statement_01,source_center_noop,pair_0052_happy,14,01,happy,-9.540396496027178
18,statement,actor_None_statement_01,source_center_noop,pair_0052_sad,14,01,sad,-6.464446172420885
18,statement,actor_None_statement_01,source_center_noop,pair_0053_happy,14,01,happy,-9.644479456442951
18,statement,actor_None_statement_01,source_center_noop,pair_0053_sad,14,01,sad,-8.896773872312252
18,statement,actor_None_statement_01,source_center_noop,pair_0056_happy,15,01,happy,-9.234589958338699
18,statement,actor_None_statement_01,source_center_noop,pair_0056_sad,15,01,sad,-22.03313766819711
18,statement,actor_None_statement_01,source_center_noop,pair_0057_happy,15,01,happy,-9.065160223692054
18,statement,actor_None_statement_01,source_center_noop,pair_0057_sad,15,01,sad,-10.202537982557182
18,statement,actor_None_statement_01,source_center_noop,pair_0060_happy,16,01,happy,-4.989053118008609
18,statement,actor_None_statement_01,source_center_noop,pair_0060_sad,16,01,sad,-8.177246649547541
18,statement,actor_None_statement_01,source_center_noop,pair_0061_happy,16,01,happy,-5.463923690468306
18,statement,actor_None_statement_01,source_center_noop,pair_0061_sad,16,01,sad,-8.84223617177804
18,statement,actor_None_statement_01,source_center_noop,pair_0064_happy,17,01,happy,-6.204127607581981
18,statement,actor_None_statement_01,source_center_noop,pair_0064_sad,17,01,sad,-2.029770710418859
18,statement,actor_None_statement_01,source_center_noop,pair_0065_happy,17,01,happy,-14.48578075833451
18,statement,actor_None_statement_01,source_center_noop,pair_0065_sad,17,01,sad,-14.644174926307924
18,statement,actor_None_statement_01,source_center_noop,pair_0068_happy,18,01,happy,-1.900466819900938
18,statement,actor_None_statement_01,source_center_noop,pair_0068_sad,18,01,sad,-4.037968251518372
18,statement,actor_None_statement_01,source_center_noop,pair_0069_happy,18,01,happy,-19.664667904384387
18,statement,actor_None_statement_01,source_center_noop,pair_0069_sad,18,01,sad,0.44911156550902476
18,statement,actor_None_statement_01,source_center_noop,pair_0072_happy,19,01,happy,-4.1307673207852815
18,statement,actor_None_statement_01,source_center_noop,pair_0072_sad,19,01,sad,-4.410070619211652
18,statement,actor_None_statement_01,source_center_noop,pair_0073_happy,19,01,happy,-1.203690170891786
18,statement,actor_None_statement_01,source_center_noop,pair_0073_sad,19,01,sad,-11.356429026509037
18,statement,actor_None_statement_01,source_center_noop,pair_0076_happy,20,01,happy,-2.6121126750673724
18,statement,actor_None_statement_01,source_center_noop,pair_0076_sad,20,01,sad,-21.327593282608813
18,statement,actor_None_statement_01,source_center_noop,pair_0077_happy,20,01,happy,-13.141376931563356
18,statement,actor_None_statement_01,source_center_noop,pair_0077_sad,20,01,sad,-6.432349229506858
18,statement,actor_None_statement_01,source_center_noop,pair_0080_happy,21,01,happy,-11.024574916778487
18,statement,actor_None_statement_01,source_center_noop,pair_0080_sad,21,01,sad,-9.301381565956731
18,statement,actor_None_statement_01,source_center_noop,pair_0081_happy,21,01,happy,-6.491120969197272
18,statement,actor_None_statement_01,source_center_noop,pair_0081_sad,21,01,sad,-9.261063045775053
18,statement,actor_None_statement_01,source_center_noop,pair_0084_happy,22,01,happy,-6.767693898936368
18,statement,actor_None_statement_01,source_center_noop,pair_0084_sad,22,01,sad,-5.0705763373521435
18,statement,actor_None_statement_01,source_center_noop,pair_0085_happy,22,01,happy,-6.280509321318114
18,statement,actor_None_statement_01,source_center_noop,pair_0085_sad,22,01,sad,-5.882253660381419
18,statement,actor_None_statement_01,source_center_noop,pair_0088_happy,23,01,happy,-13.254077752879539
18,statement,actor_None_statement_01,source_center_noop,pair_0088_sad,23,01,sad,-21.436825082704
18,statement,actor_None_statement_01,source_center_noop,pair_0089_happy,23,01,happy,-8.9518865178769
18,statement,actor_None_statement_01,source_center_noop,pair_0089_sad,23,01,sad,-21.602575785434915
18,statement,actor_None_statement_01,source_center_noop,pair_0092_happy,24,01,happy,-10.292504501219977
18,statement,actor_None_statement_01,source_center_noop,pair_0092_sad,24,01,sad,-13.626155483449688
18,statement,actor_None_statement_01,source_center_noop,pair_0093_happy,24,01,happy,-10.649610701086907
18,statement,actor_None_statement_01,source_center_noop,pair_0093_sad,24,01,sad,-11.876995885070532
18,statement,actor_None_statement_01,transductive_center,pair_0000_happy,01,01,happy,5.209855397935593
18,statement,actor_None_statement_01,transductive_center,pair_0000_sad,01,01,sad,0.4729064840809425
18,statement,actor_None_statement_01,transductive_center,pair_0001_happy,01,01,happy,-3.4514449995838046
18,statement,actor_None_statement_01,transductive_center,pair_0001_sad,01,01,sad,5.80768998146433
18,statement,actor_None_statement_01,transductive_center,pair_0004_happy,02,01,happy,1.6316433419829561
18,statement,actor_None_statement_01,transductive_center,pair_0004_sad,02,01,sad,1.2394314695491975
18,statement,actor_None_statement_01,transductive_center,pair_0005_happy,02,01,happy,-1.1717539112158715
18,statement,actor_None_statement_01,transductive_center,pair_0005_sad,02,01,sad,5.578846196752034
18,statement,actor_None_statement_01,transductive_center,pair_0008_happy,03,01,happy,-0.36507889073207345
18,statement,actor_None_statement_01,transductive_center,pair_0008_sad,03,01,sad,-0.17313793238541386
18,statement,actor_None_statement_01,transductive_center,pair_0009_happy,03,01,happy,1.6237725221765356
18,statement,actor_None_statement_01,transductive_center,pair_0009_sad,03,01,sad,3.7531754202074783
18,statement,actor_None_statement_01,transductive_center,pair_0012_happy,04,01,happy,-1.2756818018940645
18,statement,actor_None_statement_01,transductive_center,pair_0012_sad,04,01,sad,-0.6820304423241499
18,statement,actor_None_statement_01,transductive_center,pair_0013_happy,04,01,happy,4.444972292083735
18,statement,actor_None_statement_01,transductive_center,pair_0013_sad,04,01,sad,1.4792985861891967
18,statement,actor_None_statement_01,transductive_center,pair_0016_happy,05,01,happy,-7.794179370219185
18,statement,actor_None_statement_01,transductive_center,pair_0016_sad,05,01,sad,-7.736513424153932
18,statement,actor_None_statement_01,transductive_center,pair_0017_happy,05,01,happy,-1.2222467930698553
18,statement,actor_None_statement_01,transductive_center,pair_0017_sad,05,01,sad,-3.3003948673310024
18,statement,actor_None_statement_01,transductive_center,pair_0020_happy,06,01,happy,-1.1752610901928033
18,statement,actor_None_statement_01,transductive_center,pair_0020_sad,06,01,sad,-4.9771962417553794
18,statement,actor_None_statement_01,transductive_center,pair_0021_happy,06,01,happy,9.13777198138875
18,statement,actor_None_statement_01,transductive_center,pair_0021_sad,06,01,sad,-2.627853680825554
18,statement,actor_None_statement_01,transductive_center,pair_0024_happy,07,01,happy,1.561197945131573
18,statement,actor_None_statement_01,transductive_center,pair_0024_sad,07,01,sad,1.6817326017649545
18,statement,actor_None_statement_01,transductive_center,pair_0025_happy,07,01,happy,3.3334748228973243
18,statement,actor_None_statement_01,transductive_center,pair_0025_sad,07,01,sad,-1.5970174487183453
18,statement,actor_None_statement_01,transductive_center,pair_0028_happy,08,01,happy,-4.652701083187351
18,statement,actor_None_statement_01,transductive_center,pair_0028_sad,08,01,sad,-18.93615768797953
18,statement,actor_None_statement_01,transductive_center,pair_0029_happy,08,01,happy,0.14148008040574034
18,statement,actor_None_statement_01,transductive_center,pair_0029_sad,08,01,sad,-14.189683565045604
18,statement,actor_None_statement_01,transductive_center,pair_0032_happy,09,01,happy,3.635124052344503
18,statement,actor_None_statement_01,transductive_center,pair_0032_sad,09,01,sad,4.042368118768627
18,statement,actor_None_statement_01,transductive_center,pair_0033_happy,09,01,happy,-0.45597561849104373
18,statement,actor_None_statement_01,transductive_center,pair_0033_sad,09,01,sad,4.0653746395060875
18,statement,actor_None_statement_01,transductive_center,pair_0036_happy,10,01,happy,-3.451539297062695
18,statement,actor_None_statement_01,transductive_center,pair_0036_sad,10,01,sad,0.917493766889331
18,statement,actor_None_statement_01,transductive_center,pair_0037_happy,10,01,happy,3.6961867462156928
18,statement,actor_None_statement_01,transductive_center,pair_0037_sad,10,01,sad,-3.8182895787770814
18,statement,actor_None_statement_01,transductive_center,pair_0040_happy,11,01,happy,1.7410037087945245
18,statement,actor_None_statement_01,transductive_center,pair_0040_sad,11,01,sad,6.824016895319202
18,statement,actor_None_statement_01,transductive_center,pair_0041_happy,11,01,happy,-7.505331514796074
18,statement,actor_None_statement_01,transductive_center,pair_0041_sad,11,01,sad,0.38043335801259737
18,statement,actor_None_statement_01,transductive_center,pair_0044_happy,12,01,happy,2.311549004472285
18,statement,actor_None_statement_01,transductive_center,pair_0044_sad,12,01,sad,2.9873160537555368
18,statement,actor_None_statement_01,transductive_center,pair_0045_happy,12,01,happy,5.462933357764568
18,statement,actor_None_statement_01,transductive_center,pair_0045_sad,12,01,sad,-0.17484796673021386
18,statement,actor_None_statement_01,transductive_center,pair_0048_happy,13,01,happy,-6.400626541703643
18,statement,actor_None_statement_01,transductive_center,pair_0048_sad,13,01,sad,-1.4145336646506035
18,statement,actor_None_statement_01,transductive_center,pair_0049_happy,13,01,happy,8.703858730707596
18,statement,actor_None_statement_01,transductive_center,pair_0049_sad,13,01,sad,-2.83933747747003
18,statement,actor_None_statement_01,transductive_center,pair_0052_happy,14,01,happy,0.08944676519407047
18,statement,actor_None_statement_01,transductive_center,pair_0052_sad,14,01,sad,3.165397088800363
18,statement,actor_None_statement_01,transductive_center,pair_0053_happy,14,01,happy,-0.014636195221703119
18,statement,actor_None_statement_01,transductive_center,pair_0053_sad,14,01,sad,0.7330693889089961
18,statement,actor_None_statement_01,transductive_center,pair_0056_happy,15,01,happy,0.39525330288254956
18,statement,actor_None_statement_01,transductive_center,pair_0056_sad,15,01,sad,-12.403294406975862
18,statement,actor_None_statement_01,transductive_center,pair_0057_happy,15,01,happy,0.5646830375291945
18,statement,actor_None_statement_01,transductive_center,pair_0057_sad,15,01,sad,-0.5726947213359335
18,statement,actor_None_statement_01,transductive_center,pair_0060_happy,16,01,happy,4.640790143212639
18,statement,actor_None_statement_01,transductive_center,pair_0060_sad,16,01,sad,1.452596611673707
18,statement,actor_None_statement_01,transductive_center,pair_0061_happy,16,01,happy,4.165919570752942
18,statement,actor_None_statement_01,transductive_center,pair_0061_sad,16,01,sad,0.7876070894432079
18,statement,actor_None_statement_01,transductive_center,pair_0064_happy,17,01,happy,3.4257156536392674
18,statement,actor_None_statement_01,transductive_center,pair_0064_sad,17,01,sad,7.600072550802389
18,statement,actor_None_statement_01,transductive_center,pair_0065_happy,17,01,happy,-4.855937497113262
18,statement,actor_None_statement_01,transductive_center,pair_0065_sad,17,01,sad,-5.014331665086676
18,statement,actor_None_statement_01,transductive_center,pair_0068_happy,18,01,happy,7.72937644132031
18,statement,actor_None_statement_01,transductive_center,pair_0068_sad,18,01,sad,5.591875009702877
18,statement,actor_None_statement_01,transductive_center,pair_0069_happy,18,01,happy,-10.03482464316314
18,statement,actor_None_statement_01,transductive_center,pair_0069_sad,18,01,sad,10.078954826730273
18,statement,actor_None_statement_01,transductive_center,pair_0072_happy,19,01,happy,5.499075940435967
18,statement,actor_None_statement_01,transductive_center,pair_0072_sad,19,01,sad,5.2197726420095965
18,statement,actor_None_statement_01,transductive_center,pair_0073_happy,19,01,happy,8.426153090329462
18,statement,actor_None_statement_01,transductive_center,pair_0073_sad,19,01,sad,-1.7265857652877887
18,statement,actor_None_statement_01,transductive_center,pair_0076_happy,20,01,happy,7.017730586153876
18,statement,actor_None_statement_01,transductive_center,pair_0076_sad,20,01,sad,-11.697750021387565
18,statement,actor_None_statement_01,transductive_center,pair_0077_happy,20,01,happy,-3.511533670342107
18,statement,actor_None_statement_01,transductive_center,pair_0077_sad,20,01,sad,3.19749403171439
18,statement,actor_None_statement_01,transductive_center,pair_0080_happy,21,01,happy,-1.3947316555572389
18,statement,actor_None_statement_01,transductive_center,pair_0080_sad,21,01,sad,0.32846169526451696
18,statement,actor_None_statement_01,transductive_center,pair_0081_happy,21,01,happy,3.138722292023976
18,statement,actor_None_statement_01,transductive_center,pair_0081_sad,21,01,sad,0.3687802154461952
18,statement,actor_None_statement_01,transductive_center,pair_0084_happy,22,01,happy,2.86214936228488
18,statement,actor_None_statement_01,transductive_center,pair_0084_sad,22,01,sad,4.559266923869105
18,statement,actor_None_statement_01,transductive_center,pair_0085_happy,22,01,happy,3.3493339399031345
18,statement,actor_None_statement_01,transductive_center,pair_0085_sad,22,01,sad,3.747589600839829
18,statement,actor_None_statement_01,transductive_center,pair_0088_happy,23,01,happy,-3.6242344916582905
18,statement,actor_None_statement_01,transductive_center,pair_0088_sad,23,01,sad,-11.806981821482752
18,statement,actor_None_statement_01,transductive_center,pair_0089_happy,23,01,happy,0.6779567433443479
18,statement,actor_None_statement_01,transductive_center,pair_0089_sad,23,01,sad,-11.972732524213667
18,statement,actor_None_statement_01,transductive_center,pair_0092_happy,24,01,happy,-0.6626612399987284
18,statement,actor_None_statement_01,transductive_center,pair_0092_sad,24,01,sad,-3.9963122222284397
18,statement,actor_None_statement_01,transductive_center,pair_0093_happy,24,01,happy,-1.0197674398656584
18,statement,actor_None_statement_01,transductive_center,pair_0093_sad,24,01,sad,-2.247152623849283
18,statement,actor_None_statement_02,raw,pair_0002_happy,01,02,happy,-37.21077584305729
18,statement,actor_None_statement_02,raw,pair_0002_sad,01,02,sad,-49.651156892695425
18,statement,actor_None_statement_02,raw,pair_0003_happy,01,02,happy,-43.24423413096359
18,statement,actor_None_statement_02,raw,pair_0003_sad,01,02,sad,-40.14367311383118
18,statement,actor_None_statement_02,raw,pair_0006_happy,02,02,happy,-50.57791247670745
18,statement,actor_None_statement_02,raw,pair_0006_sad,02,02,sad,-47.20570839242285
18,statement,actor_None_statement_02,raw,pair_0007_happy,02,02,happy,-46.45158282344946
18,statement,actor_None_statement_02,raw,pair_0007_sad,02,02,sad,-43.214779488999255
18,statement,actor_None_statement_02,raw,pair_0010_happy,03,02,happy,-41.950671979667824
18,statement,actor_None_statement_02,raw,pair_0010_sad,03,02,sad,-41.20183754306929
18,statement,actor_None_statement_02,raw,pair_0011_happy,03,02,happy,-44.096138422750585
18,statement,actor_None_statement_02,raw,pair_0011_sad,03,02,sad,-38.5507917193564
18,statement,actor_None_statement_02,raw,pair_0014_happy,04,02,happy,-36.60318224462513
18,statement,actor_None_statement_02,raw,pair_0014_sad,04,02,sad,-44.537255263740214
18,statement,actor_None_statement_02,raw,pair_0015_happy,04,02,happy,-39.95489713959929
18,statement,actor_None_statement_02,raw,pair_0015_sad,04,02,sad,-42.87379739025029
18,statement,actor_None_statement_02,raw,pair_0018_happy,05,02,happy,-36.95758093477758
18,statement,actor_None_statement_02,raw,pair_0018_sad,05,02,sad,-43.3378438439871
18,statement,actor_None_statement_02,raw,pair_0019_happy,05,02,happy,-23.63431121152675
18,statement,actor_None_statement_02,raw,pair_0019_sad,05,02,sad,-41.59547183267784
18,statement,actor_None_statement_02,raw,pair_0022_happy,06,02,happy,-39.37187157960448
18,statement,actor_None_statement_02,raw,pair_0022_sad,06,02,sad,-38.0972036638546
18,statement,actor_None_statement_02,raw,pair_0023_happy,06,02,happy,-34.97022665864257
18,statement,actor_None_statement_02,raw,pair_0023_sad,06,02,sad,-43.6369423383783
18,statement,actor_None_statement_02,raw,pair_0026_happy,07,02,happy,-38.18538915172154
18,statement,actor_None_statement_02,raw,pair_0026_sad,07,02,sad,-37.88746630839566
18,statement,actor_None_statement_02,raw,pair_0027_happy,07,02,happy,-38.18538915172154
18,statement,actor_None_statement_02,raw,pair_0027_sad,07,02,sad,-31.949048284772296
18,statement,actor_None_statement_02,raw,pair_0030_happy,08,02,happy,-36.12413750742608
18,statement,actor_None_statement_02,raw,pair_0030_sad,08,02,sad,-58.484791394555444
18,statement,actor_None_statement_02,raw,pair_0031_happy,08,02,happy,-30.5410621756222
18,statement,actor_None_statement_02,raw,pair_0031_sad,08,02,sad,-45.87853540078331
18,statement,actor_None_statement_02,raw,pair_0034_happy,09,02,happy,-51.1980920331969
18,statement,actor_None_statement_02,raw,pair_0034_sad,09,02,sad,-46.09642245570644
18,statement,actor_None_statement_02,raw,pair_0035_happy,09,02,happy,-45.50929311444567
18,statement,actor_None_statement_02,raw,pair_0035_sad,09,02,sad,-52.08730710581158
18,statement,actor_None_statement_02,raw,pair_0038_happy,10,02,happy,-63.75792207897956
18,statement,actor_None_statement_02,raw,pair_0038_sad,10,02,sad,-39.999316449675476
18,statement,actor_None_statement_02,raw,pair_0039_happy,10,02,happy,-38.19290154892958
18,statement,actor_None_statement_02,raw,pair_0039_sad,10,02,sad,-35.28649276543621
18,statement,actor_None_statement_02,raw,pair_0042_happy,11,02,happy,-40.92381347615204
18,statement,actor_None_statement_02,raw,pair_0042_sad,11,02,sad,-47.35102686128287
18,statement,actor_None_statement_02,raw,pair_0043_happy,11,02,happy,-46.39242893636405
18,statement,actor_None_statement_02,raw,pair_0043_sad,11,02,sad,-38.52220612440643
18,statement,actor_None_statement_02,raw,pair_0046_happy,12,02,happy,-38.75964171586322
18,statement,actor_None_statement_02,raw,pair_0046_sad,12,02,sad,-37.74564178130093
18,statement,actor_None_statement_02,raw,pair_0047_happy,12,02,happy,-39.270903846803975
18,statement,actor_None_statement_02,raw,pair_0047_sad,12,02,sad,-39.29435339434231
18,statement,actor_None_statement_02,raw,pair_0050_happy,13,02,happy,-38.71351272194683
18,statement,actor_None_statement_02,raw,pair_0050_sad,13,02,sad,-43.710760911252294
18,statement,actor_None_statement_02,raw,pair_0051_happy,13,02,happy,-37.805165207076726
18,statement,actor_None_statement_02,raw,pair_0051_sad,13,02,sad,-45.1901259410934
18,statement,actor_None_statement_02,raw,pair_0054_happy,14,02,happy,-35.57883866354103
18,statement,actor_None_statement_02,raw,pair_0054_sad,14,02,sad,-45.44416601886792
18,statement,actor_None_statement_02,raw,pair_0055_happy,14,02,happy,-40.07523908129647
18,statement,actor_None_statement_02,raw,pair_0055_sad,14,02,sad,-43.8421165659243
18,statement,actor_None_statement_02,raw,pair_0058_happy,15,02,happy,-47.481396069377794
18,statement,actor_None_statement_02,raw,pair_0058_sad,15,02,sad,-36.83864194175948
18,statement,actor_None_statement_02,raw,pair_0059_happy,15,02,happy,-35.90086873610039
18,statement,actor_None_statement_02,raw,pair_0059_sad,15,02,sad,-61.29324844664678
18,statement,actor_None_statement_02,raw,pair_0062_happy,16,02,happy,-38.72178681592633
18,statement,actor_None_statement_02,raw,pair_0062_sad,16,02,sad,-48.4526773269476
18,statement,actor_None_statement_02,raw,pair_0063_happy,16,02,happy,-35.74517245178141
18,statement,actor_None_statement_02,raw,pair_0063_sad,16,02,sad,-32.305317695281644
18,statement,actor_None_statement_02,raw,pair_0066_happy,17,02,happy,-44.5291010059491
18,statement,actor_None_statement_02,raw,pair_0066_sad,17,02,sad,-49.18667388868016
18,statement,actor_None_statement_02,raw,pair_0067_happy,17,02,happy,-48.795553359119005
18,statement,actor_None_statement_02,raw,pair_0067_sad,17,02,sad,-43.00921537736479
18,statement,actor_None_statement_02,raw,pair_0070_happy,18,02,happy,-44.315013671830336
18,statement,actor_None_statement_02,raw,pair_0070_sad,18,02,sad,-45.78715785066135
18,statement,actor_None_statement_02,raw,pair_0071_happy,18,02,happy,-36.68263814225335
18,statement,actor_None_statement_02,raw,pair_0071_sad,18,02,sad,-41.51608470722592
18,statement,actor_None_statement_02,raw,pair_0074_happy,19,02,happy,-51.98496246833811
18,statement,actor_None_statement_02,raw,pair_0074_sad,19,02,sad,-38.964572747253605
18,statement,actor_None_statement_02,raw,pair_0075_happy,19,02,happy,-36.04528034312233
18,statement,actor_None_statement_02,raw,pair_0075_sad,19,02,sad,-51.893952573459195
18,statement,actor_None_statement_02,raw,pair_0078_happy,20,02,happy,-50.11171763998712
18,statement,actor_None_statement_02,raw,pair_0078_sad,20,02,sad,-36.580597320105944
18,statement,actor_None_statement_02,raw,pair_0079_happy,20,02,happy,-41.188990430012424
18,statement,actor_None_statement_02,raw,pair_0079_sad,20,02,sad,-41.85951298079327
18,statement,actor_None_statement_02,raw,pair_0082_happy,21,02,happy,-37.28166510909137
18,statement,actor_None_statement_02,raw,pair_0082_sad,21,02,sad,-31.54111370891968
18,statement,actor_None_statement_02,raw,pair_0083_happy,21,02,happy,-38.117429098727875
18,statement,actor_None_statement_02,raw,pair_0083_sad,21,02,sad,-41.61867135507805
18,statement,actor_None_statement_02,raw,pair_0086_happy,22,02,happy,-43.882449810229026
18,statement,actor_None_statement_02,raw,pair_0086_sad,22,02,sad,-47.41818408216182
18,statement,actor_None_statement_02,raw,pair_0087_happy,22,02,happy,-41.22277796524939
18,statement,actor_None_statement_02,raw,pair_0087_sad,22,02,sad,-48.55031484730132
18,statement,actor_None_statement_02,raw,pair_0090_happy,23,02,happy,-48.40049527450802
18,statement,actor_None_statement_02,raw,pair_0090_sad,23,02,sad,-42.702468411534554
18,statement,actor_None_statement_02,raw,pair_0091_happy,23,02,happy,-44.12745444237186
18,statement,actor_None_statement_02,raw,pair_0091_sad,23,02,sad,-30.458564868185576
18,statement,actor_None_statement_02,raw,pair_0094_happy,24,02,happy,-43.62071034703221
18,statement,actor_None_statement_02,raw,pair_0094_sad,24,02,sad,-52.13278052673593
18,statement,actor_None_statement_02,raw,pair_0095_happy,24,02,happy,-42.60138393600504
18,statement,actor_None_statement_02,raw,pair_0095_sad,24,02,sad,-36.10446160498654
18,statement,actor_None_statement_02,source_center_noop,pair_0002_happy,01,02,happy,-37.21077584305729
18,statement,actor_None_statement_02,source_center_noop,pair_0002_sad,01,02,sad,-49.651156892695425
18,statement,actor_None_statement_02,source_center_noop,pair_0003_happy,01,02,happy,-43.24423413096359
18,statement,actor_None_statement_02,source_center_noop,pair_0003_sad,01,02,sad,-40.14367311383118
18,statement,actor_None_statement_02,source_center_noop,pair_0006_happy,02,02,happy,-50.57791247670745
18,statement,actor_None_statement_02,source_center_noop,pair_0006_sad,02,02,sad,-47.20570839242285
18,statement,actor_None_statement_02,source_center_noop,pair_0007_happy,02,02,happy,-46.45158282344946
18,statement,actor_None_statement_02,source_center_noop,pair_0007_sad,02,02,sad,-43.214779488999255
18,statement,actor_None_statement_02,source_center_noop,pair_0010_happy,03,02,happy,-41.950671979667824
18,statement,actor_None_statement_02,source_center_noop,pair_0010_sad,03,02,sad,-41.20183754306929
18,statement,actor_None_statement_02,source_center_noop,pair_0011_happy,03,02,happy,-44.096138422750585
18,statement,actor_None_statement_02,source_center_noop,pair_0011_sad,03,02,sad,-38.5507917193564
18,statement,actor_None_statement_02,source_center_noop,pair_0014_happy,04,02,happy,-36.60318224462513
18,statement,actor_None_statement_02,source_center_noop,pair_0014_sad,04,02,sad,-44.537255263740214
18,statement,actor_None_statement_02,source_center_noop,pair_0015_happy,04,02,happy,-39.95489713959929
18,statement,actor_None_statement_02,source_center_noop,pair_0015_sad,04,02,sad,-42.87379739025029
18,statement,actor_None_statement_02,source_center_noop,pair_0018_happy,05,02,happy,-36.95758093477758
18,statement,actor_None_statement_02,source_center_noop,pair_0018_sad,05,02,sad,-43.3378438439871
18,statement,actor_None_statement_02,source_center_noop,pair_0019_happy,05,02,happy,-23.63431121152675
18,statement,actor_None_statement_02,source_center_noop,pair_0019_sad,05,02,sad,-41.59547183267784
18,statement,actor_None_statement_02,source_center_noop,pair_0022_happy,06,02,happy,-39.37187157960448
18,statement,actor_None_statement_02,source_center_noop,pair_0022_sad,06,02,sad,-38.0972036638546
18,statement,actor_None_statement_02,source_center_noop,pair_0023_happy,06,02,happy,-34.97022665864257
18,statement,actor_None_statement_02,source_center_noop,pair_0023_sad,06,02,sad,-43.6369423383783
18,statement,actor_None_statement_02,source_center_noop,pair_0026_happy,07,02,happy,-38.18538915172154
18,statement,actor_None_statement_02,source_center_noop,pair_0026_sad,07,02,sad,-37.88746630839566
18,statement,actor_None_statement_02,source_center_noop,pair_0027_happy,07,02,happy,-38.18538915172154
18,statement,actor_None_statement_02,source_center_noop,pair_0027_sad,07,02,sad,-31.949048284772296
18,statement,actor_None_statement_02,source_center_noop,pair_0030_happy,08,02,happy,-36.12413750742608
18,statement,actor_None_statement_02,source_center_noop,pair_0030_sad,08,02,sad,-58.484791394555444
18,statement,actor_None_statement_02,source_center_noop,pair_0031_happy,08,02,happy,-30.5410621756222
18,statement,actor_None_statement_02,source_center_noop,pair_0031_sad,08,02,sad,-45.87853540078331
18,statement,actor_None_statement_02,source_center_noop,pair_0034_happy,09,02,happy,-51.1980920331969
18,statement,actor_None_statement_02,source_center_noop,pair_0034_sad,09,02,sad,-46.09642245570644
18,statement,actor_None_statement_02,source_center_noop,pair_0035_happy,09,02,happy,-45.50929311444567
18,statement,actor_None_statement_02,source_center_noop,pair_0035_sad,09,02,sad,-52.08730710581158
18,statement,actor_None_statement_02,source_center_noop,pair_0038_happy,10,02,happy,-63.75792207897956
18,statement,actor_None_statement_02,source_center_noop,pair_0038_sad,10,02,sad,-39.999316449675476
18,statement,actor_None_statement_02,source_center_noop,pair_0039_happy,10,02,happy,-38.19290154892958
18,statement,actor_None_statement_02,source_center_noop,pair_0039_sad,10,02,sad,-35.28649276543621
18,statement,actor_None_statement_02,source_center_noop,pair_0042_happy,11,02,happy,-40.92381347615204
18,statement,actor_None_statement_02,source_center_noop,pair_0042_sad,11,02,sad,-47.35102686128287
18,statement,actor_None_statement_02,source_center_noop,pair_0043_happy,11,02,happy,-46.39242893636405
18,statement,actor_None_statement_02,source_center_noop,pair_0043_sad,11,02,sad,-38.52220612440643
18,statement,actor_None_statement_02,source_center_noop,pair_0046_happy,12,02,happy,-38.75964171586322
18,statement,actor_None_statement_02,source_center_noop,pair_0046_sad,12,02,sad,-37.74564178130093
18,statement,actor_None_statement_02,source_center_noop,pair_0047_happy,12,02,happy,-39.270903846803975
18,statement,actor_None_statement_02,source_center_noop,pair_0047_sad,12,02,sad,-39.29435339434231
18,statement,actor_None_statement_02,source_center_noop,pair_0050_happy,13,02,happy,-38.71351272194683
18,statement,actor_None_statement_02,source_center_noop,pair_0050_sad,13,02,sad,-43.710760911252294
18,statement,actor_None_statement_02,source_center_noop,pair_0051_happy,13,02,happy,-37.805165207076726
18,statement,actor_None_statement_02,source_center_noop,pair_0051_sad,13,02,sad,-45.1901259410934
18,statement,actor_None_statement_02,source_center_noop,pair_0054_happy,14,02,happy,-35.57883866354103
18,statement,actor_None_statement_02,source_center_noop,pair_0054_sad,14,02,sad,-45.44416601886792
18,statement,actor_None_statement_02,source_center_noop,pair_0055_happy,14,02,happy,-40.07523908129647
18,statement,actor_None_statement_02,source_center_noop,pair_0055_sad,14,02,sad,-43.8421165659243
18,statement,actor_None_statement_02,source_center_noop,pair_0058_happy,15,02,happy,-47.481396069377794
18,statement,actor_None_statement_02,source_center_noop,pair_0058_sad,15,02,sad,-36.83864194175948
18,statement,actor_None_statement_02,source_center_noop,pair_0059_happy,15,02,happy,-35.90086873610039
18,statement,actor_None_statement_02,source_center_noop,pair_0059_sad,15,02,sad,-61.29324844664678
18,statement,actor_None_statement_02,source_center_noop,pair_0062_happy,16,02,happy,-38.72178681592633
18,statement,actor_None_statement_02,source_center_noop,pair_0062_sad,16,02,sad,-48.4526773269476
18,statement,actor_None_statement_02,source_center_noop,pair_0063_happy,16,02,happy,-35.74517245178141
18,statement,actor_None_statement_02,source_center_noop,pair_0063_sad,16,02,sad,-32.305317695281644
18,statement,actor_None_statement_02,source_center_noop,pair_0066_happy,17,02,happy,-44.5291010059491
18,statement,actor_None_statement_02,source_center_noop,pair_0066_sad,17,02,sad,-49.18667388868016
18,statement,actor_None_statement_02,source_center_noop,pair_0067_happy,17,02,happy,-48.795553359119005
18,statement,actor_None_statement_02,source_center_noop,pair_0067_sad,17,02,sad,-43.00921537736479
18,statement,actor_None_statement_02,source_center_noop,pair_0070_happy,18,02,happy,-44.315013671830336
18,statement,actor_None_statement_02,source_center_noop,pair_0070_sad,18,02,sad,-45.78715785066135
18,statement,actor_None_statement_02,source_center_noop,pair_0071_happy,18,02,happy,-36.68263814225335
18,statement,actor_None_statement_02,source_center_noop,pair_0071_sad,18,02,sad,-41.51608470722592
18,statement,actor_None_statement_02,source_center_noop,pair_0074_happy,19,02,happy,-51.98496246833811
18,statement,actor_None_statement_02,source_center_noop,pair_0074_sad,19,02,sad,-38.964572747253605
18,statement,actor_None_statement_02,source_center_noop,pair_0075_happy,19,02,happy,-36.04528034312233
18,statement,actor_None_statement_02,source_center_noop,pair_0075_sad,19,02,sad,-51.893952573459195
18,statement,actor_None_statement_02,source_center_noop,pair_0078_happy,20,02,happy,-50.11171763998712
18,statement,actor_None_statement_02,source_center_noop,pair_0078_sad,20,02,sad,-36.580597320105944
18,statement,actor_None_statement_02,source_center_noop,pair_0079_happy,20,02,happy,-41.188990430012424
18,statement,actor_None_statement_02,source_center_noop,pair_0079_sad,20,02,sad,-41.85951298079327
18,statement,actor_None_statement_02,source_center_noop,pair_0082_happy,21,02,happy,-37.28166510909137
18,statement,actor_None_statement_02,source_center_noop,pair_0082_sad,21,02,sad,-31.54111370891968
18,statement,actor_None_statement_02,source_center_noop,pair_0083_happy,21,02,happy,-38.117429098727875
18,statement,actor_None_statement_02,source_center_noop,pair_0083_sad,21,02,sad,-41.61867135507805
18,statement,actor_None_statement_02,source_center_noop,pair_0086_happy,22,02,happy,-43.882449810229026
18,statement,actor_None_statement_02,source_center_noop,pair_0086_sad,22,02,sad,-47.41818408216182
18,statement,actor_None_statement_02,source_center_noop,pair_0087_happy,22,02,happy,-41.22277796524939
18,statement,actor_None_statement_02,source_center_noop,pair_0087_sad,22,02,sad,-48.55031484730132
18,statement,actor_None_statement_02,source_center_noop,pair_0090_happy,23,02,happy,-48.40049527450802
18,statement,actor_None_statement_02,source_center_noop,pair_0090_sad,23,02,sad,-42.702468411534554
18,statement,actor_None_statement_02,source_center_noop,pair_0091_happy,23,02,happy,-44.12745444237186
18,statement,actor_None_statement_02,source_center_noop,pair_0091_sad,23,02,sad,-30.458564868185576
18,statement,actor_None_statement_02,source_center_noop,pair_0094_happy,24,02,happy,-43.62071034703221
18,statement,actor_None_statement_02,source_center_noop,pair_0094_sad,24,02,sad,-52.13278052673593
18,statement,actor_None_statement_02,source_center_noop,pair_0095_happy,24,02,happy,-42.60138393600504
18,statement,actor_None_statement_02,source_center_noop,pair_0095_sad,24,02,sad,-36.10446160498654
18,statement,actor_None_statement_02,transductive_center,pair_0002_happy,01,02,happy,4.767687894329995
18,statement,actor_None_statement_02,transductive_center,pair_0002_sad,01,02,sad,-7.672693155308139
18,statement,actor_None_statement_02,transductive_center,pair_0003_happy,01,02,happy,-1.2657703935763038
18,statement,actor_None_statement_02,transductive_center,pair_0003_sad,01,02,sad,1.8347906235561098
18,statement,actor_None_statement_02,transductive_center,pair_0006_happy,02,02,happy,-8.599448739320167
18,statement,actor_None_statement_02,transductive_center,pair_0006_sad,02,02,sad,-5.2272446550355625
18,statement,actor_None_statement_02,transductive_center,pair_0007_happy,02,02,happy,-4.473119086062177
18,statement,actor_None_statement_02,transductive_center,pair_0007_sad,02,02,sad,-1.2363157516119685
18,statement,actor_None_statement_02,transductive_center,pair_0010_happy,03,02,happy,0.02779175771946285
18,statement,actor_None_statement_02,transductive_center,pair_0010_sad,03,02,sad,0.7766261943179984
18,statement,actor_None_statement_02,transductive_center,pair_0011_happy,03,02,happy,-2.1176746853632977
18,statement,actor_None_statement_02,transductive_center,pair_0011_sad,03,02,sad,3.42767201803089
18,statement,actor_None_statement_02,transductive_center,pair_0014_happy,04,02,happy,5.375281492762156
18,statement,actor_None_statement_02,transductive_center,pair_0014_sad,04,02,sad,-2.558791526352927
18,statement,actor_None_statement_02,transductive_center,pair_0015_happy,04,02,happy,2.0235665977879975
18,statement,actor_None_statement_02,transductive_center,pair_0015_sad,04,02,sad,-0.8953336528630018
18,statement,actor_None_statement_02,transductive_center,pair_0018_happy,05,02,happy,5.020882802609705
18,statement,actor_None_statement_02,transductive_center,pair_0018_sad,05,02,sad,-1.359380106599815
18,statement,actor_None_statement_02,transductive_center,pair_0019_happy,05,02,happy,18.344152525860537
18,statement,actor_None_statement_02,transductive_center,pair_0019_sad,05,02,sad,0.3829919047094492
18,statement,actor_None_statement_02,transductive_center,pair_0022_happy,06,02,happy,2.6065921577828064
18,statement,actor_None_statement_02,transductive_center,pair_0022_sad,06,02,sad,3.8812600735326868
18,statement,actor_None_statement_02,transductive_center,pair_0023_happy,06,02,happy,7.00823707874472
18,statement,actor_None_statement_02,transductive_center,pair_0023_sad,06,02,sad,-1.6584786009910104
18,statement,actor_None_statement_02,transductive_center,pair_0026_happy,07,02,happy,3.7930745856657495
18,statement,actor_None_statement_02,transductive_center,pair_0026_sad,07,02,sad,4.090997428991628
18,statement,actor_None_statement_02,transductive_center,pair_0027_happy,07,02,happy,3.7930745856657495
18,statement,actor_None_statement_02,transductive_center,pair_0027_sad,07,02,sad,10.029415452614991
18,statement,actor_None_statement_02,transductive_center,pair_0030_happy,08,02,happy,5.8543262299612095
18,statement,actor_None_statement_02,transductive_center,pair_0030_sad,08,02,sad,-16.506327657168157
18,statement,actor_None_statement_02,transductive_center,pair_0031_happy,08,02,happy,11.437401561765085
18,statement,actor_None_statement_02,transductive_center,pair_0031_sad,08,02,sad,-3.9000716633960266
18,statement,actor_None_statement_02,transductive_center,pair_0034_happy,09,02,happy,-9.219628295809613
18,statement,actor_None_statement_02,transductive_center,pair_0034_sad,09,02,sad,-4.1179587183191515
18,statement,actor_None_statement_02,transductive_center,pair_0035_happy,09,02,happy,-3.5308293770583816
18,statement,actor_None_statement_02,transductive_center,pair_0035_sad,09,02,sad,-10.108843368424296
18,statement,actor_None_statement_02,transductive_center,pair_0038_happy,10,02,happy,-21.779458341592274
18,statement,actor_None_statement_02,transductive_center,pair_0038_sad,10,02,sad,1.979147287711811
18,statement,actor_None_statement_02,transductive_center,pair_0039_happy,10,02,happy,3.7855621884577104
18,statement,actor_None_statement_02,transductive_center,pair_0039_sad,10,02,sad,6.691970971951079
18,statement,actor_None_statement_02,transductive_center,pair_0042_happy,11,02,happy,1.0546502612352455
18,statement,actor_None_statement_02,transductive_center,pair_0042_sad,11,02,sad,-5.372563123895581
18,statement,actor_None_statement_02,transductive_center,pair_0043_happy,11,02,happy,-4.413965198976761
18,statement,actor_None_statement_02,transductive_center,pair_0043_sad,11,02,sad,3.456257612980856
18,statement,actor_None_statement_02,transductive_center,pair_0046_happy,12,02,happy,3.218822021524069
18,statement,actor_None_statement_02,transductive_center,pair_0046_sad,12,02,sad,4.2328219560863545
18,statement,actor_None_statement_02,transductive_center,pair_0047_happy,12,02,happy,2.707559890583312
18,statement,actor_None_statement_02,transductive_center,pair_0047_sad,12,02,sad,2.6841103430449778
18,statement,actor_None_statement_02,transductive_center,pair_0050_happy,13,02,happy,3.2649510154404595
18,statement,actor_None_statement_02,transductive_center,pair_0050_sad,13,02,sad,-1.7322971738650068
18,statement,actor_None_statement_02,transductive_center,pair_0051_happy,13,02,happy,4.173298530310561
18,statement,actor_None_statement_02,transductive_center,pair_0051_sad,13,02,sad,-3.211662203706112
18,statement,actor_None_statement_02,transductive_center,pair_0054_happy,14,02,happy,6.399625073846259
18,statement,actor_None_statement_02,transductive_center,pair_0054_sad,14,02,sad,-3.465702281480631
18,statement,actor_None_statement_02,transductive_center,pair_0055_happy,14,02,happy,1.9032246560908135
18,statement,actor_None_statement_02,transductive_center,pair_0055_sad,14,02,sad,-1.8636528285370133
18,statement,actor_None_statement_02,transductive_center,pair_0058_happy,15,02,happy,-5.5029323319905075
18,statement,actor_None_statement_02,transductive_center,pair_0058_sad,15,02,sad,5.13982179562781
18,statement,actor_None_statement_02,transductive_center,pair_0059_happy,15,02,happy,6.077595001286895
18,statement,actor_None_statement_02,transductive_center,pair_0059_sad,15,02,sad,-19.31478470925949
18,statement,actor_None_statement_02,transductive_center,pair_0062_happy,16,02,happy,3.256676921460958
18,statement,actor_None_statement_02,transductive_center,pair_0062_sad,16,02,sad,-6.474213589560314
18,statement,actor_None_statement_02,transductive_center,pair_0063_happy,16,02,happy,6.23329128560588
18,statement,actor_None_statement_02,transductive_center,pair_0063_sad,16,02,sad,9.673146042105643
18,statement,actor_None_statement_02,transductive_center,pair_0066_happy,17,02,happy,-2.5506372685618146
18,statement,actor_None_statement_02,transductive_center,pair_0066_sad,17,02,sad,-7.2082101512928745
18,statement,actor_None_statement_02,transductive_center,pair_0067_happy,17,02,happy,-6.817089621731718
18,statement,actor_None_statement_02,transductive_center,pair_0067_sad,17,02,sad,-1.0307516399775025
18,statement,actor_None_statement_02,transductive_center,pair_0070_happy,18,02,happy,-2.336549934443049
18,statement,actor_None_statement_02,transductive_center,pair_0070_sad,18,02,sad,-3.808694113274065
18,statement,actor_None_statement_02,transductive_center,pair_0071_happy,18,02,happy,5.295825595133934
18,statement,actor_None_statement_02,transductive_center,pair_0071_sad,18,02,sad,0.4623790301613653
18,statement,actor_None_statement_02,transductive_center,pair_0074_happy,19,02,happy,-10.006498730950824
18,statement,actor_None_statement_02,transductive_center,pair_0074_sad,19,02,sad,3.0138909901336817
18,statement,actor_None_statement_02,transductive_center,pair_0075_happy,19,02,happy,5.933183394264958
18,statement,actor_None_statement_02,transductive_center,pair_0075_sad,19,02,sad,-9.915488836071908
18,statement,actor_None_statement_02,transductive_center,pair_0078_happy,20,02,happy,-8.133253902599833
18,statement,actor_None_statement_02,transductive_center,pair_0078_sad,20,02,sad,5.397866417281342
18,statement,actor_None_statement_02,transductive_center,pair_0079_happy,20,02,happy,0.7894733073748625
18,statement,actor_None_statement_02,transductive_center,pair_0079_sad,20,02,sad,0.11895075659401755
18,statement,actor_None_statement_02,transductive_center,pair_0082_happy,21,02,happy,4.696798628295916
18,statement,actor_None_statement_02,transductive_center,pair_0082_sad,21,02,sad,10.437350028467606
18,statement,actor_None_statement_02,transductive_center,pair_0083_happy,21,02,happy,3.8610346386594117
18,statement,actor_None_statement_02,transductive_center,pair_0083_sad,21,02,sad,0.35979238230923727
18,statement,actor_None_statement_02,transductive_center,pair_0086_happy,22,02,happy,-1.9039860728417395
18,statement,actor_None_statement_02,transductive_center,pair_0086_sad,22,02,sad,-5.4397203447745355
18,statement,actor_None_statement_02,transductive_center,pair_0087_happy,22,02,happy,0.7556857721378947
18,statement,actor_None_statement_02,transductive_center,pair_0087_sad,22,02,sad,-6.571851109914036
18,statement,actor_None_statement_02,transductive_center,pair_0090_happy,23,02,happy,-6.422031537120731
18,statement,actor_None_statement_02,transductive_center,pair_0090_sad,23,02,sad,-0.7240046741472668
18,statement,actor_None_statement_02,transductive_center,pair_0091_happy,23,02,happy,-2.14899070498457
18,statement,actor_None_statement_02,transductive_center,pair_0091_sad,23,02,sad,11.519898869201711
18,statement,actor_None_statement_02,transductive_center,pair_0094_happy,24,02,happy,-1.6422466096449213
18,statement,actor_None_statement_02,transductive_center,pair_0094_sad,24,02,sad,-10.154316789348641
18,statement,actor_None_statement_02,transductive_center,pair_0095_happy,24,02,happy,-0.6229201986177557
18,statement,actor_None_statement_02,transductive_center,pair_0095_sad,24,02,sad,5.874002132400747
18,joint,actor_01_statement_01,raw,pair_0000_happy,01,01,happy,1.1244917114775426
18,joint,actor_01_statement_01,raw,pair_0000_sad,01,01,sad,-3.8943895724288033
18,joint,actor_01_statement_01,raw,pair_0001_happy,01,01,happy,-6.005506391871691
18,joint,actor_01_statement_01,raw,pair_0001_sad,01,01,sad,2.901152010833126
18,joint,actor_01_statement_01,source_center_noop,pair_0000_happy,01,01,happy,1.1244917114775426
18,joint,actor_01_statement_01,source_center_noop,pair_0000_sad,01,01,sad,-3.8943895724288033
18,joint,actor_01_statement_01,source_center_noop,pair_0001_happy,01,01,happy,-6.005506391871691
18,joint,actor_01_statement_01,source_center_noop,pair_0001_sad,01,01,sad,2.901152010833126
18,joint,actor_01_statement_01,independent_center,pair_0000_happy,01,01,happy,4.331666464984659
18,joint,actor_01_statement_01,independent_center,pair_0000_sad,01,01,sad,-0.6872148189216869
18,joint,actor_01_statement_01,independent_center,pair_0001_happy,01,01,happy,-2.7983316383645747
18,joint,actor_01_statement_01,independent_center,pair_0001_sad,01,01,sad,6.108326764340243
18,joint,actor_01_statement_01,independent_rank1,pair_0000_happy,01,01,happy,4.501158219059338
18,joint,actor_01_statement_01,independent_rank1,pair_0000_sad,01,01,sad,-0.06117259014402876
18,joint,actor_01_statement_01,independent_rank1,pair_0001_happy,01,01,happy,-3.177811953689904
18,joint,actor_01_statement_01,independent_rank1,pair_0001_sad,01,01,sad,6.194267419779916
18,joint,actor_01_statement_02,raw,pair_0002_happy,01,02,happy,-38.86411334052217
18,joint,actor_01_statement_02,raw,pair_0002_sad,01,02,sad,-52.28141033889185
18,joint,actor_01_statement_02,raw,pair_0003_happy,01,02,happy,-44.005174228160655
18,joint,actor_01_statement_02,raw,pair_0003_sad,01,02,sad,-41.86771244005286
18,joint,actor_01_statement_02,source_center_noop,pair_0002_happy,01,02,happy,-38.86411334052217
18,joint,actor_01_statement_02,source_center_noop,pair_0002_sad,01,02,sad,-52.28141033889185
18,joint,actor_01_statement_02,source_center_noop,pair_0003_happy,01,02,happy,-44.005174228160655
18,joint,actor_01_statement_02,source_center_noop,pair_0003_sad,01,02,sad,-41.86771244005286
18,joint,actor_01_statement_02,independent_center,pair_0002_happy,01,02,happy,2.898480209572881
18,joint,actor_01_statement_02,independent_center,pair_0002_sad,01,02,sad,-10.518816788796805
18,joint,actor_01_statement_02,independent_center,pair_0003_happy,01,02,happy,-2.2425806780656075
18,joint,actor_01_statement_02,independent_center,pair_0003_sad,01,02,sad,-0.10511888995781504
18,joint,actor_01_statement_02,independent_rank1,pair_0002_happy,01,02,happy,5.390880971790782
18,joint,actor_01_statement_02,independent_rank1,pair_0002_sad,01,02,sad,-11.167074445293263
18,joint,actor_01_statement_02,independent_rank1,pair_0003_happy,01,02,happy,-3.184089426964672
18,joint,actor_01_statement_02,independent_rank1,pair_0003_sad,01,02,sad,0.9143232953193738
18,joint,actor_02_statement_01,raw,pair_0004_happy,02,01,happy,-9.495708679571667
18,joint,actor_02_statement_01,raw,pair_0004_sad,02,01,sad,-9.814041177971202
18,joint,actor_02_statement_01,raw,pair_0005_happy,02,01,happy,-12.546329136540356
18,joint,actor_02_statement_01,raw,pair_0005_sad,02,01,sad,-5.972330690039723
18,joint,actor_02_statement_01,source_center_noop,pair_0004_happy,02,01,happy,-9.495708679571667
18,joint,actor_02_statement_01,source_center_noop,pair_0004_sad,02,01,sad,-9.814041177971202
18,joint,actor_02_statement_01,source_center_noop,pair_0005_happy,02,01,happy,-12.546329136540356
18,joint,actor_02_statement_01,source_center_noop,pair_0005_sad,02,01,sad,-5.972330690039723
18,joint,actor_02_statement_01,independent_center,pair_0004_happy,02,01,happy,2.0188635466026614
18,joint,actor_02_statement_01,independent_center,pair_0004_sad,02,01,sad,1.7005310482031266
18,joint,actor_02_statement_01,independent_center,pair_0005_happy,02,01,happy,-1.0317569103660276
18,joint,actor_02_statement_01,independent_center,pair_0005_sad,02,01,sad,5.542241536134606
18,joint,actor_02_statement_01,independent_rank1,pair_0004_happy,02,01,happy,0.6684897403298322
18,joint,actor_02_statement_01,independent_rank1,pair_0004_sad,02,01,sad,2.0116522519438753
18,joint,actor_02_statement_01,independent_rank1,pair_0005_happy,02,01,happy,-1.6069729764759657
18,joint,actor_02_statement_01,independent_rank1,pair_0005_sad,02,01,sad,6.666436403944282
18,joint,actor_02_statement_02,raw,pair_0006_happy,02,02,happy,-55.15196778517701
18,joint,actor_02_statement_02,raw,pair_0006_sad,02,02,sad,-51.7724571577501
18,joint,actor_02_statement_02,raw,pair_0007_happy,02,02,happy,-50.531163700934066
18,joint,actor_02_statement_02,raw,pair_0007_sad,02,02,sad,-47.46783214166131
18,joint,actor_02_statement_02,source_center_noop,pair_0006_happy,02,02,happy,-55.15196778517701
18,joint,actor_02_statement_02,source_center_noop,pair_0006_sad,02,02,sad,-51.7724571577501
18,joint,actor_02_statement_02,source_center_noop,pair_0007_happy,02,02,happy,-50.531163700934066
18,joint,actor_02_statement_02,source_center_noop,pair_0007_sad,02,02,sad,-47.46783214166131
18,joint,actor_02_statement_02,independent_center,pair_0006_happy,02,02,happy,-7.86870369451939
18,joint,actor_02_statement_02,independent_center,pair_0006_sad,02,02,sad,-4.489193067092479
18,joint,actor_02_statement_02,independent_center,pair_0007_happy,02,02,happy,-3.2478996102764484
18,joint,actor_02_statement_02,independent_center,pair_0007_sad,02,02,sad,-0.18456805100369422
18,joint,actor_02_statement_02,independent_rank1,pair_0006_happy,02,02,happy,-5.883873739659819
18,joint,actor_02_statement_02,independent_rank1,pair_0006_sad,02,02,sad,-5.641432682303069
18,joint,actor_02_statement_02,independent_rank1,pair_0007_happy,02,02,happy,-0.31603059256806887
18,joint,actor_02_statement_02,independent_rank1,pair_0007_sad,02,02,sad,0.32008183710731686
18,joint,actor_03_statement_01,raw,pair_0008_happy,03,01,happy,-11.502579281385145
18,joint,actor_03_statement_01,raw,pair_0008_sad,03,01,sad,-10.818627501805402
18,joint,actor_03_statement_01,raw,pair_0009_happy,03,01,happy,-9.46500844474858
18,joint,actor_03_statement_01,raw,pair_0009_sad,03,01,sad,-7.154477380960312
18,joint,actor_03_statement_01,source_center_noop,pair_0008_happy,03,01,happy,-11.502579281385145
18,joint,actor_03_statement_01,source_center_noop,pair_0008_sad,03,01,sad,-10.818627501805402
18,joint,actor_03_statement_01,source_center_noop,pair_0009_happy,03,01,happy,-9.46500844474858
18,joint,actor_03_statement_01,source_center_noop,pair_0009_sad,03,01,sad,-7.154477380960312
18,joint,actor_03_statement_01,independent_center,pair_0008_happy,03,01,happy,-0.24705339418347627
18,joint,actor_03_statement_01,independent_center,pair_0008_sad,03,01,sad,0.43689838539626713
18,joint,actor_03_statement_01,independent_center,pair_0009_happy,03,01,happy,1.7905174424530887
18,joint,actor_03_statement_01,independent_center,pair_0009_sad,03,01,sad,4.101048506241357
18,joint,actor_03_statement_01,independent_rank1,pair_0008_happy,03,01,happy,-0.7090830188821293
18,joint,actor_03_statement_01,independent_rank1,pair_0008_sad,03,01,sad,1.6872256296573518
18,joint,actor_03_statement_01,independent_rank1,pair_0009_happy,03,01,happy,0.9462783933535306
18,joint,actor_03_statement_01,independent_rank1,pair_0009_sad,03,01,sad,5.341066988899602
18,joint,actor_03_statement_02,raw,pair_0010_happy,03,02,happy,-43.73820575382062
18,joint,actor_03_statement_02,raw,pair_0010_sad,03,02,sad,-41.64338812521588
18,joint,actor_03_statement_02,raw,pair_0011_happy,03,02,happy,-44.524557422459544
18,joint,actor_03_statement_02,raw,pair_0011_sad,03,02,sad,-37.37027875548229
18,joint,actor_03_statement_02,source_center_noop,pair_0010_happy,03,02,happy,-43.73820575382062
18,joint,actor_03_statement_02,source_center_noop,pair_0010_sad,03,02,sad,-41.64338812521588
18,joint,actor_03_statement_02,source_center_noop,pair_0011_happy,03,02,happy,-44.524557422459544
18,joint,actor_03_statement_02,source_center_noop,pair_0011_sad,03,02,sad,-37.37027875548229
18,joint,actor_03_statement_02,independent_center,pair_0010_happy,03,02,happy,-1.3334549692285194
18,joint,actor_03_statement_02,independent_center,pair_0010_sad,03,02,sad,0.7613626593762248
18,joint,actor_03_statement_02,independent_center,pair_0011_happy,03,02,happy,-2.119806637867441
18,joint,actor_03_statement_02,independent_center,pair_0011_sad,03,02,sad,5.034472029109814
18,joint,actor_03_statement_02,independent_rank1,pair_0010_happy,03,02,happy,1.1353809147099696
18,joint,actor_03_statement_02,independent_rank1,pair_0010_sad,03,02,sad,2.5736421730687766
18,joint,actor_03_statement_02,independent_rank1,pair_0011_happy,03,02,happy,0.13153481638761377
18,joint,actor_03_statement_02,independent_rank1,pair_0011_sad,03,02,sad,8.623270939251569
18,joint,actor_04_statement_01,raw,pair_0012_happy,04,01,happy,-13.404451092462102
18,joint,actor_04_statement_01,raw,pair_0012_sad,04,01,sad,-12.947470054477677
18,joint,actor_04_statement_01,raw,pair_0013_happy,04,01,happy,-7.354494658886889
18,joint,actor_04_statement_01,raw,pair_0013_sad,04,01,sad,-9.845853127618831
18,joint,actor_04_statement_01,source_center_noop,pair_0012_happy,04,01,happy,-13.404451092462102
18,joint,actor_04_statement_01,source_center_noop,pair_0012_sad,04,01,sad,-12.947470054477677
18,joint,actor_04_statement_01,source_center_noop,pair_0013_happy,04,01,happy,-7.354494658886889
18,joint,actor_04_statement_01,source_center_noop,pair_0013_sad,04,01,sad,-9.845853127618831
18,joint,actor_04_statement_01,independent_center,pair_0012_happy,04,01,happy,-1.318287261549619
18,joint,actor_04_statement_01,independent_center,pair_0012_sad,04,01,sad,-0.8613062235651938
18,joint,actor_04_statement_01,independent_center,pair_0013_happy,04,01,happy,4.731669172025594
18,joint,actor_04_statement_01,independent_center,pair_0013_sad,04,01,sad,2.240310703293652
18,joint,actor_04_statement_01,independent_rank1,pair_0012_happy,04,01,happy,-2.471948085923355
18,joint,actor_04_statement_01,independent_rank1,pair_0012_sad,04,01,sad,-0.34685469959990556
18,joint,actor_04_statement_01,independent_rank1,pair_0013_happy,04,01,happy,4.476107754661353
18,joint,actor_04_statement_01,independent_rank1,pair_0013_sad,04,01,sad,2.1468151333657346
18,joint,actor_04_statement_02,raw,pair_0014_happy,04,02,happy,-31.8734949980491
18,joint,actor_04_statement_02,raw,pair_0014_sad,04,02,sad,-38.26940641348662
18,joint,actor_04_statement_02,raw,pair_0015_happy,04,02,happy,-34.319139132133714
18,joint,actor_04_statement_02,raw,pair_0015_sad,04,02,sad,-37.26866684256898
18,joint,actor_04_statement_02,source_center_noop,pair_0014_happy,04,02,happy,-31.8734949980491
18,joint,actor_04_statement_02,source_center_noop,pair_0014_sad,04,02,sad,-38.26940641348662
18,joint,actor_04_statement_02,source_center_noop,pair_0015_happy,04,02,happy,-34.319139132133714
18,joint,actor_04_statement_02,source_center_noop,pair_0015_sad,04,02,sad,-37.26866684256898
18,joint,actor_04_statement_02,independent_center,pair_0014_happy,04,02,happy,5.144540023023662
18,joint,actor_04_statement_02,independent_center,pair_0014_sad,04,02,sad,-1.2513713924138585
18,joint,actor_04_statement_02,independent_center,pair_0015_happy,04,02,happy,2.698895888939049
18,joint,actor_04_statement_02,independent_center,pair_0015_sad,04,02,sad,-0.25063182149622065
18,joint,actor_04_statement_02,independent_rank1,pair_0014_happy,04,02,happy,5.087560235871649
18,joint,actor_04_statement_02,independent_rank1,pair_0014_sad,04,02,sad,0.1909131486189537
18,joint,actor_04_statement_02,independent_rank1,pair_0015_happy,04,02,happy,3.7752608943808568
18,joint,actor_04_statement_02,independent_rank1,pair_0015_sad,04,02,sad,-0.6776264834130146
18,joint,actor_05_statement_01,raw,pair_0016_happy,05,01,happy,-22.00261685954355
18,joint,actor_05_statement_01,raw,pair_0016_sad,05,01,sad,-19.379178589865763
18,joint,actor_05_statement_01,raw,pair_0017_happy,05,01,happy,-15.264384843984688
18,joint,actor_05_statement_01,raw,pair_0017_sad,05,01,sad,-16.54615358972528
18,joint,actor_05_statement_01,source_center_noop,pair_0016_happy,05,01,happy,-22.00261685954355
18,joint,actor_05_statement_01,source_center_noop,pair_0016_sad,05,01,sad,-19.379178589865763
18,joint,actor_05_statement_01,source_center_noop,pair_0017_happy,05,01,happy,-15.264384843984688
18,joint,actor_05_statement_01,source_center_noop,pair_0017_sad,05,01,sad,-16.54615358972528
18,joint,actor_05_statement_01,independent_center,pair_0016_happy,05,01,happy,-8.838424798291873
18,joint,actor_05_statement_01,independent_center,pair_0016_sad,05,01,sad,-6.2149865286140855
18,joint,actor_05_statement_01,independent_center,pair_0017_happy,05,01,happy,-2.1001927827330107
18,joint,actor_05_statement_01,independent_center,pair_0017_sad,05,01,sad,-3.3819615284736013
18,joint,actor_05_statement_01,independent_rank1,pair_0016_happy,05,01,happy,-8.508477752392004
18,joint,actor_05_statement_01,independent_rank1,pair_0016_sad,05,01,sad,-8.628971580486802
18,joint,actor_05_statement_01,independent_rank1,pair_0017_happy,05,01,happy,-2.4640192891119526
18,joint,actor_05_statement_01,independent_rank1,pair_0017_sad,05,01,sad,-4.441443154029905
18,joint,actor_05_statement_02,raw,pair_0018_happy,05,02,happy,-40.520504191292574
18,joint,actor_05_statement_02,raw,pair_0018_sad,05,02,sad,-43.37803921504824
18,joint,actor_05_statement_02,raw,pair_0019_happy,05,02,happy,-27.399414862075385
18,joint,actor_05_statement_02,raw,pair_0019_sad,05,02,sad,-44.011004168925574
18,joint,actor_05_statement_02,source_center_noop,pair_0018_happy,05,02,happy,-40.520504191292574
18,joint,actor_05_statement_02,source_center_noop,pair_0018_sad,05,02,sad,-43.37803921504824
18,joint,actor_05_statement_02,source_center_noop,pair_0019_happy,05,02,happy,-27.399414862075385
18,joint,actor_05_statement_02,source_center_noop,pair_0019_sad,05,02,sad,-44.011004168925574
18,joint,actor_05_statement_02,independent_center,pair_0018_happy,05,02,happy,3.0951097885806504
18,joint,actor_05_statement_02,independent_center,pair_0018_sad,05,02,sad,0.23757476482498419
18,joint,actor_05_statement_02,independent_center,pair_0019_happy,05,02,happy,16.21619911779784
18,joint,actor_05_statement_02,independent_center,pair_0019_sad,05,02,sad,-0.3953901890523497
18,joint,actor_05_statement_02,independent_rank1,pair_0018_happy,05,02,happy,5.768958797948606
18,joint,actor_05_statement_02,independent_rank1,pair_0018_sad,05,02,sad,3.9842403741024697
18,joint,actor_05_statement_02,independent_rank1,pair_0019_happy,05,02,happy,11.015374040265968
18,joint,actor_05_statement_02,independent_rank1,pair_0019_sad,05,02,sad,-3.028324798114994
18,joint,actor_06_statement_01,raw,pair_0020_happy,06,01,happy,-11.542847533473232
18,joint,actor_06_statement_01,raw,pair_0020_sad,06,01,sad,-15.676421666928064
18,joint,actor_06_statement_01,raw,pair_0021_happy,06,01,happy,-1.8548656529967644
18,joint,actor_06_statement_01,raw,pair_0021_sad,06,01,sad,-13.99918588615477
18,joint,actor_06_statement_01,source_center_noop,pair_0020_happy,06,01,happy,-11.542847533473232
18,joint,actor_06_statement_01,source_center_noop,pair_0020_sad,06,01,sad,-15.676421666928064
18,joint,actor_06_statement_01,source_center_noop,pair_0021_happy,06,01,happy,-1.8548656529967644
18,joint,actor_06_statement_01,source_center_noop,pair_0021_sad,06,01,sad,-13.99918588615477
18,joint,actor_06_statement_01,independent_center,pair_0020_happy,06,01,happy,-0.1250627494954326
18,joint,actor_06_statement_01,independent_center,pair_0020_sad,06,01,sad,-4.258636882950265
18,joint,actor_06_statement_01,independent_center,pair_0021_happy,06,01,happy,9.562919130981035
18,joint,actor_06_statement_01,independent_center,pair_0021_sad,06,01,sad,-2.5814011021769705
18,joint,actor_06_statement_01,independent_rank1,pair_0020_happy,06,01,happy,-1.4589367061853196
18,joint,actor_06_statement_01,independent_rank1,pair_0020_sad,06,01,sad,-4.974223693074755
18,joint,actor_06_statement_01,independent_rank1,pair_0021_happy,06,01,happy,10.089216783416944
18,joint,actor_06_statement_01,independent_rank1,pair_0021_sad,06,01,sad,-3.6144616698313143
18,joint,actor_06_statement_02,raw,pair_0022_happy,06,02,happy,-40.587457449834616
18,joint,actor_06_statement_02,raw,pair_0022_sad,06,02,sad,-40.968257319744836
18,joint,actor_06_statement_02,raw,pair_0023_happy,06,02,happy,-36.181866105534105
18,joint,actor_06_statement_02,raw,pair_0023_sad,06,02,sad,-46.12880810367974
18,joint,actor_06_statement_02,source_center_noop,pair_0022_happy,06,02,happy,-40.587457449834616
18,joint,actor_06_statement_02,source_center_noop,pair_0022_sad,06,02,sad,-40.968257319744836
18,joint,actor_06_statement_02,source_center_noop,pair_0023_happy,06,02,happy,-36.181866105534105
18,joint,actor_06_statement_02,source_center_noop,pair_0023_sad,06,02,sad,-46.12880810367974
18,joint,actor_06_statement_02,independent_center,pair_0022_happy,06,02,happy,3.331254994360023
18,joint,actor_06_statement_02,independent_center,pair_0022_sad,06,02,sad,2.950455124449803
18,joint,actor_06_statement_02,independent_center,pair_0023_happy,06,02,happy,7.736846338660534
18,joint,actor_06_statement_02,independent_center,pair_0023_sad,06,02,sad,-2.2100956594850985
18,joint,actor_06_statement_02,independent_rank1,pair_0022_happy,06,02,happy,-0.27761928895582955
18,joint,actor_06_statement_02,independent_rank1,pair_0022_sad,06,02,sad,7.887652663452858
18,joint,actor_06_statement_02,independent_rank1,pair_0023_happy,06,02,happy,6.354309360678155
18,joint,actor_06_statement_02,independent_rank1,pair_0023_sad,06,02,sad,-0.20384059880759864
18,joint,actor_07_statement_01,raw,pair_0024_happy,07,01,happy,-6.36832863745666
18,joint,actor_07_statement_01,raw,pair_0024_sad,07,01,sad,-4.966093124496481
18,joint,actor_07_statement_01,raw,pair_0025_happy,07,01,happy,-3.117521763817088
18,joint,actor_07_statement_01,raw,pair_0025_sad,07,01,sad,-8.401225858575021
18,joint,actor_07_statement_01,source_center_noop,pair_0024_happy,07,01,happy,-6.36832863745666
18,joint,actor_07_statement_01,source_center_noop,pair_0024_sad,07,01,sad,-4.966093124496481
18,joint,actor_07_statement_01,source_center_noop,pair_0025_happy,07,01,happy,-3.117521763817088
18,joint,actor_07_statement_01,source_center_noop,pair_0025_sad,07,01,sad,-8.401225858575021
18,joint,actor_07_statement_01,independent_center,pair_0024_happy,07,01,happy,-0.06835427713405018
18,joint,actor_07_statement_01,independent_center,pair_0024_sad,07,01,sad,1.3338812358261283
18,joint,actor_07_statement_01,independent_center,pair_0025_happy,07,01,happy,3.182452596505522
18,joint,actor_07_statement_01,independent_center,pair_0025_sad,07,01,sad,-2.1012514982524113
18,joint,actor_07_statement_01,independent_rank1,pair_0024_happy,07,01,happy,-0.8883534907640893
18,joint,actor_07_statement_01,independent_rank1,pair_0024_sad,07,01,sad,0.7695643307300877
18,joint,actor_07_statement_01,independent_rank1,pair_0025_happy,07,01,happy,3.047809931874962
18,joint,actor_07_statement_01,independent_rank1,pair_0025_sad,07,01,sad,-1.9783538742398754
18,joint,actor_07_statement_02,raw,pair_0026_happy,07,02,happy,-30.80617153199818
18,joint,actor_07_statement_02,raw,pair_0026_sad,07,02,sad,-30.615309268060418
18,joint,actor_07_statement_02,raw,pair_0027_happy,07,02,happy,-30.80617153199818
18,joint,actor_07_statement_02,raw,pair_0027_sad,07,02,sad,-25.23670591951378
18,joint,actor_07_statement_02,source_center_noop,pair_0026_happy,07,02,happy,-30.80617153199818
18,joint,actor_07_statement_02,source_center_noop,pair_0026_sad,07,02,sad,-30.615309268060418
18,joint,actor_07_statement_02,source_center_noop,pair_0027_happy,07,02,happy,-30.80617153199818
18,joint,actor_07_statement_02,source_center_noop,pair_0027_sad,07,02,sad,-25.23670591951378
18,joint,actor_07_statement_02,independent_center,pair_0026_happy,07,02,happy,4.3471434896032335
18,joint,actor_07_statement_02,independent_center,pair_0026_sad,07,02,sad,4.538005753540997
18,joint,actor_07_statement_02,independent_center,pair_0027_happy,07,02,happy,4.3471434896032335
18,joint,actor_07_statement_02,independent_center,pair_0027_sad,07,02,sad,9.916609102087634
18,joint,actor_07_statement_02,independent_rank1,pair_0026_happy,07,02,happy,4.068483228693118
18,joint,actor_07_statement_02,independent_rank1,pair_0026_sad,07,02,sad,4.973934197738316
18,joint,actor_07_statement_02,independent_rank1,pair_0027_happy,07,02,happy,4.068483228693118
18,joint,actor_07_statement_02,independent_rank1,pair_0027_sad,07,02,sad,7.924352106166943
18,joint,actor_08_statement_01,raw,pair_0028_happy,08,01,happy,-23.970582723802345
18,joint,actor_08_statement_01,raw,pair_0028_sad,08,01,sad,-36.43013661128101
18,joint,actor_08_statement_01,raw,pair_0029_happy,08,01,happy,-20.1141008312813
18,joint,actor_08_statement_01,raw,pair_0029_sad,08,01,sad,-29.172434971494624
18,joint,actor_08_statement_01,source_center_noop,pair_0028_happy,08,01,happy,-23.970582723802345
18,joint,actor_08_statement_01,source_center_noop,pair_0028_sad,08,01,sad,-36.43013661128101
18,joint,actor_08_statement_01,source_center_noop,pair_0029_happy,08,01,happy,-20.1141008312813
18,joint,actor_08_statement_01,source_center_noop,pair_0029_sad,08,01,sad,-29.172434971494624
18,joint,actor_08_statement_01,independent_center,pair_0028_happy,08,01,happy,-6.41440859926518
18,joint,actor_08_statement_01,independent_center,pair_0028_sad,08,01,sad,-18.873962486743842
18,joint,actor_08_statement_01,independent_center,pair_0029_happy,08,01,happy,-2.5579267067441336
18,joint,actor_08_statement_01,independent_center,pair_0029_sad,08,01,sad,-11.61626084695746
18,joint,actor_08_statement_01,independent_rank1,pair_0028_happy,08,01,happy,-7.3054732345364215
18,joint,actor_08_statement_01,independent_rank1,pair_0028_sad,08,01,sad,-19.515947827856717
18,joint,actor_08_statement_01,independent_rank1,pair_0029_happy,08,01,happy,-2.7107744790005697
18,joint,actor_08_statement_01,independent_rank1,pair_0029_sad,08,01,sad,-14.550106089378808
18,joint,actor_08_statement_02,raw,pair_0030_happy,08,02,happy,-38.6549349197807
18,joint,actor_08_statement_02,raw,pair_0030_sad,08,02,sad,-53.98369740536364
18,joint,actor_08_statement_02,raw,pair_0031_happy,08,02,happy,-34.37620405937375
18,joint,actor_08_statement_02,raw,pair_0031_sad,08,02,sad,-42.15602573965813
18,joint,actor_08_statement_02,source_center_noop,pair_0030_happy,08,02,happy,-38.6549349197807
18,joint,actor_08_statement_02,source_center_noop,pair_0030_sad,08,02,sad,-53.98369740536364
18,joint,actor_08_statement_02,source_center_noop,pair_0031_happy,08,02,happy,-34.37620405937375
18,joint,actor_08_statement_02,source_center_noop,pair_0031_sad,08,02,sad,-42.15602573965813
18,joint,actor_08_statement_02,independent_center,pair_0030_happy,08,02,happy,6.306105217457905
18,joint,actor_08_statement_02,independent_center,pair_0030_sad,08,02,sad,-9.022657268125037
18,joint,actor_08_statement_02,independent_center,pair_0031_happy,08,02,happy,10.584836077864857
18,joint,actor_08_statement_02,independent_center,pair_0031_sad,08,02,sad,2.8050143975804716
18,joint,actor_08_statement_02,independent_rank1,pair_0030_happy,08,02,happy,-4.655469249158379
18,joint,actor_08_statement_02,independent_rank1,pair_0030_sad,08,02,sad,-18.640198674876302
18,joint,actor_08_statement_02,independent_rank1,pair_0031_happy,08,02,happy,1.9915287020879262
18,joint,actor_08_statement_02,independent_rank1,pair_0031_sad,08,02,sad,-14.671636244250859
18,joint,actor_09_statement_01,raw,pair_0032_happy,09,01,happy,-3.3862466701501823
18,joint,actor_09_statement_01,raw,pair_0032_sad,09,01,sad,-1.3843062773111292
18,joint,actor_09_statement_01,raw,pair_0033_happy,09,01,happy,-7.7596036451000465
18,joint,actor_09_statement_01,raw,pair_0033_sad,09,01,sad,-1.0920501793151125
18,joint,actor_09_statement_01,source_center_noop,pair_0032_happy,09,01,happy,-3.3862466701501823
18,joint,actor_09_statement_01,source_center_noop,pair_0032_sad,09,01,sad,-1.3843062773111292
18,joint,actor_09_statement_01,source_center_noop,pair_0033_happy,09,01,happy,-7.7596036451000465
18,joint,actor_09_statement_01,source_center_noop,pair_0033_sad,09,01,sad,-1.0920501793151125
18,joint,actor_09_statement_01,independent_center,pair_0032_happy,09,01,happy,2.8154027954764604
18,joint,actor_09_statement_01,independent_center,pair_0032_sad,09,01,sad,4.817343188315514
18,joint,actor_09_statement_01,independent_center,pair_0033_happy,09,01,happy,-1.5579541794734038
18,joint,actor_09_statement_01,independent_center,pair_0033_sad,09,01,sad,5.10959928631153
18,joint,actor_09_statement_01,independent_rank1,pair_0032_happy,09,01,happy,3.3682704931004324
18,joint,actor_09_statement_01,independent_rank1,pair_0032_sad,09,01,sad,5.4874355829931325
18,joint,actor_09_statement_01,independent_rank1,pair_0033_happy,09,01,happy,0.24068751134473843
18,joint,actor_09_statement_01,independent_rank1,pair_0033_sad,09,01,sad,6.439363840374398
18,joint,actor_09_statement_02,raw,pair_0034_happy,09,02,happy,-58.09268782027173
18,joint,actor_09_statement_02,raw,pair_0034_sad,09,02,sad,-49.980276439938315
18,joint,actor_09_statement_02,raw,pair_0035_happy,09,02,happy,-50.03592806561265
18,joint,actor_09_statement_02,raw,pair_0035_sad,09,02,sad,-56.65658629314974
18,joint,actor_09_statement_02,source_center_noop,pair_0034_happy,09,02,happy,-58.09268782027173
18,joint,actor_09_statement_02,source_center_noop,pair_0034_sad,09,02,sad,-49.980276439938315
18,joint,actor_09_statement_02,source_center_noop,pair_0035_happy,09,02,happy,-50.03592806561265
18,joint,actor_09_statement_02,source_center_noop,pair_0035_sad,09,02,sad,-56.65658629314974
18,joint,actor_09_statement_02,independent_center,pair_0034_happy,09,02,happy,-13.268618392100215
18,joint,actor_09_statement_02,independent_center,pair_0034_sad,09,02,sad,-5.156207011766803
18,joint,actor_09_statement_02,independent_center,pair_0035_happy,09,02,happy,-5.211858637441139
18,joint,actor_09_statement_02,independent_center,pair_0035_sad,09,02,sad,-11.832516864978231
18,joint,actor_09_statement_02,independent_rank1,pair_0034_happy,09,02,happy,-8.876570339870213
18,joint,actor_09_statement_02,independent_rank1,pair_0034_sad,09,02,sad,-1.4251550082947837
18,joint,actor_09_statement_02,independent_rank1,pair_0035_happy,09,02,happy,0.6167349735619965
18,joint,actor_09_statement_02,independent_rank1,pair_0035_sad,09,02,sad,-10.038262370308317
18,joint,actor_10_statement_01,raw,pair_0036_happy,10,01,happy,-20.99474859431673
18,joint,actor_10_statement_01,raw,pair_0036_sad,10,01,sad,-16.567537853996274
18,joint,actor_10_statement_01,raw,pair_0037_happy,10,01,happy,-12.240905195086146
18,joint,actor_10_statement_01,raw,pair_0037_sad,10,01,sad,-19.538472322118515
18,joint,actor_10_statement_01,source_center_noop,pair_0036_happy,10,01,happy,-20.99474859431673
18,joint,actor_10_statement_01,source_center_noop,pair_0036_sad,10,01,sad,-16.567537853996274
18,joint,actor_10_statement_01,source_center_noop,pair_0037_happy,10,01,happy,-12.240905195086146
18,joint,actor_10_statement_01,source_center_noop,pair_0037_sad,10,01,sad,-19.538472322118515
18,joint,actor_10_statement_01,independent_center,pair_0036_happy,10,01,happy,-4.415254358708722
18,joint,actor_10_statement_01,independent_center,pair_0036_sad,10,01,sad,0.01195638161173207
18,joint,actor_10_statement_01,independent_center,pair_0037_happy,10,01,happy,4.33858904052186
18,joint,actor_10_statement_01,independent_center,pair_0037_sad,10,01,sad,-2.958978086510509
18,joint,actor_10_statement_01,independent_rank1,pair_0036_happy,10,01,happy,-3.604504159610677
18,joint,actor_10_statement_01,independent_rank1,pair_0036_sad,10,01,sad,0.5908308584495252
18,joint,actor_10_statement_01,independent_rank1,pair_0037_happy,10,01,happy,5.155909499391342
18,joint,actor_10_statement_01,independent_rank1,pair_0037_sad,10,01,sad,-3.9983835059048793
18,joint,actor_10_statement_02,raw,pair_0038_happy,10,02,happy,-53.645396432571786
18,joint,actor_10_statement_02,raw,pair_0038_sad,10,02,sad,-35.29136080822404
18,joint,actor_10_statement_02,raw,pair_0039_happy,10,02,happy,-28.742988770890875
18,joint,actor_10_statement_02,raw,pair_0039_sad,10,02,sad,-25.392822738643115
18,joint,actor_10_statement_02,source_center_noop,pair_0038_happy,10,02,happy,-53.645396432571786
18,joint,actor_10_statement_02,source_center_noop,pair_0038_sad,10,02,sad,-35.29136080822404
18,joint,actor_10_statement_02,source_center_noop,pair_0039_happy,10,02,happy,-28.742988770890875
18,joint,actor_10_statement_02,source_center_noop,pair_0039_sad,10,02,sad,-25.392822738643115
18,joint,actor_10_statement_02,independent_center,pair_0038_happy,10,02,happy,-21.775954650929176
18,joint,actor_10_statement_02,independent_center,pair_0038_sad,10,02,sad,-3.421919026581431
18,joint,actor_10_statement_02,independent_center,pair_0039_happy,10,02,happy,3.126453010751735
18,joint,actor_10_statement_02,independent_center,pair_0039_sad,10,02,sad,6.476619042999495
18,joint,actor_10_statement_02,independent_rank1,pair_0038_happy,10,02,happy,-18.73638896633703
18,joint,actor_10_statement_02,independent_rank1,pair_0038_sad,10,02,sad,-14.578075166392836
18,joint,actor_10_statement_02,independent_rank1,pair_0039_happy,10,02,happy,0.6242305538155826
18,joint,actor_10_statement_02,independent_rank1,pair_0039_sad,10,02,sad,3.6712246901674135
18,joint,actor_11_statement_01,raw,pair_0040_happy,11,01,happy,-7.255544747903414
18,joint,actor_11_statement_01,raw,pair_0040_sad,11,01,sad,-2.1525942724113527
18,joint,actor_11_statement_01,raw,pair_0041_happy,11,01,happy,-16.526527486142875
18,joint,actor_11_statement_01,raw,pair_0041_sad,11,01,sad,-8.557084621196623
18,joint,actor_11_statement_01,source_center_noop,pair_0040_happy,11,01,happy,-7.255544747903414
18,joint,actor_11_statement_01,source_center_noop,pair_0040_sad,11,01,sad,-2.1525942724113527
18,joint,actor_11_statement_01,source_center_noop,pair_0041_happy,11,01,happy,-16.526527486142875
18,joint,actor_11_statement_01,source_center_noop,pair_0041_sad,11,01,sad,-8.557084621196623
18,joint,actor_11_statement_01,independent_center,pair_0040_happy,11,01,happy,1.7109009259187715
18,joint,actor_11_statement_01,independent_center,pair_0040_sad,11,01,sad,6.813851401410833
18,joint,actor_11_statement_01,independent_center,pair_0041_happy,11,01,happy,-7.560081812320689
18,joint,actor_11_statement_01,independent_center,pair_0041_sad,11,01,sad,0.4093610526255631
18,joint,actor_11_statement_01,independent_rank1,pair_0040_happy,11,01,happy,1.4350719525121818
18,joint,actor_11_statement_01,independent_rank1,pair_0040_sad,11,01,sad,7.837949808628693
18,joint,actor_11_statement_01,independent_rank1,pair_0041_happy,11,01,happy,-7.406269490168555
18,joint,actor_11_statement_01,independent_rank1,pair_0041_sad,11,01,sad,0.3952671361554998
18,joint,actor_11_statement_02,raw,pair_0042_happy,11,02,happy,-44.43702347148296
18,joint,actor_11_statement_02,raw,pair_0042_sad,11,02,sad,-49.319180650274646
18,joint,actor_11_statement_02,raw,pair_0043_happy,11,02,happy,-49.249042639605726
18,joint,actor_11_statement_02,raw,pair_0043_sad,11,02,sad,-40.942491573277906
18,joint,actor_11_statement_02,source_center_noop,pair_0042_happy,11,02,happy,-44.43702347148296
18,joint,actor_11_statement_02,source_center_noop,pair_0042_sad,11,02,sad,-49.319180650274646
18,joint,actor_11_statement_02,source_center_noop,pair_0043_happy,11,02,happy,-49.249042639605726
18,joint,actor_11_statement_02,source_center_noop,pair_0043_sad,11,02,sad,-40.942491573277906
18,joint,actor_11_statement_02,independent_center,pair_0042_happy,11,02,happy,-0.5485758514752206
18,joint,actor_11_statement_02,independent_center,pair_0042_sad,11,02,sad,-5.430733030266907
18,joint,actor_11_statement_02,independent_center,pair_0043_happy,11,02,happy,-5.360595019597987
18,joint,actor_11_statement_02,independent_center,pair_0043_sad,11,02,sad,2.945956046729833
18,joint,actor_11_statement_02,independent_rank1,pair_0042_happy,11,02,happy,2.925203417752037
18,joint,actor_11_statement_02,independent_rank1,pair_0042_sad,11,02,sad,-8.019551321293143
18,joint,actor_11_statement_02,independent_rank1,pair_0043_happy,11,02,happy,-3.1647960795531347
18,joint,actor_11_statement_02,independent_rank1,pair_0043_sad,11,02,sad,1.7397123847828695
18,joint,actor_12_statement_01,raw,pair_0044_happy,12,01,happy,-4.407163734790846
18,joint,actor_12_statement_01,raw,pair_0044_sad,12,01,sad,-5.329321240174966
18,joint,actor_12_statement_01,raw,pair_0045_happy,12,01,happy,-0.5375863202880602
18,joint,actor_12_statement_01,raw,pair_0045_sad,12,01,sad,-7.257278185531424
18,joint,actor_12_statement_01,source_center_noop,pair_0044_happy,12,01,happy,-4.407163734790846
18,joint,actor_12_statement_01,source_center_noop,pair_0044_sad,12,01,sad,-5.329321240174966
18,joint,actor_12_statement_01,source_center_noop,pair_0045_happy,12,01,happy,-0.5375863202880602
18,joint,actor_12_statement_01,source_center_noop,pair_0045_sad,12,01,sad,-7.257278185531424
18,joint,actor_12_statement_01,independent_center,pair_0044_happy,12,01,happy,3.0607747320876104
18,joint,actor_12_statement_01,independent_center,pair_0044_sad,12,01,sad,2.1386172267034897
18,joint,actor_12_statement_01,independent_center,pair_0045_happy,12,01,happy,6.930352146590396
18,joint,actor_12_statement_01,independent_center,pair_0045_sad,12,01,sad,0.21066028134703174
18,joint,actor_12_statement_01,independent_rank1,pair_0044_happy,12,01,happy,2.332594277602425
18,joint,actor_12_statement_01,independent_rank1,pair_0044_sad,12,01,sad,2.8523078746869466
18,joint,actor_12_statement_01,independent_rank1,pair_0045_happy,12,01,happy,6.651867125814906
18,joint,actor_12_statement_01,independent_rank1,pair_0045_sad,12,01,sad,-0.2792428948624419
18,joint,actor_12_statement_02,raw,pair_0046_happy,12,02,happy,-40.90814823050561
18,joint,actor_12_statement_02,raw,pair_0046_sad,12,02,sad,-39.356440023671
18,joint,actor_12_statement_02,raw,pair_0047_happy,12,02,happy,-41.78604859993732
18,joint,actor_12_statement_02,raw,pair_0047_sad,12,02,sad,-40.95708113173458
18,joint,actor_12_statement_02,source_center_noop,pair_0046_happy,12,02,happy,-40.90814823050561
18,joint,actor_12_statement_02,source_center_noop,pair_0046_sad,12,02,sad,-39.356440023671
18,joint,actor_12_statement_02,source_center_noop,pair_0047_happy,12,02,happy,-41.78604859993732
18,joint,actor_12_statement_02,source_center_noop,pair_0047_sad,12,02,sad,-40.95708113173458
18,joint,actor_12_statement_02,independent_center,pair_0046_happy,12,02,happy,3.3469763304214197
18,joint,actor_12_statement_02,independent_center,pair_0046_sad,12,02,sad,4.898684537256031
18,joint,actor_12_statement_02,independent_center,pair_0047_happy,12,02,happy,2.469075960989713
18,joint,actor_12_statement_02,independent_center,pair_0047_sad,12,02,sad,3.2980434291924468
18,joint,actor_12_statement_02,independent_rank1,pair_0046_happy,12,02,happy,4.863696863879014
18,joint,actor_12_statement_02,independent_rank1,pair_0046_sad,12,02,sad,1.0596281298917773
18,joint,actor_12_statement_02,independent_rank1,pair_0047_happy,12,02,happy,5.531878751486083
18,joint,actor_12_statement_02,independent_rank1,pair_0047_sad,12,02,sad,2.2030978204717044
18,joint,actor_13_statement_01,raw,pair_0048_happy,13,01,happy,-14.904051190856054
18,joint,actor_13_statement_01,raw,pair_0048_sad,13,01,sad,-11.08763572291132
18,joint,actor_13_statement_01,raw,pair_0049_happy,13,01,happy,-0.8087081547856556
18,joint,actor_13_statement_01,raw,pair_0049_sad,13,01,sad,-12.443646365573796
18,joint,actor_13_statement_01,source_center_noop,pair_0048_happy,13,01,happy,-14.904051190856054
18,joint,actor_13_statement_01,source_center_noop,pair_0048_sad,13,01,sad,-11.08763572291132
18,joint,actor_13_statement_01,source_center_noop,pair_0049_happy,13,01,happy,-0.8087081547856556
18,joint,actor_13_statement_01,source_center_noop,pair_0049_sad,13,01,sad,-12.443646365573796
18,joint,actor_13_statement_01,independent_center,pair_0048_happy,13,01,happy,-5.407051495710416
18,joint,actor_13_statement_01,independent_center,pair_0048_sad,13,01,sad,-1.590636027765683
18,joint,actor_13_statement_01,independent_center,pair_0049_happy,13,01,happy,8.688291540359982
18,joint,actor_13_statement_01,independent_center,pair_0049_sad,13,01,sad,-2.9466466704281586
18,joint,actor_13_statement_01,independent_rank1,pair_0048_happy,13,01,happy,-6.073306399692335
18,joint,actor_13_statement_01,independent_rank1,pair_0048_sad,13,01,sad,-2.150361043530964
18,joint,actor_13_statement_01,independent_rank1,pair_0049_happy,13,01,happy,9.30232995526221
18,joint,actor_13_statement_01,independent_rank1,pair_0049_sad,13,01,sad,-3.3976418110213444
18,joint,actor_13_statement_02,raw,pair_0050_happy,13,02,happy,-35.4121999318708
18,joint,actor_13_statement_02,raw,pair_0050_sad,13,02,sad,-39.28716865576874
18,joint,actor_13_statement_02,raw,pair_0051_happy,13,02,happy,-34.23571599366809
18,joint,actor_13_statement_02,raw,pair_0051_sad,13,02,sad,-40.86872215733318
18,joint,actor_13_statement_02,source_center_noop,pair_0050_happy,13,02,happy,-35.4121999318708
18,joint,actor_13_statement_02,source_center_noop,pair_0050_sad,13,02,sad,-39.28716865576874
18,joint,actor_13_statement_02,source_center_noop,pair_0051_happy,13,02,happy,-34.23571599366809
18,joint,actor_13_statement_02,source_center_noop,pair_0051_sad,13,02,sad,-40.86872215733318
18,joint,actor_13_statement_02,independent_center,pair_0050_happy,13,02,happy,3.515040986926607
18,joint,actor_13_statement_02,independent_center,pair_0050_sad,13,02,sad,-0.3599277369713292
18,joint,actor_13_statement_02,independent_center,pair_0051_happy,13,02,happy,4.691524925129322
18,joint,actor_13_statement_02,independent_center,pair_0051_sad,13,02,sad,-1.941481238535772
18,joint,actor_13_statement_02,independent_rank1,pair_0050_happy,13,02,happy,5.35583952734126
18,joint,actor_13_statement_02,independent_rank1,pair_0050_sad,13,02,sad,1.1488023093364745
18,joint,actor_13_statement_02,independent_rank1,pair_0051_happy,13,02,happy,9.744704322492055
18,joint,actor_13_statement_02,independent_rank1,pair_0051_sad,13,02,sad,2.072778939158013
18,joint,actor_14_statement_01,raw,pair_0052_happy,14,01,happy,-9.751606344675029
18,joint,actor_14_statement_01,raw,pair_0052_sad,14,01,sad,-7.277078208937699
18,joint,actor_14_statement_01,raw,pair_0053_happy,14,01,happy,-10.066700957680297
18,joint,actor_14_statement_01,raw,pair_0053_sad,14,01,sad,-9.48495783034193
18,joint,actor_14_statement_01,source_center_noop,pair_0052_happy,14,01,happy,-9.751606344675029
18,joint,actor_14_statement_01,source_center_noop,pair_0052_sad,14,01,sad,-7.277078208937699
18,joint,actor_14_statement_01,source_center_noop,pair_0053_happy,14,01,happy,-10.066700957680297
18,joint,actor_14_statement_01,source_center_noop,pair_0053_sad,14,01,sad,-9.48495783034193
18,joint,actor_14_statement_01,independent_center,pair_0052_happy,14,01,happy,0.4412788690689631
18,joint,actor_14_statement_01,independent_center,pair_0052_sad,14,01,sad,2.915807004806293
18,joint,actor_14_statement_01,independent_center,pair_0053_happy,14,01,happy,0.126184256063695
18,joint,actor_14_statement_01,independent_center,pair_0053_sad,14,01,sad,0.7079273834020618
18,joint,actor_14_statement_01,independent_rank1,pair_0052_happy,14,01,happy,1.1010782879219896
18,joint,actor_14_statement_01,independent_rank1,pair_0052_sad,14,01,sad,3.1106445716944116
18,joint,actor_14_statement_01,independent_rank1,pair_0053_happy,14,01,happy,0.9730456311255722
18,joint,actor_14_statement_01,independent_rank1,pair_0053_sad,14,01,sad,0.9806475013938858
18,joint,actor_14_statement_02,raw,pair_0054_happy,14,02,happy,-30.276556771908062
18,joint,actor_14_statement_02,raw,pair_0054_sad,14,02,sad,-39.664335381630224
18,joint,actor_14_statement_02,raw,pair_0055_happy,14,02,happy,-34.61598898054194
18,joint,actor_14_statement_02,raw,pair_0055_sad,14,02,sad,-41.22465376138938
18,joint,actor_14_statement_02,source_center_noop,pair_0054_happy,14,02,happy,-30.276556771908062
18,joint,actor_14_statement_02,source_center_noop,pair_0054_sad,14,02,sad,-39.664335381630224
18,joint,actor_14_statement_02,source_center_noop,pair_0055_happy,14,02,happy,-34.61598898054194
18,joint,actor_14_statement_02,source_center_noop,pair_0055_sad,14,02,sad,-41.22465376138938
18,joint,actor_14_statement_02,independent_center,pair_0054_happy,14,02,happy,6.339305034482209
18,joint,actor_14_statement_02,independent_center,pair_0054_sad,14,02,sad,-3.048473575239953
18,joint,actor_14_statement_02,independent_center,pair_0055_happy,14,02,happy,1.9998728258483283
18,joint,actor_14_statement_02,independent_center,pair_0055_sad,14,02,sad,-4.608791954999113
18,joint,actor_14_statement_02,independent_rank1,pair_0054_happy,14,02,happy,5.5607528616578605
18,joint,actor_14_statement_02,independent_rank1,pair_0054_sad,14,02,sad,-0.893809240386851
18,joint,actor_14_statement_02,independent_rank1,pair_0055_happy,14,02,happy,2.3843933122417624
18,joint,actor_14_statement_02,independent_rank1,pair_0055_sad,14,02,sad,-3.1185614810903743
18,joint,actor_15_statement_01,raw,pair_0056_happy,15,01,happy,-11.854561346775611
18,joint,actor_15_statement_01,raw,pair_0056_sad,15,01,sad,-24.209386968353144
18,joint,actor_15_statement_01,raw,pair_0057_happy,15,01,happy,-10.860652031350831
18,joint,actor_15_statement_01,raw,pair_0057_sad,15,01,sad,-12.348225818919804
18,joint,actor_15_statement_01,source_center_noop,pair_0056_happy,15,01,happy,-11.854561346775611
18,joint,actor_15_statement_01,source_center_noop,pair_0056_sad,15,01,sad,-24.209386968353144
18,joint,actor_15_statement_01,source_center_noop,pair_0057_happy,15,01,happy,-10.860652031350831
18,joint,actor_15_statement_01,source_center_noop,pair_0057_sad,15,01,sad,-12.348225818919804
18,joint,actor_15_statement_01,independent_center,pair_0056_happy,15,01,happy,-0.4316573401439481
18,joint,actor_15_statement_01,independent_center,pair_0056_sad,15,01,sad,-12.78648296172148
18,joint,actor_15_statement_01,independent_center,pair_0057_happy,15,01,happy,0.5622519752808319
18,joint,actor_15_statement_01,independent_center,pair_0057_sad,15,01,sad,-0.925321812288141
18,joint,actor_15_statement_01,independent_rank1,pair_0056_happy,15,01,happy,-0.8754665945652036
18,joint,actor_15_statement_01,independent_rank1,pair_0056_sad,15,01,sad,-17.722173463037
18,joint,actor_15_statement_01,independent_rank1,pair_0057_happy,15,01,happy,0.055308376180068564
18,joint,actor_15_statement_01,independent_rank1,pair_0057_sad,15,01,sad,-1.7548651467339802
18,joint,actor_15_statement_02,raw,pair_0058_happy,15,02,happy,-46.136845466658116
18,joint,actor_15_statement_02,raw,pair_0058_sad,15,02,sad,-35.49227055719878
18,joint,actor_15_statement_02,raw,pair_0059_happy,15,02,happy,-34.16388786666758
18,joint,actor_15_statement_02,raw,pair_0059_sad,15,02,sad,-60.26291395230172
18,joint,actor_15_statement_02,source_center_noop,pair_0058_happy,15,02,happy,-46.136845466658116
18,joint,actor_15_statement_02,source_center_noop,pair_0058_sad,15,02,sad,-35.49227055719878
18,joint,actor_15_statement_02,source_center_noop,pair_0059_happy,15,02,happy,-34.16388786666758
18,joint,actor_15_statement_02,source_center_noop,pair_0059_sad,15,02,sad,-60.26291395230172
18,joint,actor_15_statement_02,independent_center,pair_0058_happy,15,02,happy,-5.575962714999335
18,joint,actor_15_statement_02,independent_center,pair_0058_sad,15,02,sad,5.068612194460002
18,joint,actor_15_statement_02,independent_center,pair_0059_happy,15,02,happy,6.3969948849912015
18,joint,actor_15_statement_02,independent_center,pair_0059_sad,15,02,sad,-19.702031200642942
18,joint,actor_15_statement_02,independent_rank1,pair_0058_happy,15,02,happy,-2.0831557098365288
18,joint,actor_15_statement_02,independent_rank1,pair_0058_sad,15,02,sad,9.177953243532109
18,joint,actor_15_statement_02,independent_rank1,pair_0059_happy,15,02,happy,5.435150662084837
18,joint,actor_15_statement_02,independent_rank1,pair_0059_sad,15,02,sad,-15.106230982800273
18,joint,actor_16_statement_01,raw,pair_0060_happy,16,01,happy,0.23127620105160318
18,joint,actor_16_statement_01,raw,pair_0060_sad,16,01,sad,0.29788941216370546
18,joint,actor_16_statement_01,raw,pair_0061_happy,16,01,happy,1.9151119781455002
18,joint,actor_16_statement_01,raw,pair_0061_sad,16,01,sad,-4.3465488897564875
18,joint,actor_16_statement_01,source_center_noop,pair_0060_happy,16,01,happy,0.23127620105160318
18,joint,actor_16_statement_01,source_center_noop,pair_0060_sad,16,01,sad,0.29788941216370546
18,joint,actor_16_statement_01,source_center_noop,pair_0061_happy,16,01,happy,1.9151119781455002
18,joint,actor_16_statement_01,source_center_noop,pair_0061_sad,16,01,sad,-4.3465488897564875
18,joint,actor_16_statement_01,independent_center,pair_0060_happy,16,01,happy,3.407072867744086
18,joint,actor_16_statement_01,independent_center,pair_0060_sad,16,01,sad,3.473686078856188
18,joint,actor_16_statement_01,independent_center,pair_0061_happy,16,01,happy,5.090908644837983
18,joint,actor_16_statement_01,independent_center,pair_0061_sad,16,01,sad,-1.1707522230640048
18,joint,actor_16_statement_01,independent_rank1,pair_0060_happy,16,01,happy,3.5039582275745964
18,joint,actor_16_statement_01,independent_rank1,pair_0060_sad,16,01,sad,3.997259452046926
18,joint,actor_16_statement_01,independent_rank1,pair_0061_happy,16,01,happy,4.612650127349081
18,joint,actor_16_statement_01,independent_rank1,pair_0061_sad,16,01,sad,-1.0217793725613156
18,joint,actor_16_statement_02,raw,pair_0062_happy,16,02,happy,-44.65371473008673
18,joint,actor_16_statement_02,raw,pair_0062_sad,16,02,sad,-52.39750343622411
18,joint,actor_16_statement_02,raw,pair_0063_happy,16,02,happy,-41.84527482178042
18,joint,actor_16_statement_02,raw,pair_0063_sad,16,02,sad,-42.35342225865762
18,joint,actor_16_statement_02,source_center_noop,pair_0062_happy,16,02,happy,-44.65371473008673
18,joint,actor_16_statement_02,source_center_noop,pair_0062_sad,16,02,sad,-52.39750343622411
18,joint,actor_16_statement_02,source_center_noop,pair_0063_happy,16,02,happy,-41.84527482178042
18,joint,actor_16_statement_02,source_center_noop,pair_0063_sad,16,02,sad,-42.35342225865762
18,joint,actor_16_statement_02,independent_center,pair_0062_happy,16,02,happy,2.762545572937775
18,joint,actor_16_statement_02,independent_center,pair_0062_sad,16,02,sad,-4.981243133199605
18,joint,actor_16_statement_02,independent_center,pair_0063_happy,16,02,happy,5.570985481244087
18,joint,actor_16_statement_02,independent_center,pair_0063_sad,16,02,sad,5.062838044366885
18,joint,actor_16_statement_02,independent_rank1,pair_0062_happy,16,02,happy,3.9861515327877086
18,joint,actor_16_statement_02,independent_rank1,pair_0062_sad,16,02,sad,-1.8543157881368515
18,joint,actor_16_statement_02,independent_rank1,pair_0063_happy,16,02,happy,7.998663131269744
18,joint,actor_16_statement_02,independent_rank1,pair_0063_sad,16,02,sad,-2.8325857075543155
18,joint,actor_17_statement_01,raw,pair_0064_happy,17,01,happy,3.1443535052268032
18,joint,actor_17_statement_01,raw,pair_0064_sad,17,01,sad,6.9855707872436525
18,joint,actor_17_statement_01,raw,pair_0065_happy,17,01,happy,-6.138208480277658
18,joint,actor_17_statement_01,raw,pair_0065_sad,17,01,sad,-4.876618183009118
18,joint,actor_17_statement_01,source_center_noop,pair_0064_happy,17,01,happy,3.1443535052268032
18,joint,actor_17_statement_01,source_center_noop,pair_0064_sad,17,01,sad,6.9855707872436525
18,joint,actor_17_statement_01,source_center_noop,pair_0065_happy,17,01,happy,-6.138208480277658
18,joint,actor_17_statement_01,source_center_noop,pair_0065_sad,17,01,sad,-4.876618183009118
18,joint,actor_17_statement_01,independent_center,pair_0064_happy,17,01,happy,2.8384335734350454
18,joint,actor_17_statement_01,independent_center,pair_0064_sad,17,01,sad,6.679650855451895
18,joint,actor_17_statement_01,independent_center,pair_0065_happy,17,01,happy,-6.444128412069416
18,joint,actor_17_statement_01,independent_center,pair_0065_sad,17,01,sad,-5.182538114800876
18,joint,actor_17_statement_01,independent_rank1,pair_0064_happy,17,01,happy,2.985301894210739
18,joint,actor_17_statement_01,independent_rank1,pair_0064_sad,17,01,sad,6.92196101126493
18,joint,actor_17_statement_01,independent_rank1,pair_0065_happy,17,01,happy,-6.377733153321806
18,joint,actor_17_statement_01,independent_rank1,pair_0065_sad,17,01,sad,-5.44161064745634
18,joint,actor_17_statement_02,raw,pair_0066_happy,17,02,happy,-35.014074264247775
18,joint,actor_17_statement_02,raw,pair_0066_sad,17,02,sad,-37.45560727155369
18,joint,actor_17_statement_02,raw,pair_0067_happy,17,02,happy,-40.70451709921814
18,joint,actor_17_statement_02,raw,pair_0067_sad,17,02,sad,-33.9974164174004
18,joint,actor_17_statement_02,source_center_noop,pair_0066_happy,17,02,happy,-35.014074264247775
18,joint,actor_17_statement_02,source_center_noop,pair_0066_sad,17,02,sad,-37.45560727155369
18,joint,actor_17_statement_02,source_center_noop,pair_0067_happy,17,02,happy,-40.70451709921814
18,joint,actor_17_statement_02,source_center_noop,pair_0067_sad,17,02,sad,-33.9974164174004
18,joint,actor_17_statement_02,independent_center,pair_0066_happy,17,02,happy,-1.9783992266540125
18,joint,actor_17_statement_02,independent_center,pair_0066_sad,17,02,sad,-4.419932233959926
18,joint,actor_17_statement_02,independent_center,pair_0067_happy,17,02,happy,-7.668842061624375
18,joint,actor_17_statement_02,independent_center,pair_0067_sad,17,02,sad,-0.9617413798066394
18,joint,actor_17_statement_02,independent_rank1,pair_0066_happy,17,02,happy,-0.17764159370398858
18,joint,actor_17_statement_02,independent_rank1,pair_0066_sad,17,02,sad,1.4699816935646055
18,joint,actor_17_statement_02,independent_rank1,pair_0067_happy,17,02,happy,-8.988806276607509
18,joint,actor_17_statement_02,independent_rank1,pair_0067_sad,17,02,sad,-1.2545844756590903
18,joint,actor_18_statement_01,raw,pair_0068_happy,18,01,happy,-3.41273593911923
18,joint,actor_18_statement_01,raw,pair_0068_sad,18,01,sad,-4.743052099125531
18,joint,actor_18_statement_01,raw,pair_0069_happy,18,01,happy,-20.593542709598115
18,joint,actor_18_statement_01,raw,pair_0069_sad,18,01,sad,-0.5417265842259873
18,joint,actor_18_statement_01,source_center_noop,pair_0068_happy,18,01,happy,-3.41273593911923
18,joint,actor_18_statement_01,source_center_noop,pair_0068_sad,18,01,sad,-4.743052099125531
18,joint,actor_18_statement_01,source_center_noop,pair_0069_happy,18,01,happy,-20.593542709598115
18,joint,actor_18_statement_01,source_center_noop,pair_0069_sad,18,01,sad,-0.5417265842259873
18,joint,actor_18_statement_01,independent_center,pair_0068_happy,18,01,happy,7.139274587626959
18,joint,actor_18_statement_01,independent_center,pair_0068_sad,18,01,sad,5.808958427620658
18,joint,actor_18_statement_01,independent_center,pair_0069_happy,18,01,happy,-10.041532182851926
18,joint,actor_18_statement_01,independent_center,pair_0069_sad,18,01,sad,10.010283942520202
18,joint,actor_18_statement_01,independent_rank1,pair_0068_happy,18,01,happy,8.52892859315168
18,joint,actor_18_statement_01,independent_rank1,pair_0068_sad,18,01,sad,5.259543027912411
18,joint,actor_18_statement_01,independent_rank1,pair_0069_happy,18,01,happy,-13.413623016712977
18,joint,actor_18_statement_01,independent_rank1,pair_0069_sad,18,01,sad,11.057220931477833
18,joint,actor_18_statement_02,raw,pair_0070_happy,18,02,happy,-37.36570406886262
18,joint,actor_18_statement_02,raw,pair_0070_sad,18,02,sad,-38.95642363412034
18,joint,actor_18_statement_02,raw,pair_0071_happy,18,02,happy,-28.854167301588845
18,joint,actor_18_statement_02,raw,pair_0071_sad,18,02,sad,-35.30872903437059
18,joint,actor_18_statement_02,source_center_noop,pair_0070_happy,18,02,happy,-37.36570406886262
18,joint,actor_18_statement_02,source_center_noop,pair_0070_sad,18,02,sad,-38.95642363412034
18,joint,actor_18_statement_02,source_center_noop,pair_0071_happy,18,02,happy,-28.854167301588845
18,joint,actor_18_statement_02,source_center_noop,pair_0071_sad,18,02,sad,-35.30872903437059
18,joint,actor_18_statement_02,independent_center,pair_0070_happy,18,02,happy,-0.5268003253589839
18,joint,actor_18_statement_02,independent_center,pair_0070_sad,18,02,sad,-2.1175198906167054
18,joint,actor_18_statement_02,independent_center,pair_0071_happy,18,02,happy,7.984736441914791
18,joint,actor_18_statement_02,independent_center,pair_0071_sad,18,02,sad,1.5301747091330427
18,joint,actor_18_statement_02,independent_rank1,pair_0070_happy,18,02,happy,3.274172877987553
18,joint,actor_18_statement_02,independent_rank1,pair_0070_sad,18,02,sad,0.6203114168411119
18,joint,actor_18_statement_02,independent_rank1,pair_0071_happy,18,02,happy,-13.548386802402565
18,joint,actor_18_statement_02,independent_rank1,pair_0071_sad,18,02,sad,-0.9665586853516146
18,joint,actor_19_statement_01,raw,pair_0072_happy,19,01,happy,-6.088742415740114
18,joint,actor_19_statement_01,raw,pair_0072_sad,19,01,sad,-5.788866734420971
18,joint,actor_19_statement_01,raw,pair_0073_happy,19,01,happy,-9.435132529637652
18,joint,actor_19_statement_01,raw,pair_0073_sad,19,01,sad,-12.983157843213288
18,joint,actor_19_statement_01,source_center_noop,pair_0072_happy,19,01,happy,-6.088742415740114
18,joint,actor_19_statement_01,source_center_noop,pair_0072_sad,19,01,sad,-5.788866734420971
18,joint,actor_19_statement_01,source_center_noop,pair_0073_happy,19,01,happy,-9.435132529637652
18,joint,actor_19_statement_01,source_center_noop,pair_0073_sad,19,01,sad,-12.983157843213288
18,joint,actor_19_statement_01,independent_center,pair_0072_happy,19,01,happy,5.406510696448688
18,joint,actor_19_statement_01,independent_center,pair_0072_sad,19,01,sad,5.706386377767831
18,joint,actor_19_statement_01,independent_center,pair_0073_happy,19,01,happy,2.06012058255115
18,joint,actor_19_statement_01,independent_center,pair_0073_sad,19,01,sad,-1.4879047310244857
18,joint,actor_19_statement_01,independent_rank1,pair_0072_happy,19,01,happy,6.109339539136339
18,joint,actor_19_statement_01,independent_rank1,pair_0072_sad,19,01,sad,5.85134105911197
18,joint,actor_19_statement_01,independent_rank1,pair_0073_happy,19,01,happy,0.8839981596913802
18,joint,actor_19_statement_01,independent_rank1,pair_0073_sad,19,01,sad,-0.4090482759587779
18,joint,actor_19_statement_02,raw,pair_0074_happy,19,02,happy,-51.35686485902727
18,joint,actor_19_statement_02,raw,pair_0074_sad,19,02,sad,-37.140200039755555
18,joint,actor_19_statement_02,raw,pair_0075_happy,19,02,happy,-36.4399177906103
18,joint,actor_19_statement_02,raw,pair_0075_sad,19,02,sad,-51.527268244629624
18,joint,actor_19_statement_02,source_center_noop,pair_0074_happy,19,02,happy,-51.35686485902727
18,joint,actor_19_statement_02,source_center_noop,pair_0074_sad,19,02,sad,-37.140200039755555
18,joint,actor_19_statement_02,source_center_noop,pair_0075_happy,19,02,happy,-36.4399177906103
18,joint,actor_19_statement_02,source_center_noop,pair_0075_sad,19,02,sad,-51.527268244629624
18,joint,actor_19_statement_02,independent_center,pair_0074_happy,19,02,happy,-10.375254615505042
18,joint,actor_19_statement_02,independent_center,pair_0074_sad,19,02,sad,3.841410203766671
18,joint,actor_19_statement_02,independent_center,pair_0075_happy,19,02,happy,4.541692452911924
18,joint,actor_19_statement_02,independent_center,pair_0075_sad,19,02,sad,-10.545658001107398
18,joint,actor_19_statement_02,independent_rank1,pair_0074_happy,19,02,happy,-6.32332742748282
18,joint,actor_19_statement_02,independent_rank1,pair_0074_sad,19,02,sad,6.101530477122672
18,joint,actor_19_statement_02,independent_rank1,pair_0075_happy,19,02,happy,3.605972715941732
18,joint,actor_19_statement_02,independent_rank1,pair_0075_sad,19,02,sad,-4.2726496322225564
18,joint,actor_20_statement_01,raw,pair_0076_happy,20,01,happy,-9.65940794706001
18,joint,actor_20_statement_01,raw,pair_0076_sad,20,01,sad,-25.99636080995517
18,joint,actor_20_statement_01,raw,pair_0077_happy,20,01,happy,-20.256787185154042
18,joint,actor_20_statement_01,raw,pair_0077_sad,20,01,sad,-13.548924814483804
18,joint,actor_20_statement_01,source_center_noop,pair_0076_happy,20,01,happy,-9.65940794706001
18,joint,actor_20_statement_01,source_center_noop,pair_0076_sad,20,01,sad,-25.99636080995517
18,joint,actor_20_statement_01,source_center_noop,pair_0077_happy,20,01,happy,-20.256787185154042
18,joint,actor_20_statement_01,source_center_noop,pair_0077_sad,20,01,sad,-13.548924814483804
18,joint,actor_20_statement_01,independent_center,pair_0076_happy,20,01,happy,6.169256706394396
18,joint,actor_20_statement_01,independent_center,pair_0076_sad,20,01,sad,-10.167696156500764
18,joint,actor_20_statement_01,independent_center,pair_0077_happy,20,01,happy,-4.4281225316996355
18,joint,actor_20_statement_01,independent_center,pair_0077_sad,20,01,sad,2.2797398389706025
18,joint,actor_20_statement_01,independent_rank1,pair_0076_happy,20,01,happy,7.625485005958044
18,joint,actor_20_statement_01,independent_rank1,pair_0076_sad,20,01,sad,-9.69156073829308
18,joint,actor_20_statement_01,independent_rank1,pair_0077_happy,20,01,happy,-3.3460808969884184
18,joint,actor_20_statement_01,independent_rank1,pair_0077_sad,20,01,sad,4.007346629520846
18,joint,actor_20_statement_02,raw,pair_0078_happy,20,02,happy,-50.19886089447463
18,joint,actor_20_statement_02,raw,pair_0078_sad,20,02,sad,-37.11588672373265
18,joint,actor_20_statement_02,raw,pair_0079_happy,20,02,happy,-41.53577155589099
18,joint,actor_20_statement_02,raw,pair_0079_sad,20,02,sad,-42.87512244645502
18,joint,actor_20_statement_02,source_center_noop,pair_0078_happy,20,02,happy,-50.19886089447463
18,joint,actor_20_statement_02,source_center_noop,pair_0078_sad,20,02,sad,-37.11588672373265
18,joint,actor_20_statement_02,source_center_noop,pair_0079_happy,20,02,happy,-41.53577155589099
18,joint,actor_20_statement_02,source_center_noop,pair_0079_sad,20,02,sad,-42.87512244645502
18,joint,actor_20_statement_02,independent_center,pair_0078_happy,20,02,happy,-7.277671274274951
18,joint,actor_20_statement_02,independent_center,pair_0078_sad,20,02,sad,5.805302896467026
18,joint,actor_20_statement_02,independent_center,pair_0079_happy,20,02,happy,1.3854180643086877
18,joint,actor_20_statement_02,independent_center,pair_0079_sad,20,02,sad,0.04606717374465319
18,joint,actor_20_statement_02,independent_rank1,pair_0078_happy,20,02,happy,-1.633258932119226
18,joint,actor_20_statement_02,independent_rank1,pair_0078_sad,20,02,sad,-5.525796842618341
18,joint,actor_20_statement_02,independent_rank1,pair_0079_happy,20,02,happy,7.474990962113658
18,joint,actor_20_statement_02,independent_rank1,pair_0079_sad,20,02,sad,-1.8015242436558658
18,joint,actor_21_statement_01,raw,pair_0080_happy,21,01,happy,-10.712973767076694
18,joint,actor_21_statement_01,raw,pair_0080_sad,21,01,sad,-10.904332028979091
18,joint,actor_21_statement_01,raw,pair_0081_happy,21,01,happy,-5.480574467051248
18,joint,actor_21_statement_01,raw,pair_0081_sad,21,01,sad,-9.458332219387351
18,joint,actor_21_statement_01,source_center_noop,pair_0080_happy,21,01,happy,-10.712973767076694
18,joint,actor_21_statement_01,source_center_noop,pair_0080_sad,21,01,sad,-10.904332028979091
18,joint,actor_21_statement_01,source_center_noop,pair_0081_happy,21,01,happy,-5.480574467051248
18,joint,actor_21_statement_01,source_center_noop,pair_0081_sad,21,01,sad,-9.458332219387351
18,joint,actor_21_statement_01,independent_center,pair_0080_happy,21,01,happy,-0.862434775808202
18,joint,actor_21_statement_01,independent_center,pair_0080_sad,21,01,sad,-1.0537930377105997
18,joint,actor_21_statement_01,independent_center,pair_0081_happy,21,01,happy,4.369964524217243
18,joint,actor_21_statement_01,independent_center,pair_0081_sad,21,01,sad,0.39220677188114017
18,joint,actor_21_statement_01,independent_rank1,pair_0080_happy,21,01,happy,-2.4497740084208317
18,joint,actor_21_statement_01,independent_rank1,pair_0080_sad,21,01,sad,0.3290795635562844
18,joint,actor_21_statement_01,independent_rank1,pair_0081_happy,21,01,happy,4.344784718406572
18,joint,actor_21_statement_01,independent_rank1,pair_0081_sad,21,01,sad,0.7547286012680345
18,joint,actor_21_statement_02,raw,pair_0082_happy,21,02,happy,-37.15519633430228
18,joint,actor_21_statement_02,raw,pair_0082_sad,21,02,sad,-31.022515255483338
18,joint,actor_21_statement_02,raw,pair_0083_happy,21,02,happy,-37.612273807985055
18,joint,actor_21_statement_02,raw,pair_0083_sad,21,02,sad,-41.01951244902159
18,joint,actor_21_statement_02,source_center_noop,pair_0082_happy,21,02,happy,-37.15519633430228
18,joint,actor_21_statement_02,source_center_noop,pair_0082_sad,21,02,sad,-31.022515255483338
18,joint,actor_21_statement_02,source_center_noop,pair_0083_happy,21,02,happy,-37.612273807985055
18,joint,actor_21_statement_02,source_center_noop,pair_0083_sad,21,02,sad,-41.01951244902159
18,joint,actor_21_statement_02,independent_center,pair_0082_happy,21,02,happy,4.88634830021352
18,joint,actor_21_statement_02,independent_center,pair_0082_sad,21,02,sad,11.019029379032464
18,joint,actor_21_statement_02,independent_center,pair_0083_happy,21,02,happy,4.429270826530747
18,joint,actor_21_statement_02,independent_center,pair_0083_sad,21,02,sad,1.0220321854942114
18,joint,actor_21_statement_02,independent_rank1,pair_0082_happy,21,02,happy,0.4774034022533513
18,joint,actor_21_statement_02,independent_rank1,pair_0082_sad,21,02,sad,9.904968260406257
18,joint,actor_21_statement_02,independent_rank1,pair_0083_happy,21,02,happy,6.7241934255309275
18,joint,actor_21_statement_02,independent_rank1,pair_0083_sad,21,02,sad,3.239140938655666
18,joint,actor_22_statement_01,raw,pair_0084_happy,22,01,happy,-9.261161074469477
18,joint,actor_22_statement_01,raw,pair_0084_sad,22,01,sad,-7.278678050666542
18,joint,actor_22_statement_01,raw,pair_0085_happy,22,01,happy,-9.018782208807558
18,joint,actor_22_statement_01,raw,pair_0085_sad,22,01,sad,-8.509266398701868
18,joint,actor_22_statement_01,source_center_noop,pair_0084_happy,22,01,happy,-9.261161074469477
18,joint,actor_22_statement_01,source_center_noop,pair_0084_sad,22,01,sad,-7.278678050666542
18,joint,actor_22_statement_01,source_center_noop,pair_0085_happy,22,01,happy,-9.018782208807558
18,joint,actor_22_statement_01,source_center_noop,pair_0085_sad,22,01,sad,-8.509266398701868
18,joint,actor_22_statement_01,independent_center,pair_0084_happy,22,01,happy,2.5479320499575024
18,joint,actor_22_statement_01,independent_center,pair_0084_sad,22,01,sad,4.530415073760437
18,joint,actor_22_statement_01,independent_center,pair_0085_happy,22,01,happy,2.790310915619422
18,joint,actor_22_statement_01,independent_center,pair_0085_sad,22,01,sad,3.2998267257251115
18,joint,actor_22_statement_01,independent_rank1,pair_0084_happy,22,01,happy,3.444896105026519
18,joint,actor_22_statement_01,independent_rank1,pair_0084_sad,22,01,sad,4.6248801910927995
18,joint,actor_22_statement_01,independent_rank1,pair_0085_happy,22,01,happy,2.860393659694733
18,joint,actor_22_statement_01,independent_rank1,pair_0085_sad,22,01,sad,4.808490930432871
18,joint,actor_22_statement_02,raw,pair_0086_happy,22,02,happy,-43.7675002363566
18,joint,actor_22_statement_02,raw,pair_0086_sad,22,02,sad,-47.32445480760683
18,joint,actor_22_statement_02,raw,pair_0087_happy,22,02,happy,-41.06378184460638
18,joint,actor_22_statement_02,raw,pair_0087_sad,22,02,sad,-47.85274547092004
18,joint,actor_22_statement_02,source_center_noop,pair_0086_happy,22,02,happy,-43.7675002363566
18,joint,actor_22_statement_02,source_center_noop,pair_0086_sad,22,02,sad,-47.32445480760683
18,joint,actor_22_statement_02,source_center_noop,pair_0087_happy,22,02,happy,-41.06378184460638
18,joint,actor_22_statement_02,source_center_noop,pair_0087_sad,22,02,sad,-47.85274547092004
18,joint,actor_22_statement_02,independent_center,pair_0086_happy,22,02,happy,-2.3953887411973227
18,joint,actor_22_statement_02,independent_center,pair_0086_sad,22,02,sad,-5.952343312447553
18,joint,actor_22_statement_02,independent_center,pair_0087_happy,22,02,happy,0.3083296505528921
18,joint,actor_22_statement_02,independent_center,pair_0087_sad,22,02,sad,-6.480633975760767
18,joint,actor_22_statement_02,independent_rank1,pair_0086_happy,22,02,happy,-1.8446760810182283
18,joint,actor_22_statement_02,independent_rank1,pair_0086_sad,22,02,sad,-4.025442607505614
18,joint,actor_22_statement_02,independent_rank1,pair_0087_happy,22,02,happy,2.16518092673207
18,joint,actor_22_statement_02,independent_rank1,pair_0087_sad,22,02,sad,-4.573873016325457
18,joint,actor_23_statement_01,raw,pair_0088_happy,23,01,happy,-16.3844004691641
18,joint,actor_23_statement_01,raw,pair_0088_sad,23,01,sad,-24.516693236882404
18,joint,actor_23_statement_01,raw,pair_0089_happy,23,01,happy,-12.393017312573342
18,joint,actor_23_statement_01,raw,pair_0089_sad,23,01,sad,-24.262901797234427
18,joint,actor_23_statement_01,source_center_noop,pair_0088_happy,23,01,happy,-16.3844004691641
18,joint,actor_23_statement_01,source_center_noop,pair_0088_sad,23,01,sad,-24.516693236882404
18,joint,actor_23_statement_01,source_center_noop,pair_0089_happy,23,01,happy,-12.393017312573342
18,joint,actor_23_statement_01,source_center_noop,pair_0089_sad,23,01,sad,-24.262901797234427
18,joint,actor_23_statement_01,independent_center,pair_0088_happy,23,01,happy,-3.7703028618702596
18,joint,actor_23_statement_01,independent_center,pair_0088_sad,23,01,sad,-11.902595629588564
18,joint,actor_23_statement_01,independent_center,pair_0089_happy,23,01,happy,0.2210802947204975
18,joint,actor_23_statement_01,independent_center,pair_0089_sad,23,01,sad,-11.648804189940588
18,joint,actor_23_statement_01,independent_rank1,pair_0088_happy,23,01,happy,-4.1441470760602535
18,joint,actor_23_statement_01,independent_rank1,pair_0088_sad,23,01,sad,-11.77925850374724
18,joint,actor_23_statement_01,independent_rank1,pair_0089_happy,23,01,happy,0.6188533131032372
18,joint,actor_23_statement_01,independent_rank1,pair_0089_sad,23,01,sad,-12.91957633638938
18,joint,actor_23_statement_02,raw,pair_0090_happy,23,02,happy,-48.47700146182062
18,joint,actor_23_statement_02,raw,pair_0090_sad,23,02,sad,-42.48537511726719
18,joint,actor_23_statement_02,raw,pair_0091_happy,23,02,happy,-43.81787700337715
18,joint,actor_23_statement_02,raw,pair_0091_sad,23,02,sad,-30.12884718708321
18,joint,actor_23_statement_02,source_center_noop,pair_0090_happy,23,02,happy,-48.47700146182062
18,joint,actor_23_statement_02,source_center_noop,pair_0090_sad,23,02,sad,-42.48537511726719
18,joint,actor_23_statement_02,source_center_noop,pair_0091_happy,23,02,happy,-43.81787700337715
18,joint,actor_23_statement_02,source_center_noop,pair_0091_sad,23,02,sad,-30.12884718708321
18,joint,actor_23_statement_02,independent_center,pair_0090_happy,23,02,happy,-6.699342402030936
18,joint,actor_23_statement_02,independent_center,pair_0090_sad,23,02,sad,-0.707716057477505
18,joint,actor_23_statement_02,independent_center,pair_0091_happy,23,02,happy,-2.0402179435874643
18,joint,actor_23_statement_02,independent_center,pair_0091_sad,23,02,sad,11.648811872706474
18,joint,actor_23_statement_02,independent_rank1,pair_0090_happy,23,02,happy,-1.9424748373676408
18,joint,actor_23_statement_02,independent_rank1,pair_0090_sad,23,02,sad,-0.5055185354722553
18,joint,actor_23_statement_02,independent_rank1,pair_0091_happy,23,02,happy,-1.3169074808143506
18,joint,actor_23_statement_02,independent_rank1,pair_0091_sad,23,02,sad,6.929136843392449
18,joint,actor_24_statement_01,raw,pair_0092_happy,24,01,happy,-4.767023661576673
18,joint,actor_24_statement_01,raw,pair_0092_sad,24,01,sad,-6.1266610702062785
18,joint,actor_24_statement_01,raw,pair_0093_happy,24,01,happy,-4.809875373859292
18,joint,actor_24_statement_01,raw,pair_0093_sad,24,01,sad,-4.700045623338202
18,joint,actor_24_statement_01,source_center_noop,pair_0092_happy,24,01,happy,-4.767023661576673
18,joint,actor_24_statement_01,source_center_noop,pair_0092_sad,24,01,sad,-6.1266610702062785
18,joint,actor_24_statement_01,source_center_noop,pair_0093_happy,24,01,happy,-4.809875373859292
18,joint,actor_24_statement_01,source_center_noop,pair_0093_sad,24,01,sad,-4.700045623338202
18,joint,actor_24_statement_01,independent_center,pair_0092_happy,24,01,happy,0.9751824133937008
18,joint,actor_24_statement_01,independent_center,pair_0092_sad,24,01,sad,-0.3844549952359051
18,joint,actor_24_statement_01,independent_center,pair_0093_happy,24,01,happy,0.9323307011110815
18,joint,actor_24_statement_01,independent_center,pair_0093_sad,24,01,sad,1.0421604516321716
18,joint,actor_24_statement_01,independent_rank1,pair_0092_happy,24,01,happy,0.4416951275211112
18,joint,actor_24_statement_01,independent_rank1,pair_0092_sad,24,01,sad,-0.5772885864732515
18,joint,actor_24_statement_01,independent_rank1,pair_0093_happy,24,01,happy,0.6762279098155588
18,joint,actor_24_statement_01,independent_rank1,pair_0093_sad,24,01,sad,1.288718324823403
18,joint,actor_24_statement_02,raw,pair_0094_happy,24,02,happy,-49.20022599670713
18,joint,actor_24_statement_02,raw,pair_0094_sad,24,02,sad,-55.37607924203625
18,joint,actor_24_statement_02,raw,pair_0095_happy,24,02,happy,-48.25327942402309
18,joint,actor_24_statement_02,raw,pair_0095_sad,24,02,sad,-41.13369643393492
18,joint,actor_24_statement_02,source_center_noop,pair_0094_happy,24,02,happy,-49.20022599670713
18,joint,actor_24_statement_02,source_center_noop,pair_0094_sad,24,02,sad,-55.37607924203625
18,joint,actor_24_statement_02,source_center_noop,pair_0095_happy,24,02,happy,-48.25327942402309
18,joint,actor_24_statement_02,source_center_noop,pair_0095_sad,24,02,sad,-41.13369643393492
18,joint,actor_24_statement_02,independent_center,pair_0094_happy,24,02,happy,-1.5549730898898062
18,joint,actor_24_statement_02,independent_center,pair_0094_sad,24,02,sad,-7.7308263352189215
18,joint,actor_24_statement_02,independent_center,pair_0095_happy,24,02,happy,-0.6080265172057651
18,joint,actor_24_statement_02,independent_center,pair_0095_sad,24,02,sad,6.511556472882404
18,joint,actor_24_statement_02,independent_rank1,pair_0094_happy,24,02,happy,0.8241606572122322
18,joint,actor_24_statement_02,independent_rank1,pair_0094_sad,24,02,sad,-10.975558144528222
18,joint,actor_24_statement_02,independent_rank1,pair_0095_happy,24,02,happy,-1.7580860868540071
18,joint,actor_24_statement_02,independent_rank1,pair_0095_sad,24,02,sad,2.2669761059192695
19,statement,actor_None_statement_01,raw,pair_0000_happy,01,01,happy,10.593436393217333
19,statement,actor_None_statement_01,raw,pair_0000_sad,01,01,sad,7.516615761840434
19,statement,actor_None_statement_01,raw,pair_0001_happy,01,01,happy,7.341395107544148
19,statement,actor_None_statement_01,raw,pair_0001_sad,01,01,sad,13.999718594889059
19,statement,actor_None_statement_01,raw,pair_0004_happy,02,01,happy,13.15725445360281
19,statement,actor_None_statement_01,raw,pair_0004_sad,02,01,sad,9.671064652034516
19,statement,actor_None_statement_01,raw,pair_0005_happy,02,01,happy,21.55146651559261
19,statement,actor_None_statement_01,raw,pair_0005_sad,02,01,sad,5.7130245408255025
19,statement,actor_None_statement_01,raw,pair_0008_happy,03,01,happy,6.584423774177187
19,statement,actor_None_statement_01,raw,pair_0008_sad,03,01,sad,12.474515759893194
19,statement,actor_None_statement_01,raw,pair_0009_happy,03,01,happy,25.920852485869542
19,statement,actor_None_statement_01,raw,pair_0009_sad,03,01,sad,13.345661526631172
19,statement,actor_None_statement_01,raw,pair_0012_happy,04,01,happy,20.68049594477617
19,statement,actor_None_statement_01,raw,pair_0012_sad,04,01,sad,-4.169411573295871
19,statement,actor_None_statement_01,raw,pair_0013_happy,04,01,happy,7.0458523583375765
19,statement,actor_None_statement_01,raw,pair_0013_sad,04,01,sad,-1.5238623890570473
19,statement,actor_None_statement_01,raw,pair_0016_happy,05,01,happy,22.10509838460996
19,statement,actor_None_statement_01,raw,pair_0016_sad,05,01,sad,12.145971273746886
19,statement,actor_None_statement_01,raw,pair_0017_happy,05,01,happy,15.075213320392077
19,statement,actor_None_statement_01,raw,pair_0017_sad,05,01,sad,7.147923217402344
19,statement,actor_None_statement_01,raw,pair_0020_happy,06,01,happy,19.332635850257766
19,statement,actor_None_statement_01,raw,pair_0020_sad,06,01,sad,21.936638259074595
19,statement,actor_None_statement_01,raw,pair_0021_happy,06,01,happy,26.830992081422615
19,statement,actor_None_statement_01,raw,pair_0021_sad,06,01,sad,16.65218889725444
19,statement,actor_None_statement_01,raw,pair_0024_happy,07,01,happy,7.809810722252976
19,statement,actor_None_statement_01,raw,pair_0024_sad,07,01,sad,13.951116942979816
19,statement,actor_None_statement_01,raw,pair_0025_happy,07,01,happy,21.078541070916888
19,statement,actor_None_statement_01,raw,pair_0025_sad,07,01,sad,15.176898277841309
19,statement,actor_None_statement_01,raw,pair_0028_happy,08,01,happy,15.9598320429427
19,statement,actor_None_statement_01,raw,pair_0028_sad,08,01,sad,1.8600313844566365
19,statement,actor_None_statement_01,raw,pair_0029_happy,08,01,happy,20.01643200377258
19,statement,actor_None_statement_01,raw,pair_0029_sad,08,01,sad,20.761121544069194
19,statement,actor_None_statement_01,raw,pair_0032_happy,09,01,happy,18.124303725889735
19,statement,actor_None_statement_01,raw,pair_0032_sad,09,01,sad,26.291029231493074
19,statement,actor_None_statement_01,raw,pair_0033_happy,09,01,happy,2.880760230006448
19,statement,actor_None_statement_01,raw,pair_0033_sad,09,01,sad,3.282249461044511
19,statement,actor_None_statement_01,raw,pair_0036_happy,10,01,happy,6.051705171939396
19,statement,actor_None_statement_01,raw,pair_0036_sad,10,01,sad,22.513669165152738
19,statement,actor_None_statement_01,raw,pair_0037_happy,10,01,happy,14.111132347497044
19,statement,actor_None_statement_01,raw,pair_0037_sad,10,01,sad,10.105993068155236
19,statement,actor_None_statement_01,raw,pair_0040_happy,11,01,happy,22.34563657254707
19,statement,actor_None_statement_01,raw,pair_0040_sad,11,01,sad,6.468159548570467
19,statement,actor_None_statement_01,raw,pair_0041_happy,11,01,happy,8.000294792859611
19,statement,actor_None_statement_01,raw,pair_0041_sad,11,01,sad,8.186954437479562
19,statement,actor_None_statement_01,raw,pair_0044_happy,12,01,happy,19.96208305902164
19,statement,actor_None_statement_01,raw,pair_0044_sad,12,01,sad,14.785455263974827
19,statement,actor_None_statement_01,raw,pair_0045_happy,12,01,happy,16.230547600736493
19,statement,actor_None_statement_01,raw,pair_0045_sad,12,01,sad,21.264228105737097
19,statement,actor_None_statement_01,raw,pair_0048_happy,13,01,happy,13.612621488587358
19,statement,actor_None_statement_01,raw,pair_0048_sad,13,01,sad,10.59595879692625
19,statement,actor_None_statement_01,raw,pair_0049_happy,13,01,happy,29.267546847898966
19,statement,actor_None_statement_01,raw,pair_0049_sad,13,01,sad,9.722213155611776
19,statement,actor_None_statement_01,raw,pair_0052_happy,14,01,happy,12.206517709137229
19,statement,actor_None_statement_01,raw,pair_0052_sad,14,01,sad,16.4115279984791
19,statement,actor_None_statement_01,raw,pair_0053_happy,14,01,happy,13.192813470284392
19,statement,actor_None_statement_01,raw,pair_0053_sad,14,01,sad,5.2857610234694
19,statement,actor_None_statement_01,raw,pair_0056_happy,15,01,happy,19.390999265975918
19,statement,actor_None_statement_01,raw,pair_0056_sad,15,01,sad,3.8613506054344793
19,statement,actor_None_statement_01,raw,pair_0057_happy,15,01,happy,16.68082769316973
19,statement,actor_None_statement_01,raw,pair_0057_sad,15,01,sad,9.96936038610918
19,statement,actor_None_statement_01,raw,pair_0060_happy,16,01,happy,13.068393233313902
19,statement,actor_None_statement_01,raw,pair_0060_sad,16,01,sad,11.126440956276266
19,statement,actor_None_statement_01,raw,pair_0061_happy,16,01,happy,19.342517793835956
19,statement,actor_None_statement_01,raw,pair_0061_sad,16,01,sad,16.84580575391489
19,statement,actor_None_statement_01,raw,pair_0064_happy,17,01,happy,10.18209113076854
19,statement,actor_None_statement_01,raw,pair_0064_sad,17,01,sad,18.48050041093859
19,statement,actor_None_statement_01,raw,pair_0065_happy,17,01,happy,11.340882209375131
19,statement,actor_None_statement_01,raw,pair_0065_sad,17,01,sad,0.7718881509631714
19,statement,actor_None_statement_01,raw,pair_0068_happy,18,01,happy,7.74756971374911
19,statement,actor_None_statement_01,raw,pair_0068_sad,18,01,sad,14.791412882432539
19,statement,actor_None_statement_01,raw,pair_0069_happy,18,01,happy,10.752573148426027
19,statement,actor_None_statement_01,raw,pair_0069_sad,18,01,sad,14.761870102656674
19,statement,actor_None_statement_01,raw,pair_0072_happy,19,01,happy,18.129775087417
19,statement,actor_None_statement_01,raw,pair_0072_sad,19,01,sad,13.101748341405493
19,statement,actor_None_statement_01,raw,pair_0073_happy,19,01,happy,13.033978144008543
19,statement,actor_None_statement_01,raw,pair_0073_sad,19,01,sad,4.963548536741879
19,statement,actor_None_statement_01,raw,pair_0076_happy,20,01,happy,15.227648872288196
19,statement,actor_None_statement_01,raw,pair_0076_sad,20,01,sad,3.1429048021313086
19,statement,actor_None_statement_01,raw,pair_0077_happy,20,01,happy,6.848920362539788
19,statement,actor_None_statement_01,raw,pair_0077_sad,20,01,sad,6.388755625966725
19,statement,actor_None_statement_01,raw,pair_0080_happy,21,01,happy,23.8427525016631
19,statement,actor_None_statement_01,raw,pair_0080_sad,21,01,sad,21.251188898136466
19,statement,actor_None_statement_01,raw,pair_0081_happy,21,01,happy,33.27939759599211
19,statement,actor_None_statement_01,raw,pair_0081_sad,21,01,sad,23.19515616534777
19,statement,actor_None_statement_01,raw,pair_0084_happy,22,01,happy,18.181461909553384
19,statement,actor_None_statement_01,raw,pair_0084_sad,22,01,sad,18.192780060086374
19,statement,actor_None_statement_01,raw,pair_0085_happy,22,01,happy,-2.7965956913502126
19,statement,actor_None_statement_01,raw,pair_0085_sad,22,01,sad,6.148547631601581
19,statement,actor_None_statement_01,raw,pair_0088_happy,23,01,happy,7.412256730072382
19,statement,actor_None_statement_01,raw,pair_0088_sad,23,01,sad,5.102839601967297
19,statement,actor_None_statement_01,raw,pair_0089_happy,23,01,happy,11.169318154869746
19,statement,actor_None_statement_01,raw,pair_0089_sad,23,01,sad,6.33257191939806
19,statement,actor_None_statement_01,raw,pair_0092_happy,24,01,happy,17.336359921692623
19,statement,actor_None_statement_01,raw,pair_0092_sad,24,01,sad,26.866727548433666
19,statement,actor_None_statement_01,raw,pair_0093_happy,24,01,happy,15.400150521456633
19,statement,actor_None_statement_01,raw,pair_0093_sad,24,01,sad,4.074410222520308
19,statement,actor_None_statement_01,source_center_noop,pair_0000_happy,01,01,happy,10.593436393217333
19,statement,actor_None_statement_01,source_center_noop,pair_0000_sad,01,01,sad,7.516615761840434
19,statement,actor_None_statement_01,source_center_noop,pair_0001_happy,01,01,happy,7.341395107544148
19,statement,actor_None_statement_01,source_center_noop,pair_0001_sad,01,01,sad,13.999718594889059
19,statement,actor_None_statement_01,source_center_noop,pair_0004_happy,02,01,happy,13.15725445360281
19,statement,actor_None_statement_01,source_center_noop,pair_0004_sad,02,01,sad,9.671064652034516
19,statement,actor_None_statement_01,source_center_noop,pair_0005_happy,02,01,happy,21.55146651559261
19,statement,actor_None_statement_01,source_center_noop,pair_0005_sad,02,01,sad,5.7130245408255025
19,statement,actor_None_statement_01,source_center_noop,pair_0008_happy,03,01,happy,6.584423774177187
19,statement,actor_None_statement_01,source_center_noop,pair_0008_sad,03,01,sad,12.474515759893194
19,statement,actor_None_statement_01,source_center_noop,pair_0009_happy,03,01,happy,25.920852485869542
19,statement,actor_None_statement_01,source_center_noop,pair_0009_sad,03,01,sad,13.345661526631172
19,statement,actor_None_statement_01,source_center_noop,pair_0012_happy,04,01,happy,20.68049594477617
19,statement,actor_None_statement_01,source_center_noop,pair_0012_sad,04,01,sad,-4.169411573295871
19,statement,actor_None_statement_01,source_center_noop,pair_0013_happy,04,01,happy,7.0458523583375765
19,statement,actor_None_statement_01,source_center_noop,pair_0013_sad,04,01,sad,-1.5238623890570473
19,statement,actor_None_statement_01,source_center_noop,pair_0016_happy,05,01,happy,22.10509838460996
19,statement,actor_None_statement_01,source_center_noop,pair_0016_sad,05,01,sad,12.145971273746886
19,statement,actor_None_statement_01,source_center_noop,pair_0017_happy,05,01,happy,15.075213320392077
19,statement,actor_None_statement_01,source_center_noop,pair_0017_sad,05,01,sad,7.147923217402344
19,statement,actor_None_statement_01,source_center_noop,pair_0020_happy,06,01,happy,19.332635850257766
19,statement,actor_None_statement_01,source_center_noop,pair_0020_sad,06,01,sad,21.936638259074595
19,statement,actor_None_statement_01,source_center_noop,pair_0021_happy,06,01,happy,26.830992081422615
19,statement,actor_None_statement_01,source_center_noop,pair_0021_sad,06,01,sad,16.65218889725444
19,statement,actor_None_statement_01,source_center_noop,pair_0024_happy,07,01,happy,7.809810722252976
19,statement,actor_None_statement_01,source_center_noop,pair_0024_sad,07,01,sad,13.951116942979816
19,statement,actor_None_statement_01,source_center_noop,pair_0025_happy,07,01,happy,21.078541070916888
19,statement,actor_None_statement_01,source_center_noop,pair_0025_sad,07,01,sad,15.176898277841309
19,statement,actor_None_statement_01,source_center_noop,pair_0028_happy,08,01,happy,15.9598320429427
19,statement,actor_None_statement_01,source_center_noop,pair_0028_sad,08,01,sad,1.8600313844566365
19,statement,actor_None_statement_01,source_center_noop,pair_0029_happy,08,01,happy,20.01643200377258
19,statement,actor_None_statement_01,source_center_noop,pair_0029_sad,08,01,sad,20.761121544069194
19,statement,actor_None_statement_01,source_center_noop,pair_0032_happy,09,01,happy,18.124303725889735
19,statement,actor_None_statement_01,source_center_noop,pair_0032_sad,09,01,sad,26.291029231493074
19,statement,actor_None_statement_01,source_center_noop,pair_0033_happy,09,01,happy,2.880760230006448
19,statement,actor_None_statement_01,source_center_noop,pair_0033_sad,09,01,sad,3.282249461044511
19,statement,actor_None_statement_01,source_center_noop,pair_0036_happy,10,01,happy,6.051705171939396
19,statement,actor_None_statement_01,source_center_noop,pair_0036_sad,10,01,sad,22.513669165152738
19,statement,actor_None_statement_01,source_center_noop,pair_0037_happy,10,01,happy,14.111132347497044
19,statement,actor_None_statement_01,source_center_noop,pair_0037_sad,10,01,sad,10.105993068155236
19,statement,actor_None_statement_01,source_center_noop,pair_0040_happy,11,01,happy,22.34563657254707
19,statement,actor_None_statement_01,source_center_noop,pair_0040_sad,11,01,sad,6.468159548570467
19,statement,actor_None_statement_01,source_center_noop,pair_0041_happy,11,01,happy,8.000294792859611
19,statement,actor_None_statement_01,source_center_noop,pair_0041_sad,11,01,sad,8.186954437479562
19,statement,actor_None_statement_01,source_center_noop,pair_0044_happy,12,01,happy,19.96208305902164
19,statement,actor_None_statement_01,source_center_noop,pair_0044_sad,12,01,sad,14.785455263974827
19,statement,actor_None_statement_01,source_center_noop,pair_0045_happy,12,01,happy,16.230547600736493
19,statement,actor_None_statement_01,source_center_noop,pair_0045_sad,12,01,sad,21.264228105737097
19,statement,actor_None_statement_01,source_center_noop,pair_0048_happy,13,01,happy,13.612621488587358
19,statement,actor_None_statement_01,source_center_noop,pair_0048_sad,13,01,sad,10.59595879692625
19,statement,actor_None_statement_01,source_center_noop,pair_0049_happy,13,01,happy,29.267546847898966
19,statement,actor_None_statement_01,source_center_noop,pair_0049_sad,13,01,sad,9.722213155611776
19,statement,actor_None_statement_01,source_center_noop,pair_0052_happy,14,01,happy,12.206517709137229
19,statement,actor_None_statement_01,source_center_noop,pair_0052_sad,14,01,sad,16.4115279984791
19,statement,actor_None_statement_01,source_center_noop,pair_0053_happy,14,01,happy,13.192813470284392
19,statement,actor_None_statement_01,source_center_noop,pair_0053_sad,14,01,sad,5.2857610234694
19,statement,actor_None_statement_01,source_center_noop,pair_0056_happy,15,01,happy,19.390999265975918
19,statement,actor_None_statement_01,source_center_noop,pair_0056_sad,15,01,sad,3.8613506054344793
19,statement,actor_None_statement_01,source_center_noop,pair_0057_happy,15,01,happy,16.68082769316973
19,statement,actor_None_statement_01,source_center_noop,pair_0057_sad,15,01,sad,9.96936038610918
19,statement,actor_None_statement_01,source_center_noop,pair_0060_happy,16,01,happy,13.068393233313902
19,statement,actor_None_statement_01,source_center_noop,pair_0060_sad,16,01,sad,11.126440956276266
19,statement,actor_None_statement_01,source_center_noop,pair_0061_happy,16,01,happy,19.342517793835956
19,statement,actor_None_statement_01,source_center_noop,pair_0061_sad,16,01,sad,16.84580575391489
19,statement,actor_None_statement_01,source_center_noop,pair_0064_happy,17,01,happy,10.18209113076854
19,statement,actor_None_statement_01,source_center_noop,pair_0064_sad,17,01,sad,18.48050041093859
19,statement,actor_None_statement_01,source_center_noop,pair_0065_happy,17,01,happy,11.340882209375131
19,statement,actor_None_statement_01,source_center_noop,pair_0065_sad,17,01,sad,0.7718881509631714
19,statement,actor_None_statement_01,source_center_noop,pair_0068_happy,18,01,happy,7.74756971374911
19,statement,actor_None_statement_01,source_center_noop,pair_0068_sad,18,01,sad,14.791412882432539
19,statement,actor_None_statement_01,source_center_noop,pair_0069_happy,18,01,happy,10.752573148426027
19,statement,actor_None_statement_01,source_center_noop,pair_0069_sad,18,01,sad,14.761870102656674
19,statement,actor_None_statement_01,source_center_noop,pair_0072_happy,19,01,happy,18.129775087417
19,statement,actor_None_statement_01,source_center_noop,pair_0072_sad,19,01,sad,13.101748341405493
19,statement,actor_None_statement_01,source_center_noop,pair_0073_happy,19,01,happy,13.033978144008543
19,statement,actor_None_statement_01,source_center_noop,pair_0073_sad,19,01,sad,4.963548536741879
19,statement,actor_None_statement_01,source_center_noop,pair_0076_happy,20,01,happy,15.227648872288196
19,statement,actor_None_statement_01,source_center_noop,pair_0076_sad,20,01,sad,3.1429048021313086
19,statement,actor_None_statement_01,source_center_noop,pair_0077_happy,20,01,happy,6.848920362539788
19,statement,actor_None_statement_01,source_center_noop,pair_0077_sad,20,01,sad,6.388755625966725
19,statement,actor_None_statement_01,source_center_noop,pair_0080_happy,21,01,happy,23.8427525016631
19,statement,actor_None_statement_01,source_center_noop,pair_0080_sad,21,01,sad,21.251188898136466
19,statement,actor_None_statement_01,source_center_noop,pair_0081_happy,21,01,happy,33.27939759599211
19,statement,actor_None_statement_01,source_center_noop,pair_0081_sad,21,01,sad,23.19515616534777
19,statement,actor_None_statement_01,source_center_noop,pair_0084_happy,22,01,happy,18.181461909553384
19,statement,actor_None_statement_01,source_center_noop,pair_0084_sad,22,01,sad,18.192780060086374
19,statement,actor_None_statement_01,source_center_noop,pair_0085_happy,22,01,happy,-2.7965956913502126
19,statement,actor_None_statement_01,source_center_noop,pair_0085_sad,22,01,sad,6.148547631601581
19,statement,actor_None_statement_01,source_center_noop,pair_0088_happy,23,01,happy,7.412256730072382
19,statement,actor_None_statement_01,source_center_noop,pair_0088_sad,23,01,sad,5.102839601967297
19,statement,actor_None_statement_01,source_center_noop,pair_0089_happy,23,01,happy,11.169318154869746
19,statement,actor_None_statement_01,source_center_noop,pair_0089_sad,23,01,sad,6.33257191939806
19,statement,actor_None_statement_01,source_center_noop,pair_0092_happy,24,01,happy,17.336359921692623
19,statement,actor_None_statement_01,source_center_noop,pair_0092_sad,24,01,sad,26.866727548433666
19,statement,actor_None_statement_01,source_center_noop,pair_0093_happy,24,01,happy,15.400150521456633
19,statement,actor_None_statement_01,source_center_noop,pair_0093_sad,24,01,sad,4.074410222520308
19,statement,actor_None_statement_01,transductive_center,pair_0000_happy,01,01,happy,-2.941409233382938
19,statement,actor_None_statement_01,transductive_center,pair_0000_sad,01,01,sad,-6.018229864759837
19,statement,actor_None_statement_01,transductive_center,pair_0001_happy,01,01,happy,-6.193450519056123
19,statement,actor_None_statement_01,transductive_center,pair_0001_sad,01,01,sad,0.46487296828878755
19,statement,actor_None_statement_01,transductive_center,pair_0004_happy,02,01,happy,-0.3775911729974606
19,statement,actor_None_statement_01,transductive_center,pair_0004_sad,02,01,sad,-3.8637809745657545
19,statement,actor_None_statement_01,transductive_center,pair_0005_happy,02,01,happy,8.01662088899234
19,statement,actor_None_statement_01,transductive_center,pair_0005_sad,02,01,sad,-7.8218210857747685
19,statement,actor_None_statement_01,transductive_center,pair_0008_happy,03,01,happy,-6.950421852423084
19,statement,actor_None_statement_01,transductive_center,pair_0008_sad,03,01,sad,-1.060329866707077
19,statement,actor_None_statement_01,transductive_center,pair_0009_happy,03,01,happy,12.386006859269271
19,statement,actor_None_statement_01,transductive_center,pair_0009_sad,03,01,sad,-0.1891840999690988
19,statement,actor_None_statement_01,transductive_center,pair_0012_happy,04,01,happy,7.145650318175898
19,statement,actor_None_statement_01,transductive_center,pair_0012_sad,04,01,sad,-17.70425719989614
19,statement,actor_None_statement_01,transductive_center,pair_0013_happy,04,01,happy,-6.4889932682626945
19,statement,actor_None_statement_01,transductive_center,pair_0013_sad,04,01,sad,-15.058708015657318
19,statement,actor_None_statement_01,transductive_center,pair_0016_happy,05,01,happy,8.570252758009689
19,statement,actor_None_statement_01,transductive_center,pair_0016_sad,05,01,sad,-1.3888743528533851
19,statement,actor_None_statement_01,transductive_center,pair_0017_happy,05,01,happy,1.540367693791806
19,statement,actor_None_statement_01,transductive_center,pair_0017_sad,05,01,sad,-6.386922409197927
19,statement,actor_None_statement_01,transductive_center,pair_0020_happy,06,01,happy,5.797790223657495
19,statement,actor_None_statement_01,transductive_center,pair_0020_sad,06,01,sad,8.401792632474324
19,statement,actor_None_statement_01,transductive_center,pair_0021_happy,06,01,happy,13.296146454822344
19,statement,actor_None_statement_01,transductive_center,pair_0021_sad,06,01,sad,3.1173432706541693
19,statement,actor_None_statement_01,transductive_center,pair_0024_happy,07,01,happy,-5.725034904347295
19,statement,actor_None_statement_01,transductive_center,pair_0024_sad,07,01,sad,0.41627131637954484
19,statement,actor_None_statement_01,transductive_center,pair_0025_happy,07,01,happy,7.543695444316617
19,statement,actor_None_statement_01,transductive_center,pair_0025_sad,07,01,sad,1.6420526512410376
19,statement,actor_None_statement_01,transductive_center,pair_0028_happy,08,01,happy,2.4249864163424295
19,statement,actor_None_statement_01,transductive_center,pair_0028_sad,08,01,sad,-11.674814242143635
19,statement,actor_None_statement_01,transductive_center,pair_0029_happy,08,01,happy,6.481586377172308
19,statement,actor_None_statement_01,transductive_center,pair_0029_sad,08,01,sad,7.226275917468923
19,statement,actor_None_statement_01,transductive_center,pair_0032_happy,09,01,happy,4.589458099289464
19,statement,actor_None_statement_01,transductive_center,pair_0032_sad,09,01,sad,12.756183604892803
19,statement,actor_None_statement_01,transductive_center,pair_0033_happy,09,01,happy,-10.654085396593823
19,statement,actor_None_statement_01,transductive_center,pair_0033_sad,09,01,sad,-10.25259616555576
19,statement,actor_None_statement_01,transductive_center,pair_0036_happy,10,01,happy,-7.483140454660875
19,statement,actor_None_statement_01,transductive_center,pair_0036_sad,10,01,sad,8.978823538552467
19,statement,actor_None_statement_01,transductive_center,pair_0037_happy,10,01,happy,0.576286720896773
19,statement,actor_None_statement_01,transductive_center,pair_0037_sad,10,01,sad,-3.428852558445035
19,statement,actor_None_statement_01,transductive_center,pair_0040_happy,11,01,happy,8.810790945946797
19,statement,actor_None_statement_01,transductive_center,pair_0040_sad,11,01,sad,-7.066686078029804
19,statement,actor_None_statement_01,transductive_center,pair_0041_happy,11,01,happy,-5.53455083374066
19,statement,actor_None_statement_01,transductive_center,pair_0041_sad,11,01,sad,-5.347891189120709
19,statement,actor_None_statement_01,transductive_center,pair_0044_happy,12,01,happy,6.42723743242137
19,statement,actor_None_statement_01,transductive_center,pair_0044_sad,12,01,sad,1.2506096373745557
19,statement,actor_None_statement_01,transductive_center,pair_0045_happy,12,01,happy,2.695701974136222
19,statement,actor_None_statement_01,transductive_center,pair_0045_sad,12,01,sad,7.7293824791368255
19,statement,actor_None_statement_01,transductive_center,pair_0048_happy,13,01,happy,0.07777586198708697
19,statement,actor_None_statement_01,transductive_center,pair_0048_sad,13,01,sad,-2.9388868296740203
19,statement,actor_None_statement_01,transductive_center,pair_0049_happy,13,01,happy,15.732701221298695
19,statement,actor_None_statement_01,transductive_center,pair_0049_sad,13,01,sad,-3.812632470988495
19,statement,actor_None_statement_01,transductive_center,pair_0052_happy,14,01,happy,-1.3283279174630422
19,statement,actor_None_statement_01,transductive_center,pair_0052_sad,14,01,sad,2.8766823718788306
19,statement,actor_None_statement_01,transductive_center,pair_0053_happy,14,01,happy,-0.342032156315879
19,statement,actor_None_statement_01,transductive_center,pair_0053_sad,14,01,sad,-8.249084603130871
19,statement,actor_None_statement_01,transductive_center,pair_0056_happy,15,01,happy,5.856153639375647
19,statement,actor_None_statement_01,transductive_center,pair_0056_sad,15,01,sad,-9.673495021165792
19,statement,actor_None_statement_01,transductive_center,pair_0057_happy,15,01,happy,3.1459820665694576
19,statement,actor_None_statement_01,transductive_center,pair_0057_sad,15,01,sad,-3.565485240491091
19,statement,actor_None_statement_01,transductive_center,pair_0060_happy,16,01,happy,-0.4664523932863691
19,statement,actor_None_statement_01,transductive_center,pair_0060_sad,16,01,sad,-2.408404670324005
19,statement,actor_None_statement_01,transductive_center,pair_0061_happy,16,01,happy,5.807672167235685
19,statement,actor_None_statement_01,transductive_center,pair_0061_sad,16,01,sad,3.3109601273146207
19,statement,actor_None_statement_01,transductive_center,pair_0064_happy,17,01,happy,-3.3527544958317304
19,statement,actor_None_statement_01,transductive_center,pair_0064_sad,17,01,sad,4.945654784338318
19,statement,actor_None_statement_01,transductive_center,pair_0065_happy,17,01,happy,-2.19396341722514
19,statement,actor_None_statement_01,transductive_center,pair_0065_sad,17,01,sad,-12.7629574756371
19,statement,actor_None_statement_01,transductive_center,pair_0068_happy,18,01,happy,-5.787275912851161
19,statement,actor_None_statement_01,transductive_center,pair_0068_sad,18,01,sad,1.2565672558322678
19,statement,actor_None_statement_01,transductive_center,pair_0069_happy,18,01,happy,-2.782272478174244
19,statement,actor_None_statement_01,transductive_center,pair_0069_sad,18,01,sad,1.2270244760564033
19,statement,actor_None_statement_01,transductive_center,pair_0072_happy,19,01,happy,4.5949294608167275
19,statement,actor_None_statement_01,transductive_center,pair_0072_sad,19,01,sad,-0.4330972851947781
19,statement,actor_None_statement_01,transductive_center,pair_0073_happy,19,01,happy,-0.5008674825917279
19,statement,actor_None_statement_01,transductive_center,pair_0073_sad,19,01,sad,-8.571297089858392
19,statement,actor_None_statement_01,transductive_center,pair_0076_happy,20,01,happy,1.6928032456879247
19,statement,actor_None_statement_01,transductive_center,pair_0076_sad,20,01,sad,-10.391940824468962
19,statement,actor_None_statement_01,transductive_center,pair_0077_happy,20,01,happy,-6.685925264060483
19,statement,actor_None_statement_01,transductive_center,pair_0077_sad,20,01,sad,-7.146090000633546
19,statement,actor_None_statement_01,transductive_center,pair_0080_happy,21,01,happy,10.307906875062828
19,statement,actor_None_statement_01,transductive_center,pair_0080_sad,21,01,sad,7.716343271536195
19,statement,actor_None_statement_01,transductive_center,pair_0081_happy,21,01,happy,19.744551969391836
19,statement,actor_None_statement_01,transductive_center,pair_0081_sad,21,01,sad,9.660310538747497
19,statement,actor_None_statement_01,transductive_center,pair_0084_happy,22,01,happy,4.646616282953113
19,statement,actor_None_statement_01,transductive_center,pair_0084_sad,22,01,sad,4.657934433486103
19,statement,actor_None_statement_01,transductive_center,pair_0085_happy,22,01,happy,-16.331441317950485
19,statement,actor_None_statement_01,transductive_center,pair_0085_sad,22,01,sad,-7.38629799499869
19,statement,actor_None_statement_01,transductive_center,pair_0088_happy,23,01,happy,-6.122588896527889
19,statement,actor_None_statement_01,transductive_center,pair_0088_sad,23,01,sad,-8.432006024632974
19,statement,actor_None_statement_01,transductive_center,pair_0089_happy,23,01,happy,-2.365527471730525
19,statement,actor_None_statement_01,transductive_center,pair_0089_sad,23,01,sad,-7.202273707202211
19,statement,actor_None_statement_01,transductive_center,pair_0092_happy,24,01,happy,3.8015142950923515
19,statement,actor_None_statement_01,transductive_center,pair_0092_sad,24,01,sad,13.331881921833395
19,statement,actor_None_statement_01,transductive_center,pair_0093_happy,24,01,happy,1.8653048948563615
19,statement,actor_None_statement_01,transductive_center,pair_0093_sad,24,01,sad,-9.460435404079963
19,statement,actor_None_statement_02,raw,pair_0002_happy,01,02,happy,-10.074616778369414
19,statement,actor_None_statement_02,raw,pair_0002_sad,01,02,sad,0.2952028909292679
19,statement,actor_None_statement_02,raw,pair_0003_happy,01,02,happy,-6.637668639794282
19,statement,actor_None_statement_02,raw,pair_0003_sad,01,02,sad,-1.897150195912877
19,statement,actor_None_statement_02,raw,pair_0006_happy,02,02,happy,-8.495239789047627
19,statement,actor_None_statement_02,raw,pair_0006_sad,02,02,sad,-4.8564596102031
19,statement,actor_None_statement_02,raw,pair_0007_happy,02,02,happy,-6.381071932587828
19,statement,actor_None_statement_02,raw,pair_0007_sad,02,02,sad,-6.109591311769103
19,statement,actor_None_statement_02,raw,pair_0010_happy,03,02,happy,-4.048698284027074
19,statement,actor_None_statement_02,raw,pair_0010_sad,03,02,sad,-14.728797979821934
19,statement,actor_None_statement_02,raw,pair_0011_happy,03,02,happy,-1.061507221579868
19,statement,actor_None_statement_02,raw,pair_0011_sad,03,02,sad,-12.807732824428255
19,statement,actor_None_statement_02,raw,pair_0014_happy,04,02,happy,2.4575282096177222
19,statement,actor_None_statement_02,raw,pair_0014_sad,04,02,sad,-5.0206932231016985
19,statement,actor_None_statement_02,raw,pair_0015_happy,04,02,happy,1.0630815104369589
19,statement,actor_None_statement_02,raw,pair_0015_sad,04,02,sad,-1.6111022297741666
19,statement,actor_None_statement_02,raw,pair_0018_happy,05,02,happy,2.431771496261666
19,statement,actor_None_statement_02,raw,pair_0018_sad,05,02,sad,-15.19479214592246
19,statement,actor_None_statement_02,raw,pair_0019_happy,05,02,happy,-9.502346325350128
19,statement,actor_None_statement_02,raw,pair_0019_sad,05,02,sad,-11.446366005108853
19,statement,actor_None_statement_02,raw,pair_0022_happy,06,02,happy,-1.6514784658384478
19,statement,actor_None_statement_02,raw,pair_0022_sad,06,02,sad,-8.133705246166112
19,statement,actor_None_statement_02,raw,pair_0023_happy,06,02,happy,-1.6292656213090382
19,statement,actor_None_statement_02,raw,pair_0023_sad,06,02,sad,-9.083269574340335
19,statement,actor_None_statement_02,raw,pair_0026_happy,07,02,happy,6.947810769132461
19,statement,actor_None_statement_02,raw,pair_0026_sad,07,02,sad,-9.692212080002065
19,statement,actor_None_statement_02,raw,pair_0027_happy,07,02,happy,6.947810769132461
19,statement,actor_None_statement_02,raw,pair_0027_sad,07,02,sad,-14.17043211152086
19,statement,actor_None_statement_02,raw,pair_0030_happy,08,02,happy,-3.970694046028383
19,statement,actor_None_statement_02,raw,pair_0030_sad,08,02,sad,-4.716347444304986
19,statement,actor_None_statement_02,raw,pair_0031_happy,08,02,happy,2.4260042031899314
19,statement,actor_None_statement_02,raw,pair_0031_sad,08,02,sad,0.5846470033573645
19,statement,actor_None_statement_02,raw,pair_0034_happy,09,02,happy,-2.8671457879817677
19,statement,actor_None_statement_02,raw,pair_0034_sad,09,02,sad,0.9578948283271398
19,statement,actor_None_statement_02,raw,pair_0035_happy,09,02,happy,-4.31511959087573
19,statement,actor_None_statement_02,raw,pair_0035_sad,09,02,sad,-0.7649111977625811
19,statement,actor_None_statement_02,raw,pair_0038_happy,10,02,happy,6.264834729683324
19,statement,actor_None_statement_02,raw,pair_0038_sad,10,02,sad,-10.421140354002624
19,statement,actor_None_statement_02,raw,pair_0039_happy,10,02,happy,9.606499089756214
19,statement,actor_None_statement_02,raw,pair_0039_sad,10,02,sad,-10.648733431586756
19,statement,actor_None_statement_02,raw,pair_0042_happy,11,02,happy,7.029226750533981
19,statement,actor_None_statement_02,raw,pair_0042_sad,11,02,sad,-9.122734092103789
19,statement,actor_None_statement_02,raw,pair_0043_happy,11,02,happy,7.2409211741639705
19,statement,actor_None_statement_02,raw,pair_0043_sad,11,02,sad,-5.328994554107812
19,statement,actor_None_statement_02,raw,pair_0046_happy,12,02,happy,0.04014778065954161
19,statement,actor_None_statement_02,raw,pair_0046_sad,12,02,sad,-6.200089270744062
19,statement,actor_None_statement_02,raw,pair_0047_happy,12,02,happy,-5.9446998205793005
19,statement,actor_None_statement_02,raw,pair_0047_sad,12,02,sad,-1.7952455757932615
19,statement,actor_None_statement_02,raw,pair_0050_happy,13,02,happy,6.705958314652241
19,statement,actor_None_statement_02,raw,pair_0050_sad,13,02,sad,-0.16212462825803442
19,statement,actor_None_statement_02,raw,pair_0051_happy,13,02,happy,-0.02822221131181024
19,statement,actor_None_statement_02,raw,pair_0051_sad,13,02,sad,-6.087063145456343
19,statement,actor_None_statement_02,raw,pair_0054_happy,14,02,happy,3.0333805182032894
19,statement,actor_None_statement_02,raw,pair_0054_sad,14,02,sad,-1.2383901942801074
19,statement,actor_None_statement_02,raw,pair_0055_happy,14,02,happy,6.510779793584215
19,statement,actor_None_statement_02,raw,pair_0055_sad,14,02,sad,-4.9199075870304
19,statement,actor_None_statement_02,raw,pair_0058_happy,15,02,happy,-1.8987848397412748
19,statement,actor_None_statement_02,raw,pair_0058_sad,15,02,sad,-3.6869697060218414
19,statement,actor_None_statement_02,raw,pair_0059_happy,15,02,happy,-0.436128387662178
19,statement,actor_None_statement_02,raw,pair_0059_sad,15,02,sad,-2.8200425027252436
19,statement,actor_None_statement_02,raw,pair_0062_happy,16,02,happy,-6.7384452916901685
19,statement,actor_None_statement_02,raw,pair_0062_sad,16,02,sad,-9.423236918186984
19,statement,actor_None_statement_02,raw,pair_0063_happy,16,02,happy,-2.2565218469155734
19,statement,actor_None_statement_02,raw,pair_0063_sad,16,02,sad,-5.349636206439799
19,statement,actor_None_statement_02,raw,pair_0066_happy,17,02,happy,-0.13921324210546082
19,statement,actor_None_statement_02,raw,pair_0066_sad,17,02,sad,-5.497222916192195
19,statement,actor_None_statement_02,raw,pair_0067_happy,17,02,happy,-4.279879970170871
19,statement,actor_None_statement_02,raw,pair_0067_sad,17,02,sad,-4.053126641788024
19,statement,actor_None_statement_02,raw,pair_0070_happy,18,02,happy,-5.345063052908806
19,statement,actor_None_statement_02,raw,pair_0070_sad,18,02,sad,-1.8811199966822176
19,statement,actor_None_statement_02,raw,pair_0071_happy,18,02,happy,-0.2527046863486593
19,statement,actor_None_statement_02,raw,pair_0071_sad,18,02,sad,-3.81868981138264
19,statement,actor_None_statement_02,raw,pair_0074_happy,19,02,happy,2.231339295402167
19,statement,actor_None_statement_02,raw,pair_0074_sad,19,02,sad,-9.63897205712283
19,statement,actor_None_statement_02,raw,pair_0075_happy,19,02,happy,9.460293165826014
19,statement,actor_None_statement_02,raw,pair_0075_sad,19,02,sad,-9.15697058169021
19,statement,actor_None_statement_02,raw,pair_0078_happy,20,02,happy,-12.235999007569518
19,statement,actor_None_statement_02,raw,pair_0078_sad,20,02,sad,-7.135471106634272
19,statement,actor_None_statement_02,raw,pair_0079_happy,20,02,happy,0.3065083832097262
19,statement,actor_None_statement_02,raw,pair_0079_sad,20,02,sad,4.625700269336042
19,statement,actor_None_statement_02,raw,pair_0082_happy,21,02,happy,-7.549107233358368
19,statement,actor_None_statement_02,raw,pair_0082_sad,21,02,sad,-0.5366985082759417
19,statement,actor_None_statement_02,raw,pair_0083_happy,21,02,happy,-1.9643246289925358
19,statement,actor_None_statement_02,raw,pair_0083_sad,21,02,sad,-1.9597556315088287
19,statement,actor_None_statement_02,raw,pair_0086_happy,22,02,happy,-1.5142947552206039
19,statement,actor_None_statement_02,raw,pair_0086_sad,22,02,sad,-7.561008417618073
19,statement,actor_None_statement_02,raw,pair_0087_happy,22,02,happy,1.8398910544418765
19,statement,actor_None_statement_02,raw,pair_0087_sad,22,02,sad,-8.61450551308564
19,statement,actor_None_statement_02,raw,pair_0090_happy,23,02,happy,6.921448165039299
19,statement,actor_None_statement_02,raw,pair_0090_sad,23,02,sad,1.06687699072795
19,statement,actor_None_statement_02,raw,pair_0091_happy,23,02,happy,0.6675482175579646
19,statement,actor_None_statement_02,raw,pair_0091_sad,23,02,sad,4.343712879611976
19,statement,actor_None_statement_02,raw,pair_0094_happy,24,02,happy,-2.52798480236933
19,statement,actor_None_statement_02,raw,pair_0094_sad,24,02,sad,6.403982308598126
19,statement,actor_None_statement_02,raw,pair_0095_happy,24,02,happy,-5.446295565989322
19,statement,actor_None_statement_02,raw,pair_0095_sad,24,02,sad,-12.774676647993982
19,statement,actor_None_statement_02,source_center_noop,pair_0002_happy,01,02,happy,-10.074616778369414
19,statement,actor_None_statement_02,source_center_noop,pair_0002_sad,01,02,sad,0.2952028909292679
19,statement,actor_None_statement_02,source_center_noop,pair_0003_happy,01,02,happy,-6.637668639794282
19,statement,actor_None_statement_02,source_center_noop,pair_0003_sad,01,02,sad,-1.897150195912877
19,statement,actor_None_statement_02,source_center_noop,pair_0006_happy,02,02,happy,-8.495239789047627
19,statement,actor_None_statement_02,source_center_noop,pair_0006_sad,02,02,sad,-4.8564596102031
19,statement,actor_None_statement_02,source_center_noop,pair_0007_happy,02,02,happy,-6.381071932587828
19,statement,actor_None_statement_02,source_center_noop,pair_0007_sad,02,02,sad,-6.109591311769103
19,statement,actor_None_statement_02,source_center_noop,pair_0010_happy,03,02,happy,-4.048698284027074
19,statement,actor_None_statement_02,source_center_noop,pair_0010_sad,03,02,sad,-14.728797979821934
19,statement,actor_None_statement_02,source_center_noop,pair_0011_happy,03,02,happy,-1.061507221579868
19,statement,actor_None_statement_02,source_center_noop,pair_0011_sad,03,02,sad,-12.807732824428255
19,statement,actor_None_statement_02,source_center_noop,pair_0014_happy,04,02,happy,2.4575282096177222
19,statement,actor_None_statement_02,source_center_noop,pair_0014_sad,04,02,sad,-5.0206932231016985
19,statement,actor_None_statement_02,source_center_noop,pair_0015_happy,04,02,happy,1.0630815104369589
19,statement,actor_None_statement_02,source_center_noop,pair_0015_sad,04,02,sad,-1.6111022297741666
19,statement,actor_None_statement_02,source_center_noop,pair_0018_happy,05,02,happy,2.431771496261666
19,statement,actor_None_statement_02,source_center_noop,pair_0018_sad,05,02,sad,-15.19479214592246
19,statement,actor_None_statement_02,source_center_noop,pair_0019_happy,05,02,happy,-9.502346325350128
19,statement,actor_None_statement_02,source_center_noop,pair_0019_sad,05,02,sad,-11.446366005108853
19,statement,actor_None_statement_02,source_center_noop,pair_0022_happy,06,02,happy,-1.6514784658384478
19,statement,actor_None_statement_02,source_center_noop,pair_0022_sad,06,02,sad,-8.133705246166112
19,statement,actor_None_statement_02,source_center_noop,pair_0023_happy,06,02,happy,-1.6292656213090382
19,statement,actor_None_statement_02,source_center_noop,pair_0023_sad,06,02,sad,-9.083269574340335
19,statement,actor_None_statement_02,source_center_noop,pair_0026_happy,07,02,happy,6.947810769132461
19,statement,actor_None_statement_02,source_center_noop,pair_0026_sad,07,02,sad,-9.692212080002065
19,statement,actor_None_statement_02,source_center_noop,pair_0027_happy,07,02,happy,6.947810769132461
19,statement,actor_None_statement_02,source_center_noop,pair_0027_sad,07,02,sad,-14.17043211152086
19,statement,actor_None_statement_02,source_center_noop,pair_0030_happy,08,02,happy,-3.970694046028383
19,statement,actor_None_statement_02,source_center_noop,pair_0030_sad,08,02,sad,-4.716347444304986
19,statement,actor_None_statement_02,source_center_noop,pair_0031_happy,08,02,happy,2.4260042031899314
19,statement,actor_None_statement_02,source_center_noop,pair_0031_sad,08,02,sad,0.5846470033573645
19,statement,actor_None_statement_02,source_center_noop,pair_0034_happy,09,02,happy,-2.8671457879817677
19,statement,actor_None_statement_02,source_center_noop,pair_0034_sad,09,02,sad,0.9578948283271398
19,statement,actor_None_statement_02,source_center_noop,pair_0035_happy,09,02,happy,-4.31511959087573
19,statement,actor_None_statement_02,source_center_noop,pair_0035_sad,09,02,sad,-0.7649111977625811
19,statement,actor_None_statement_02,source_center_noop,pair_0038_happy,10,02,happy,6.264834729683324
19,statement,actor_None_statement_02,source_center_noop,pair_0038_sad,10,02,sad,-10.421140354002624
19,statement,actor_None_statement_02,source_center_noop,pair_0039_happy,10,02,happy,9.606499089756214
19,statement,actor_None_statement_02,source_center_noop,pair_0039_sad,10,02,sad,-10.648733431586756
19,statement,actor_None_statement_02,source_center_noop,pair_0042_happy,11,02,happy,7.029226750533981
19,statement,actor_None_statement_02,source_center_noop,pair_0042_sad,11,02,sad,-9.122734092103789
19,statement,actor_None_statement_02,source_center_noop,pair_0043_happy,11,02,happy,7.2409211741639705
19,statement,actor_None_statement_02,source_center_noop,pair_0043_sad,11,02,sad,-5.328994554107812
19,statement,actor_None_statement_02,source_center_noop,pair_0046_happy,12,02,happy,0.04014778065954161
19,statement,actor_None_statement_02,source_center_noop,pair_0046_sad,12,02,sad,-6.200089270744062
19,statement,actor_None_statement_02,source_center_noop,pair_0047_happy,12,02,happy,-5.9446998205793005
19,statement,actor_None_statement_02,source_center_noop,pair_0047_sad,12,02,sad,-1.7952455757932615
19,statement,actor_None_statement_02,source_center_noop,pair_0050_happy,13,02,happy,6.705958314652241
19,statement,actor_None_statement_02,source_center_noop,pair_0050_sad,13,02,sad,-0.16212462825803442
19,statement,actor_None_statement_02,source_center_noop,pair_0051_happy,13,02,happy,-0.02822221131181024
19,statement,actor_None_statement_02,source_center_noop,pair_0051_sad,13,02,sad,-6.087063145456343
19,statement,actor_None_statement_02,source_center_noop,pair_0054_happy,14,02,happy,3.0333805182032894
19,statement,actor_None_statement_02,source_center_noop,pair_0054_sad,14,02,sad,-1.2383901942801074
19,statement,actor_None_statement_02,source_center_noop,pair_0055_happy,14,02,happy,6.510779793584215
19,statement,actor_None_statement_02,source_center_noop,pair_0055_sad,14,02,sad,-4.9199075870304
19,statement,actor_None_statement_02,source_center_noop,pair_0058_happy,15,02,happy,-1.8987848397412748
19,statement,actor_None_statement_02,source_center_noop,pair_0058_sad,15,02,sad,-3.6869697060218414
19,statement,actor_None_statement_02,source_center_noop,pair_0059_happy,15,02,happy,-0.436128387662178
19,statement,actor_None_statement_02,source_center_noop,pair_0059_sad,15,02,sad,-2.8200425027252436
19,statement,actor_None_statement_02,source_center_noop,pair_0062_happy,16,02,happy,-6.7384452916901685
19,statement,actor_None_statement_02,source_center_noop,pair_0062_sad,16,02,sad,-9.423236918186984
19,statement,actor_None_statement_02,source_center_noop,pair_0063_happy,16,02,happy,-2.2565218469155734
19,statement,actor_None_statement_02,source_center_noop,pair_0063_sad,16,02,sad,-5.349636206439799
19,statement,actor_None_statement_02,source_center_noop,pair_0066_happy,17,02,happy,-0.13921324210546082
19,statement,actor_None_statement_02,source_center_noop,pair_0066_sad,17,02,sad,-5.497222916192195
19,statement,actor_None_statement_02,source_center_noop,pair_0067_happy,17,02,happy,-4.279879970170871
19,statement,actor_None_statement_02,source_center_noop,pair_0067_sad,17,02,sad,-4.053126641788024
19,statement,actor_None_statement_02,source_center_noop,pair_0070_happy,18,02,happy,-5.345063052908806
19,statement,actor_None_statement_02,source_center_noop,pair_0070_sad,18,02,sad,-1.8811199966822176
19,statement,actor_None_statement_02,source_center_noop,pair_0071_happy,18,02,happy,-0.2527046863486593
19,statement,actor_None_statement_02,source_center_noop,pair_0071_sad,18,02,sad,-3.81868981138264
19,statement,actor_None_statement_02,source_center_noop,pair_0074_happy,19,02,happy,2.231339295402167
19,statement,actor_None_statement_02,source_center_noop,pair_0074_sad,19,02,sad,-9.63897205712283
19,statement,actor_None_statement_02,source_center_noop,pair_0075_happy,19,02,happy,9.460293165826014
19,statement,actor_None_statement_02,source_center_noop,pair_0075_sad,19,02,sad,-9.15697058169021
19,statement,actor_None_statement_02,source_center_noop,pair_0078_happy,20,02,happy,-12.235999007569518
19,statement,actor_None_statement_02,source_center_noop,pair_0078_sad,20,02,sad,-7.135471106634272
19,statement,actor_None_statement_02,source_center_noop,pair_0079_happy,20,02,happy,0.3065083832097262
19,statement,actor_None_statement_02,source_center_noop,pair_0079_sad,20,02,sad,4.625700269336042
19,statement,actor_None_statement_02,source_center_noop,pair_0082_happy,21,02,happy,-7.549107233358368
19,statement,actor_None_statement_02,source_center_noop,pair_0082_sad,21,02,sad,-0.5366985082759417
19,statement,actor_None_statement_02,source_center_noop,pair_0083_happy,21,02,happy,-1.9643246289925358
19,statement,actor_None_statement_02,source_center_noop,pair_0083_sad,21,02,sad,-1.9597556315088287
19,statement,actor_None_statement_02,source_center_noop,pair_0086_happy,22,02,happy,-1.5142947552206039
19,statement,actor_None_statement_02,source_center_noop,pair_0086_sad,22,02,sad,-7.561008417618073
19,statement,actor_None_statement_02,source_center_noop,pair_0087_happy,22,02,happy,1.8398910544418765
19,statement,actor_None_statement_02,source_center_noop,pair_0087_sad,22,02,sad,-8.61450551308564
19,statement,actor_None_statement_02,source_center_noop,pair_0090_happy,23,02,happy,6.921448165039299
19,statement,actor_None_statement_02,source_center_noop,pair_0090_sad,23,02,sad,1.06687699072795
19,statement,actor_None_statement_02,source_center_noop,pair_0091_happy,23,02,happy,0.6675482175579646
19,statement,actor_None_statement_02,source_center_noop,pair_0091_sad,23,02,sad,4.343712879611976
19,statement,actor_None_statement_02,source_center_noop,pair_0094_happy,24,02,happy,-2.52798480236933
19,statement,actor_None_statement_02,source_center_noop,pair_0094_sad,24,02,sad,6.403982308598126
19,statement,actor_None_statement_02,source_center_noop,pair_0095_happy,24,02,happy,-5.446295565989322
19,statement,actor_None_statement_02,source_center_noop,pair_0095_sad,24,02,sad,-12.774676647993982
19,statement,actor_None_statement_02,transductive_center,pair_0002_happy,01,02,happy,-7.314092589341807
19,statement,actor_None_statement_02,transductive_center,pair_0002_sad,01,02,sad,3.055727079956875
19,statement,actor_None_statement_02,transductive_center,pair_0003_happy,01,02,happy,-3.877144450766675
19,statement,actor_None_statement_02,transductive_center,pair_0003_sad,01,02,sad,0.8633739931147302
19,statement,actor_None_statement_02,transductive_center,pair_0006_happy,02,02,happy,-5.73471560002002
19,statement,actor_None_statement_02,transductive_center,pair_0006_sad,02,02,sad,-2.0959354211754926
19,statement,actor_None_statement_02,transductive_center,pair_0007_happy,02,02,happy,-3.6205477435602207
19,statement,actor_None_statement_02,transductive_center,pair_0007_sad,02,02,sad,-3.349067122741496
19,statement,actor_None_statement_02,transductive_center,pair_0010_happy,03,02,happy,-1.2881740949994667
19,statement,actor_None_statement_02,transductive_center,pair_0010_sad,03,02,sad,-11.968273790794328
19,statement,actor_None_statement_02,transductive_center,pair_0011_happy,03,02,happy,1.6990169674477391
19,statement,actor_None_statement_02,transductive_center,pair_0011_sad,03,02,sad,-10.047208635400647
19,statement,actor_None_statement_02,transductive_center,pair_0014_happy,04,02,happy,5.218052398645329
19,statement,actor_None_statement_02,transductive_center,pair_0014_sad,04,02,sad,-2.2601690340740914
19,statement,actor_None_statement_02,transductive_center,pair_0015_happy,04,02,happy,3.823605699464566
19,statement,actor_None_statement_02,transductive_center,pair_0015_sad,04,02,sad,1.1494219592534405
19,statement,actor_None_statement_02,transductive_center,pair_0018_happy,05,02,happy,5.192295685289273
19,statement,actor_None_statement_02,transductive_center,pair_0018_sad,05,02,sad,-12.434267956894853
19,statement,actor_None_statement_02,transductive_center,pair_0019_happy,05,02,happy,-6.741822136322521
19,statement,actor_None_statement_02,transductive_center,pair_0019_sad,05,02,sad,-8.685841816081247
19,statement,actor_None_statement_02,transductive_center,pair_0022_happy,06,02,happy,1.1090457231891593
19,statement,actor_None_statement_02,transductive_center,pair_0022_sad,06,02,sad,-5.373181057138505
19,statement,actor_None_statement_02,transductive_center,pair_0023_happy,06,02,happy,1.131258567718569
19,statement,actor_None_statement_02,transductive_center,pair_0023_sad,06,02,sad,-6.322745385312728
19,statement,actor_None_statement_02,transductive_center,pair_0026_happy,07,02,happy,9.70833495816007
19,statement,actor_None_statement_02,transductive_center,pair_0026_sad,07,02,sad,-6.931687890974458
19,statement,actor_None_statement_02,transductive_center,pair_0027_happy,07,02,happy,9.70833495816007
19,statement,actor_None_statement_02,transductive_center,pair_0027_sad,07,02,sad,-11.409907922493254
19,statement,actor_None_statement_02,transductive_center,pair_0030_happy,08,02,happy,-1.2101698570007757
19,statement,actor_None_statement_02,transductive_center,pair_0030_sad,08,02,sad,-1.9558232552773793
19,statement,actor_None_statement_02,transductive_center,pair_0031_happy,08,02,happy,5.1865283922175385
19,statement,actor_None_statement_02,transductive_center,pair_0031_sad,08,02,sad,3.3451711923849716
19,statement,actor_None_statement_02,transductive_center,pair_0034_happy,09,02,happy,-0.10662159895416057
19,statement,actor_None_statement_02,transductive_center,pair_0034_sad,09,02,sad,3.718419017354747
19,statement,actor_None_statement_02,transductive_center,pair_0035_happy,09,02,happy,-1.5545954018481227
19,statement,actor_None_statement_02,transductive_center,pair_0035_sad,09,02,sad,1.995612991265026
19,statement,actor_None_statement_02,transductive_center,pair_0038_happy,10,02,happy,9.025358918710932
19,statement,actor_None_statement_02,transductive_center,pair_0038_sad,10,02,sad,-7.660616164975017
19,statement,actor_None_statement_02,transductive_center,pair_0039_happy,10,02,happy,12.367023278783822
19,statement,actor_None_statement_02,transductive_center,pair_0039_sad,10,02,sad,-7.888209242559149
19,statement,actor_None_statement_02,transductive_center,pair_0042_happy,11,02,happy,9.78975093956159
19,statement,actor_None_statement_02,transductive_center,pair_0042_sad,11,02,sad,-6.362209903076182
19,statement,actor_None_statement_02,transductive_center,pair_0043_happy,11,02,happy,10.001445363191579
19,statement,actor_None_statement_02,transductive_center,pair_0043_sad,11,02,sad,-2.5684703650802048
19,statement,actor_None_statement_02,transductive_center,pair_0046_happy,12,02,happy,2.8006719696871487
19,statement,actor_None_statement_02,transductive_center,pair_0046_sad,12,02,sad,-3.439565081716455
19,statement,actor_None_statement_02,transductive_center,pair_0047_happy,12,02,happy,-3.1841756315516934
19,statement,actor_None_statement_02,transductive_center,pair_0047_sad,12,02,sad,0.9652786132343456
19,statement,actor_None_statement_02,transductive_center,pair_0050_happy,13,02,happy,9.466482503679849
19,statement,actor_None_statement_02,transductive_center,pair_0050_sad,13,02,sad,2.5983995607695727
19,statement,actor_None_statement_02,transductive_center,pair_0051_happy,13,02,happy,2.732301977715797
19,statement,actor_None_statement_02,transductive_center,pair_0051_sad,13,02,sad,-3.3265389564287355
19,statement,actor_None_statement_02,transductive_center,pair_0054_happy,14,02,happy,5.7939047072308965
19,statement,actor_None_statement_02,transductive_center,pair_0054_sad,14,02,sad,1.5221339947474997
19,statement,actor_None_statement_02,transductive_center,pair_0055_happy,14,02,happy,9.271303982611823
19,statement,actor_None_statement_02,transductive_center,pair_0055_sad,14,02,sad,-2.1593833980027926
19,statement,actor_None_statement_02,transductive_center,pair_0058_happy,15,02,happy,0.8617393492863323
19,statement,actor_None_statement_02,transductive_center,pair_0058_sad,15,02,sad,-0.9264455169942343
19,statement,actor_None_statement_02,transductive_center,pair_0059_happy,15,02,happy,2.324395801365429
19,statement,actor_None_statement_02,transductive_center,pair_0059_sad,15,02,sad,-0.059518313697636493
19,statement,actor_None_statement_02,transductive_center,pair_0062_happy,16,02,happy,-3.9779211026625614
19,statement,actor_None_statement_02,transductive_center,pair_0062_sad,16,02,sad,-6.662712729159376
19,statement,actor_None_statement_02,transductive_center,pair_0063_happy,16,02,happy,0.5040023421120337
19,statement,actor_None_statement_02,transductive_center,pair_0063_sad,16,02,sad,-2.5891120174121918
19,statement,actor_None_statement_02,transductive_center,pair_0066_happy,17,02,happy,2.6213109469221463
19,statement,actor_None_statement_02,transductive_center,pair_0066_sad,17,02,sad,-2.7366987271645877
19,statement,actor_None_statement_02,transductive_center,pair_0067_happy,17,02,happy,-1.5193557811432639
19,statement,actor_None_statement_02,transductive_center,pair_0067_sad,17,02,sad,-1.2926024527604172
19,statement,actor_None_statement_02,transductive_center,pair_0070_happy,18,02,happy,-2.584538863881199
19,statement,actor_None_statement_02,transductive_center,pair_0070_sad,18,02,sad,0.8794041923453895
19,statement,actor_None_statement_02,transductive_center,pair_0071_happy,18,02,happy,2.507819502678948
19,statement,actor_None_statement_02,transductive_center,pair_0071_sad,18,02,sad,-1.058165622355033
19,statement,actor_None_statement_02,transductive_center,pair_0074_happy,19,02,happy,4.991863484429774
19,statement,actor_None_statement_02,transductive_center,pair_0074_sad,19,02,sad,-6.878447868095223
19,statement,actor_None_statement_02,transductive_center,pair_0075_happy,19,02,happy,12.220817354853622
19,statement,actor_None_statement_02,transductive_center,pair_0075_sad,19,02,sad,-6.396446392662603
19,statement,actor_None_statement_02,transductive_center,pair_0078_happy,20,02,happy,-9.475474818541912
19,statement,actor_None_statement_02,transductive_center,pair_0078_sad,20,02,sad,-4.374946917606665
19,statement,actor_None_statement_02,transductive_center,pair_0079_happy,20,02,happy,3.0670325722373333
19,statement,actor_None_statement_02,transductive_center,pair_0079_sad,20,02,sad,7.386224458363649
19,statement,actor_None_statement_02,transductive_center,pair_0082_happy,21,02,happy,-4.788583044330761
19,statement,actor_None_statement_02,transductive_center,pair_0082_sad,21,02,sad,2.2238256807516654
19,statement,actor_None_statement_02,transductive_center,pair_0083_happy,21,02,happy,0.7961995600350713
19,statement,actor_None_statement_02,transductive_center,pair_0083_sad,21,02,sad,0.8007685575187784
19,statement,actor_None_statement_02,transductive_center,pair_0086_happy,22,02,happy,1.2462294338070032
19,statement,actor_None_statement_02,transductive_center,pair_0086_sad,22,02,sad,-4.800484228590466
19,statement,actor_None_statement_02,transductive_center,pair_0087_happy,22,02,happy,4.600415243469484
19,statement,actor_None_statement_02,transductive_center,pair_0087_sad,22,02,sad,-5.853981324058032
19,statement,actor_None_statement_02,transductive_center,pair_0090_happy,23,02,happy,9.681972354066907
19,statement,actor_None_statement_02,transductive_center,pair_0090_sad,23,02,sad,3.827401179755557
19,statement,actor_None_statement_02,transductive_center,pair_0091_happy,23,02,happy,3.4280724065855717
19,statement,actor_None_statement_02,transductive_center,pair_0091_sad,23,02,sad,7.104237068639583
19,statement,actor_None_statement_02,transductive_center,pair_0094_happy,24,02,happy,0.232539386658277
19,statement,actor_None_statement_02,transductive_center,pair_0094_sad,24,02,sad,9.164506497625734
19,statement,actor_None_statement_02,transductive_center,pair_0095_happy,24,02,happy,-2.685771376961715
19,statement,actor_None_statement_02,transductive_center,pair_0095_sad,24,02,sad,-10.014152458966375
19,joint,actor_01_statement_01,raw,pair_0000_happy,01,01,happy,2.4494308170089805
19,joint,actor_01_statement_01,raw,pair_0000_sad,01,01,sad,-0.7972210967002127
19,joint,actor_01_statement_01,raw,pair_0001_happy,01,01,happy,2.321756540215667
19,joint,actor_01_statement_01,raw,pair_0001_sad,01,01,sad,5.69269910426129
19,joint,actor_01_statement_01,source_center_noop,pair_0000_happy,01,01,happy,2.4494308170089805
19,joint,actor_01_statement_01,source_center_noop,pair_0000_sad,01,01,sad,-0.7972210967002127
19,joint,actor_01_statement_01,source_center_noop,pair_0001_happy,01,01,happy,2.321756540215667
19,joint,actor_01_statement_01,source_center_noop,pair_0001_sad,01,01,sad,5.69269910426129
19,joint,actor_01_statement_01,independent_center,pair_0000_happy,01,01,happy,-3.3228601117686263
19,joint,actor_01_statement_01,independent_center,pair_0000_sad,01,01,sad,-6.569512025477819
19,joint,actor_01_statement_01,independent_center,pair_0001_happy,01,01,happy,-3.4505343885619397
19,joint,actor_01_statement_01,independent_center,pair_0001_sad,01,01,sad,-0.0795918245163163
19,joint,actor_01_statement_01,independent_rank1,pair_0000_happy,01,01,happy,-4.096301170430843
19,joint,actor_01_statement_01,independent_rank1,pair_0000_sad,01,01,sad,-6.593833072338699
19,joint,actor_01_statement_01,independent_rank1,pair_0001_happy,01,01,happy,-2.8425668940014654
19,joint,actor_01_statement_01,independent_rank1,pair_0001_sad,01,01,sad,-0.7675926292488584
19,joint,actor_01_statement_02,raw,pair_0002_happy,01,02,happy,-11.96540422027282
19,joint,actor_01_statement_02,raw,pair_0002_sad,01,02,sad,-1.928596761245494
19,joint,actor_01_statement_02,raw,pair_0003_happy,01,02,happy,-7.9677137261229465
19,joint,actor_01_statement_02,raw,pair_0003_sad,01,02,sad,-3.6664812891366427
19,joint,actor_01_statement_02,source_center_noop,pair_0002_happy,01,02,happy,-11.96540422027282
19,joint,actor_01_statement_02,source_center_noop,pair_0002_sad,01,02,sad,-1.928596761245494
19,joint,actor_01_statement_02,source_center_noop,pair_0003_happy,01,02,happy,-7.9677137261229465
19,joint,actor_01_statement_02,source_center_noop,pair_0003_sad,01,02,sad,-3.6664812891366427
19,joint,actor_01_statement_02,independent_center,pair_0002_happy,01,02,happy,-7.833430535160645
19,joint,actor_01_statement_02,independent_center,pair_0002_sad,01,02,sad,2.2033769238666814
19,joint,actor_01_statement_02,independent_center,pair_0003_happy,01,02,happy,-3.835740041010771
19,joint,actor_01_statement_02,independent_center,pair_0003_sad,01,02,sad,0.4654923959755326
19,joint,actor_01_statement_02,independent_rank1,pair_0002_happy,01,02,happy,-7.865558794209981
19,joint,actor_01_statement_02,independent_rank1,pair_0002_sad,01,02,sad,1.7278875835403902
19,joint,actor_01_statement_02,independent_rank1,pair_0003_happy,01,02,happy,-2.6877883895396426
19,joint,actor_01_statement_02,independent_rank1,pair_0003_sad,01,02,sad,0.14380753795361478
19,joint,actor_02_statement_01,raw,pair_0004_happy,02,01,happy,12.53311363463223
19,joint,actor_02_statement_01,raw,pair_0004_sad,02,01,sad,9.230397924676584
19,joint,actor_02_statement_01,raw,pair_0005_happy,02,01,happy,20.61789165501497
19,joint,actor_02_statement_01,raw,pair_0005_sad,02,01,sad,4.466529868502654
19,joint,actor_02_statement_01,source_center_noop,pair_0004_happy,02,01,happy,12.53311363463223
19,joint,actor_02_statement_01,source_center_noop,pair_0004_sad,02,01,sad,9.230397924676584
19,joint,actor_02_statement_01,source_center_noop,pair_0005_happy,02,01,happy,20.61789165501497
19,joint,actor_02_statement_01,source_center_noop,pair_0005_sad,02,01,sad,4.466529868502654
19,joint,actor_02_statement_01,independent_center,pair_0004_happy,02,01,happy,0.23667999635911308
19,joint,actor_02_statement_01,independent_center,pair_0004_sad,02,01,sad,-3.0660357135965324
19,joint,actor_02_statement_01,independent_center,pair_0005_happy,02,01,happy,8.321458016741852
19,joint,actor_02_statement_01,independent_center,pair_0005_sad,02,01,sad,-7.829903769770462
19,joint,actor_02_statement_01,independent_rank1,pair_0004_happy,02,01,happy,0.9710611808215788
19,joint,actor_02_statement_01,independent_rank1,pair_0004_sad,02,01,sad,-3.0906233486529544
19,joint,actor_02_statement_01,independent_rank1,pair_0005_happy,02,01,happy,9.360642982873959
19,joint,actor_02_statement_01,independent_rank1,pair_0005_sad,02,01,sad,-8.111336747065383
19,joint,actor_02_statement_02,raw,pair_0006_happy,02,02,happy,-4.4006661484598055
19,joint,actor_02_statement_02,raw,pair_0006_sad,02,02,sad,-1.9371821442761448
19,joint,actor_02_statement_02,raw,pair_0007_happy,02,02,happy,-2.0109007954287392
19,joint,actor_02_statement_02,raw,pair_0007_sad,02,02,sad,-4.4641952000274046
19,joint,actor_02_statement_02,source_center_noop,pair_0006_happy,02,02,happy,-4.4006661484598055
19,joint,actor_02_statement_02,source_center_noop,pair_0006_sad,02,02,sad,-1.9371821442761448
19,joint,actor_02_statement_02,source_center_noop,pair_0007_happy,02,02,happy,-2.0109007954287392
19,joint,actor_02_statement_02,source_center_noop,pair_0007_sad,02,02,sad,-4.4641952000274046
19,joint,actor_02_statement_02,independent_center,pair_0006_happy,02,02,happy,-5.813940821037432
19,joint,actor_02_statement_02,independent_center,pair_0006_sad,02,02,sad,-3.3504568168537716
19,joint,actor_02_statement_02,independent_center,pair_0007_happy,02,02,happy,-3.424175468006366
19,joint,actor_02_statement_02,independent_center,pair_0007_sad,02,02,sad,-5.877469872605031
19,joint,actor_02_statement_02,independent_rank1,pair_0006_happy,02,02,happy,-6.265004618878772
19,joint,actor_02_statement_02,independent_rank1,pair_0006_sad,02,02,sad,-3.7451105665589512
19,joint,actor_02_statement_02,independent_rank1,pair_0007_happy,02,02,happy,-3.7507970461227647
19,joint,actor_02_statement_02,independent_rank1,pair_0007_sad,02,02,sad,-5.399826590991291
19,joint,actor_03_statement_01,raw,pair_0008_happy,03,01,happy,5.843744682410714
19,joint,actor_03_statement_01,raw,pair_0008_sad,03,01,sad,11.404300219004227
19,joint,actor_03_statement_01,raw,pair_0009_happy,03,01,happy,24.375995297565808
19,joint,actor_03_statement_01,raw,pair_0009_sad,03,01,sad,13.395757507072993
19,joint,actor_03_statement_01,source_center_noop,pair_0008_happy,03,01,happy,5.843744682410714
19,joint,actor_03_statement_01,source_center_noop,pair_0008_sad,03,01,sad,11.404300219004227
19,joint,actor_03_statement_01,source_center_noop,pair_0009_happy,03,01,happy,24.375995297565808
19,joint,actor_03_statement_01,source_center_noop,pair_0009_sad,03,01,sad,13.395757507072993
19,joint,actor_03_statement_01,independent_center,pair_0008_happy,03,01,happy,-7.176306428134321
19,joint,actor_03_statement_01,independent_center,pair_0008_sad,03,01,sad,-1.6157508915408076
19,joint,actor_03_statement_01,independent_center,pair_0009_happy,03,01,happy,11.355944187020773
19,joint,actor_03_statement_01,independent_center,pair_0009_sad,03,01,sad,0.3757063965279581
19,joint,actor_03_statement_01,independent_rank1,pair_0008_happy,03,01,happy,-7.701424613763132
19,joint,actor_03_statement_01,independent_rank1,pair_0008_sad,03,01,sad,-0.8042625915041217
19,joint,actor_03_statement_01,independent_rank1,pair_0009_happy,03,01,happy,13.292163992083985
19,joint,actor_03_statement_01,independent_rank1,pair_0009_sad,03,01,sad,1.776207871531227
19,joint,actor_03_statement_02,raw,pair_0010_happy,03,02,happy,-7.6142727951991125
19,joint,actor_03_statement_02,raw,pair_0010_sad,03,02,sad,-17.85637966492641
19,joint,actor_03_statement_02,raw,pair_0011_happy,03,02,happy,-5.805204724010652
19,joint,actor_03_statement_02,raw,pair_0011_sad,03,02,sad,-17.001565970054166
19,joint,actor_03_statement_02,source_center_noop,pair_0010_happy,03,02,happy,-7.6142727951991125
19,joint,actor_03_statement_02,source_center_noop,pair_0010_sad,03,02,sad,-17.85637966492641
19,joint,actor_03_statement_02,source_center_noop,pair_0011_happy,03,02,happy,-5.805204724010652
19,joint,actor_03_statement_02,source_center_noop,pair_0011_sad,03,02,sad,-17.001565970054166
19,joint,actor_03_statement_02,independent_center,pair_0010_happy,03,02,happy,-1.743217171103355
19,joint,actor_03_statement_02,independent_center,pair_0010_sad,03,02,sad,-11.985324040830655
19,joint,actor_03_statement_02,independent_center,pair_0011_happy,03,02,happy,0.0658509000851053
19,joint,actor_03_statement_02,independent_center,pair_0011_sad,03,02,sad,-11.13051034595841
19,joint,actor_03_statement_02,independent_rank1,pair_0010_happy,03,02,happy,-1.9760013430355645
19,joint,actor_03_statement_02,independent_rank1,pair_0010_sad,03,02,sad,-11.518511971444983
19,joint,actor_03_statement_02,independent_rank1,pair_0011_happy,03,02,happy,0.4293831470699647
19,joint,actor_03_statement_02,independent_rank1,pair_0011_sad,03,02,sad,-10.28398166290247
19,joint,actor_04_statement_01,raw,pair_0012_happy,04,01,happy,21.88151648859174
19,joint,actor_04_statement_01,raw,pair_0012_sad,04,01,sad,-0.7861423222637427
19,joint,actor_04_statement_01,raw,pair_0013_happy,04,01,happy,8.252061543617927
19,joint,actor_04_statement_01,raw,pair_0013_sad,04,01,sad,2.3544823055118336
19,joint,actor_04_statement_01,source_center_noop,pair_0012_happy,04,01,happy,21.88151648859174
19,joint,actor_04_statement_01,source_center_noop,pair_0012_sad,04,01,sad,-0.7861423222637427
19,joint,actor_04_statement_01,source_center_noop,pair_0013_happy,04,01,happy,8.252061543617927
19,joint,actor_04_statement_01,source_center_noop,pair_0013_sad,04,01,sad,2.3544823055118336
19,joint,actor_04_statement_01,independent_center,pair_0012_happy,04,01,happy,6.470523904467351
19,joint,actor_04_statement_01,independent_center,pair_0012_sad,04,01,sad,-16.19713490638813
19,joint,actor_04_statement_01,independent_center,pair_0013_happy,04,01,happy,-7.158931040506461
19,joint,actor_04_statement_01,independent_center,pair_0013_sad,04,01,sad,-13.056510278612555
19,joint,actor_04_statement_01,independent_rank1,pair_0012_happy,04,01,happy,5.780276937091582
19,joint,actor_04_statement_01,independent_rank1,pair_0012_sad,04,01,sad,-18.508823763669835
19,joint,actor_04_statement_01,independent_rank1,pair_0013_happy,04,01,happy,-5.949730935990257
19,joint,actor_04_statement_01,independent_rank1,pair_0013_sad,04,01,sad,-14.347411081569401
19,joint,actor_04_statement_02,raw,pair_0014_happy,04,02,happy,6.279186964036935
19,joint,actor_04_statement_02,raw,pair_0014_sad,04,02,sad,-0.11053553239291602
19,joint,actor_04_statement_02,raw,pair_0015_happy,04,02,happy,3.1016679476655327
19,joint,actor_04_statement_02,raw,pair_0015_sad,04,02,sad,2.9530162010895733
19,joint,actor_04_statement_02,source_center_noop,pair_0014_happy,04,02,happy,6.279186964036935
19,joint,actor_04_statement_02,source_center_noop,pair_0014_sad,04,02,sad,-0.11053553239291602
19,joint,actor_04_statement_02,source_center_noop,pair_0015_happy,04,02,happy,3.1016679476655327
19,joint,actor_04_statement_02,source_center_noop,pair_0015_sad,04,02,sad,2.9530162010895733
19,joint,actor_04_statement_02,independent_center,pair_0014_happy,04,02,happy,4.980961690990699
19,joint,actor_04_statement_02,independent_center,pair_0014_sad,04,02,sad,-1.4087608054391518
19,joint,actor_04_statement_02,independent_center,pair_0015_happy,04,02,happy,1.8034426746192969
19,joint,actor_04_statement_02,independent_center,pair_0015_sad,04,02,sad,1.6547909280433375
19,joint,actor_04_statement_02,independent_rank1,pair_0014_happy,04,02,happy,4.585971657793648
19,joint,actor_04_statement_02,independent_rank1,pair_0014_sad,04,02,sad,-1.5085988843078972
19,joint,actor_04_statement_02,independent_rank1,pair_0015_happy,04,02,happy,0.9712873622932303
19,joint,actor_04_statement_02,independent_rank1,pair_0015_sad,04,02,sad,1.5302530009762787
19,joint,actor_05_statement_01,raw,pair_0016_happy,05,01,happy,20.574884505330584
19,joint,actor_05_statement_01,raw,pair_0016_sad,05,01,sad,10.332071188281118
19,joint,actor_05_statement_01,raw,pair_0017_happy,05,01,happy,14.208668909360075
19,joint,actor_05_statement_01,raw,pair_0017_sad,05,01,sad,5.308894529109793
19,joint,actor_05_statement_01,source_center_noop,pair_0016_happy,05,01,happy,20.574884505330584
19,joint,actor_05_statement_01,source_center_noop,pair_0016_sad,05,01,sad,10.332071188281118
19,joint,actor_05_statement_01,source_center_noop,pair_0017_happy,05,01,happy,14.208668909360075
19,joint,actor_05_statement_01,source_center_noop,pair_0017_sad,05,01,sad,5.308894529109793
19,joint,actor_05_statement_01,independent_center,pair_0016_happy,05,01,happy,8.792572023598215
19,joint,actor_05_statement_01,independent_center,pair_0016_sad,05,01,sad,-1.450241293451251
19,joint,actor_05_statement_01,independent_center,pair_0017_happy,05,01,happy,2.426356427627706
19,joint,actor_05_statement_01,independent_center,pair_0017_sad,05,01,sad,-6.473417952622576
19,joint,actor_05_statement_01,independent_rank1,pair_0016_happy,05,01,happy,11.701114226817596
19,joint,actor_05_statement_01,independent_rank1,pair_0016_sad,05,01,sad,-2.4422418720401673
19,joint,actor_05_statement_01,independent_rank1,pair_0017_happy,05,01,happy,2.5991775347165245
19,joint,actor_05_statement_01,independent_rank1,pair_0017_sad,05,01,sad,-6.507804737693693
19,joint,actor_05_statement_02,raw,pair_0018_happy,05,02,happy,4.342849497838607
19,joint,actor_05_statement_02,raw,pair_0018_sad,05,02,sad,-8.697272074286184
19,joint,actor_05_statement_02,raw,pair_0019_happy,05,02,happy,-7.116609675295697
19,joint,actor_05_statement_02,raw,pair_0019_sad,05,02,sad,-8.63510085270762
19,joint,actor_05_statement_02,source_center_noop,pair_0018_happy,05,02,happy,4.342849497838607
19,joint,actor_05_statement_02,source_center_noop,pair_0018_sad,05,02,sad,-8.697272074286184
19,joint,actor_05_statement_02,source_center_noop,pair_0019_happy,05,02,happy,-7.116609675295697
19,joint,actor_05_statement_02,source_center_noop,pair_0019_sad,05,02,sad,-8.63510085270762
19,joint,actor_05_statement_02,independent_center,pair_0018_happy,05,02,happy,4.314828410151533
19,joint,actor_05_statement_02,independent_center,pair_0018_sad,05,02,sad,-8.725293161973259
19,joint,actor_05_statement_02,independent_center,pair_0019_happy,05,02,happy,-7.144630762982771
19,joint,actor_05_statement_02,independent_center,pair_0019_sad,05,02,sad,-8.663121940394694
19,joint,actor_05_statement_02,independent_rank1,pair_0018_happy,05,02,happy,3.8052524807541523
19,joint,actor_05_statement_02,independent_rank1,pair_0018_sad,05,02,sad,-8.574930261388985
19,joint,actor_05_statement_02,independent_rank1,pair_0019_happy,05,02,happy,-6.727711198145691
19,joint,actor_05_statement_02,independent_rank1,pair_0019_sad,05,02,sad,-8.469589276082571
19,joint,actor_06_statement_01,raw,pair_0020_happy,06,01,happy,18.341541679963687
19,joint,actor_06_statement_01,raw,pair_0020_sad,06,01,sad,20.160159086605454
19,joint,actor_06_statement_01,raw,pair_0021_happy,06,01,happy,24.15629442132398
19,joint,actor_06_statement_01,raw,pair_0021_sad,06,01,sad,15.05381872970403
19,joint,actor_06_statement_01,source_center_noop,pair_0020_happy,06,01,happy,18.341541679963687
19,joint,actor_06_statement_01,source_center_noop,pair_0020_sad,06,01,sad,20.160159086605454
19,joint,actor_06_statement_01,source_center_noop,pair_0021_happy,06,01,happy,24.15629442132398
19,joint,actor_06_statement_01,source_center_noop,pair_0021_sad,06,01,sad,15.05381872970403
19,joint,actor_06_statement_01,independent_center,pair_0020_happy,06,01,happy,5.651436604639558
19,joint,actor_06_statement_01,independent_center,pair_0020_sad,06,01,sad,7.470054011281325
19,joint,actor_06_statement_01,independent_center,pair_0021_happy,06,01,happy,11.466189345999853
19,joint,actor_06_statement_01,independent_center,pair_0021_sad,06,01,sad,2.363713654379902
19,joint,actor_06_statement_01,independent_rank1,pair_0020_happy,06,01,happy,6.816390023715201
19,joint,actor_06_statement_01,independent_rank1,pair_0020_sad,06,01,sad,9.480055434844356
19,joint,actor_06_statement_01,independent_rank1,pair_0021_happy,06,01,happy,13.12144462237838
19,joint,actor_06_statement_01,independent_rank1,pair_0021_sad,06,01,sad,3.7628204024037597
19,joint,actor_06_statement_02,raw,pair_0022_happy,06,02,happy,-1.8346994928594729
19,joint,actor_06_statement_02,raw,pair_0022_sad,06,02,sad,-6.992654704622987
19,joint,actor_06_statement_02,raw,pair_0023_happy,06,02,happy,-0.7311008642121894
19,joint,actor_06_statement_02,raw,pair_0023_sad,06,02,sad,-7.710495055190911
19,joint,actor_06_statement_02,source_center_noop,pair_0022_happy,06,02,happy,-1.8346994928594729
19,joint,actor_06_statement_02,source_center_noop,pair_0022_sad,06,02,sad,-6.992654704622987
19,joint,actor_06_statement_02,source_center_noop,pair_0023_happy,06,02,happy,-0.7311008642121894
19,joint,actor_06_statement_02,source_center_noop,pair_0023_sad,06,02,sad,-7.710495055190911
19,joint,actor_06_statement_02,independent_center,pair_0022_happy,06,02,happy,-0.935933356945581
19,joint,actor_06_statement_02,independent_center,pair_0022_sad,06,02,sad,-6.093888568709096
19,joint,actor_06_statement_02,independent_center,pair_0023_happy,06,02,happy,0.16766527170170242
19,joint,actor_06_statement_02,independent_center,pair_0023_sad,06,02,sad,-6.811728919277019
19,joint,actor_06_statement_02,independent_rank1,pair_0022_happy,06,02,happy,-0.9805011492941951
19,joint,actor_06_statement_02,independent_rank1,pair_0022_sad,06,02,sad,-6.23066811358737
19,joint,actor_06_statement_02,independent_rank1,pair_0023_happy,06,02,happy,-0.03318437535876484
19,joint,actor_06_statement_02,independent_rank1,pair_0023_sad,06,02,sad,-6.812993293605835
19,joint,actor_07_statement_01,raw,pair_0024_happy,07,01,happy,8.192706120442297
19,joint,actor_07_statement_01,raw,pair_0024_sad,07,01,sad,15.159737436041347
19,joint,actor_07_statement_01,raw,pair_0025_happy,07,01,happy,21.686873388933297
19,joint,actor_07_statement_01,raw,pair_0025_sad,07,01,sad,16.393666226093384
19,joint,actor_07_statement_01,source_center_noop,pair_0024_happy,07,01,happy,8.192706120442297
19,joint,actor_07_statement_01,source_center_noop,pair_0024_sad,07,01,sad,15.159737436041347
19,joint,actor_07_statement_01,source_center_noop,pair_0025_happy,07,01,happy,21.686873388933297
19,joint,actor_07_statement_01,source_center_noop,pair_0025_sad,07,01,sad,16.393666226093384
19,joint,actor_07_statement_01,independent_center,pair_0024_happy,07,01,happy,-6.2096684582256305
19,joint,actor_07_statement_01,independent_center,pair_0024_sad,07,01,sad,0.757362857373419
19,joint,actor_07_statement_01,independent_center,pair_0025_happy,07,01,happy,7.284498810265369
19,joint,actor_07_statement_01,independent_center,pair_0025_sad,07,01,sad,1.9912916474254558
19,joint,actor_07_statement_01,independent_rank1,pair_0024_happy,07,01,happy,-7.210955770496309
19,joint,actor_07_statement_01,independent_rank1,pair_0024_sad,07,01,sad,0.5520213821685829
19,joint,actor_07_statement_01,independent_rank1,pair_0025_happy,07,01,happy,9.328779225896355
19,joint,actor_07_statement_01,independent_rank1,pair_0025_sad,07,01,sad,0.8929715427812006
19,joint,actor_07_statement_02,raw,pair_0026_happy,07,02,happy,4.426867832832349
19,joint,actor_07_statement_02,raw,pair_0026_sad,07,02,sad,-9.336151394544867
19,joint,actor_07_statement_02,raw,pair_0027_happy,07,02,happy,4.426867832832349
19,joint,actor_07_statement_02,raw,pair_0027_sad,07,02,sad,-15.423331484862619
19,joint,actor_07_statement_02,source_center_noop,pair_0026_happy,07,02,happy,4.426867832832349
19,joint,actor_07_statement_02,source_center_noop,pair_0026_sad,07,02,sad,-9.336151394544867
19,joint,actor_07_statement_02,source_center_noop,pair_0027_happy,07,02,happy,4.426867832832349
19,joint,actor_07_statement_02,source_center_noop,pair_0027_sad,07,02,sad,-15.423331484862619
19,joint,actor_07_statement_02,independent_center,pair_0026_happy,07,02,happy,8.331837307550806
19,joint,actor_07_statement_02,independent_center,pair_0026_sad,07,02,sad,-5.431181919826411
19,joint,actor_07_statement_02,independent_center,pair_0027_happy,07,02,happy,8.331837307550806
19,joint,actor_07_statement_02,independent_center,pair_0027_sad,07,02,sad,-11.518362010144163
19,joint,actor_07_statement_02,independent_rank1,pair_0026_happy,07,02,happy,8.157900408550873
19,joint,actor_07_statement_02,independent_rank1,pair_0026_sad,07,02,sad,-4.786007787913466
19,joint,actor_07_statement_02,independent_rank1,pair_0027_happy,07,02,happy,8.157900408550873
19,joint,actor_07_statement_02,independent_rank1,pair_0027_sad,07,02,sad,-11.932258084021655
19,joint,actor_08_statement_01,raw,pair_0028_happy,08,01,happy,11.64793255467917
19,joint,actor_08_statement_01,raw,pair_0028_sad,08,01,sad,-0.9300744821258
19,joint,actor_08_statement_01,raw,pair_0029_happy,08,01,happy,15.825316995020364
19,joint,actor_08_statement_01,raw,pair_0029_sad,08,01,sad,19.712480733455095
19,joint,actor_08_statement_01,source_center_noop,pair_0028_happy,08,01,happy,11.64793255467917
19,joint,actor_08_statement_01,source_center_noop,pair_0028_sad,08,01,sad,-0.9300744821258
19,joint,actor_08_statement_01,source_center_noop,pair_0029_happy,08,01,happy,15.825316995020364
19,joint,actor_08_statement_01,source_center_noop,pair_0029_sad,08,01,sad,19.712480733455095
19,joint,actor_08_statement_01,independent_center,pair_0028_happy,08,01,happy,1.401972089006044
19,joint,actor_08_statement_01,independent_center,pair_0028_sad,08,01,sad,-11.176034947798925
19,joint,actor_08_statement_01,independent_center,pair_0029_happy,08,01,happy,5.579356529347239
19,joint,actor_08_statement_01,independent_center,pair_0029_sad,08,01,sad,9.46652026778197
19,joint,actor_08_statement_01,independent_rank1,pair_0028_happy,08,01,happy,-0.010496733938825997
19,joint,actor_08_statement_01,independent_rank1,pair_0028_sad,08,01,sad,-7.565341105290059
19,joint,actor_08_statement_01,independent_rank1,pair_0029_happy,08,01,happy,4.965117812900679
19,joint,actor_08_statement_01,independent_rank1,pair_0029_sad,08,01,sad,13.966596866860193
19,joint,actor_08_statement_02,raw,pair_0030_happy,08,02,happy,-1.9950662062299362
19,joint,actor_08_statement_02,raw,pair_0030_sad,08,02,sad,-1.5129931449193115
19,joint,actor_08_statement_02,raw,pair_0031_happy,08,02,happy,4.271597486054146
19,joint,actor_08_statement_02,raw,pair_0031_sad,08,02,sad,8.032921890798379
19,joint,actor_08_statement_02,source_center_noop,pair_0030_happy,08,02,happy,-1.9950662062299362
19,joint,actor_08_statement_02,source_center_noop,pair_0030_sad,08,02,sad,-1.5129931449193115
19,joint,actor_08_statement_02,source_center_noop,pair_0031_happy,08,02,happy,4.271597486054146
19,joint,actor_08_statement_02,source_center_noop,pair_0031_sad,08,02,sad,8.032921890798379
19,joint,actor_08_statement_02,independent_center,pair_0030_happy,08,02,happy,-3.986361449841224
19,joint,actor_08_statement_02,independent_center,pair_0030_sad,08,02,sad,-3.504288388530599
19,joint,actor_08_statement_02,independent_center,pair_0031_happy,08,02,happy,2.2803022424428585
19,joint,actor_08_statement_02,independent_center,pair_0031_sad,08,02,sad,6.041626647187091
19,joint,actor_08_statement_02,independent_rank1,pair_0030_happy,08,02,happy,-4.207488531857061
19,joint,actor_08_statement_02,independent_rank1,pair_0030_sad,08,02,sad,-2.712758376202519
19,joint,actor_08_statement_02,independent_rank1,pair_0031_happy,08,02,happy,2.08670680345785
19,joint,actor_08_statement_02,independent_rank1,pair_0031_sad,08,02,sad,7.412796378739834
19,joint,actor_09_statement_01,raw,pair_0032_happy,09,01,happy,15.435293797197222
19,joint,actor_09_statement_01,raw,pair_0032_sad,09,01,sad,25.587837742244716
19,joint,actor_09_statement_01,raw,pair_0033_happy,09,01,happy,4.7312818951284275
19,joint,actor_09_statement_01,raw,pair_0033_sad,09,01,sad,5.559998590963049
19,joint,actor_09_statement_01,source_center_noop,pair_0032_happy,09,01,happy,15.435293797197222
19,joint,actor_09_statement_01,source_center_noop,pair_0032_sad,09,01,sad,25.587837742244716
19,joint,actor_09_statement_01,source_center_noop,pair_0033_happy,09,01,happy,4.7312818951284275
19,joint,actor_09_statement_01,source_center_noop,pair_0033_sad,09,01,sad,5.559998590963049
19,joint,actor_09_statement_01,independent_center,pair_0032_happy,09,01,happy,-0.017310622858648372
19,joint,actor_09_statement_01,independent_center,pair_0032_sad,09,01,sad,10.135233322188846
19,joint,actor_09_statement_01,independent_center,pair_0033_happy,09,01,happy,-10.721322524927443
19,joint,actor_09_statement_01,independent_center,pair_0033_sad,09,01,sad,-9.89260582909282
19,joint,actor_09_statement_01,independent_rank1,pair_0032_happy,09,01,happy,-4.507213670395339
19,joint,actor_09_statement_01,independent_rank1,pair_0032_sad,09,01,sad,12.19132959205806
19,joint,actor_09_statement_01,independent_rank1,pair_0033_happy,09,01,happy,-10.404267147206786
19,joint,actor_09_statement_01,independent_rank1,pair_0033_sad,09,01,sad,-14.386038010282535
19,joint,actor_09_statement_02,raw,pair_0034_happy,09,02,happy,0.21230220792783427
19,joint,actor_09_statement_02,raw,pair_0034_sad,09,02,sad,8.810531765641276
19,joint,actor_09_statement_02,raw,pair_0035_happy,09,02,happy,-0.7347932198139127
19,joint,actor_09_statement_02,raw,pair_0035_sad,09,02,sad,3.944722069021619
19,joint,actor_09_statement_02,source_center_noop,pair_0034_happy,09,02,happy,0.21230220792783427
19,joint,actor_09_statement_02,source_center_noop,pair_0034_sad,09,02,sad,8.810531765641276
19,joint,actor_09_statement_02,source_center_noop,pair_0035_happy,09,02,happy,-0.7347932198139127
19,joint,actor_09_statement_02,source_center_noop,pair_0035_sad,09,02,sad,3.944722069021619
19,joint,actor_09_statement_02,independent_center,pair_0034_happy,09,02,happy,-1.2881640892413664
19,joint,actor_09_statement_02,independent_center,pair_0034_sad,09,02,sad,7.310065468472075
19,joint,actor_09_statement_02,independent_center,pair_0035_happy,09,02,happy,-2.2352595169831133
19,joint,actor_09_statement_02,independent_center,pair_0035_sad,09,02,sad,2.4442557718524185
19,joint,actor_09_statement_02,independent_rank1,pair_0034_happy,09,02,happy,-1.1734129958723827
19,joint,actor_09_statement_02,independent_rank1,pair_0034_sad,09,02,sad,8.007957235829615
19,joint,actor_09_statement_02,independent_rank1,pair_0035_happy,09,02,happy,-2.472824410085895
19,joint,actor_09_statement_02,independent_rank1,pair_0035_sad,09,02,sad,2.8467542566473725
19,joint,actor_10_statement_01,raw,pair_0036_happy,10,01,happy,5.649640003311042
19,joint,actor_10_statement_01,raw,pair_0036_sad,10,01,sad,22.877966078200956
19,joint,actor_10_statement_01,raw,pair_0037_happy,10,01,happy,13.69986894725875
19,joint,actor_10_statement_01,raw,pair_0037_sad,10,01,sad,10.780357963756547
19,joint,actor_10_statement_01,source_center_noop,pair_0036_happy,10,01,happy,5.649640003311042
19,joint,actor_10_statement_01,source_center_noop,pair_0036_sad,10,01,sad,22.877966078200956
19,joint,actor_10_statement_01,source_center_noop,pair_0037_happy,10,01,happy,13.69986894725875
19,joint,actor_10_statement_01,source_center_noop,pair_0037_sad,10,01,sad,10.780357963756547
19,joint,actor_10_statement_01,independent_center,pair_0036_happy,10,01,happy,-8.507861532697785
19,joint,actor_10_statement_01,independent_center,pair_0036_sad,10,01,sad,8.72046454219213
19,joint,actor_10_statement_01,independent_center,pair_0037_happy,10,01,happy,-0.4576325887500765
19,joint,actor_10_statement_01,independent_center,pair_0037_sad,10,01,sad,-3.3771435722522796
19,joint,actor_10_statement_01,independent_rank1,pair_0036_happy,10,01,happy,-10.423936573975482
19,joint,actor_10_statement_01,independent_rank1,pair_0036_sad,10,01,sad,8.146754735131498
19,joint,actor_10_statement_01,independent_rank1,pair_0037_happy,10,01,happy,-1.2276060767392991
19,joint,actor_10_statement_01,independent_rank1,pair_0037_sad,10,01,sad,-4.493497088630221
19,joint,actor_10_statement_02,raw,pair_0038_happy,10,02,happy,4.040923722964317
19,joint,actor_10_statement_02,raw,pair_0038_sad,10,02,sad,-12.945245561766436
19,joint,actor_10_statement_02,raw,pair_0039_happy,10,02,happy,9.341743841612898
19,joint,actor_10_statement_02,raw,pair_0039_sad,10,02,sad,-12.436574803335603
19,joint,actor_10_statement_02,source_center_noop,pair_0038_happy,10,02,happy,4.040923722964317
19,joint,actor_10_statement_02,source_center_noop,pair_0038_sad,10,02,sad,-12.945245561766436
19,joint,actor_10_statement_02,source_center_noop,pair_0039_happy,10,02,happy,9.341743841612898
19,joint,actor_10_statement_02,source_center_noop,pair_0039_sad,10,02,sad,-12.436574803335603
19,joint,actor_10_statement_02,independent_center,pair_0038_happy,10,02,happy,7.318550234099634
19,joint,actor_10_statement_02,independent_center,pair_0038_sad,10,02,sad,-9.667619050631119
19,joint,actor_10_statement_02,independent_center,pair_0039_happy,10,02,happy,12.619370352748215
19,joint,actor_10_statement_02,independent_center,pair_0039_sad,10,02,sad,-9.158948292200286
19,joint,actor_10_statement_02,independent_rank1,pair_0038_happy,10,02,happy,7.019643899031223
19,joint,actor_10_statement_02,independent_rank1,pair_0038_sad,10,02,sad,-9.950677826172535
19,joint,actor_10_statement_02,independent_rank1,pair_0039_happy,10,02,happy,12.4556213296325
19,joint,actor_10_statement_02,independent_rank1,pair_0039_sad,10,02,sad,-8.572919467267987
19,joint,actor_11_statement_01,raw,pair_0040_happy,11,01,happy,18.605428354488115
19,joint,actor_11_statement_01,raw,pair_0040_sad,11,01,sad,3.645943891102153
19,joint,actor_11_statement_01,raw,pair_0041_happy,11,01,happy,3.96794074812599
19,joint,actor_11_statement_01,raw,pair_0041_sad,11,01,sad,6.499840263733407
19,joint,actor_11_statement_01,source_center_noop,pair_0040_happy,11,01,happy,18.605428354488115
19,joint,actor_11_statement_01,source_center_noop,pair_0040_sad,11,01,sad,3.645943891102153
19,joint,actor_11_statement_01,source_center_noop,pair_0041_happy,11,01,happy,3.96794074812599
19,joint,actor_11_statement_01,source_center_noop,pair_0041_sad,11,01,sad,6.499840263733407
19,joint,actor_11_statement_01,independent_center,pair_0040_happy,11,01,happy,7.380034623114373
19,joint,actor_11_statement_01,independent_center,pair_0040_sad,11,01,sad,-7.5794498402715895
19,joint,actor_11_statement_01,independent_center,pair_0041_happy,11,01,happy,-7.257452983247752
19,joint,actor_11_statement_01,independent_center,pair_0041_sad,11,01,sad,-4.725553467640335
19,joint,actor_11_statement_01,independent_rank1,pair_0040_happy,11,01,happy,8.269285214204592
19,joint,actor_11_statement_01,independent_rank1,pair_0040_sad,11,01,sad,-10.13746516635598
19,joint,actor_11_statement_01,independent_rank1,pair_0041_happy,11,01,happy,-7.773104330522269
19,joint,actor_11_statement_01,independent_rank1,pair_0041_sad,11,01,sad,-4.943031279539369
19,joint,actor_11_statement_02,raw,pair_0042_happy,11,02,happy,7.672090952834894
19,joint,actor_11_statement_02,raw,pair_0042_sad,11,02,sad,-9.817972459340014
19,joint,actor_11_statement_02,raw,pair_0043_happy,11,02,happy,8.650323118464287
19,joint,actor_11_statement_02,raw,pair_0043_sad,11,02,sad,-4.606138842105006
19,joint,actor_11_statement_02,source_center_noop,pair_0042_happy,11,02,happy,7.672090952834894
19,joint,actor_11_statement_02,source_center_noop,pair_0042_sad,11,02,sad,-9.817972459340014
19,joint,actor_11_statement_02,source_center_noop,pair_0043_happy,11,02,happy,8.650323118464287
19,joint,actor_11_statement_02,source_center_noop,pair_0043_sad,11,02,sad,-4.606138842105006
19,joint,actor_11_statement_02,independent_center,pair_0042_happy,11,02,happy,8.911730620433413
19,joint,actor_11_statement_02,independent_center,pair_0042_sad,11,02,sad,-8.578332791741495
19,joint,actor_11_statement_02,independent_center,pair_0043_happy,11,02,happy,9.889962786062807
19,joint,actor_11_statement_02,independent_center,pair_0043_sad,11,02,sad,-3.366499174506486
19,joint,actor_11_statement_02,independent_rank1,pair_0042_happy,11,02,happy,8.554454566609111
19,joint,actor_11_statement_02,independent_rank1,pair_0042_sad,11,02,sad,-8.571982362218808
19,joint,actor_11_statement_02,independent_rank1,pair_0043_happy,11,02,happy,9.359299255345556
19,joint,actor_11_statement_02,independent_rank1,pair_0043_sad,11,02,sad,-3.647131972826605
19,joint,actor_12_statement_01,raw,pair_0044_happy,12,01,happy,22.917149487662993
19,joint,actor_12_statement_01,raw,pair_0044_sad,12,01,sad,17.161091296114083
19,joint,actor_12_statement_01,raw,pair_0045_happy,12,01,happy,17.30211021049492
19,joint,actor_12_statement_01,raw,pair_0045_sad,12,01,sad,25.257068833004016
19,joint,actor_12_statement_01,source_center_noop,pair_0044_happy,12,01,happy,22.917149487662993
19,joint,actor_12_statement_01,source_center_noop,pair_0044_sad,12,01,sad,17.161091296114083
19,joint,actor_12_statement_01,source_center_noop,pair_0045_happy,12,01,happy,17.30211021049492
19,joint,actor_12_statement_01,source_center_noop,pair_0045_sad,12,01,sad,25.257068833004016
19,joint,actor_12_statement_01,independent_center,pair_0044_happy,12,01,happy,7.878156978943
19,joint,actor_12_statement_01,independent_center,pair_0044_sad,12,01,sad,2.1220987873940906
19,joint,actor_12_statement_01,independent_center,pair_0045_happy,12,01,happy,2.2631177017749273
19,joint,actor_12_statement_01,independent_center,pair_0045_sad,12,01,sad,10.218076324284024
19,joint,actor_12_statement_01,independent_rank1,pair_0044_happy,12,01,happy,8.74567385126514
19,joint,actor_12_statement_01,independent_rank1,pair_0044_sad,12,01,sad,1.2677764136933192
19,joint,actor_12_statement_01,independent_rank1,pair_0045_happy,12,01,happy,3.456348119354029
19,joint,actor_12_statement_01,independent_rank1,pair_0045_sad,12,01,sad,12.688822425672022
19,joint,actor_12_statement_02,raw,pair_0046_happy,12,02,happy,4.601737389943956
19,joint,actor_12_statement_02,raw,pair_0046_sad,12,02,sad,0.7382339562900846
19,joint,actor_12_statement_02,raw,pair_0047_happy,12,02,happy,1.9338873480907601
19,joint,actor_12_statement_02,raw,pair_0047_sad,12,02,sad,3.1276053519720683
19,joint,actor_12_statement_02,source_center_noop,pair_0046_happy,12,02,happy,4.601737389943956
19,joint,actor_12_statement_02,source_center_noop,pair_0046_sad,12,02,sad,0.7382339562900846
19,joint,actor_12_statement_02,source_center_noop,pair_0047_happy,12,02,happy,1.9338873480907601
19,joint,actor_12_statement_02,source_center_noop,pair_0047_sad,12,02,sad,3.1276053519720683
19,joint,actor_12_statement_02,independent_center,pair_0046_happy,12,02,happy,2.2039053491119382
19,joint,actor_12_statement_02,independent_center,pair_0046_sad,12,02,sad,-1.6595980845419334
19,joint,actor_12_statement_02,independent_center,pair_0047_happy,12,02,happy,-0.4639446927412578
19,joint,actor_12_statement_02,independent_center,pair_0047_sad,12,02,sad,0.7297733111400504
19,joint,actor_12_statement_02,independent_rank1,pair_0046_happy,12,02,happy,2.1026339458680887
19,joint,actor_12_statement_02,independent_rank1,pair_0046_sad,12,02,sad,-2.0349825979282983
19,joint,actor_12_statement_02,independent_rank1,pair_0047_happy,12,02,happy,-0.4911661772953728
19,joint,actor_12_statement_02,independent_rank1,pair_0047_sad,12,02,sad,0.7332286992721819
19,joint,actor_13_statement_01,raw,pair_0048_happy,13,01,happy,15.798527286545593
19,joint,actor_13_statement_01,raw,pair_0048_sad,13,01,sad,14.502680938332878
19,joint,actor_13_statement_01,raw,pair_0049_happy,13,01,happy,27.213474940161515
19,joint,actor_13_statement_01,raw,pair_0049_sad,13,01,sad,13.084048608075184
19,joint,actor_13_statement_01,source_center_noop,pair_0048_happy,13,01,happy,15.798527286545593
19,joint,actor_13_statement_01,source_center_noop,pair_0048_sad,13,01,sad,14.502680938332878
19,joint,actor_13_statement_01,source_center_noop,pair_0049_happy,13,01,happy,27.213474940161515
19,joint,actor_13_statement_01,source_center_noop,pair_0049_sad,13,01,sad,13.084048608075184
19,joint,actor_13_statement_01,independent_center,pair_0048_happy,13,01,happy,-0.20820642348615337
19,joint,actor_13_statement_01,independent_center,pair_0048_sad,13,01,sad,-1.504052771698868
19,joint,actor_13_statement_01,independent_center,pair_0049_happy,13,01,happy,11.206741230129769
19,joint,actor_13_statement_01,independent_center,pair_0049_sad,13,01,sad,-2.922685101956562
19,joint,actor_13_statement_01,independent_rank1,pair_0048_happy,13,01,happy,0.8520347188034556
19,joint,actor_13_statement_01,independent_rank1,pair_0048_sad,13,01,sad,-1.5974719299739135
19,joint,actor_13_statement_01,independent_rank1,pair_0049_happy,13,01,happy,12.477388407602747
19,joint,actor_13_statement_01,independent_rank1,pair_0049_sad,13,01,sad,-2.5217771493635333
19,joint,actor_13_statement_02,raw,pair_0050_happy,13,02,happy,4.588429392949289
19,joint,actor_13_statement_02,raw,pair_0050_sad,13,02,sad,-1.2995679426320663
19,joint,actor_13_statement_02,raw,pair_0051_happy,13,02,happy,-3.179037552209241
19,joint,actor_13_statement_02,raw,pair_0051_sad,13,02,sad,-5.819891659246068
19,joint,actor_13_statement_02,source_center_noop,pair_0050_happy,13,02,happy,4.588429392949289
19,joint,actor_13_statement_02,source_center_noop,pair_0050_sad,13,02,sad,-1.2995679426320663
19,joint,actor_13_statement_02,source_center_noop,pair_0051_happy,13,02,happy,-3.179037552209241
19,joint,actor_13_statement_02,source_center_noop,pair_0051_sad,13,02,sad,-5.819891659246068
19,joint,actor_13_statement_02,independent_center,pair_0050_happy,13,02,happy,9.814586580521624
19,joint,actor_13_statement_02,independent_center,pair_0050_sad,13,02,sad,3.926589244940269
19,joint,actor_13_statement_02,independent_center,pair_0051_happy,13,02,happy,2.047119635363094
19,joint,actor_13_statement_02,independent_center,pair_0051_sad,13,02,sad,-0.5937344716737325
19,joint,actor_13_statement_02,independent_rank1,pair_0050_happy,13,02,happy,8.761688421914902
19,joint,actor_13_statement_02,independent_rank1,pair_0050_sad,13,02,sad,3.894447186494494
19,joint,actor_13_statement_02,independent_rank1,pair_0051_happy,13,02,happy,2.117742513239234
19,joint,actor_13_statement_02,independent_rank1,pair_0051_sad,13,02,sad,-0.08090255784327383
19,joint,actor_14_statement_01,raw,pair_0052_happy,14,01,happy,15.994016895681792
19,joint,actor_14_statement_01,raw,pair_0052_sad,14,01,sad,20.700572192031462
19,joint,actor_14_statement_01,raw,pair_0053_happy,14,01,happy,17.685310595304795
19,joint,actor_14_statement_01,raw,pair_0053_sad,14,01,sad,9.691506859360043
19,joint,actor_14_statement_01,source_center_noop,pair_0052_happy,14,01,happy,15.994016895681792
19,joint,actor_14_statement_01,source_center_noop,pair_0052_sad,14,01,sad,20.700572192031462
19,joint,actor_14_statement_01,source_center_noop,pair_0053_happy,14,01,happy,17.685310595304795
19,joint,actor_14_statement_01,source_center_noop,pair_0053_sad,14,01,sad,9.691506859360043
19,joint,actor_14_statement_01,independent_center,pair_0052_happy,14,01,happy,-0.8319321752277311
19,joint,actor_14_statement_01,independent_center,pair_0052_sad,14,01,sad,3.874623121121939
19,joint,actor_14_statement_01,independent_center,pair_0053_happy,14,01,happy,0.8593615243952719
19,joint,actor_14_statement_01,independent_center,pair_0053_sad,14,01,sad,-7.13444221154948
19,joint,actor_14_statement_01,independent_rank1,pair_0052_happy,14,01,happy,-2.448694615300763
19,joint,actor_14_statement_01,independent_rank1,pair_0052_sad,14,01,sad,3.0975578735825806
19,joint,actor_14_statement_01,independent_rank1,pair_0053_happy,14,01,happy,-1.498676123574409
19,joint,actor_14_statement_01,independent_rank1,pair_0053_sad,14,01,sad,-11.044351212774007
19,joint,actor_14_statement_02,raw,pair_0054_happy,14,02,happy,1.3368397386641995
19,joint,actor_14_statement_02,raw,pair_0054_sad,14,02,sad,-4.234407141360149
19,joint,actor_14_statement_02,raw,pair_0055_happy,14,02,happy,1.9600182671634947
19,joint,actor_14_statement_02,raw,pair_0055_sad,14,02,sad,-7.8566549505904
19,joint,actor_14_statement_02,source_center_noop,pair_0054_happy,14,02,happy,1.3368397386641995
19,joint,actor_14_statement_02,source_center_noop,pair_0054_sad,14,02,sad,-4.234407141360149
19,joint,actor_14_statement_02,source_center_noop,pair_0055_happy,14,02,happy,1.9600182671634947
19,joint,actor_14_statement_02,source_center_noop,pair_0055_sad,14,02,sad,-7.8566549505904
19,joint,actor_14_statement_02,independent_center,pair_0054_happy,14,02,happy,7.21591814721997
19,joint,actor_14_statement_02,independent_center,pair_0054_sad,14,02,sad,1.644671267195621
19,joint,actor_14_statement_02,independent_center,pair_0055_happy,14,02,happy,7.839096675719265
19,joint,actor_14_statement_02,independent_center,pair_0055_sad,14,02,sad,-1.9775765420346296
19,joint,actor_14_statement_02,independent_rank1,pair_0054_happy,14,02,happy,7.0526537908842215
19,joint,actor_14_statement_02,independent_rank1,pair_0054_sad,14,02,sad,1.5273985042334317
19,joint,actor_14_statement_02,independent_rank1,pair_0055_happy,14,02,happy,7.490975476381564
19,joint,actor_14_statement_02,independent_rank1,pair_0055_sad,14,02,sad,-1.8270095806847415
19,joint,actor_15_statement_01,raw,pair_0056_happy,15,01,happy,17.251850525168628
19,joint,actor_15_statement_01,raw,pair_0056_sad,15,01,sad,4.0279465514185615
19,joint,actor_15_statement_01,raw,pair_0057_happy,15,01,happy,13.694104093260053
19,joint,actor_15_statement_01,raw,pair_0057_sad,15,01,sad,7.064977213233257
19,joint,actor_15_statement_01,source_center_noop,pair_0056_happy,15,01,happy,17.251850525168628
19,joint,actor_15_statement_01,source_center_noop,pair_0056_sad,15,01,sad,4.0279465514185615
19,joint,actor_15_statement_01,source_center_noop,pair_0057_happy,15,01,happy,13.694104093260053
19,joint,actor_15_statement_01,source_center_noop,pair_0057_sad,15,01,sad,7.064977213233257
19,joint,actor_15_statement_01,independent_center,pair_0056_happy,15,01,happy,6.047409850460641
19,joint,actor_15_statement_01,independent_center,pair_0056_sad,15,01,sad,-7.176494123289426
19,joint,actor_15_statement_01,independent_center,pair_0057_happy,15,01,happy,2.489663418552066
19,joint,actor_15_statement_01,independent_center,pair_0057_sad,15,01,sad,-4.1394634614747305
19,joint,actor_15_statement_01,independent_rank1,pair_0056_happy,15,01,happy,5.4231880553736
19,joint,actor_15_statement_01,independent_rank1,pair_0056_sad,15,01,sad,-6.7072816675643985
19,joint,actor_15_statement_01,independent_rank1,pair_0057_happy,15,01,happy,3.1372995893754982
19,joint,actor_15_statement_01,independent_rank1,pair_0057_sad,15,01,sad,-4.844026503650666
19,joint,actor_15_statement_02,raw,pair_0058_happy,15,02,happy,4.062245649330661
19,joint,actor_15_statement_02,raw,pair_0058_sad,15,02,sad,2.7569171740798293
19,joint,actor_15_statement_02,raw,pair_0059_happy,15,02,happy,4.18087654212796
19,joint,actor_15_statement_02,raw,pair_0059_sad,15,02,sad,2.953956551383781
19,joint,actor_15_statement_02,source_center_noop,pair_0058_happy,15,02,happy,4.062245649330661
19,joint,actor_15_statement_02,source_center_noop,pair_0058_sad,15,02,sad,2.7569171740798293
19,joint,actor_15_statement_02,source_center_noop,pair_0059_happy,15,02,happy,4.18087654212796
19,joint,actor_15_statement_02,source_center_noop,pair_0059_sad,15,02,sad,2.953956551383781
19,joint,actor_15_statement_02,independent_center,pair_0058_happy,15,02,happy,4.470799884658785
19,joint,actor_15_statement_02,independent_center,pair_0058_sad,15,02,sad,3.165471409407953
19,joint,actor_15_statement_02,independent_center,pair_0059_happy,15,02,happy,4.589430777456084
19,joint,actor_15_statement_02,independent_center,pair_0059_sad,15,02,sad,3.362510786711905
19,joint,actor_15_statement_02,independent_rank1,pair_0058_happy,15,02,happy,3.866743006356085
19,joint,actor_15_statement_02,independent_rank1,pair_0058_sad,15,02,sad,2.9835231551359023
19,joint,actor_15_statement_02,independent_rank1,pair_0059_happy,15,02,happy,4.131688739528617
19,joint,actor_15_statement_02,independent_rank1,pair_0059_sad,15,02,sad,3.561171088828143
19,joint,actor_16_statement_01,raw,pair_0060_happy,16,01,happy,10.040306663931293
19,joint,actor_16_statement_01,raw,pair_0060_sad,16,01,sad,9.205106421569877
19,joint,actor_16_statement_01,raw,pair_0061_happy,16,01,happy,16.74428365519548
19,joint,actor_16_statement_01,raw,pair_0061_sad,16,01,sad,16.853702159104444
19,joint,actor_16_statement_01,source_center_noop,pair_0060_happy,16,01,happy,10.040306663931293
19,joint,actor_16_statement_01,source_center_noop,pair_0060_sad,16,01,sad,9.205106421569877
19,joint,actor_16_statement_01,source_center_noop,pair_0061_happy,16,01,happy,16.74428365519548
19,joint,actor_16_statement_01,source_center_noop,pair_0061_sad,16,01,sad,16.853702159104444
19,joint,actor_16_statement_01,independent_center,pair_0060_happy,16,01,happy,-2.781345790602508
19,joint,actor_16_statement_01,independent_center,pair_0060_sad,16,01,sad,-3.6165460329639245
19,joint,actor_16_statement_01,independent_center,pair_0061_happy,16,01,happy,3.92263120066168
19,joint,actor_16_statement_01,independent_center,pair_0061_sad,16,01,sad,4.0320497045706425
19,joint,actor_16_statement_01,independent_rank1,pair_0060_happy,16,01,happy,-2.806644351007705
19,joint,actor_16_statement_01,independent_rank1,pair_0060_sad,16,01,sad,-5.376461882958328
19,joint,actor_16_statement_01,independent_rank1,pair_0061_happy,16,01,happy,4.386417314521584
19,joint,actor_16_statement_01,independent_rank1,pair_0061_sad,16,01,sad,4.658333418871834
19,joint,actor_16_statement_02,raw,pair_0062_happy,16,02,happy,-8.548194301452757
19,joint,actor_16_statement_02,raw,pair_0062_sad,16,02,sad,-10.956428655190924
19,joint,actor_16_statement_02,raw,pair_0063_happy,16,02,happy,-6.992721686775855
19,joint,actor_16_statement_02,raw,pair_0063_sad,16,02,sad,-8.648930233258278
19,joint,actor_16_statement_02,source_center_noop,pair_0062_happy,16,02,happy,-8.548194301452757
19,joint,actor_16_statement_02,source_center_noop,pair_0062_sad,16,02,sad,-10.956428655190924
19,joint,actor_16_statement_02,source_center_noop,pair_0063_happy,16,02,happy,-6.992721686775855
19,joint,actor_16_statement_02,source_center_noop,pair_0063_sad,16,02,sad,-8.648930233258278
19,joint,actor_16_statement_02,independent_center,pair_0062_happy,16,02,happy,-3.5829571058728007
19,joint,actor_16_statement_02,independent_center,pair_0062_sad,16,02,sad,-5.9911914596109686
19,joint,actor_16_statement_02,independent_center,pair_0063_happy,16,02,happy,-2.0274844911958994
19,joint,actor_16_statement_02,independent_center,pair_0063_sad,16,02,sad,-3.6836930376783226
19,joint,actor_16_statement_02,independent_rank1,pair_0062_happy,16,02,happy,-2.7610921417608214
19,joint,actor_16_statement_02,independent_rank1,pair_0062_sad,16,02,sad,-5.826726866379202
19,joint,actor_16_statement_02,independent_rank1,pair_0063_happy,16,02,happy,-0.9250291632313861
19,joint,actor_16_statement_02,independent_rank1,pair_0063_sad,16,02,sad,-4.428643100805724
19,joint,actor_17_statement_01,raw,pair_0064_happy,17,01,happy,9.73850712869675
19,joint,actor_17_statement_01,raw,pair_0064_sad,17,01,sad,18.78458053021363
19,joint,actor_17_statement_01,raw,pair_0065_happy,17,01,happy,11.917375403309583
19,joint,actor_17_statement_01,raw,pair_0065_sad,17,01,sad,1.450949224466214
19,joint,actor_17_statement_01,source_center_noop,pair_0064_happy,17,01,happy,9.73850712869675
19,joint,actor_17_statement_01,source_center_noop,pair_0064_sad,17,01,sad,18.78458053021363
19,joint,actor_17_statement_01,source_center_noop,pair_0065_happy,17,01,happy,11.917375403309583
19,joint,actor_17_statement_01,source_center_noop,pair_0065_sad,17,01,sad,1.450949224466214
19,joint,actor_17_statement_01,independent_center,pair_0064_happy,17,01,happy,-3.7649289938395363
19,joint,actor_17_statement_01,independent_center,pair_0064_sad,17,01,sad,5.2811444076773455
19,joint,actor_17_statement_01,independent_center,pair_0065_happy,17,01,happy,-1.5860607192267029
19,joint,actor_17_statement_01,independent_center,pair_0065_sad,17,01,sad,-12.052486898070072
19,joint,actor_17_statement_01,independent_rank1,pair_0064_happy,17,01,happy,-5.358922481638821
19,joint,actor_17_statement_01,independent_rank1,pair_0064_sad,17,01,sad,4.307819255654977
19,joint,actor_17_statement_01,independent_rank1,pair_0065_happy,17,01,happy,-1.7647794793343472
19,joint,actor_17_statement_01,independent_rank1,pair_0065_sad,17,01,sad,-11.881478790311402
19,joint,actor_17_statement_02,raw,pair_0066_happy,17,02,happy,2.264069689874148
19,joint,actor_17_statement_02,raw,pair_0066_sad,17,02,sad,-4.196981853648797
19,joint,actor_17_statement_02,raw,pair_0067_happy,17,02,happy,-5.037568248033731
19,joint,actor_17_statement_02,raw,pair_0067_sad,17,02,sad,-3.2350739604830867
19,joint,actor_17_statement_02,source_center_noop,pair_0066_happy,17,02,happy,2.264069689874148
19,joint,actor_17_statement_02,source_center_noop,pair_0066_sad,17,02,sad,-4.196981853648797
19,joint,actor_17_statement_02,source_center_noop,pair_0067_happy,17,02,happy,-5.037568248033731
19,joint,actor_17_statement_02,source_center_noop,pair_0067_sad,17,02,sad,-3.2350739604830867
19,joint,actor_17_statement_02,independent_center,pair_0066_happy,17,02,happy,3.369652603387884
19,joint,actor_17_statement_02,independent_center,pair_0066_sad,17,02,sad,-3.0913989401350612
19,joint,actor_17_statement_02,independent_center,pair_0067_happy,17,02,happy,-3.931985334519995
19,joint,actor_17_statement_02,independent_center,pair_0067_sad,17,02,sad,-2.129491046969351
19,joint,actor_17_statement_02,independent_rank1,pair_0066_happy,17,02,happy,3.3338769025401973
19,joint,actor_17_statement_02,independent_rank1,pair_0066_sad,17,02,sad,-3.479606525151814
19,joint,actor_17_statement_02,independent_rank1,pair_0067_happy,17,02,happy,-3.3746386260585766
19,joint,actor_17_statement_02,independent_rank1,pair_0067_sad,17,02,sad,-2.1704306636691726
19,joint,actor_18_statement_01,raw,pair_0068_happy,18,01,happy,4.916807790382116
19,joint,actor_18_statement_01,raw,pair_0068_sad,18,01,sad,13.190019570004337
19,joint,actor_18_statement_01,raw,pair_0069_happy,18,01,happy,3.5026750841654994
19,joint,actor_18_statement_01,raw,pair_0069_sad,18,01,sad,12.191302456817162
19,joint,actor_18_statement_01,source_center_noop,pair_0068_happy,18,01,happy,4.916807790382116
19,joint,actor_18_statement_01,source_center_noop,pair_0068_sad,18,01,sad,13.190019570004337
19,joint,actor_18_statement_01,source_center_noop,pair_0069_happy,18,01,happy,3.5026750841654994
19,joint,actor_18_statement_01,source_center_noop,pair_0069_sad,18,01,sad,12.191302456817162
19,joint,actor_18_statement_01,independent_center,pair_0068_happy,18,01,happy,-6.9912182747591665
19,joint,actor_18_statement_01,independent_center,pair_0068_sad,18,01,sad,1.2819935048630544
19,joint,actor_18_statement_01,independent_center,pair_0069_happy,18,01,happy,-8.405350980975783
19,joint,actor_18_statement_01,independent_center,pair_0069_sad,18,01,sad,0.28327639167588003
19,joint,actor_18_statement_01,independent_rank1,pair_0068_happy,18,01,happy,-7.405101778618199
19,joint,actor_18_statement_01,independent_rank1,pair_0068_sad,18,01,sad,2.2211215650274347
19,joint,actor_18_statement_01,independent_rank1,pair_0069_happy,18,01,happy,-6.595593361178626
19,joint,actor_18_statement_01,independent_rank1,pair_0069_sad,18,01,sad,-1.0033193720330544
19,joint,actor_18_statement_02,raw,pair_0070_happy,18,02,happy,-9.130307832778263
19,joint,actor_18_statement_02,raw,pair_0070_sad,18,02,sad,-5.880155842169348
19,joint,actor_18_statement_02,raw,pair_0071_happy,18,02,happy,-4.120198617508898
19,joint,actor_18_statement_02,raw,pair_0071_sad,18,02,sad,-6.147843758024406
19,joint,actor_18_statement_02,source_center_noop,pair_0070_happy,18,02,happy,-9.130307832778263
19,joint,actor_18_statement_02,source_center_noop,pair_0070_sad,18,02,sad,-5.880155842169348
19,joint,actor_18_statement_02,source_center_noop,pair_0071_happy,18,02,happy,-4.120198617508898
19,joint,actor_18_statement_02,source_center_noop,pair_0071_sad,18,02,sad,-6.147843758024406
19,joint,actor_18_statement_02,independent_center,pair_0070_happy,18,02,happy,-2.9438758120438786
19,joint,actor_18_statement_02,independent_center,pair_0070_sad,18,02,sad,0.3062761785650361
19,joint,actor_18_statement_02,independent_center,pair_0071_happy,18,02,happy,2.0662334032254863
19,joint,actor_18_statement_02,independent_center,pair_0071_sad,18,02,sad,0.03858826270997806
19,joint,actor_18_statement_02,independent_rank1,pair_0070_happy,18,02,happy,-3.857032846746371
19,joint,actor_18_statement_02,independent_rank1,pair_0070_sad,18,02,sad,-0.44915543442567696
19,joint,actor_18_statement_02,independent_rank1,pair_0071_happy,18,02,happy,0.5006755174209232
19,joint,actor_18_statement_02,independent_rank1,pair_0071_sad,18,02,sad,-0.2991759590067584
19,joint,actor_19_statement_01,raw,pair_0072_happy,19,01,happy,22.845579451297375
19,joint,actor_19_statement_01,raw,pair_0072_sad,19,01,sad,20.70503985482704
19,joint,actor_19_statement_01,raw,pair_0073_happy,19,01,happy,18.943259924081907
19,joint,actor_19_statement_01,raw,pair_0073_sad,19,01,sad,12.401271106478916
19,joint,actor_19_statement_01,source_center_noop,pair_0072_happy,19,01,happy,22.845579451297375
19,joint,actor_19_statement_01,source_center_noop,pair_0072_sad,19,01,sad,20.70503985482704
19,joint,actor_19_statement_01,source_center_noop,pair_0073_happy,19,01,happy,18.943259924081907
19,joint,actor_19_statement_01,source_center_noop,pair_0073_sad,19,01,sad,12.401271106478916
19,joint,actor_19_statement_01,independent_center,pair_0072_happy,19,01,happy,3.4139275355446443
19,joint,actor_19_statement_01,independent_center,pair_0072_sad,19,01,sad,1.2733879390743077
19,joint,actor_19_statement_01,independent_center,pair_0073_happy,19,01,happy,-0.4883919916708237
19,joint,actor_19_statement_01,independent_center,pair_0073_sad,19,01,sad,-7.030380809273815
19,joint,actor_19_statement_01,independent_rank1,pair_0072_happy,19,01,happy,5.842478975515586
19,joint,actor_19_statement_01,independent_rank1,pair_0072_sad,19,01,sad,-3.121863665239278
19,joint,actor_19_statement_01,independent_rank1,pair_0073_happy,19,01,happy,-0.8074287703468954
19,joint,actor_19_statement_01,independent_rank1,pair_0073_sad,19,01,sad,-8.472735169293081
19,joint,actor_19_statement_02,raw,pair_0074_happy,19,02,happy,-2.215313925661089
19,joint,actor_19_statement_02,raw,pair_0074_sad,19,02,sad,-11.153817025052607
19,joint,actor_19_statement_02,raw,pair_0075_happy,19,02,happy,4.47308030531244
19,joint,actor_19_statement_02,raw,pair_0075_sad,19,02,sad,-13.157263906176665
19,joint,actor_19_statement_02,source_center_noop,pair_0074_happy,19,02,happy,-2.215313925661089
19,joint,actor_19_statement_02,source_center_noop,pair_0074_sad,19,02,sad,-11.153817025052607
19,joint,actor_19_statement_02,source_center_noop,pair_0075_happy,19,02,happy,4.47308030531244
19,joint,actor_19_statement_02,source_center_noop,pair_0075_sad,19,02,sad,-13.157263906176665
19,joint,actor_19_statement_02,independent_center,pair_0074_happy,19,02,happy,4.142253159065036
19,joint,actor_19_statement_02,independent_center,pair_0074_sad,19,02,sad,-4.796249940326482
19,joint,actor_19_statement_02,independent_center,pair_0075_happy,19,02,happy,10.830647390038564
19,joint,actor_19_statement_02,independent_center,pair_0075_sad,19,02,sad,-6.7996968214505396
19,joint,actor_19_statement_02,independent_rank1,pair_0074_happy,19,02,happy,3.1002526666531924
19,joint,actor_19_statement_02,independent_rank1,pair_0074_sad,19,02,sad,-7.926371905905562
19,joint,actor_19_statement_02,independent_rank1,pair_0075_happy,19,02,happy,10.942546463681031
19,joint,actor_19_statement_02,independent_rank1,pair_0075_sad,19,02,sad,-5.261607457157389
19,joint,actor_20_statement_01,raw,pair_0076_happy,20,01,happy,14.967244703743383
19,joint,actor_20_statement_01,raw,pair_0076_sad,20,01,sad,2.7517265508205817
19,joint,actor_20_statement_01,raw,pair_0077_happy,20,01,happy,6.297145979840243
19,joint,actor_20_statement_01,raw,pair_0077_sad,20,01,sad,6.729282667917996
19,joint,actor_20_statement_01,source_center_noop,pair_0076_happy,20,01,happy,14.967244703743383
19,joint,actor_20_statement_01,source_center_noop,pair_0076_sad,20,01,sad,2.7517265508205817
19,joint,actor_20_statement_01,source_center_noop,pair_0077_happy,20,01,happy,6.297145979840243
19,joint,actor_20_statement_01,source_center_noop,pair_0077_sad,20,01,sad,6.729282667917996
19,joint,actor_20_statement_01,independent_center,pair_0076_happy,20,01,happy,0.8628805608688754
19,joint,actor_20_statement_01,independent_center,pair_0076_sad,20,01,sad,-11.352637592053926
19,joint,actor_20_statement_01,independent_center,pair_0077_happy,20,01,happy,-7.807218163034264
19,joint,actor_20_statement_01,independent_center,pair_0077_sad,20,01,sad,-7.375081474956511
19,joint,actor_20_statement_01,independent_rank1,pair_0076_happy,20,01,happy,1.2760454548084148
19,joint,actor_20_statement_01,independent_rank1,pair_0076_sad,20,01,sad,-11.362920315589022
19,joint,actor_20_statement_01,independent_rank1,pair_0077_happy,20,01,happy,-7.407964630507884
19,joint,actor_20_statement_01,independent_rank1,pair_0077_sad,20,01,sad,-10.990321059676283
19,joint,actor_20_statement_02,raw,pair_0078_happy,20,02,happy,-11.98388847845864
19,joint,actor_20_statement_02,raw,pair_0078_sad,20,02,sad,-6.891991674006197
19,joint,actor_20_statement_02,raw,pair_0079_happy,20,02,happy,0.5656596176683006
19,joint,actor_20_statement_02,raw,pair_0079_sad,20,02,sad,4.659949941168893
19,joint,actor_20_statement_02,source_center_noop,pair_0078_happy,20,02,happy,-11.98388847845864
19,joint,actor_20_statement_02,source_center_noop,pair_0078_sad,20,02,sad,-6.891991674006197
19,joint,actor_20_statement_02,source_center_noop,pair_0079_happy,20,02,happy,0.5656596176683006
19,joint,actor_20_statement_02,source_center_noop,pair_0079_sad,20,02,sad,4.659949941168893
19,joint,actor_20_statement_02,independent_center,pair_0078_happy,20,02,happy,-9.526429266764197
19,joint,actor_20_statement_02,independent_center,pair_0078_sad,20,02,sad,-4.434532462311752
19,joint,actor_20_statement_02,independent_center,pair_0079_happy,20,02,happy,3.023118829362745
19,joint,actor_20_statement_02,independent_center,pair_0079_sad,20,02,sad,7.117409152863337
19,joint,actor_20_statement_02,independent_rank1,pair_0078_happy,20,02,happy,-11.879578740808379
19,joint,actor_20_statement_02,independent_rank1,pair_0078_sad,20,02,sad,-4.856216733878684
19,joint,actor_20_statement_02,independent_rank1,pair_0079_happy,20,02,happy,2.399605586196559
19,joint,actor_20_statement_02,independent_rank1,pair_0079_sad,20,02,sad,7.136920810673034
19,joint,actor_21_statement_01,raw,pair_0080_happy,21,01,happy,14.240331485185434
19,joint,actor_21_statement_01,raw,pair_0080_sad,21,01,sad,12.744339919724974
19,joint,actor_21_statement_01,raw,pair_0081_happy,21,01,happy,25.012985665004408
19,joint,actor_21_statement_01,raw,pair_0081_sad,21,01,sad,10.92088198104429
19,joint,actor_21_statement_01,source_center_noop,pair_0080_happy,21,01,happy,14.240331485185434
19,joint,actor_21_statement_01,source_center_noop,pair_0080_sad,21,01,sad,12.744339919724974
19,joint,actor_21_statement_01,source_center_noop,pair_0081_happy,21,01,happy,25.012985665004408
19,joint,actor_21_statement_01,source_center_noop,pair_0081_sad,21,01,sad,10.92088198104429
19,joint,actor_21_statement_01,independent_center,pair_0080_happy,21,01,happy,7.90909959724189
19,joint,actor_21_statement_01,independent_center,pair_0080_sad,21,01,sad,6.413108031781429
19,joint,actor_21_statement_01,independent_center,pair_0081_happy,21,01,happy,18.681753777060862
19,joint,actor_21_statement_01,independent_center,pair_0081_sad,21,01,sad,4.5896500931007465
19,joint,actor_21_statement_01,independent_rank1,pair_0080_happy,21,01,happy,7.775565925393664
19,joint,actor_21_statement_01,independent_rank1,pair_0080_sad,21,01,sad,6.600948199407881
19,joint,actor_21_statement_01,independent_rank1,pair_0081_happy,21,01,happy,19.278219837056156
19,joint,actor_21_statement_01,independent_rank1,pair_0081_sad,21,01,sad,3.3260068274381283
19,joint,actor_21_statement_02,raw,pair_0082_happy,21,02,happy,-8.51991639461274
19,joint,actor_21_statement_02,raw,pair_0082_sad,21,02,sad,-1.2159239220148308
19,joint,actor_21_statement_02,raw,pair_0083_happy,21,02,happy,-2.2349019785401154
19,joint,actor_21_statement_02,raw,pair_0083_sad,21,02,sad,-2.069886455731382
19,joint,actor_21_statement_02,source_center_noop,pair_0082_happy,21,02,happy,-8.51991639461274
19,joint,actor_21_statement_02,source_center_noop,pair_0082_sad,21,02,sad,-1.2159239220148308
19,joint,actor_21_statement_02,source_center_noop,pair_0083_happy,21,02,happy,-2.2349019785401154
19,joint,actor_21_statement_02,source_center_noop,pair_0083_sad,21,02,sad,-2.069886455731382
19,joint,actor_21_statement_02,independent_center,pair_0082_happy,21,02,happy,-5.0485074130304755
19,joint,actor_21_statement_02,independent_center,pair_0082_sad,21,02,sad,2.255485059567433
19,joint,actor_21_statement_02,independent_center,pair_0083_happy,21,02,happy,1.2365070030421483
19,joint,actor_21_statement_02,independent_center,pair_0083_sad,21,02,sad,1.4015225258508819
19,joint,actor_21_statement_02,independent_rank1,pair_0082_happy,21,02,happy,-5.266930505643169
19,joint,actor_21_statement_02,independent_rank1,pair_0082_sad,21,02,sad,2.028044461173547
19,joint,actor_21_statement_02,independent_rank1,pair_0083_happy,21,02,happy,2.019404184784001
19,joint,actor_21_statement_02,independent_rank1,pair_0083_sad,21,02,sad,1.7428819304708405
19,joint,actor_22_statement_01,raw,pair_0084_happy,22,01,happy,18.79487782314397
19,joint,actor_22_statement_01,raw,pair_0084_sad,22,01,sad,20.882944833160078
19,joint,actor_22_statement_01,raw,pair_0085_happy,22,01,happy,-2.517162506810269
19,joint,actor_22_statement_01,raw,pair_0085_sad,22,01,sad,7.229444964050643
19,joint,actor_22_statement_01,source_center_noop,pair_0084_happy,22,01,happy,18.79487782314397
19,joint,actor_22_statement_01,source_center_noop,pair_0084_sad,22,01,sad,20.882944833160078
19,joint,actor_22_statement_01,source_center_noop,pair_0085_happy,22,01,happy,-2.517162506810269
19,joint,actor_22_statement_01,source_center_noop,pair_0085_sad,22,01,sad,7.229444964050643
19,joint,actor_22_statement_01,independent_center,pair_0084_happy,22,01,happy,3.138274837353759
19,joint,actor_22_statement_01,independent_center,pair_0084_sad,22,01,sad,5.226341847369866
19,joint,actor_22_statement_01,independent_center,pair_0085_happy,22,01,happy,-18.17376549260048
19,joint,actor_22_statement_01,independent_center,pair_0085_sad,22,01,sad,-8.427158021739569
19,joint,actor_22_statement_01,independent_rank1,pair_0084_happy,22,01,happy,4.979566655791141
19,joint,actor_22_statement_01,independent_rank1,pair_0084_sad,22,01,sad,5.851857456482561
19,joint,actor_22_statement_01,independent_rank1,pair_0085_happy,22,01,happy,-20.057209922396407
19,joint,actor_22_statement_01,independent_rank1,pair_0085_sad,22,01,sad,-8.238854695979416
19,joint,actor_22_statement_02,raw,pair_0086_happy,22,02,happy,-2.609092348630954
19,joint,actor_22_statement_02,raw,pair_0086_sad,22,02,sad,-7.71536239261326
19,joint,actor_22_statement_02,raw,pair_0087_happy,22,02,happy,0.5376008030501982
19,joint,actor_22_statement_02,raw,pair_0087_sad,22,02,sad,-10.191607159480656
19,joint,actor_22_statement_02,source_center_noop,pair_0086_happy,22,02,happy,-2.609092348630954
19,joint,actor_22_statement_02,source_center_noop,pair_0086_sad,22,02,sad,-7.71536239261326
19,joint,actor_22_statement_02,source_center_noop,pair_0087_happy,22,02,happy,0.5376008030501982
19,joint,actor_22_statement_02,source_center_noop,pair_0087_sad,22,02,sad,-10.191607159480656
19,joint,actor_22_statement_02,independent_center,pair_0086_happy,22,02,happy,0.5211868406597819
19,joint,actor_22_statement_02,independent_center,pair_0086_sad,22,02,sad,-4.585083203322524
19,joint,actor_22_statement_02,independent_center,pair_0087_happy,22,02,happy,3.667879992340934
19,joint,actor_22_statement_02,independent_center,pair_0087_sad,22,02,sad,-7.06132797018992
19,joint,actor_22_statement_02,independent_rank1,pair_0086_happy,22,02,happy,0.35989057950455283
19,joint,actor_22_statement_02,independent_rank1,pair_0086_sad,22,02,sad,-3.458518715520542
19,joint,actor_22_statement_02,independent_rank1,pair_0087_happy,22,02,happy,3.487539535395621
19,joint,actor_22_statement_02,independent_rank1,pair_0087_sad,22,02,sad,-6.402013883106877
19,joint,actor_23_statement_01,raw,pair_0088_happy,23,01,happy,5.212224911695889
19,joint,actor_23_statement_01,raw,pair_0088_sad,23,01,sad,3.2018043397156895
19,joint,actor_23_statement_01,raw,pair_0089_happy,23,01,happy,8.865014578134188
19,joint,actor_23_statement_01,raw,pair_0089_sad,23,01,sad,4.974353494163175
19,joint,actor_23_statement_01,source_center_noop,pair_0088_happy,23,01,happy,5.212224911695889
19,joint,actor_23_statement_01,source_center_noop,pair_0088_sad,23,01,sad,3.2018043397156895
19,joint,actor_23_statement_01,source_center_noop,pair_0089_happy,23,01,happy,8.865014578134188
19,joint,actor_23_statement_01,source_center_noop,pair_0089_sad,23,01,sad,4.974353494163175
19,joint,actor_23_statement_01,independent_center,pair_0088_happy,23,01,happy,-4.938474343015487
19,joint,actor_23_statement_01,independent_center,pair_0088_sad,23,01,sad,-6.948894914995687
19,joint,actor_23_statement_01,independent_center,pair_0089_happy,23,01,happy,-1.2856846765771888
19,joint,actor_23_statement_01,independent_center,pair_0089_sad,23,01,sad,-5.176345760548202
19,joint,actor_23_statement_01,independent_rank1,pair_0088_happy,23,01,happy,-6.4419764003621065
19,joint,actor_23_statement_01,independent_rank1,pair_0088_sad,23,01,sad,-6.923347879178655
19,joint,actor_23_statement_01,independent_rank1,pair_0089_happy,23,01,happy,-0.6619935703085087
19,joint,actor_23_statement_01,independent_rank1,pair_0089_sad,23,01,sad,-4.043094014563826
19,joint,actor_23_statement_02,raw,pair_0090_happy,23,02,happy,7.7973018254077875
19,joint,actor_23_statement_02,raw,pair_0090_sad,23,02,sad,1.9678626426894663
19,joint,actor_23_statement_02,raw,pair_0091_happy,23,02,happy,1.664984263565234
19,joint,actor_23_statement_02,raw,pair_0091_sad,23,02,sad,5.276831179352071
19,joint,actor_23_statement_02,source_center_noop,pair_0090_happy,23,02,happy,7.7973018254077875
19,joint,actor_23_statement_02,source_center_noop,pair_0090_sad,23,02,sad,1.9678626426894663
19,joint,actor_23_statement_02,source_center_noop,pair_0091_happy,23,02,happy,1.664984263565234
19,joint,actor_23_statement_02,source_center_noop,pair_0091_sad,23,02,sad,5.276831179352071
19,joint,actor_23_statement_02,independent_center,pair_0090_happy,23,02,happy,9.834894237474977
19,joint,actor_23_statement_02,independent_center,pair_0090_sad,23,02,sad,4.005455054756655
19,joint,actor_23_statement_02,independent_center,pair_0091_happy,23,02,happy,3.7025766756324225
19,joint,actor_23_statement_02,independent_center,pair_0091_sad,23,02,sad,7.314423591419259
19,joint,actor_23_statement_02,independent_rank1,pair_0090_happy,23,02,happy,10.0205547619348
19,joint,actor_23_statement_02,independent_rank1,pair_0090_sad,23,02,sad,5.039440310601197
19,joint,actor_23_statement_02,independent_rank1,pair_0091_happy,23,02,happy,3.7723839828561267
19,joint,actor_23_statement_02,independent_rank1,pair_0091_sad,23,02,sad,8.09208114119825
19,joint,actor_24_statement_01,raw,pair_0092_happy,24,01,happy,12.914773358037857
19,joint,actor_24_statement_01,raw,pair_0092_sad,24,01,sad,20.05323150571725
19,joint,actor_24_statement_01,raw,pair_0093_happy,24,01,happy,11.412491964703534
19,joint,actor_24_statement_01,raw,pair_0093_sad,24,01,sad,2.3389650327220366
19,joint,actor_24_statement_01,source_center_noop,pair_0092_happy,24,01,happy,12.914773358037857
19,joint,actor_24_statement_01,source_center_noop,pair_0092_sad,24,01,sad,20.05323150571725
19,joint,actor_24_statement_01,source_center_noop,pair_0093_happy,24,01,happy,11.412491964703534
19,joint,actor_24_statement_01,source_center_noop,pair_0093_sad,24,01,sad,2.3389650327220366
19,joint,actor_24_statement_01,independent_center,pair_0092_happy,24,01,happy,4.027385293251902
19,joint,actor_24_statement_01,independent_center,pair_0092_sad,24,01,sad,11.165843440931294
19,joint,actor_24_statement_01,independent_center,pair_0093_happy,24,01,happy,2.5251038999175783
19,joint,actor_24_statement_01,independent_center,pair_0093_sad,24,01,sad,-6.548423032063919
19,joint,actor_24_statement_01,independent_rank1,pair_0092_happy,24,01,happy,3.0770453349696103
19,joint,actor_24_statement_01,independent_rank1,pair_0092_sad,24,01,sad,12.796554993567351
19,joint,actor_24_statement_01,independent_rank1,pair_0093_happy,24,01,happy,3.4420103646009164
19,joint,actor_24_statement_01,independent_rank1,pair_0093_sad,24,01,sad,-5.994273281164501
19,joint,actor_24_statement_02,raw,pair_0094_happy,24,02,happy,13.94354561669403
19,joint,actor_24_statement_02,raw,pair_0094_sad,24,02,sad,23.90617687524708
19,joint,actor_24_statement_02,raw,pair_0095_happy,24,02,happy,10.237831410958018
19,joint,actor_24_statement_02,raw,pair_0095_sad,24,02,sad,-0.9716395127507582
19,joint,actor_24_statement_02,source_center_noop,pair_0094_happy,24,02,happy,13.94354561669403
19,joint,actor_24_statement_02,source_center_noop,pair_0094_sad,24,02,sad,23.90617687524708
19,joint,actor_24_statement_02,source_center_noop,pair_0095_happy,24,02,happy,10.237831410958018
19,joint,actor_24_statement_02,source_center_noop,pair_0095_sad,24,02,sad,-0.9716395127507582
19,joint,actor_24_statement_02,independent_center,pair_0094_happy,24,02,happy,2.2773826249016302
19,joint,actor_24_statement_02,independent_center,pair_0094_sad,24,02,sad,12.240013883454681
19,joint,actor_24_statement_02,independent_center,pair_0095_happy,24,02,happy,-1.4283315808343815
19,joint,actor_24_statement_02,independent_center,pair_0095_sad,24,02,sad,-12.637802504543158
19,joint,actor_24_statement_02,independent_rank1,pair_0094_happy,24,02,happy,2.7656470816207053
19,joint,actor_24_statement_02,independent_rank1,pair_0094_sad,24,02,sad,12.738505367785383
19,joint,actor_24_statement_02,independent_rank1,pair_0095_happy,24,02,happy,-1.8994289057913099
19,joint,actor_24_statement_02,independent_rank1,pair_0095_sad,24,02,sad,-13.680773883686918
20,statement,actor_None_statement_01,raw,pair_0000_happy,01,01,happy,44.38707247891689
20,statement,actor_None_statement_01,raw,pair_0000_sad,01,01,sad,52.55848075379229
20,statement,actor_None_statement_01,raw,pair_0001_happy,01,01,happy,43.13545703386482
20,statement,actor_None_statement_01,raw,pair_0001_sad,01,01,sad,56.4299361162048
20,statement,actor_None_statement_01,raw,pair_0004_happy,02,01,happy,56.10701737492326
20,statement,actor_None_statement_01,raw,pair_0004_sad,02,01,sad,64.9813537920875
20,statement,actor_None_statement_01,raw,pair_0005_happy,02,01,happy,51.559801314752086
20,statement,actor_None_statement_01,raw,pair_0005_sad,02,01,sad,66.22608069226459
20,statement,actor_None_statement_01,raw,pair_0008_happy,03,01,happy,43.013661269101824
20,statement,actor_None_statement_01,raw,pair_0008_sad,03,01,sad,49.855666737744485
20,statement,actor_None_statement_01,raw,pair_0009_happy,03,01,happy,47.60454867586663
20,statement,actor_None_statement_01,raw,pair_0009_sad,03,01,sad,53.045007473268015
20,statement,actor_None_statement_01,raw,pair_0012_happy,04,01,happy,57.04854698594365
20,statement,actor_None_statement_01,raw,pair_0012_sad,04,01,sad,59.905053170959654
20,statement,actor_None_statement_01,raw,pair_0013_happy,04,01,happy,55.00851972261552
20,statement,actor_None_statement_01,raw,pair_0013_sad,04,01,sad,51.78344918842537
20,statement,actor_None_statement_01,raw,pair_0016_happy,05,01,happy,51.59916263691943
20,statement,actor_None_statement_01,raw,pair_0016_sad,05,01,sad,16.029906992661935
20,statement,actor_None_statement_01,raw,pair_0017_happy,05,01,happy,50.348519867646615
20,statement,actor_None_statement_01,raw,pair_0017_sad,05,01,sad,37.68432742607454
20,statement,actor_None_statement_01,raw,pair_0020_happy,06,01,happy,57.60340349472175
20,statement,actor_None_statement_01,raw,pair_0020_sad,06,01,sad,46.97883224036479
20,statement,actor_None_statement_01,raw,pair_0021_happy,06,01,happy,55.35899824415996
20,statement,actor_None_statement_01,raw,pair_0021_sad,06,01,sad,49.73452004803773
20,statement,actor_None_statement_01,raw,pair_0024_happy,07,01,happy,21.746552477086105
20,statement,actor_None_statement_01,raw,pair_0024_sad,07,01,sad,44.15779156771212
20,statement,actor_None_statement_01,raw,pair_0025_happy,07,01,happy,53.37582347560732
20,statement,actor_None_statement_01,raw,pair_0025_sad,07,01,sad,54.19691645312046
20,statement,actor_None_statement_01,raw,pair_0028_happy,08,01,happy,56.82857742889857
20,statement,actor_None_statement_01,raw,pair_0028_sad,08,01,sad,32.93538714186012
20,statement,actor_None_statement_01,raw,pair_0029_happy,08,01,happy,57.61600983628473
20,statement,actor_None_statement_01,raw,pair_0029_sad,08,01,sad,39.91950943734259
20,statement,actor_None_statement_01,raw,pair_0032_happy,09,01,happy,43.43934963529747
20,statement,actor_None_statement_01,raw,pair_0032_sad,09,01,sad,52.21262667550357
20,statement,actor_None_statement_01,raw,pair_0033_happy,09,01,happy,25.667329183016157
20,statement,actor_None_statement_01,raw,pair_0033_sad,09,01,sad,53.59242139525384
20,statement,actor_None_statement_01,raw,pair_0036_happy,10,01,happy,58.91319503246122
20,statement,actor_None_statement_01,raw,pair_0036_sad,10,01,sad,53.39855047606244
20,statement,actor_None_statement_01,raw,pair_0037_happy,10,01,happy,54.879051783139595
20,statement,actor_None_statement_01,raw,pair_0037_sad,10,01,sad,48.2566798469569
20,statement,actor_None_statement_01,raw,pair_0040_happy,11,01,happy,38.77211095241008
20,statement,actor_None_statement_01,raw,pair_0040_sad,11,01,sad,48.35449137444589
20,statement,actor_None_statement_01,raw,pair_0041_happy,11,01,happy,47.76845528464148
20,statement,actor_None_statement_01,raw,pair_0041_sad,11,01,sad,54.406044782658974
20,statement,actor_None_statement_01,raw,pair_0044_happy,12,01,happy,50.70896439284806
20,statement,actor_None_statement_01,raw,pair_0044_sad,12,01,sad,52.3322687809257
20,statement,actor_None_statement_01,raw,pair_0045_happy,12,01,happy,52.27017920371234
20,statement,actor_None_statement_01,raw,pair_0045_sad,12,01,sad,49.251776228676995
20,statement,actor_None_statement_01,raw,pair_0048_happy,13,01,happy,48.69171833382976
20,statement,actor_None_statement_01,raw,pair_0048_sad,13,01,sad,45.62264470136906
20,statement,actor_None_statement_01,raw,pair_0049_happy,13,01,happy,58.52205664236051
20,statement,actor_None_statement_01,raw,pair_0049_sad,13,01,sad,40.979920486467186
20,statement,actor_None_statement_01,raw,pair_0052_happy,14,01,happy,54.662866865371605
20,statement,actor_None_statement_01,raw,pair_0052_sad,14,01,sad,45.21273933348636
20,statement,actor_None_statement_01,raw,pair_0053_happy,14,01,happy,57.72988035560871
20,statement,actor_None_statement_01,raw,pair_0053_sad,14,01,sad,54.290982089583075
20,statement,actor_None_statement_01,raw,pair_0056_happy,15,01,happy,52.042932655521184
20,statement,actor_None_statement_01,raw,pair_0056_sad,15,01,sad,34.380073070413395
20,statement,actor_None_statement_01,raw,pair_0057_happy,15,01,happy,50.68011197808152
20,statement,actor_None_statement_01,raw,pair_0057_sad,15,01,sad,44.006917751116724
20,statement,actor_None_statement_01,raw,pair_0060_happy,16,01,happy,54.46685437643813
20,statement,actor_None_statement_01,raw,pair_0060_sad,16,01,sad,59.695381155816904
20,statement,actor_None_statement_01,raw,pair_0061_happy,16,01,happy,51.63601761785109
20,statement,actor_None_statement_01,raw,pair_0061_sad,16,01,sad,48.4339122090594
20,statement,actor_None_statement_01,raw,pair_0064_happy,17,01,happy,47.762740076564256
20,statement,actor_None_statement_01,raw,pair_0064_sad,17,01,sad,48.496183553578035
20,statement,actor_None_statement_01,raw,pair_0065_happy,17,01,happy,34.27770801361135
20,statement,actor_None_statement_01,raw,pair_0065_sad,17,01,sad,44.66453441817329
20,statement,actor_None_statement_01,raw,pair_0068_happy,18,01,happy,59.87531944252223
20,statement,actor_None_statement_01,raw,pair_0068_sad,18,01,sad,58.102580750333836
20,statement,actor_None_statement_01,raw,pair_0069_happy,18,01,happy,18.299185893418308
20,statement,actor_None_statement_01,raw,pair_0069_sad,18,01,sad,57.36591312976733
20,statement,actor_None_statement_01,raw,pair_0072_happy,19,01,happy,67.1733167702137
20,statement,actor_None_statement_01,raw,pair_0072_sad,19,01,sad,50.344602722732354
20,statement,actor_None_statement_01,raw,pair_0073_happy,19,01,happy,62.53744109196598
20,statement,actor_None_statement_01,raw,pair_0073_sad,19,01,sad,43.72524237718769
20,statement,actor_None_statement_01,raw,pair_0076_happy,20,01,happy,57.733185383319295
20,statement,actor_None_statement_01,raw,pair_0076_sad,20,01,sad,62.05392829965312
20,statement,actor_None_statement_01,raw,pair_0077_happy,20,01,happy,53.38692865368257
20,statement,actor_None_statement_01,raw,pair_0077_sad,20,01,sad,36.34136068221221
20,statement,actor_None_statement_01,raw,pair_0080_happy,21,01,happy,44.72115097149558
20,statement,actor_None_statement_01,raw,pair_0080_sad,21,01,sad,64.90039505497954
20,statement,actor_None_statement_01,raw,pair_0081_happy,21,01,happy,56.59092457647814
20,statement,actor_None_statement_01,raw,pair_0081_sad,21,01,sad,67.0035663064582
20,statement,actor_None_statement_01,raw,pair_0084_happy,22,01,happy,55.87628421139879
20,statement,actor_None_statement_01,raw,pair_0084_sad,22,01,sad,53.23872792347582
20,statement,actor_None_statement_01,raw,pair_0085_happy,22,01,happy,46.56372210084209
20,statement,actor_None_statement_01,raw,pair_0085_sad,22,01,sad,60.98246386764544
20,statement,actor_None_statement_01,raw,pair_0088_happy,23,01,happy,48.90218928338579
20,statement,actor_None_statement_01,raw,pair_0088_sad,23,01,sad,57.53872133055888
20,statement,actor_None_statement_01,raw,pair_0089_happy,23,01,happy,43.04448893203217
20,statement,actor_None_statement_01,raw,pair_0089_sad,23,01,sad,37.04326466847446
20,statement,actor_None_statement_01,raw,pair_0092_happy,24,01,happy,50.694028340930295
20,statement,actor_None_statement_01,raw,pair_0092_sad,24,01,sad,54.38760873802213
20,statement,actor_None_statement_01,raw,pair_0093_happy,24,01,happy,45.3552890566881
20,statement,actor_None_statement_01,raw,pair_0093_sad,24,01,sad,48.75144962444149
20,statement,actor_None_statement_01,source_center_noop,pair_0000_happy,01,01,happy,44.38707247891689
20,statement,actor_None_statement_01,source_center_noop,pair_0000_sad,01,01,sad,52.55848075379229
20,statement,actor_None_statement_01,source_center_noop,pair_0001_happy,01,01,happy,43.13545703386482
20,statement,actor_None_statement_01,source_center_noop,pair_0001_sad,01,01,sad,56.4299361162048
20,statement,actor_None_statement_01,source_center_noop,pair_0004_happy,02,01,happy,56.10701737492326
20,statement,actor_None_statement_01,source_center_noop,pair_0004_sad,02,01,sad,64.9813537920875
20,statement,actor_None_statement_01,source_center_noop,pair_0005_happy,02,01,happy,51.559801314752086
20,statement,actor_None_statement_01,source_center_noop,pair_0005_sad,02,01,sad,66.22608069226459
20,statement,actor_None_statement_01,source_center_noop,pair_0008_happy,03,01,happy,43.013661269101824
20,statement,actor_None_statement_01,source_center_noop,pair_0008_sad,03,01,sad,49.855666737744485
20,statement,actor_None_statement_01,source_center_noop,pair_0009_happy,03,01,happy,47.60454867586663
20,statement,actor_None_statement_01,source_center_noop,pair_0009_sad,03,01,sad,53.045007473268015
20,statement,actor_None_statement_01,source_center_noop,pair_0012_happy,04,01,happy,57.04854698594365
20,statement,actor_None_statement_01,source_center_noop,pair_0012_sad,04,01,sad,59.905053170959654
20,statement,actor_None_statement_01,source_center_noop,pair_0013_happy,04,01,happy,55.00851972261552
20,statement,actor_None_statement_01,source_center_noop,pair_0013_sad,04,01,sad,51.78344918842537
20,statement,actor_None_statement_01,source_center_noop,pair_0016_happy,05,01,happy,51.59916263691943
20,statement,actor_None_statement_01,source_center_noop,pair_0016_sad,05,01,sad,16.029906992661935
20,statement,actor_None_statement_01,source_center_noop,pair_0017_happy,05,01,happy,50.348519867646615
20,statement,actor_None_statement_01,source_center_noop,pair_0017_sad,05,01,sad,37.68432742607454
20,statement,actor_None_statement_01,source_center_noop,pair_0020_happy,06,01,happy,57.60340349472175
20,statement,actor_None_statement_01,source_center_noop,pair_0020_sad,06,01,sad,46.97883224036479
20,statement,actor_None_statement_01,source_center_noop,pair_0021_happy,06,01,happy,55.35899824415996
20,statement,actor_None_statement_01,source_center_noop,pair_0021_sad,06,01,sad,49.73452004803773
20,statement,actor_None_statement_01,source_center_noop,pair_0024_happy,07,01,happy,21.746552477086105
20,statement,actor_None_statement_01,source_center_noop,pair_0024_sad,07,01,sad,44.15779156771212
20,statement,actor_None_statement_01,source_center_noop,pair_0025_happy,07,01,happy,53.37582347560732
20,statement,actor_None_statement_01,source_center_noop,pair_0025_sad,07,01,sad,54.19691645312046
20,statement,actor_None_statement_01,source_center_noop,pair_0028_happy,08,01,happy,56.82857742889857
20,statement,actor_None_statement_01,source_center_noop,pair_0028_sad,08,01,sad,32.93538714186012
20,statement,actor_None_statement_01,source_center_noop,pair_0029_happy,08,01,happy,57.61600983628473
20,statement,actor_None_statement_01,source_center_noop,pair_0029_sad,08,01,sad,39.91950943734259
20,statement,actor_None_statement_01,source_center_noop,pair_0032_happy,09,01,happy,43.43934963529747
20,statement,actor_None_statement_01,source_center_noop,pair_0032_sad,09,01,sad,52.21262667550357
20,statement,actor_None_statement_01,source_center_noop,pair_0033_happy,09,01,happy,25.667329183016157
20,statement,actor_None_statement_01,source_center_noop,pair_0033_sad,09,01,sad,53.59242139525384
20,statement,actor_None_statement_01,source_center_noop,pair_0036_happy,10,01,happy,58.91319503246122
20,statement,actor_None_statement_01,source_center_noop,pair_0036_sad,10,01,sad,53.39855047606244
20,statement,actor_None_statement_01,source_center_noop,pair_0037_happy,10,01,happy,54.879051783139595
20,statement,actor_None_statement_01,source_center_noop,pair_0037_sad,10,01,sad,48.2566798469569
20,statement,actor_None_statement_01,source_center_noop,pair_0040_happy,11,01,happy,38.77211095241008
20,statement,actor_None_statement_01,source_center_noop,pair_0040_sad,11,01,sad,48.35449137444589
20,statement,actor_None_statement_01,source_center_noop,pair_0041_happy,11,01,happy,47.76845528464148
20,statement,actor_None_statement_01,source_center_noop,pair_0041_sad,11,01,sad,54.406044782658974
20,statement,actor_None_statement_01,source_center_noop,pair_0044_happy,12,01,happy,50.70896439284806
20,statement,actor_None_statement_01,source_center_noop,pair_0044_sad,12,01,sad,52.3322687809257
20,statement,actor_None_statement_01,source_center_noop,pair_0045_happy,12,01,happy,52.27017920371234
20,statement,actor_None_statement_01,source_center_noop,pair_0045_sad,12,01,sad,49.251776228676995
20,statement,actor_None_statement_01,source_center_noop,pair_0048_happy,13,01,happy,48.69171833382976
20,statement,actor_None_statement_01,source_center_noop,pair_0048_sad,13,01,sad,45.62264470136906
20,statement,actor_None_statement_01,source_center_noop,pair_0049_happy,13,01,happy,58.52205664236051
20,statement,actor_None_statement_01,source_center_noop,pair_0049_sad,13,01,sad,40.979920486467186
20,statement,actor_None_statement_01,source_center_noop,pair_0052_happy,14,01,happy,54.662866865371605
20,statement,actor_None_statement_01,source_center_noop,pair_0052_sad,14,01,sad,45.21273933348636
20,statement,actor_None_statement_01,source_center_noop,pair_0053_happy,14,01,happy,57.72988035560871
20,statement,actor_None_statement_01,source_center_noop,pair_0053_sad,14,01,sad,54.290982089583075
20,statement,actor_None_statement_01,source_center_noop,pair_0056_happy,15,01,happy,52.042932655521184
20,statement,actor_None_statement_01,source_center_noop,pair_0056_sad,15,01,sad,34.380073070413395
20,statement,actor_None_statement_01,source_center_noop,pair_0057_happy,15,01,happy,50.68011197808152
20,statement,actor_None_statement_01,source_center_noop,pair_0057_sad,15,01,sad,44.006917751116724
20,statement,actor_None_statement_01,source_center_noop,pair_0060_happy,16,01,happy,54.46685437643813
20,statement,actor_None_statement_01,source_center_noop,pair_0060_sad,16,01,sad,59.695381155816904
20,statement,actor_None_statement_01,source_center_noop,pair_0061_happy,16,01,happy,51.63601761785109
20,statement,actor_None_statement_01,source_center_noop,pair_0061_sad,16,01,sad,48.4339122090594
20,statement,actor_None_statement_01,source_center_noop,pair_0064_happy,17,01,happy,47.762740076564256
20,statement,actor_None_statement_01,source_center_noop,pair_0064_sad,17,01,sad,48.496183553578035
20,statement,actor_None_statement_01,source_center_noop,pair_0065_happy,17,01,happy,34.27770801361135
20,statement,actor_None_statement_01,source_center_noop,pair_0065_sad,17,01,sad,44.66453441817329
20,statement,actor_None_statement_01,source_center_noop,pair_0068_happy,18,01,happy,59.87531944252223
20,statement,actor_None_statement_01,source_center_noop,pair_0068_sad,18,01,sad,58.102580750333836
20,statement,actor_None_statement_01,source_center_noop,pair_0069_happy,18,01,happy,18.299185893418308
20,statement,actor_None_statement_01,source_center_noop,pair_0069_sad,18,01,sad,57.36591312976733
20,statement,actor_None_statement_01,source_center_noop,pair_0072_happy,19,01,happy,67.1733167702137
20,statement,actor_None_statement_01,source_center_noop,pair_0072_sad,19,01,sad,50.344602722732354
20,statement,actor_None_statement_01,source_center_noop,pair_0073_happy,19,01,happy,62.53744109196598
20,statement,actor_None_statement_01,source_center_noop,pair_0073_sad,19,01,sad,43.72524237718769
20,statement,actor_None_statement_01,source_center_noop,pair_0076_happy,20,01,happy,57.733185383319295
20,statement,actor_None_statement_01,source_center_noop,pair_0076_sad,20,01,sad,62.05392829965312
20,statement,actor_None_statement_01,source_center_noop,pair_0077_happy,20,01,happy,53.38692865368257
20,statement,actor_None_statement_01,source_center_noop,pair_0077_sad,20,01,sad,36.34136068221221
20,statement,actor_None_statement_01,source_center_noop,pair_0080_happy,21,01,happy,44.72115097149558
20,statement,actor_None_statement_01,source_center_noop,pair_0080_sad,21,01,sad,64.90039505497954
20,statement,actor_None_statement_01,source_center_noop,pair_0081_happy,21,01,happy,56.59092457647814
20,statement,actor_None_statement_01,source_center_noop,pair_0081_sad,21,01,sad,67.0035663064582
20,statement,actor_None_statement_01,source_center_noop,pair_0084_happy,22,01,happy,55.87628421139879
20,statement,actor_None_statement_01,source_center_noop,pair_0084_sad,22,01,sad,53.23872792347582
20,statement,actor_None_statement_01,source_center_noop,pair_0085_happy,22,01,happy,46.56372210084209
20,statement,actor_None_statement_01,source_center_noop,pair_0085_sad,22,01,sad,60.98246386764544
20,statement,actor_None_statement_01,source_center_noop,pair_0088_happy,23,01,happy,48.90218928338579
20,statement,actor_None_statement_01,source_center_noop,pair_0088_sad,23,01,sad,57.53872133055888
20,statement,actor_None_statement_01,source_center_noop,pair_0089_happy,23,01,happy,43.04448893203217
20,statement,actor_None_statement_01,source_center_noop,pair_0089_sad,23,01,sad,37.04326466847446
20,statement,actor_None_statement_01,source_center_noop,pair_0092_happy,24,01,happy,50.694028340930295
20,statement,actor_None_statement_01,source_center_noop,pair_0092_sad,24,01,sad,54.38760873802213
20,statement,actor_None_statement_01,source_center_noop,pair_0093_happy,24,01,happy,45.3552890566881
20,statement,actor_None_statement_01,source_center_noop,pair_0093_sad,24,01,sad,48.75144962444149
20,statement,actor_None_statement_01,transductive_center,pair_0000_happy,01,01,happy,-5.884313331138372
20,statement,actor_None_statement_01,transductive_center,pair_0000_sad,01,01,sad,2.2870949437370243
20,statement,actor_None_statement_01,transductive_center,pair_0001_happy,01,01,happy,-7.135928776190447
20,statement,actor_None_statement_01,transductive_center,pair_0001_sad,01,01,sad,6.158550306149536
20,statement,actor_None_statement_01,transductive_center,pair_0004_happy,02,01,happy,5.835631564867995
20,statement,actor_None_statement_01,transductive_center,pair_0004_sad,02,01,sad,14.70996798203224
20,statement,actor_None_statement_01,transductive_center,pair_0005_happy,02,01,happy,1.2884155046968218
20,statement,actor_None_statement_01,transductive_center,pair_0005_sad,02,01,sad,15.954694882209324
20,statement,actor_None_statement_01,transductive_center,pair_0008_happy,03,01,happy,-7.25772454095344
20,statement,actor_None_statement_01,transductive_center,pair_0008_sad,03,01,sad,-0.41571907231077887
20,statement,actor_None_statement_01,transductive_center,pair_0009_happy,03,01,happy,-2.6668371341886328
20,statement,actor_None_statement_01,transductive_center,pair_0009_sad,03,01,sad,2.773621663212751
20,statement,actor_None_statement_01,transductive_center,pair_0012_happy,04,01,happy,6.777161175888388
20,statement,actor_None_statement_01,transductive_center,pair_0012_sad,04,01,sad,9.63366736090439
20,statement,actor_None_statement_01,transductive_center,pair_0013_happy,04,01,happy,4.737133912560253
20,statement,actor_None_statement_01,transductive_center,pair_0013_sad,04,01,sad,1.512063378370108
20,statement,actor_None_statement_01,transductive_center,pair_0016_happy,05,01,happy,1.3277768268641665
20,statement,actor_None_statement_01,transductive_center,pair_0016_sad,05,01,sad,-34.24147881739333
20,statement,actor_None_statement_01,transductive_center,pair_0017_happy,05,01,happy,0.07713405759135128
20,statement,actor_None_statement_01,transductive_center,pair_0017_sad,05,01,sad,-12.587058383980725
20,statement,actor_None_statement_01,transductive_center,pair_0020_happy,06,01,happy,7.332017684666489
20,statement,actor_None_statement_01,transductive_center,pair_0020_sad,06,01,sad,-3.292553569690476
20,statement,actor_None_statement_01,transductive_center,pair_0021_happy,06,01,happy,5.087612434104699
20,statement,actor_None_statement_01,transductive_center,pair_0021_sad,06,01,sad,-0.5368657620175341
20,statement,actor_None_statement_01,transductive_center,pair_0024_happy,07,01,happy,-28.52483333296916
20,statement,actor_None_statement_01,transductive_center,pair_0024_sad,07,01,sad,-6.113594242343147
20,statement,actor_None_statement_01,transductive_center,pair_0025_happy,07,01,happy,3.104437665552055
20,statement,actor_None_statement_01,transductive_center,pair_0025_sad,07,01,sad,3.925530643065194
20,statement,actor_None_statement_01,transductive_center,pair_0028_happy,08,01,happy,6.557191618843305
20,statement,actor_None_statement_01,transductive_center,pair_0028_sad,08,01,sad,-17.335998668195145
20,statement,actor_None_statement_01,transductive_center,pair_0029_happy,08,01,happy,7.344624026229468
20,statement,actor_None_statement_01,transductive_center,pair_0029_sad,08,01,sad,-10.351876372712674
20,statement,actor_None_statement_01,transductive_center,pair_0032_happy,09,01,happy,-6.832036174757796
20,statement,actor_None_statement_01,transductive_center,pair_0032_sad,09,01,sad,1.9412408654483073
20,statement,actor_None_statement_01,transductive_center,pair_0033_happy,09,01,happy,-24.604056627039107
20,statement,actor_None_statement_01,transductive_center,pair_0033_sad,09,01,sad,3.3210355851985724
20,statement,actor_None_statement_01,transductive_center,pair_0036_happy,10,01,happy,8.641809222405954
20,statement,actor_None_statement_01,transductive_center,pair_0036_sad,10,01,sad,3.1271646660071752
20,statement,actor_None_statement_01,transductive_center,pair_0037_happy,10,01,happy,4.60766597308433
20,statement,actor_None_statement_01,transductive_center,pair_0037_sad,10,01,sad,-2.014705963098365
20,statement,actor_None_statement_01,transductive_center,pair_0040_happy,11,01,happy,-11.499274857645183
20,statement,actor_None_statement_01,transductive_center,pair_0040_sad,11,01,sad,-1.9168944356093718
20,statement,actor_None_statement_01,transductive_center,pair_0041_happy,11,01,happy,-2.502930525413781
20,statement,actor_None_statement_01,transductive_center,pair_0041_sad,11,01,sad,4.1346589726037095
20,statement,actor_None_statement_01,transductive_center,pair_0044_happy,12,01,happy,0.4375785827927956
20,statement,actor_None_statement_01,transductive_center,pair_0044_sad,12,01,sad,2.0608829708704377
20,statement,actor_None_statement_01,transductive_center,pair_0045_happy,12,01,happy,1.998793393657074
20,statement,actor_None_statement_01,transductive_center,pair_0045_sad,12,01,sad,-1.019609581378269
20,statement,actor_None_statement_01,transductive_center,pair_0048_happy,13,01,happy,-1.5796674762255023
20,statement,actor_None_statement_01,transductive_center,pair_0048_sad,13,01,sad,-4.6487411086862025
20,statement,actor_None_statement_01,transductive_center,pair_0049_happy,13,01,happy,8.250670832305246
20,statement,actor_None_statement_01,transductive_center,pair_0049_sad,13,01,sad,-9.291465323588078
20,statement,actor_None_statement_01,transductive_center,pair_0052_happy,14,01,happy,4.391481055316341
20,statement,actor_None_statement_01,transductive_center,pair_0052_sad,14,01,sad,-5.058646476568903
20,statement,actor_None_statement_01,transductive_center,pair_0053_happy,14,01,happy,7.458494545553442
20,statement,actor_None_statement_01,transductive_center,pair_0053_sad,14,01,sad,4.019596279527811
20,statement,actor_None_statement_01,transductive_center,pair_0056_happy,15,01,happy,1.7715468454659202
20,statement,actor_None_statement_01,transductive_center,pair_0056_sad,15,01,sad,-15.891312739641869
20,statement,actor_None_statement_01,transductive_center,pair_0057_happy,15,01,happy,0.4087261680262557
20,statement,actor_None_statement_01,transductive_center,pair_0057_sad,15,01,sad,-6.26446805893854
20,statement,actor_None_statement_01,transductive_center,pair_0060_happy,16,01,happy,4.195468566382864
20,statement,actor_None_statement_01,transductive_center,pair_0060_sad,16,01,sad,9.42399534576164
20,statement,actor_None_statement_01,transductive_center,pair_0061_happy,16,01,happy,1.3646318077958242
20,statement,actor_None_statement_01,transductive_center,pair_0061_sad,16,01,sad,-1.8374736009958639
20,statement,actor_None_statement_01,transductive_center,pair_0064_happy,17,01,happy,-2.508645733491008
20,statement,actor_None_statement_01,transductive_center,pair_0064_sad,17,01,sad,-1.775202256477229
20,statement,actor_None_statement_01,transductive_center,pair_0065_happy,17,01,happy,-15.993677796443912
20,statement,actor_None_statement_01,transductive_center,pair_0065_sad,17,01,sad,-5.606851391881975
20,statement,actor_None_statement_01,transductive_center,pair_0068_happy,18,01,happy,9.603933632466969
20,statement,actor_None_statement_01,transductive_center,pair_0068_sad,18,01,sad,7.831194940278571
20,statement,actor_None_statement_01,transductive_center,pair_0069_happy,18,01,happy,-31.972199916636956
20,statement,actor_None_statement_01,transductive_center,pair_0069_sad,18,01,sad,7.094527319712064
20,statement,actor_None_statement_01,transductive_center,pair_0072_happy,19,01,happy,16.901930960158438
20,statement,actor_None_statement_01,transductive_center,pair_0072_sad,19,01,sad,0.07321691267708985
20,statement,actor_None_statement_01,transductive_center,pair_0073_happy,19,01,happy,12.266055281910717
20,statement,actor_None_statement_01,transductive_center,pair_0073_sad,19,01,sad,-6.546143432867574
20,statement,actor_None_statement_01,transductive_center,pair_0076_happy,20,01,happy,7.461799573264031
20,statement,actor_None_statement_01,transductive_center,pair_0076_sad,20,01,sad,11.782542489597859
20,statement,actor_None_statement_01,transductive_center,pair_0077_happy,20,01,happy,3.1155428436273027
20,statement,actor_None_statement_01,transductive_center,pair_0077_sad,20,01,sad,-13.930025127843052
20,statement,actor_None_statement_01,transductive_center,pair_0080_happy,21,01,happy,-5.550234838559682
20,statement,actor_None_statement_01,transductive_center,pair_0080_sad,21,01,sad,14.629009244924276
20,statement,actor_None_statement_01,transductive_center,pair_0081_happy,21,01,happy,6.319538766422873
20,statement,actor_None_statement_01,transductive_center,pair_0081_sad,21,01,sad,16.732180496402933
20,statement,actor_None_statement_01,transductive_center,pair_0084_happy,22,01,happy,5.604898401343526
20,statement,actor_None_statement_01,transductive_center,pair_0084_sad,22,01,sad,2.967342113420557
20,statement,actor_None_statement_01,transductive_center,pair_0085_happy,22,01,happy,-3.707663709213172
20,statement,actor_None_statement_01,transductive_center,pair_0085_sad,22,01,sad,10.711078057590179
20,statement,actor_None_statement_01,transductive_center,pair_0088_happy,23,01,happy,-1.3691965266694766
20,statement,actor_None_statement_01,transductive_center,pair_0088_sad,23,01,sad,7.2673355205036145
20,statement,actor_None_statement_01,transductive_center,pair_0089_happy,23,01,happy,-7.226896878023091
20,statement,actor_None_statement_01,transductive_center,pair_0089_sad,23,01,sad,-13.228121141580807
20,statement,actor_None_statement_01,transductive_center,pair_0092_happy,24,01,happy,0.4226425308750308
20,statement,actor_None_statement_01,transductive_center,pair_0092_sad,24,01,sad,4.1162229279668665
20,statement,actor_None_statement_01,transductive_center,pair_0093_happy,24,01,happy,-4.916096753367164
20,statement,actor_None_statement_01,transductive_center,pair_0093_sad,24,01,sad,-1.5199361856137728
20,statement,actor_None_statement_02,raw,pair_0002_happy,01,02,happy,-26.69979435070235
20,statement,actor_None_statement_02,raw,pair_0002_sad,01,02,sad,-27.10712931363278
20,statement,actor_None_statement_02,raw,pair_0003_happy,01,02,happy,-30.764428299633245
20,statement,actor_None_statement_02,raw,pair_0003_sad,01,02,sad,-24.520096085921246
20,statement,actor_None_statement_02,raw,pair_0006_happy,02,02,happy,-34.1844150676459
20,statement,actor_None_statement_02,raw,pair_0006_sad,02,02,sad,-26.944092160913268
20,statement,actor_None_statement_02,raw,pair_0007_happy,02,02,happy,-33.313413906314224
20,statement,actor_None_statement_02,raw,pair_0007_sad,02,02,sad,-35.46415110842794
20,statement,actor_None_statement_02,raw,pair_0010_happy,03,02,happy,-21.340506331963937
20,statement,actor_None_statement_02,raw,pair_0010_sad,03,02,sad,-29.904720766022198
20,statement,actor_None_statement_02,raw,pair_0011_happy,03,02,happy,-22.386381754151238
20,statement,actor_None_statement_02,raw,pair_0011_sad,03,02,sad,-32.34585776502392
20,statement,actor_None_statement_02,raw,pair_0014_happy,04,02,happy,-31.952552498184648
20,statement,actor_None_statement_02,raw,pair_0014_sad,04,02,sad,-30.13979687694431
20,statement,actor_None_statement_02,raw,pair_0015_happy,04,02,happy,-26.837708413246464
20,statement,actor_None_statement_02,raw,pair_0015_sad,04,02,sad,-28.080283615920347
20,statement,actor_None_statement_02,raw,pair_0018_happy,05,02,happy,-28.40467580752496
20,statement,actor_None_statement_02,raw,pair_0018_sad,05,02,sad,-30.55843482313998
20,statement,actor_None_statement_02,raw,pair_0019_happy,05,02,happy,-22.567616459584766
20,statement,actor_None_statement_02,raw,pair_0019_sad,05,02,sad,-29.74861873158966
20,statement,actor_None_statement_02,raw,pair_0022_happy,06,02,happy,-21.262417283809945
20,statement,actor_None_statement_02,raw,pair_0022_sad,06,02,sad,-31.905894399907485
20,statement,actor_None_statement_02,raw,pair_0023_happy,06,02,happy,-26.615089867826406
20,statement,actor_None_statement_02,raw,pair_0023_sad,06,02,sad,-32.181671102855
20,statement,actor_None_statement_02,raw,pair_0026_happy,07,02,happy,-22.628600879816485
20,statement,actor_None_statement_02,raw,pair_0026_sad,07,02,sad,-31.912236384488747
20,statement,actor_None_statement_02,raw,pair_0027_happy,07,02,happy,-22.628600879816485
20,statement,actor_None_statement_02,raw,pair_0027_sad,07,02,sad,-25.52031121228696
20,statement,actor_None_statement_02,raw,pair_0030_happy,08,02,happy,-26.901750283570493
20,statement,actor_None_statement_02,raw,pair_0030_sad,08,02,sad,-25.071035193927255
20,statement,actor_None_statement_02,raw,pair_0031_happy,08,02,happy,-22.707651789872315
20,statement,actor_None_statement_02,raw,pair_0031_sad,08,02,sad,-14.337813050217893
20,statement,actor_None_statement_02,raw,pair_0034_happy,09,02,happy,-28.006356290773784
20,statement,actor_None_statement_02,raw,pair_0034_sad,09,02,sad,-36.511042080855916
20,statement,actor_None_statement_02,raw,pair_0035_happy,09,02,happy,-35.24013090213373
20,statement,actor_None_statement_02,raw,pair_0035_sad,09,02,sad,-29.340746625837355
20,statement,actor_None_statement_02,raw,pair_0038_happy,10,02,happy,-33.842316963755195
20,statement,actor_None_statement_02,raw,pair_0038_sad,10,02,sad,-5.676539763866575
20,statement,actor_None_statement_02,raw,pair_0039_happy,10,02,happy,-21.38308385415056
20,statement,actor_None_statement_02,raw,pair_0039_sad,10,02,sad,-34.19923454478456
20,statement,actor_None_statement_02,raw,pair_0042_happy,11,02,happy,-26.70588514998346
20,statement,actor_None_statement_02,raw,pair_0042_sad,11,02,sad,-25.153002799601005
20,statement,actor_None_statement_02,raw,pair_0043_happy,11,02,happy,-27.22537558421742
20,statement,actor_None_statement_02,raw,pair_0043_sad,11,02,sad,-21.812474698483626
20,statement,actor_None_statement_02,raw,pair_0046_happy,12,02,happy,-30.744247046202357
20,statement,actor_None_statement_02,raw,pair_0046_sad,12,02,sad,-26.36141692806372
20,statement,actor_None_statement_02,raw,pair_0047_happy,12,02,happy,-28.01070770384789
20,statement,actor_None_statement_02,raw,pair_0047_sad,12,02,sad,-32.26273411550051
20,statement,actor_None_statement_02,raw,pair_0050_happy,13,02,happy,-13.180122548283357
20,statement,actor_None_statement_02,raw,pair_0050_sad,13,02,sad,-22.11511561816765
20,statement,actor_None_statement_02,raw,pair_0051_happy,13,02,happy,-33.73635173941289
20,statement,actor_None_statement_02,raw,pair_0051_sad,13,02,sad,-31.262616446072183
20,statement,actor_None_statement_02,raw,pair_0054_happy,14,02,happy,-22.23706342553788
20,statement,actor_None_statement_02,raw,pair_0054_sad,14,02,sad,-35.48033034164932
20,statement,actor_None_statement_02,raw,pair_0055_happy,14,02,happy,-31.741521166573396
20,statement,actor_None_statement_02,raw,pair_0055_sad,14,02,sad,-33.983384700602585
20,statement,actor_None_statement_02,raw,pair_0058_happy,15,02,happy,-37.04514706405634
20,statement,actor_None_statement_02,raw,pair_0058_sad,15,02,sad,-24.314517392654047
20,statement,actor_None_statement_02,raw,pair_0059_happy,15,02,happy,-32.4611816941785
20,statement,actor_None_statement_02,raw,pair_0059_sad,15,02,sad,-35.16481414191131
20,statement,actor_None_statement_02,raw,pair_0062_happy,16,02,happy,-27.501571883033677
20,statement,actor_None_statement_02,raw,pair_0062_sad,16,02,sad,-36.535216052094874
20,statement,actor_None_statement_02,raw,pair_0063_happy,16,02,happy,-25.86236544132512
20,statement,actor_None_statement_02,raw,pair_0063_sad,16,02,sad,-16.284437559768897
20,statement,actor_None_statement_02,raw,pair_0066_happy,17,02,happy,-30.548282696293768
20,statement,actor_None_statement_02,raw,pair_0066_sad,17,02,sad,-33.90296099398927
20,statement,actor_None_statement_02,raw,pair_0067_happy,17,02,happy,-26.452164309256947
20,statement,actor_None_statement_02,raw,pair_0067_sad,17,02,sad,-24.046511496809785
20,statement,actor_None_statement_02,raw,pair_0070_happy,18,02,happy,-33.791557521541115
20,statement,actor_None_statement_02,raw,pair_0070_sad,18,02,sad,-38.25130821125373
20,statement,actor_None_statement_02,raw,pair_0071_happy,18,02,happy,49.03720477837766
20,statement,actor_None_statement_02,raw,pair_0071_sad,18,02,sad,-30.753385509470863
20,statement,actor_None_statement_02,raw,pair_0074_happy,19,02,happy,-40.04103000646599
20,statement,actor_None_statement_02,raw,pair_0074_sad,19,02,sad,-42.49372887864834
20,statement,actor_None_statement_02,raw,pair_0075_happy,19,02,happy,-31.677979516464525
20,statement,actor_None_statement_02,raw,pair_0075_sad,19,02,sad,-30.76421489505012
20,statement,actor_None_statement_02,raw,pair_0078_happy,20,02,happy,-37.48829457896892
20,statement,actor_None_statement_02,raw,pair_0078_sad,20,02,sad,14.690379398866913
20,statement,actor_None_statement_02,raw,pair_0079_happy,20,02,happy,-35.47352063988357
20,statement,actor_None_statement_02,raw,pair_0079_sad,20,02,sad,-5.921259833552046
20,statement,actor_None_statement_02,raw,pair_0082_happy,21,02,happy,-20.64501381424503
20,statement,actor_None_statement_02,raw,pair_0082_sad,21,02,sad,-25.65345568025462
20,statement,actor_None_statement_02,raw,pair_0083_happy,21,02,happy,-20.66632854642785
20,statement,actor_None_statement_02,raw,pair_0083_sad,21,02,sad,-21.746232111560214
20,statement,actor_None_statement_02,raw,pair_0086_happy,22,02,happy,-25.981568064079344
20,statement,actor_None_statement_02,raw,pair_0086_sad,22,02,sad,-30.619939376161962
20,statement,actor_None_statement_02,raw,pair_0087_happy,22,02,happy,-27.51596117524467
20,statement,actor_None_statement_02,raw,pair_0087_sad,22,02,sad,-38.742137836720445
20,statement,actor_None_statement_02,raw,pair_0090_happy,23,02,happy,-26.2969406407588
20,statement,actor_None_statement_02,raw,pair_0090_sad,23,02,sad,-19.015948272161665
20,statement,actor_None_statement_02,raw,pair_0091_happy,23,02,happy,-17.063512944594052
20,statement,actor_None_statement_02,raw,pair_0091_sad,23,02,sad,-9.294634421314163
20,statement,actor_None_statement_02,raw,pair_0094_happy,24,02,happy,-27.808260398704558
20,statement,actor_None_statement_02,raw,pair_0094_sad,24,02,sad,-26.7423717303259
20,statement,actor_None_statement_02,raw,pair_0095_happy,24,02,happy,-28.259692004404005
20,statement,actor_None_statement_02,raw,pair_0095_sad,24,02,sad,-30.06146246748884
20,statement,actor_None_statement_02,source_center_noop,pair_0002_happy,01,02,happy,-26.69979435070235
20,statement,actor_None_statement_02,source_center_noop,pair_0002_sad,01,02,sad,-27.10712931363278
20,statement,actor_None_statement_02,source_center_noop,pair_0003_happy,01,02,happy,-30.764428299633245
20,statement,actor_None_statement_02,source_center_noop,pair_0003_sad,01,02,sad,-24.520096085921246
20,statement,actor_None_statement_02,source_center_noop,pair_0006_happy,02,02,happy,-34.1844150676459
20,statement,actor_None_statement_02,source_center_noop,pair_0006_sad,02,02,sad,-26.944092160913268
20,statement,actor_None_statement_02,source_center_noop,pair_0007_happy,02,02,happy,-33.313413906314224
20,statement,actor_None_statement_02,source_center_noop,pair_0007_sad,02,02,sad,-35.46415110842794
20,statement,actor_None_statement_02,source_center_noop,pair_0010_happy,03,02,happy,-21.340506331963937
20,statement,actor_None_statement_02,source_center_noop,pair_0010_sad,03,02,sad,-29.904720766022198
20,statement,actor_None_statement_02,source_center_noop,pair_0011_happy,03,02,happy,-22.386381754151238
20,statement,actor_None_statement_02,source_center_noop,pair_0011_sad,03,02,sad,-32.34585776502392
20,statement,actor_None_statement_02,source_center_noop,pair_0014_happy,04,02,happy,-31.952552498184648
20,statement,actor_None_statement_02,source_center_noop,pair_0014_sad,04,02,sad,-30.13979687694431
20,statement,actor_None_statement_02,source_center_noop,pair_0015_happy,04,02,happy,-26.837708413246464
20,statement,actor_None_statement_02,source_center_noop,pair_0015_sad,04,02,sad,-28.080283615920347
20,statement,actor_None_statement_02,source_center_noop,pair_0018_happy,05,02,happy,-28.40467580752496
20,statement,actor_None_statement_02,source_center_noop,pair_0018_sad,05,02,sad,-30.55843482313998
20,statement,actor_None_statement_02,source_center_noop,pair_0019_happy,05,02,happy,-22.567616459584766
20,statement,actor_None_statement_02,source_center_noop,pair_0019_sad,05,02,sad,-29.74861873158966
20,statement,actor_None_statement_02,source_center_noop,pair_0022_happy,06,02,happy,-21.262417283809945
20,statement,actor_None_statement_02,source_center_noop,pair_0022_sad,06,02,sad,-31.905894399907485
20,statement,actor_None_statement_02,source_center_noop,pair_0023_happy,06,02,happy,-26.615089867826406
20,statement,actor_None_statement_02,source_center_noop,pair_0023_sad,06,02,sad,-32.181671102855
20,statement,actor_None_statement_02,source_center_noop,pair_0026_happy,07,02,happy,-22.628600879816485
20,statement,actor_None_statement_02,source_center_noop,pair_0026_sad,07,02,sad,-31.912236384488747
20,statement,actor_None_statement_02,source_center_noop,pair_0027_happy,07,02,happy,-22.628600879816485
20,statement,actor_None_statement_02,source_center_noop,pair_0027_sad,07,02,sad,-25.52031121228696
20,statement,actor_None_statement_02,source_center_noop,pair_0030_happy,08,02,happy,-26.901750283570493
20,statement,actor_None_statement_02,source_center_noop,pair_0030_sad,08,02,sad,-25.071035193927255
20,statement,actor_None_statement_02,source_center_noop,pair_0031_happy,08,02,happy,-22.707651789872315
20,statement,actor_None_statement_02,source_center_noop,pair_0031_sad,08,02,sad,-14.337813050217893
20,statement,actor_None_statement_02,source_center_noop,pair_0034_happy,09,02,happy,-28.006356290773784
20,statement,actor_None_statement_02,source_center_noop,pair_0034_sad,09,02,sad,-36.511042080855916
20,statement,actor_None_statement_02,source_center_noop,pair_0035_happy,09,02,happy,-35.24013090213373
20,statement,actor_None_statement_02,source_center_noop,pair_0035_sad,09,02,sad,-29.340746625837355
20,statement,actor_None_statement_02,source_center_noop,pair_0038_happy,10,02,happy,-33.842316963755195
20,statement,actor_None_statement_02,source_center_noop,pair_0038_sad,10,02,sad,-5.676539763866575
20,statement,actor_None_statement_02,source_center_noop,pair_0039_happy,10,02,happy,-21.38308385415056
20,statement,actor_None_statement_02,source_center_noop,pair_0039_sad,10,02,sad,-34.19923454478456
20,statement,actor_None_statement_02,source_center_noop,pair_0042_happy,11,02,happy,-26.70588514998346
20,statement,actor_None_statement_02,source_center_noop,pair_0042_sad,11,02,sad,-25.153002799601005
20,statement,actor_None_statement_02,source_center_noop,pair_0043_happy,11,02,happy,-27.22537558421742
20,statement,actor_None_statement_02,source_center_noop,pair_0043_sad,11,02,sad,-21.812474698483626
20,statement,actor_None_statement_02,source_center_noop,pair_0046_happy,12,02,happy,-30.744247046202357
20,statement,actor_None_statement_02,source_center_noop,pair_0046_sad,12,02,sad,-26.36141692806372
20,statement,actor_None_statement_02,source_center_noop,pair_0047_happy,12,02,happy,-28.01070770384789
20,statement,actor_None_statement_02,source_center_noop,pair_0047_sad,12,02,sad,-32.26273411550051
20,statement,actor_None_statement_02,source_center_noop,pair_0050_happy,13,02,happy,-13.180122548283357
20,statement,actor_None_statement_02,source_center_noop,pair_0050_sad,13,02,sad,-22.11511561816765
20,statement,actor_None_statement_02,source_center_noop,pair_0051_happy,13,02,happy,-33.73635173941289
20,statement,actor_None_statement_02,source_center_noop,pair_0051_sad,13,02,sad,-31.262616446072183
20,statement,actor_None_statement_02,source_center_noop,pair_0054_happy,14,02,happy,-22.23706342553788
20,statement,actor_None_statement_02,source_center_noop,pair_0054_sad,14,02,sad,-35.48033034164932
20,statement,actor_None_statement_02,source_center_noop,pair_0055_happy,14,02,happy,-31.741521166573396
20,statement,actor_None_statement_02,source_center_noop,pair_0055_sad,14,02,sad,-33.983384700602585
20,statement,actor_None_statement_02,source_center_noop,pair_0058_happy,15,02,happy,-37.04514706405634
20,statement,actor_None_statement_02,source_center_noop,pair_0058_sad,15,02,sad,-24.314517392654047
20,statement,actor_None_statement_02,source_center_noop,pair_0059_happy,15,02,happy,-32.4611816941785
20,statement,actor_None_statement_02,source_center_noop,pair_0059_sad,15,02,sad,-35.16481414191131
20,statement,actor_None_statement_02,source_center_noop,pair_0062_happy,16,02,happy,-27.501571883033677
20,statement,actor_None_statement_02,source_center_noop,pair_0062_sad,16,02,sad,-36.535216052094874
20,statement,actor_None_statement_02,source_center_noop,pair_0063_happy,16,02,happy,-25.86236544132512
20,statement,actor_None_statement_02,source_center_noop,pair_0063_sad,16,02,sad,-16.284437559768897
20,statement,actor_None_statement_02,source_center_noop,pair_0066_happy,17,02,happy,-30.548282696293768
20,statement,actor_None_statement_02,source_center_noop,pair_0066_sad,17,02,sad,-33.90296099398927
20,statement,actor_None_statement_02,source_center_noop,pair_0067_happy,17,02,happy,-26.452164309256947
20,statement,actor_None_statement_02,source_center_noop,pair_0067_sad,17,02,sad,-24.046511496809785
20,statement,actor_None_statement_02,source_center_noop,pair_0070_happy,18,02,happy,-33.791557521541115
20,statement,actor_None_statement_02,source_center_noop,pair_0070_sad,18,02,sad,-38.25130821125373
20,statement,actor_None_statement_02,source_center_noop,pair_0071_happy,18,02,happy,49.03720477837766
20,statement,actor_None_statement_02,source_center_noop,pair_0071_sad,18,02,sad,-30.753385509470863
20,statement,actor_None_statement_02,source_center_noop,pair_0074_happy,19,02,happy,-40.04103000646599
20,statement,actor_None_statement_02,source_center_noop,pair_0074_sad,19,02,sad,-42.49372887864834
20,statement,actor_None_statement_02,source_center_noop,pair_0075_happy,19,02,happy,-31.677979516464525
20,statement,actor_None_statement_02,source_center_noop,pair_0075_sad,19,02,sad,-30.76421489505012
20,statement,actor_None_statement_02,source_center_noop,pair_0078_happy,20,02,happy,-37.48829457896892
20,statement,actor_None_statement_02,source_center_noop,pair_0078_sad,20,02,sad,14.690379398866913
20,statement,actor_None_statement_02,source_center_noop,pair_0079_happy,20,02,happy,-35.47352063988357
20,statement,actor_None_statement_02,source_center_noop,pair_0079_sad,20,02,sad,-5.921259833552046
20,statement,actor_None_statement_02,source_center_noop,pair_0082_happy,21,02,happy,-20.64501381424503
20,statement,actor_None_statement_02,source_center_noop,pair_0082_sad,21,02,sad,-25.65345568025462
20,statement,actor_None_statement_02,source_center_noop,pair_0083_happy,21,02,happy,-20.66632854642785
20,statement,actor_None_statement_02,source_center_noop,pair_0083_sad,21,02,sad,-21.746232111560214
20,statement,actor_None_statement_02,source_center_noop,pair_0086_happy,22,02,happy,-25.981568064079344
20,statement,actor_None_statement_02,source_center_noop,pair_0086_sad,22,02,sad,-30.619939376161962
20,statement,actor_None_statement_02,source_center_noop,pair_0087_happy,22,02,happy,-27.51596117524467
20,statement,actor_None_statement_02,source_center_noop,pair_0087_sad,22,02,sad,-38.742137836720445
20,statement,actor_None_statement_02,source_center_noop,pair_0090_happy,23,02,happy,-26.2969406407588
20,statement,actor_None_statement_02,source_center_noop,pair_0090_sad,23,02,sad,-19.015948272161665
20,statement,actor_None_statement_02,source_center_noop,pair_0091_happy,23,02,happy,-17.063512944594052
20,statement,actor_None_statement_02,source_center_noop,pair_0091_sad,23,02,sad,-9.294634421314163
20,statement,actor_None_statement_02,source_center_noop,pair_0094_happy,24,02,happy,-27.808260398704558
20,statement,actor_None_statement_02,source_center_noop,pair_0094_sad,24,02,sad,-26.7423717303259
20,statement,actor_None_statement_02,source_center_noop,pair_0095_happy,24,02,happy,-28.259692004404005
20,statement,actor_None_statement_02,source_center_noop,pair_0095_sad,24,02,sad,-30.06146246748884
20,statement,actor_None_statement_02,transductive_center,pair_0002_happy,01,02,happy,-0.19438652749637342
20,statement,actor_None_statement_02,transductive_center,pair_0002_sad,01,02,sad,-0.6017214904268009
20,statement,actor_None_statement_02,transductive_center,pair_0003_happy,01,02,happy,-4.259020476427267
20,statement,actor_None_statement_02,transductive_center,pair_0003_sad,01,02,sad,1.9853117372847322
20,statement,actor_None_statement_02,transductive_center,pair_0006_happy,02,02,happy,-7.679007244439923
20,statement,actor_None_statement_02,transductive_center,pair_0006_sad,02,02,sad,-0.43868433770729
20,statement,actor_None_statement_02,transductive_center,pair_0007_happy,02,02,happy,-6.808006083108246
20,statement,actor_None_statement_02,transductive_center,pair_0007_sad,02,02,sad,-8.958743285221964
20,statement,actor_None_statement_02,transductive_center,pair_0010_happy,03,02,happy,5.164901491242041
20,statement,actor_None_statement_02,transductive_center,pair_0010_sad,03,02,sad,-3.39931294281622
20,statement,actor_None_statement_02,transductive_center,pair_0011_happy,03,02,happy,4.1190260690547404
20,statement,actor_None_statement_02,transductive_center,pair_0011_sad,03,02,sad,-5.840449941817944
20,statement,actor_None_statement_02,transductive_center,pair_0014_happy,04,02,happy,-5.44714467497867
20,statement,actor_None_statement_02,transductive_center,pair_0014_sad,04,02,sad,-3.6343890537383317
20,statement,actor_None_statement_02,transductive_center,pair_0015_happy,04,02,happy,-0.33230059004048584
20,statement,actor_None_statement_02,transductive_center,pair_0015_sad,04,02,sad,-1.5748757927143693
20,statement,actor_None_statement_02,transductive_center,pair_0018_happy,05,02,happy,-1.899267984318982
20,statement,actor_None_statement_02,transductive_center,pair_0018_sad,05,02,sad,-4.053026999934001
20,statement,actor_None_statement_02,transductive_center,pair_0019_happy,05,02,happy,3.937791363621212
20,statement,actor_None_statement_02,transductive_center,pair_0019_sad,05,02,sad,-3.2432109083836806
20,statement,actor_None_statement_02,transductive_center,pair_0022_happy,06,02,happy,5.2429905393960325
20,statement,actor_None_statement_02,transductive_center,pair_0022_sad,06,02,sad,-5.400486576701507
20,statement,actor_None_statement_02,transductive_center,pair_0023_happy,06,02,happy,-0.10968204462042763
20,statement,actor_None_statement_02,transductive_center,pair_0023_sad,06,02,sad,-5.676263279649021
20,statement,actor_None_statement_02,transductive_center,pair_0026_happy,07,02,happy,3.876806943389493
20,statement,actor_None_statement_02,transductive_center,pair_0026_sad,07,02,sad,-5.406828561282769
20,statement,actor_None_statement_02,transductive_center,pair_0027_happy,07,02,happy,3.876806943389493
20,statement,actor_None_statement_02,transductive_center,pair_0027_sad,07,02,sad,0.9850966109190189
20,statement,actor_None_statement_02,transductive_center,pair_0030_happy,08,02,happy,-0.39634246036451515
20,statement,actor_None_statement_02,transductive_center,pair_0030_sad,08,02,sad,1.434372629278723
20,statement,actor_None_statement_02,transductive_center,pair_0031_happy,08,02,happy,3.7977560333336626
20,statement,actor_None_statement_02,transductive_center,pair_0031_sad,08,02,sad,12.167594772988085
20,statement,actor_None_statement_02,transductive_center,pair_0034_happy,09,02,happy,-1.500948467567806
20,statement,actor_None_statement_02,transductive_center,pair_0034_sad,09,02,sad,-10.005634257649938
20,statement,actor_None_statement_02,transductive_center,pair_0035_happy,09,02,happy,-8.73472307892775
20,statement,actor_None_statement_02,transductive_center,pair_0035_sad,09,02,sad,-2.8353388026313766
20,statement,actor_None_statement_02,transductive_center,pair_0038_happy,10,02,happy,-7.336909140549217
20,statement,actor_None_statement_02,transductive_center,pair_0038_sad,10,02,sad,20.828868059339403
20,statement,actor_None_statement_02,transductive_center,pair_0039_happy,10,02,happy,5.122323969055419
20,statement,actor_None_statement_02,transductive_center,pair_0039_sad,10,02,sad,-7.693826721578581
20,statement,actor_None_statement_02,transductive_center,pair_0042_happy,11,02,happy,-0.20047732677748087
20,statement,actor_None_statement_02,transductive_center,pair_0042_sad,11,02,sad,1.3524050236049732
20,statement,actor_None_statement_02,transductive_center,pair_0043_happy,11,02,happy,-0.7199677610114428
20,statement,actor_None_statement_02,transductive_center,pair_0043_sad,11,02,sad,4.692933124722352
20,statement,actor_None_statement_02,transductive_center,pair_0046_happy,12,02,happy,-4.238839222996379
20,statement,actor_None_statement_02,transductive_center,pair_0046_sad,12,02,sad,0.1439908951422595
20,statement,actor_None_statement_02,transductive_center,pair_0047_happy,12,02,happy,-1.5052998806419104
20,statement,actor_None_statement_02,transductive_center,pair_0047_sad,12,02,sad,-5.757326292294529
20,statement,actor_None_statement_02,transductive_center,pair_0050_happy,13,02,happy,13.32528527492262
20,statement,actor_None_statement_02,transductive_center,pair_0050_sad,13,02,sad,4.390292205038328
20,statement,actor_None_statement_02,transductive_center,pair_0051_happy,13,02,happy,-7.230943916206911
20,statement,actor_None_statement_02,transductive_center,pair_0051_sad,13,02,sad,-4.757208622866205
20,statement,actor_None_statement_02,transductive_center,pair_0054_happy,14,02,happy,4.268344397668098
20,statement,actor_None_statement_02,transductive_center,pair_0054_sad,14,02,sad,-8.974922518443343
20,statement,actor_None_statement_02,transductive_center,pair_0055_happy,14,02,happy,-5.236113343367418
20,statement,actor_None_statement_02,transductive_center,pair_0055_sad,14,02,sad,-7.477976877396607
20,statement,actor_None_statement_02,transductive_center,pair_0058_happy,15,02,happy,-10.53973924085036
20,statement,actor_None_statement_02,transductive_center,pair_0058_sad,15,02,sad,2.1908904305519314
20,statement,actor_None_statement_02,transductive_center,pair_0059_happy,15,02,happy,-5.955773870972521
20,statement,actor_None_statement_02,transductive_center,pair_0059_sad,15,02,sad,-8.65940631870533
20,statement,actor_None_statement_02,transductive_center,pair_0062_happy,16,02,happy,-0.9961640598276986
20,statement,actor_None_statement_02,transductive_center,pair_0062_sad,16,02,sad,-10.029808228888896
20,statement,actor_None_statement_02,transductive_center,pair_0063_happy,16,02,happy,0.643042381880857
20,statement,actor_None_statement_02,transductive_center,pair_0063_sad,16,02,sad,10.220970263437081
20,statement,actor_None_statement_02,transductive_center,pair_0066_happy,17,02,happy,-4.04287487308779
20,statement,actor_None_statement_02,transductive_center,pair_0066_sad,17,02,sad,-7.39755317078329
20,statement,actor_None_statement_02,transductive_center,pair_0067_happy,17,02,happy,0.05324351394903104
20,statement,actor_None_statement_02,transductive_center,pair_0067_sad,17,02,sad,2.458896326396193
20,statement,actor_None_statement_02,transductive_center,pair_0070_happy,18,02,happy,-7.286149698335137
20,statement,actor_None_statement_02,transductive_center,pair_0070_sad,18,02,sad,-11.745900388047751
20,statement,actor_None_statement_02,transductive_center,pair_0071_happy,18,02,happy,75.54261260158364
20,statement,actor_None_statement_02,transductive_center,pair_0071_sad,18,02,sad,-4.2479776862648855
20,statement,actor_None_statement_02,transductive_center,pair_0074_happy,19,02,happy,-13.53562218326001
20,statement,actor_None_statement_02,transductive_center,pair_0074_sad,19,02,sad,-15.988321055442363
20,statement,actor_None_statement_02,transductive_center,pair_0075_happy,19,02,happy,-5.172571693258547
20,statement,actor_None_statement_02,transductive_center,pair_0075_sad,19,02,sad,-4.258807071844142
20,statement,actor_None_statement_02,transductive_center,pair_0078_happy,20,02,happy,-10.98288675576294
20,statement,actor_None_statement_02,transductive_center,pair_0078_sad,20,02,sad,41.195787222072894
20,statement,actor_None_statement_02,transductive_center,pair_0079_happy,20,02,happy,-8.96811281667759
20,statement,actor_None_statement_02,transductive_center,pair_0079_sad,20,02,sad,20.584147989653932
20,statement,actor_None_statement_02,transductive_center,pair_0082_happy,21,02,happy,5.860394008960949
20,statement,actor_None_statement_02,transductive_center,pair_0082_sad,21,02,sad,0.8519521429513581
20,statement,actor_None_statement_02,transductive_center,pair_0083_happy,21,02,happy,5.839079276778129
20,statement,actor_None_statement_02,transductive_center,pair_0083_sad,21,02,sad,4.759175711645764
20,statement,actor_None_statement_02,transductive_center,pair_0086_happy,22,02,happy,0.5238397591266342
20,statement,actor_None_statement_02,transductive_center,pair_0086_sad,22,02,sad,-4.1145315529559845
20,statement,actor_None_statement_02,transductive_center,pair_0087_happy,22,02,happy,-1.0105533520386913
20,statement,actor_None_statement_02,transductive_center,pair_0087_sad,22,02,sad,-12.236730013514467
20,statement,actor_None_statement_02,transductive_center,pair_0090_happy,23,02,happy,0.20846718244717977
20,statement,actor_None_statement_02,transductive_center,pair_0090_sad,23,02,sad,7.4894595510443125
20,statement,actor_None_statement_02,transductive_center,pair_0091_happy,23,02,happy,9.441894878611926
20,statement,actor_None_statement_02,transductive_center,pair_0091_sad,23,02,sad,17.210773401891814
20,statement,actor_None_statement_02,transductive_center,pair_0094_happy,24,02,happy,-1.30285257549858
20,statement,actor_None_statement_02,transductive_center,pair_0094_sad,24,02,sad,-0.23696390711992166
20,statement,actor_None_statement_02,transductive_center,pair_0095_happy,24,02,happy,-1.7542841811980274
20,statement,actor_None_statement_02,transductive_center,pair_0095_sad,24,02,sad,-3.556054644282863
20,joint,actor_01_statement_01,raw,pair_0000_happy,01,01,happy,40.827464035029706
20,joint,actor_01_statement_01,raw,pair_0000_sad,01,01,sad,48.39158800069278
20,joint,actor_01_statement_01,raw,pair_0001_happy,01,01,happy,43.21526537125978
20,joint,actor_01_statement_01,raw,pair_0001_sad,01,01,sad,52.60204331134089
20,joint,actor_01_statement_01,source_center_noop,pair_0000_happy,01,01,happy,40.827464035029706
20,joint,actor_01_statement_01,source_center_noop,pair_0000_sad,01,01,sad,48.39158800069278
20,joint,actor_01_statement_01,source_center_noop,pair_0001_happy,01,01,happy,43.21526537125978
20,joint,actor_01_statement_01,source_center_noop,pair_0001_sad,01,01,sad,52.60204331134089
20,joint,actor_01_statement_01,independent_center,pair_0000_happy,01,01,happy,-6.076695683253561
20,joint,actor_01_statement_01,independent_center,pair_0000_sad,01,01,sad,1.4874282824095104
20,joint,actor_01_statement_01,independent_center,pair_0001_happy,01,01,happy,-3.688894347023485
20,joint,actor_01_statement_01,independent_center,pair_0001_sad,01,01,sad,5.697883593057625
20,joint,actor_01_statement_01,independent_rank1,pair_0000_happy,01,01,happy,-8.194342432640745
20,joint,actor_01_statement_01,independent_rank1,pair_0000_sad,01,01,sad,2.800667389175061
20,joint,actor_01_statement_01,independent_rank1,pair_0001_happy,01,01,happy,-4.730356725538222
20,joint,actor_01_statement_01,independent_rank1,pair_0001_sad,01,01,sad,3.6036619073212925
20,joint,actor_01_statement_02,raw,pair_0002_happy,01,02,happy,-29.25298090883168
20,joint,actor_01_statement_02,raw,pair_0002_sad,01,02,sad,-29.577026972340327
20,joint,actor_01_statement_02,raw,pair_0003_happy,01,02,happy,-33.30307124453535
20,joint,actor_01_statement_02,raw,pair_0003_sad,01,02,sad,-27.156602490347744
20,joint,actor_01_statement_02,source_center_noop,pair_0002_happy,01,02,happy,-29.25298090883168
20,joint,actor_01_statement_02,source_center_noop,pair_0002_sad,01,02,sad,-29.577026972340327
20,joint,actor_01_statement_02,source_center_noop,pair_0003_happy,01,02,happy,-33.30307124453535
20,joint,actor_01_statement_02,source_center_noop,pair_0003_sad,01,02,sad,-27.156602490347744
20,joint,actor_01_statement_02,independent_center,pair_0002_happy,01,02,happy,-0.3337198535242685
20,joint,actor_01_statement_02,independent_center,pair_0002_sad,01,02,sad,-0.6577659170329149
20,joint,actor_01_statement_02,independent_center,pair_0003_happy,01,02,happy,-4.38381018922794
20,joint,actor_01_statement_02,independent_center,pair_0003_sad,01,02,sad,1.7626585649596684
20,joint,actor_01_statement_02,independent_rank1,pair_0002_happy,01,02,happy,3.0684219928348
20,joint,actor_01_statement_02,independent_rank1,pair_0002_sad,01,02,sad,-0.961394604451792
20,joint,actor_01_statement_02,independent_rank1,pair_0003_happy,01,02,happy,-1.317362326099607
20,joint,actor_01_statement_02,independent_rank1,pair_0003_sad,01,02,sad,1.0349781672836098
20,joint,actor_02_statement_01,raw,pair_0004_happy,02,01,happy,58.593035001400466
20,joint,actor_02_statement_01,raw,pair_0004_sad,02,01,sad,68.89709619150018
20,joint,actor_02_statement_01,raw,pair_0005_happy,02,01,happy,53.8338063835636
20,joint,actor_02_statement_01,raw,pair_0005_sad,02,01,sad,70.19117165956602
20,joint,actor_02_statement_01,source_center_noop,pair_0004_happy,02,01,happy,58.593035001400466
20,joint,actor_02_statement_01,source_center_noop,pair_0004_sad,02,01,sad,68.89709619150018
20,joint,actor_02_statement_01,source_center_noop,pair_0005_happy,02,01,happy,53.8338063835636
20,joint,actor_02_statement_01,source_center_noop,pair_0005_sad,02,01,sad,70.19117165956602
20,joint,actor_02_statement_01,independent_center,pair_0004_happy,02,01,happy,5.675063816869752
20,joint,actor_02_statement_01,independent_center,pair_0004_sad,02,01,sad,15.979125006969468
20,joint,actor_02_statement_01,independent_center,pair_0005_happy,02,01,happy,0.9158351990328839
20,joint,actor_02_statement_01,independent_center,pair_0005_sad,02,01,sad,17.27320047503531
20,joint,actor_02_statement_01,independent_rank1,pair_0004_happy,02,01,happy,4.888684431680636
20,joint,actor_02_statement_01,independent_rank1,pair_0004_sad,02,01,sad,13.754429450666024
20,joint,actor_02_statement_01,independent_rank1,pair_0005_happy,02,01,happy,1.2708154422106457
20,joint,actor_02_statement_01,independent_rank1,pair_0005_sad,02,01,sad,13.506329498620659
20,joint,actor_02_statement_02,raw,pair_0006_happy,02,02,happy,-22.594905263730208
20,joint,actor_02_statement_02,raw,pair_0006_sad,02,02,sad,-17.692769093486522
20,joint,actor_02_statement_02,raw,pair_0007_happy,02,02,happy,-21.843328427061344
20,joint,actor_02_statement_02,raw,pair_0007_sad,02,02,sad,-23.796139305626262
20,joint,actor_02_statement_02,source_center_noop,pair_0006_happy,02,02,happy,-22.594905263730208
20,joint,actor_02_statement_02,source_center_noop,pair_0006_sad,02,02,sad,-17.692769093486522
20,joint,actor_02_statement_02,source_center_noop,pair_0007_happy,02,02,happy,-21.843328427061344
20,joint,actor_02_statement_02,source_center_noop,pair_0007_sad,02,02,sad,-23.796139305626262
20,joint,actor_02_statement_02,independent_center,pair_0006_happy,02,02,happy,-6.8985167914211445
20,joint,actor_02_statement_02,independent_center,pair_0006_sad,02,02,sad,-1.9963806211774582
20,joint,actor_02_statement_02,independent_center,pair_0007_happy,02,02,happy,-6.1469399547522805
20,joint,actor_02_statement_02,independent_center,pair_0007_sad,02,02,sad,-8.099750833317199
20,joint,actor_02_statement_02,independent_rank1,pair_0006_happy,02,02,happy,-6.344638978727216
20,joint,actor_02_statement_02,independent_rank1,pair_0006_sad,02,02,sad,-3.876309930995248
20,joint,actor_02_statement_02,independent_rank1,pair_0007_happy,02,02,happy,-5.233836705348347
20,joint,actor_02_statement_02,independent_rank1,pair_0007_sad,02,02,sad,-7.294539473243603
20,joint,actor_03_statement_01,raw,pair_0008_happy,03,01,happy,40.95060553653422
20,joint,actor_03_statement_01,raw,pair_0008_sad,03,01,sad,47.03640359540427
20,joint,actor_03_statement_01,raw,pair_0009_happy,03,01,happy,44.80073302543539
20,joint,actor_03_statement_01,raw,pair_0009_sad,03,01,sad,49.45212646724649
20,joint,actor_03_statement_01,source_center_noop,pair_0008_happy,03,01,happy,40.95060553653422
20,joint,actor_03_statement_01,source_center_noop,pair_0008_sad,03,01,sad,47.03640359540427
20,joint,actor_03_statement_01,source_center_noop,pair_0009_happy,03,01,happy,44.80073302543539
20,joint,actor_03_statement_01,source_center_noop,pair_0009_sad,03,01,sad,49.45212646724649
20,joint,actor_03_statement_01,independent_center,pair_0008_happy,03,01,happy,-6.366271186209254
20,joint,actor_03_statement_01,independent_center,pair_0008_sad,03,01,sad,-0.2804731273391994
20,joint,actor_03_statement_01,independent_center,pair_0009_happy,03,01,happy,-2.516143697308081
20,joint,actor_03_statement_01,independent_center,pair_0009_sad,03,01,sad,2.135249744503014
20,joint,actor_03_statement_01,independent_rank1,pair_0008_happy,03,01,happy,-1.8254074267033538
20,joint,actor_03_statement_01,independent_rank1,pair_0008_sad,03,01,sad,0.3094452915793706
20,joint,actor_03_statement_01,independent_rank1,pair_0009_happy,03,01,happy,-4.003917796297026
20,joint,actor_03_statement_01,independent_rank1,pair_0009_sad,03,01,sad,-1.8872164126031326
20,joint,actor_03_statement_02,raw,pair_0010_happy,03,02,happy,-37.40630405296124
20,joint,actor_03_statement_02,raw,pair_0010_sad,03,02,sad,-46.32047663558511
20,joint,actor_03_statement_02,raw,pair_0011_happy,03,02,happy,-36.43802867518761
20,joint,actor_03_statement_02,raw,pair_0011_sad,03,02,sad,-46.610636057475254
20,joint,actor_03_statement_02,source_center_noop,pair_0010_happy,03,02,happy,-37.40630405296124
20,joint,actor_03_statement_02,source_center_noop,pair_0010_sad,03,02,sad,-46.32047663558511
20,joint,actor_03_statement_02,source_center_noop,pair_0011_happy,03,02,happy,-36.43802867518761
20,joint,actor_03_statement_02,source_center_noop,pair_0011_sad,03,02,sad,-46.610636057475254
20,joint,actor_03_statement_02,independent_center,pair_0010_happy,03,02,happy,4.323177189960283
20,joint,actor_03_statement_02,independent_center,pair_0010_sad,03,02,sad,-4.5909953926635865
20,joint,actor_03_statement_02,independent_center,pair_0011_happy,03,02,happy,5.291452567733913
20,joint,actor_03_statement_02,independent_center,pair_0011_sad,03,02,sad,-4.881154814553732
20,joint,actor_03_statement_02,independent_rank1,pair_0010_happy,03,02,happy,4.668811782524294
20,joint,actor_03_statement_02,independent_rank1,pair_0010_sad,03,02,sad,-3.853181000150407
20,joint,actor_03_statement_02,independent_rank1,pair_0011_happy,03,02,happy,7.131376172133194
20,joint,actor_03_statement_02,independent_rank1,pair_0011_sad,03,02,sad,-1.1807353419598456
20,joint,actor_04_statement_01,raw,pair_0012_happy,04,01,happy,47.4783213565978
20,joint,actor_04_statement_01,raw,pair_0012_sad,04,01,sad,50.06468512458996
20,joint,actor_04_statement_01,raw,pair_0013_happy,04,01,happy,46.08966491235391
20,joint,actor_04_statement_01,raw,pair_0013_sad,04,01,sad,42.94816973793496
20,joint,actor_04_statement_01,source_center_noop,pair_0012_happy,04,01,happy,47.4783213565978
20,joint,actor_04_statement_01,source_center_noop,pair_0012_sad,04,01,sad,50.06468512458996
20,joint,actor_04_statement_01,source_center_noop,pair_0013_happy,04,01,happy,46.08966491235391
20,joint,actor_04_statement_01,source_center_noop,pair_0013_sad,04,01,sad,42.94816973793496
20,joint,actor_04_statement_01,independent_center,pair_0012_happy,04,01,happy,6.7726916984471615
20,joint,actor_04_statement_01,independent_center,pair_0012_sad,04,01,sad,9.359055466439315
20,joint,actor_04_statement_01,independent_center,pair_0013_happy,04,01,happy,5.384035254203269
20,joint,actor_04_statement_01,independent_center,pair_0013_sad,04,01,sad,2.2425400797843196
20,joint,actor_04_statement_01,independent_rank1,pair_0012_happy,04,01,happy,4.892751230854823
20,joint,actor_04_statement_01,independent_rank1,pair_0012_sad,04,01,sad,8.387718319192516
20,joint,actor_04_statement_01,independent_rank1,pair_0013_happy,04,01,happy,5.397088195595172
20,joint,actor_04_statement_01,independent_rank1,pair_0013_sad,04,01,sad,2.9296278987494464
20,joint,actor_04_statement_02,raw,pair_0014_happy,04,02,happy,-27.336960619970764
20,joint,actor_04_statement_02,raw,pair_0014_sad,04,02,sad,-25.717850305006248
20,joint,actor_04_statement_02,raw,pair_0015_happy,04,02,happy,-23.0551544053113
20,joint,actor_04_statement_02,raw,pair_0015_sad,04,02,sad,-25.245515384729185
20,joint,actor_04_statement_02,source_center_noop,pair_0014_happy,04,02,happy,-27.336960619970764
20,joint,actor_04_statement_02,source_center_noop,pair_0014_sad,04,02,sad,-25.717850305006248
20,joint,actor_04_statement_02,source_center_noop,pair_0015_happy,04,02,happy,-23.0551544053113
20,joint,actor_04_statement_02,source_center_noop,pair_0015_sad,04,02,sad,-25.245515384729185
20,joint,actor_04_statement_02,independent_center,pair_0014_happy,04,02,happy,-4.2079775907983255
20,joint,actor_04_statement_02,independent_center,pair_0014_sad,04,02,sad,-2.5888672758338096
20,joint,actor_04_statement_02,independent_center,pair_0015_happy,04,02,happy,0.07382862386113942
20,joint,actor_04_statement_02,independent_center,pair_0015_sad,04,02,sad,-2.116532355556746
20,joint,actor_04_statement_02,independent_rank1,pair_0014_happy,04,02,happy,-1.7051837663929579
20,joint,actor_04_statement_02,independent_rank1,pair_0014_sad,04,02,sad,-0.5682528641819236
20,joint,actor_04_statement_02,independent_rank1,pair_0015_happy,04,02,happy,2.432439978508775
20,joint,actor_04_statement_02,independent_rank1,pair_0015_sad,04,02,sad,-3.891731450550486
20,joint,actor_05_statement_01,raw,pair_0016_happy,05,01,happy,44.79156806916074
20,joint,actor_05_statement_01,raw,pair_0016_sad,05,01,sad,15.781161582139253
20,joint,actor_05_statement_01,raw,pair_0017_happy,05,01,happy,42.7709444725761
20,joint,actor_05_statement_01,raw,pair_0017_sad,05,01,sad,33.677399186499976
20,joint,actor_05_statement_01,source_center_noop,pair_0016_happy,05,01,happy,44.79156806916074
20,joint,actor_05_statement_01,source_center_noop,pair_0016_sad,05,01,sad,15.781161582139253
20,joint,actor_05_statement_01,source_center_noop,pair_0017_happy,05,01,happy,42.7709444725761
20,joint,actor_05_statement_01,source_center_noop,pair_0017_sad,05,01,sad,33.677399186499976
20,joint,actor_05_statement_01,independent_center,pair_0016_happy,05,01,happy,0.7158558211042418
20,joint,actor_05_statement_01,independent_center,pair_0016_sad,05,01,sad,-28.294550665917242
20,joint,actor_05_statement_01,independent_center,pair_0017_happy,05,01,happy,-1.3047677754804
20,joint,actor_05_statement_01,independent_center,pair_0017_sad,05,01,sad,-10.398313061556522
20,joint,actor_05_statement_01,independent_rank1,pair_0016_happy,05,01,happy,0.08658153865490048
20,joint,actor_05_statement_01,independent_rank1,pair_0016_sad,05,01,sad,-20.363126632701174
20,joint,actor_05_statement_01,independent_rank1,pair_0017_happy,05,01,happy,0.0753527556356628
20,joint,actor_05_statement_01,independent_rank1,pair_0017_sad,05,01,sad,-9.530998577404036
20,joint,actor_05_statement_02,raw,pair_0018_happy,05,02,happy,-30.281965288686404
20,joint,actor_05_statement_02,raw,pair_0018_sad,05,02,sad,-30.817201438103385
20,joint,actor_05_statement_02,raw,pair_0019_happy,05,02,happy,-26.629726968920355
20,joint,actor_05_statement_02,raw,pair_0019_sad,05,02,sad,-32.72411883486734
20,joint,actor_05_statement_02,source_center_noop,pair_0018_happy,05,02,happy,-30.281965288686404
20,joint,actor_05_statement_02,source_center_noop,pair_0018_sad,05,02,sad,-30.817201438103385
20,joint,actor_05_statement_02,source_center_noop,pair_0019_happy,05,02,happy,-26.629726968920355
20,joint,actor_05_statement_02,source_center_noop,pair_0019_sad,05,02,sad,-32.72411883486734
20,joint,actor_05_statement_02,independent_center,pair_0018_happy,05,02,happy,-1.6391638990543846
20,joint,actor_05_statement_02,independent_center,pair_0018_sad,05,02,sad,-2.174400048471366
20,joint,actor_05_statement_02,independent_center,pair_0019_happy,05,02,happy,2.013074420711664
20,joint,actor_05_statement_02,independent_center,pair_0019_sad,05,02,sad,-4.081317445235321
20,joint,actor_05_statement_02,independent_rank1,pair_0018_happy,05,02,happy,0.3850074227422624
20,joint,actor_05_statement_02,independent_rank1,pair_0018_sad,05,02,sad,-0.05967167232584192
20,joint,actor_05_statement_02,independent_rank1,pair_0019_happy,05,02,happy,-1.4292299670460604
20,joint,actor_05_statement_02,independent_rank1,pair_0019_sad,05,02,sad,-2.691594462302504
20,joint,actor_06_statement_01,raw,pair_0020_happy,06,01,happy,59.3346165070495
20,joint,actor_06_statement_01,raw,pair_0020_sad,06,01,sad,48.28956210411714
20,joint,actor_06_statement_01,raw,pair_0021_happy,06,01,happy,58.576381998738285
20,joint,actor_06_statement_01,raw,pair_0021_sad,06,01,sad,51.1350099856424
20,joint,actor_06_statement_01,source_center_noop,pair_0020_happy,06,01,happy,59.3346165070495
20,joint,actor_06_statement_01,source_center_noop,pair_0020_sad,06,01,sad,48.28956210411714
20,joint,actor_06_statement_01,source_center_noop,pair_0021_happy,06,01,happy,58.576381998738285
20,joint,actor_06_statement_01,source_center_noop,pair_0021_sad,06,01,sad,51.1350099856424
20,joint,actor_06_statement_01,independent_center,pair_0020_happy,06,01,happy,8.111424568353009
20,joint,actor_06_statement_01,independent_center,pair_0020_sad,06,01,sad,-2.9336298345793566
20,joint,actor_06_statement_01,independent_center,pair_0021_happy,06,01,happy,7.35319006004179
20,joint,actor_06_statement_01,independent_center,pair_0021_sad,06,01,sad,-0.0881819530540966
20,joint,actor_06_statement_01,independent_rank1,pair_0020_happy,06,01,happy,6.6047489915877
20,joint,actor_06_statement_01,independent_rank1,pair_0020_sad,06,01,sad,-3.7807976446246965
20,joint,actor_06_statement_01,independent_rank1,pair_0021_happy,06,01,happy,3.5369439659225943
20,joint,actor_06_statement_01,independent_rank1,pair_0021_sad,06,01,sad,-1.1505318749275215
20,joint,actor_06_statement_02,raw,pair_0022_happy,06,02,happy,-31.41174513572834
20,joint,actor_06_statement_02,raw,pair_0022_sad,06,02,sad,-40.71267519762604
20,joint,actor_06_statement_02,raw,pair_0023_happy,06,02,happy,-36.729986588263245
20,joint,actor_06_statement_02,raw,pair_0023_sad,06,02,sad,-42.124839214284194
20,joint,actor_06_statement_02,source_center_noop,pair_0022_happy,06,02,happy,-31.41174513572834
20,joint,actor_06_statement_02,source_center_noop,pair_0022_sad,06,02,sad,-40.71267519762604
20,joint,actor_06_statement_02,source_center_noop,pair_0023_happy,06,02,happy,-36.729986588263245
20,joint,actor_06_statement_02,source_center_noop,pair_0023_sad,06,02,sad,-42.124839214284194
20,joint,actor_06_statement_02,independent_center,pair_0022_happy,06,02,happy,4.549852507609671
20,joint,actor_06_statement_02,independent_center,pair_0022_sad,06,02,sad,-4.751077554288031
20,joint,actor_06_statement_02,independent_center,pair_0023_happy,06,02,happy,-0.7683889449252348
20,joint,actor_06_statement_02,independent_center,pair_0023_sad,06,02,sad,-6.163241570946184
20,joint,actor_06_statement_02,independent_rank1,pair_0022_happy,06,02,happy,4.887195940881281
20,joint,actor_06_statement_02,independent_rank1,pair_0022_sad,06,02,sad,-1.099744754178639
20,joint,actor_06_statement_02,independent_rank1,pair_0023_happy,06,02,happy,1.503370708382615
20,joint,actor_06_statement_02,independent_rank1,pair_0023_sad,06,02,sad,-2.9024324134918373
20,joint,actor_07_statement_01,raw,pair_0024_happy,07,01,happy,15.868700955691956
20,joint,actor_07_statement_01,raw,pair_0024_sad,07,01,sad,37.29194875715497
20,joint,actor_07_statement_01,raw,pair_0025_happy,07,01,happy,45.96567106071021
20,joint,actor_07_statement_01,raw,pair_0025_sad,07,01,sad,46.27771224073155
20,joint,actor_07_statement_01,source_center_noop,pair_0024_happy,07,01,happy,15.868700955691956
20,joint,actor_07_statement_01,source_center_noop,pair_0024_sad,07,01,sad,37.29194875715497
20,joint,actor_07_statement_01,source_center_noop,pair_0025_happy,07,01,happy,45.96567106071021
20,joint,actor_07_statement_01,source_center_noop,pair_0025_sad,07,01,sad,46.27771224073155
20,joint,actor_07_statement_01,independent_center,pair_0024_happy,07,01,happy,-27.344023783015622
20,joint,actor_07_statement_01,independent_center,pair_0024_sad,07,01,sad,-5.920775981552609
20,joint,actor_07_statement_01,independent_center,pair_0025_happy,07,01,happy,2.7529463220026287
20,joint,actor_07_statement_01,independent_center,pair_0025_sad,07,01,sad,3.0649875020239747
20,joint,actor_07_statement_01,independent_rank1,pair_0024_happy,07,01,happy,-20.150246645492373
20,joint,actor_07_statement_01,independent_rank1,pair_0024_sad,07,01,sad,-6.652115596204829
20,joint,actor_07_statement_01,independent_rank1,pair_0025_happy,07,01,happy,1.3088709134378709
20,joint,actor_07_statement_01,independent_rank1,pair_0025_sad,07,01,sad,1.4826797788507848
20,joint,actor_07_statement_02,raw,pair_0026_happy,07,02,happy,-24.834591029687473
20,joint,actor_07_statement_02,raw,pair_0026_sad,07,02,sad,-33.269365925284404
20,joint,actor_07_statement_02,raw,pair_0027_happy,07,02,happy,-24.834591029687473
20,joint,actor_07_statement_02,raw,pair_0027_sad,07,02,sad,-26.91812651838863
20,joint,actor_07_statement_02,source_center_noop,pair_0026_happy,07,02,happy,-24.834591029687473
20,joint,actor_07_statement_02,source_center_noop,pair_0026_sad,07,02,sad,-33.269365925284404
20,joint,actor_07_statement_02,source_center_noop,pair_0027_happy,07,02,happy,-24.834591029687473
20,joint,actor_07_statement_02,source_center_noop,pair_0027_sad,07,02,sad,-26.91812651838863
20,joint,actor_07_statement_02,independent_center,pair_0026_happy,07,02,happy,3.494471516380571
20,joint,actor_07_statement_02,independent_center,pair_0026_sad,07,02,sad,-4.94030337921636
20,joint,actor_07_statement_02,independent_center,pair_0027_happy,07,02,happy,3.494471516380571
20,joint,actor_07_statement_02,independent_center,pair_0027_sad,07,02,sad,1.4109360276794156
20,joint,actor_07_statement_02,independent_rank1,pair_0026_happy,07,02,happy,4.2051566503153
20,joint,actor_07_statement_02,independent_rank1,pair_0026_sad,07,02,sad,-2.8849021129564125
20,joint,actor_07_statement_02,independent_rank1,pair_0027_happy,07,02,happy,4.2051566503153
20,joint,actor_07_statement_02,independent_rank1,pair_0027_sad,07,02,sad,-0.03259826114867348
20,joint,actor_08_statement_01,raw,pair_0028_happy,08,01,happy,57.25268914809894
20,joint,actor_08_statement_01,raw,pair_0028_sad,08,01,sad,32.57528135620591
20,joint,actor_08_statement_01,raw,pair_0029_happy,08,01,happy,57.12673196709859
20,joint,actor_08_statement_01,raw,pair_0029_sad,08,01,sad,40.21386085771799
20,joint,actor_08_statement_01,source_center_noop,pair_0028_happy,08,01,happy,57.25268914809894
20,joint,actor_08_statement_01,source_center_noop,pair_0028_sad,08,01,sad,32.57528135620591
20,joint,actor_08_statement_01,source_center_noop,pair_0029_happy,08,01,happy,57.12673196709859
20,joint,actor_08_statement_01,source_center_noop,pair_0029_sad,08,01,sad,40.21386085771799
20,joint,actor_08_statement_01,independent_center,pair_0028_happy,08,01,happy,7.258908697089069
20,joint,actor_08_statement_01,independent_center,pair_0028_sad,08,01,sad,-17.418499094803956
20,joint,actor_08_statement_01,independent_center,pair_0029_happy,08,01,happy,7.132951516088724
20,joint,actor_08_statement_01,independent_center,pair_0029_sad,08,01,sad,-9.77991959329188
20,joint,actor_08_statement_01,independent_rank1,pair_0028_happy,08,01,happy,9.676298024538184
20,joint,actor_08_statement_01,independent_rank1,pair_0028_sad,08,01,sad,-14.456801026553606
20,joint,actor_08_statement_01,independent_rank1,pair_0029_happy,08,01,happy,5.49715169750475
20,joint,actor_08_statement_01,independent_rank1,pair_0029_sad,08,01,sad,-1.658929954896717
20,joint,actor_08_statement_02,raw,pair_0030_happy,08,02,happy,-19.158856916040328
20,joint,actor_08_statement_02,raw,pair_0030_sad,08,02,sad,-19.536832153986445
20,joint,actor_08_statement_02,raw,pair_0031_happy,08,02,happy,-15.457626054695655
20,joint,actor_08_statement_02,raw,pair_0031_sad,08,02,sad,-8.01160414263397
20,joint,actor_08_statement_02,source_center_noop,pair_0030_happy,08,02,happy,-19.158856916040328
20,joint,actor_08_statement_02,source_center_noop,pair_0030_sad,08,02,sad,-19.536832153986445
20,joint,actor_08_statement_02,source_center_noop,pair_0031_happy,08,02,happy,-15.457626054695655
20,joint,actor_08_statement_02,source_center_noop,pair_0031_sad,08,02,sad,-8.01160414263397
20,joint,actor_08_statement_02,independent_center,pair_0030_happy,08,02,happy,-0.2038090792727374
20,joint,actor_08_statement_02,independent_center,pair_0030_sad,08,02,sad,-0.5817843172188546
20,joint,actor_08_statement_02,independent_center,pair_0031_happy,08,02,happy,3.4974217820719353
20,joint,actor_08_statement_02,independent_center,pair_0031_sad,08,02,sad,10.94344369413362
20,joint,actor_08_statement_02,independent_rank1,pair_0030_happy,08,02,happy,-2.111759956746587
20,joint,actor_08_statement_02,independent_rank1,pair_0030_sad,08,02,sad,-5.811003530535356
20,joint,actor_08_statement_02,independent_rank1,pair_0031_happy,08,02,happy,1.3198496084179503
20,joint,actor_08_statement_02,independent_rank1,pair_0031_sad,08,02,sad,2.6392683047957846
20,joint,actor_09_statement_01,raw,pair_0032_happy,09,01,happy,40.06116801870921
20,joint,actor_09_statement_01,raw,pair_0032_sad,09,01,sad,51.52625760781724
20,joint,actor_09_statement_01,raw,pair_0033_happy,09,01,happy,24.534710629530714
20,joint,actor_09_statement_01,raw,pair_0033_sad,09,01,sad,49.33790607962332
20,joint,actor_09_statement_01,source_center_noop,pair_0032_happy,09,01,happy,40.06116801870921
20,joint,actor_09_statement_01,source_center_noop,pair_0032_sad,09,01,sad,51.52625760781724
20,joint,actor_09_statement_01,source_center_noop,pair_0033_happy,09,01,happy,24.534710629530714
20,joint,actor_09_statement_01,source_center_noop,pair_0033_sad,09,01,sad,49.33790607962332
20,joint,actor_09_statement_01,independent_center,pair_0032_happy,09,01,happy,-8.805989473184063
20,joint,actor_09_statement_01,independent_center,pair_0032_sad,09,01,sad,2.6591001159239696
20,joint,actor_09_statement_01,independent_center,pair_0033_happy,09,01,happy,-24.33244686236256
20,joint,actor_09_statement_01,independent_center,pair_0033_sad,09,01,sad,0.4707485877300499
20,joint,actor_09_statement_01,independent_rank1,pair_0032_happy,09,01,happy,-11.592663584634284
20,joint,actor_09_statement_01,independent_rank1,pair_0032_sad,09,01,sad,2.3426433212115727
20,joint,actor_09_statement_01,independent_rank1,pair_0033_happy,09,01,happy,-25.422156932339988
20,joint,actor_09_statement_01,independent_rank1,pair_0033_sad,09,01,sad,0.07905590572729349
20,joint,actor_09_statement_02,raw,pair_0034_happy,09,02,happy,-19.089641789442247
20,joint,actor_09_statement_02,raw,pair_0034_sad,09,02,sad,-27.743083481195697
20,joint,actor_09_statement_02,raw,pair_0035_happy,09,02,happy,-24.666179784025346
20,joint,actor_09_statement_02,raw,pair_0035_sad,09,02,sad,-19.77896365976678
20,joint,actor_09_statement_02,source_center_noop,pair_0034_happy,09,02,happy,-19.089641789442247
20,joint,actor_09_statement_02,source_center_noop,pair_0034_sad,09,02,sad,-27.743083481195697
20,joint,actor_09_statement_02,source_center_noop,pair_0035_happy,09,02,happy,-24.666179784025346
20,joint,actor_09_statement_02,source_center_noop,pair_0035_sad,09,02,sad,-19.77896365976678
20,joint,actor_09_statement_02,independent_center,pair_0034_happy,09,02,happy,-3.04877835924297
20,joint,actor_09_statement_02,independent_center,pair_0034_sad,09,02,sad,-11.70222005099642
20,joint,actor_09_statement_02,independent_center,pair_0035_happy,09,02,happy,-8.625316353826069
20,joint,actor_09_statement_02,independent_center,pair_0035_sad,09,02,sad,-3.738100229567504
20,joint,actor_09_statement_02,independent_rank1,pair_0034_happy,09,02,happy,-1.9896238825763013
20,joint,actor_09_statement_02,independent_rank1,pair_0034_sad,09,02,sad,-8.877297746817156
20,joint,actor_09_statement_02,independent_rank1,pair_0035_happy,09,02,happy,-6.390573804949987
20,joint,actor_09_statement_02,independent_rank1,pair_0035_sad,09,02,sad,-4.3436336382437215
20,joint,actor_10_statement_01,raw,pair_0036_happy,10,01,happy,56.6756615394499
20,joint,actor_10_statement_01,raw,pair_0036_sad,10,01,sad,51.63306308399788
20,joint,actor_10_statement_01,raw,pair_0037_happy,10,01,happy,52.537173678130884
20,joint,actor_10_statement_01,raw,pair_0037_sad,10,01,sad,45.73114316459228
20,joint,actor_10_statement_01,source_center_noop,pair_0036_happy,10,01,happy,56.6756615394499
20,joint,actor_10_statement_01,source_center_noop,pair_0036_sad,10,01,sad,51.63306308399788
20,joint,actor_10_statement_01,source_center_noop,pair_0037_happy,10,01,happy,52.537173678130884
20,joint,actor_10_statement_01,source_center_noop,pair_0037_sad,10,01,sad,45.73114316459228
20,joint,actor_10_statement_01,independent_center,pair_0036_happy,10,01,happy,8.61467742323316
20,joint,actor_10_statement_01,independent_center,pair_0036_sad,10,01,sad,3.5720789677811453
20,joint,actor_10_statement_01,independent_center,pair_0037_happy,10,01,happy,4.476189561914147
20,joint,actor_10_statement_01,independent_center,pair_0037_sad,10,01,sad,-2.3298409516244547
20,joint,actor_10_statement_01,independent_rank1,pair_0036_happy,10,01,happy,7.021208547805547
20,joint,actor_10_statement_01,independent_rank1,pair_0036_sad,10,01,sad,1.9352299243275581
20,joint,actor_10_statement_01,independent_rank1,pair_0037_happy,10,01,happy,2.2903247596381675
20,joint,actor_10_statement_01,independent_rank1,pair_0037_sad,10,01,sad,-2.0649415120159453
20,joint,actor_10_statement_02,raw,pair_0038_happy,10,02,happy,-39.17675262369814
20,joint,actor_10_statement_02,raw,pair_0038_sad,10,02,sad,-6.575149267961412
20,joint,actor_10_statement_02,raw,pair_0039_happy,10,02,happy,-24.2108948994244
20,joint,actor_10_statement_02,raw,pair_0039_sad,10,02,sad,-35.904370719265366
20,joint,actor_10_statement_02,source_center_noop,pair_0038_happy,10,02,happy,-39.17675262369814
20,joint,actor_10_statement_02,source_center_noop,pair_0038_sad,10,02,sad,-6.575149267961412
20,joint,actor_10_statement_02,source_center_noop,pair_0039_happy,10,02,happy,-24.2108948994244
20,joint,actor_10_statement_02,source_center_noop,pair_0039_sad,10,02,sad,-35.904370719265366
20,joint,actor_10_statement_02,independent_center,pair_0038_happy,10,02,happy,-9.688290411719159
20,joint,actor_10_statement_02,independent_center,pair_0038_sad,10,02,sad,22.913312944017573
20,joint,actor_10_statement_02,independent_center,pair_0039_happy,10,02,happy,5.277567312554584
20,joint,actor_10_statement_02,independent_center,pair_0039_sad,10,02,sad,-6.415908507286382
20,joint,actor_10_statement_02,independent_rank1,pair_0038_happy,10,02,happy,-7.813974155281339
20,joint,actor_10_statement_02,independent_rank1,pair_0038_sad,10,02,sad,11.970229617676127
20,joint,actor_10_statement_02,independent_rank1,pair_0039_happy,10,02,happy,4.859684717660704
20,joint,actor_10_statement_02,independent_rank1,pair_0039_sad,10,02,sad,-7.408214316125888
20,joint,actor_11_statement_01,raw,pair_0040_happy,11,01,happy,46.751059061460175
20,joint,actor_11_statement_01,raw,pair_0040_sad,11,01,sad,55.889297464657275
20,joint,actor_11_statement_01,raw,pair_0041_happy,11,01,happy,55.0006418759557
20,joint,actor_11_statement_01,raw,pair_0041_sad,11,01,sad,62.14422887234671
20,joint,actor_11_statement_01,source_center_noop,pair_0040_happy,11,01,happy,46.751059061460175
20,joint,actor_11_statement_01,source_center_noop,pair_0040_sad,11,01,sad,55.889297464657275
20,joint,actor_11_statement_01,source_center_noop,pair_0041_happy,11,01,happy,55.0006418759557
20,joint,actor_11_statement_01,source_center_noop,pair_0041_sad,11,01,sad,62.14422887234671
20,joint,actor_11_statement_01,independent_center,pair_0040_happy,11,01,happy,-11.136037874793281
20,joint,actor_11_statement_01,independent_center,pair_0040_sad,11,01,sad,-1.9977994715961813
20,joint,actor_11_statement_01,independent_center,pair_0041_happy,11,01,happy,-2.886455060297756
20,joint,actor_11_statement_01,independent_center,pair_0041_sad,11,01,sad,4.257131936093252
20,joint,actor_11_statement_01,independent_rank1,pair_0040_happy,11,01,happy,-7.924776146244865
20,joint,actor_11_statement_01,independent_rank1,pair_0040_sad,11,01,sad,-3.5265656319099854
20,joint,actor_11_statement_01,independent_rank1,pair_0041_happy,11,01,happy,-4.354603040780086
20,joint,actor_11_statement_01,independent_rank1,pair_0041_sad,11,01,sad,8.005611095042973
20,joint,actor_11_statement_02,raw,pair_0042_happy,11,02,happy,-12.948335491005995
20,joint,actor_11_statement_02,raw,pair_0042_sad,11,02,sad,-11.452312952209775
20,joint,actor_11_statement_02,raw,pair_0043_happy,11,02,happy,-13.531274734583567
20,joint,actor_11_statement_02,raw,pair_0043_sad,11,02,sad,-7.640528392734575
20,joint,actor_11_statement_02,source_center_noop,pair_0042_happy,11,02,happy,-12.948335491005995
20,joint,actor_11_statement_02,source_center_noop,pair_0042_sad,11,02,sad,-11.452312952209775
20,joint,actor_11_statement_02,source_center_noop,pair_0043_happy,11,02,happy,-13.531274734583567
20,joint,actor_11_statement_02,source_center_noop,pair_0043_sad,11,02,sad,-7.640528392734575
20,joint,actor_11_statement_02,independent_center,pair_0042_happy,11,02,happy,-0.07407707119464746
20,joint,actor_11_statement_02,independent_center,pair_0042_sad,11,02,sad,1.4219454676015726
20,joint,actor_11_statement_02,independent_center,pair_0043_happy,11,02,happy,-0.6570163147722194
20,joint,actor_11_statement_02,independent_center,pair_0043_sad,11,02,sad,5.233730027076772
20,joint,actor_11_statement_02,independent_rank1,pair_0042_happy,11,02,happy,0.08959244817916501
20,joint,actor_11_statement_02,independent_rank1,pair_0042_sad,11,02,sad,1.4994570699494134
20,joint,actor_11_statement_02,independent_rank1,pair_0043_happy,11,02,happy,-0.07312344494225576
20,joint,actor_11_statement_02,independent_rank1,pair_0043_sad,11,02,sad,5.164433189949044
20,joint,actor_12_statement_01,raw,pair_0044_happy,12,01,happy,66.7642335141159
20,joint,actor_12_statement_01,raw,pair_0044_sad,12,01,sad,67.98454209139496
20,joint,actor_12_statement_01,raw,pair_0045_happy,12,01,happy,68.55062749995206
20,joint,actor_12_statement_01,raw,pair_0045_sad,12,01,sad,64.45715130021831
20,joint,actor_12_statement_01,source_center_noop,pair_0044_happy,12,01,happy,66.7642335141159
20,joint,actor_12_statement_01,source_center_noop,pair_0044_sad,12,01,sad,67.98454209139496
20,joint,actor_12_statement_01,source_center_noop,pair_0045_happy,12,01,happy,68.55062749995206
20,joint,actor_12_statement_01,source_center_noop,pair_0045_sad,12,01,sad,64.45715130021831
20,joint,actor_12_statement_01,independent_center,pair_0044_happy,12,01,happy,1.9551346066413515
20,joint,actor_12_statement_01,independent_center,pair_0044_sad,12,01,sad,3.1754431839204074
20,joint,actor_12_statement_01,independent_center,pair_0045_happy,12,01,happy,3.7415285924775077
20,joint,actor_12_statement_01,independent_center,pair_0045_sad,12,01,sad,-0.35194760725623553
20,joint,actor_12_statement_01,independent_rank1,pair_0044_happy,12,01,happy,0.21798781100588194
20,joint,actor_12_statement_01,independent_rank1,pair_0044_sad,12,01,sad,0.6176236382838507
20,joint,actor_12_statement_01,independent_rank1,pair_0045_happy,12,01,happy,4.129478441807628
20,joint,actor_12_statement_01,independent_rank1,pair_0045_sad,12,01,sad,-0.4271529807457828
20,joint,actor_12_statement_02,raw,pair_0046_happy,12,02,happy,-27.57195006104781
20,joint,actor_12_statement_02,raw,pair_0046_sad,12,02,sad,-21.807383679860912
20,joint,actor_12_statement_02,raw,pair_0047_happy,12,02,happy,-24.328820358381652
20,joint,actor_12_statement_02,raw,pair_0047_sad,12,02,sad,-29.08500196586931
20,joint,actor_12_statement_02,source_center_noop,pair_0046_happy,12,02,happy,-27.57195006104781
20,joint,actor_12_statement_02,source_center_noop,pair_0046_sad,12,02,sad,-21.807383679860912
20,joint,actor_12_statement_02,source_center_noop,pair_0047_happy,12,02,happy,-24.328820358381652
20,joint,actor_12_statement_02,source_center_noop,pair_0047_sad,12,02,sad,-29.08500196586931
20,joint,actor_12_statement_02,independent_center,pair_0046_happy,12,02,happy,-5.134173328061657
20,joint,actor_12_statement_02,independent_center,pair_0046_sad,12,02,sad,0.6303930531252426
20,joint,actor_12_statement_02,independent_center,pair_0047_happy,12,02,happy,-1.891043625395497
20,joint,actor_12_statement_02,independent_center,pair_0047_sad,12,02,sad,-6.647225232883155
20,joint,actor_12_statement_02,independent_rank1,pair_0046_happy,12,02,happy,-4.705939413284223
20,joint,actor_12_statement_02,independent_rank1,pair_0046_sad,12,02,sad,-2.719556847269712
20,joint,actor_12_statement_02,independent_rank1,pair_0047_happy,12,02,happy,-1.1732089081117665
20,joint,actor_12_statement_02,independent_rank1,pair_0047_sad,12,02,sad,-8.706950056498584
20,joint,actor_13_statement_01,raw,pair_0048_happy,13,01,happy,53.62422077025418
20,joint,actor_13_statement_01,raw,pair_0048_sad,13,01,sad,48.97527617886557
20,joint,actor_13_statement_01,raw,pair_0049_happy,13,01,happy,61.92855522331715
20,joint,actor_13_statement_01,raw,pair_0049_sad,13,01,sad,43.91829025230845
20,joint,actor_13_statement_01,source_center_noop,pair_0048_happy,13,01,happy,53.62422077025418
20,joint,actor_13_statement_01,source_center_noop,pair_0048_sad,13,01,sad,48.97527617886557
20,joint,actor_13_statement_01,source_center_noop,pair_0049_happy,13,01,happy,61.92855522331715
20,joint,actor_13_statement_01,source_center_noop,pair_0049_sad,13,01,sad,43.91829025230845
20,joint,actor_13_statement_01,independent_center,pair_0048_happy,13,01,happy,0.5518515209875332
20,joint,actor_13_statement_01,independent_center,pair_0048_sad,13,01,sad,-4.09709307040108
20,joint,actor_13_statement_01,independent_center,pair_0049_happy,13,01,happy,8.856185974050497
20,joint,actor_13_statement_01,independent_center,pair_0049_sad,13,01,sad,-9.154078996958198
20,joint,actor_13_statement_01,independent_rank1,pair_0048_happy,13,01,happy,2.907988549312357
20,joint,actor_13_statement_01,independent_rank1,pair_0048_sad,13,01,sad,-4.945595264092576
20,joint,actor_13_statement_01,independent_rank1,pair_0049_happy,13,01,happy,7.096698535466286
20,joint,actor_13_statement_01,independent_rank1,pair_0049_sad,13,01,sad,-9.906602209631403
20,joint,actor_13_statement_02,raw,pair_0050_happy,13,02,happy,-29.160888227622717
20,joint,actor_13_statement_02,raw,pair_0050_sad,13,02,sad,-40.565396692116416
20,joint,actor_13_statement_02,raw,pair_0051_happy,13,02,happy,-53.743576852973696
20,joint,actor_13_statement_02,raw,pair_0051_sad,13,02,sad,-52.039257848625276
20,joint,actor_13_statement_02,source_center_noop,pair_0050_happy,13,02,happy,-29.160888227622717
20,joint,actor_13_statement_02,source_center_noop,pair_0050_sad,13,02,sad,-40.565396692116416
20,joint,actor_13_statement_02,source_center_noop,pair_0051_happy,13,02,happy,-53.743576852973696
20,joint,actor_13_statement_02,source_center_noop,pair_0051_sad,13,02,sad,-52.039257848625276
20,joint,actor_13_statement_02,independent_center,pair_0050_happy,13,02,happy,15.790845546951946
20,joint,actor_13_statement_02,independent_center,pair_0050_sad,13,02,sad,4.3863370824582475
20,joint,actor_13_statement_02,independent_center,pair_0051_happy,13,02,happy,-8.791843078399033
20,joint,actor_13_statement_02,independent_center,pair_0051_sad,13,02,sad,-7.087524074050613
20,joint,actor_13_statement_02,independent_rank1,pair_0050_happy,13,02,happy,8.416637500921032
20,joint,actor_13_statement_02,independent_rank1,pair_0050_sad,13,02,sad,5.202918661353921
20,joint,actor_13_statement_02,independent_rank1,pair_0051_happy,13,02,happy,-2.7729225792989247
20,joint,actor_13_statement_02,independent_rank1,pair_0051_sad,13,02,sad,-1.5669908305637696
20,joint,actor_14_statement_01,raw,pair_0052_happy,14,01,happy,53.988810278480614
20,joint,actor_14_statement_01,raw,pair_0052_sad,14,01,sad,43.93056083621056
20,joint,actor_14_statement_01,raw,pair_0053_happy,14,01,happy,53.95504807129217
20,joint,actor_14_statement_01,raw,pair_0053_sad,14,01,sad,52.99925978040401
20,joint,actor_14_statement_01,source_center_noop,pair_0052_happy,14,01,happy,53.988810278480614
20,joint,actor_14_statement_01,source_center_noop,pair_0052_sad,14,01,sad,43.93056083621056
20,joint,actor_14_statement_01,source_center_noop,pair_0053_happy,14,01,happy,53.95504807129217
20,joint,actor_14_statement_01,source_center_noop,pair_0053_sad,14,01,sad,52.99925978040401
20,joint,actor_14_statement_01,independent_center,pair_0052_happy,14,01,happy,6.447721324560192
20,joint,actor_14_statement_01,independent_center,pair_0052_sad,14,01,sad,-3.610528117709862
20,joint,actor_14_statement_01,independent_center,pair_0053_happy,14,01,happy,6.413959117371746
20,joint,actor_14_statement_01,independent_center,pair_0053_sad,14,01,sad,5.458170826483588
20,joint,actor_14_statement_01,independent_rank1,pair_0052_happy,14,01,happy,7.213792109447616
20,joint,actor_14_statement_01,independent_rank1,pair_0052_sad,14,01,sad,-3.2855434046162166
20,joint,actor_14_statement_01,independent_rank1,pair_0053_happy,14,01,happy,6.667511294137988
20,joint,actor_14_statement_01,independent_rank1,pair_0053_sad,14,01,sad,4.4064898441574805
20,joint,actor_14_statement_02,raw,pair_0054_happy,14,02,happy,-16.293515369077802
20,joint,actor_14_statement_02,raw,pair_0054_sad,14,02,sad,-27.16287786021782
20,joint,actor_14_statement_02,raw,pair_0055_happy,14,02,happy,-23.721917858870313
20,joint,actor_14_statement_02,raw,pair_0055_sad,14,02,sad,-26.35833969137324
20,joint,actor_14_statement_02,source_center_noop,pair_0054_happy,14,02,happy,-16.293515369077802
20,joint,actor_14_statement_02,source_center_noop,pair_0054_sad,14,02,sad,-27.16287786021782
20,joint,actor_14_statement_02,source_center_noop,pair_0055_happy,14,02,happy,-23.721917858870313
20,joint,actor_14_statement_02,source_center_noop,pair_0055_sad,14,02,sad,-26.35833969137324
20,joint,actor_14_statement_02,independent_center,pair_0054_happy,14,02,happy,3.285278425562847
20,joint,actor_14_statement_02,independent_center,pair_0054_sad,14,02,sad,-7.584084065577169
20,joint,actor_14_statement_02,independent_center,pair_0055_happy,14,02,happy,-4.143124064229664
20,joint,actor_14_statement_02,independent_center,pair_0055_sad,14,02,sad,-6.779545896732589
20,joint,actor_14_statement_02,independent_rank1,pair_0054_happy,14,02,happy,2.2344293328994427
20,joint,actor_14_statement_02,independent_rank1,pair_0054_sad,14,02,sad,-6.985660384353484
20,joint,actor_14_statement_02,independent_rank1,pair_0055_happy,14,02,happy,-2.743619833872507
20,joint,actor_14_statement_02,independent_rank1,pair_0055_sad,14,02,sad,-7.514434024791032
20,joint,actor_15_statement_01,raw,pair_0056_happy,15,01,happy,49.57600414771982
20,joint,actor_15_statement_01,raw,pair_0056_sad,15,01,sad,29.947701587039646
20,joint,actor_15_statement_01,raw,pair_0057_happy,15,01,happy,47.45489075804443
20,joint,actor_15_statement_01,raw,pair_0057_sad,15,01,sad,40.57770158594042
20,joint,actor_15_statement_01,source_center_noop,pair_0056_happy,15,01,happy,49.57600414771982
20,joint,actor_15_statement_01,source_center_noop,pair_0056_sad,15,01,sad,29.947701587039646
20,joint,actor_15_statement_01,source_center_noop,pair_0057_happy,15,01,happy,47.45489075804443
20,joint,actor_15_statement_01,source_center_noop,pair_0057_sad,15,01,sad,40.57770158594042
20,joint,actor_15_statement_01,independent_center,pair_0056_happy,15,01,happy,3.16249835655006
20,joint,actor_15_statement_01,independent_center,pair_0056_sad,15,01,sad,-16.465804204130116
20,joint,actor_15_statement_01,independent_center,pair_0057_happy,15,01,happy,1.0413849668746664
20,joint,actor_15_statement_01,independent_center,pair_0057_sad,15,01,sad,-5.835804205229344
20,joint,actor_15_statement_01,independent_rank1,pair_0056_happy,15,01,happy,6.404170017303333
20,joint,actor_15_statement_01,independent_rank1,pair_0056_sad,15,01,sad,-4.937927930263283
20,joint,actor_15_statement_01,independent_rank1,pair_0057_happy,15,01,happy,2.386594600442197
20,joint,actor_15_statement_01,independent_rank1,pair_0057_sad,15,01,sad,-2.7667001519237013
20,joint,actor_15_statement_02,raw,pair_0058_happy,15,02,happy,-20.838155994959642
20,joint,actor_15_statement_02,raw,pair_0058_sad,15,02,sad,-9.719152574246705
20,joint,actor_15_statement_02,raw,pair_0059_happy,15,02,happy,-16.490105872682793
20,joint,actor_15_statement_02,raw,pair_0059_sad,15,02,sad,-23.27316574362813
20,joint,actor_15_statement_02,source_center_noop,pair_0058_happy,15,02,happy,-20.838155994959642
20,joint,actor_15_statement_02,source_center_noop,pair_0058_sad,15,02,sad,-9.719152574246705
20,joint,actor_15_statement_02,source_center_noop,pair_0059_happy,15,02,happy,-16.490105872682793
20,joint,actor_15_statement_02,source_center_noop,pair_0059_sad,15,02,sad,-23.27316574362813
20,joint,actor_15_statement_02,independent_center,pair_0058_happy,15,02,happy,-9.828867184954202
20,joint,actor_15_statement_02,independent_center,pair_0058_sad,15,02,sad,1.2901362357587356
20,joint,actor_15_statement_02,independent_center,pair_0059_happy,15,02,happy,-5.480817062677353
20,joint,actor_15_statement_02,independent_center,pair_0059_sad,15,02,sad,-12.26387693362269
20,joint,actor_15_statement_02,independent_rank1,pair_0058_happy,15,02,happy,-9.215593660416207
20,joint,actor_15_statement_02,independent_rank1,pair_0058_sad,15,02,sad,1.559870164836859
20,joint,actor_15_statement_02,independent_rank1,pair_0059_happy,15,02,happy,-5.673425612681694
20,joint,actor_15_statement_02,independent_rank1,pair_0059_sad,15,02,sad,-9.879089820451401
20,joint,actor_16_statement_01,raw,pair_0060_happy,16,01,happy,45.99341539243174
20,joint,actor_16_statement_01,raw,pair_0060_sad,16,01,sad,52.61011303166772
20,joint,actor_16_statement_01,raw,pair_0061_happy,16,01,happy,43.196451283522606
20,joint,actor_16_statement_01,raw,pair_0061_sad,16,01,sad,44.62884674764831
20,joint,actor_16_statement_01,source_center_noop,pair_0060_happy,16,01,happy,45.99341539243174
20,joint,actor_16_statement_01,source_center_noop,pair_0060_sad,16,01,sad,52.61011303166772
20,joint,actor_16_statement_01,source_center_noop,pair_0061_happy,16,01,happy,43.196451283522606
20,joint,actor_16_statement_01,source_center_noop,pair_0061_sad,16,01,sad,44.62884674764831
20,joint,actor_16_statement_01,independent_center,pair_0060_happy,16,01,happy,3.2116575684556636
20,joint,actor_16_statement_01,independent_center,pair_0060_sad,16,01,sad,9.828355207691644
20,joint,actor_16_statement_01,independent_center,pair_0061_happy,16,01,happy,0.4146934595465268
20,joint,actor_16_statement_01,independent_center,pair_0061_sad,16,01,sad,1.8470889236722314
20,joint,actor_16_statement_01,independent_rank1,pair_0060_happy,16,01,happy,3.0964933478105383
20,joint,actor_16_statement_01,independent_rank1,pair_0060_sad,16,01,sad,7.003900095282653
20,joint,actor_16_statement_01,independent_rank1,pair_0061_happy,16,01,happy,-0.8907504137219266
20,joint,actor_16_statement_01,independent_rank1,pair_0061_sad,16,01,sad,4.834014164644866
20,joint,actor_16_statement_02,raw,pair_0062_happy,16,02,happy,-24.309051894939408
20,joint,actor_16_statement_02,raw,pair_0062_sad,16,02,sad,-31.77840258965763
20,joint,actor_16_statement_02,raw,pair_0063_happy,16,02,happy,-21.69108919093651
20,joint,actor_16_statement_02,raw,pair_0063_sad,16,02,sad,-15.391050194488543
20,joint,actor_16_statement_02,source_center_noop,pair_0062_happy,16,02,happy,-24.309051894939408
20,joint,actor_16_statement_02,source_center_noop,pair_0062_sad,16,02,sad,-31.77840258965763
20,joint,actor_16_statement_02,source_center_noop,pair_0063_happy,16,02,happy,-21.69108919093651
20,joint,actor_16_statement_02,source_center_noop,pair_0063_sad,16,02,sad,-15.391050194488543
20,joint,actor_16_statement_02,independent_center,pair_0062_happy,16,02,happy,-1.5328406625938555
20,joint,actor_16_statement_02,independent_center,pair_0062_sad,16,02,sad,-9.002191357312078
20,joint,actor_16_statement_02,independent_center,pair_0063_happy,16,02,happy,1.0851220414090434
20,joint,actor_16_statement_02,independent_center,pair_0063_sad,16,02,sad,7.38516103785701
20,joint,actor_16_statement_02,independent_rank1,pair_0062_happy,16,02,happy,-1.117958174352168
20,joint,actor_16_statement_02,independent_rank1,pair_0062_sad,16,02,sad,-7.611650430723305
20,joint,actor_16_statement_02,independent_rank1,pair_0063_happy,16,02,happy,2.343231977108747
20,joint,actor_16_statement_02,independent_rank1,pair_0063_sad,16,02,sad,2.740846121175629
20,joint,actor_17_statement_01,raw,pair_0064_happy,17,01,happy,51.039885048685434
20,joint,actor_17_statement_01,raw,pair_0064_sad,17,01,sad,49.402132606642915
20,joint,actor_17_statement_01,raw,pair_0065_happy,17,01,happy,39.625482676308685
20,joint,actor_17_statement_01,raw,pair_0065_sad,17,01,sad,48.0504206568701
20,joint,actor_17_statement_01,source_center_noop,pair_0064_happy,17,01,happy,51.039885048685434
20,joint,actor_17_statement_01,source_center_noop,pair_0064_sad,17,01,sad,49.402132606642915
20,joint,actor_17_statement_01,source_center_noop,pair_0065_happy,17,01,happy,39.625482676308685
20,joint,actor_17_statement_01,source_center_noop,pair_0065_sad,17,01,sad,48.0504206568701
20,joint,actor_17_statement_01,independent_center,pair_0064_happy,17,01,happy,-2.0374136258313342
20,joint,actor_17_statement_01,independent_center,pair_0064_sad,17,01,sad,-3.675166067873853
20,joint,actor_17_statement_01,independent_center,pair_0065_happy,17,01,happy,-13.451815998208083
20,joint,actor_17_statement_01,independent_center,pair_0065_sad,17,01,sad,-5.026878017646666
20,joint,actor_17_statement_01,independent_rank1,pair_0064_happy,17,01,happy,-2.641739226546015
20,joint,actor_17_statement_01,independent_rank1,pair_0064_sad,17,01,sad,-2.6451097976768203
20,joint,actor_17_statement_01,independent_rank1,pair_0065_happy,17,01,happy,-12.531670512742846
20,joint,actor_17_statement_01,independent_rank1,pair_0065_sad,17,01,sad,-1.3897199337917545
20,joint,actor_17_statement_02,raw,pair_0066_happy,17,02,happy,-24.800155923472104
20,joint,actor_17_statement_02,raw,pair_0066_sad,17,02,sad,-30.383081520661293
20,joint,actor_17_statement_02,raw,pair_0067_happy,17,02,happy,-20.440093050065006
20,joint,actor_17_statement_02,raw,pair_0067_sad,17,02,sad,-20.02690538244353
20,joint,actor_17_statement_02,source_center_noop,pair_0066_happy,17,02,happy,-24.800155923472104
20,joint,actor_17_statement_02,source_center_noop,pair_0066_sad,17,02,sad,-30.383081520661293
20,joint,actor_17_statement_02,source_center_noop,pair_0067_happy,17,02,happy,-20.440093050065006
20,joint,actor_17_statement_02,source_center_noop,pair_0067_sad,17,02,sad,-20.02690538244353
20,joint,actor_17_statement_02,independent_center,pair_0066_happy,17,02,happy,-1.917859345409017
20,joint,actor_17_statement_02,independent_center,pair_0066_sad,17,02,sad,-7.500784942598205
20,joint,actor_17_statement_02,independent_center,pair_0067_happy,17,02,happy,2.442203527998082
20,joint,actor_17_statement_02,independent_center,pair_0067_sad,17,02,sad,2.855391195619557
20,joint,actor_17_statement_02,independent_rank1,pair_0066_happy,17,02,happy,0.09587325350253728
20,joint,actor_17_statement_02,independent_rank1,pair_0066_sad,17,02,sad,-4.017750217674501
20,joint,actor_17_statement_02,independent_rank1,pair_0067_happy,17,02,happy,5.96876290525379
20,joint,actor_17_statement_02,independent_rank1,pair_0067_sad,17,02,sad,3.286157606546027
20,joint,actor_18_statement_01,raw,pair_0068_happy,18,01,happy,58.68100210765312
20,joint,actor_18_statement_01,raw,pair_0068_sad,18,01,sad,58.94418059266612
20,joint,actor_18_statement_01,raw,pair_0069_happy,18,01,happy,19.437812069176708
20,joint,actor_18_statement_01,raw,pair_0069_sad,18,01,sad,57.36855048152531
20,joint,actor_18_statement_01,source_center_noop,pair_0068_happy,18,01,happy,58.68100210765312
20,joint,actor_18_statement_01,source_center_noop,pair_0068_sad,18,01,sad,58.94418059266612
20,joint,actor_18_statement_01,source_center_noop,pair_0069_happy,18,01,happy,19.437812069176708
20,joint,actor_18_statement_01,source_center_noop,pair_0069_sad,18,01,sad,57.36855048152531
20,joint,actor_18_statement_01,independent_center,pair_0068_happy,18,01,happy,9.335147694740513
20,joint,actor_18_statement_01,independent_center,pair_0068_sad,18,01,sad,9.598326179753514
20,joint,actor_18_statement_01,independent_center,pair_0069_happy,18,01,happy,-29.9080423437359
20,joint,actor_18_statement_01,independent_center,pair_0069_sad,18,01,sad,8.022696068612703
20,joint,actor_18_statement_01,independent_rank1,pair_0068_happy,18,01,happy,7.425215676235704
20,joint,actor_18_statement_01,independent_rank1,pair_0068_sad,18,01,sad,6.411244787696181
20,joint,actor_18_statement_01,independent_rank1,pair_0069_happy,18,01,happy,-20.738043058891606
20,joint,actor_18_statement_01,independent_rank1,pair_0069_sad,18,01,sad,4.779883178258337
20,joint,actor_18_statement_02,raw,pair_0070_happy,18,02,happy,-48.093538657155044
20,joint,actor_18_statement_02,raw,pair_0070_sad,18,02,sad,-52.150411962714536
20,joint,actor_18_statement_02,raw,pair_0071_happy,18,02,happy,34.936369102309754
20,joint,actor_18_statement_02,raw,pair_0071_sad,18,02,sad,-43.76515596838034
20,joint,actor_18_statement_02,source_center_noop,pair_0070_happy,18,02,happy,-48.093538657155044
20,joint,actor_18_statement_02,source_center_noop,pair_0070_sad,18,02,sad,-52.150411962714536
20,joint,actor_18_statement_02,source_center_noop,pair_0071_happy,18,02,happy,34.936369102309754
20,joint,actor_18_statement_02,source_center_noop,pair_0071_sad,18,02,sad,-43.76515596838034
20,joint,actor_18_statement_02,independent_center,pair_0070_happy,18,02,happy,-7.134970284549546
20,joint,actor_18_statement_02,independent_center,pair_0070_sad,18,02,sad,-11.191843590109038
20,joint,actor_18_statement_02,independent_center,pair_0071_happy,18,02,happy,75.89493747491525
20,joint,actor_18_statement_02,independent_center,pair_0071_sad,18,02,sad,-2.806587595774843
20,joint,actor_18_statement_02,independent_rank1,pair_0070_happy,18,02,happy,-5.5523517127310775
20,joint,actor_18_statement_02,independent_rank1,pair_0070_sad,18,02,sad,-7.765802827831999
20,joint,actor_18_statement_02,independent_rank1,pair_0071_happy,18,02,happy,56.98738636516309
20,joint,actor_18_statement_02,independent_rank1,pair_0071_sad,18,02,sad,-6.865833270058129
20,joint,actor_19_statement_01,raw,pair_0072_happy,19,01,happy,62.430001256527305
20,joint,actor_19_statement_01,raw,pair_0072_sad,19,01,sad,49.381296069263385
20,joint,actor_19_statement_01,raw,pair_0073_happy,19,01,happy,61.21792757710721
20,joint,actor_19_statement_01,raw,pair_0073_sad,19,01,sad,40.855399698430496
20,joint,actor_19_statement_01,source_center_noop,pair_0072_happy,19,01,happy,62.430001256527305
20,joint,actor_19_statement_01,source_center_noop,pair_0072_sad,19,01,sad,49.381296069263385
20,joint,actor_19_statement_01,source_center_noop,pair_0073_happy,19,01,happy,61.21792757710721
20,joint,actor_19_statement_01,source_center_noop,pair_0073_sad,19,01,sad,40.855399698430496
20,joint,actor_19_statement_01,independent_center,pair_0072_happy,19,01,happy,14.122535359777977
20,joint,actor_19_statement_01,independent_center,pair_0072_sad,19,01,sad,1.0738301725140573
20,joint,actor_19_statement_01,independent_center,pair_0073_happy,19,01,happy,12.910461680357884
20,joint,actor_19_statement_01,independent_center,pair_0073_sad,19,01,sad,-7.452066198318832
20,joint,actor_19_statement_01,independent_rank1,pair_0072_happy,19,01,happy,9.043214842780083
20,joint,actor_19_statement_01,independent_rank1,pair_0072_sad,19,01,sad,-1.1863205036136824
20,joint,actor_19_statement_01,independent_rank1,pair_0073_happy,19,01,happy,9.824897304738673
20,joint,actor_19_statement_01,independent_rank1,pair_0073_sad,19,01,sad,-7.175780981577714
20,joint,actor_19_statement_02,raw,pair_0074_happy,19,02,happy,-49.00627314253291
20,joint,actor_19_statement_02,raw,pair_0074_sad,19,02,sad,-48.29061867636741
20,joint,actor_19_statement_02,raw,pair_0075_happy,19,02,happy,-39.05985107441926
20,joint,actor_19_statement_02,raw,pair_0075_sad,19,02,sad,-37.31719144056993
20,joint,actor_19_statement_02,source_center_noop,pair_0074_happy,19,02,happy,-49.00627314253291
20,joint,actor_19_statement_02,source_center_noop,pair_0074_sad,19,02,sad,-48.29061867636741
20,joint,actor_19_statement_02,source_center_noop,pair_0075_happy,19,02,happy,-39.05985107441926
20,joint,actor_19_statement_02,source_center_noop,pair_0075_sad,19,02,sad,-37.31719144056993
20,joint,actor_19_statement_02,independent_center,pair_0074_happy,19,02,happy,-16.776650360582316
20,joint,actor_19_statement_02,independent_center,pair_0074_sad,19,02,sad,-16.060995894416813
20,joint,actor_19_statement_02,independent_center,pair_0075_happy,19,02,happy,-6.830228292468661
20,joint,actor_19_statement_02,independent_center,pair_0075_sad,19,02,sad,-5.0875686586193325
20,joint,actor_19_statement_02,independent_rank1,pair_0074_happy,19,02,happy,-9.613797005921281
20,joint,actor_19_statement_02,independent_rank1,pair_0074_sad,19,02,sad,-9.349595579997347
20,joint,actor_19_statement_02,independent_rank1,pair_0075_happy,19,02,happy,-6.307420771323637
20,joint,actor_19_statement_02,independent_rank1,pair_0075_sad,19,02,sad,-3.4729214545315736
20,joint,actor_20_statement_01,raw,pair_0076_happy,20,01,happy,46.43644220315307
20,joint,actor_20_statement_01,raw,pair_0076_sad,20,01,sad,54.12915263451957
20,joint,actor_20_statement_01,raw,pair_0077_happy,20,01,happy,46.82398178113126
20,joint,actor_20_statement_01,raw,pair_0077_sad,20,01,sad,34.2424966131692
20,joint,actor_20_statement_01,source_center_noop,pair_0076_happy,20,01,happy,46.43644220315307
20,joint,actor_20_statement_01,source_center_noop,pair_0076_sad,20,01,sad,54.12915263451957
20,joint,actor_20_statement_01,source_center_noop,pair_0077_happy,20,01,happy,46.82398178113126
20,joint,actor_20_statement_01,source_center_noop,pair_0077_sad,20,01,sad,34.2424966131692
20,joint,actor_20_statement_01,independent_center,pair_0076_happy,20,01,happy,6.988764372768436
20,joint,actor_20_statement_01,independent_center,pair_0076_sad,20,01,sad,14.681474804134936
20,joint,actor_20_statement_01,independent_center,pair_0077_happy,20,01,happy,7.376303950746625
20,joint,actor_20_statement_01,independent_center,pair_0077_sad,20,01,sad,-5.205181217215433
20,joint,actor_20_statement_01,independent_rank1,pair_0076_happy,20,01,happy,6.674176187031783
20,joint,actor_20_statement_01,independent_rank1,pair_0076_sad,20,01,sad,11.66428687441951
20,joint,actor_20_statement_01,independent_rank1,pair_0077_happy,20,01,happy,6.909771446192913
20,joint,actor_20_statement_01,independent_rank1,pair_0077_sad,20,01,sad,-3.5840677998378556
20,joint,actor_20_statement_02,raw,pair_0078_happy,20,02,happy,-39.307990412537904
20,joint,actor_20_statement_02,raw,pair_0078_sad,20,02,sad,12.110496213642245
20,joint,actor_20_statement_02,raw,pair_0079_happy,20,02,happy,-36.68246082302623
20,joint,actor_20_statement_02,raw,pair_0079_sad,20,02,sad,-8.497643419501134
20,joint,actor_20_statement_02,source_center_noop,pair_0078_happy,20,02,happy,-39.307990412537904
20,joint,actor_20_statement_02,source_center_noop,pair_0078_sad,20,02,sad,12.110496213642245
20,joint,actor_20_statement_02,source_center_noop,pair_0079_happy,20,02,happy,-36.68246082302623
20,joint,actor_20_statement_02,source_center_noop,pair_0079_sad,20,02,sad,-8.497643419501134
20,joint,actor_20_statement_02,independent_center,pair_0078_happy,20,02,happy,-10.737875916376389
20,joint,actor_20_statement_02,independent_center,pair_0078_sad,20,02,sad,40.68061070980376
20,joint,actor_20_statement_02,independent_center,pair_0079_happy,20,02,happy,-8.112346326864717
20,joint,actor_20_statement_02,independent_center,pair_0079_sad,20,02,sad,20.07247107666038
20,joint,actor_20_statement_02,independent_rank1,pair_0078_happy,20,02,happy,-10.081315279843617
20,joint,actor_20_statement_02,independent_rank1,pair_0078_sad,20,02,sad,31.046304327183556
20,joint,actor_20_statement_02,independent_rank1,pair_0079_happy,20,02,happy,-6.9504321338
20,joint,actor_20_statement_02,independent_rank1,pair_0079_sad,20,02,sad,16.759183408246265
20,joint,actor_21_statement_01,raw,pair_0080_happy,21,01,happy,66.96910339580934
20,joint,actor_21_statement_01,raw,pair_0080_sad,21,01,sad,92.34702051645415
20,joint,actor_21_statement_01,raw,pair_0081_happy,21,01,happy,80.69537284555497
20,joint,actor_21_statement_01,raw,pair_0081_sad,21,01,sad,93.91067040207348
20,joint,actor_21_statement_01,source_center_noop,pair_0080_happy,21,01,happy,66.96910339580934
20,joint,actor_21_statement_01,source_center_noop,pair_0080_sad,21,01,sad,92.34702051645415
20,joint,actor_21_statement_01,source_center_noop,pair_0081_happy,21,01,happy,80.69537284555497
20,joint,actor_21_statement_01,source_center_noop,pair_0081_sad,21,01,sad,93.91067040207348
20,joint,actor_21_statement_01,independent_center,pair_0080_happy,21,01,happy,-4.628619638638398
20,joint,actor_21_statement_01,independent_center,pair_0080_sad,21,01,sad,20.749297482006412
20,joint,actor_21_statement_01,independent_center,pair_0081_happy,21,01,happy,9.097649811107232
20,joint,actor_21_statement_01,independent_center,pair_0081_sad,21,01,sad,22.31294736762574
20,joint,actor_21_statement_01,independent_rank1,pair_0080_happy,21,01,happy,-2.3072986894411027
20,joint,actor_21_statement_01,independent_rank1,pair_0080_sad,21,01,sad,15.281178896626638
20,joint,actor_21_statement_01,independent_rank1,pair_0081_happy,21,01,happy,6.589967921743748
20,joint,actor_21_statement_01,independent_rank1,pair_0081_sad,21,01,sad,17.055722693767674
20,joint,actor_21_statement_02,raw,pair_0082_happy,21,02,happy,-24.324493430813405
20,joint,actor_21_statement_02,raw,pair_0082_sad,21,02,sad,-27.852296854561345
20,joint,actor_21_statement_02,raw,pair_0083_happy,21,02,happy,-24.010142704552337
20,joint,actor_21_statement_02,raw,pair_0083_sad,21,02,sad,-24.844866443605923
20,joint,actor_21_statement_02,source_center_noop,pair_0082_happy,21,02,happy,-24.324493430813405
20,joint,actor_21_statement_02,source_center_noop,pair_0082_sad,21,02,sad,-27.852296854561345
20,joint,actor_21_statement_02,source_center_noop,pair_0083_happy,21,02,happy,-24.010142704552337
20,joint,actor_21_statement_02,source_center_noop,pair_0083_sad,21,02,sad,-24.844866443605923
20,joint,actor_21_statement_02,independent_center,pair_0082_happy,21,02,happy,4.305834609663204
20,joint,actor_21_statement_02,independent_center,pair_0082_sad,21,02,sad,0.778031185915264
20,joint,actor_21_statement_02,independent_center,pair_0083_happy,21,02,happy,4.620185335924273
20,joint,actor_21_statement_02,independent_center,pair_0083_sad,21,02,sad,3.785461596870686
20,joint,actor_21_statement_02,independent_rank1,pair_0082_happy,21,02,happy,0.44032402521326475
20,joint,actor_21_statement_02,independent_rank1,pair_0082_sad,21,02,sad,-0.015566680161405166
20,joint,actor_21_statement_02,independent_rank1,pair_0083_happy,21,02,happy,3.8937873344090734
20,joint,actor_21_statement_02,independent_rank1,pair_0083_sad,21,02,sad,4.451407714029526
20,joint,actor_22_statement_01,raw,pair_0084_happy,22,01,happy,49.13392145496986
20,joint,actor_22_statement_01,raw,pair_0084_sad,22,01,sad,43.67354691024757
20,joint,actor_22_statement_01,raw,pair_0085_happy,22,01,happy,39.362840822523566
20,joint,actor_22_statement_01,raw,pair_0085_sad,22,01,sad,52.11709575709191
20,joint,actor_22_statement_01,source_center_noop,pair_0084_happy,22,01,happy,49.13392145496986
20,joint,actor_22_statement_01,source_center_noop,pair_0084_sad,22,01,sad,43.67354691024757
20,joint,actor_22_statement_01,source_center_noop,pair_0085_happy,22,01,happy,39.362840822523566
20,joint,actor_22_statement_01,source_center_noop,pair_0085_sad,22,01,sad,52.11709575709191
20,joint,actor_22_statement_01,independent_center,pair_0084_happy,22,01,happy,5.904406356947703
20,joint,actor_22_statement_01,independent_center,pair_0084_sad,22,01,sad,0.4440318122254183
20,joint,actor_22_statement_01,independent_center,pair_0085_happy,22,01,happy,-3.866674275498589
20,joint,actor_22_statement_01,independent_center,pair_0085_sad,22,01,sad,8.887580659069755
20,joint,actor_22_statement_01,independent_rank1,pair_0084_happy,22,01,happy,5.398352584583661
20,joint,actor_22_statement_01,independent_rank1,pair_0084_sad,22,01,sad,-1.8328692453699995
20,joint,actor_22_statement_01,independent_rank1,pair_0085_happy,22,01,happy,-3.3902514095507126
20,joint,actor_22_statement_01,independent_rank1,pair_0085_sad,22,01,sad,4.850822596997984
20,joint,actor_22_statement_02,raw,pair_0086_happy,22,02,happy,-27.46913012517283
20,joint,actor_22_statement_02,raw,pair_0086_sad,22,02,sad,-31.46814426648679
20,joint,actor_22_statement_02,raw,pair_0087_happy,22,02,happy,-28.824680800125257
20,joint,actor_22_statement_02,raw,pair_0087_sad,22,02,sad,-41.72348458441928
20,joint,actor_22_statement_02,source_center_noop,pair_0086_happy,22,02,happy,-27.46913012517283
20,joint,actor_22_statement_02,source_center_noop,pair_0086_sad,22,02,sad,-31.46814426648679
20,joint,actor_22_statement_02,source_center_noop,pair_0087_happy,22,02,happy,-28.824680800125257
20,joint,actor_22_statement_02,source_center_noop,pair_0087_sad,22,02,sad,-41.72348458441928
20,joint,actor_22_statement_02,independent_center,pair_0086_happy,22,02,happy,1.0622156731752348
20,joint,actor_22_statement_02,independent_center,pair_0086_sad,22,02,sad,-2.9367984681387256
20,joint,actor_22_statement_02,independent_center,pair_0087_happy,22,02,happy,-0.2933350017771943
20,joint,actor_22_statement_02,independent_center,pair_0087_sad,22,02,sad,-13.192138786071219
20,joint,actor_22_statement_02,independent_rank1,pair_0086_happy,22,02,happy,-1.4617545721310208
20,joint,actor_22_statement_02,independent_rank1,pair_0086_sad,22,02,sad,-4.576155251787729
20,joint,actor_22_statement_02,independent_rank1,pair_0087_happy,22,02,happy,-0.633750109424982
20,joint,actor_22_statement_02,independent_rank1,pair_0087_sad,22,02,sad,-11.033175631697077
20,joint,actor_23_statement_01,raw,pair_0088_happy,23,01,happy,48.77952715564547
20,joint,actor_23_statement_01,raw,pair_0088_sad,23,01,sad,57.487745987114025
20,joint,actor_23_statement_01,raw,pair_0089_happy,23,01,happy,43.07264637276346
20,joint,actor_23_statement_01,raw,pair_0089_sad,23,01,sad,37.04504070386314
20,joint,actor_23_statement_01,source_center_noop,pair_0088_happy,23,01,happy,48.77952715564547
20,joint,actor_23_statement_01,source_center_noop,pair_0088_sad,23,01,sad,57.487745987114025
20,joint,actor_23_statement_01,source_center_noop,pair_0089_happy,23,01,happy,43.07264637276346
20,joint,actor_23_statement_01,source_center_noop,pair_0089_sad,23,01,sad,37.04504070386314
20,joint,actor_23_statement_01,independent_center,pair_0088_happy,23,01,happy,-1.7537217840886115
20,joint,actor_23_statement_01,independent_center,pair_0088_sad,23,01,sad,6.954497047379945
20,joint,actor_23_statement_01,independent_center,pair_0089_happy,23,01,happy,-7.460602566970621
20,joint,actor_23_statement_01,independent_center,pair_0089_sad,23,01,sad,-13.488208235870943
20,joint,actor_23_statement_01,independent_rank1,pair_0088_happy,23,01,happy,-2.327288257562115
20,joint,actor_23_statement_01,independent_rank1,pair_0088_sad,23,01,sad,5.885026082214895
20,joint,actor_23_statement_01,independent_rank1,pair_0089_happy,23,01,happy,-6.539907112158911
20,joint,actor_23_statement_01,independent_rank1,pair_0089_sad,23,01,sad,-9.21712993942094
20,joint,actor_23_statement_02,raw,pair_0090_happy,23,02,happy,-27.5985779310507
20,joint,actor_23_statement_02,raw,pair_0090_sad,23,02,sad,-18.697124347261408
20,joint,actor_23_statement_02,raw,pair_0091_happy,23,02,happy,-18.615519975708732
20,joint,actor_23_statement_02,raw,pair_0091_sad,23,02,sad,-8.499144757313866
20,joint,actor_23_statement_02,source_center_noop,pair_0090_happy,23,02,happy,-27.5985779310507
20,joint,actor_23_statement_02,source_center_noop,pair_0090_sad,23,02,sad,-18.697124347261408
20,joint,actor_23_statement_02,source_center_noop,pair_0091_happy,23,02,happy,-18.615519975708732
20,joint,actor_23_statement_02,source_center_noop,pair_0091_sad,23,02,sad,-8.499144757313866
20,joint,actor_23_statement_02,independent_center,pair_0090_happy,23,02,happy,-0.1458166646713721
20,joint,actor_23_statement_02,independent_center,pair_0090_sad,23,02,sad,8.755636919117919
20,joint,actor_23_statement_02,independent_center,pair_0091_happy,23,02,happy,8.837241290670594
20,joint,actor_23_statement_02,independent_center,pair_0091_sad,23,02,sad,18.953616509065462
20,joint,actor_23_statement_02,independent_rank1,pair_0090_happy,23,02,happy,3.069638841959346
20,joint,actor_23_statement_02,independent_rank1,pair_0090_sad,23,02,sad,9.593019774596259
20,joint,actor_23_statement_02,independent_rank1,pair_0091_happy,23,02,happy,5.685919507122707
20,joint,actor_23_statement_02,independent_rank1,pair_0091_sad,23,02,sad,13.143224238812126
20,joint,actor_24_statement_01,raw,pair_0092_happy,24,01,happy,22.626125858644283
20,joint,actor_24_statement_01,raw,pair_0092_sad,24,01,sad,28.63298680609708
20,joint,actor_24_statement_01,raw,pair_0093_happy,24,01,happy,20.146482899545727
20,joint,actor_24_statement_01,raw,pair_0093_sad,24,01,sad,24.876943002122008
20,joint,actor_24_statement_01,source_center_noop,pair_0092_happy,24,01,happy,22.626125858644283
20,joint,actor_24_statement_01,source_center_noop,pair_0092_sad,24,01,sad,28.63298680609708
20,joint,actor_24_statement_01,source_center_noop,pair_0093_happy,24,01,happy,20.146482899545727
20,joint,actor_24_statement_01,source_center_noop,pair_0093_sad,24,01,sad,24.876943002122008
20,joint,actor_24_statement_01,independent_center,pair_0092_happy,24,01,happy,-2.470779950952295
20,joint,actor_24_statement_01,independent_center,pair_0092_sad,24,01,sad,3.536080996500502
20,joint,actor_24_statement_01,independent_center,pair_0093_happy,24,01,happy,-4.95042291005085
20,joint,actor_24_statement_01,independent_center,pair_0093_sad,24,01,sad,-0.21996280747456964
20,joint,actor_24_statement_01,independent_rank1,pair_0092_happy,24,01,happy,-2.8129117412736386
20,joint,actor_24_statement_01,independent_rank1,pair_0092_sad,24,01,sad,2.995732700571764
20,joint,actor_24_statement_01,independent_rank1,pair_0093_happy,24,01,happy,-3.7142884477129803
20,joint,actor_24_statement_01,independent_rank1,pair_0093_sad,24,01,sad,-0.3457292275834831
20,joint,actor_24_statement_02,raw,pair_0094_happy,24,02,happy,-32.35358370273785
20,joint,actor_24_statement_02,raw,pair_0094_sad,24,02,sad,-30.524843407959626
20,joint,actor_24_statement_02,raw,pair_0095_happy,24,02,happy,-32.52289202409119
20,joint,actor_24_statement_02,raw,pair_0095_sad,24,02,sad,-33.32119430782497
20,joint,actor_24_statement_02,source_center_noop,pair_0094_happy,24,02,happy,-32.35358370273785
20,joint,actor_24_statement_02,source_center_noop,pair_0094_sad,24,02,sad,-30.524843407959626
20,joint,actor_24_statement_02,source_center_noop,pair_0095_happy,24,02,happy,-32.52289202409119
20,joint,actor_24_statement_02,source_center_noop,pair_0095_sad,24,02,sad,-33.32119430782497
20,joint,actor_24_statement_02,independent_center,pair_0094_happy,24,02,happy,-1.7294238747136284
20,joint,actor_24_statement_02,independent_center,pair_0094_sad,24,02,sad,0.0993164200645964
20,joint,actor_24_statement_02,independent_center,pair_0095_happy,24,02,happy,-1.8987321960669696
20,joint,actor_24_statement_02,independent_center,pair_0095_sad,24,02,sad,-2.6970344798007453
20,joint,actor_24_statement_02,independent_rank1,pair_0094_happy,24,02,happy,-1.7947071485811907
20,joint,actor_24_statement_02,independent_rank1,pair_0094_sad,24,02,sad,-1.6318207037012868
20,joint,actor_24_statement_02,independent_rank1,pair_0095_happy,24,02,happy,-0.6846320616334705
20,joint,actor_24_statement_02,independent_rank1,pair_0095_sad,24,02,sad,-2.902368280082639
21,statement,actor_None_statement_01,raw,pair_0000_happy,01,01,happy,29.628953689793924
21,statement,actor_None_statement_01,raw,pair_0000_sad,01,01,sad,28.98077901662283
21,statement,actor_None_statement_01,raw,pair_0001_happy,01,01,happy,39.03396450858032
21,statement,actor_None_statement_01,raw,pair_0001_sad,01,01,sad,48.44356872137368
21,statement,actor_None_statement_01,raw,pair_0004_happy,02,01,happy,18.75261399917277
21,statement,actor_None_statement_01,raw,pair_0004_sad,02,01,sad,46.65415884840153
21,statement,actor_None_statement_01,raw,pair_0005_happy,02,01,happy,22.910653230435482
21,statement,actor_None_statement_01,raw,pair_0005_sad,02,01,sad,54.129066983132674
21,statement,actor_None_statement_01,raw,pair_0008_happy,03,01,happy,46.53123882989006
21,statement,actor_None_statement_01,raw,pair_0008_sad,03,01,sad,40.559568571423654
21,statement,actor_None_statement_01,raw,pair_0009_happy,03,01,happy,32.89588575901322
21,statement,actor_None_statement_01,raw,pair_0009_sad,03,01,sad,38.244782179819964
21,statement,actor_None_statement_01,raw,pair_0012_happy,04,01,happy,43.663617208587105
21,statement,actor_None_statement_01,raw,pair_0012_sad,04,01,sad,42.821034056991316
21,statement,actor_None_statement_01,raw,pair_0013_happy,04,01,happy,46.58127692633788
21,statement,actor_None_statement_01,raw,pair_0013_sad,04,01,sad,27.50333882183156
21,statement,actor_None_statement_01,raw,pair_0016_happy,05,01,happy,46.82343854547111
21,statement,actor_None_statement_01,raw,pair_0016_sad,05,01,sad,13.115622558118313
21,statement,actor_None_statement_01,raw,pair_0017_happy,05,01,happy,25.41354443881831
21,statement,actor_None_statement_01,raw,pair_0017_sad,05,01,sad,26.48188773284165
21,statement,actor_None_statement_01,raw,pair_0020_happy,06,01,happy,33.771012755143815
21,statement,actor_None_statement_01,raw,pair_0020_sad,06,01,sad,38.418823100207874
21,statement,actor_None_statement_01,raw,pair_0021_happy,06,01,happy,32.22233799828329
21,statement,actor_None_statement_01,raw,pair_0021_sad,06,01,sad,26.0351257679313
21,statement,actor_None_statement_01,raw,pair_0024_happy,07,01,happy,31.75659388449871
21,statement,actor_None_statement_01,raw,pair_0024_sad,07,01,sad,20.383372592154988
21,statement,actor_None_statement_01,raw,pair_0025_happy,07,01,happy,38.944392743562666
21,statement,actor_None_statement_01,raw,pair_0025_sad,07,01,sad,29.941167516147427
21,statement,actor_None_statement_01,raw,pair_0028_happy,08,01,happy,27.159929163658624
21,statement,actor_None_statement_01,raw,pair_0028_sad,08,01,sad,23.20448129240071
21,statement,actor_None_statement_01,raw,pair_0029_happy,08,01,happy,41.60312849355478
21,statement,actor_None_statement_01,raw,pair_0029_sad,08,01,sad,28.155228518960808
21,statement,actor_None_statement_01,raw,pair_0032_happy,09,01,happy,43.26014513942932
21,statement,actor_None_statement_01,raw,pair_0032_sad,09,01,sad,38.10766674437315
21,statement,actor_None_statement_01,raw,pair_0033_happy,09,01,happy,41.4790054035218
21,statement,actor_None_statement_01,raw,pair_0033_sad,09,01,sad,41.8399527726069
21,statement,actor_None_statement_01,raw,pair_0036_happy,10,01,happy,57.077656398020416
21,statement,actor_None_statement_01,raw,pair_0036_sad,10,01,sad,44.692380983641506
21,statement,actor_None_statement_01,raw,pair_0037_happy,10,01,happy,46.0886452215381
21,statement,actor_None_statement_01,raw,pair_0037_sad,10,01,sad,43.56176589086306
21,statement,actor_None_statement_01,raw,pair_0040_happy,11,01,happy,26.382924669393688
21,statement,actor_None_statement_01,raw,pair_0040_sad,11,01,sad,26.66435995174392
21,statement,actor_None_statement_01,raw,pair_0041_happy,11,01,happy,28.91539695916644
21,statement,actor_None_statement_01,raw,pair_0041_sad,11,01,sad,45.402136323704134
21,statement,actor_None_statement_01,raw,pair_0044_happy,12,01,happy,27.710432547589146
21,statement,actor_None_statement_01,raw,pair_0044_sad,12,01,sad,40.91975614760909
21,statement,actor_None_statement_01,raw,pair_0045_happy,12,01,happy,38.80577821923169
21,statement,actor_None_statement_01,raw,pair_0045_sad,12,01,sad,38.071059368691046
21,statement,actor_None_statement_01,raw,pair_0048_happy,13,01,happy,22.194511370089305
21,statement,actor_None_statement_01,raw,pair_0048_sad,13,01,sad,27.891600280343578
21,statement,actor_None_statement_01,raw,pair_0049_happy,13,01,happy,20.640502378029787
21,statement,actor_None_statement_01,raw,pair_0049_sad,13,01,sad,16.99826458719448
21,statement,actor_None_statement_01,raw,pair_0052_happy,14,01,happy,36.34699708365563
21,statement,actor_None_statement_01,raw,pair_0052_sad,14,01,sad,45.97076534880599
21,statement,actor_None_statement_01,raw,pair_0053_happy,14,01,happy,19.608581492980804
21,statement,actor_None_statement_01,raw,pair_0053_sad,14,01,sad,32.02981418571447
21,statement,actor_None_statement_01,raw,pair_0056_happy,15,01,happy,27.15586513425959
21,statement,actor_None_statement_01,raw,pair_0056_sad,15,01,sad,2.7977404837368267
21,statement,actor_None_statement_01,raw,pair_0057_happy,15,01,happy,20.585291921400934
21,statement,actor_None_statement_01,raw,pair_0057_sad,15,01,sad,20.139731098595906
21,statement,actor_None_statement_01,raw,pair_0060_happy,16,01,happy,32.504414119012516
21,statement,actor_None_statement_01,raw,pair_0060_sad,16,01,sad,49.2149258578583
21,statement,actor_None_statement_01,raw,pair_0061_happy,16,01,happy,23.459574324558588
21,statement,actor_None_statement_01,raw,pair_0061_sad,16,01,sad,24.197672968438507
21,statement,actor_None_statement_01,raw,pair_0064_happy,17,01,happy,37.62787688584547
21,statement,actor_None_statement_01,raw,pair_0064_sad,17,01,sad,40.415816741570715
21,statement,actor_None_statement_01,raw,pair_0065_happy,17,01,happy,39.55442377449097
21,statement,actor_None_statement_01,raw,pair_0065_sad,17,01,sad,18.667129624374166
21,statement,actor_None_statement_01,raw,pair_0068_happy,18,01,happy,29.95617359902083
21,statement,actor_None_statement_01,raw,pair_0068_sad,18,01,sad,25.870918457839256
21,statement,actor_None_statement_01,raw,pair_0069_happy,18,01,happy,14.515661872873244
21,statement,actor_None_statement_01,raw,pair_0069_sad,18,01,sad,46.99318551320812
21,statement,actor_None_statement_01,raw,pair_0072_happy,19,01,happy,51.31043514092412
21,statement,actor_None_statement_01,raw,pair_0072_sad,19,01,sad,32.177017261210416
21,statement,actor_None_statement_01,raw,pair_0073_happy,19,01,happy,34.916647159977074
21,statement,actor_None_statement_01,raw,pair_0073_sad,19,01,sad,37.34085417843105
21,statement,actor_None_statement_01,raw,pair_0076_happy,20,01,happy,41.73195692330193
21,statement,actor_None_statement_01,raw,pair_0076_sad,20,01,sad,54.40918831404203
21,statement,actor_None_statement_01,raw,pair_0077_happy,20,01,happy,30.40133845831682
21,statement,actor_None_statement_01,raw,pair_0077_sad,20,01,sad,23.72744613569432
21,statement,actor_None_statement_01,raw,pair_0080_happy,21,01,happy,26.47174525584125
21,statement,actor_None_statement_01,raw,pair_0080_sad,21,01,sad,39.929597773965504
21,statement,actor_None_statement_01,raw,pair_0081_happy,21,01,happy,41.03873008055121
21,statement,actor_None_statement_01,raw,pair_0081_sad,21,01,sad,33.78250450045757
21,statement,actor_None_statement_01,raw,pair_0084_happy,22,01,happy,47.92448722833917
21,statement,actor_None_statement_01,raw,pair_0084_sad,22,01,sad,31.940943086631254
21,statement,actor_None_statement_01,raw,pair_0085_happy,22,01,happy,33.5314240736255
21,statement,actor_None_statement_01,raw,pair_0085_sad,22,01,sad,50.69610335453586
21,statement,actor_None_statement_01,raw,pair_0088_happy,23,01,happy,29.98327519374944
21,statement,actor_None_statement_01,raw,pair_0088_sad,23,01,sad,39.2889984560027
21,statement,actor_None_statement_01,raw,pair_0089_happy,23,01,happy,31.740471826073
21,statement,actor_None_statement_01,raw,pair_0089_sad,23,01,sad,14.78732667703414
21,statement,actor_None_statement_01,raw,pair_0092_happy,24,01,happy,25.18757637886544
21,statement,actor_None_statement_01,raw,pair_0092_sad,24,01,sad,47.96106102013707
21,statement,actor_None_statement_01,raw,pair_0093_happy,24,01,happy,31.187337353623665
21,statement,actor_None_statement_01,raw,pair_0093_sad,24,01,sad,43.72735732313797
21,statement,actor_None_statement_01,source_center_noop,pair_0000_happy,01,01,happy,29.628953689793924
21,statement,actor_None_statement_01,source_center_noop,pair_0000_sad,01,01,sad,28.98077901662283
21,statement,actor_None_statement_01,source_center_noop,pair_0001_happy,01,01,happy,39.03396450858032
21,statement,actor_None_statement_01,source_center_noop,pair_0001_sad,01,01,sad,48.44356872137368
21,statement,actor_None_statement_01,source_center_noop,pair_0004_happy,02,01,happy,18.75261399917277
21,statement,actor_None_statement_01,source_center_noop,pair_0004_sad,02,01,sad,46.65415884840153
21,statement,actor_None_statement_01,source_center_noop,pair_0005_happy,02,01,happy,22.910653230435482
21,statement,actor_None_statement_01,source_center_noop,pair_0005_sad,02,01,sad,54.129066983132674
21,statement,actor_None_statement_01,source_center_noop,pair_0008_happy,03,01,happy,46.53123882989006
21,statement,actor_None_statement_01,source_center_noop,pair_0008_sad,03,01,sad,40.559568571423654
21,statement,actor_None_statement_01,source_center_noop,pair_0009_happy,03,01,happy,32.89588575901322
21,statement,actor_None_statement_01,source_center_noop,pair_0009_sad,03,01,sad,38.244782179819964
21,statement,actor_None_statement_01,source_center_noop,pair_0012_happy,04,01,happy,43.663617208587105
21,statement,actor_None_statement_01,source_center_noop,pair_0012_sad,04,01,sad,42.821034056991316
21,statement,actor_None_statement_01,source_center_noop,pair_0013_happy,04,01,happy,46.58127692633788
21,statement,actor_None_statement_01,source_center_noop,pair_0013_sad,04,01,sad,27.50333882183156
21,statement,actor_None_statement_01,source_center_noop,pair_0016_happy,05,01,happy,46.82343854547111
21,statement,actor_None_statement_01,source_center_noop,pair_0016_sad,05,01,sad,13.115622558118313
21,statement,actor_None_statement_01,source_center_noop,pair_0017_happy,05,01,happy,25.41354443881831
21,statement,actor_None_statement_01,source_center_noop,pair_0017_sad,05,01,sad,26.48188773284165
21,statement,actor_None_statement_01,source_center_noop,pair_0020_happy,06,01,happy,33.771012755143815
21,statement,actor_None_statement_01,source_center_noop,pair_0020_sad,06,01,sad,38.418823100207874
21,statement,actor_None_statement_01,source_center_noop,pair_0021_happy,06,01,happy,32.22233799828329
21,statement,actor_None_statement_01,source_center_noop,pair_0021_sad,06,01,sad,26.0351257679313
21,statement,actor_None_statement_01,source_center_noop,pair_0024_happy,07,01,happy,31.75659388449871
21,statement,actor_None_statement_01,source_center_noop,pair_0024_sad,07,01,sad,20.383372592154988
21,statement,actor_None_statement_01,source_center_noop,pair_0025_happy,07,01,happy,38.944392743562666
21,statement,actor_None_statement_01,source_center_noop,pair_0025_sad,07,01,sad,29.941167516147427
21,statement,actor_None_statement_01,source_center_noop,pair_0028_happy,08,01,happy,27.159929163658624
21,statement,actor_None_statement_01,source_center_noop,pair_0028_sad,08,01,sad,23.20448129240071
21,statement,actor_None_statement_01,source_center_noop,pair_0029_happy,08,01,happy,41.60312849355478
21,statement,actor_None_statement_01,source_center_noop,pair_0029_sad,08,01,sad,28.155228518960808
21,statement,actor_None_statement_01,source_center_noop,pair_0032_happy,09,01,happy,43.26014513942932
21,statement,actor_None_statement_01,source_center_noop,pair_0032_sad,09,01,sad,38.10766674437315
21,statement,actor_None_statement_01,source_center_noop,pair_0033_happy,09,01,happy,41.4790054035218
21,statement,actor_None_statement_01,source_center_noop,pair_0033_sad,09,01,sad,41.8399527726069
21,statement,actor_None_statement_01,source_center_noop,pair_0036_happy,10,01,happy,57.077656398020416
21,statement,actor_None_statement_01,source_center_noop,pair_0036_sad,10,01,sad,44.692380983641506
21,statement,actor_None_statement_01,source_center_noop,pair_0037_happy,10,01,happy,46.0886452215381
21,statement,actor_None_statement_01,source_center_noop,pair_0037_sad,10,01,sad,43.56176589086306
21,statement,actor_None_statement_01,source_center_noop,pair_0040_happy,11,01,happy,26.382924669393688
21,statement,actor_None_statement_01,source_center_noop,pair_0040_sad,11,01,sad,26.66435995174392
21,statement,actor_None_statement_01,source_center_noop,pair_0041_happy,11,01,happy,28.91539695916644
21,statement,actor_None_statement_01,source_center_noop,pair_0041_sad,11,01,sad,45.402136323704134
21,statement,actor_None_statement_01,source_center_noop,pair_0044_happy,12,01,happy,27.710432547589146
21,statement,actor_None_statement_01,source_center_noop,pair_0044_sad,12,01,sad,40.91975614760909
21,statement,actor_None_statement_01,source_center_noop,pair_0045_happy,12,01,happy,38.80577821923169
21,statement,actor_None_statement_01,source_center_noop,pair_0045_sad,12,01,sad,38.071059368691046
21,statement,actor_None_statement_01,source_center_noop,pair_0048_happy,13,01,happy,22.194511370089305
21,statement,actor_None_statement_01,source_center_noop,pair_0048_sad,13,01,sad,27.891600280343578
21,statement,actor_None_statement_01,source_center_noop,pair_0049_happy,13,01,happy,20.640502378029787
21,statement,actor_None_statement_01,source_center_noop,pair_0049_sad,13,01,sad,16.99826458719448
21,statement,actor_None_statement_01,source_center_noop,pair_0052_happy,14,01,happy,36.34699708365563
21,statement,actor_None_statement_01,source_center_noop,pair_0052_sad,14,01,sad,45.97076534880599
21,statement,actor_None_statement_01,source_center_noop,pair_0053_happy,14,01,happy,19.608581492980804
21,statement,actor_None_statement_01,source_center_noop,pair_0053_sad,14,01,sad,32.02981418571447
21,statement,actor_None_statement_01,source_center_noop,pair_0056_happy,15,01,happy,27.15586513425959
21,statement,actor_None_statement_01,source_center_noop,pair_0056_sad,15,01,sad,2.7977404837368267
21,statement,actor_None_statement_01,source_center_noop,pair_0057_happy,15,01,happy,20.585291921400934
21,statement,actor_None_statement_01,source_center_noop,pair_0057_sad,15,01,sad,20.139731098595906
21,statement,actor_None_statement_01,source_center_noop,pair_0060_happy,16,01,happy,32.504414119012516
21,statement,actor_None_statement_01,source_center_noop,pair_0060_sad,16,01,sad,49.2149258578583
21,statement,actor_None_statement_01,source_center_noop,pair_0061_happy,16,01,happy,23.459574324558588
21,statement,actor_None_statement_01,source_center_noop,pair_0061_sad,16,01,sad,24.197672968438507
21,statement,actor_None_statement_01,source_center_noop,pair_0064_happy,17,01,happy,37.62787688584547
21,statement,actor_None_statement_01,source_center_noop,pair_0064_sad,17,01,sad,40.415816741570715
21,statement,actor_None_statement_01,source_center_noop,pair_0065_happy,17,01,happy,39.55442377449097
21,statement,actor_None_statement_01,source_center_noop,pair_0065_sad,17,01,sad,18.667129624374166
21,statement,actor_None_statement_01,source_center_noop,pair_0068_happy,18,01,happy,29.95617359902083
21,statement,actor_None_statement_01,source_center_noop,pair_0068_sad,18,01,sad,25.870918457839256
21,statement,actor_None_statement_01,source_center_noop,pair_0069_happy,18,01,happy,14.515661872873244
21,statement,actor_None_statement_01,source_center_noop,pair_0069_sad,18,01,sad,46.99318551320812
21,statement,actor_None_statement_01,source_center_noop,pair_0072_happy,19,01,happy,51.31043514092412
21,statement,actor_None_statement_01,source_center_noop,pair_0072_sad,19,01,sad,32.177017261210416
21,statement,actor_None_statement_01,source_center_noop,pair_0073_happy,19,01,happy,34.916647159977074
21,statement,actor_None_statement_01,source_center_noop,pair_0073_sad,19,01,sad,37.34085417843105
21,statement,actor_None_statement_01,source_center_noop,pair_0076_happy,20,01,happy,41.73195692330193
21,statement,actor_None_statement_01,source_center_noop,pair_0076_sad,20,01,sad,54.40918831404203
21,statement,actor_None_statement_01,source_center_noop,pair_0077_happy,20,01,happy,30.40133845831682
21,statement,actor_None_statement_01,source_center_noop,pair_0077_sad,20,01,sad,23.72744613569432
21,statement,actor_None_statement_01,source_center_noop,pair_0080_happy,21,01,happy,26.47174525584125
21,statement,actor_None_statement_01,source_center_noop,pair_0080_sad,21,01,sad,39.929597773965504
21,statement,actor_None_statement_01,source_center_noop,pair_0081_happy,21,01,happy,41.03873008055121
21,statement,actor_None_statement_01,source_center_noop,pair_0081_sad,21,01,sad,33.78250450045757
21,statement,actor_None_statement_01,source_center_noop,pair_0084_happy,22,01,happy,47.92448722833917
21,statement,actor_None_statement_01,source_center_noop,pair_0084_sad,22,01,sad,31.940943086631254
21,statement,actor_None_statement_01,source_center_noop,pair_0085_happy,22,01,happy,33.5314240736255
21,statement,actor_None_statement_01,source_center_noop,pair_0085_sad,22,01,sad,50.69610335453586
21,statement,actor_None_statement_01,source_center_noop,pair_0088_happy,23,01,happy,29.98327519374944
21,statement,actor_None_statement_01,source_center_noop,pair_0088_sad,23,01,sad,39.2889984560027
21,statement,actor_None_statement_01,source_center_noop,pair_0089_happy,23,01,happy,31.740471826073
21,statement,actor_None_statement_01,source_center_noop,pair_0089_sad,23,01,sad,14.78732667703414
21,statement,actor_None_statement_01,source_center_noop,pair_0092_happy,24,01,happy,25.18757637886544
21,statement,actor_None_statement_01,source_center_noop,pair_0092_sad,24,01,sad,47.96106102013707
21,statement,actor_None_statement_01,source_center_noop,pair_0093_happy,24,01,happy,31.187337353623665
21,statement,actor_None_statement_01,source_center_noop,pair_0093_sad,24,01,sad,43.72735732313797
21,statement,actor_None_statement_01,transductive_center,pair_0000_happy,01,01,happy,-4.433552189998927
21,statement,actor_None_statement_01,transductive_center,pair_0000_sad,01,01,sad,-5.081726863170022
21,statement,actor_None_statement_01,transductive_center,pair_0001_happy,01,01,happy,4.971458628787467
21,statement,actor_None_statement_01,transductive_center,pair_0001_sad,01,01,sad,14.381062841580828
21,statement,actor_None_statement_01,transductive_center,pair_0004_happy,02,01,happy,-15.309891880620082
21,statement,actor_None_statement_01,transductive_center,pair_0004_sad,02,01,sad,12.591652968608678
21,statement,actor_None_statement_01,transductive_center,pair_0005_happy,02,01,happy,-11.15185264935737
21,statement,actor_None_statement_01,transductive_center,pair_0005_sad,02,01,sad,20.066561103339822
21,statement,actor_None_statement_01,transductive_center,pair_0008_happy,03,01,happy,12.468732950097206
21,statement,actor_None_statement_01,transductive_center,pair_0008_sad,03,01,sad,6.497062691630802
21,statement,actor_None_statement_01,transductive_center,pair_0009_happy,03,01,happy,-1.1666201207796334
21,statement,actor_None_statement_01,transductive_center,pair_0009_sad,03,01,sad,4.182276300027112
21,statement,actor_None_statement_01,transductive_center,pair_0012_happy,04,01,happy,9.601111328794254
21,statement,actor_None_statement_01,transductive_center,pair_0012_sad,04,01,sad,8.758528177198464
21,statement,actor_None_statement_01,transductive_center,pair_0013_happy,04,01,happy,12.518771046545027
21,statement,actor_None_statement_01,transductive_center,pair_0013_sad,04,01,sad,-6.559167057961293
21,statement,actor_None_statement_01,transductive_center,pair_0016_happy,05,01,happy,12.760932665678261
21,statement,actor_None_statement_01,transductive_center,pair_0016_sad,05,01,sad,-20.94688332167454
21,statement,actor_None_statement_01,transductive_center,pair_0017_happy,05,01,happy,-8.648961440974542
21,statement,actor_None_statement_01,transductive_center,pair_0017_sad,05,01,sad,-7.580618146951203
21,statement,actor_None_statement_01,transductive_center,pair_0020_happy,06,01,happy,-0.29149312464903687
21,statement,actor_None_statement_01,transductive_center,pair_0020_sad,06,01,sad,4.356317220415022
21,statement,actor_None_statement_01,transductive_center,pair_0021_happy,06,01,happy,-1.840167881509565
21,statement,actor_None_statement_01,transductive_center,pair_0021_sad,06,01,sad,-8.02738011186155
21,statement,actor_None_statement_01,transductive_center,pair_0024_happy,07,01,happy,-2.3059119952941423
21,statement,actor_None_statement_01,transductive_center,pair_0024_sad,07,01,sad,-13.679133287637864
21,statement,actor_None_statement_01,transductive_center,pair_0025_happy,07,01,happy,4.8818868637698145
21,statement,actor_None_statement_01,transductive_center,pair_0025_sad,07,01,sad,-4.121338363645425
21,statement,actor_None_statement_01,transductive_center,pair_0028_happy,08,01,happy,-6.902576716134227
21,statement,actor_None_statement_01,transductive_center,pair_0028_sad,08,01,sad,-10.85802458739214
21,statement,actor_None_statement_01,transductive_center,pair_0029_happy,08,01,happy,7.540622613761926
21,statement,actor_None_statement_01,transductive_center,pair_0029_sad,08,01,sad,-5.907277360832044
21,statement,actor_None_statement_01,transductive_center,pair_0032_happy,09,01,happy,9.197639259636468
21,statement,actor_None_statement_01,transductive_center,pair_0032_sad,09,01,sad,4.045160864580296
21,statement,actor_None_statement_01,transductive_center,pair_0033_happy,09,01,happy,7.416499523728952
21,statement,actor_None_statement_01,transductive_center,pair_0033_sad,09,01,sad,7.777446892814048
21,statement,actor_None_statement_01,transductive_center,pair_0036_happy,10,01,happy,23.015150518227564
21,statement,actor_None_statement_01,transductive_center,pair_0036_sad,10,01,sad,10.629875103848654
21,statement,actor_None_statement_01,transductive_center,pair_0037_happy,10,01,happy,12.02613934174525
21,statement,actor_None_statement_01,transductive_center,pair_0037_sad,10,01,sad,9.499260011070206
21,statement,actor_None_statement_01,transductive_center,pair_0040_happy,11,01,happy,-7.679581210399164
21,statement,actor_None_statement_01,transductive_center,pair_0040_sad,11,01,sad,-7.398145928048933
21,statement,actor_None_statement_01,transductive_center,pair_0041_happy,11,01,happy,-5.147108920626412
21,statement,actor_None_statement_01,transductive_center,pair_0041_sad,11,01,sad,11.339630443911282
21,statement,actor_None_statement_01,transductive_center,pair_0044_happy,12,01,happy,-6.352073332203705
21,statement,actor_None_statement_01,transductive_center,pair_0044_sad,12,01,sad,6.857250267816241
21,statement,actor_None_statement_01,transductive_center,pair_0045_happy,12,01,happy,4.743272339438839
21,statement,actor_None_statement_01,transductive_center,pair_0045_sad,12,01,sad,4.008553488898194
21,statement,actor_None_statement_01,transductive_center,pair_0048_happy,13,01,happy,-11.867994509703546
21,statement,actor_None_statement_01,transductive_center,pair_0048_sad,13,01,sad,-6.170905599449274
21,statement,actor_None_statement_01,transductive_center,pair_0049_happy,13,01,happy,-13.422003501763065
21,statement,actor_None_statement_01,transductive_center,pair_0049_sad,13,01,sad,-17.06424129259837
21,statement,actor_None_statement_01,transductive_center,pair_0052_happy,14,01,happy,2.2844912038627783
21,statement,actor_None_statement_01,transductive_center,pair_0052_sad,14,01,sad,11.908259469013139
21,statement,actor_None_statement_01,transductive_center,pair_0053_happy,14,01,happy,-14.453924386812048
21,statement,actor_None_statement_01,transductive_center,pair_0053_sad,14,01,sad,-2.0326916940783804
21,statement,actor_None_statement_01,transductive_center,pair_0056_happy,15,01,happy,-6.906640745533263
21,statement,actor_None_statement_01,transductive_center,pair_0056_sad,15,01,sad,-31.264765396056024
21,statement,actor_None_statement_01,transductive_center,pair_0057_happy,15,01,happy,-13.477213958391918
21,statement,actor_None_statement_01,transductive_center,pair_0057_sad,15,01,sad,-13.922774781196946
21,statement,actor_None_statement_01,transductive_center,pair_0060_happy,16,01,happy,-1.5580917607803357
21,statement,actor_None_statement_01,transductive_center,pair_0060_sad,16,01,sad,15.152419978065446
21,statement,actor_None_statement_01,transductive_center,pair_0061_happy,16,01,happy,-10.602931555234264
21,statement,actor_None_statement_01,transductive_center,pair_0061_sad,16,01,sad,-9.864832911354345
21,statement,actor_None_statement_01,transductive_center,pair_0064_happy,17,01,happy,3.565371006052615
21,statement,actor_None_statement_01,transductive_center,pair_0064_sad,17,01,sad,6.353310861777864
21,statement,actor_None_statement_01,transductive_center,pair_0065_happy,17,01,happy,5.491917894698119
21,statement,actor_None_statement_01,transductive_center,pair_0065_sad,17,01,sad,-15.395376255418686
21,statement,actor_None_statement_01,transductive_center,pair_0068_happy,18,01,happy,-4.106332280772023
21,statement,actor_None_statement_01,transductive_center,pair_0068_sad,18,01,sad,-8.191587421953596
21,statement,actor_None_statement_01,transductive_center,pair_0069_happy,18,01,happy,-19.546844006919606
21,statement,actor_None_statement_01,transductive_center,pair_0069_sad,18,01,sad,12.930679633415266
21,statement,actor_None_statement_01,transductive_center,pair_0072_happy,19,01,happy,17.24792926113127
21,statement,actor_None_statement_01,transductive_center,pair_0072_sad,19,01,sad,-1.8854886185824355
21,statement,actor_None_statement_01,transductive_center,pair_0073_happy,19,01,happy,0.8541412801842228
21,statement,actor_None_statement_01,transductive_center,pair_0073_sad,19,01,sad,3.2783482986381998
21,statement,actor_None_statement_01,transductive_center,pair_0076_happy,20,01,happy,7.669451043509078
21,statement,actor_None_statement_01,transductive_center,pair_0076_sad,20,01,sad,20.346682434249175
21,statement,actor_None_statement_01,transductive_center,pair_0077_happy,20,01,happy,-3.6611674214760335
21,statement,actor_None_statement_01,transductive_center,pair_0077_sad,20,01,sad,-10.335059744098533
21,statement,actor_None_statement_01,transductive_center,pair_0080_happy,21,01,happy,-7.590760623951603
21,statement,actor_None_statement_01,transductive_center,pair_0080_sad,21,01,sad,5.867091894172653
21,statement,actor_None_statement_01,transductive_center,pair_0081_happy,21,01,happy,6.9762242007583595
21,statement,actor_None_statement_01,transductive_center,pair_0081_sad,21,01,sad,-0.2800013793352818
21,statement,actor_None_statement_01,transductive_center,pair_0084_happy,22,01,happy,13.861981348546315
21,statement,actor_None_statement_01,transductive_center,pair_0084_sad,22,01,sad,-2.1215627931615977
21,statement,actor_None_statement_01,transductive_center,pair_0085_happy,22,01,happy,-0.5310818061673501
21,statement,actor_None_statement_01,transductive_center,pair_0085_sad,22,01,sad,16.633597474743006
21,statement,actor_None_statement_01,transductive_center,pair_0088_happy,23,01,happy,-4.079230686043413
21,statement,actor_None_statement_01,transductive_center,pair_0088_sad,23,01,sad,5.22649257620985
21,statement,actor_None_statement_01,transductive_center,pair_0089_happy,23,01,happy,-2.3220340537198503
21,statement,actor_None_statement_01,transductive_center,pair_0089_sad,23,01,sad,-19.275179202758714
21,statement,actor_None_statement_01,transductive_center,pair_0092_happy,24,01,happy,-8.874929500927411
21,statement,actor_None_statement_01,transductive_center,pair_0092_sad,24,01,sad,13.898555140344222
21,statement,actor_None_statement_01,transductive_center,pair_0093_happy,24,01,happy,-2.875168526169187
21,statement,actor_None_statement_01,transductive_center,pair_0093_sad,24,01,sad,9.664851443345121
21,statement,actor_None_statement_02,raw,pair_0002_happy,01,02,happy,-34.675802469726506
21,statement,actor_None_statement_02,raw,pair_0002_sad,01,02,sad,-36.398566019834895
21,statement,actor_None_statement_02,raw,pair_0003_happy,01,02,happy,-34.89257548633013
21,statement,actor_None_statement_02,raw,pair_0003_sad,01,02,sad,-34.446152108775365
21,statement,actor_None_statement_02,raw,pair_0006_happy,02,02,happy,-32.43832434360998
21,statement,actor_None_statement_02,raw,pair_0006_sad,02,02,sad,-31.59846902004265
21,statement,actor_None_statement_02,raw,pair_0007_happy,02,02,happy,-31.96040614471766
21,statement,actor_None_statement_02,raw,pair_0007_sad,02,02,sad,-32.81273694776401
21,statement,actor_None_statement_02,raw,pair_0010_happy,03,02,happy,-34.34735129779339
21,statement,actor_None_statement_02,raw,pair_0010_sad,03,02,sad,-34.09747370959034
21,statement,actor_None_statement_02,raw,pair_0011_happy,03,02,happy,-36.60636772477244
21,statement,actor_None_statement_02,raw,pair_0011_sad,03,02,sad,-36.04510064393027
21,statement,actor_None_statement_02,raw,pair_0014_happy,04,02,happy,-31.396597033834382
21,statement,actor_None_statement_02,raw,pair_0014_sad,04,02,sad,-35.53406072450587
21,statement,actor_None_statement_02,raw,pair_0015_happy,04,02,happy,-32.760677557073244
21,statement,actor_None_statement_02,raw,pair_0015_sad,04,02,sad,-35.144771710850854
21,statement,actor_None_statement_02,raw,pair_0018_happy,05,02,happy,-34.561299396699184
21,statement,actor_None_statement_02,raw,pair_0018_sad,05,02,sad,-33.8442157041892
21,statement,actor_None_statement_02,raw,pair_0019_happy,05,02,happy,-34.43316750402771
21,statement,actor_None_statement_02,raw,pair_0019_sad,05,02,sad,-35.04576306721487
21,statement,actor_None_statement_02,raw,pair_0022_happy,06,02,happy,-36.615309195436026
21,statement,actor_None_statement_02,raw,pair_0022_sad,06,02,sad,-33.509166172099185
21,statement,actor_None_statement_02,raw,pair_0023_happy,06,02,happy,-35.66002832923962
21,statement,actor_None_statement_02,raw,pair_0023_sad,06,02,sad,-35.3238878662349
21,statement,actor_None_statement_02,raw,pair_0026_happy,07,02,happy,-32.54270229406013
21,statement,actor_None_statement_02,raw,pair_0026_sad,07,02,sad,-33.89090635577407
21,statement,actor_None_statement_02,raw,pair_0027_happy,07,02,happy,-32.54270229406013
21,statement,actor_None_statement_02,raw,pair_0027_sad,07,02,sad,-36.668705944252984
21,statement,actor_None_statement_02,raw,pair_0030_happy,08,02,happy,-33.957317661918786
21,statement,actor_None_statement_02,raw,pair_0030_sad,08,02,sad,-39.554478367032736
21,statement,actor_None_statement_02,raw,pair_0031_happy,08,02,happy,-33.265293110711426
21,statement,actor_None_statement_02,raw,pair_0031_sad,08,02,sad,-39.438930440702194
21,statement,actor_None_statement_02,raw,pair_0034_happy,09,02,happy,-35.941498320256
21,statement,actor_None_statement_02,raw,pair_0034_sad,09,02,sad,-35.50975952015653
21,statement,actor_None_statement_02,raw,pair_0035_happy,09,02,happy,-36.524918371460345
21,statement,actor_None_statement_02,raw,pair_0035_sad,09,02,sad,-37.45410054184654
21,statement,actor_None_statement_02,raw,pair_0038_happy,10,02,happy,-33.63507625599684
21,statement,actor_None_statement_02,raw,pair_0038_sad,10,02,sad,-35.54303494008358
21,statement,actor_None_statement_02,raw,pair_0039_happy,10,02,happy,-35.76071041054415
21,statement,actor_None_statement_02,raw,pair_0039_sad,10,02,sad,-38.46114981255577
21,statement,actor_None_statement_02,raw,pair_0042_happy,11,02,happy,-36.20315571477845
21,statement,actor_None_statement_02,raw,pair_0042_sad,11,02,sad,-37.2604053389661
21,statement,actor_None_statement_02,raw,pair_0043_happy,11,02,happy,-33.58152270462003
21,statement,actor_None_statement_02,raw,pair_0043_sad,11,02,sad,-35.00584470804168
21,statement,actor_None_statement_02,raw,pair_0046_happy,12,02,happy,-32.77878163522766
21,statement,actor_None_statement_02,raw,pair_0046_sad,12,02,sad,-39.534790359372344
21,statement,actor_None_statement_02,raw,pair_0047_happy,12,02,happy,-32.613742699110766
21,statement,actor_None_statement_02,raw,pair_0047_sad,12,02,sad,-34.6430907005165
21,statement,actor_None_statement_02,raw,pair_0050_happy,13,02,happy,-35.08509623027477
21,statement,actor_None_statement_02,raw,pair_0050_sad,13,02,sad,-33.21816996905781
21,statement,actor_None_statement_02,raw,pair_0051_happy,13,02,happy,-33.25515775255664
21,statement,actor_None_statement_02,raw,pair_0051_sad,13,02,sad,-34.03309347080786
21,statement,actor_None_statement_02,raw,pair_0054_happy,14,02,happy,-32.88060470663747
21,statement,actor_None_statement_02,raw,pair_0054_sad,14,02,sad,-31.224396318327265
21,statement,actor_None_statement_02,raw,pair_0055_happy,14,02,happy,-33.91549979421116
21,statement,actor_None_statement_02,raw,pair_0055_sad,14,02,sad,-33.21069885072462
21,statement,actor_None_statement_02,raw,pair_0058_happy,15,02,happy,-34.64545421225474
21,statement,actor_None_statement_02,raw,pair_0058_sad,15,02,sad,-34.482742015730075
21,statement,actor_None_statement_02,raw,pair_0059_happy,15,02,happy,-34.59369977091126
21,statement,actor_None_statement_02,raw,pair_0059_sad,15,02,sad,-27.935687638584366
21,statement,actor_None_statement_02,raw,pair_0062_happy,16,02,happy,-35.22626998226967
21,statement,actor_None_statement_02,raw,pair_0062_sad,16,02,sad,-34.89684691339705
21,statement,actor_None_statement_02,raw,pair_0063_happy,16,02,happy,-33.74142116069333
21,statement,actor_None_statement_02,raw,pair_0063_sad,16,02,sad,-34.741629426500005
21,statement,actor_None_statement_02,raw,pair_0066_happy,17,02,happy,-34.57159903594654
21,statement,actor_None_statement_02,raw,pair_0066_sad,17,02,sad,-33.53467213775922
21,statement,actor_None_statement_02,raw,pair_0067_happy,17,02,happy,-36.347317543361996
21,statement,actor_None_statement_02,raw,pair_0067_sad,17,02,sad,-33.43140250225113
21,statement,actor_None_statement_02,raw,pair_0070_happy,18,02,happy,-33.25621720520048
21,statement,actor_None_statement_02,raw,pair_0070_sad,18,02,sad,-32.843599850805155
21,statement,actor_None_statement_02,raw,pair_0071_happy,18,02,happy,-0.8030443451603801
21,statement,actor_None_statement_02,raw,pair_0071_sad,18,02,sad,-34.70676262264989
21,statement,actor_None_statement_02,raw,pair_0074_happy,19,02,happy,-33.965127140629
21,statement,actor_None_statement_02,raw,pair_0074_sad,19,02,sad,-35.43222410695262
21,statement,actor_None_statement_02,raw,pair_0075_happy,19,02,happy,-32.45141502395465
21,statement,actor_None_statement_02,raw,pair_0075_sad,19,02,sad,-36.35709003508847
21,statement,actor_None_statement_02,raw,pair_0078_happy,20,02,happy,-35.64875670732299
21,statement,actor_None_statement_02,raw,pair_0078_sad,20,02,sad,-34.27088484711165
21,statement,actor_None_statement_02,raw,pair_0079_happy,20,02,happy,-31.791260028139224
21,statement,actor_None_statement_02,raw,pair_0079_sad,20,02,sad,-34.570950678925215
21,statement,actor_None_statement_02,raw,pair_0082_happy,21,02,happy,-38.1977876461918
21,statement,actor_None_statement_02,raw,pair_0082_sad,21,02,sad,-34.70874338428811
21,statement,actor_None_statement_02,raw,pair_0083_happy,21,02,happy,-35.80871437054476
21,statement,actor_None_statement_02,raw,pair_0083_sad,21,02,sad,-37.87384647424052
21,statement,actor_None_statement_02,raw,pair_0086_happy,22,02,happy,-32.0310017669192
21,statement,actor_None_statement_02,raw,pair_0086_sad,22,02,sad,-32.97964211353946
21,statement,actor_None_statement_02,raw,pair_0087_happy,22,02,happy,-34.93437067317271
21,statement,actor_None_statement_02,raw,pair_0087_sad,22,02,sad,-34.63038783095766
21,statement,actor_None_statement_02,raw,pair_0090_happy,23,02,happy,-34.89392082008475
21,statement,actor_None_statement_02,raw,pair_0090_sad,23,02,sad,-34.779453652242175
21,statement,actor_None_statement_02,raw,pair_0091_happy,23,02,happy,-35.012617708207955
21,statement,actor_None_statement_02,raw,pair_0091_sad,23,02,sad,-36.55258674968092
21,statement,actor_None_statement_02,raw,pair_0094_happy,24,02,happy,-34.55457662597905
21,statement,actor_None_statement_02,raw,pair_0094_sad,24,02,sad,-44.513310609365035
21,statement,actor_None_statement_02,raw,pair_0095_happy,24,02,happy,-35.566586389396626
21,statement,actor_None_statement_02,raw,pair_0095_sad,24,02,sad,-33.640660534788154
21,statement,actor_None_statement_02,source_center_noop,pair_0002_happy,01,02,happy,-34.675802469726506
21,statement,actor_None_statement_02,source_center_noop,pair_0002_sad,01,02,sad,-36.398566019834895
21,statement,actor_None_statement_02,source_center_noop,pair_0003_happy,01,02,happy,-34.89257548633013
21,statement,actor_None_statement_02,source_center_noop,pair_0003_sad,01,02,sad,-34.446152108775365
21,statement,actor_None_statement_02,source_center_noop,pair_0006_happy,02,02,happy,-32.43832434360998
21,statement,actor_None_statement_02,source_center_noop,pair_0006_sad,02,02,sad,-31.59846902004265
21,statement,actor_None_statement_02,source_center_noop,pair_0007_happy,02,02,happy,-31.96040614471766
21,statement,actor_None_statement_02,source_center_noop,pair_0007_sad,02,02,sad,-32.81273694776401
21,statement,actor_None_statement_02,source_center_noop,pair_0010_happy,03,02,happy,-34.34735129779339
21,statement,actor_None_statement_02,source_center_noop,pair_0010_sad,03,02,sad,-34.09747370959034
21,statement,actor_None_statement_02,source_center_noop,pair_0011_happy,03,02,happy,-36.60636772477244
21,statement,actor_None_statement_02,source_center_noop,pair_0011_sad,03,02,sad,-36.04510064393027
21,statement,actor_None_statement_02,source_center_noop,pair_0014_happy,04,02,happy,-31.396597033834382
21,statement,actor_None_statement_02,source_center_noop,pair_0014_sad,04,02,sad,-35.53406072450587
21,statement,actor_None_statement_02,source_center_noop,pair_0015_happy,04,02,happy,-32.760677557073244
21,statement,actor_None_statement_02,source_center_noop,pair_0015_sad,04,02,sad,-35.144771710850854
21,statement,actor_None_statement_02,source_center_noop,pair_0018_happy,05,02,happy,-34.561299396699184
21,statement,actor_None_statement_02,source_center_noop,pair_0018_sad,05,02,sad,-33.8442157041892
21,statement,actor_None_statement_02,source_center_noop,pair_0019_happy,05,02,happy,-34.43316750402771
21,statement,actor_None_statement_02,source_center_noop,pair_0019_sad,05,02,sad,-35.04576306721487
21,statement,actor_None_statement_02,source_center_noop,pair_0022_happy,06,02,happy,-36.615309195436026
21,statement,actor_None_statement_02,source_center_noop,pair_0022_sad,06,02,sad,-33.509166172099185
21,statement,actor_None_statement_02,source_center_noop,pair_0023_happy,06,02,happy,-35.66002832923962
21,statement,actor_None_statement_02,source_center_noop,pair_0023_sad,06,02,sad,-35.3238878662349
21,statement,actor_None_statement_02,source_center_noop,pair_0026_happy,07,02,happy,-32.54270229406013
21,statement,actor_None_statement_02,source_center_noop,pair_0026_sad,07,02,sad,-33.89090635577407
21,statement,actor_None_statement_02,source_center_noop,pair_0027_happy,07,02,happy,-32.54270229406013
21,statement,actor_None_statement_02,source_center_noop,pair_0027_sad,07,02,sad,-36.668705944252984
21,statement,actor_None_statement_02,source_center_noop,pair_0030_happy,08,02,happy,-33.957317661918786
21,statement,actor_None_statement_02,source_center_noop,pair_0030_sad,08,02,sad,-39.554478367032736
21,statement,actor_None_statement_02,source_center_noop,pair_0031_happy,08,02,happy,-33.265293110711426
21,statement,actor_None_statement_02,source_center_noop,pair_0031_sad,08,02,sad,-39.438930440702194
21,statement,actor_None_statement_02,source_center_noop,pair_0034_happy,09,02,happy,-35.941498320256
21,statement,actor_None_statement_02,source_center_noop,pair_0034_sad,09,02,sad,-35.50975952015653
21,statement,actor_None_statement_02,source_center_noop,pair_0035_happy,09,02,happy,-36.524918371460345
21,statement,actor_None_statement_02,source_center_noop,pair_0035_sad,09,02,sad,-37.45410054184654
21,statement,actor_None_statement_02,source_center_noop,pair_0038_happy,10,02,happy,-33.63507625599684
21,statement,actor_None_statement_02,source_center_noop,pair_0038_sad,10,02,sad,-35.54303494008358
21,statement,actor_None_statement_02,source_center_noop,pair_0039_happy,10,02,happy,-35.76071041054415
21,statement,actor_None_statement_02,source_center_noop,pair_0039_sad,10,02,sad,-38.46114981255577
21,statement,actor_None_statement_02,source_center_noop,pair_0042_happy,11,02,happy,-36.20315571477845
21,statement,actor_None_statement_02,source_center_noop,pair_0042_sad,11,02,sad,-37.2604053389661
21,statement,actor_None_statement_02,source_center_noop,pair_0043_happy,11,02,happy,-33.58152270462003
21,statement,actor_None_statement_02,source_center_noop,pair_0043_sad,11,02,sad,-35.00584470804168
21,statement,actor_None_statement_02,source_center_noop,pair_0046_happy,12,02,happy,-32.77878163522766
21,statement,actor_None_statement_02,source_center_noop,pair_0046_sad,12,02,sad,-39.534790359372344
21,statement,actor_None_statement_02,source_center_noop,pair_0047_happy,12,02,happy,-32.613742699110766
21,statement,actor_None_statement_02,source_center_noop,pair_0047_sad,12,02,sad,-34.6430907005165
21,statement,actor_None_statement_02,source_center_noop,pair_0050_happy,13,02,happy,-35.08509623027477
21,statement,actor_None_statement_02,source_center_noop,pair_0050_sad,13,02,sad,-33.21816996905781
21,statement,actor_None_statement_02,source_center_noop,pair_0051_happy,13,02,happy,-33.25515775255664
21,statement,actor_None_statement_02,source_center_noop,pair_0051_sad,13,02,sad,-34.03309347080786
21,statement,actor_None_statement_02,source_center_noop,pair_0054_happy,14,02,happy,-32.88060470663747
21,statement,actor_None_statement_02,source_center_noop,pair_0054_sad,14,02,sad,-31.224396318327265
21,statement,actor_None_statement_02,source_center_noop,pair_0055_happy,14,02,happy,-33.91549979421116
21,statement,actor_None_statement_02,source_center_noop,pair_0055_sad,14,02,sad,-33.21069885072462
21,statement,actor_None_statement_02,source_center_noop,pair_0058_happy,15,02,happy,-34.64545421225474
21,statement,actor_None_statement_02,source_center_noop,pair_0058_sad,15,02,sad,-34.482742015730075
21,statement,actor_None_statement_02,source_center_noop,pair_0059_happy,15,02,happy,-34.59369977091126
21,statement,actor_None_statement_02,source_center_noop,pair_0059_sad,15,02,sad,-27.935687638584366
21,statement,actor_None_statement_02,source_center_noop,pair_0062_happy,16,02,happy,-35.22626998226967
21,statement,actor_None_statement_02,source_center_noop,pair_0062_sad,16,02,sad,-34.89684691339705
21,statement,actor_None_statement_02,source_center_noop,pair_0063_happy,16,02,happy,-33.74142116069333
21,statement,actor_None_statement_02,source_center_noop,pair_0063_sad,16,02,sad,-34.741629426500005
21,statement,actor_None_statement_02,source_center_noop,pair_0066_happy,17,02,happy,-34.57159903594654
21,statement,actor_None_statement_02,source_center_noop,pair_0066_sad,17,02,sad,-33.53467213775922
21,statement,actor_None_statement_02,source_center_noop,pair_0067_happy,17,02,happy,-36.347317543361996
21,statement,actor_None_statement_02,source_center_noop,pair_0067_sad,17,02,sad,-33.43140250225113
21,statement,actor_None_statement_02,source_center_noop,pair_0070_happy,18,02,happy,-33.25621720520048
21,statement,actor_None_statement_02,source_center_noop,pair_0070_sad,18,02,sad,-32.843599850805155
21,statement,actor_None_statement_02,source_center_noop,pair_0071_happy,18,02,happy,-0.8030443451603801
21,statement,actor_None_statement_02,source_center_noop,pair_0071_sad,18,02,sad,-34.70676262264989
21,statement,actor_None_statement_02,source_center_noop,pair_0074_happy,19,02,happy,-33.965127140629
21,statement,actor_None_statement_02,source_center_noop,pair_0074_sad,19,02,sad,-35.43222410695262
21,statement,actor_None_statement_02,source_center_noop,pair_0075_happy,19,02,happy,-32.45141502395465
21,statement,actor_None_statement_02,source_center_noop,pair_0075_sad,19,02,sad,-36.35709003508847
21,statement,actor_None_statement_02,source_center_noop,pair_0078_happy,20,02,happy,-35.64875670732299
21,statement,actor_None_statement_02,source_center_noop,pair_0078_sad,20,02,sad,-34.27088484711165
21,statement,actor_None_statement_02,source_center_noop,pair_0079_happy,20,02,happy,-31.791260028139224
21,statement,actor_None_statement_02,source_center_noop,pair_0079_sad,20,02,sad,-34.570950678925215
21,statement,actor_None_statement_02,source_center_noop,pair_0082_happy,21,02,happy,-38.1977876461918
21,statement,actor_None_statement_02,source_center_noop,pair_0082_sad,21,02,sad,-34.70874338428811
21,statement,actor_None_statement_02,source_center_noop,pair_0083_happy,21,02,happy,-35.80871437054476
21,statement,actor_None_statement_02,source_center_noop,pair_0083_sad,21,02,sad,-37.87384647424052
21,statement,actor_None_statement_02,source_center_noop,pair_0086_happy,22,02,happy,-32.0310017669192
21,statement,actor_None_statement_02,source_center_noop,pair_0086_sad,22,02,sad,-32.97964211353946
21,statement,actor_None_statement_02,source_center_noop,pair_0087_happy,22,02,happy,-34.93437067317271
21,statement,actor_None_statement_02,source_center_noop,pair_0087_sad,22,02,sad,-34.63038783095766
21,statement,actor_None_statement_02,source_center_noop,pair_0090_happy,23,02,happy,-34.89392082008475
21,statement,actor_None_statement_02,source_center_noop,pair_0090_sad,23,02,sad,-34.779453652242175
21,statement,actor_None_statement_02,source_center_noop,pair_0091_happy,23,02,happy,-35.012617708207955
21,statement,actor_None_statement_02,source_center_noop,pair_0091_sad,23,02,sad,-36.55258674968092
21,statement,actor_None_statement_02,source_center_noop,pair_0094_happy,24,02,happy,-34.55457662597905
21,statement,actor_None_statement_02,source_center_noop,pair_0094_sad,24,02,sad,-44.513310609365035
21,statement,actor_None_statement_02,source_center_noop,pair_0095_happy,24,02,happy,-35.566586389396626
21,statement,actor_None_statement_02,source_center_noop,pair_0095_sad,24,02,sad,-33.640660534788154
21,statement,actor_None_statement_02,transductive_center,pair_0002_happy,01,02,happy,-0.24048471779671843
21,statement,actor_None_statement_02,transductive_center,pair_0002_sad,01,02,sad,-1.963248267905108
21,statement,actor_None_statement_02,transductive_center,pair_0003_happy,01,02,happy,-0.45725773440034345
21,statement,actor_None_statement_02,transductive_center,pair_0003_sad,01,02,sad,-0.010834356845577986
21,statement,actor_None_statement_02,transductive_center,pair_0006_happy,02,02,happy,1.9969934083198098
21,statement,actor_None_statement_02,transductive_center,pair_0006_sad,02,02,sad,2.8368487318871374
21,statement,actor_None_statement_02,transductive_center,pair_0007_happy,02,02,happy,2.474911607212128
21,statement,actor_None_statement_02,transductive_center,pair_0007_sad,02,02,sad,1.6225808041657785
21,statement,actor_None_statement_02,transductive_center,pair_0010_happy,03,02,happy,0.08796645413639936
21,statement,actor_None_statement_02,transductive_center,pair_0010_sad,03,02,sad,0.337844042339448
21,statement,actor_None_statement_02,transductive_center,pair_0011_happy,03,02,happy,-2.1710499728426527
21,statement,actor_None_statement_02,transductive_center,pair_0011_sad,03,02,sad,-1.6097828920004815
21,statement,actor_None_statement_02,transductive_center,pair_0014_happy,04,02,happy,3.038720718095405
21,statement,actor_None_statement_02,transductive_center,pair_0014_sad,04,02,sad,-1.0987429725760833
21,statement,actor_None_statement_02,transductive_center,pair_0015_happy,04,02,happy,1.6746401948565435
21,statement,actor_None_statement_02,transductive_center,pair_0015_sad,04,02,sad,-0.7094539589210669
21,statement,actor_None_statement_02,transductive_center,pair_0018_happy,05,02,happy,-0.12598164476939644
21,statement,actor_None_statement_02,transductive_center,pair_0018_sad,05,02,sad,0.5911020477405842
21,statement,actor_None_statement_02,transductive_center,pair_0019_happy,05,02,happy,0.0021502479020796272
21,statement,actor_None_statement_02,transductive_center,pair_0019_sad,05,02,sad,-0.6104453152850837
21,statement,actor_None_statement_02,transductive_center,pair_0022_happy,06,02,happy,-2.179991443506239
21,statement,actor_None_statement_02,transductive_center,pair_0022_sad,06,02,sad,0.9261515798306021
21,statement,actor_None_statement_02,transductive_center,pair_0023_happy,06,02,happy,-1.2247105773098355
21,statement,actor_None_statement_02,transductive_center,pair_0023_sad,06,02,sad,-0.8885701143051108
21,statement,actor_None_statement_02,transductive_center,pair_0026_happy,07,02,happy,1.8926154578696597
21,statement,actor_None_statement_02,transductive_center,pair_0026_sad,07,02,sad,0.5444113961557164
21,statement,actor_None_statement_02,transductive_center,pair_0027_happy,07,02,happy,1.8926154578696597
21,statement,actor_None_statement_02,transductive_center,pair_0027_sad,07,02,sad,-2.233388192323197
21,statement,actor_None_statement_02,transductive_center,pair_0030_happy,08,02,happy,0.4780000900110011
21,statement,actor_None_statement_02,transductive_center,pair_0030_sad,08,02,sad,-5.119160615102949
21,statement,actor_None_statement_02,transductive_center,pair_0031_happy,08,02,happy,1.1700246412183617
21,statement,actor_None_statement_02,transductive_center,pair_0031_sad,08,02,sad,-5.003612688772407
21,statement,actor_None_statement_02,transductive_center,pair_0034_happy,09,02,happy,-1.506180568326215
21,statement,actor_None_statement_02,transductive_center,pair_0034_sad,09,02,sad,-1.074441768226741
21,statement,actor_None_statement_02,transductive_center,pair_0035_happy,09,02,happy,-2.0896006195305574
21,statement,actor_None_statement_02,transductive_center,pair_0035_sad,09,02,sad,-3.018782789916756
21,statement,actor_None_statement_02,transductive_center,pair_0038_happy,10,02,happy,0.8002414959329442
21,statement,actor_None_statement_02,transductive_center,pair_0038_sad,10,02,sad,-1.1077171881537922
21,statement,actor_None_statement_02,transductive_center,pair_0039_happy,10,02,happy,-1.325392658614362
21,statement,actor_None_statement_02,transductive_center,pair_0039_sad,10,02,sad,-4.02583206062598
21,statement,actor_None_statement_02,transductive_center,pair_0042_happy,11,02,happy,-1.7678379628486596
21,statement,actor_None_statement_02,transductive_center,pair_0042_sad,11,02,sad,-2.8250875870363146
21,statement,actor_None_statement_02,transductive_center,pair_0043_happy,11,02,happy,0.8537950473097595
21,statement,actor_None_statement_02,transductive_center,pair_0043_sad,11,02,sad,-0.5705269561118911
21,statement,actor_None_statement_02,transductive_center,pair_0046_happy,12,02,happy,1.656536116702128
21,statement,actor_None_statement_02,transductive_center,pair_0046_sad,12,02,sad,-5.099472607442557
21,statement,actor_None_statement_02,transductive_center,pair_0047_happy,12,02,happy,1.8215750528190213
21,statement,actor_None_statement_02,transductive_center,pair_0047_sad,12,02,sad,-0.20777294858671524
21,statement,actor_None_statement_02,transductive_center,pair_0050_happy,13,02,happy,-0.6497784783449845
21,statement,actor_None_statement_02,transductive_center,pair_0050_sad,13,02,sad,1.217147782871976
21,statement,actor_None_statement_02,transductive_center,pair_0051_happy,13,02,happy,1.1801599993731458
21,statement,actor_None_statement_02,transductive_center,pair_0051_sad,13,02,sad,0.4022242811219243
21,statement,actor_None_statement_02,transductive_center,pair_0054_happy,14,02,happy,1.554713045292317
21,statement,actor_None_statement_02,transductive_center,pair_0054_sad,14,02,sad,3.210921433602522
21,statement,actor_None_statement_02,transductive_center,pair_0055_happy,14,02,happy,0.5198179577186295
21,statement,actor_None_statement_02,transductive_center,pair_0055_sad,14,02,sad,1.2246189012051687
21,statement,actor_None_statement_02,transductive_center,pair_0058_happy,15,02,happy,-0.2101364603249536
21,statement,actor_None_statement_02,transductive_center,pair_0058_sad,15,02,sad,-0.04742426380028775
21,statement,actor_None_statement_02,transductive_center,pair_0059_happy,15,02,happy,-0.1583820189814702
21,statement,actor_None_statement_02,transductive_center,pair_0059_sad,15,02,sad,6.499630113345422
21,statement,actor_None_statement_02,transductive_center,pair_0062_happy,16,02,happy,-0.790952230339883
21,statement,actor_None_statement_02,transductive_center,pair_0062_sad,16,02,sad,-0.4615291614672614
21,statement,actor_None_statement_02,transductive_center,pair_0063_happy,16,02,happy,0.6938965912364594
21,statement,actor_None_statement_02,transductive_center,pair_0063_sad,16,02,sad,-0.30631167457021746
21,statement,actor_None_statement_02,transductive_center,pair_0066_happy,17,02,happy,-0.13628128401675355
21,statement,actor_None_statement_02,transductive_center,pair_0066_sad,17,02,sad,0.9006456141705641
21,statement,actor_None_statement_02,transductive_center,pair_0067_happy,17,02,happy,-1.9119997914322084
21,statement,actor_None_statement_02,transductive_center,pair_0067_sad,17,02,sad,1.0039152496786556
21,statement,actor_None_statement_02,transductive_center,pair_0070_happy,18,02,happy,1.179100546729309
21,statement,actor_None_statement_02,transductive_center,pair_0070_sad,18,02,sad,1.5917179011246319
21,statement,actor_None_statement_02,transductive_center,pair_0071_happy,18,02,happy,33.63227340676941
21,statement,actor_None_statement_02,transductive_center,pair_0071_sad,18,02,sad,-0.2714448707201029
21,statement,actor_None_statement_02,transductive_center,pair_0074_happy,19,02,happy,0.47019061130078654
21,statement,actor_None_statement_02,transductive_center,pair_0074_sad,19,02,sad,-0.9969063550228299
21,statement,actor_None_statement_02,transductive_center,pair_0075_happy,19,02,happy,1.983902727975135
21,statement,actor_None_statement_02,transductive_center,pair_0075_sad,19,02,sad,-1.9217722831586812
21,statement,actor_None_statement_02,transductive_center,pair_0078_happy,20,02,happy,-1.213438955393201
21,statement,actor_None_statement_02,transductive_center,pair_0078_sad,20,02,sad,0.16443290481813477
21,statement,actor_None_statement_02,transductive_center,pair_0079_happy,20,02,happy,2.6440577237905636
21,statement,actor_None_statement_02,transductive_center,pair_0079_sad,20,02,sad,-0.13563292699542728
21,statement,actor_None_statement_02,transductive_center,pair_0082_happy,21,02,happy,-3.7624698942620114
21,statement,actor_None_statement_02,transductive_center,pair_0082_sad,21,02,sad,-0.2734256323583253
21,statement,actor_None_statement_02,transductive_center,pair_0083_happy,21,02,happy,-1.3733966186149758
21,statement,actor_None_statement_02,transductive_center,pair_0083_sad,21,02,sad,-3.4385287223107355
21,statement,actor_None_statement_02,transductive_center,pair_0086_happy,22,02,happy,2.4043159850105837
21,statement,actor_None_statement_02,transductive_center,pair_0086_sad,22,02,sad,1.4556756383903249
21,statement,actor_None_statement_02,transductive_center,pair_0087_happy,22,02,happy,-0.4990529212429209
21,statement,actor_None_statement_02,transductive_center,pair_0087_sad,22,02,sad,-0.19507007902787166
21,statement,actor_None_statement_02,transductive_center,pair_0090_happy,23,02,happy,-0.45860306815496443
21,statement,actor_None_statement_02,transductive_center,pair_0090_sad,23,02,sad,-0.34413590031238783
21,statement,actor_None_statement_02,transductive_center,pair_0091_happy,23,02,happy,-0.5772999562781678
21,statement,actor_None_statement_02,transductive_center,pair_0091_sad,23,02,sad,-2.1172689977511325
21,statement,actor_None_statement_02,transductive_center,pair_0094_happy,24,02,happy,-0.11925887404926527
21,statement,actor_None_statement_02,transductive_center,pair_0094_sad,24,02,sad,-10.077992857435248
21,statement,actor_None_statement_02,transductive_center,pair_0095_happy,24,02,happy,-1.1312686374668388
21,statement,actor_None_statement_02,transductive_center,pair_0095_sad,24,02,sad,0.7946572171416335
21,joint,actor_01_statement_01,raw,pair_0000_happy,01,01,happy,47.16986928691996
21,joint,actor_01_statement_01,raw,pair_0000_sad,01,01,sad,49.50673685766921
21,joint,actor_01_statement_01,raw,pair_0001_happy,01,01,happy,59.59464177929745
21,joint,actor_01_statement_01,raw,pair_0001_sad,01,01,sad,66.55788960346383
21,joint,actor_01_statement_01,source_center_noop,pair_0000_happy,01,01,happy,47.16986928691996
21,joint,actor_01_statement_01,source_center_noop,pair_0000_sad,01,01,sad,49.50673685766921
21,joint,actor_01_statement_01,source_center_noop,pair_0001_happy,01,01,happy,59.59464177929745
21,joint,actor_01_statement_01,source_center_noop,pair_0001_sad,01,01,sad,66.55788960346383
21,joint,actor_01_statement_01,independent_center,pair_0000_happy,01,01,happy,-4.374743817654057
21,joint,actor_01_statement_01,independent_center,pair_0000_sad,01,01,sad,-2.0378762469048084
21,joint,actor_01_statement_01,independent_center,pair_0001_happy,01,01,happy,8.050028674723428
21,joint,actor_01_statement_01,independent_center,pair_0001_sad,01,01,sad,15.013276498889816
21,joint,actor_01_statement_01,independent_rank1,pair_0000_happy,01,01,happy,-3.0221006105313117
21,joint,actor_01_statement_01,independent_rank1,pair_0000_sad,01,01,sad,-2.583123282372906
21,joint,actor_01_statement_01,independent_rank1,pair_0001_happy,01,01,happy,8.390836661348857
21,joint,actor_01_statement_01,independent_rank1,pair_0001_sad,01,01,sad,11.91435650911111
21,joint,actor_01_statement_02,raw,pair_0002_happy,01,02,happy,-29.95891712725603
21,joint,actor_01_statement_02,raw,pair_0002_sad,01,02,sad,-32.04308807290672
21,joint,actor_01_statement_02,raw,pair_0003_happy,01,02,happy,-30.446065768680473
21,joint,actor_01_statement_02,raw,pair_0003_sad,01,02,sad,-29.7748103138199
21,joint,actor_01_statement_02,source_center_noop,pair_0002_happy,01,02,happy,-29.95891712725603
21,joint,actor_01_statement_02,source_center_noop,pair_0002_sad,01,02,sad,-32.04308807290672
21,joint,actor_01_statement_02,source_center_noop,pair_0003_happy,01,02,happy,-30.446065768680473
21,joint,actor_01_statement_02,source_center_noop,pair_0003_sad,01,02,sad,-29.7748103138199
21,joint,actor_01_statement_02,independent_center,pair_0002_happy,01,02,happy,-0.18715390398327258
21,joint,actor_01_statement_02,independent_center,pair_0002_sad,01,02,sad,-2.271324849633963
21,joint,actor_01_statement_02,independent_center,pair_0003_happy,01,02,happy,-0.6743025454077163
21,joint,actor_01_statement_02,independent_center,pair_0003_sad,01,02,sad,-0.0030470905471418064
21,joint,actor_01_statement_02,independent_rank1,pair_0002_happy,01,02,happy,-0.006921578508972459
21,joint,actor_01_statement_02,independent_rank1,pair_0002_sad,01,02,sad,-0.3224870496352672
21,joint,actor_01_statement_02,independent_rank1,pair_0003_happy,01,02,happy,-2.8501532160264667
21,joint,actor_01_statement_02,independent_rank1,pair_0003_sad,01,02,sad,0.40246051817611317
21,joint,actor_02_statement_01,raw,pair_0004_happy,02,01,happy,8.273436679150114
21,joint,actor_02_statement_01,raw,pair_0004_sad,02,01,sad,34.41397523144667
21,joint,actor_02_statement_01,raw,pair_0005_happy,02,01,happy,12.091066760485559
21,joint,actor_02_statement_01,raw,pair_0005_sad,02,01,sad,40.96807480144481
21,joint,actor_02_statement_01,source_center_noop,pair_0004_happy,02,01,happy,8.273436679150114
21,joint,actor_02_statement_01,source_center_noop,pair_0004_sad,02,01,sad,34.41397523144667
21,joint,actor_02_statement_01,source_center_noop,pair_0005_happy,02,01,happy,12.091066760485559
21,joint,actor_02_statement_01,source_center_noop,pair_0005_sad,02,01,sad,40.96807480144481
21,joint,actor_02_statement_01,independent_center,pair_0004_happy,02,01,happy,-13.640187955596987
21,joint,actor_02_statement_01,independent_center,pair_0004_sad,02,01,sad,12.500350596699569
21,joint,actor_02_statement_01,independent_center,pair_0005_happy,02,01,happy,-9.822557874261543
21,joint,actor_02_statement_01,independent_center,pair_0005_sad,02,01,sad,19.054450166697706
21,joint,actor_02_statement_01,independent_rank1,pair_0004_happy,02,01,happy,-12.473957445547548
21,joint,actor_02_statement_01,independent_rank1,pair_0004_sad,02,01,sad,11.621348947159602
21,joint,actor_02_statement_01,independent_rank1,pair_0005_happy,02,01,happy,-10.26814291065023
21,joint,actor_02_statement_01,independent_rank1,pair_0005_sad,02,01,sad,16.798349290817818
21,joint,actor_02_statement_02,raw,pair_0006_happy,02,02,happy,-35.409514561703084
21,joint,actor_02_statement_02,raw,pair_0006_sad,02,02,sad,-35.088254988126145
21,joint,actor_02_statement_02,raw,pair_0007_happy,02,02,happy,-35.14821552025719
21,joint,actor_02_statement_02,raw,pair_0007_sad,02,02,sad,-35.75769004468594
21,joint,actor_02_statement_02,source_center_noop,pair_0006_happy,02,02,happy,-35.409514561703084
21,joint,actor_02_statement_02,source_center_noop,pair_0006_sad,02,02,sad,-35.088254988126145
21,joint,actor_02_statement_02,source_center_noop,pair_0007_happy,02,02,happy,-35.14821552025719
21,joint,actor_02_statement_02,source_center_noop,pair_0007_sad,02,02,sad,-35.75769004468594
21,joint,actor_02_statement_02,independent_center,pair_0006_happy,02,02,happy,2.55734348867896
21,joint,actor_02_statement_02,independent_center,pair_0006_sad,02,02,sad,2.8786030622558982
21,joint,actor_02_statement_02,independent_center,pair_0007_happy,02,02,happy,2.8186425301248548
21,joint,actor_02_statement_02,independent_center,pair_0007_sad,02,02,sad,2.2091680056961067
21,joint,actor_02_statement_02,independent_rank1,pair_0006_happy,02,02,happy,1.2658621790272662
21,joint,actor_02_statement_02,independent_rank1,pair_0006_sad,02,02,sad,3.2401341994592983
21,joint,actor_02_statement_02,independent_rank1,pair_0007_happy,02,02,happy,2.3806460576479083
21,joint,actor_02_statement_02,independent_rank1,pair_0007_sad,02,02,sad,-2.0434408147487204
21,joint,actor_03_statement_01,raw,pair_0008_happy,03,01,happy,39.81097280264202
21,joint,actor_03_statement_01,raw,pair_0008_sad,03,01,sad,33.895733863740595
21,joint,actor_03_statement_01,raw,pair_0009_happy,03,01,happy,26.690098582051593
21,joint,actor_03_statement_01,raw,pair_0009_sad,03,01,sad,32.32807008210324
21,joint,actor_03_statement_01,source_center_noop,pair_0008_happy,03,01,happy,39.81097280264202
21,joint,actor_03_statement_01,source_center_noop,pair_0008_sad,03,01,sad,33.895733863740595
21,joint,actor_03_statement_01,source_center_noop,pair_0009_happy,03,01,happy,26.690098582051593
21,joint,actor_03_statement_01,source_center_noop,pair_0009_sad,03,01,sad,32.32807008210324
21,joint,actor_03_statement_01,independent_center,pair_0008_happy,03,01,happy,12.49607533411043
21,joint,actor_03_statement_01,independent_center,pair_0008_sad,03,01,sad,6.580836395209005
21,joint,actor_03_statement_01,independent_center,pair_0009_happy,03,01,happy,-0.6247988864799972
21,joint,actor_03_statement_01,independent_center,pair_0009_sad,03,01,sad,5.013172613571648
21,joint,actor_03_statement_01,independent_rank1,pair_0008_happy,03,01,happy,13.300436531364435
21,joint,actor_03_statement_01,independent_rank1,pair_0008_sad,03,01,sad,5.820495819884311
21,joint,actor_03_statement_01,independent_rank1,pair_0009_happy,03,01,happy,-0.49676835123979624
21,joint,actor_03_statement_01,independent_rank1,pair_0009_sad,03,01,sad,4.591560516045188
21,joint,actor_03_statement_02,raw,pair_0010_happy,03,02,happy,-45.56471026546944
21,joint,actor_03_statement_02,raw,pair_0010_sad,03,02,sad,-45.676620020877465
21,joint,actor_03_statement_02,raw,pair_0011_happy,03,02,happy,-47.107380959303626
21,joint,actor_03_statement_02,raw,pair_0011_sad,03,02,sad,-47.411141260114725
21,joint,actor_03_statement_02,source_center_noop,pair_0010_happy,03,02,happy,-45.56471026546944
21,joint,actor_03_statement_02,source_center_noop,pair_0010_sad,03,02,sad,-45.676620020877465
21,joint,actor_03_statement_02,source_center_noop,pair_0011_happy,03,02,happy,-47.107380959303626
21,joint,actor_03_statement_02,source_center_noop,pair_0011_sad,03,02,sad,-47.411141260114725
21,joint,actor_03_statement_02,independent_center,pair_0010_happy,03,02,happy,0.6308475967689446
21,joint,actor_03_statement_02,independent_center,pair_0010_sad,03,02,sad,0.5189378413609163
21,joint,actor_03_statement_02,independent_center,pair_0011_happy,03,02,happy,-0.9118230970652448
21,joint,actor_03_statement_02,independent_center,pair_0011_sad,03,02,sad,-1.215583397876344
21,joint,actor_03_statement_02,independent_rank1,pair_0010_happy,03,02,happy,-3.6016621803062705
21,joint,actor_03_statement_02,independent_rank1,pair_0010_sad,03,02,sad,-1.0889355677952963
21,joint,actor_03_statement_02,independent_rank1,pair_0011_happy,03,02,happy,-6.887944492690657
21,joint,actor_03_statement_02,independent_rank1,pair_0011_sad,03,02,sad,-4.139791037708548
21,joint,actor_04_statement_01,raw,pair_0012_happy,04,01,happy,38.91498945676327
21,joint,actor_04_statement_01,raw,pair_0012_sad,04,01,sad,34.11883732955857
21,joint,actor_04_statement_01,raw,pair_0013_happy,04,01,happy,37.87948233132983
21,joint,actor_04_statement_01,raw,pair_0013_sad,04,01,sad,23.06210549913194
21,joint,actor_04_statement_01,source_center_noop,pair_0012_happy,04,01,happy,38.91498945676327
21,joint,actor_04_statement_01,source_center_noop,pair_0012_sad,04,01,sad,34.11883732955857
21,joint,actor_04_statement_01,source_center_noop,pair_0013_happy,04,01,happy,37.87948233132983
21,joint,actor_04_statement_01,source_center_noop,pair_0013_sad,04,01,sad,23.06210549913194
21,joint,actor_04_statement_01,independent_center,pair_0012_happy,04,01,happy,11.067528592362372
21,joint,actor_04_statement_01,independent_center,pair_0012_sad,04,01,sad,6.271376465157672
21,joint,actor_04_statement_01,independent_center,pair_0013_happy,04,01,happy,10.032021466928931
21,joint,actor_04_statement_01,independent_center,pair_0013_sad,04,01,sad,-4.785355365268963
21,joint,actor_04_statement_01,independent_rank1,pair_0012_happy,04,01,happy,11.943125061139904
21,joint,actor_04_statement_01,independent_rank1,pair_0012_sad,04,01,sad,2.764561138678805
21,joint,actor_04_statement_01,independent_rank1,pair_0013_happy,04,01,happy,9.2893402659357
21,joint,actor_04_statement_01,independent_rank1,pair_0013_sad,04,01,sad,-5.825797320890529
21,joint,actor_04_statement_02,raw,pair_0014_happy,04,02,happy,-31.0354009873068
21,joint,actor_04_statement_02,raw,pair_0014_sad,04,02,sad,-35.08279066743995
21,joint,actor_04_statement_02,raw,pair_0015_happy,04,02,happy,-32.46497629299269
21,joint,actor_04_statement_02,raw,pair_0015_sad,04,02,sad,-34.74832394728286
21,joint,actor_04_statement_02,source_center_noop,pair_0014_happy,04,02,happy,-31.0354009873068
21,joint,actor_04_statement_02,source_center_noop,pair_0014_sad,04,02,sad,-35.08279066743995
21,joint,actor_04_statement_02,source_center_noop,pair_0015_happy,04,02,happy,-32.46497629299269
21,joint,actor_04_statement_02,source_center_noop,pair_0015_sad,04,02,sad,-34.74832394728286
21,joint,actor_04_statement_02,independent_center,pair_0014_happy,04,02,happy,3.0057551677432457
21,joint,actor_04_statement_02,independent_center,pair_0014_sad,04,02,sad,-1.041634512389905
21,joint,actor_04_statement_02,independent_center,pair_0015_happy,04,02,happy,1.5761798620573586
21,joint,actor_04_statement_02,independent_center,pair_0015_sad,04,02,sad,-0.7071677922328163
21,joint,actor_04_statement_02,independent_rank1,pair_0014_happy,04,02,happy,3.3752344611270075
21,joint,actor_04_statement_02,independent_rank1,pair_0014_sad,04,02,sad,-0.5750136875926373
21,joint,actor_04_statement_02,independent_rank1,pair_0015_happy,04,02,happy,5.365633076393749
21,joint,actor_04_statement_02,independent_rank1,pair_0015_sad,04,02,sad,2.3939065827974417
21,joint,actor_05_statement_01,raw,pair_0016_happy,05,01,happy,51.192471026578154
21,joint,actor_05_statement_01,raw,pair_0016_sad,05,01,sad,15.845988356486778
21,joint,actor_05_statement_01,raw,pair_0017_happy,05,01,happy,25.211114709475137
21,joint,actor_05_statement_01,raw,pair_0017_sad,05,01,sad,25.881422489961327
21,joint,actor_05_statement_01,source_center_noop,pair_0016_happy,05,01,happy,51.192471026578154
21,joint,actor_05_statement_01,source_center_noop,pair_0016_sad,05,01,sad,15.845988356486778
21,joint,actor_05_statement_01,source_center_noop,pair_0017_happy,05,01,happy,25.211114709475137
21,joint,actor_05_statement_01,source_center_noop,pair_0017_sad,05,01,sad,25.881422489961327
21,joint,actor_05_statement_01,independent_center,pair_0016_happy,05,01,happy,15.281667796826667
21,joint,actor_05_statement_01,independent_center,pair_0016_sad,05,01,sad,-20.06481487326471
21,joint,actor_05_statement_01,independent_center,pair_0017_happy,05,01,happy,-10.69968852027635
21,joint,actor_05_statement_01,independent_center,pair_0017_sad,05,01,sad,-10.02938073979016
21,joint,actor_05_statement_01,independent_rank1,pair_0016_happy,05,01,happy,13.129760641851687
21,joint,actor_05_statement_01,independent_rank1,pair_0016_sad,05,01,sad,-12.184364361587383
21,joint,actor_05_statement_01,independent_rank1,pair_0017_happy,05,01,happy,-10.061961607824243
21,joint,actor_05_statement_01,independent_rank1,pair_0017_sad,05,01,sad,-6.595082492433569
21,joint,actor_05_statement_02,raw,pair_0018_happy,05,02,happy,-23.00280895560259
21,joint,actor_05_statement_02,raw,pair_0018_sad,05,02,sad,-23.378646337202213
21,joint,actor_05_statement_02,raw,pair_0019_happy,05,02,happy,-23.06756241794102
21,joint,actor_05_statement_02,raw,pair_0019_sad,05,02,sad,-22.900634781358793
21,joint,actor_05_statement_02,source_center_noop,pair_0018_happy,05,02,happy,-23.00280895560259
21,joint,actor_05_statement_02,source_center_noop,pair_0018_sad,05,02,sad,-23.378646337202213
21,joint,actor_05_statement_02,source_center_noop,pair_0019_happy,05,02,happy,-23.06756241794102
21,joint,actor_05_statement_02,source_center_noop,pair_0019_sad,05,02,sad,-22.900634781358793
21,joint,actor_05_statement_02,independent_center,pair_0018_happy,05,02,happy,0.09704286252016203
21,joint,actor_05_statement_02,independent_center,pair_0018_sad,05,02,sad,-0.2787945190794616
21,joint,actor_05_statement_02,independent_center,pair_0019_happy,05,02,happy,0.032289400181731764
21,joint,actor_05_statement_02,independent_center,pair_0019_sad,05,02,sad,0.19921703676395808
21,joint,actor_05_statement_02,independent_rank1,pair_0018_happy,05,02,happy,0.6337567991647717
21,joint,actor_05_statement_02,independent_rank1,pair_0018_sad,05,02,sad,-4.8440555607296325
21,joint,actor_05_statement_02,independent_rank1,pair_0019_happy,05,02,happy,-0.6314824408327837
21,joint,actor_05_statement_02,independent_rank1,pair_0019_sad,05,02,sad,1.3257532173451096
21,joint,actor_06_statement_01,raw,pair_0020_happy,06,01,happy,34.19335223059906
21,joint,actor_06_statement_01,raw,pair_0020_sad,06,01,sad,38.64713620220916
21,joint,actor_06_statement_01,raw,pair_0021_happy,06,01,happy,33.05469357377901
21,joint,actor_06_statement_01,raw,pair_0021_sad,06,01,sad,26.56804220576731
21,joint,actor_06_statement_01,source_center_noop,pair_0020_happy,06,01,happy,34.19335223059906
21,joint,actor_06_statement_01,source_center_noop,pair_0020_sad,06,01,sad,38.64713620220916
21,joint,actor_06_statement_01,source_center_noop,pair_0021_happy,06,01,happy,33.05469357377901
21,joint,actor_06_statement_01,source_center_noop,pair_0021_sad,06,01,sad,26.56804220576731
21,joint,actor_06_statement_01,independent_center,pair_0020_happy,06,01,happy,-0.42201592327702997
21,joint,actor_06_statement_01,independent_center,pair_0020_sad,06,01,sad,4.0317680483330705
21,joint,actor_06_statement_01,independent_center,pair_0021_happy,06,01,happy,-1.5606745800970785
21,joint,actor_06_statement_01,independent_center,pair_0021_sad,06,01,sad,-8.047325948108782
21,joint,actor_06_statement_01,independent_rank1,pair_0020_happy,06,01,happy,-0.18302305100546076
21,joint,actor_06_statement_01,independent_rank1,pair_0020_sad,06,01,sad,0.1522352327839637
21,joint,actor_06_statement_01,independent_rank1,pair_0021_happy,06,01,happy,-1.5326638575910154
21,joint,actor_06_statement_01,independent_rank1,pair_0021_sad,06,01,sad,-9.497238290575753
21,joint,actor_06_statement_02,raw,pair_0022_happy,06,02,happy,-37.89509230153073
21,joint,actor_06_statement_02,raw,pair_0022_sad,06,02,sad,-34.39423106068914
21,joint,actor_06_statement_02,raw,pair_0023_happy,06,02,happy,-36.627740462355185
21,joint,actor_06_statement_02,raw,pair_0023_sad,06,02,sad,-36.34895560731435
21,joint,actor_06_statement_02,source_center_noop,pair_0022_happy,06,02,happy,-37.89509230153073
21,joint,actor_06_statement_02,source_center_noop,pair_0022_sad,06,02,sad,-34.39423106068914
21,joint,actor_06_statement_02,source_center_noop,pair_0023_happy,06,02,happy,-36.627740462355185
21,joint,actor_06_statement_02,source_center_noop,pair_0023_sad,06,02,sad,-36.34895560731435
21,joint,actor_06_statement_02,independent_center,pair_0022_happy,06,02,happy,-2.4789271652682814
21,joint,actor_06_statement_02,independent_center,pair_0022_sad,06,02,sad,1.0219340755733128
21,joint,actor_06_statement_02,independent_center,pair_0023_happy,06,02,happy,-1.2115753260927349
21,joint,actor_06_statement_02,independent_center,pair_0023_sad,06,02,sad,-0.9327904710519022
21,joint,actor_06_statement_02,independent_rank1,pair_0022_happy,06,02,happy,-1.3707520171752208
21,joint,actor_06_statement_02,independent_rank1,pair_0022_sad,06,02,sad,-3.3565302856514734
21,joint,actor_06_statement_02,independent_rank1,pair_0023_happy,06,02,happy,-2.9795872913502848
21,joint,actor_06_statement_02,independent_rank1,pair_0023_sad,06,02,sad,-3.529964236619037
21,joint,actor_07_statement_01,raw,pair_0024_happy,07,01,happy,32.28394721839318
21,joint,actor_07_statement_01,raw,pair_0024_sad,07,01,sad,20.443717116181364
21,joint,actor_07_statement_01,raw,pair_0025_happy,07,01,happy,38.04806125581558
21,joint,actor_07_statement_01,raw,pair_0025_sad,07,01,sad,29.057846881679463
21,joint,actor_07_statement_01,source_center_noop,pair_0024_happy,07,01,happy,32.28394721839318
21,joint,actor_07_statement_01,source_center_noop,pair_0024_sad,07,01,sad,20.443717116181364
21,joint,actor_07_statement_01,source_center_noop,pair_0025_happy,07,01,happy,38.04806125581558
21,joint,actor_07_statement_01,source_center_noop,pair_0025_sad,07,01,sad,29.057846881679463
21,joint,actor_07_statement_01,independent_center,pair_0024_happy,07,01,happy,-1.0860533267920403
21,joint,actor_07_statement_01,independent_center,pair_0024_sad,07,01,sad,-12.926283429003856
21,joint,actor_07_statement_01,independent_center,pair_0025_happy,07,01,happy,4.678060710630362
21,joint,actor_07_statement_01,independent_center,pair_0025_sad,07,01,sad,-4.312153663505757
21,joint,actor_07_statement_01,independent_rank1,pair_0024_happy,07,01,happy,8.834156827145902
21,joint,actor_07_statement_01,independent_rank1,pair_0024_sad,07,01,sad,-11.077850496132875
21,joint,actor_07_statement_01,independent_rank1,pair_0025_happy,07,01,happy,3.2189350791841846
21,joint,actor_07_statement_01,independent_rank1,pair_0025_sad,07,01,sad,-4.872258401751009
21,joint,actor_07_statement_02,raw,pair_0026_happy,07,02,happy,-24.290394314388617
21,joint,actor_07_statement_02,raw,pair_0026_sad,07,02,sad,-26.34663124318391
21,joint,actor_07_statement_02,raw,pair_0027_happy,07,02,happy,-24.290394314388617
21,joint,actor_07_statement_02,raw,pair_0027_sad,07,02,sad,-27.2041722676129
21,joint,actor_07_statement_02,source_center_noop,pair_0026_happy,07,02,happy,-24.290394314388617
21,joint,actor_07_statement_02,source_center_noop,pair_0026_sad,07,02,sad,-26.34663124318391
21,joint,actor_07_statement_02,source_center_noop,pair_0027_happy,07,02,happy,-24.290394314388617
21,joint,actor_07_statement_02,source_center_noop,pair_0027_sad,07,02,sad,-27.2041722676129
21,joint,actor_07_statement_02,independent_center,pair_0026_happy,07,02,happy,1.4194409375218022
21,joint,actor_07_statement_02,independent_center,pair_0026_sad,07,02,sad,-0.6367959912734911
21,joint,actor_07_statement_02,independent_center,pair_0027_happy,07,02,happy,1.4194409375218022
21,joint,actor_07_statement_02,independent_center,pair_0027_sad,07,02,sad,-1.494337015702481
21,joint,actor_07_statement_02,independent_rank1,pair_0026_happy,07,02,happy,-1.5481645962805857
21,joint,actor_07_statement_02,independent_rank1,pair_0026_sad,07,02,sad,-4.1257031085773335
21,joint,actor_07_statement_02,independent_rank1,pair_0027_happy,07,02,happy,-1.5481645962805857
21,joint,actor_07_statement_02,independent_rank1,pair_0027_sad,07,02,sad,-0.19148438268119605
21,joint,actor_08_statement_01,raw,pair_0028_happy,08,01,happy,13.943573380315517
21,joint,actor_08_statement_01,raw,pair_0028_sad,08,01,sad,8.171942474381332
21,joint,actor_08_statement_01,raw,pair_0029_happy,08,01,happy,22.618437632933862
21,joint,actor_08_statement_01,raw,pair_0029_sad,08,01,sad,14.17399119338074
21,joint,actor_08_statement_01,source_center_noop,pair_0028_happy,08,01,happy,13.943573380315517
21,joint,actor_08_statement_01,source_center_noop,pair_0028_sad,08,01,sad,8.171942474381332
21,joint,actor_08_statement_01,source_center_noop,pair_0029_happy,08,01,happy,22.618437632933862
21,joint,actor_08_statement_01,source_center_noop,pair_0029_sad,08,01,sad,14.17399119338074
21,joint,actor_08_statement_01,independent_center,pair_0028_happy,08,01,happy,-3.247527461581452
21,joint,actor_08_statement_01,independent_center,pair_0028_sad,08,01,sad,-9.019158367515637
21,joint,actor_08_statement_01,independent_center,pair_0029_happy,08,01,happy,5.427336791036893
21,joint,actor_08_statement_01,independent_center,pair_0029_sad,08,01,sad,-3.0171096485162288
21,joint,actor_08_statement_01,independent_rank1,pair_0028_happy,08,01,happy,-2.5489646103377757
21,joint,actor_08_statement_01,independent_rank1,pair_0028_sad,08,01,sad,-8.163239844761485
21,joint,actor_08_statement_01,independent_rank1,pair_0029_happy,08,01,happy,3.7775045351897623
21,joint,actor_08_statement_01,independent_rank1,pair_0029_sad,08,01,sad,-2.8160568790871876
21,joint,actor_08_statement_02,raw,pair_0030_happy,08,02,happy,-42.57857216793497
21,joint,actor_08_statement_02,raw,pair_0030_sad,08,02,sad,-48.97464894952567
21,joint,actor_08_statement_02,raw,pair_0031_happy,08,02,happy,-41.86069996335363
21,joint,actor_08_statement_02,raw,pair_0031_sad,08,02,sad,-47.76269417622324
21,joint,actor_08_statement_02,source_center_noop,pair_0030_happy,08,02,happy,-42.57857216793497
21,joint,actor_08_statement_02,source_center_noop,pair_0030_sad,08,02,sad,-48.97464894952567
21,joint,actor_08_statement_02,source_center_noop,pair_0031_happy,08,02,happy,-41.86069996335363
21,joint,actor_08_statement_02,source_center_noop,pair_0031_sad,08,02,sad,-47.76269417622324
21,joint,actor_08_statement_02,independent_center,pair_0030_happy,08,02,happy,-1.6800124936985483
21,joint,actor_08_statement_02,independent_center,pair_0030_sad,08,02,sad,-8.076089275289249
21,joint,actor_08_statement_02,independent_center,pair_0031_happy,08,02,happy,-0.9621402891172082
21,joint,actor_08_statement_02,independent_center,pair_0031_sad,08,02,sad,-6.864134501986818
21,joint,actor_08_statement_02,independent_rank1,pair_0030_happy,08,02,happy,5.607649297053911
21,joint,actor_08_statement_02,independent_rank1,pair_0030_sad,08,02,sad,-8.233915928909532
21,joint,actor_08_statement_02,independent_rank1,pair_0031_happy,08,02,happy,7.401033886911762
21,joint,actor_08_statement_02,independent_rank1,pair_0031_sad,08,02,sad,-3.380404072408737
21,joint,actor_09_statement_01,raw,pair_0032_happy,09,01,happy,38.06114235271211
21,joint,actor_09_statement_01,raw,pair_0032_sad,09,01,sad,32.106710327448475
21,joint,actor_09_statement_01,raw,pair_0033_happy,09,01,happy,36.14885492726175
21,joint,actor_09_statement_01,raw,pair_0033_sad,09,01,sad,36.381992589312354
21,joint,actor_09_statement_01,source_center_noop,pair_0032_happy,09,01,happy,38.06114235271211
21,joint,actor_09_statement_01,source_center_noop,pair_0032_sad,09,01,sad,32.106710327448475
21,joint,actor_09_statement_01,source_center_noop,pair_0033_happy,09,01,happy,36.14885492726175
21,joint,actor_09_statement_01,source_center_noop,pair_0033_sad,09,01,sad,36.381992589312354
21,joint,actor_09_statement_01,independent_center,pair_0032_happy,09,01,happy,8.585960095666486
21,joint,actor_09_statement_01,independent_center,pair_0032_sad,09,01,sad,2.631528070402851
21,joint,actor_09_statement_01,independent_center,pair_0033_happy,09,01,happy,6.673672670216128
21,joint,actor_09_statement_01,independent_center,pair_0033_sad,09,01,sad,6.90681033226673
21,joint,actor_09_statement_01,independent_rank1,pair_0032_happy,09,01,happy,6.760771092281501
21,joint,actor_09_statement_01,independent_rank1,pair_0032_sad,09,01,sad,-0.05623353686413174
21,joint,actor_09_statement_01,independent_rank1,pair_0033_happy,09,01,happy,4.755091266408051
21,joint,actor_09_statement_01,independent_rank1,pair_0033_sad,09,01,sad,5.460976118715218
21,joint,actor_09_statement_02,raw,pair_0034_happy,09,02,happy,-40.96851833337142
21,joint,actor_09_statement_02,raw,pair_0034_sad,09,02,sad,-43.02859207423333
21,joint,actor_09_statement_02,raw,pair_0035_happy,09,02,happy,-43.06847551582128
21,joint,actor_09_statement_02,raw,pair_0035_sad,09,02,sad,-44.80510424275623
21,joint,actor_09_statement_02,source_center_noop,pair_0034_happy,09,02,happy,-40.96851833337142
21,joint,actor_09_statement_02,source_center_noop,pair_0034_sad,09,02,sad,-43.02859207423333
21,joint,actor_09_statement_02,source_center_noop,pair_0035_happy,09,02,happy,-43.06847551582128
21,joint,actor_09_statement_02,source_center_noop,pair_0035_sad,09,02,sad,-44.80510424275623
21,joint,actor_09_statement_02,independent_center,pair_0034_happy,09,02,happy,0.9210020248098232
21,joint,actor_09_statement_02,independent_center,pair_0034_sad,09,02,sad,-1.1390717160520865
21,joint,actor_09_statement_02,independent_center,pair_0035_happy,09,02,happy,-1.1789551576400328
21,joint,actor_09_statement_02,independent_center,pair_0035_sad,09,02,sad,-2.9155838845749855
21,joint,actor_09_statement_02,independent_rank1,pair_0034_happy,09,02,happy,-8.802572884821519
21,joint,actor_09_statement_02,independent_rank1,pair_0034_sad,09,02,sad,-2.1336822621739344
21,joint,actor_09_statement_02,independent_rank1,pair_0035_happy,09,02,happy,-4.908595161908792
21,joint,actor_09_statement_02,independent_rank1,pair_0035_sad,09,02,sad,-4.648507329133643
21,joint,actor_10_statement_01,raw,pair_0036_happy,10,01,happy,70.51211516581503
21,joint,actor_10_statement_01,raw,pair_0036_sad,10,01,sad,58.71201125846324
21,joint,actor_10_statement_01,raw,pair_0037_happy,10,01,happy,53.715204914303065
21,joint,actor_10_statement_01,raw,pair_0037_sad,10,01,sad,54.28213261308682
21,joint,actor_10_statement_01,source_center_noop,pair_0036_happy,10,01,happy,70.51211516581503
21,joint,actor_10_statement_01,source_center_noop,pair_0036_sad,10,01,sad,58.71201125846324
21,joint,actor_10_statement_01,source_center_noop,pair_0037_happy,10,01,happy,53.715204914303065
21,joint,actor_10_statement_01,source_center_noop,pair_0037_sad,10,01,sad,54.28213261308682
21,joint,actor_10_statement_01,independent_center,pair_0036_happy,10,01,happy,27.903694879532864
21,joint,actor_10_statement_01,independent_center,pair_0036_sad,10,01,sad,16.103590972181074
21,joint,actor_10_statement_01,independent_center,pair_0037_happy,10,01,happy,11.106784628020897
21,joint,actor_10_statement_01,independent_center,pair_0037_sad,10,01,sad,11.673712326804655
21,joint,actor_10_statement_01,independent_rank1,pair_0036_happy,10,01,happy,26.405185840302067
21,joint,actor_10_statement_01,independent_rank1,pair_0036_sad,10,01,sad,14.611851817579916
21,joint,actor_10_statement_01,independent_rank1,pair_0037_happy,10,01,happy,8.592385296127734
21,joint,actor_10_statement_01,independent_rank1,pair_0037_sad,10,01,sad,11.712093026591996
21,joint,actor_10_statement_02,raw,pair_0038_happy,10,02,happy,-37.248965675166914
21,joint,actor_10_statement_02,raw,pair_0038_sad,10,02,sad,-37.84861441874262
21,joint,actor_10_statement_02,raw,pair_0039_happy,10,02,happy,-37.60789831087771
21,joint,actor_10_statement_02,raw,pair_0039_sad,10,02,sad,-39.89902777928432
21,joint,actor_10_statement_02,source_center_noop,pair_0038_happy,10,02,happy,-37.248965675166914
21,joint,actor_10_statement_02,source_center_noop,pair_0038_sad,10,02,sad,-37.84861441874262
21,joint,actor_10_statement_02,source_center_noop,pair_0039_happy,10,02,happy,-37.60789831087771
21,joint,actor_10_statement_02,source_center_noop,pair_0039_sad,10,02,sad,-39.89902777928432
21,joint,actor_10_statement_02,independent_center,pair_0038_happy,10,02,happy,-1.3110312353542426
21,joint,actor_10_statement_02,independent_center,pair_0038_sad,10,02,sad,-1.9106799789299487
21,joint,actor_10_statement_02,independent_center,pair_0039_happy,10,02,happy,-1.6699638710650362
21,joint,actor_10_statement_02,independent_center,pair_0039_sad,10,02,sad,-3.9610933394716454
21,joint,actor_10_statement_02,independent_rank1,pair_0038_happy,10,02,happy,6.743994750041331
21,joint,actor_10_statement_02,independent_rank1,pair_0038_sad,10,02,sad,0.9920260962475353
21,joint,actor_10_statement_02,independent_rank1,pair_0039_happy,10,02,happy,3.9612307018190407
21,joint,actor_10_statement_02,independent_rank1,pair_0039_sad,10,02,sad,-5.4625679535345775
21,joint,actor_11_statement_01,raw,pair_0040_happy,11,01,happy,33.00006856499538
21,joint,actor_11_statement_01,raw,pair_0040_sad,11,01,sad,40.579703418576486
21,joint,actor_11_statement_01,raw,pair_0041_happy,11,01,happy,39.13968743982679
21,joint,actor_11_statement_01,raw,pair_0041_sad,11,01,sad,60.21648848621948
21,joint,actor_11_statement_01,source_center_noop,pair_0040_happy,11,01,happy,33.00006856499538
21,joint,actor_11_statement_01,source_center_noop,pair_0040_sad,11,01,sad,40.579703418576486
21,joint,actor_11_statement_01,source_center_noop,pair_0041_happy,11,01,happy,39.13968743982679
21,joint,actor_11_statement_01,source_center_noop,pair_0041_sad,11,01,sad,60.21648848621948
21,joint,actor_11_statement_01,independent_center,pair_0040_happy,11,01,happy,-13.433206988154694
21,joint,actor_11_statement_01,independent_center,pair_0040_sad,11,01,sad,-5.853572134573589
21,joint,actor_11_statement_01,independent_center,pair_0041_happy,11,01,happy,-7.293588113323288
21,joint,actor_11_statement_01,independent_center,pair_0041_sad,11,01,sad,13.783212933069407
21,joint,actor_11_statement_01,independent_rank1,pair_0040_happy,11,01,happy,-10.22548764575313
21,joint,actor_11_statement_01,independent_rank1,pair_0040_sad,11,01,sad,-6.746078038039598
21,joint,actor_11_statement_01,independent_rank1,pair_0041_happy,11,01,happy,-8.226078865397898
21,joint,actor_11_statement_01,independent_rank1,pair_0041_sad,11,01,sad,11.389991175399203
21,joint,actor_11_statement_02,raw,pair_0042_happy,11,02,happy,-32.78147681757286
21,joint,actor_11_statement_02,raw,pair_0042_sad,11,02,sad,-33.45624223015675
21,joint,actor_11_statement_02,raw,pair_0043_happy,11,02,happy,-30.195368842994093
21,joint,actor_11_statement_02,raw,pair_0043_sad,11,02,sad,-31.829448069085352
21,joint,actor_11_statement_02,source_center_noop,pair_0042_happy,11,02,happy,-32.78147681757286
21,joint,actor_11_statement_02,source_center_noop,pair_0042_sad,11,02,sad,-33.45624223015675
21,joint,actor_11_statement_02,source_center_noop,pair_0043_happy,11,02,happy,-30.195368842994093
21,joint,actor_11_statement_02,source_center_noop,pair_0043_sad,11,02,sad,-31.829448069085352
21,joint,actor_11_statement_02,independent_center,pair_0042_happy,11,02,happy,-1.8139570062772208
21,joint,actor_11_statement_02,independent_center,pair_0042_sad,11,02,sad,-2.4887224188611086
21,joint,actor_11_statement_02,independent_center,pair_0043_happy,11,02,happy,0.7721509683015455
21,joint,actor_11_statement_02,independent_center,pair_0043_sad,11,02,sad,-0.8619282577897138
21,joint,actor_11_statement_02,independent_rank1,pair_0042_happy,11,02,happy,-2.7065890153410734
21,joint,actor_11_statement_02,independent_rank1,pair_0042_sad,11,02,sad,0.5864542667503017
21,joint,actor_11_statement_02,independent_rank1,pair_0043_happy,11,02,happy,-3.4776756900242667
21,joint,actor_11_statement_02,independent_rank1,pair_0043_sad,11,02,sad,-0.19601115777569333
21,joint,actor_12_statement_01,raw,pair_0044_happy,12,01,happy,46.63247938281991
21,joint,actor_12_statement_01,raw,pair_0044_sad,12,01,sad,59.351591128952265
21,joint,actor_12_statement_01,raw,pair_0045_happy,12,01,happy,58.98703987717549
21,joint,actor_12_statement_01,raw,pair_0045_sad,12,01,sad,56.657303897870676
21,joint,actor_12_statement_01,source_center_noop,pair_0044_happy,12,01,happy,46.63247938281991
21,joint,actor_12_statement_01,source_center_noop,pair_0044_sad,12,01,sad,59.351591128952265
21,joint,actor_12_statement_01,source_center_noop,pair_0045_happy,12,01,happy,58.98703987717549
21,joint,actor_12_statement_01,source_center_noop,pair_0045_sad,12,01,sad,56.657303897870676
21,joint,actor_12_statement_01,independent_center,pair_0044_happy,12,01,happy,-4.952712889380869
21,joint,actor_12_statement_01,independent_center,pair_0044_sad,12,01,sad,7.766398856751486
21,joint,actor_12_statement_01,independent_center,pair_0045_happy,12,01,happy,7.401847604974712
21,joint,actor_12_statement_01,independent_center,pair_0045_sad,12,01,sad,5.072111625669898
21,joint,actor_12_statement_01,independent_rank1,pair_0044_happy,12,01,happy,-4.47798305920141
21,joint,actor_12_statement_01,independent_rank1,pair_0044_sad,12,01,sad,5.086234504618721
21,joint,actor_12_statement_01,independent_rank1,pair_0045_happy,12,01,happy,5.714303878796068
21,joint,actor_12_statement_01,independent_rank1,pair_0045_sad,12,01,sad,2.616638442802124
21,joint,actor_12_statement_02,raw,pair_0046_happy,12,02,happy,-33.30428433705004
21,joint,actor_12_statement_02,raw,pair_0046_sad,12,02,sad,-40.06912720544591
21,joint,actor_12_statement_02,raw,pair_0047_happy,12,02,happy,-33.19648986226777
21,joint,actor_12_statement_02,raw,pair_0047_sad,12,02,sad,-35.288487017648265
21,joint,actor_12_statement_02,source_center_noop,pair_0046_happy,12,02,happy,-33.30428433705004
21,joint,actor_12_statement_02,source_center_noop,pair_0046_sad,12,02,sad,-40.06912720544591
21,joint,actor_12_statement_02,source_center_noop,pair_0047_happy,12,02,happy,-33.19648986226777
21,joint,actor_12_statement_02,source_center_noop,pair_0047_sad,12,02,sad,-35.288487017648265
21,joint,actor_12_statement_02,independent_center,pair_0046_happy,12,02,happy,1.8501139234437076
21,joint,actor_12_statement_02,independent_center,pair_0046_sad,12,02,sad,-4.914728944952159
21,joint,actor_12_statement_02,independent_center,pair_0047_happy,12,02,happy,1.9579083982259817
21,joint,actor_12_statement_02,independent_center,pair_0047_sad,12,02,sad,-0.1340887571545153
21,joint,actor_12_statement_02,independent_rank1,pair_0046_happy,12,02,happy,4.455069099755036
21,joint,actor_12_statement_02,independent_rank1,pair_0046_sad,12,02,sad,3.1613613465231793
21,joint,actor_12_statement_02,independent_rank1,pair_0047_happy,12,02,happy,2.4085234405788114
21,joint,actor_12_statement_02,independent_rank1,pair_0047_sad,12,02,sad,2.7310999440065586
21,joint,actor_13_statement_01,raw,pair_0048_happy,13,01,happy,39.127060701967416
21,joint,actor_13_statement_01,raw,pair_0048_sad,13,01,sad,50.32745568001164
21,joint,actor_13_statement_01,raw,pair_0049_happy,13,01,happy,44.2427610034927
21,joint,actor_13_statement_01,raw,pair_0049_sad,13,01,sad,36.37194765782023
21,joint,actor_13_statement_01,source_center_noop,pair_0048_happy,13,01,happy,39.127060701967416
21,joint,actor_13_statement_01,source_center_noop,pair_0048_sad,13,01,sad,50.32745568001164
21,joint,actor_13_statement_01,source_center_noop,pair_0049_happy,13,01,happy,44.2427610034927
21,joint,actor_13_statement_01,source_center_noop,pair_0049_sad,13,01,sad,36.37194765782023
21,joint,actor_13_statement_01,independent_center,pair_0048_happy,13,01,happy,-18.34596280781038
21,joint,actor_13_statement_01,independent_center,pair_0048_sad,13,01,sad,-7.145567829766158
21,joint,actor_13_statement_01,independent_center,pair_0049_happy,13,01,happy,-13.230262506285094
21,joint,actor_13_statement_01,independent_center,pair_0049_sad,13,01,sad,-21.101075851957567
21,joint,actor_13_statement_01,independent_rank1,pair_0048_happy,13,01,happy,-13.331968504211638
21,joint,actor_13_statement_01,independent_rank1,pair_0048_sad,13,01,sad,-5.905454538860603
21,joint,actor_13_statement_01,independent_rank1,pair_0049_happy,13,01,happy,-14.42679046259001
21,joint,actor_13_statement_01,independent_rank1,pair_0049_sad,13,01,sad,-18.46482671209365
21,joint,actor_13_statement_02,raw,pair_0050_happy,13,02,happy,-34.8538061883929
21,joint,actor_13_statement_02,raw,pair_0050_sad,13,02,sad,-33.18547616436446
21,joint,actor_13_statement_02,raw,pair_0051_happy,13,02,happy,-33.25012104845631
21,joint,actor_13_statement_02,raw,pair_0051_sad,13,02,sad,-34.08042639593378
21,joint,actor_13_statement_02,source_center_noop,pair_0050_happy,13,02,happy,-34.8538061883929
21,joint,actor_13_statement_02,source_center_noop,pair_0050_sad,13,02,sad,-33.18547616436446
21,joint,actor_13_statement_02,source_center_noop,pair_0051_happy,13,02,happy,-33.25012104845631
21,joint,actor_13_statement_02,source_center_noop,pair_0051_sad,13,02,sad,-34.08042639593378
21,joint,actor_13_statement_02,independent_center,pair_0050_happy,13,02,happy,-0.30530681141883775
21,joint,actor_13_statement_02,independent_center,pair_0050_sad,13,02,sad,1.3630232126096047
21,joint,actor_13_statement_02,independent_center,pair_0051_happy,13,02,happy,1.2983783285177566
21,joint,actor_13_statement_02,independent_center,pair_0051_sad,13,02,sad,0.4680729810402866
21,joint,actor_13_statement_02,independent_rank1,pair_0050_happy,13,02,happy,-1.916470794132529
21,joint,actor_13_statement_02,independent_rank1,pair_0050_sad,13,02,sad,1.200650204575929
21,joint,actor_13_statement_02,independent_rank1,pair_0051_happy,13,02,happy,-3.47460532225886
21,joint,actor_13_statement_02,independent_rank1,pair_0051_sad,13,02,sad,-0.8483213354488157
21,joint,actor_14_statement_01,raw,pair_0052_happy,14,01,happy,33.2248455433783
21,joint,actor_14_statement_01,raw,pair_0052_sad,14,01,sad,40.41396522583744
21,joint,actor_14_statement_01,raw,pair_0053_happy,14,01,happy,14.51279330155932
21,joint,actor_14_statement_01,raw,pair_0053_sad,14,01,sad,27.421385973184297
21,joint,actor_14_statement_01,source_center_noop,pair_0052_happy,14,01,happy,33.2248455433783
21,joint,actor_14_statement_01,source_center_noop,pair_0052_sad,14,01,sad,40.41396522583744
21,joint,actor_14_statement_01,source_center_noop,pair_0053_happy,14,01,happy,14.51279330155932
21,joint,actor_14_statement_01,source_center_noop,pair_0053_sad,14,01,sad,27.421385973184297
21,joint,actor_14_statement_01,independent_center,pair_0052_happy,14,01,happy,4.444644093246964
21,joint,actor_14_statement_01,independent_center,pair_0052_sad,14,01,sad,11.6337637757061
21,joint,actor_14_statement_01,independent_center,pair_0053_happy,14,01,happy,-14.267408148572017
21,joint,actor_14_statement_01,independent_center,pair_0053_sad,14,01,sad,-1.35881547694704
21,joint,actor_14_statement_01,independent_rank1,pair_0052_happy,14,01,happy,6.944017326403583
21,joint,actor_14_statement_01,independent_rank1,pair_0052_sad,14,01,sad,10.567582408750944
21,joint,actor_14_statement_01,independent_rank1,pair_0053_happy,14,01,happy,-12.746280418100431
21,joint,actor_14_statement_01,independent_rank1,pair_0053_sad,14,01,sad,-2.658443727317719
21,joint,actor_14_statement_02,raw,pair_0054_happy,14,02,happy,-14.506822057489373
21,joint,actor_14_statement_02,raw,pair_0054_sad,14,02,sad,-11.92854839435065
21,joint,actor_14_statement_02,raw,pair_0055_happy,14,02,happy,-16.93457533670987
21,joint,actor_14_statement_02,raw,pair_0055_sad,14,02,sad,-15.61820188372145
21,joint,actor_14_statement_02,source_center_noop,pair_0054_happy,14,02,happy,-14.506822057489373
21,joint,actor_14_statement_02,source_center_noop,pair_0054_sad,14,02,sad,-11.92854839435065
21,joint,actor_14_statement_02,source_center_noop,pair_0055_happy,14,02,happy,-16.93457533670987
21,joint,actor_14_statement_02,source_center_noop,pair_0055_sad,14,02,sad,-15.61820188372145
21,joint,actor_14_statement_02,independent_center,pair_0054_happy,14,02,happy,3.2529842433943656
21,joint,actor_14_statement_02,independent_center,pair_0054_sad,14,02,sad,5.831257906533089
21,joint,actor_14_statement_02,independent_center,pair_0055_happy,14,02,happy,0.8252309641738691
21,joint,actor_14_statement_02,independent_center,pair_0055_sad,14,02,sad,2.141604417162288
21,joint,actor_14_statement_02,independent_rank1,pair_0054_happy,14,02,happy,6.795700095761092
21,joint,actor_14_statement_02,independent_rank1,pair_0054_sad,14,02,sad,8.638660877235388
21,joint,actor_14_statement_02,independent_rank1,pair_0055_happy,14,02,happy,0.5305129507483315
21,joint,actor_14_statement_02,independent_rank1,pair_0055_sad,14,02,sad,2.562738816461575
21,joint,actor_15_statement_01,raw,pair_0056_happy,15,01,happy,24.262817312803552
21,joint,actor_15_statement_01,raw,pair_0056_sad,15,01,sad,0.8598896826020175
21,joint,actor_15_statement_01,raw,pair_0057_happy,15,01,happy,17.449220597494094
21,joint,actor_15_statement_01,raw,pair_0057_sad,15,01,sad,13.378567172601397
21,joint,actor_15_statement_01,source_center_noop,pair_0056_happy,15,01,happy,24.262817312803552
21,joint,actor_15_statement_01,source_center_noop,pair_0056_sad,15,01,sad,0.8598896826020175
21,joint,actor_15_statement_01,source_center_noop,pair_0057_happy,15,01,happy,17.449220597494094
21,joint,actor_15_statement_01,source_center_noop,pair_0057_sad,15,01,sad,13.378567172601397
21,joint,actor_15_statement_01,independent_center,pair_0056_happy,15,01,happy,-2.160530736406926
21,joint,actor_15_statement_01,independent_center,pair_0056_sad,15,01,sad,-25.56345836660846
21,joint,actor_15_statement_01,independent_center,pair_0057_happy,15,01,happy,-8.974127451716384
21,joint,actor_15_statement_01,independent_center,pair_0057_sad,15,01,sad,-13.044780876609082
21,joint,actor_15_statement_01,independent_rank1,pair_0056_happy,15,01,happy,-0.3988655651350035
21,joint,actor_15_statement_01,independent_rank1,pair_0056_sad,15,01,sad,-13.738679097216533
21,joint,actor_15_statement_01,independent_rank1,pair_0057_happy,15,01,happy,-9.34657102134692
21,joint,actor_15_statement_01,independent_rank1,pair_0057_sad,15,01,sad,-13.279244815082068
21,joint,actor_15_statement_02,raw,pair_0058_happy,15,02,happy,-27.125692706902868
21,joint,actor_15_statement_02,raw,pair_0058_sad,15,02,sad,-26.303046925838956
21,joint,actor_15_statement_02,raw,pair_0059_happy,15,02,happy,-26.41046361120614
21,joint,actor_15_statement_02,raw,pair_0059_sad,15,02,sad,-20.077508466638868
21,joint,actor_15_statement_02,source_center_noop,pair_0058_happy,15,02,happy,-27.125692706902868
21,joint,actor_15_statement_02,source_center_noop,pair_0058_sad,15,02,sad,-26.303046925838956
21,joint,actor_15_statement_02,source_center_noop,pair_0059_happy,15,02,happy,-26.41046361120614
21,joint,actor_15_statement_02,source_center_noop,pair_0059_sad,15,02,sad,-20.077508466638868
21,joint,actor_15_statement_02,independent_center,pair_0058_happy,15,02,happy,-0.7222980900921812
21,joint,actor_15_statement_02,independent_center,pair_0058_sad,15,02,sad,0.10034769097173069
21,joint,actor_15_statement_02,independent_center,pair_0059_happy,15,02,happy,-0.007068994395453387
21,joint,actor_15_statement_02,independent_center,pair_0059_sad,15,02,sad,6.325886150171819
21,joint,actor_15_statement_02,independent_rank1,pair_0058_happy,15,02,happy,-6.629533847418575
21,joint,actor_15_statement_02,independent_rank1,pair_0058_sad,15,02,sad,-3.0058715105210148
21,joint,actor_15_statement_02,independent_rank1,pair_0059_happy,15,02,happy,1.3482449318905587
21,joint,actor_15_statement_02,independent_rank1,pair_0059_sad,15,02,sad,-1.0789338119725649
21,joint,actor_16_statement_01,raw,pair_0060_happy,16,01,happy,46.95147576332022
21,joint,actor_16_statement_01,raw,pair_0060_sad,16,01,sad,65.31231592530423
21,joint,actor_16_statement_01,raw,pair_0061_happy,16,01,happy,38.486399100500236
21,joint,actor_16_statement_01,raw,pair_0061_sad,16,01,sad,37.274877919229134
21,joint,actor_16_statement_01,source_center_noop,pair_0060_happy,16,01,happy,46.95147576332022
21,joint,actor_16_statement_01,source_center_noop,pair_0060_sad,16,01,sad,65.31231592530423
21,joint,actor_16_statement_01,source_center_noop,pair_0061_happy,16,01,happy,38.486399100500236
21,joint,actor_16_statement_01,source_center_noop,pair_0061_sad,16,01,sad,37.274877919229134
21,joint,actor_16_statement_01,independent_center,pair_0060_happy,16,01,happy,-1.506250659191899
21,joint,actor_16_statement_01,independent_center,pair_0060_sad,16,01,sad,16.854589502792116
21,joint,actor_16_statement_01,independent_center,pair_0061_happy,16,01,happy,-9.97132732201188
21,joint,actor_16_statement_01,independent_center,pair_0061_sad,16,01,sad,-11.182848503282983
21,joint,actor_16_statement_01,independent_rank1,pair_0060_happy,16,01,happy,-4.460210166514858
21,joint,actor_16_statement_01,independent_rank1,pair_0060_sad,16,01,sad,10.212003663475127
21,joint,actor_16_statement_01,independent_rank1,pair_0061_happy,16,01,happy,-10.285300410233281
21,joint,actor_16_statement_01,independent_rank1,pair_0061_sad,16,01,sad,-5.9888358472213445
21,joint,actor_16_statement_02,raw,pair_0062_happy,16,02,happy,-30.131173727295547
21,joint,actor_16_statement_02,raw,pair_0062_sad,16,02,sad,-28.875480341123136
21,joint,actor_16_statement_02,raw,pair_0063_happy,16,02,happy,-28.609943728415914
21,joint,actor_16_statement_02,raw,pair_0063_sad,16,02,sad,-29.451494036059803
21,joint,actor_16_statement_02,source_center_noop,pair_0062_happy,16,02,happy,-30.131173727295547
21,joint,actor_16_statement_02,source_center_noop,pair_0062_sad,16,02,sad,-28.875480341123136
21,joint,actor_16_statement_02,source_center_noop,pair_0063_happy,16,02,happy,-28.609943728415914
21,joint,actor_16_statement_02,source_center_noop,pair_0063_sad,16,02,sad,-29.451494036059803
21,joint,actor_16_statement_02,independent_center,pair_0062_happy,16,02,happy,-0.7931085486198164
21,joint,actor_16_statement_02,independent_center,pair_0062_sad,16,02,sad,0.46258483755259405
21,joint,actor_16_statement_02,independent_center,pair_0063_happy,16,02,happy,0.7281214502598168
21,joint,actor_16_statement_02,independent_center,pair_0063_sad,16,02,sad,-0.11342885738407205
21,joint,actor_16_statement_02,independent_rank1,pair_0062_happy,16,02,happy,-1.3417882720097758
21,joint,actor_16_statement_02,independent_rank1,pair_0062_sad,16,02,sad,-0.1583288959545186
21,joint,actor_16_statement_02,independent_rank1,pair_0063_happy,16,02,happy,-0.8738910393043895
21,joint,actor_16_statement_02,independent_rank1,pair_0063_sad,16,02,sad,-1.9613451826724742
21,joint,actor_17_statement_01,raw,pair_0064_happy,17,01,happy,56.655742243471366
21,joint,actor_17_statement_01,raw,pair_0064_sad,17,01,sad,60.49543018860369
21,joint,actor_17_statement_01,raw,pair_0065_happy,17,01,happy,58.195277006113216
21,joint,actor_17_statement_01,raw,pair_0065_sad,17,01,sad,35.294955740539265
21,joint,actor_17_statement_01,source_center_noop,pair_0064_happy,17,01,happy,56.655742243471366
21,joint,actor_17_statement_01,source_center_noop,pair_0064_sad,17,01,sad,60.49543018860369
21,joint,actor_17_statement_01,source_center_noop,pair_0065_happy,17,01,happy,58.195277006113216
21,joint,actor_17_statement_01,source_center_noop,pair_0065_sad,17,01,sad,35.294955740539265
21,joint,actor_17_statement_01,independent_center,pair_0064_happy,17,01,happy,4.641507260643479
21,joint,actor_17_statement_01,independent_center,pair_0064_sad,17,01,sad,8.481195205775805
21,joint,actor_17_statement_01,independent_center,pair_0065_happy,17,01,happy,6.181042023285329
21,joint,actor_17_statement_01,independent_center,pair_0065_sad,17,01,sad,-16.71927924228862
21,joint,actor_17_statement_01,independent_rank1,pair_0064_happy,17,01,happy,4.096781091873483
21,joint,actor_17_statement_01,independent_rank1,pair_0064_sad,17,01,sad,8.393311709860228
21,joint,actor_17_statement_01,independent_rank1,pair_0065_happy,17,01,happy,8.482363571116288
21,joint,actor_17_statement_01,independent_rank1,pair_0065_sad,17,01,sad,-15.192071232927436
21,joint,actor_17_statement_02,raw,pair_0066_happy,17,02,happy,-29.85184886985991
21,joint,actor_17_statement_02,raw,pair_0066_sad,17,02,sad,-32.423102485862806
21,joint,actor_17_statement_02,raw,pair_0067_happy,17,02,happy,-30.62532122996653
21,joint,actor_17_statement_02,raw,pair_0067_sad,17,02,sad,-30.444261889373653
21,joint,actor_17_statement_02,source_center_noop,pair_0066_happy,17,02,happy,-29.85184886985991
21,joint,actor_17_statement_02,source_center_noop,pair_0066_sad,17,02,sad,-32.423102485862806
21,joint,actor_17_statement_02,source_center_noop,pair_0067_happy,17,02,happy,-30.62532122996653
21,joint,actor_17_statement_02,source_center_noop,pair_0067_sad,17,02,sad,-30.444261889373653
21,joint,actor_17_statement_02,independent_center,pair_0066_happy,17,02,happy,2.2992620253383187
21,joint,actor_17_statement_02,independent_center,pair_0066_sad,17,02,sad,-0.2719915906645767
21,joint,actor_17_statement_02,independent_center,pair_0067_happy,17,02,happy,1.5257896652316987
21,joint,actor_17_statement_02,independent_center,pair_0067_sad,17,02,sad,1.7068490058245764
21,joint,actor_17_statement_02,independent_rank1,pair_0066_happy,17,02,happy,3.7157859196612293
21,joint,actor_17_statement_02,independent_rank1,pair_0066_sad,17,02,sad,-3.917711436962101
21,joint,actor_17_statement_02,independent_rank1,pair_0067_happy,17,02,happy,1.500035308050073
21,joint,actor_17_statement_02,independent_rank1,pair_0067_sad,17,02,sad,4.189539756560052
21,joint,actor_18_statement_01,raw,pair_0068_happy,18,01,happy,44.670423071387056
21,joint,actor_18_statement_01,raw,pair_0068_sad,18,01,sad,37.10400419415492
21,joint,actor_18_statement_01,raw,pair_0069_happy,18,01,happy,22.67902140463303
21,joint,actor_18_statement_01,raw,pair_0069_sad,18,01,sad,62.18723210853119
21,joint,actor_18_statement_01,source_center_noop,pair_0068_happy,18,01,happy,44.670423071387056
21,joint,actor_18_statement_01,source_center_noop,pair_0068_sad,18,01,sad,37.10400419415492
21,joint,actor_18_statement_01,source_center_noop,pair_0069_happy,18,01,happy,22.67902140463303
21,joint,actor_18_statement_01,source_center_noop,pair_0069_sad,18,01,sad,62.18723210853119
21,joint,actor_18_statement_01,independent_center,pair_0068_happy,18,01,happy,-4.785075708283252
21,joint,actor_18_statement_01,independent_center,pair_0068_sad,18,01,sad,-12.35149458551539
21,joint,actor_18_statement_01,independent_center,pair_0069_happy,18,01,happy,-26.776477375037278
21,joint,actor_18_statement_01,independent_center,pair_0069_sad,18,01,sad,12.731733328860884
21,joint,actor_18_statement_01,independent_rank1,pair_0068_happy,18,01,happy,-3.8933198678445873
21,joint,actor_18_statement_01,independent_rank1,pair_0068_sad,18,01,sad,-8.80192987338992
21,joint,actor_18_statement_01,independent_rank1,pair_0069_happy,18,01,happy,-3.895538506260112
21,joint,actor_18_statement_01,independent_rank1,pair_0069_sad,18,01,sad,12.880529277207517
21,joint,actor_18_statement_02,raw,pair_0070_happy,18,02,happy,-48.97917235615512
21,joint,actor_18_statement_02,raw,pair_0070_sad,18,02,sad,-49.447989518675655
21,joint,actor_18_statement_02,raw,pair_0071_happy,18,02,happy,-22.19397984988438
21,joint,actor_18_statement_02,raw,pair_0071_sad,18,02,sad,-50.01641661768589
21,joint,actor_18_statement_02,source_center_noop,pair_0070_happy,18,02,happy,-48.97917235615512
21,joint,actor_18_statement_02,source_center_noop,pair_0070_sad,18,02,sad,-49.447989518675655
21,joint,actor_18_statement_02,source_center_noop,pair_0071_happy,18,02,happy,-22.19397984988438
21,joint,actor_18_statement_02,source_center_noop,pair_0071_sad,18,02,sad,-50.01641661768589
21,joint,actor_18_statement_02,independent_center,pair_0070_happy,18,02,happy,2.323840067163559
21,joint,actor_18_statement_02,independent_center,pair_0070_sad,18,02,sad,1.8550229046430218
21,joint,actor_18_statement_02,independent_center,pair_0071_happy,18,02,happy,29.1090325734343
21,joint,actor_18_statement_02,independent_center,pair_0071_sad,18,02,sad,1.2865958056327855
21,joint,actor_18_statement_02,independent_rank1,pair_0070_happy,18,02,happy,-2.4822316273170344
21,joint,actor_18_statement_02,independent_rank1,pair_0070_sad,18,02,sad,-1.0770709374976164
21,joint,actor_18_statement_02,independent_rank1,pair_0071_happy,18,02,happy,12.17842504180745
21,joint,actor_18_statement_02,independent_rank1,pair_0071_sad,18,02,sad,0.8191242136278802
21,joint,actor_19_statement_01,raw,pair_0072_happy,19,01,happy,18.340304269263317
21,joint,actor_19_statement_01,raw,pair_0072_sad,19,01,sad,4.28837591498991
21,joint,actor_19_statement_01,raw,pair_0073_happy,19,01,happy,2.0768880852455505
21,joint,actor_19_statement_01,raw,pair_0073_sad,19,01,sad,22.57591926803448
21,joint,actor_19_statement_01,source_center_noop,pair_0072_happy,19,01,happy,18.340304269263317
21,joint,actor_19_statement_01,source_center_noop,pair_0072_sad,19,01,sad,4.28837591498991
21,joint,actor_19_statement_01,source_center_noop,pair_0073_happy,19,01,happy,2.0768880852455505
21,joint,actor_19_statement_01,source_center_noop,pair_0073_sad,19,01,sad,22.57591926803448
21,joint,actor_19_statement_01,independent_center,pair_0072_happy,19,01,happy,8.09544290600084
21,joint,actor_19_statement_01,independent_center,pair_0072_sad,19,01,sad,-5.956485448272566
21,joint,actor_19_statement_01,independent_center,pair_0073_happy,19,01,happy,-8.167973278016927
21,joint,actor_19_statement_01,independent_center,pair_0073_sad,19,01,sad,12.331057904772003
21,joint,actor_19_statement_01,independent_rank1,pair_0072_happy,19,01,happy,6.690025359138715
21,joint,actor_19_statement_01,independent_rank1,pair_0072_sad,19,01,sad,-6.233905228899249
21,joint,actor_19_statement_01,independent_rank1,pair_0073_happy,19,01,happy,-9.455092502103884
21,joint,actor_19_statement_01,independent_rank1,pair_0073_sad,19,01,sad,12.438877082515857
21,joint,actor_19_statement_02,raw,pair_0074_happy,19,02,happy,-33.54948800675458
21,joint,actor_19_statement_02,raw,pair_0074_sad,19,02,sad,-32.82565042384934
21,joint,actor_19_statement_02,raw,pair_0075_happy,19,02,happy,-31.928659139449078
21,joint,actor_19_statement_02,raw,pair_0075_sad,19,02,sad,-34.9362123480938
21,joint,actor_19_statement_02,source_center_noop,pair_0074_happy,19,02,happy,-33.54948800675458
21,joint,actor_19_statement_02,source_center_noop,pair_0074_sad,19,02,sad,-32.82565042384934
21,joint,actor_19_statement_02,source_center_noop,pair_0075_happy,19,02,happy,-31.928659139449078
21,joint,actor_19_statement_02,source_center_noop,pair_0075_sad,19,02,sad,-34.9362123480938
21,joint,actor_19_statement_02,independent_center,pair_0074_happy,19,02,happy,-0.3199201807824821
21,joint,actor_19_statement_02,independent_center,pair_0074_sad,19,02,sad,0.40391740212275806
21,joint,actor_19_statement_02,independent_center,pair_0075_happy,19,02,happy,1.3009086865230195
21,joint,actor_19_statement_02,independent_center,pair_0075_sad,19,02,sad,-1.7066445221216995
21,joint,actor_19_statement_02,independent_rank1,pair_0074_happy,19,02,happy,-2.1554103938204463
21,joint,actor_19_statement_02,independent_rank1,pair_0074_sad,19,02,sad,4.803819997492013
21,joint,actor_19_statement_02,independent_rank1,pair_0075_happy,19,02,happy,1.9569198255817923
21,joint,actor_19_statement_02,independent_rank1,pair_0075_sad,19,02,sad,-5.719267929326648
21,joint,actor_20_statement_01,raw,pair_0076_happy,20,01,happy,36.60562756569946
21,joint,actor_20_statement_01,raw,pair_0076_sad,20,01,sad,51.0640321499192
21,joint,actor_20_statement_01,raw,pair_0077_happy,20,01,happy,27.834938213673503
21,joint,actor_20_statement_01,raw,pair_0077_sad,20,01,sad,22.101188870469795
21,joint,actor_20_statement_01,source_center_noop,pair_0076_happy,20,01,happy,36.60562756569946
21,joint,actor_20_statement_01,source_center_noop,pair_0076_sad,20,01,sad,51.0640321499192
21,joint,actor_20_statement_01,source_center_noop,pair_0077_happy,20,01,happy,27.834938213673503
21,joint,actor_20_statement_01,source_center_noop,pair_0077_sad,20,01,sad,22.101188870469795
21,joint,actor_20_statement_01,independent_center,pair_0076_happy,20,01,happy,7.294586331973171
21,joint,actor_20_statement_01,independent_center,pair_0076_sad,20,01,sad,21.752990916192914
21,joint,actor_20_statement_01,independent_center,pair_0077_happy,20,01,happy,-1.4761030200527827
21,joint,actor_20_statement_01,independent_center,pair_0077_sad,20,01,sad,-7.209852363256491
21,joint,actor_20_statement_01,independent_rank1,pair_0076_happy,20,01,happy,7.08111653735792
21,joint,actor_20_statement_01,independent_rank1,pair_0076_sad,20,01,sad,19.92181604224746
21,joint,actor_20_statement_01,independent_rank1,pair_0077_happy,20,01,happy,3.1601063476476323
21,joint,actor_20_statement_01,independent_rank1,pair_0077_sad,20,01,sad,-1.4872288889674496
21,joint,actor_20_statement_02,raw,pair_0078_happy,20,02,happy,-35.716023577559255
21,joint,actor_20_statement_02,raw,pair_0078_sad,20,02,sad,-28.158143795502177
21,joint,actor_20_statement_02,raw,pair_0079_happy,20,02,happy,-31.792014321000792
21,joint,actor_20_statement_02,raw,pair_0079_sad,20,02,sad,-35.09693586637735
21,joint,actor_20_statement_02,source_center_noop,pair_0078_happy,20,02,happy,-35.716023577559255
21,joint,actor_20_statement_02,source_center_noop,pair_0078_sad,20,02,sad,-28.158143795502177
21,joint,actor_20_statement_02,source_center_noop,pair_0079_happy,20,02,happy,-31.792014321000792
21,joint,actor_20_statement_02,source_center_noop,pair_0079_sad,20,02,sad,-35.09693586637735
21,joint,actor_20_statement_02,independent_center,pair_0078_happy,20,02,happy,-0.28423479083492964
21,joint,actor_20_statement_02,independent_center,pair_0078_sad,20,02,sad,7.273644991222149
21,joint,actor_20_statement_02,independent_center,pair_0079_happy,20,02,happy,3.6397744657235336
21,joint,actor_20_statement_02,independent_center,pair_0079_sad,20,02,sad,0.3348529203469752
21,joint,actor_20_statement_02,independent_rank1,pair_0078_happy,20,02,happy,-2.565051105602727
21,joint,actor_20_statement_02,independent_rank1,pair_0078_sad,20,02,sad,0.8523092703141018
21,joint,actor_20_statement_02,independent_rank1,pair_0079_happy,20,02,happy,3.2439049580947596
21,joint,actor_20_statement_02,independent_rank1,pair_0079_sad,20,02,sad,1.7754929745500263
21,joint,actor_21_statement_01,raw,pair_0080_happy,21,01,happy,37.274098980557696
21,joint,actor_21_statement_01,raw,pair_0080_sad,21,01,sad,56.42563129986323
21,joint,actor_21_statement_01,raw,pair_0081_happy,21,01,happy,53.25047439737719
21,joint,actor_21_statement_01,raw,pair_0081_sad,21,01,sad,51.54949736879053
21,joint,actor_21_statement_01,source_center_noop,pair_0080_happy,21,01,happy,37.274098980557696
21,joint,actor_21_statement_01,source_center_noop,pair_0080_sad,21,01,sad,56.42563129986323
21,joint,actor_21_statement_01,source_center_noop,pair_0081_happy,21,01,happy,53.25047439737719
21,joint,actor_21_statement_01,source_center_noop,pair_0081_sad,21,01,sad,51.54949736879053
21,joint,actor_21_statement_01,independent_center,pair_0080_happy,21,01,happy,-8.643865559552431
21,joint,actor_21_statement_01,independent_center,pair_0080_sad,21,01,sad,10.5076667597531
21,joint,actor_21_statement_01,independent_center,pair_0081_happy,21,01,happy,7.332509857267063
21,joint,actor_21_statement_01,independent_center,pair_0081_sad,21,01,sad,5.631532828680406
21,joint,actor_21_statement_01,independent_rank1,pair_0080_happy,21,01,happy,-7.596574083299802
21,joint,actor_21_statement_01,independent_rank1,pair_0080_sad,21,01,sad,5.5963913725845575
21,joint,actor_21_statement_01,independent_rank1,pair_0081_happy,21,01,happy,5.8695137161245405
21,joint,actor_21_statement_01,independent_rank1,pair_0081_sad,21,01,sad,-2.11357077454778
21,joint,actor_21_statement_02,raw,pair_0082_happy,21,02,happy,-40.332318477894376
21,joint,actor_21_statement_02,raw,pair_0082_sad,21,02,sad,-36.352990052713594
21,joint,actor_21_statement_02,raw,pair_0083_happy,21,02,happy,-37.66968037178592
21,joint,actor_21_statement_02,raw,pair_0083_sad,21,02,sad,-39.491530336265626
21,joint,actor_21_statement_02,source_center_noop,pair_0082_happy,21,02,happy,-40.332318477894376
21,joint,actor_21_statement_02,source_center_noop,pair_0082_sad,21,02,sad,-36.352990052713594
21,joint,actor_21_statement_02,source_center_noop,pair_0083_happy,21,02,happy,-37.66968037178592
21,joint,actor_21_statement_02,source_center_noop,pair_0083_sad,21,02,sad,-39.491530336265626
21,joint,actor_21_statement_02,independent_center,pair_0082_happy,21,02,happy,-4.442492740667291
21,joint,actor_21_statement_02,independent_center,pair_0082_sad,21,02,sad,-0.4631643154865088
21,joint,actor_21_statement_02,independent_center,pair_0083_happy,21,02,happy,-1.7798546345588377
21,joint,actor_21_statement_02,independent_center,pair_0083_sad,21,02,sad,-3.6017045990385412
21,joint,actor_21_statement_02,independent_rank1,pair_0082_happy,21,02,happy,2.0783326895940633
21,joint,actor_21_statement_02,independent_rank1,pair_0082_sad,21,02,sad,4.056848226620829
21,joint,actor_21_statement_02,independent_rank1,pair_0083_happy,21,02,happy,4.8722900524313815
21,joint,actor_21_statement_02,independent_rank1,pair_0083_sad,21,02,sad,0.35682694528836123
21,joint,actor_22_statement_01,raw,pair_0084_happy,22,01,happy,26.625365064288573
21,joint,actor_22_statement_01,raw,pair_0084_sad,22,01,sad,13.587370720690327
21,joint,actor_22_statement_01,raw,pair_0085_happy,22,01,happy,19.518985655263805
21,joint,actor_22_statement_01,raw,pair_0085_sad,22,01,sad,30.07356470650533
21,joint,actor_22_statement_01,source_center_noop,pair_0084_happy,22,01,happy,26.625365064288573
21,joint,actor_22_statement_01,source_center_noop,pair_0084_sad,22,01,sad,13.587370720690327
21,joint,actor_22_statement_01,source_center_noop,pair_0085_happy,22,01,happy,19.518985655263805
21,joint,actor_22_statement_01,source_center_noop,pair_0085_sad,22,01,sad,30.07356470650533
21,joint,actor_22_statement_01,independent_center,pair_0084_happy,22,01,happy,9.006853761248024
21,joint,actor_22_statement_01,independent_center,pair_0084_sad,22,01,sad,-4.031140582350222
21,joint,actor_22_statement_01,independent_center,pair_0085_happy,22,01,happy,1.900474352223256
21,joint,actor_22_statement_01,independent_center,pair_0085_sad,22,01,sad,12.455053403464781
21,joint,actor_22_statement_01,independent_rank1,pair_0084_happy,22,01,happy,7.320732455189374
21,joint,actor_22_statement_01,independent_rank1,pair_0084_sad,22,01,sad,-4.525764668160392
21,joint,actor_22_statement_01,independent_rank1,pair_0085_happy,22,01,happy,2.6664925659826806
21,joint,actor_22_statement_01,independent_rank1,pair_0085_sad,22,01,sad,10.272512611195745
21,joint,actor_22_statement_02,raw,pair_0086_happy,22,02,happy,-22.679583294968104
21,joint,actor_22_statement_02,raw,pair_0086_sad,22,02,sad,-23.38062494612406
21,joint,actor_22_statement_02,raw,pair_0087_happy,22,02,happy,-25.48766144679293
21,joint,actor_22_statement_02,raw,pair_0087_sad,22,02,sad,-25.5036852633393
21,joint,actor_22_statement_02,source_center_noop,pair_0086_happy,22,02,happy,-22.679583294968104
21,joint,actor_22_statement_02,source_center_noop,pair_0086_sad,22,02,sad,-23.38062494612406
21,joint,actor_22_statement_02,source_center_noop,pair_0087_happy,22,02,happy,-25.48766144679293
21,joint,actor_22_statement_02,source_center_noop,pair_0087_sad,22,02,sad,-25.5036852633393
21,joint,actor_22_statement_02,independent_center,pair_0086_happy,22,02,happy,2.970365070969489
21,joint,actor_22_statement_02,independent_center,pair_0086_sad,22,02,sad,2.269323419813535
21,joint,actor_22_statement_02,independent_center,pair_0087_happy,22,02,happy,0.16228691914466253
21,joint,actor_22_statement_02,independent_center,pair_0087_sad,22,02,sad,0.14626310259829367
21,joint,actor_22_statement_02,independent_rank1,pair_0086_happy,22,02,happy,6.170957277440074
21,joint,actor_22_statement_02,independent_rank1,pair_0086_sad,22,02,sad,5.721560287871412
21,joint,actor_22_statement_02,independent_rank1,pair_0087_happy,22,02,happy,3.236200152296007
21,joint,actor_22_statement_02,independent_rank1,pair_0087_sad,22,02,sad,-0.7926029118669149
21,joint,actor_23_statement_01,raw,pair_0088_happy,23,01,happy,27.03562174398023
21,joint,actor_23_statement_01,raw,pair_0088_sad,23,01,sad,43.06460849220253
21,joint,actor_23_statement_01,raw,pair_0089_happy,23,01,happy,31.0949674443695
21,joint,actor_23_statement_01,raw,pair_0089_sad,23,01,sad,15.401729004456286
21,joint,actor_23_statement_01,source_center_noop,pair_0088_happy,23,01,happy,27.03562174398023
21,joint,actor_23_statement_01,source_center_noop,pair_0088_sad,23,01,sad,43.06460849220253
21,joint,actor_23_statement_01,source_center_noop,pair_0089_happy,23,01,happy,31.0949674443695
21,joint,actor_23_statement_01,source_center_noop,pair_0089_sad,23,01,sad,15.401729004456286
21,joint,actor_23_statement_01,independent_center,pair_0088_happy,23,01,happy,-7.731040822381189
21,joint,actor_23_statement_01,independent_center,pair_0088_sad,23,01,sad,8.297945925841113
21,joint,actor_23_statement_01,independent_center,pair_0089_happy,23,01,happy,-3.6716951219919167
21,joint,actor_23_statement_01,independent_center,pair_0089_sad,23,01,sad,-19.364933561905133
21,joint,actor_23_statement_01,independent_rank1,pair_0088_happy,23,01,happy,-6.923300321987036
21,joint,actor_23_statement_01,independent_rank1,pair_0088_sad,23,01,sad,5.51359222550591
21,joint,actor_23_statement_01,independent_rank1,pair_0089_happy,23,01,happy,-6.182003316395811
21,joint,actor_23_statement_01,independent_rank1,pair_0089_sad,23,01,sad,-17.02956777516411
21,joint,actor_23_statement_02,raw,pair_0090_happy,23,02,happy,-31.493937779029235
21,joint,actor_23_statement_02,raw,pair_0090_sad,23,02,sad,-30.55905112093148
21,joint,actor_23_statement_02,raw,pair_0091_happy,23,02,happy,-31.99366858334577
21,joint,actor_23_statement_02,raw,pair_0091_sad,23,02,sad,-30.838778565276954
21,joint,actor_23_statement_02,source_center_noop,pair_0090_happy,23,02,happy,-31.493937779029235
21,joint,actor_23_statement_02,source_center_noop,pair_0090_sad,23,02,sad,-30.55905112093148
21,joint,actor_23_statement_02,source_center_noop,pair_0091_happy,23,02,happy,-31.99366858334577
21,joint,actor_23_statement_02,source_center_noop,pair_0091_sad,23,02,sad,-30.838778565276954
21,joint,actor_23_statement_02,independent_center,pair_0090_happy,23,02,happy,-1.0262145610512121
21,joint,actor_23_statement_02,independent_center,pair_0090_sad,23,02,sad,-0.09132790295345572
21,joint,actor_23_statement_02,independent_center,pair_0091_happy,23,02,happy,-1.5259453653677468
21,joint,actor_23_statement_02,independent_center,pair_0091_sad,23,02,sad,-0.3710553472989311
21,joint,actor_23_statement_02,independent_rank1,pair_0090_happy,23,02,happy,-0.8556919526042819
21,joint,actor_23_statement_02,independent_rank1,pair_0090_sad,23,02,sad,-0.3185132786913769
21,joint,actor_23_statement_02,independent_rank1,pair_0091_happy,23,02,happy,-6.540821968269633
21,joint,actor_23_statement_02,independent_rank1,pair_0091_sad,23,02,sad,5.68176188769727
21,joint,actor_24_statement_01,raw,pair_0092_happy,24,01,happy,-2.9018730182709884
21,joint,actor_24_statement_01,raw,pair_0092_sad,24,01,sad,19.952108012861963
21,joint,actor_24_statement_01,raw,pair_0093_happy,24,01,happy,4.651991453383156
21,joint,actor_24_statement_01,raw,pair_0093_sad,24,01,sad,16.663525606695295
21,joint,actor_24_statement_01,source_center_noop,pair_0092_happy,24,01,happy,-2.9018730182709884
21,joint,actor_24_statement_01,source_center_noop,pair_0092_sad,24,01,sad,19.952108012861963
21,joint,actor_24_statement_01,source_center_noop,pair_0093_happy,24,01,happy,4.651991453383156
21,joint,actor_24_statement_01,source_center_noop,pair_0093_sad,24,01,sad,16.663525606695295
21,joint,actor_24_statement_01,independent_center,pair_0092_happy,24,01,happy,-12.017901820343548
21,joint,actor_24_statement_01,independent_center,pair_0092_sad,24,01,sad,10.836079210789404
21,joint,actor_24_statement_01,independent_center,pair_0093_happy,24,01,happy,-4.464037348689404
21,joint,actor_24_statement_01,independent_center,pair_0093_sad,24,01,sad,7.547496804622735
21,joint,actor_24_statement_01,independent_rank1,pair_0092_happy,24,01,happy,-12.313869290332697
21,joint,actor_24_statement_01,independent_rank1,pair_0092_sad,24,01,sad,11.18776315891807
21,joint,actor_24_statement_01,independent_rank1,pair_0093_happy,24,01,happy,-5.039706184629701
21,joint,actor_24_statement_01,independent_rank1,pair_0093_sad,24,01,sad,7.449800919296503
21,joint,actor_24_statement_02,raw,pair_0094_happy,24,02,happy,-33.86947643010595
21,joint,actor_24_statement_02,raw,pair_0094_sad,24,02,sad,-43.08159745910952
21,joint,actor_24_statement_02,raw,pair_0095_happy,24,02,happy,-34.210120315523206
21,joint,actor_24_statement_02,raw,pair_0095_sad,24,02,sad,-32.94312678877494
21,joint,actor_24_statement_02,source_center_noop,pair_0094_happy,24,02,happy,-33.86947643010595
21,joint,actor_24_statement_02,source_center_noop,pair_0094_sad,24,02,sad,-43.08159745910952
21,joint,actor_24_statement_02,source_center_noop,pair_0095_happy,24,02,happy,-34.210120315523206
21,joint,actor_24_statement_02,source_center_noop,pair_0095_sad,24,02,sad,-32.94312678877494
21,joint,actor_24_statement_02,independent_center,pair_0094_happy,24,02,happy,-0.32798758520734594
21,joint,actor_24_statement_02,independent_center,pair_0094_sad,24,02,sad,-9.540108614210915
21,joint,actor_24_statement_02,independent_center,pair_0095_happy,24,02,happy,-0.6686314706246037
21,joint,actor_24_statement_02,independent_center,pair_0095_sad,24,02,sad,0.598362056123662
21,joint,actor_24_statement_02,independent_rank1,pair_0094_happy,24,02,happy,-0.6964908172643476
21,joint,actor_24_statement_02,independent_rank1,pair_0094_sad,24,02,sad,-1.8710393505051002
21,joint,actor_24_statement_02,independent_rank1,pair_0095_happy,24,02,happy,2.523761315904352
21,joint,actor_24_statement_02,independent_rank1,pair_0095_sad,24,02,sad,1.9744698290136
22,statement,actor_None_statement_01,raw,pair_0000_happy,01,01,happy,-6.77563865989247
22,statement,actor_None_statement_01,raw,pair_0000_sad,01,01,sad,-5.924145523998792
22,statement,actor_None_statement_01,raw,pair_0001_happy,01,01,happy,-17.626163326798437
22,statement,actor_None_statement_01,raw,pair_0001_sad,01,01,sad,0.5687987619609842
22,statement,actor_None_statement_01,raw,pair_0004_happy,02,01,happy,-5.281538433442822
22,statement,actor_None_statement_01,raw,pair_0004_sad,02,01,sad,-4.48712496620627
22,statement,actor_None_statement_01,raw,pair_0005_happy,02,01,happy,-13.729783858712633
22,statement,actor_None_statement_01,raw,pair_0005_sad,02,01,sad,-1.2926021244743318
22,statement,actor_None_statement_01,raw,pair_0008_happy,03,01,happy,-3.2313944975144757
22,statement,actor_None_statement_01,raw,pair_0008_sad,03,01,sad,-7.235904386277838
22,statement,actor_None_statement_01,raw,pair_0009_happy,03,01,happy,-11.178385362494582
22,statement,actor_None_statement_01,raw,pair_0009_sad,03,01,sad,-14.330455903704877
22,statement,actor_None_statement_01,raw,pair_0012_happy,04,01,happy,0.09324231413974715
22,statement,actor_None_statement_01,raw,pair_0012_sad,04,01,sad,-14.25511227355981
22,statement,actor_None_statement_01,raw,pair_0013_happy,04,01,happy,-12.135207824110182
22,statement,actor_None_statement_01,raw,pair_0013_sad,04,01,sad,-19.360526868847572
22,statement,actor_None_statement_01,raw,pair_0016_happy,05,01,happy,-4.251578048248547
22,statement,actor_None_statement_01,raw,pair_0016_sad,05,01,sad,-6.712111698884701
22,statement,actor_None_statement_01,raw,pair_0017_happy,05,01,happy,-18.76577559403189
22,statement,actor_None_statement_01,raw,pair_0017_sad,05,01,sad,-6.05756858602491
22,statement,actor_None_statement_01,raw,pair_0020_happy,06,01,happy,-10.2002169128232
22,statement,actor_None_statement_01,raw,pair_0020_sad,06,01,sad,-14.266488849342103
22,statement,actor_None_statement_01,raw,pair_0021_happy,06,01,happy,-11.141646712238064
22,statement,actor_None_statement_01,raw,pair_0021_sad,06,01,sad,-13.696216631231655
22,statement,actor_None_statement_01,raw,pair_0024_happy,07,01,happy,2.122869169110132
22,statement,actor_None_statement_01,raw,pair_0024_sad,07,01,sad,-10.970583430657017
22,statement,actor_None_statement_01,raw,pair_0025_happy,07,01,happy,-14.07757117327014
22,statement,actor_None_statement_01,raw,pair_0025_sad,07,01,sad,-11.434353517927505
22,statement,actor_None_statement_01,raw,pair_0028_happy,08,01,happy,3.907640234170497
22,statement,actor_None_statement_01,raw,pair_0028_sad,08,01,sad,-18.40720249476822
22,statement,actor_None_statement_01,raw,pair_0029_happy,08,01,happy,-6.0872975250232155
22,statement,actor_None_statement_01,raw,pair_0029_sad,08,01,sad,-8.14930031587334
22,statement,actor_None_statement_01,raw,pair_0032_happy,09,01,happy,-9.972665557068632
22,statement,actor_None_statement_01,raw,pair_0032_sad,09,01,sad,-5.7528781054093905
22,statement,actor_None_statement_01,raw,pair_0033_happy,09,01,happy,-26.35270851037787
22,statement,actor_None_statement_01,raw,pair_0033_sad,09,01,sad,8.84989092497582
22,statement,actor_None_statement_01,raw,pair_0036_happy,10,01,happy,-1.736049902063538
22,statement,actor_None_statement_01,raw,pair_0036_sad,10,01,sad,-24.725445425937078
22,statement,actor_None_statement_01,raw,pair_0037_happy,10,01,happy,-22.6766493081578
22,statement,actor_None_statement_01,raw,pair_0037_sad,10,01,sad,-4.385358632099873
22,statement,actor_None_statement_01,raw,pair_0040_happy,11,01,happy,-12.749765841105145
22,statement,actor_None_statement_01,raw,pair_0040_sad,11,01,sad,-15.758997459996802
22,statement,actor_None_statement_01,raw,pair_0041_happy,11,01,happy,-20.688731329588137
22,statement,actor_None_statement_01,raw,pair_0041_sad,11,01,sad,-5.241176402173874
22,statement,actor_None_statement_01,raw,pair_0044_happy,12,01,happy,-15.846360383097027
22,statement,actor_None_statement_01,raw,pair_0044_sad,12,01,sad,1.7018832872264262
22,statement,actor_None_statement_01,raw,pair_0045_happy,12,01,happy,-6.058440542812768
22,statement,actor_None_statement_01,raw,pair_0045_sad,12,01,sad,-1.8943790724936171
22,statement,actor_None_statement_01,raw,pair_0048_happy,13,01,happy,-16.208208307509373
22,statement,actor_None_statement_01,raw,pair_0048_sad,13,01,sad,-10.274564057954468
22,statement,actor_None_statement_01,raw,pair_0049_happy,13,01,happy,-5.871633866818385
22,statement,actor_None_statement_01,raw,pair_0049_sad,13,01,sad,-13.536739383169225
22,statement,actor_None_statement_01,raw,pair_0052_happy,14,01,happy,6.224364711375191
22,statement,actor_None_statement_01,raw,pair_0052_sad,14,01,sad,-15.777379706563176
22,statement,actor_None_statement_01,raw,pair_0053_happy,14,01,happy,3.293084166620492
22,statement,actor_None_statement_01,raw,pair_0053_sad,14,01,sad,-11.793669128933772
22,statement,actor_None_statement_01,raw,pair_0056_happy,15,01,happy,4.32456618803203
22,statement,actor_None_statement_01,raw,pair_0056_sad,15,01,sad,4.316318643125864
22,statement,actor_None_statement_01,raw,pair_0057_happy,15,01,happy,-11.68217594350884
22,statement,actor_None_statement_01,raw,pair_0057_sad,15,01,sad,-14.959072874990476
22,statement,actor_None_statement_01,raw,pair_0060_happy,16,01,happy,-11.642141291872267
22,statement,actor_None_statement_01,raw,pair_0060_sad,16,01,sad,-3.3917165283775823
22,statement,actor_None_statement_01,raw,pair_0061_happy,16,01,happy,-12.92004047518769
22,statement,actor_None_statement_01,raw,pair_0061_sad,16,01,sad,12.453949117487216
22,statement,actor_None_statement_01,raw,pair_0064_happy,17,01,happy,-19.73991066597491
22,statement,actor_None_statement_01,raw,pair_0064_sad,17,01,sad,-20.26815295039489
22,statement,actor_None_statement_01,raw,pair_0065_happy,17,01,happy,-15.289585493496034
22,statement,actor_None_statement_01,raw,pair_0065_sad,17,01,sad,-18.21999490332005
22,statement,actor_None_statement_01,raw,pair_0068_happy,18,01,happy,-5.371572377082149
22,statement,actor_None_statement_01,raw,pair_0068_sad,18,01,sad,-16.677432523396725
22,statement,actor_None_statement_01,raw,pair_0069_happy,18,01,happy,-6.938885940665251
22,statement,actor_None_statement_01,raw,pair_0069_sad,18,01,sad,-12.146665650213947
22,statement,actor_None_statement_01,raw,pair_0072_happy,19,01,happy,-3.905815557399613
22,statement,actor_None_statement_01,raw,pair_0072_sad,19,01,sad,-11.658355708547335
22,statement,actor_None_statement_01,raw,pair_0073_happy,19,01,happy,1.7397218683426026
22,statement,actor_None_statement_01,raw,pair_0073_sad,19,01,sad,-6.260095756450237
22,statement,actor_None_statement_01,raw,pair_0076_happy,20,01,happy,-17.548089092400886
22,statement,actor_None_statement_01,raw,pair_0076_sad,20,01,sad,-11.817422901573327
22,statement,actor_None_statement_01,raw,pair_0077_happy,20,01,happy,1.5014605708453033
22,statement,actor_None_statement_01,raw,pair_0077_sad,20,01,sad,-9.542452472317219
22,statement,actor_None_statement_01,raw,pair_0080_happy,21,01,happy,-9.917824414139123
22,statement,actor_None_statement_01,raw,pair_0080_sad,21,01,sad,-11.434624646140986
22,statement,actor_None_statement_01,raw,pair_0081_happy,21,01,happy,-13.076786770068736
22,statement,actor_None_statement_01,raw,pair_0081_sad,21,01,sad,-10.24474535781436
22,statement,actor_None_statement_01,raw,pair_0084_happy,22,01,happy,-4.064688902836085
22,statement,actor_None_statement_01,raw,pair_0084_sad,22,01,sad,-14.239454220495201
22,statement,actor_None_statement_01,raw,pair_0085_happy,22,01,happy,-11.878653678056223
22,statement,actor_None_statement_01,raw,pair_0085_sad,22,01,sad,-5.674402516950234
22,statement,actor_None_statement_01,raw,pair_0088_happy,23,01,happy,-24.611346583506865
22,statement,actor_None_statement_01,raw,pair_0088_sad,23,01,sad,-8.536056499021733
22,statement,actor_None_statement_01,raw,pair_0089_happy,23,01,happy,-8.616892154118279
22,statement,actor_None_statement_01,raw,pair_0089_sad,23,01,sad,-9.309724324453633
22,statement,actor_None_statement_01,raw,pair_0092_happy,24,01,happy,-16.102763311088104
22,statement,actor_None_statement_01,raw,pair_0092_sad,24,01,sad,-2.748397643665502
22,statement,actor_None_statement_01,raw,pair_0093_happy,24,01,happy,-10.6987687558864
22,statement,actor_None_statement_01,raw,pair_0093_sad,24,01,sad,2.469344673850838
22,statement,actor_None_statement_01,source_center_noop,pair_0000_happy,01,01,happy,-6.77563865989247
22,statement,actor_None_statement_01,source_center_noop,pair_0000_sad,01,01,sad,-5.924145523998792
22,statement,actor_None_statement_01,source_center_noop,pair_0001_happy,01,01,happy,-17.626163326798437
22,statement,actor_None_statement_01,source_center_noop,pair_0001_sad,01,01,sad,0.5687987619609842
22,statement,actor_None_statement_01,source_center_noop,pair_0004_happy,02,01,happy,-5.281538433442822
22,statement,actor_None_statement_01,source_center_noop,pair_0004_sad,02,01,sad,-4.48712496620627
22,statement,actor_None_statement_01,source_center_noop,pair_0005_happy,02,01,happy,-13.729783858712633
22,statement,actor_None_statement_01,source_center_noop,pair_0005_sad,02,01,sad,-1.2926021244743318
22,statement,actor_None_statement_01,source_center_noop,pair_0008_happy,03,01,happy,-3.2313944975144757
22,statement,actor_None_statement_01,source_center_noop,pair_0008_sad,03,01,sad,-7.235904386277838
22,statement,actor_None_statement_01,source_center_noop,pair_0009_happy,03,01,happy,-11.178385362494582
22,statement,actor_None_statement_01,source_center_noop,pair_0009_sad,03,01,sad,-14.330455903704877
22,statement,actor_None_statement_01,source_center_noop,pair_0012_happy,04,01,happy,0.09324231413974715
22,statement,actor_None_statement_01,source_center_noop,pair_0012_sad,04,01,sad,-14.25511227355981
22,statement,actor_None_statement_01,source_center_noop,pair_0013_happy,04,01,happy,-12.135207824110182
22,statement,actor_None_statement_01,source_center_noop,pair_0013_sad,04,01,sad,-19.360526868847572
22,statement,actor_None_statement_01,source_center_noop,pair_0016_happy,05,01,happy,-4.251578048248547
22,statement,actor_None_statement_01,source_center_noop,pair_0016_sad,05,01,sad,-6.712111698884701
22,statement,actor_None_statement_01,source_center_noop,pair_0017_happy,05,01,happy,-18.76577559403189
22,statement,actor_None_statement_01,source_center_noop,pair_0017_sad,05,01,sad,-6.05756858602491
22,statement,actor_None_statement_01,source_center_noop,pair_0020_happy,06,01,happy,-10.2002169128232
22,statement,actor_None_statement_01,source_center_noop,pair_0020_sad,06,01,sad,-14.266488849342103
22,statement,actor_None_statement_01,source_center_noop,pair_0021_happy,06,01,happy,-11.141646712238064
22,statement,actor_None_statement_01,source_center_noop,pair_0021_sad,06,01,sad,-13.696216631231655
22,statement,actor_None_statement_01,source_center_noop,pair_0024_happy,07,01,happy,2.122869169110132
22,statement,actor_None_statement_01,source_center_noop,pair_0024_sad,07,01,sad,-10.970583430657017
22,statement,actor_None_statement_01,source_center_noop,pair_0025_happy,07,01,happy,-14.07757117327014
22,statement,actor_None_statement_01,source_center_noop,pair_0025_sad,07,01,sad,-11.434353517927505
22,statement,actor_None_statement_01,source_center_noop,pair_0028_happy,08,01,happy,3.907640234170497
22,statement,actor_None_statement_01,source_center_noop,pair_0028_sad,08,01,sad,-18.40720249476822
22,statement,actor_None_statement_01,source_center_noop,pair_0029_happy,08,01,happy,-6.0872975250232155
22,statement,actor_None_statement_01,source_center_noop,pair_0029_sad,08,01,sad,-8.14930031587334
22,statement,actor_None_statement_01,source_center_noop,pair_0032_happy,09,01,happy,-9.972665557068632
22,statement,actor_None_statement_01,source_center_noop,pair_0032_sad,09,01,sad,-5.7528781054093905
22,statement,actor_None_statement_01,source_center_noop,pair_0033_happy,09,01,happy,-26.35270851037787
22,statement,actor_None_statement_01,source_center_noop,pair_0033_sad,09,01,sad,8.84989092497582
22,statement,actor_None_statement_01,source_center_noop,pair_0036_happy,10,01,happy,-1.736049902063538
22,statement,actor_None_statement_01,source_center_noop,pair_0036_sad,10,01,sad,-24.725445425937078
22,statement,actor_None_statement_01,source_center_noop,pair_0037_happy,10,01,happy,-22.6766493081578
22,statement,actor_None_statement_01,source_center_noop,pair_0037_sad,10,01,sad,-4.385358632099873
22,statement,actor_None_statement_01,source_center_noop,pair_0040_happy,11,01,happy,-12.749765841105145
22,statement,actor_None_statement_01,source_center_noop,pair_0040_sad,11,01,sad,-15.758997459996802
22,statement,actor_None_statement_01,source_center_noop,pair_0041_happy,11,01,happy,-20.688731329588137
22,statement,actor_None_statement_01,source_center_noop,pair_0041_sad,11,01,sad,-5.241176402173874
22,statement,actor_None_statement_01,source_center_noop,pair_0044_happy,12,01,happy,-15.846360383097027
22,statement,actor_None_statement_01,source_center_noop,pair_0044_sad,12,01,sad,1.7018832872264262
22,statement,actor_None_statement_01,source_center_noop,pair_0045_happy,12,01,happy,-6.058440542812768
22,statement,actor_None_statement_01,source_center_noop,pair_0045_sad,12,01,sad,-1.8943790724936171
22,statement,actor_None_statement_01,source_center_noop,pair_0048_happy,13,01,happy,-16.208208307509373
22,statement,actor_None_statement_01,source_center_noop,pair_0048_sad,13,01,sad,-10.274564057954468
22,statement,actor_None_statement_01,source_center_noop,pair_0049_happy,13,01,happy,-5.871633866818385
22,statement,actor_None_statement_01,source_center_noop,pair_0049_sad,13,01,sad,-13.536739383169225
22,statement,actor_None_statement_01,source_center_noop,pair_0052_happy,14,01,happy,6.224364711375191
22,statement,actor_None_statement_01,source_center_noop,pair_0052_sad,14,01,sad,-15.777379706563176
22,statement,actor_None_statement_01,source_center_noop,pair_0053_happy,14,01,happy,3.293084166620492
22,statement,actor_None_statement_01,source_center_noop,pair_0053_sad,14,01,sad,-11.793669128933772
22,statement,actor_None_statement_01,source_center_noop,pair_0056_happy,15,01,happy,4.32456618803203
22,statement,actor_None_statement_01,source_center_noop,pair_0056_sad,15,01,sad,4.316318643125864
22,statement,actor_None_statement_01,source_center_noop,pair_0057_happy,15,01,happy,-11.68217594350884
22,statement,actor_None_statement_01,source_center_noop,pair_0057_sad,15,01,sad,-14.959072874990476
22,statement,actor_None_statement_01,source_center_noop,pair_0060_happy,16,01,happy,-11.642141291872267
22,statement,actor_None_statement_01,source_center_noop,pair_0060_sad,16,01,sad,-3.3917165283775823
22,statement,actor_None_statement_01,source_center_noop,pair_0061_happy,16,01,happy,-12.92004047518769
22,statement,actor_None_statement_01,source_center_noop,pair_0061_sad,16,01,sad,12.453949117487216
22,statement,actor_None_statement_01,source_center_noop,pair_0064_happy,17,01,happy,-19.73991066597491
22,statement,actor_None_statement_01,source_center_noop,pair_0064_sad,17,01,sad,-20.26815295039489
22,statement,actor_None_statement_01,source_center_noop,pair_0065_happy,17,01,happy,-15.289585493496034
22,statement,actor_None_statement_01,source_center_noop,pair_0065_sad,17,01,sad,-18.21999490332005
22,statement,actor_None_statement_01,source_center_noop,pair_0068_happy,18,01,happy,-5.371572377082149
22,statement,actor_None_statement_01,source_center_noop,pair_0068_sad,18,01,sad,-16.677432523396725
22,statement,actor_None_statement_01,source_center_noop,pair_0069_happy,18,01,happy,-6.938885940665251
22,statement,actor_None_statement_01,source_center_noop,pair_0069_sad,18,01,sad,-12.146665650213947
22,statement,actor_None_statement_01,source_center_noop,pair_0072_happy,19,01,happy,-3.905815557399613
22,statement,actor_None_statement_01,source_center_noop,pair_0072_sad,19,01,sad,-11.658355708547335
22,statement,actor_None_statement_01,source_center_noop,pair_0073_happy,19,01,happy,1.7397218683426026
22,statement,actor_None_statement_01,source_center_noop,pair_0073_sad,19,01,sad,-6.260095756450237
22,statement,actor_None_statement_01,source_center_noop,pair_0076_happy,20,01,happy,-17.548089092400886
22,statement,actor_None_statement_01,source_center_noop,pair_0076_sad,20,01,sad,-11.817422901573327
22,statement,actor_None_statement_01,source_center_noop,pair_0077_happy,20,01,happy,1.5014605708453033
22,statement,actor_None_statement_01,source_center_noop,pair_0077_sad,20,01,sad,-9.542452472317219
22,statement,actor_None_statement_01,source_center_noop,pair_0080_happy,21,01,happy,-9.917824414139123
22,statement,actor_None_statement_01,source_center_noop,pair_0080_sad,21,01,sad,-11.434624646140986
22,statement,actor_None_statement_01,source_center_noop,pair_0081_happy,21,01,happy,-13.076786770068736
22,statement,actor_None_statement_01,source_center_noop,pair_0081_sad,21,01,sad,-10.24474535781436
22,statement,actor_None_statement_01,source_center_noop,pair_0084_happy,22,01,happy,-4.064688902836085
22,statement,actor_None_statement_01,source_center_noop,pair_0084_sad,22,01,sad,-14.239454220495201
22,statement,actor_None_statement_01,source_center_noop,pair_0085_happy,22,01,happy,-11.878653678056223
22,statement,actor_None_statement_01,source_center_noop,pair_0085_sad,22,01,sad,-5.674402516950234
22,statement,actor_None_statement_01,source_center_noop,pair_0088_happy,23,01,happy,-24.611346583506865
22,statement,actor_None_statement_01,source_center_noop,pair_0088_sad,23,01,sad,-8.536056499021733
22,statement,actor_None_statement_01,source_center_noop,pair_0089_happy,23,01,happy,-8.616892154118279
22,statement,actor_None_statement_01,source_center_noop,pair_0089_sad,23,01,sad,-9.309724324453633
22,statement,actor_None_statement_01,source_center_noop,pair_0092_happy,24,01,happy,-16.102763311088104
22,statement,actor_None_statement_01,source_center_noop,pair_0092_sad,24,01,sad,-2.748397643665502
22,statement,actor_None_statement_01,source_center_noop,pair_0093_happy,24,01,happy,-10.6987687558864
22,statement,actor_None_statement_01,source_center_noop,pair_0093_sad,24,01,sad,2.469344673850838
22,statement,actor_None_statement_01,transductive_center,pair_0000_happy,01,01,happy,2.3615838808976104
22,statement,actor_None_statement_01,transductive_center,pair_0000_sad,01,01,sad,3.2130770167912885
22,statement,actor_None_statement_01,transductive_center,pair_0001_happy,01,01,happy,-8.488940786008357
22,statement,actor_None_statement_01,transductive_center,pair_0001_sad,01,01,sad,9.706021302751065
22,statement,actor_None_statement_01,transductive_center,pair_0004_happy,02,01,happy,3.8556841073472583
22,statement,actor_None_statement_01,transductive_center,pair_0004_sad,02,01,sad,4.6500975745838105
22,statement,actor_None_statement_01,transductive_center,pair_0005_happy,02,01,happy,-4.592561317922552
22,statement,actor_None_statement_01,transductive_center,pair_0005_sad,02,01,sad,7.844620416315749
22,statement,actor_None_statement_01,transductive_center,pair_0008_happy,03,01,happy,5.905828043275605
22,statement,actor_None_statement_01,transductive_center,pair_0008_sad,03,01,sad,1.9013181545122428
22,statement,actor_None_statement_01,transductive_center,pair_0009_happy,03,01,happy,-2.0411628217045017
22,statement,actor_None_statement_01,transductive_center,pair_0009_sad,03,01,sad,-5.193233362914796
22,statement,actor_None_statement_01,transductive_center,pair_0012_happy,04,01,happy,9.230464854929828
22,statement,actor_None_statement_01,transductive_center,pair_0012_sad,04,01,sad,-5.117889732769729
22,statement,actor_None_statement_01,transductive_center,pair_0013_happy,04,01,happy,-2.9979852833201015
22,statement,actor_None_statement_01,transductive_center,pair_0013_sad,04,01,sad,-10.223304328057491
22,statement,actor_None_statement_01,transductive_center,pair_0016_happy,05,01,happy,4.885644492541534
22,statement,actor_None_statement_01,transductive_center,pair_0016_sad,05,01,sad,2.4251108419053793
22,statement,actor_None_statement_01,transductive_center,pair_0017_happy,05,01,happy,-9.62855305324181
22,statement,actor_None_statement_01,transductive_center,pair_0017_sad,05,01,sad,3.0796539547651705
22,statement,actor_None_statement_01,transductive_center,pair_0020_happy,06,01,happy,-1.0629943720331188
22,statement,actor_None_statement_01,transductive_center,pair_0020_sad,06,01,sad,-5.1292663085520225
22,statement,actor_None_statement_01,transductive_center,pair_0021_happy,06,01,happy,-2.004424171447983
22,statement,actor_None_statement_01,transductive_center,pair_0021_sad,06,01,sad,-4.558994090441574
22,statement,actor_None_statement_01,transductive_center,pair_0024_happy,07,01,happy,11.260091709900212
22,statement,actor_None_statement_01,transductive_center,pair_0024_sad,07,01,sad,-1.8333608898669365
22,statement,actor_None_statement_01,transductive_center,pair_0025_happy,07,01,happy,-4.94034863248006
22,statement,actor_None_statement_01,transductive_center,pair_0025_sad,07,01,sad,-2.2971309771374244
22,statement,actor_None_statement_01,transductive_center,pair_0028_happy,08,01,happy,13.044862774960578
22,statement,actor_None_statement_01,transductive_center,pair_0028_sad,08,01,sad,-9.26997995397814
22,statement,actor_None_statement_01,transductive_center,pair_0029_happy,08,01,happy,3.049925015766865
22,statement,actor_None_statement_01,transductive_center,pair_0029_sad,08,01,sad,0.9879222249167405
22,statement,actor_None_statement_01,transductive_center,pair_0032_happy,09,01,happy,-0.8354430162785516
22,statement,actor_None_statement_01,transductive_center,pair_0032_sad,09,01,sad,3.38434443538069
22,statement,actor_None_statement_01,transductive_center,pair_0033_happy,09,01,happy,-17.21548596958779
22,statement,actor_None_statement_01,transductive_center,pair_0033_sad,09,01,sad,17.9871134657659
22,statement,actor_None_statement_01,transductive_center,pair_0036_happy,10,01,happy,7.401172638726543
22,statement,actor_None_statement_01,transductive_center,pair_0036_sad,10,01,sad,-15.588222885146997
22,statement,actor_None_statement_01,transductive_center,pair_0037_happy,10,01,happy,-13.539426767367718
22,statement,actor_None_statement_01,transductive_center,pair_0037_sad,10,01,sad,4.751863908690208
22,statement,actor_None_statement_01,transductive_center,pair_0040_happy,11,01,happy,-3.612543300315064
22,statement,actor_None_statement_01,transductive_center,pair_0040_sad,11,01,sad,-6.621774919206722
22,statement,actor_None_statement_01,transductive_center,pair_0041_happy,11,01,happy,-11.551508788798056
22,statement,actor_None_statement_01,transductive_center,pair_0041_sad,11,01,sad,3.8960461386162066
22,statement,actor_None_statement_01,transductive_center,pair_0044_happy,12,01,happy,-6.709137842306946
22,statement,actor_None_statement_01,transductive_center,pair_0044_sad,12,01,sad,10.839105828016507
22,statement,actor_None_statement_01,transductive_center,pair_0045_happy,12,01,happy,3.0787819979773126
22,statement,actor_None_statement_01,transductive_center,pair_0045_sad,12,01,sad,7.2428434682964635
22,statement,actor_None_statement_01,transductive_center,pair_0048_happy,13,01,happy,-7.070985766719293
22,statement,actor_None_statement_01,transductive_center,pair_0048_sad,13,01,sad,-1.137341517164387
22,statement,actor_None_statement_01,transductive_center,pair_0049_happy,13,01,happy,3.2655886739716955
22,statement,actor_None_statement_01,transductive_center,pair_0049_sad,13,01,sad,-4.399516842379144
22,statement,actor_None_statement_01,transductive_center,pair_0052_happy,14,01,happy,15.361587252165272
22,statement,actor_None_statement_01,transductive_center,pair_0052_sad,14,01,sad,-6.640157165773095
22,statement,actor_None_statement_01,transductive_center,pair_0053_happy,14,01,happy,12.430306707410573
22,statement,actor_None_statement_01,transductive_center,pair_0053_sad,14,01,sad,-2.656446588143691
22,statement,actor_None_statement_01,transductive_center,pair_0056_happy,15,01,happy,13.46178872882211
22,statement,actor_None_statement_01,transductive_center,pair_0056_sad,15,01,sad,13.453541183915945
22,statement,actor_None_statement_01,transductive_center,pair_0057_happy,15,01,happy,-2.5449534027187592
22,statement,actor_None_statement_01,transductive_center,pair_0057_sad,15,01,sad,-5.821850334200395
22,statement,actor_None_statement_01,transductive_center,pair_0060_happy,16,01,happy,-2.5049187510821866
22,statement,actor_None_statement_01,transductive_center,pair_0060_sad,16,01,sad,5.745506012412498
22,statement,actor_None_statement_01,transductive_center,pair_0061_happy,16,01,happy,-3.7828179343976096
22,statement,actor_None_statement_01,transductive_center,pair_0061_sad,16,01,sad,21.591171658277297
22,statement,actor_None_statement_01,transductive_center,pair_0064_happy,17,01,happy,-10.60268812518483
22,statement,actor_None_statement_01,transductive_center,pair_0064_sad,17,01,sad,-11.130930409604808
22,statement,actor_None_statement_01,transductive_center,pair_0065_happy,17,01,happy,-6.152362952705953
22,statement,actor_None_statement_01,transductive_center,pair_0065_sad,17,01,sad,-9.082772362529969
22,statement,actor_None_statement_01,transductive_center,pair_0068_happy,18,01,happy,3.7656501637079316
22,statement,actor_None_statement_01,transductive_center,pair_0068_sad,18,01,sad,-7.540209982606644
22,statement,actor_None_statement_01,transductive_center,pair_0069_happy,18,01,happy,2.1983366001248292
22,statement,actor_None_statement_01,transductive_center,pair_0069_sad,18,01,sad,-3.0094431094238665
22,statement,actor_None_statement_01,transductive_center,pair_0072_happy,19,01,happy,5.2314069833904675
22,statement,actor_None_statement_01,transductive_center,pair_0072_sad,19,01,sad,-2.521133167757254
22,statement,actor_None_statement_01,transductive_center,pair_0073_happy,19,01,happy,10.876944409132683
22,statement,actor_None_statement_01,transductive_center,pair_0073_sad,19,01,sad,2.8771267843398434
22,statement,actor_None_statement_01,transductive_center,pair_0076_happy,20,01,happy,-8.410866551610805
22,statement,actor_None_statement_01,transductive_center,pair_0076_sad,20,01,sad,-2.680200360783246
22,statement,actor_None_statement_01,transductive_center,pair_0077_happy,20,01,happy,10.638683111635384
22,statement,actor_None_statement_01,transductive_center,pair_0077_sad,20,01,sad,-0.4052299315271384
22,statement,actor_None_statement_01,transductive_center,pair_0080_happy,21,01,happy,-0.7806018733490419
22,statement,actor_None_statement_01,transductive_center,pair_0080_sad,21,01,sad,-2.297402105350905
22,statement,actor_None_statement_01,transductive_center,pair_0081_happy,21,01,happy,-3.9395642292786555
22,statement,actor_None_statement_01,transductive_center,pair_0081_sad,21,01,sad,-1.1075228170242788
22,statement,actor_None_statement_01,transductive_center,pair_0084_happy,22,01,happy,5.072533637953995
22,statement,actor_None_statement_01,transductive_center,pair_0084_sad,22,01,sad,-5.10223167970512
22,statement,actor_None_statement_01,transductive_center,pair_0085_happy,22,01,happy,-2.741431137266142
22,statement,actor_None_statement_01,transductive_center,pair_0085_sad,22,01,sad,3.4628200238398463
22,statement,actor_None_statement_01,transductive_center,pair_0088_happy,23,01,happy,-15.474124042716785
22,statement,actor_None_statement_01,transductive_center,pair_0088_sad,23,01,sad,0.601166041768348
22,statement,actor_None_statement_01,transductive_center,pair_0089_happy,23,01,happy,0.5203303866718016
22,statement,actor_None_statement_01,transductive_center,pair_0089_sad,23,01,sad,-0.1725017836635523
22,statement,actor_None_statement_01,transductive_center,pair_0092_happy,24,01,happy,-6.965540770298023
22,statement,actor_None_statement_01,transductive_center,pair_0092_sad,24,01,sad,6.388824897124579
22,statement,actor_None_statement_01,transductive_center,pair_0093_happy,24,01,happy,-1.5615462150963193
22,statement,actor_None_statement_01,transductive_center,pair_0093_sad,24,01,sad,11.606567214640918
22,statement,actor_None_statement_02,raw,pair_0002_happy,01,02,happy,-6.889715846717458
22,statement,actor_None_statement_02,raw,pair_0002_sad,01,02,sad,-17.076413369788725
22,statement,actor_None_statement_02,raw,pair_0003_happy,01,02,happy,-6.102402076470021
22,statement,actor_None_statement_02,raw,pair_0003_sad,01,02,sad,-16.77855389758546
22,statement,actor_None_statement_02,raw,pair_0006_happy,02,02,happy,-2.4270464614784473
22,statement,actor_None_statement_02,raw,pair_0006_sad,02,02,sad,-9.151410240882518
22,statement,actor_None_statement_02,raw,pair_0007_happy,02,02,happy,-4.973758962152926
22,statement,actor_None_statement_02,raw,pair_0007_sad,02,02,sad,-9.77803357034444
22,statement,actor_None_statement_02,raw,pair_0010_happy,03,02,happy,-10.100542415015418
22,statement,actor_None_statement_02,raw,pair_0010_sad,03,02,sad,-7.576848344855279
22,statement,actor_None_statement_02,raw,pair_0011_happy,03,02,happy,-10.100919065079102
22,statement,actor_None_statement_02,raw,pair_0011_sad,03,02,sad,-11.252005221610535
22,statement,actor_None_statement_02,raw,pair_0014_happy,04,02,happy,-9.158614744142106
22,statement,actor_None_statement_02,raw,pair_0014_sad,04,02,sad,-11.525825816845012
22,statement,actor_None_statement_02,raw,pair_0015_happy,04,02,happy,-9.072178030387946
22,statement,actor_None_statement_02,raw,pair_0015_sad,04,02,sad,-19.115763560200453
22,statement,actor_None_statement_02,raw,pair_0018_happy,05,02,happy,-12.905490961503121
22,statement,actor_None_statement_02,raw,pair_0018_sad,05,02,sad,-6.976420188899548
22,statement,actor_None_statement_02,raw,pair_0019_happy,05,02,happy,-8.92294397189184
22,statement,actor_None_statement_02,raw,pair_0019_sad,05,02,sad,-13.596433807411984
22,statement,actor_None_statement_02,raw,pair_0022_happy,06,02,happy,-10.73471218620037
22,statement,actor_None_statement_02,raw,pair_0022_sad,06,02,sad,-10.849493803810176
22,statement,actor_None_statement_02,raw,pair_0023_happy,06,02,happy,-3.2081820648454524
22,statement,actor_None_statement_02,raw,pair_0023_sad,06,02,sad,-10.591322548380813
22,statement,actor_None_statement_02,raw,pair_0026_happy,07,02,happy,-1.750846211499713
22,statement,actor_None_statement_02,raw,pair_0026_sad,07,02,sad,-10.344011819235904
22,statement,actor_None_statement_02,raw,pair_0027_happy,07,02,happy,-1.750846211499713
22,statement,actor_None_statement_02,raw,pair_0027_sad,07,02,sad,-4.414411196806931
22,statement,actor_None_statement_02,raw,pair_0030_happy,08,02,happy,-8.05679664045427
22,statement,actor_None_statement_02,raw,pair_0030_sad,08,02,sad,13.571883987044785
22,statement,actor_None_statement_02,raw,pair_0031_happy,08,02,happy,-11.973916861043882
22,statement,actor_None_statement_02,raw,pair_0031_sad,08,02,sad,15.486830002610738
22,statement,actor_None_statement_02,raw,pair_0034_happy,09,02,happy,-15.984085089209335
22,statement,actor_None_statement_02,raw,pair_0034_sad,09,02,sad,-25.934771732721472
22,statement,actor_None_statement_02,raw,pair_0035_happy,09,02,happy,-9.2679899895066
22,statement,actor_None_statement_02,raw,pair_0035_sad,09,02,sad,-2.1231602566862087
22,statement,actor_None_statement_02,raw,pair_0038_happy,10,02,happy,-8.148272142939714
22,statement,actor_None_statement_02,raw,pair_0038_sad,10,02,sad,0.8809498167430938
22,statement,actor_None_statement_02,raw,pair_0039_happy,10,02,happy,2.587231429904442
22,statement,actor_None_statement_02,raw,pair_0039_sad,10,02,sad,-10.28412674114883
22,statement,actor_None_statement_02,raw,pair_0042_happy,11,02,happy,-15.95184771426836
22,statement,actor_None_statement_02,raw,pair_0042_sad,11,02,sad,-18.647432125144086
22,statement,actor_None_statement_02,raw,pair_0043_happy,11,02,happy,-10.69369663323193
22,statement,actor_None_statement_02,raw,pair_0043_sad,11,02,sad,-17.969880684668055
22,statement,actor_None_statement_02,raw,pair_0046_happy,12,02,happy,-4.11063266227616
22,statement,actor_None_statement_02,raw,pair_0046_sad,12,02,sad,-9.818336964043448
22,statement,actor_None_statement_02,raw,pair_0047_happy,12,02,happy,-0.20739145315652863
22,statement,actor_None_statement_02,raw,pair_0047_sad,12,02,sad,-9.977860026195295
22,statement,actor_None_statement_02,raw,pair_0050_happy,13,02,happy,4.0681863948381185
22,statement,actor_None_statement_02,raw,pair_0050_sad,13,02,sad,-7.904928145186901
22,statement,actor_None_statement_02,raw,pair_0051_happy,13,02,happy,-5.877042785720869
22,statement,actor_None_statement_02,raw,pair_0051_sad,13,02,sad,-6.841316401471154
22,statement,actor_None_statement_02,raw,pair_0054_happy,14,02,happy,-0.8511603027338239
22,statement,actor_None_statement_02,raw,pair_0054_sad,14,02,sad,-6.689318292630453
22,statement,actor_None_statement_02,raw,pair_0055_happy,14,02,happy,-11.395312952902177
22,statement,actor_None_statement_02,raw,pair_0055_sad,14,02,sad,-1.6930970332661808
22,statement,actor_None_statement_02,raw,pair_0058_happy,15,02,happy,-11.59604039504221
22,statement,actor_None_statement_02,raw,pair_0058_sad,15,02,sad,-6.2393618335598084
22,statement,actor_None_statement_02,raw,pair_0059_happy,15,02,happy,-9.438672958065581
22,statement,actor_None_statement_02,raw,pair_0059_sad,15,02,sad,5.717370627851711
22,statement,actor_None_statement_02,raw,pair_0062_happy,16,02,happy,-5.193234438197939
22,statement,actor_None_statement_02,raw,pair_0062_sad,16,02,sad,-11.22486494501213
22,statement,actor_None_statement_02,raw,pair_0063_happy,16,02,happy,-8.790328903197898
22,statement,actor_None_statement_02,raw,pair_0063_sad,16,02,sad,-8.367991467493944
22,statement,actor_None_statement_02,raw,pair_0066_happy,17,02,happy,-14.63351413248153
22,statement,actor_None_statement_02,raw,pair_0066_sad,17,02,sad,-13.80692540290563
22,statement,actor_None_statement_02,raw,pair_0067_happy,17,02,happy,0.1847668007037484
22,statement,actor_None_statement_02,raw,pair_0067_sad,17,02,sad,-4.305055527161148
22,statement,actor_None_statement_02,raw,pair_0070_happy,18,02,happy,-13.119671104914179
22,statement,actor_None_statement_02,raw,pair_0070_sad,18,02,sad,-13.459025038377392
22,statement,actor_None_statement_02,raw,pair_0071_happy,18,02,happy,-9.362123226664266
22,statement,actor_None_statement_02,raw,pair_0071_sad,18,02,sad,-12.523110545236339
22,statement,actor_None_statement_02,raw,pair_0074_happy,19,02,happy,-14.096322047041337
22,statement,actor_None_statement_02,raw,pair_0074_sad,19,02,sad,-12.582349709044529
22,statement,actor_None_statement_02,raw,pair_0075_happy,19,02,happy,-3.822055610837328
22,statement,actor_None_statement_02,raw,pair_0075_sad,19,02,sad,1.4926640315814943
22,statement,actor_None_statement_02,raw,pair_0078_happy,20,02,happy,2.064792565034658
22,statement,actor_None_statement_02,raw,pair_0078_sad,20,02,sad,4.122198647163128
22,statement,actor_None_statement_02,raw,pair_0079_happy,20,02,happy,-11.538117513090837
22,statement,actor_None_statement_02,raw,pair_0079_sad,20,02,sad,1.50730177246842
22,statement,actor_None_statement_02,raw,pair_0082_happy,21,02,happy,-9.975661405855675
22,statement,actor_None_statement_02,raw,pair_0082_sad,21,02,sad,-13.934515549449912
22,statement,actor_None_statement_02,raw,pair_0083_happy,21,02,happy,-9.370434931408546
22,statement,actor_None_statement_02,raw,pair_0083_sad,21,02,sad,-18.71484718652617
22,statement,actor_None_statement_02,raw,pair_0086_happy,22,02,happy,-4.336511003886558
22,statement,actor_None_statement_02,raw,pair_0086_sad,22,02,sad,-10.977047243755585
22,statement,actor_None_statement_02,raw,pair_0087_happy,22,02,happy,-12.129719397994487
22,statement,actor_None_statement_02,raw,pair_0087_sad,22,02,sad,-2.3913646691794206
22,statement,actor_None_statement_02,raw,pair_0090_happy,23,02,happy,6.364567821728535
22,statement,actor_None_statement_02,raw,pair_0090_sad,23,02,sad,-11.546545869029838
22,statement,actor_None_statement_02,raw,pair_0091_happy,23,02,happy,24.13583270242541
22,statement,actor_None_statement_02,raw,pair_0091_sad,23,02,sad,-12.123534324349933
22,statement,actor_None_statement_02,raw,pair_0094_happy,24,02,happy,-12.20996393059278
22,statement,actor_None_statement_02,raw,pair_0094_sad,24,02,sad,-21.91762723997686
22,statement,actor_None_statement_02,raw,pair_0095_happy,24,02,happy,-16.181576316774063
22,statement,actor_None_statement_02,raw,pair_0095_sad,24,02,sad,-9.093570002089134
22,statement,actor_None_statement_02,source_center_noop,pair_0002_happy,01,02,happy,-6.889715846717458
22,statement,actor_None_statement_02,source_center_noop,pair_0002_sad,01,02,sad,-17.076413369788725
22,statement,actor_None_statement_02,source_center_noop,pair_0003_happy,01,02,happy,-6.102402076470021
22,statement,actor_None_statement_02,source_center_noop,pair_0003_sad,01,02,sad,-16.77855389758546
22,statement,actor_None_statement_02,source_center_noop,pair_0006_happy,02,02,happy,-2.4270464614784473
22,statement,actor_None_statement_02,source_center_noop,pair_0006_sad,02,02,sad,-9.151410240882518
22,statement,actor_None_statement_02,source_center_noop,pair_0007_happy,02,02,happy,-4.973758962152926
22,statement,actor_None_statement_02,source_center_noop,pair_0007_sad,02,02,sad,-9.77803357034444
22,statement,actor_None_statement_02,source_center_noop,pair_0010_happy,03,02,happy,-10.100542415015418
22,statement,actor_None_statement_02,source_center_noop,pair_0010_sad,03,02,sad,-7.576848344855279
22,statement,actor_None_statement_02,source_center_noop,pair_0011_happy,03,02,happy,-10.100919065079102
22,statement,actor_None_statement_02,source_center_noop,pair_0011_sad,03,02,sad,-11.252005221610535
22,statement,actor_None_statement_02,source_center_noop,pair_0014_happy,04,02,happy,-9.158614744142106
22,statement,actor_None_statement_02,source_center_noop,pair_0014_sad,04,02,sad,-11.525825816845012
22,statement,actor_None_statement_02,source_center_noop,pair_0015_happy,04,02,happy,-9.072178030387946
22,statement,actor_None_statement_02,source_center_noop,pair_0015_sad,04,02,sad,-19.115763560200453
22,statement,actor_None_statement_02,source_center_noop,pair_0018_happy,05,02,happy,-12.905490961503121
22,statement,actor_None_statement_02,source_center_noop,pair_0018_sad,05,02,sad,-6.976420188899548
22,statement,actor_None_statement_02,source_center_noop,pair_0019_happy,05,02,happy,-8.92294397189184
22,statement,actor_None_statement_02,source_center_noop,pair_0019_sad,05,02,sad,-13.596433807411984
22,statement,actor_None_statement_02,source_center_noop,pair_0022_happy,06,02,happy,-10.73471218620037
22,statement,actor_None_statement_02,source_center_noop,pair_0022_sad,06,02,sad,-10.849493803810176
22,statement,actor_None_statement_02,source_center_noop,pair_0023_happy,06,02,happy,-3.2081820648454524
22,statement,actor_None_statement_02,source_center_noop,pair_0023_sad,06,02,sad,-10.591322548380813
22,statement,actor_None_statement_02,source_center_noop,pair_0026_happy,07,02,happy,-1.750846211499713
22,statement,actor_None_statement_02,source_center_noop,pair_0026_sad,07,02,sad,-10.344011819235904
22,statement,actor_None_statement_02,source_center_noop,pair_0027_happy,07,02,happy,-1.750846211499713
22,statement,actor_None_statement_02,source_center_noop,pair_0027_sad,07,02,sad,-4.414411196806931
22,statement,actor_None_statement_02,source_center_noop,pair_0030_happy,08,02,happy,-8.05679664045427
22,statement,actor_None_statement_02,source_center_noop,pair_0030_sad,08,02,sad,13.571883987044785
22,statement,actor_None_statement_02,source_center_noop,pair_0031_happy,08,02,happy,-11.973916861043882
22,statement,actor_None_statement_02,source_center_noop,pair_0031_sad,08,02,sad,15.486830002610738
22,statement,actor_None_statement_02,source_center_noop,pair_0034_happy,09,02,happy,-15.984085089209335
22,statement,actor_None_statement_02,source_center_noop,pair_0034_sad,09,02,sad,-25.934771732721472
22,statement,actor_None_statement_02,source_center_noop,pair_0035_happy,09,02,happy,-9.2679899895066
22,statement,actor_None_statement_02,source_center_noop,pair_0035_sad,09,02,sad,-2.1231602566862087
22,statement,actor_None_statement_02,source_center_noop,pair_0038_happy,10,02,happy,-8.148272142939714
22,statement,actor_None_statement_02,source_center_noop,pair_0038_sad,10,02,sad,0.8809498167430938
22,statement,actor_None_statement_02,source_center_noop,pair_0039_happy,10,02,happy,2.587231429904442
22,statement,actor_None_statement_02,source_center_noop,pair_0039_sad,10,02,sad,-10.28412674114883
22,statement,actor_None_statement_02,source_center_noop,pair_0042_happy,11,02,happy,-15.95184771426836
22,statement,actor_None_statement_02,source_center_noop,pair_0042_sad,11,02,sad,-18.647432125144086
22,statement,actor_None_statement_02,source_center_noop,pair_0043_happy,11,02,happy,-10.69369663323193
22,statement,actor_None_statement_02,source_center_noop,pair_0043_sad,11,02,sad,-17.969880684668055
22,statement,actor_None_statement_02,source_center_noop,pair_0046_happy,12,02,happy,-4.11063266227616
22,statement,actor_None_statement_02,source_center_noop,pair_0046_sad,12,02,sad,-9.818336964043448
22,statement,actor_None_statement_02,source_center_noop,pair_0047_happy,12,02,happy,-0.20739145315652863
22,statement,actor_None_statement_02,source_center_noop,pair_0047_sad,12,02,sad,-9.977860026195295
22,statement,actor_None_statement_02,source_center_noop,pair_0050_happy,13,02,happy,4.0681863948381185
22,statement,actor_None_statement_02,source_center_noop,pair_0050_sad,13,02,sad,-7.904928145186901
22,statement,actor_None_statement_02,source_center_noop,pair_0051_happy,13,02,happy,-5.877042785720869
22,statement,actor_None_statement_02,source_center_noop,pair_0051_sad,13,02,sad,-6.841316401471154
22,statement,actor_None_statement_02,source_center_noop,pair_0054_happy,14,02,happy,-0.8511603027338239
22,statement,actor_None_statement_02,source_center_noop,pair_0054_sad,14,02,sad,-6.689318292630453
22,statement,actor_None_statement_02,source_center_noop,pair_0055_happy,14,02,happy,-11.395312952902177
22,statement,actor_None_statement_02,source_center_noop,pair_0055_sad,14,02,sad,-1.6930970332661808
22,statement,actor_None_statement_02,source_center_noop,pair_0058_happy,15,02,happy,-11.59604039504221
22,statement,actor_None_statement_02,source_center_noop,pair_0058_sad,15,02,sad,-6.2393618335598084
22,statement,actor_None_statement_02,source_center_noop,pair_0059_happy,15,02,happy,-9.438672958065581
22,statement,actor_None_statement_02,source_center_noop,pair_0059_sad,15,02,sad,5.717370627851711
22,statement,actor_None_statement_02,source_center_noop,pair_0062_happy,16,02,happy,-5.193234438197939
22,statement,actor_None_statement_02,source_center_noop,pair_0062_sad,16,02,sad,-11.22486494501213
22,statement,actor_None_statement_02,source_center_noop,pair_0063_happy,16,02,happy,-8.790328903197898
22,statement,actor_None_statement_02,source_center_noop,pair_0063_sad,16,02,sad,-8.367991467493944
22,statement,actor_None_statement_02,source_center_noop,pair_0066_happy,17,02,happy,-14.63351413248153
22,statement,actor_None_statement_02,source_center_noop,pair_0066_sad,17,02,sad,-13.80692540290563
22,statement,actor_None_statement_02,source_center_noop,pair_0067_happy,17,02,happy,0.1847668007037484
22,statement,actor_None_statement_02,source_center_noop,pair_0067_sad,17,02,sad,-4.305055527161148
22,statement,actor_None_statement_02,source_center_noop,pair_0070_happy,18,02,happy,-13.119671104914179
22,statement,actor_None_statement_02,source_center_noop,pair_0070_sad,18,02,sad,-13.459025038377392
22,statement,actor_None_statement_02,source_center_noop,pair_0071_happy,18,02,happy,-9.362123226664266
22,statement,actor_None_statement_02,source_center_noop,pair_0071_sad,18,02,sad,-12.523110545236339
22,statement,actor_None_statement_02,source_center_noop,pair_0074_happy,19,02,happy,-14.096322047041337
22,statement,actor_None_statement_02,source_center_noop,pair_0074_sad,19,02,sad,-12.582349709044529
22,statement,actor_None_statement_02,source_center_noop,pair_0075_happy,19,02,happy,-3.822055610837328
22,statement,actor_None_statement_02,source_center_noop,pair_0075_sad,19,02,sad,1.4926640315814943
22,statement,actor_None_statement_02,source_center_noop,pair_0078_happy,20,02,happy,2.064792565034658
22,statement,actor_None_statement_02,source_center_noop,pair_0078_sad,20,02,sad,4.122198647163128
22,statement,actor_None_statement_02,source_center_noop,pair_0079_happy,20,02,happy,-11.538117513090837
22,statement,actor_None_statement_02,source_center_noop,pair_0079_sad,20,02,sad,1.50730177246842
22,statement,actor_None_statement_02,source_center_noop,pair_0082_happy,21,02,happy,-9.975661405855675
22,statement,actor_None_statement_02,source_center_noop,pair_0082_sad,21,02,sad,-13.934515549449912
22,statement,actor_None_statement_02,source_center_noop,pair_0083_happy,21,02,happy,-9.370434931408546
22,statement,actor_None_statement_02,source_center_noop,pair_0083_sad,21,02,sad,-18.71484718652617
22,statement,actor_None_statement_02,source_center_noop,pair_0086_happy,22,02,happy,-4.336511003886558
22,statement,actor_None_statement_02,source_center_noop,pair_0086_sad,22,02,sad,-10.977047243755585
22,statement,actor_None_statement_02,source_center_noop,pair_0087_happy,22,02,happy,-12.129719397994487
22,statement,actor_None_statement_02,source_center_noop,pair_0087_sad,22,02,sad,-2.3913646691794206
22,statement,actor_None_statement_02,source_center_noop,pair_0090_happy,23,02,happy,6.364567821728535
22,statement,actor_None_statement_02,source_center_noop,pair_0090_sad,23,02,sad,-11.546545869029838
22,statement,actor_None_statement_02,source_center_noop,pair_0091_happy,23,02,happy,24.13583270242541
22,statement,actor_None_statement_02,source_center_noop,pair_0091_sad,23,02,sad,-12.123534324349933
22,statement,actor_None_statement_02,source_center_noop,pair_0094_happy,24,02,happy,-12.20996393059278
22,statement,actor_None_statement_02,source_center_noop,pair_0094_sad,24,02,sad,-21.91762723997686
22,statement,actor_None_statement_02,source_center_noop,pair_0095_happy,24,02,happy,-16.181576316774063
22,statement,actor_None_statement_02,source_center_noop,pair_0095_sad,24,02,sad,-9.093570002089134
22,statement,actor_None_statement_02,transductive_center,pair_0002_happy,01,02,happy,1.198880871191724
22,statement,actor_None_statement_02,transductive_center,pair_0002_sad,01,02,sad,-8.987816651879543
22,statement,actor_None_statement_02,transductive_center,pair_0003_happy,01,02,happy,1.9861946414391607
22,statement,actor_None_statement_02,transductive_center,pair_0003_sad,01,02,sad,-8.689957179676279
22,statement,actor_None_statement_02,transductive_center,pair_0006_happy,02,02,happy,5.6615502564307345
22,statement,actor_None_statement_02,transductive_center,pair_0006_sad,02,02,sad,-1.062813522973336
22,statement,actor_None_statement_02,transductive_center,pair_0007_happy,02,02,happy,3.1148377557562554
22,statement,actor_None_statement_02,transductive_center,pair_0007_sad,02,02,sad,-1.689436852435259
22,statement,actor_None_statement_02,transductive_center,pair_0010_happy,03,02,happy,-2.0119456971062366
22,statement,actor_None_statement_02,transductive_center,pair_0010_sad,03,02,sad,0.5117483730539032
22,statement,actor_None_statement_02,transductive_center,pair_0011_happy,03,02,happy,-2.0123223471699205
22,statement,actor_None_statement_02,transductive_center,pair_0011_sad,03,02,sad,-3.163408503701353
22,statement,actor_None_statement_02,transductive_center,pair_0014_happy,04,02,happy,-1.0700180262329244
22,statement,actor_None_statement_02,transductive_center,pair_0014_sad,04,02,sad,-3.4372290989358305
22,statement,actor_None_statement_02,transductive_center,pair_0015_happy,04,02,happy,-0.9835813124787638
22,statement,actor_None_statement_02,transductive_center,pair_0015_sad,04,02,sad,-11.02716684229127
22,statement,actor_None_statement_02,transductive_center,pair_0018_happy,05,02,happy,-4.816894243593939
22,statement,actor_None_statement_02,transductive_center,pair_0018_sad,05,02,sad,1.1121765290096342
22,statement,actor_None_statement_02,transductive_center,pair_0019_happy,05,02,happy,-0.8343472539826582
22,statement,actor_None_statement_02,transductive_center,pair_0019_sad,05,02,sad,-5.507837089502802
22,statement,actor_None_statement_02,transductive_center,pair_0022_happy,06,02,happy,-2.646115468291189
22,statement,actor_None_statement_02,transductive_center,pair_0022_sad,06,02,sad,-2.7608970859009947
22,statement,actor_None_statement_02,transductive_center,pair_0023_happy,06,02,happy,4.880414653063729
22,statement,actor_None_statement_02,transductive_center,pair_0023_sad,06,02,sad,-2.502725830471631
22,statement,actor_None_statement_02,transductive_center,pair_0026_happy,07,02,happy,6.337750506409469
22,statement,actor_None_statement_02,transductive_center,pair_0026_sad,07,02,sad,-2.2554151013267223
22,statement,actor_None_statement_02,transductive_center,pair_0027_happy,07,02,happy,6.337750506409469
22,statement,actor_None_statement_02,transductive_center,pair_0027_sad,07,02,sad,3.6741855211022507
22,statement,actor_None_statement_02,transductive_center,pair_0030_happy,08,02,happy,0.03180007745491231
22,statement,actor_None_statement_02,transductive_center,pair_0030_sad,08,02,sad,21.66048070495397
22,statement,actor_None_statement_02,transductive_center,pair_0031_happy,08,02,happy,-3.8853201431347006
22,statement,actor_None_statement_02,transductive_center,pair_0031_sad,08,02,sad,23.57542672051992
22,statement,actor_None_statement_02,transductive_center,pair_0034_happy,09,02,happy,-7.895488371300154
22,statement,actor_None_statement_02,transductive_center,pair_0034_sad,09,02,sad,-17.84617501481229
22,statement,actor_None_statement_02,transductive_center,pair_0035_happy,09,02,happy,-1.1793932715974176
22,statement,actor_None_statement_02,transductive_center,pair_0035_sad,09,02,sad,5.965436461222973
22,statement,actor_None_statement_02,transductive_center,pair_0038_happy,10,02,happy,-0.059675425030532026
22,statement,actor_None_statement_02,transductive_center,pair_0038_sad,10,02,sad,8.969546534652276
22,statement,actor_None_statement_02,transductive_center,pair_0039_happy,10,02,happy,10.675828147813624
22,statement,actor_None_statement_02,transductive_center,pair_0039_sad,10,02,sad,-2.195530023239648
22,statement,actor_None_statement_02,transductive_center,pair_0042_happy,11,02,happy,-7.863250996359179
22,statement,actor_None_statement_02,transductive_center,pair_0042_sad,11,02,sad,-10.558835407234904
22,statement,actor_None_statement_02,transductive_center,pair_0043_happy,11,02,happy,-2.6050999153227483
22,statement,actor_None_statement_02,transductive_center,pair_0043_sad,11,02,sad,-9.881283966758874
22,statement,actor_None_statement_02,transductive_center,pair_0046_happy,12,02,happy,3.977964055633022
22,statement,actor_None_statement_02,transductive_center,pair_0046_sad,12,02,sad,-1.7297402461342664
22,statement,actor_None_statement_02,transductive_center,pair_0047_happy,12,02,happy,7.881205264752653
22,statement,actor_None_statement_02,transductive_center,pair_0047_sad,12,02,sad,-1.8892633082861128
22,statement,actor_None_statement_02,transductive_center,pair_0050_happy,13,02,happy,12.1567831127473
22,statement,actor_None_statement_02,transductive_center,pair_0050_sad,13,02,sad,0.1836685727222811
22,statement,actor_None_statement_02,transductive_center,pair_0051_happy,13,02,happy,2.2115539321883126
22,statement,actor_None_statement_02,transductive_center,pair_0051_sad,13,02,sad,1.2472803164380277
22,statement,actor_None_statement_02,transductive_center,pair_0054_happy,14,02,happy,7.237436415175358
22,statement,actor_None_statement_02,transductive_center,pair_0054_sad,14,02,sad,1.3992784252787285
22,statement,actor_None_statement_02,transductive_center,pair_0055_happy,14,02,happy,-3.3067162349929955
22,statement,actor_None_statement_02,transductive_center,pair_0055_sad,14,02,sad,6.395499684643001
22,statement,actor_None_statement_02,transductive_center,pair_0058_happy,15,02,happy,-3.507443677133029
22,statement,actor_None_statement_02,transductive_center,pair_0058_sad,15,02,sad,1.8492348843493733
22,statement,actor_None_statement_02,transductive_center,pair_0059_happy,15,02,happy,-1.3500762401563993
22,statement,actor_None_statement_02,transductive_center,pair_0059_sad,15,02,sad,13.805967345760893
22,statement,actor_None_statement_02,transductive_center,pair_0062_happy,16,02,happy,2.895362279711243
22,statement,actor_None_statement_02,transductive_center,pair_0062_sad,16,02,sad,-3.1362682271029474
22,statement,actor_None_statement_02,transductive_center,pair_0063_happy,16,02,happy,-0.7017321852887157
22,statement,actor_None_statement_02,transductive_center,pair_0063_sad,16,02,sad,-0.2793947495847622
22,statement,actor_None_statement_02,transductive_center,pair_0066_happy,17,02,happy,-6.544917414572348
22,statement,actor_None_statement_02,transductive_center,pair_0066_sad,17,02,sad,-5.7183286849964485
22,statement,actor_None_statement_02,transductive_center,pair_0067_happy,17,02,happy,8.27336351861293
22,statement,actor_None_statement_02,transductive_center,pair_0067_sad,17,02,sad,3.783541190748034
22,statement,actor_None_statement_02,transductive_center,pair_0070_happy,18,02,happy,-5.031074387004997
22,statement,actor_None_statement_02,transductive_center,pair_0070_sad,18,02,sad,-5.370428320468211
22,statement,actor_None_statement_02,transductive_center,pair_0071_happy,18,02,happy,-1.2735265087550847
22,statement,actor_None_statement_02,transductive_center,pair_0071_sad,18,02,sad,-4.434513827327157
22,statement,actor_None_statement_02,transductive_center,pair_0074_happy,19,02,happy,-6.007725329132155
22,statement,actor_None_statement_02,transductive_center,pair_0074_sad,19,02,sad,-4.493752991135347
22,statement,actor_None_statement_02,transductive_center,pair_0075_happy,19,02,happy,4.266541107071854
22,statement,actor_None_statement_02,transductive_center,pair_0075_sad,19,02,sad,9.581260749490676
22,statement,actor_None_statement_02,transductive_center,pair_0078_happy,20,02,happy,10.15338928294384
22,statement,actor_None_statement_02,transductive_center,pair_0078_sad,20,02,sad,12.21079536507231
22,statement,actor_None_statement_02,transductive_center,pair_0079_happy,20,02,happy,-3.4495207951816553
22,statement,actor_None_statement_02,transductive_center,pair_0079_sad,20,02,sad,9.595898490377602
22,statement,actor_None_statement_02,transductive_center,pair_0082_happy,21,02,happy,-1.8870646879464932
22,statement,actor_None_statement_02,transductive_center,pair_0082_sad,21,02,sad,-5.845918831540731
22,statement,actor_None_statement_02,transductive_center,pair_0083_happy,21,02,happy,-1.2818382134993644
22,statement,actor_None_statement_02,transductive_center,pair_0083_sad,21,02,sad,-10.62625046861699
22,statement,actor_None_statement_02,transductive_center,pair_0086_happy,22,02,happy,3.7520857140226234
22,statement,actor_None_statement_02,transductive_center,pair_0086_sad,22,02,sad,-2.8884505258464035
22,statement,actor_None_statement_02,transductive_center,pair_0087_happy,22,02,happy,-4.041122680085305
22,statement,actor_None_statement_02,transductive_center,pair_0087_sad,22,02,sad,5.697232048729761
22,statement,actor_None_statement_02,transductive_center,pair_0090_happy,23,02,happy,14.453164539637717
22,statement,actor_None_statement_02,transductive_center,pair_0090_sad,23,02,sad,-3.4579491511206566
22,statement,actor_None_statement_02,transductive_center,pair_0091_happy,23,02,happy,32.224429420334594
22,statement,actor_None_statement_02,transductive_center,pair_0091_sad,23,02,sad,-4.034937606440751
22,statement,actor_None_statement_02,transductive_center,pair_0094_happy,24,02,happy,-4.121367212683598
22,statement,actor_None_statement_02,transductive_center,pair_0094_sad,24,02,sad,-13.829030522067677
22,statement,actor_None_statement_02,transductive_center,pair_0095_happy,24,02,happy,-8.092979598864881
22,statement,actor_None_statement_02,transductive_center,pair_0095_sad,24,02,sad,-1.0049732841799521
22,joint,actor_01_statement_01,raw,pair_0000_happy,01,01,happy,-10.148447425763823
22,joint,actor_01_statement_01,raw,pair_0000_sad,01,01,sad,-10.822663775062372
22,joint,actor_01_statement_01,raw,pair_0001_happy,01,01,happy,-19.32230048623923
22,joint,actor_01_statement_01,raw,pair_0001_sad,01,01,sad,-3.8472661095803247
22,joint,actor_01_statement_01,source_center_noop,pair_0000_happy,01,01,happy,-10.148447425763823
22,joint,actor_01_statement_01,source_center_noop,pair_0000_sad,01,01,sad,-10.822663775062372
22,joint,actor_01_statement_01,source_center_noop,pair_0001_happy,01,01,happy,-19.32230048623923
22,joint,actor_01_statement_01,source_center_noop,pair_0001_sad,01,01,sad,-3.8472661095803247
22,joint,actor_01_statement_01,independent_center,pair_0000_happy,01,01,happy,2.663241875402928
22,joint,actor_01_statement_01,independent_center,pair_0000_sad,01,01,sad,1.9890255261043794
22,joint,actor_01_statement_01,independent_center,pair_0001_happy,01,01,happy,-6.510611185072477
22,joint,actor_01_statement_01,independent_center,pair_0001_sad,01,01,sad,8.964423191586427
22,joint,actor_01_statement_01,independent_rank1,pair_0000_happy,01,01,happy,2.6760519872073196
22,joint,actor_01_statement_01,independent_rank1,pair_0000_sad,01,01,sad,3.0415757363063243
22,joint,actor_01_statement_01,independent_rank1,pair_0001_happy,01,01,happy,-4.719422879040476
22,joint,actor_01_statement_01,independent_rank1,pair_0001_sad,01,01,sad,6.852234278637081
22,joint,actor_01_statement_02,raw,pair_0002_happy,01,02,happy,1.605182389664506
22,joint,actor_01_statement_02,raw,pair_0002_sad,01,02,sad,-5.783946886505117
22,joint,actor_01_statement_02,raw,pair_0003_happy,01,02,happy,-0.49293670188453476
22,joint,actor_01_statement_02,raw,pair_0003_sad,01,02,sad,-5.878158198799053
22,joint,actor_01_statement_02,source_center_noop,pair_0002_happy,01,02,happy,1.605182389664506
22,joint,actor_01_statement_02,source_center_noop,pair_0002_sad,01,02,sad,-5.783946886505117
22,joint,actor_01_statement_02,source_center_noop,pair_0003_happy,01,02,happy,-0.49293670188453476
22,joint,actor_01_statement_02,source_center_noop,pair_0003_sad,01,02,sad,-5.878158198799053
22,joint,actor_01_statement_02,independent_center,pair_0002_happy,01,02,happy,0.33852659676131935
22,joint,actor_01_statement_02,independent_center,pair_0002_sad,01,02,sad,-7.050602679408303
22,joint,actor_01_statement_02,independent_center,pair_0003_happy,01,02,happy,-1.7595924947877215
22,joint,actor_01_statement_02,independent_center,pair_0003_sad,01,02,sad,-7.1448139917022395
22,joint,actor_01_statement_02,independent_rank1,pair_0002_happy,01,02,happy,-0.1374745212960864
22,joint,actor_01_statement_02,independent_rank1,pair_0002_sad,01,02,sad,-6.2574096611573164
22,joint,actor_01_statement_02,independent_rank1,pair_0003_happy,01,02,happy,-2.54375253414309
22,joint,actor_01_statement_02,independent_rank1,pair_0003_sad,01,02,sad,-6.812588742336555
22,joint,actor_02_statement_01,raw,pair_0004_happy,02,01,happy,-3.0780242950413914
22,joint,actor_02_statement_01,raw,pair_0004_sad,02,01,sad,-3.2642308145827315
22,joint,actor_02_statement_01,raw,pair_0005_happy,02,01,happy,-10.889603434247356
22,joint,actor_02_statement_01,raw,pair_0005_sad,02,01,sad,0.06447425369923465
22,joint,actor_02_statement_01,source_center_noop,pair_0004_happy,02,01,happy,-3.0780242950413914
22,joint,actor_02_statement_01,source_center_noop,pair_0004_sad,02,01,sad,-3.2642308145827315
22,joint,actor_02_statement_01,source_center_noop,pair_0005_happy,02,01,happy,-10.889603434247356
22,joint,actor_02_statement_01,source_center_noop,pair_0005_sad,02,01,sad,0.06447425369923465
22,joint,actor_02_statement_01,independent_center,pair_0004_happy,02,01,happy,4.295427456420705
22,joint,actor_02_statement_01,independent_center,pair_0004_sad,02,01,sad,4.109220936879365
22,joint,actor_02_statement_01,independent_center,pair_0005_happy,02,01,happy,-3.5161516827852592
22,joint,actor_02_statement_01,independent_center,pair_0005_sad,02,01,sad,7.437926005161331
22,joint,actor_02_statement_01,independent_rank1,pair_0004_happy,02,01,happy,5.492612086428078
22,joint,actor_02_statement_01,independent_rank1,pair_0004_sad,02,01,sad,3.661649723003965
22,joint,actor_02_statement_01,independent_rank1,pair_0005_happy,02,01,happy,-2.5823863133859604
22,joint,actor_02_statement_01,independent_rank1,pair_0005_sad,02,01,sad,7.461895754163031
22,joint,actor_02_statement_02,raw,pair_0006_happy,02,02,happy,-2.6097704779755
22,joint,actor_02_statement_02,raw,pair_0006_sad,02,02,sad,-8.662370563036628
22,joint,actor_02_statement_02,raw,pair_0007_happy,02,02,happy,-4.220506064796364
22,joint,actor_02_statement_02,raw,pair_0007_sad,02,02,sad,-9.83942321440101
22,joint,actor_02_statement_02,source_center_noop,pair_0006_happy,02,02,happy,-2.6097704779755
22,joint,actor_02_statement_02,source_center_noop,pair_0006_sad,02,02,sad,-8.662370563036628
22,joint,actor_02_statement_02,source_center_noop,pair_0007_happy,02,02,happy,-4.220506064796364
22,joint,actor_02_statement_02,source_center_noop,pair_0007_sad,02,02,sad,-9.83942321440101
22,joint,actor_02_statement_02,independent_center,pair_0006_happy,02,02,happy,6.31291578332827
22,joint,actor_02_statement_02,independent_center,pair_0006_sad,02,02,sad,0.2603156982671422
22,joint,actor_02_statement_02,independent_center,pair_0007_happy,02,02,happy,4.702180196507406
22,joint,actor_02_statement_02,independent_center,pair_0007_sad,02,02,sad,-0.9167369530972405
22,joint,actor_02_statement_02,independent_rank1,pair_0006_happy,02,02,happy,6.63959175940364
22,joint,actor_02_statement_02,independent_rank1,pair_0006_sad,02,02,sad,0.4991092477825383
22,joint,actor_02_statement_02,independent_rank1,pair_0007_happy,02,02,happy,4.379188746399503
22,joint,actor_02_statement_02,independent_rank1,pair_0007_sad,02,02,sad,-1.708759853741789
22,joint,actor_03_statement_01,raw,pair_0008_happy,03,01,happy,-2.9903467644219752
22,joint,actor_03_statement_01,raw,pair_0008_sad,03,01,sad,-7.86493773946955
22,joint,actor_03_statement_01,raw,pair_0009_happy,03,01,happy,-11.669252694702006
22,joint,actor_03_statement_01,raw,pair_0009_sad,03,01,sad,-15.257383178142947
22,joint,actor_03_statement_01,source_center_noop,pair_0008_happy,03,01,happy,-2.9903467644219752
22,joint,actor_03_statement_01,source_center_noop,pair_0008_sad,03,01,sad,-7.86493773946955
22,joint,actor_03_statement_01,source_center_noop,pair_0009_happy,03,01,happy,-11.669252694702006
22,joint,actor_03_statement_01,source_center_noop,pair_0009_sad,03,01,sad,-15.257383178142947
22,joint,actor_03_statement_01,independent_center,pair_0008_happy,03,01,happy,6.4928443897504255
22,joint,actor_03_statement_01,independent_center,pair_0008_sad,03,01,sad,1.618253414702851
22,joint,actor_03_statement_01,independent_center,pair_0009_happy,03,01,happy,-2.1860615405296056
22,joint,actor_03_statement_01,independent_center,pair_0009_sad,03,01,sad,-5.774192023970546
22,joint,actor_03_statement_01,independent_rank1,pair_0008_happy,03,01,happy,3.5741961743187005
22,joint,actor_03_statement_01,independent_rank1,pair_0008_sad,03,01,sad,2.077037337511765
22,joint,actor_03_statement_01,independent_rank1,pair_0009_happy,03,01,happy,-2.840226581064087
22,joint,actor_03_statement_01,independent_rank1,pair_0009_sad,03,01,sad,-4.508956048730379
22,joint,actor_03_statement_02,raw,pair_0010_happy,03,02,happy,-18.890463704534255
22,joint,actor_03_statement_02,raw,pair_0010_sad,03,02,sad,-19.67100656753298
22,joint,actor_03_statement_02,raw,pair_0011_happy,03,02,happy,-17.81578585518434
22,joint,actor_03_statement_02,raw,pair_0011_sad,03,02,sad,-22.79459402645128
22,joint,actor_03_statement_02,source_center_noop,pair_0010_happy,03,02,happy,-18.890463704534255
22,joint,actor_03_statement_02,source_center_noop,pair_0010_sad,03,02,sad,-19.67100656753298
22,joint,actor_03_statement_02,source_center_noop,pair_0011_happy,03,02,happy,-17.81578585518434
22,joint,actor_03_statement_02,source_center_noop,pair_0011_sad,03,02,sad,-22.79459402645128
22,joint,actor_03_statement_02,independent_center,pair_0010_happy,03,02,happy,-0.3438348568344658
22,joint,actor_03_statement_02,independent_center,pair_0010_sad,03,02,sad,-1.1243777198331912
22,joint,actor_03_statement_02,independent_center,pair_0011_happy,03,02,happy,0.7308429925154485
22,joint,actor_03_statement_02,independent_center,pair_0011_sad,03,02,sad,-4.247965178751489
22,joint,actor_03_statement_02,independent_rank1,pair_0010_happy,03,02,happy,3.332188159457928
22,joint,actor_03_statement_02,independent_rank1,pair_0010_sad,03,02,sad,-1.8169010824409852
22,joint,actor_03_statement_02,independent_rank1,pair_0011_happy,03,02,happy,3.8300653760523886
22,joint,actor_03_statement_02,independent_rank1,pair_0011_sad,03,02,sad,-4.765743755498399
22,joint,actor_04_statement_01,raw,pair_0012_happy,04,01,happy,-1.2150729719438367
22,joint,actor_04_statement_01,raw,pair_0012_sad,04,01,sad,-15.669387095478768
22,joint,actor_04_statement_01,raw,pair_0013_happy,04,01,happy,-13.395102805021976
22,joint,actor_04_statement_01,raw,pair_0013_sad,04,01,sad,-20.12890086642963
22,joint,actor_04_statement_01,source_center_noop,pair_0012_happy,04,01,happy,-1.2150729719438367
22,joint,actor_04_statement_01,source_center_noop,pair_0012_sad,04,01,sad,-15.669387095478768
22,joint,actor_04_statement_01,source_center_noop,pair_0013_happy,04,01,happy,-13.395102805021976
22,joint,actor_04_statement_01,source_center_noop,pair_0013_sad,04,01,sad,-20.12890086642963
22,joint,actor_04_statement_01,independent_center,pair_0012_happy,04,01,happy,9.022717513333038
22,joint,actor_04_statement_01,independent_center,pair_0012_sad,04,01,sad,-5.431596610201893
22,joint,actor_04_statement_01,independent_center,pair_0013_happy,04,01,happy,-3.1573123197451007
22,joint,actor_04_statement_01,independent_center,pair_0013_sad,04,01,sad,-9.891110381152753
22,joint,actor_04_statement_01,independent_rank1,pair_0012_happy,04,01,happy,8.604651140537694
22,joint,actor_04_statement_01,independent_rank1,pair_0012_sad,04,01,sad,-4.186441046751977
22,joint,actor_04_statement_01,independent_rank1,pair_0013_happy,04,01,happy,-3.3540413750088653
22,joint,actor_04_statement_01,independent_rank1,pair_0013_sad,04,01,sad,-9.41015106438723
22,joint,actor_04_statement_02,raw,pair_0014_happy,04,02,happy,-13.320957433445926
22,joint,actor_04_statement_02,raw,pair_0014_sad,04,02,sad,-15.969726960587597
22,joint,actor_04_statement_02,raw,pair_0015_happy,04,02,happy,-13.932968314409697
22,joint,actor_04_statement_02,raw,pair_0015_sad,04,02,sad,-23.265924981816802
22,joint,actor_04_statement_02,source_center_noop,pair_0014_happy,04,02,happy,-13.320957433445926
22,joint,actor_04_statement_02,source_center_noop,pair_0014_sad,04,02,sad,-15.969726960587597
22,joint,actor_04_statement_02,source_center_noop,pair_0015_happy,04,02,happy,-13.932968314409697
22,joint,actor_04_statement_02,source_center_noop,pair_0015_sad,04,02,sad,-23.265924981816802
22,joint,actor_04_statement_02,independent_center,pair_0014_happy,04,02,happy,-1.0699558263521016
22,joint,actor_04_statement_02,independent_center,pair_0014_sad,04,02,sad,-3.718725353493772
22,joint,actor_04_statement_02,independent_center,pair_0015_happy,04,02,happy,-1.6819667073158726
22,joint,actor_04_statement_02,independent_center,pair_0015_sad,04,02,sad,-11.014923374722978
22,joint,actor_04_statement_02,independent_rank1,pair_0014_happy,04,02,happy,-0.8799468138546054
22,joint,actor_04_statement_02,independent_rank1,pair_0014_sad,04,02,sad,-3.1199764849169114
22,joint,actor_04_statement_02,independent_rank1,pair_0015_happy,04,02,happy,-0.46703021019504476
22,joint,actor_04_statement_02,independent_rank1,pair_0015_sad,04,02,sad,-10.874977655070978
22,joint,actor_05_statement_01,raw,pair_0016_happy,05,01,happy,-8.43102255097638
22,joint,actor_05_statement_01,raw,pair_0016_sad,05,01,sad,-11.520631466368513
22,joint,actor_05_statement_01,raw,pair_0017_happy,05,01,happy,-18.326183547811215
22,joint,actor_05_statement_01,raw,pair_0017_sad,05,01,sad,-7.605236556456715
22,joint,actor_05_statement_01,source_center_noop,pair_0016_happy,05,01,happy,-8.43102255097638
22,joint,actor_05_statement_01,source_center_noop,pair_0016_sad,05,01,sad,-11.520631466368513
22,joint,actor_05_statement_01,source_center_noop,pair_0017_happy,05,01,happy,-18.326183547811215
22,joint,actor_05_statement_01,source_center_noop,pair_0017_sad,05,01,sad,-7.605236556456715
22,joint,actor_05_statement_01,independent_center,pair_0016_happy,05,01,happy,3.4505813323692553
22,joint,actor_05_statement_01,independent_center,pair_0016_sad,05,01,sad,0.36097241697712157
22,joint,actor_05_statement_01,independent_center,pair_0017_happy,05,01,happy,-6.44457966446558
22,joint,actor_05_statement_01,independent_center,pair_0017_sad,05,01,sad,4.27636732688892
22,joint,actor_05_statement_01,independent_rank1,pair_0016_happy,05,01,happy,5.099295854455804
22,joint,actor_05_statement_01,independent_rank1,pair_0016_sad,05,01,sad,1.606415916555683
22,joint,actor_05_statement_01,independent_rank1,pair_0017_happy,05,01,happy,-6.086128172177315
22,joint,actor_05_statement_01,independent_rank1,pair_0017_sad,05,01,sad,2.1483276257975916
22,joint,actor_05_statement_02,raw,pair_0018_happy,05,02,happy,-8.666577738499988
22,joint,actor_05_statement_02,raw,pair_0018_sad,05,02,sad,-0.8094910048265032
22,joint,actor_05_statement_02,raw,pair_0019_happy,05,02,happy,-4.108106480578854
22,joint,actor_05_statement_02,raw,pair_0019_sad,05,02,sad,-9.226160990722136
22,joint,actor_05_statement_02,source_center_noop,pair_0018_happy,05,02,happy,-8.666577738499988
22,joint,actor_05_statement_02,source_center_noop,pair_0018_sad,05,02,sad,-0.8094910048265032
22,joint,actor_05_statement_02,source_center_noop,pair_0019_happy,05,02,happy,-4.108106480578854
22,joint,actor_05_statement_02,source_center_noop,pair_0019_sad,05,02,sad,-9.226160990722136
22,joint,actor_05_statement_02,independent_center,pair_0018_happy,05,02,happy,-3.560747166615979
22,joint,actor_05_statement_02,independent_center,pair_0018_sad,05,02,sad,4.296339567057506
22,joint,actor_05_statement_02,independent_center,pair_0019_happy,05,02,happy,0.9977240913051553
22,joint,actor_05_statement_02,independent_center,pair_0019_sad,05,02,sad,-4.120330418838126
22,joint,actor_05_statement_02,independent_rank1,pair_0018_happy,05,02,happy,-3.4155485248085693
22,joint,actor_05_statement_02,independent_rank1,pair_0018_sad,05,02,sad,5.247143607654916
22,joint,actor_05_statement_02,independent_rank1,pair_0019_happy,05,02,happy,0.07900326861875229
22,joint,actor_05_statement_02,independent_rank1,pair_0019_sad,05,02,sad,-4.896146382167421
22,joint,actor_06_statement_01,raw,pair_0020_happy,06,01,happy,-8.340254900245814
22,joint,actor_06_statement_01,raw,pair_0020_sad,06,01,sad,-12.350529858138486
22,joint,actor_06_statement_01,raw,pair_0021_happy,06,01,happy,-9.485924624163848
22,joint,actor_06_statement_01,raw,pair_0021_sad,06,01,sad,-11.902413074316916
22,joint,actor_06_statement_01,source_center_noop,pair_0020_happy,06,01,happy,-8.340254900245814
22,joint,actor_06_statement_01,source_center_noop,pair_0020_sad,06,01,sad,-12.350529858138486
22,joint,actor_06_statement_01,source_center_noop,pair_0021_happy,06,01,happy,-9.485924624163848
22,joint,actor_06_statement_01,source_center_noop,pair_0021_sad,06,01,sad,-11.902413074316916
22,joint,actor_06_statement_01,independent_center,pair_0020_happy,06,01,happy,-1.2614676192077585
22,joint,actor_06_statement_01,independent_center,pair_0020_sad,06,01,sad,-5.271742577100431
22,joint,actor_06_statement_01,independent_center,pair_0021_happy,06,01,happy,-2.407137343125793
22,joint,actor_06_statement_01,independent_center,pair_0021_sad,06,01,sad,-4.823625793278861
22,joint,actor_06_statement_01,independent_rank1,pair_0020_happy,06,01,happy,-0.8632338632643304
22,joint,actor_06_statement_01,independent_rank1,pair_0020_sad,06,01,sad,-5.156957362490612
22,joint,actor_06_statement_01,independent_rank1,pair_0021_happy,06,01,happy,-2.248343778442031
22,joint,actor_06_statement_01,independent_rank1,pair_0021_sad,06,01,sad,-3.6832206763662363
22,joint,actor_06_statement_02,raw,pair_0022_happy,06,02,happy,-11.42750249203668
22,joint,actor_06_statement_02,raw,pair_0022_sad,06,02,sad,-11.798555520426898
22,joint,actor_06_statement_02,raw,pair_0023_happy,06,02,happy,-3.9946953529328226
22,joint,actor_06_statement_02,raw,pair_0023_sad,06,02,sad,-11.420763728503186
22,joint,actor_06_statement_02,source_center_noop,pair_0022_happy,06,02,happy,-11.42750249203668
22,joint,actor_06_statement_02,source_center_noop,pair_0022_sad,06,02,sad,-11.798555520426898
22,joint,actor_06_statement_02,source_center_noop,pair_0023_happy,06,02,happy,-3.9946953529328226
22,joint,actor_06_statement_02,source_center_noop,pair_0023_sad,06,02,sad,-11.420763728503186
22,joint,actor_06_statement_02,independent_center,pair_0022_happy,06,02,happy,-2.4812782508549223
22,joint,actor_06_statement_02,independent_center,pair_0022_sad,06,02,sad,-2.8523312792451403
22,joint,actor_06_statement_02,independent_center,pair_0023_happy,06,02,happy,4.9515288882489354
22,joint,actor_06_statement_02,independent_center,pair_0023_sad,06,02,sad,-2.4745394873214277
22,joint,actor_06_statement_02,independent_rank1,pair_0022_happy,06,02,happy,-3.3290963766000345
22,joint,actor_06_statement_02,independent_rank1,pair_0022_sad,06,02,sad,-3.7410299980342003
22,joint,actor_06_statement_02,independent_rank1,pair_0023_happy,06,02,happy,3.7070205921060477
22,joint,actor_06_statement_02,independent_rank1,pair_0023_sad,06,02,sad,-2.886722556296924
22,joint,actor_07_statement_01,raw,pair_0024_happy,07,01,happy,3.2263627573213114
22,joint,actor_07_statement_01,raw,pair_0024_sad,07,01,sad,-10.940120268076654
22,joint,actor_07_statement_01,raw,pair_0025_happy,07,01,happy,-13.784538192418925
22,joint,actor_07_statement_01,raw,pair_0025_sad,07,01,sad,-11.479746884418653
22,joint,actor_07_statement_01,source_center_noop,pair_0024_happy,07,01,happy,3.2263627573213114
22,joint,actor_07_statement_01,source_center_noop,pair_0024_sad,07,01,sad,-10.940120268076654
22,joint,actor_07_statement_01,source_center_noop,pair_0025_happy,07,01,happy,-13.784538192418925
22,joint,actor_07_statement_01,source_center_noop,pair_0025_sad,07,01,sad,-11.479746884418653
22,joint,actor_07_statement_01,independent_center,pair_0024_happy,07,01,happy,12.366884198512146
22,joint,actor_07_statement_01,independent_center,pair_0024_sad,07,01,sad,-1.7995988268858198
22,joint,actor_07_statement_01,independent_center,pair_0025_happy,07,01,happy,-4.64401675122809
22,joint,actor_07_statement_01,independent_center,pair_0025_sad,07,01,sad,-2.339225443227818
22,joint,actor_07_statement_01,independent_rank1,pair_0024_happy,07,01,happy,12.946216059001536
22,joint,actor_07_statement_01,independent_rank1,pair_0024_sad,07,01,sad,-1.477453508165837
22,joint,actor_07_statement_01,independent_rank1,pair_0025_happy,07,01,happy,-4.112174460018245
22,joint,actor_07_statement_01,independent_rank1,pair_0025_sad,07,01,sad,-2.10175785143786
22,joint,actor_07_statement_02,raw,pair_0026_happy,07,02,happy,0.393701767139941
22,joint,actor_07_statement_02,raw,pair_0026_sad,07,02,sad,-7.149626070522906
22,joint,actor_07_statement_02,raw,pair_0027_happy,07,02,happy,0.393701767139941
22,joint,actor_07_statement_02,raw,pair_0027_sad,07,02,sad,-0.876744137867302
22,joint,actor_07_statement_02,source_center_noop,pair_0026_happy,07,02,happy,0.393701767139941
22,joint,actor_07_statement_02,source_center_noop,pair_0026_sad,07,02,sad,-7.149626070522906
22,joint,actor_07_statement_02,source_center_noop,pair_0027_happy,07,02,happy,0.393701767139941
22,joint,actor_07_statement_02,source_center_noop,pair_0027_sad,07,02,sad,-0.876744137867302
22,joint,actor_07_statement_02,independent_center,pair_0026_happy,07,02,happy,6.2423288290423145
22,joint,actor_07_statement_02,independent_center,pair_0026_sad,07,02,sad,-1.3009990086205327
22,joint,actor_07_statement_02,independent_center,pair_0027_happy,07,02,happy,6.2423288290423145
22,joint,actor_07_statement_02,independent_center,pair_0027_sad,07,02,sad,4.9718829240350715
22,joint,actor_07_statement_02,independent_rank1,pair_0026_happy,07,02,happy,5.476081448053229
22,joint,actor_07_statement_02,independent_rank1,pair_0026_sad,07,02,sad,-1.7435802429744545
22,joint,actor_07_statement_02,independent_rank1,pair_0027_happy,07,02,happy,5.476081448053229
22,joint,actor_07_statement_02,independent_rank1,pair_0027_sad,07,02,sad,4.568366367120525
22,joint,actor_08_statement_01,raw,pair_0028_happy,08,01,happy,7.522024220839153
22,joint,actor_08_statement_01,raw,pair_0028_sad,08,01,sad,-15.975626528689363
22,joint,actor_08_statement_01,raw,pair_0029_happy,08,01,happy,-3.8467796485329053
22,joint,actor_08_statement_01,raw,pair_0029_sad,08,01,sad,-5.834958040314508
22,joint,actor_08_statement_01,source_center_noop,pair_0028_happy,08,01,happy,7.522024220839153
22,joint,actor_08_statement_01,source_center_noop,pair_0028_sad,08,01,sad,-15.975626528689363
22,joint,actor_08_statement_01,source_center_noop,pair_0029_happy,08,01,happy,-3.8467796485329053
22,joint,actor_08_statement_01,source_center_noop,pair_0029_sad,08,01,sad,-5.834958040314508
22,joint,actor_08_statement_01,independent_center,pair_0028_happy,08,01,happy,14.222680508655452
22,joint,actor_08_statement_01,independent_center,pair_0028_sad,08,01,sad,-9.274970240873063
22,joint,actor_08_statement_01,independent_center,pair_0029_happy,08,01,happy,2.853876639283394
22,joint,actor_08_statement_01,independent_center,pair_0029_sad,08,01,sad,0.8656982475017916
22,joint,actor_08_statement_01,independent_rank1,pair_0028_happy,08,01,happy,13.931529792040745
22,joint,actor_08_statement_01,independent_rank1,pair_0028_sad,08,01,sad,-9.18680583654718
22,joint,actor_08_statement_01,independent_rank1,pair_0029_happy,08,01,happy,2.396327090360707
22,joint,actor_08_statement_01,independent_rank1,pair_0029_sad,08,01,sad,1.954938761526801
22,joint,actor_08_statement_02,raw,pair_0030_happy,08,02,happy,-8.749686951869057
22,joint,actor_08_statement_02,raw,pair_0030_sad,08,02,sad,8.62766304868089
22,joint,actor_08_statement_02,raw,pair_0031_happy,08,02,happy,-13.44549593601819
22,joint,actor_08_statement_02,raw,pair_0031_sad,08,02,sad,13.01847811408918
22,joint,actor_08_statement_02,source_center_noop,pair_0030_happy,08,02,happy,-8.749686951869057
22,joint,actor_08_statement_02,source_center_noop,pair_0030_sad,08,02,sad,8.62766304868089
22,joint,actor_08_statement_02,source_center_noop,pair_0031_happy,08,02,happy,-13.44549593601819
22,joint,actor_08_statement_02,source_center_noop,pair_0031_sad,08,02,sad,13.01847811408918
22,joint,actor_08_statement_02,independent_center,pair_0030_happy,08,02,happy,0.4168001695874093
22,joint,actor_08_statement_02,independent_center,pair_0030_sad,08,02,sad,17.794150170137357
22,joint,actor_08_statement_02,independent_center,pair_0031_happy,08,02,happy,-4.279008814561724
22,joint,actor_08_statement_02,independent_center,pair_0031_sad,08,02,sad,22.184965235545647
22,joint,actor_08_statement_02,independent_rank1,pair_0030_happy,08,02,happy,-0.4476973909848567
22,joint,actor_08_statement_02,independent_rank1,pair_0030_sad,08,02,sad,23.54858581226253
22,joint,actor_08_statement_02,independent_rank1,pair_0031_happy,08,02,happy,-4.038347867048948
22,joint,actor_08_statement_02,independent_rank1,pair_0031_sad,08,02,sad,20.076373510829903
22,joint,actor_09_statement_01,raw,pair_0032_happy,09,01,happy,-7.992144782701455
22,joint,actor_09_statement_01,raw,pair_0032_sad,09,01,sad,-4.938549142893251
22,joint,actor_09_statement_01,raw,pair_0033_happy,09,01,happy,-24.968881136796895
22,joint,actor_09_statement_01,raw,pair_0033_sad,09,01,sad,9.73835441430693
22,joint,actor_09_statement_01,source_center_noop,pair_0032_happy,09,01,happy,-7.992144782701455
22,joint,actor_09_statement_01,source_center_noop,pair_0032_sad,09,01,sad,-4.938549142893251
22,joint,actor_09_statement_01,source_center_noop,pair_0033_happy,09,01,happy,-24.968881136796895
22,joint,actor_09_statement_01,source_center_noop,pair_0033_sad,09,01,sad,9.73835441430693
22,joint,actor_09_statement_01,independent_center,pair_0032_happy,09,01,happy,-0.32574077022451675
22,joint,actor_09_statement_01,independent_center,pair_0032_sad,09,01,sad,2.7278548695836875
22,joint,actor_09_statement_01,independent_center,pair_0033_happy,09,01,happy,-17.302477124319957
22,joint,actor_09_statement_01,independent_center,pair_0033_sad,09,01,sad,17.404758426783868
22,joint,actor_09_statement_01,independent_rank1,pair_0032_happy,09,01,happy,0.3649497439571334
22,joint,actor_09_statement_01,independent_rank1,pair_0032_sad,09,01,sad,1.9764476749133806
22,joint,actor_09_statement_01,independent_rank1,pair_0033_happy,09,01,happy,-17.52927727448034
22,joint,actor_09_statement_01,independent_rank1,pair_0033_sad,09,01,sad,16.060140652433475
22,joint,actor_09_statement_02,raw,pair_0034_happy,09,02,happy,-16.969052506576876
22,joint,actor_09_statement_02,raw,pair_0034_sad,09,02,sad,-23.773607931365817
22,joint,actor_09_statement_02,raw,pair_0035_happy,09,02,happy,-10.361957331504005
22,joint,actor_09_statement_02,raw,pair_0035_sad,09,02,sad,1.7357794391227834
22,joint,actor_09_statement_02,source_center_noop,pair_0034_happy,09,02,happy,-16.969052506576876
22,joint,actor_09_statement_02,source_center_noop,pair_0034_sad,09,02,sad,-23.773607931365817
22,joint,actor_09_statement_02,source_center_noop,pair_0035_happy,09,02,happy,-10.361957331504005
22,joint,actor_09_statement_02,source_center_noop,pair_0035_sad,09,02,sad,1.7357794391227834
22,joint,actor_09_statement_02,independent_center,pair_0034_happy,09,02,happy,-9.03103663813873
22,joint,actor_09_statement_02,independent_center,pair_0034_sad,09,02,sad,-15.83559206292767
22,joint,actor_09_statement_02,independent_center,pair_0035_happy,09,02,happy,-2.423941463065858
22,joint,actor_09_statement_02,independent_center,pair_0035_sad,09,02,sad,9.67379530756093
22,joint,actor_09_statement_02,independent_rank1,pair_0034_happy,09,02,happy,-8.15434175226858
22,joint,actor_09_statement_02,independent_rank1,pair_0034_sad,09,02,sad,-13.360980437458611
22,joint,actor_09_statement_02,independent_rank1,pair_0035_happy,09,02,happy,0.1266286133541925
22,joint,actor_09_statement_02,independent_rank1,pair_0035_sad,09,02,sad,11.410962292597993
22,joint,actor_10_statement_01,raw,pair_0036_happy,10,01,happy,0.07849588538066143
22,joint,actor_10_statement_01,raw,pair_0036_sad,10,01,sad,-23.938732871565957
22,joint,actor_10_statement_01,raw,pair_0037_happy,10,01,happy,-22.031115717420178
22,joint,actor_10_statement_01,raw,pair_0037_sad,10,01,sad,-2.928458827363851
22,joint,actor_10_statement_01,source_center_noop,pair_0036_happy,10,01,happy,0.07849588538066143
22,joint,actor_10_statement_01,source_center_noop,pair_0036_sad,10,01,sad,-23.938732871565957
22,joint,actor_10_statement_01,source_center_noop,pair_0037_happy,10,01,happy,-22.031115717420178
22,joint,actor_10_statement_01,source_center_noop,pair_0037_sad,10,01,sad,-2.928458827363851
22,joint,actor_10_statement_01,independent_center,pair_0036_happy,10,01,happy,7.398091304059957
22,joint,actor_10_statement_01,independent_center,pair_0036_sad,10,01,sad,-16.619137452886662
22,joint,actor_10_statement_01,independent_center,pair_0037_happy,10,01,happy,-14.711520298740883
22,joint,actor_10_statement_01,independent_center,pair_0037_sad,10,01,sad,4.391136591315444
22,joint,actor_10_statement_01,independent_rank1,pair_0036_happy,10,01,happy,5.926299737959216
22,joint,actor_10_statement_01,independent_rank1,pair_0036_sad,10,01,sad,-15.501633774736229
22,joint,actor_10_statement_01,independent_rank1,pair_0037_happy,10,01,happy,-15.24757594356791
22,joint,actor_10_statement_01,independent_rank1,pair_0037_sad,10,01,sad,4.142670621913869
22,joint,actor_10_statement_02,raw,pair_0038_happy,10,02,happy,-4.637175156906544
22,joint,actor_10_statement_02,raw,pair_0038_sad,10,02,sad,7.0439987937999575
22,joint,actor_10_statement_02,raw,pair_0039_happy,10,02,happy,6.842678650485041
22,joint,actor_10_statement_02,raw,pair_0039_sad,10,02,sad,-7.595958616132265
22,joint,actor_10_statement_02,source_center_noop,pair_0038_happy,10,02,happy,-4.637175156906544
22,joint,actor_10_statement_02,source_center_noop,pair_0038_sad,10,02,sad,7.0439987937999575
22,joint,actor_10_statement_02,source_center_noop,pair_0039_happy,10,02,happy,6.842678650485041
22,joint,actor_10_statement_02,source_center_noop,pair_0039_sad,10,02,sad,-7.595958616132265
22,joint,actor_10_statement_02,independent_center,pair_0038_happy,10,02,happy,0.38701144019175615
22,joint,actor_10_statement_02,independent_center,pair_0038_sad,10,02,sad,12.068185390898257
22,joint,actor_10_statement_02,independent_center,pair_0039_happy,10,02,happy,11.866865247583341
22,joint,actor_10_statement_02,independent_center,pair_0039_sad,10,02,sad,-2.571772019033965
22,joint,actor_10_statement_02,independent_rank1,pair_0038_happy,10,02,happy,1.1598189310289193
22,joint,actor_10_statement_02,independent_rank1,pair_0038_sad,10,02,sad,7.817460748565658
22,joint,actor_10_statement_02,independent_rank1,pair_0039_happy,10,02,happy,9.786592157504757
22,joint,actor_10_statement_02,independent_rank1,pair_0039_sad,10,02,sad,-4.296662797624862
22,joint,actor_11_statement_01,raw,pair_0040_happy,11,01,happy,-10.44329363810397
22,joint,actor_11_statement_01,raw,pair_0040_sad,11,01,sad,-13.228878474835165
22,joint,actor_11_statement_01,raw,pair_0041_happy,11,01,happy,-18.810510749535517
22,joint,actor_11_statement_01,raw,pair_0041_sad,11,01,sad,-0.6509175501705933
22,joint,actor_11_statement_01,source_center_noop,pair_0040_happy,11,01,happy,-10.44329363810397
22,joint,actor_11_statement_01,source_center_noop,pair_0040_sad,11,01,sad,-13.228878474835165
22,joint,actor_11_statement_01,source_center_noop,pair_0041_happy,11,01,happy,-18.810510749535517
22,joint,actor_11_statement_01,source_center_noop,pair_0041_sad,11,01,sad,-0.6509175501705933
22,joint,actor_11_statement_01,independent_center,pair_0040_happy,11,01,happy,-4.250940138236674
22,joint,actor_11_statement_01,independent_center,pair_0040_sad,11,01,sad,-7.036524974967868
22,joint,actor_11_statement_01,independent_center,pair_0041_happy,11,01,happy,-12.61815724966822
22,joint,actor_11_statement_01,independent_center,pair_0041_sad,11,01,sad,5.541435949696703
22,joint,actor_11_statement_01,independent_rank1,pair_0040_happy,11,01,happy,-5.657980028096713
22,joint,actor_11_statement_01,independent_rank1,pair_0040_sad,11,01,sad,-6.193033755538718
22,joint,actor_11_statement_01,independent_rank1,pair_0041_happy,11,01,happy,-12.12010009606869
22,joint,actor_11_statement_01,independent_rank1,pair_0041_sad,11,01,sad,6.424965398683632
22,joint,actor_11_statement_02,raw,pair_0042_happy,11,02,happy,-18.009381741441477
22,joint,actor_11_statement_02,raw,pair_0042_sad,11,02,sad,-20.710814398790404
22,joint,actor_11_statement_02,raw,pair_0043_happy,11,02,happy,-13.041231958576311
22,joint,actor_11_statement_02,raw,pair_0043_sad,11,02,sad,-20.72308234876429
22,joint,actor_11_statement_02,source_center_noop,pair_0042_happy,11,02,happy,-18.009381741441477
22,joint,actor_11_statement_02,source_center_noop,pair_0042_sad,11,02,sad,-20.710814398790404
22,joint,actor_11_statement_02,source_center_noop,pair_0043_happy,11,02,happy,-13.041231958576311
22,joint,actor_11_statement_02,source_center_noop,pair_0043_sad,11,02,sad,-20.72308234876429
22,joint,actor_11_statement_02,independent_center,pair_0042_happy,11,02,happy,-8.695755504594594
22,joint,actor_11_statement_02,independent_center,pair_0042_sad,11,02,sad,-11.397188161943522
22,joint,actor_11_statement_02,independent_center,pair_0043_happy,11,02,happy,-3.7276057217294287
22,joint,actor_11_statement_02,independent_center,pair_0043_sad,11,02,sad,-11.409456111917407
22,joint,actor_11_statement_02,independent_rank1,pair_0042_happy,11,02,happy,-8.419161262605314
22,joint,actor_11_statement_02,independent_rank1,pair_0042_sad,11,02,sad,-11.58101787683233
22,joint,actor_11_statement_02,independent_rank1,pair_0043_happy,11,02,happy,-3.270506550743935
22,joint,actor_11_statement_02,independent_rank1,pair_0043_sad,11,02,sad,-11.141836465511545
22,joint,actor_12_statement_01,raw,pair_0044_happy,12,01,happy,-11.831439299968494
22,joint,actor_12_statement_01,raw,pair_0044_sad,12,01,sad,6.684063179303468
22,joint,actor_12_statement_01,raw,pair_0045_happy,12,01,happy,-2.5825984804056006
22,joint,actor_12_statement_01,raw,pair_0045_sad,12,01,sad,2.2620328364788307
22,joint,actor_12_statement_01,source_center_noop,pair_0044_happy,12,01,happy,-11.831439299968494
22,joint,actor_12_statement_01,source_center_noop,pair_0044_sad,12,01,sad,6.684063179303468
22,joint,actor_12_statement_01,source_center_noop,pair_0045_happy,12,01,happy,-2.5825984804056006
22,joint,actor_12_statement_01,source_center_noop,pair_0045_sad,12,01,sad,2.2620328364788307
22,joint,actor_12_statement_01,independent_center,pair_0044_happy,12,01,happy,-6.828331321663194
22,joint,actor_12_statement_01,independent_center,pair_0044_sad,12,01,sad,11.687171157608768
22,joint,actor_12_statement_01,independent_center,pair_0045_happy,12,01,happy,2.4205094978996993
22,joint,actor_12_statement_01,independent_center,pair_0045_sad,12,01,sad,7.2651408147841305
22,joint,actor_12_statement_01,independent_rank1,pair_0044_happy,12,01,happy,-6.545336425043647
22,joint,actor_12_statement_01,independent_rank1,pair_0044_sad,12,01,sad,11.380511603781766
22,joint,actor_12_statement_01,independent_rank1,pair_0045_happy,12,01,happy,1.9382352893788415
22,joint,actor_12_statement_01,independent_rank1,pair_0045_sad,12,01,sad,6.455774876654544
22,joint,actor_12_statement_02,raw,pair_0046_happy,12,02,happy,-6.738804038215013
22,joint,actor_12_statement_02,raw,pair_0046_sad,12,02,sad,-11.555342009299938
22,joint,actor_12_statement_02,raw,pair_0047_happy,12,02,happy,-2.3012411443977747
22,joint,actor_12_statement_02,raw,pair_0047_sad,12,02,sad,-11.750609084806023
22,joint,actor_12_statement_02,source_center_noop,pair_0046_happy,12,02,happy,-6.738804038215013
22,joint,actor_12_statement_02,source_center_noop,pair_0046_sad,12,02,sad,-11.555342009299938
22,joint,actor_12_statement_02,source_center_noop,pair_0047_happy,12,02,happy,-2.3012411443977747
22,joint,actor_12_statement_02,source_center_noop,pair_0047_sad,12,02,sad,-11.750609084806023
22,joint,actor_12_statement_02,independent_center,pair_0046_happy,12,02,happy,2.7268207096200996
22,joint,actor_12_statement_02,independent_center,pair_0046_sad,12,02,sad,-2.089717261464825
22,joint,actor_12_statement_02,independent_center,pair_0047_happy,12,02,happy,7.164383603437338
22,joint,actor_12_statement_02,independent_center,pair_0047_sad,12,02,sad,-2.2849843369709095
22,joint,actor_12_statement_02,independent_rank1,pair_0046_happy,12,02,happy,3.2687775654169897
22,joint,actor_12_statement_02,independent_rank1,pair_0046_sad,12,02,sad,-1.4490608163027758
22,joint,actor_12_statement_02,independent_rank1,pair_0047_happy,12,02,happy,7.117462512678443
22,joint,actor_12_statement_02,independent_rank1,pair_0047_sad,12,02,sad,-2.3650630744667716
22,joint,actor_13_statement_01,raw,pair_0048_happy,13,01,happy,-13.185463575071498
22,joint,actor_13_statement_01,raw,pair_0048_sad,13,01,sad,-6.134775031223935
22,joint,actor_13_statement_01,raw,pair_0049_happy,13,01,happy,-2.509646557916362
22,joint,actor_13_statement_01,raw,pair_0049_sad,13,01,sad,-9.936433365077445
22,joint,actor_13_statement_01,source_center_noop,pair_0048_happy,13,01,happy,-13.185463575071498
22,joint,actor_13_statement_01,source_center_noop,pair_0048_sad,13,01,sad,-6.134775031223935
22,joint,actor_13_statement_01,source_center_noop,pair_0049_happy,13,01,happy,-2.509646557916362
22,joint,actor_13_statement_01,source_center_noop,pair_0049_sad,13,01,sad,-9.936433365077445
22,joint,actor_13_statement_01,independent_center,pair_0048_happy,13,01,happy,-7.715255408614609
22,joint,actor_13_statement_01,independent_center,pair_0048_sad,13,01,sad,-0.6645668647670453
22,joint,actor_13_statement_01,independent_center,pair_0049_happy,13,01,happy,2.9605616085405275
22,joint,actor_13_statement_01,independent_center,pair_0049_sad,13,01,sad,-4.466225198620555
22,joint,actor_13_statement_01,independent_rank1,pair_0048_happy,13,01,happy,-8.14886881346147
22,joint,actor_13_statement_01,independent_rank1,pair_0048_sad,13,01,sad,0.050495479371566176
22,joint,actor_13_statement_01,independent_rank1,pair_0049_happy,13,01,happy,2.756306783514251
22,joint,actor_13_statement_01,independent_rank1,pair_0049_sad,13,01,sad,-3.5819072527758955
22,joint,actor_13_statement_02,raw,pair_0050_happy,13,02,happy,0.12974457262130557
22,joint,actor_13_statement_02,raw,pair_0050_sad,13,02,sad,-9.406778391443027
22,joint,actor_13_statement_02,raw,pair_0051_happy,13,02,happy,-7.943470265901881
22,joint,actor_13_statement_02,raw,pair_0051_sad,13,02,sad,-8.642293483892992
22,joint,actor_13_statement_02,source_center_noop,pair_0050_happy,13,02,happy,0.12974457262130557
22,joint,actor_13_statement_02,source_center_noop,pair_0050_sad,13,02,sad,-9.406778391443027
22,joint,actor_13_statement_02,source_center_noop,pair_0051_happy,13,02,happy,-7.943470265901881
22,joint,actor_13_statement_02,source_center_noop,pair_0051_sad,13,02,sad,-8.642293483892992
22,joint,actor_13_statement_02,independent_center,pair_0050_happy,13,02,happy,9.914734180693324
22,joint,actor_13_statement_02,independent_center,pair_0050_sad,13,02,sad,0.3782112166289924
22,joint,actor_13_statement_02,independent_center,pair_0051_happy,13,02,happy,1.8415193421701375
22,joint,actor_13_statement_02,independent_center,pair_0051_sad,13,02,sad,1.142696124179027
22,joint,actor_13_statement_02,independent_rank1,pair_0050_happy,13,02,happy,9.107291355499068
22,joint,actor_13_statement_02,independent_rank1,pair_0050_sad,13,02,sad,-0.2342362970369969
22,joint,actor_13_statement_02,independent_rank1,pair_0051_happy,13,02,happy,0.5865300778077831
22,joint,actor_13_statement_02,independent_rank1,pair_0051_sad,13,02,sad,0.7796994546261118
22,joint,actor_14_statement_01,raw,pair_0052_happy,14,01,happy,4.0513612230323055
22,joint,actor_14_statement_01,raw,pair_0052_sad,14,01,sad,-18.012218306563472
22,joint,actor_14_statement_01,raw,pair_0053_happy,14,01,happy,1.499327422788273
22,joint,actor_14_statement_01,raw,pair_0053_sad,14,01,sad,-13.442923584772995
22,joint,actor_14_statement_01,source_center_noop,pair_0052_happy,14,01,happy,4.0513612230323055
22,joint,actor_14_statement_01,source_center_noop,pair_0052_sad,14,01,sad,-18.012218306563472
22,joint,actor_14_statement_01,source_center_noop,pair_0053_happy,14,01,happy,1.499327422788273
22,joint,actor_14_statement_01,source_center_noop,pair_0053_sad,14,01,sad,-13.442923584772995
22,joint,actor_14_statement_01,independent_center,pair_0052_happy,14,01,happy,15.5721082291339
22,joint,actor_14_statement_01,independent_center,pair_0052_sad,14,01,sad,-6.491471300461878
22,joint,actor_14_statement_01,independent_center,pair_0053_happy,14,01,happy,13.020074428889867
22,joint,actor_14_statement_01,independent_center,pair_0053_sad,14,01,sad,-1.922176578671401
22,joint,actor_14_statement_01,independent_rank1,pair_0052_happy,14,01,happy,14.87730708674545
22,joint,actor_14_statement_01,independent_rank1,pair_0052_sad,14,01,sad,-7.8004836699276865
22,joint,actor_14_statement_01,independent_rank1,pair_0053_happy,14,01,happy,14.021952313155335
22,joint,actor_14_statement_01,independent_rank1,pair_0053_sad,14,01,sad,-3.288155907720185
22,joint,actor_14_statement_02,raw,pair_0054_happy,14,02,happy,12.986264783689176
22,joint,actor_14_statement_02,raw,pair_0054_sad,14,02,sad,7.007291877712312
22,joint,actor_14_statement_02,raw,pair_0055_happy,14,02,happy,4.603292992074337
22,joint,actor_14_statement_02,raw,pair_0055_sad,14,02,sad,10.611523439504154
22,joint,actor_14_statement_02,source_center_noop,pair_0054_happy,14,02,happy,12.986264783689176
22,joint,actor_14_statement_02,source_center_noop,pair_0054_sad,14,02,sad,7.007291877712312
22,joint,actor_14_statement_02,source_center_noop,pair_0055_happy,14,02,happy,4.603292992074337
22,joint,actor_14_statement_02,source_center_noop,pair_0055_sad,14,02,sad,10.611523439504154
22,joint,actor_14_statement_02,independent_center,pair_0054_happy,14,02,happy,5.667061825070815
22,joint,actor_14_statement_02,independent_center,pair_0054_sad,14,02,sad,-0.31191108090604924
22,joint,actor_14_statement_02,independent_center,pair_0055_happy,14,02,happy,-2.7159099665440243
22,joint,actor_14_statement_02,independent_center,pair_0055_sad,14,02,sad,3.2923204808857927
22,joint,actor_14_statement_02,independent_rank1,pair_0054_happy,14,02,happy,4.872287776641361
22,joint,actor_14_statement_02,independent_rank1,pair_0054_sad,14,02,sad,1.1843138629007797
22,joint,actor_14_statement_02,independent_rank1,pair_0055_happy,14,02,happy,-2.127728902316484
22,joint,actor_14_statement_02,independent_rank1,pair_0055_sad,14,02,sad,3.046485604853153
22,joint,actor_15_statement_01,raw,pair_0056_happy,15,01,happy,12.026821728936085
22,joint,actor_15_statement_01,raw,pair_0056_sad,15,01,sad,11.198458526672844
22,joint,actor_15_statement_01,raw,pair_0057_happy,15,01,happy,-5.59565219347137
22,joint,actor_15_statement_01,raw,pair_0057_sad,15,01,sad,-10.022968446062993
22,joint,actor_15_statement_01,source_center_noop,pair_0056_happy,15,01,happy,12.026821728936085
22,joint,actor_15_statement_01,source_center_noop,pair_0056_sad,15,01,sad,11.198458526672844
22,joint,actor_15_statement_01,source_center_noop,pair_0057_happy,15,01,happy,-5.59565219347137
22,joint,actor_15_statement_01,source_center_noop,pair_0057_sad,15,01,sad,-10.022968446062993
22,joint,actor_15_statement_01,independent_center,pair_0056_happy,15,01,happy,16.827649654236613
22,joint,actor_15_statement_01,independent_center,pair_0056_sad,15,01,sad,15.999286451973372
22,joint,actor_15_statement_01,independent_center,pair_0057_happy,15,01,happy,-0.7948242681708422
22,joint,actor_15_statement_01,independent_center,pair_0057_sad,15,01,sad,-5.222140520762466
22,joint,actor_15_statement_01,independent_rank1,pair_0056_happy,15,01,happy,16.998004348041338
22,joint,actor_15_statement_01,independent_rank1,pair_0056_sad,15,01,sad,16.725672363645213
22,joint,actor_15_statement_01,independent_rank1,pair_0057_happy,15,01,happy,-1.8020805601772096
22,joint,actor_15_statement_01,independent_rank1,pair_0057_sad,15,01,sad,-5.650891819693047
22,joint,actor_15_statement_02,raw,pair_0058_happy,15,02,happy,-15.886366282756269
22,joint,actor_15_statement_02,raw,pair_0058_sad,15,02,sad,-9.967225758493669
22,joint,actor_15_statement_02,raw,pair_0059_happy,15,02,happy,-12.26378999786245
22,joint,actor_15_statement_02,raw,pair_0059_sad,15,02,sad,-0.41264542290473116
22,joint,actor_15_statement_02,source_center_noop,pair_0058_happy,15,02,happy,-15.886366282756269
22,joint,actor_15_statement_02,source_center_noop,pair_0058_sad,15,02,sad,-9.967225758493669
22,joint,actor_15_statement_02,source_center_noop,pair_0059_happy,15,02,happy,-12.26378999786245
22,joint,actor_15_statement_02,source_center_noop,pair_0059_sad,15,02,sad,-0.41264542290473116
22,joint,actor_15_statement_02,independent_center,pair_0058_happy,15,02,happy,-4.297725859054404
22,joint,actor_15_statement_02,independent_center,pair_0058_sad,15,02,sad,1.6214146652081958
22,joint,actor_15_statement_02,independent_center,pair_0059_happy,15,02,happy,-0.6751495741605851
22,joint,actor_15_statement_02,independent_center,pair_0059_sad,15,02,sad,11.175995000797133
22,joint,actor_15_statement_02,independent_rank1,pair_0058_happy,15,02,happy,-4.331636416415861
22,joint,actor_15_statement_02,independent_rank1,pair_0058_sad,15,02,sad,3.0681126312500915
22,joint,actor_15_statement_02,independent_rank1,pair_0059_happy,15,02,happy,-0.33051238751180634
22,joint,actor_15_statement_02,independent_rank1,pair_0059_sad,15,02,sad,14.092643516815421
22,joint,actor_16_statement_01,raw,pair_0060_happy,16,01,happy,-10.00275561067524
22,joint,actor_16_statement_01,raw,pair_0060_sad,16,01,sad,-2.2135766727678217
22,joint,actor_16_statement_01,raw,pair_0061_happy,16,01,happy,-11.046538424721499
22,joint,actor_16_statement_01,raw,pair_0061_sad,16,01,sad,13.99775868698254
22,joint,actor_16_statement_01,source_center_noop,pair_0060_happy,16,01,happy,-10.00275561067524
22,joint,actor_16_statement_01,source_center_noop,pair_0060_sad,16,01,sad,-2.2135766727678217
22,joint,actor_16_statement_01,source_center_noop,pair_0061_happy,16,01,happy,-11.046538424721499
22,joint,actor_16_statement_01,source_center_noop,pair_0061_sad,16,01,sad,13.99775868698254
22,joint,actor_16_statement_01,independent_center,pair_0060_happy,16,01,happy,-1.6048584296624036
22,joint,actor_16_statement_01,independent_center,pair_0060_sad,16,01,sad,6.1843205082450154
22,joint,actor_16_statement_01,independent_center,pair_0061_happy,16,01,happy,-2.6486412437086617
22,joint,actor_16_statement_01,independent_center,pair_0061_sad,16,01,sad,22.395655867995377
22,joint,actor_16_statement_01,independent_rank1,pair_0060_happy,16,01,happy,-1.552311152875518
22,joint,actor_16_statement_01,independent_rank1,pair_0060_sad,16,01,sad,5.56124863534118
22,joint,actor_16_statement_01,independent_rank1,pair_0061_happy,16,01,happy,-2.7299570701526292
22,joint,actor_16_statement_01,independent_rank1,pair_0061_sad,16,01,sad,23.99027331826406
22,joint,actor_16_statement_02,raw,pair_0062_happy,16,02,happy,11.211018315151765
22,joint,actor_16_statement_02,raw,pair_0062_sad,16,02,sad,5.4797084611131694
22,joint,actor_16_statement_02,raw,pair_0063_happy,16,02,happy,11.083860101101752
22,joint,actor_16_statement_02,raw,pair_0063_sad,16,02,sad,8.768071625589503
22,joint,actor_16_statement_02,source_center_noop,pair_0062_happy,16,02,happy,11.211018315151765
22,joint,actor_16_statement_02,source_center_noop,pair_0062_sad,16,02,sad,5.4797084611131694
22,joint,actor_16_statement_02,source_center_noop,pair_0063_happy,16,02,happy,11.083860101101752
22,joint,actor_16_statement_02,source_center_noop,pair_0063_sad,16,02,sad,8.768071625589503
22,joint,actor_16_statement_02,independent_center,pair_0062_happy,16,02,happy,2.9869282585799155
22,joint,actor_16_statement_02,independent_center,pair_0062_sad,16,02,sad,-2.7443815954586803
22,joint,actor_16_statement_02,independent_center,pair_0063_happy,16,02,happy,2.8597700445299026
22,joint,actor_16_statement_02,independent_center,pair_0063_sad,16,02,sad,0.543981569017653
22,joint,actor_16_statement_02,independent_rank1,pair_0062_happy,16,02,happy,2.880683065757058
22,joint,actor_16_statement_02,independent_rank1,pair_0062_sad,16,02,sad,-1.8020178878896544
22,joint,actor_16_statement_02,independent_rank1,pair_0063_happy,16,02,happy,1.3157722930947848
22,joint,actor_16_statement_02,independent_rank1,pair_0063_sad,16,02,sad,0.14661021980134947
22,joint,actor_17_statement_01,raw,pair_0064_happy,17,01,happy,-16.55437037281189
22,joint,actor_17_statement_01,raw,pair_0064_sad,17,01,sad,-15.860427875557518
22,joint,actor_17_statement_01,raw,pair_0065_happy,17,01,happy,-13.005298298951745
22,joint,actor_17_statement_01,raw,pair_0065_sad,17,01,sad,-16.04942454808555
22,joint,actor_17_statement_01,source_center_noop,pair_0064_happy,17,01,happy,-16.55437037281189
22,joint,actor_17_statement_01,source_center_noop,pair_0064_sad,17,01,sad,-15.860427875557518
22,joint,actor_17_statement_01,source_center_noop,pair_0065_happy,17,01,happy,-13.005298298951745
22,joint,actor_17_statement_01,source_center_noop,pair_0065_sad,17,01,sad,-16.04942454808555
22,joint,actor_17_statement_01,independent_center,pair_0064_happy,17,01,happy,-11.387558076224254
22,joint,actor_17_statement_01,independent_center,pair_0064_sad,17,01,sad,-10.693615578969883
22,joint,actor_17_statement_01,independent_center,pair_0065_happy,17,01,happy,-7.83848600236411
22,joint,actor_17_statement_01,independent_center,pair_0065_sad,17,01,sad,-10.882612251497916
22,joint,actor_17_statement_01,independent_rank1,pair_0064_happy,17,01,happy,-11.239190411748126
22,joint,actor_17_statement_01,independent_rank1,pair_0064_sad,17,01,sad,-10.799269905380097
22,joint,actor_17_statement_01,independent_rank1,pair_0065_happy,17,01,happy,-8.58899816259468
22,joint,actor_17_statement_01,independent_rank1,pair_0065_sad,17,01,sad,-10.955970785849122
22,joint,actor_17_statement_02,raw,pair_0066_happy,17,02,happy,-11.590350915214428
22,joint,actor_17_statement_02,raw,pair_0066_sad,17,02,sad,-10.667109947933293
22,joint,actor_17_statement_02,raw,pair_0067_happy,17,02,happy,3.066590162255178
22,joint,actor_17_statement_02,raw,pair_0067_sad,17,02,sad,-0.694092554261573
22,joint,actor_17_statement_02,source_center_noop,pair_0066_happy,17,02,happy,-11.590350915214428
22,joint,actor_17_statement_02,source_center_noop,pair_0066_sad,17,02,sad,-10.667109947933293
22,joint,actor_17_statement_02,source_center_noop,pair_0067_happy,17,02,happy,3.066590162255178
22,joint,actor_17_statement_02,source_center_noop,pair_0067_sad,17,02,sad,-0.694092554261573
22,joint,actor_17_statement_02,independent_center,pair_0066_happy,17,02,happy,-5.833982729640082
22,joint,actor_17_statement_02,independent_center,pair_0066_sad,17,02,sad,-4.910741762358947
22,joint,actor_17_statement_02,independent_center,pair_0067_happy,17,02,happy,8.822958347829523
22,joint,actor_17_statement_02,independent_center,pair_0067_sad,17,02,sad,5.062275631312772
22,joint,actor_17_statement_02,independent_rank1,pair_0066_happy,17,02,happy,-5.934375601294107
22,joint,actor_17_statement_02,independent_rank1,pair_0066_sad,17,02,sad,-3.4003253991039273
22,joint,actor_17_statement_02,independent_rank1,pair_0067_happy,17,02,happy,9.241132793417414
22,joint,actor_17_statement_02,independent_rank1,pair_0067_sad,17,02,sad,5.2257239298546665
22,joint,actor_18_statement_01,raw,pair_0068_happy,18,01,happy,-15.772413187676513
22,joint,actor_18_statement_01,raw,pair_0068_sad,18,01,sad,-24.52305457502804
22,joint,actor_18_statement_01,raw,pair_0069_happy,18,01,happy,-15.97848766305488
22,joint,actor_18_statement_01,raw,pair_0069_sad,18,01,sad,-20.765626730168204
22,joint,actor_18_statement_01,source_center_noop,pair_0068_happy,18,01,happy,-15.772413187676513
22,joint,actor_18_statement_01,source_center_noop,pair_0068_sad,18,01,sad,-24.52305457502804
22,joint,actor_18_statement_01,source_center_noop,pair_0069_happy,18,01,happy,-15.97848766305488
22,joint,actor_18_statement_01,source_center_noop,pair_0069_sad,18,01,sad,-20.765626730168204
22,joint,actor_18_statement_01,independent_center,pair_0068_happy,18,01,happy,3.2704290027958507
22,joint,actor_18_statement_01,independent_center,pair_0068_sad,18,01,sad,-5.480212384555678
22,joint,actor_18_statement_01,independent_center,pair_0069_happy,18,01,happy,3.0643545274174837
22,joint,actor_18_statement_01,independent_center,pair_0069_sad,18,01,sad,-1.7227845396958408
22,joint,actor_18_statement_01,independent_rank1,pair_0068_happy,18,01,happy,3.399558535392824
22,joint,actor_18_statement_01,independent_rank1,pair_0068_sad,18,01,sad,-10.70539314201571
22,joint,actor_18_statement_01,independent_rank1,pair_0069_happy,18,01,happy,-3.189213047328021
22,joint,actor_18_statement_01,independent_rank1,pair_0069_sad,18,01,sad,-6.76093910403179
22,joint,actor_18_statement_02,raw,pair_0070_happy,18,02,happy,-2.924926628767535
22,joint,actor_18_statement_02,raw,pair_0070_sad,18,02,sad,-4.343029781702679
22,joint,actor_18_statement_02,raw,pair_0071_happy,18,02,happy,-4.560209019043503
22,joint,actor_18_statement_02,raw,pair_0071_sad,18,02,sad,-4.129599500479824
22,joint,actor_18_statement_02,source_center_noop,pair_0070_happy,18,02,happy,-2.924926628767535
22,joint,actor_18_statement_02,source_center_noop,pair_0070_sad,18,02,sad,-4.343029781702679
22,joint,actor_18_statement_02,source_center_noop,pair_0071_happy,18,02,happy,-4.560209019043503
22,joint,actor_18_statement_02,source_center_noop,pair_0071_sad,18,02,sad,-4.129599500479824
22,joint,actor_18_statement_02,independent_center,pair_0070_happy,18,02,happy,-3.932923244674762
22,joint,actor_18_statement_02,independent_center,pair_0070_sad,18,02,sad,-5.351026397609906
22,joint,actor_18_statement_02,independent_center,pair_0071_happy,18,02,happy,-5.56820563495073
22,joint,actor_18_statement_02,independent_center,pair_0071_sad,18,02,sad,-5.1375961163870505
22,joint,actor_18_statement_02,independent_rank1,pair_0070_happy,18,02,happy,-4.5740176408627065
22,joint,actor_18_statement_02,independent_rank1,pair_0070_sad,18,02,sad,-4.681651529830974
22,joint,actor_18_statement_02,independent_rank1,pair_0071_happy,18,02,happy,-2.7642811133017986
22,joint,actor_18_statement_02,independent_rank1,pair_0071_sad,18,02,sad,-4.809184969812705
22,joint,actor_19_statement_01,raw,pair_0072_happy,19,01,happy,-6.231033293327709
22,joint,actor_19_statement_01,raw,pair_0072_sad,19,01,sad,-11.959727928500614
22,joint,actor_19_statement_01,raw,pair_0073_happy,19,01,happy,-1.5798770773233102
22,joint,actor_19_statement_01,raw,pair_0073_sad,19,01,sad,-6.799634560024188
22,joint,actor_19_statement_01,source_center_noop,pair_0072_happy,19,01,happy,-6.231033293327709
22,joint,actor_19_statement_01,source_center_noop,pair_0072_sad,19,01,sad,-11.959727928500614
22,joint,actor_19_statement_01,source_center_noop,pair_0073_happy,19,01,happy,-1.5798770773233102
22,joint,actor_19_statement_01,source_center_noop,pair_0073_sad,19,01,sad,-6.799634560024188
22,joint,actor_19_statement_01,independent_center,pair_0072_happy,19,01,happy,3.147823309364096
22,joint,actor_19_statement_01,independent_center,pair_0072_sad,19,01,sad,-2.5808713258088094
22,joint,actor_19_statement_01,independent_center,pair_0073_happy,19,01,happy,7.798979525368495
22,joint,actor_19_statement_01,independent_center,pair_0073_sad,19,01,sad,2.5792220426676167
22,joint,actor_19_statement_01,independent_rank1,pair_0072_happy,19,01,happy,2.0569053592680433
22,joint,actor_19_statement_01,independent_rank1,pair_0072_sad,19,01,sad,-2.324536161056198
22,joint,actor_19_statement_01,independent_rank1,pair_0073_happy,19,01,happy,8.694535573701849
22,joint,actor_19_statement_01,independent_rank1,pair_0073_sad,19,01,sad,1.7653434107905106
22,joint,actor_19_statement_02,raw,pair_0074_happy,19,02,happy,-11.941976236695462
22,joint,actor_19_statement_02,raw,pair_0074_sad,19,02,sad,-2.3762935699494783
22,joint,actor_19_statement_02,raw,pair_0075_happy,19,02,happy,-2.1873365761278194
22,joint,actor_19_statement_02,raw,pair_0075_sad,19,02,sad,3.762091944563153
22,joint,actor_19_statement_02,source_center_noop,pair_0074_happy,19,02,happy,-11.941976236695462
22,joint,actor_19_statement_02,source_center_noop,pair_0074_sad,19,02,sad,-2.3762935699494783
22,joint,actor_19_statement_02,source_center_noop,pair_0075_happy,19,02,happy,-2.1873365761278194
22,joint,actor_19_statement_02,source_center_noop,pair_0075_sad,19,02,sad,3.762091944563153
22,joint,actor_19_statement_02,independent_center,pair_0074_happy,19,02,happy,-6.386395882238075
22,joint,actor_19_statement_02,independent_center,pair_0074_sad,19,02,sad,3.1792867845079087
22,joint,actor_19_statement_02,independent_center,pair_0075_happy,19,02,happy,3.3682437783295676
22,joint,actor_19_statement_02,independent_center,pair_0075_sad,19,02,sad,9.31767229902054
22,joint,actor_19_statement_02,independent_rank1,pair_0074_happy,19,02,happy,-5.924883655753527
22,joint,actor_19_statement_02,independent_rank1,pair_0074_sad,19,02,sad,3.8492558355715722
22,joint,actor_19_statement_02,independent_rank1,pair_0075_happy,19,02,happy,3.5844898069733944
22,joint,actor_19_statement_02,independent_rank1,pair_0075_sad,19,02,sad,9.36401402407969
22,joint,actor_20_statement_01,raw,pair_0076_happy,20,01,happy,-23.229907139474165
22,joint,actor_20_statement_01,raw,pair_0076_sad,20,01,sad,-20.026137968905466
22,joint,actor_20_statement_01,raw,pair_0077_happy,20,01,happy,-4.576131314616816
22,joint,actor_20_statement_01,raw,pair_0077_sad,20,01,sad,-14.325220240269244
22,joint,actor_20_statement_01,source_center_noop,pair_0076_happy,20,01,happy,-23.229907139474165
22,joint,actor_20_statement_01,source_center_noop,pair_0076_sad,20,01,sad,-20.026137968905466
22,joint,actor_20_statement_01,source_center_noop,pair_0077_happy,20,01,happy,-4.576131314616816
22,joint,actor_20_statement_01,source_center_noop,pair_0077_sad,20,01,sad,-14.325220240269244
22,joint,actor_20_statement_01,independent_center,pair_0076_happy,20,01,happy,-6.29065521973704
22,joint,actor_20_statement_01,independent_center,pair_0076_sad,20,01,sad,-3.086886049168342
22,joint,actor_20_statement_01,independent_center,pair_0077_happy,20,01,happy,12.363120605120308
22,joint,actor_20_statement_01,independent_center,pair_0077_sad,20,01,sad,2.61403167946788
22,joint,actor_20_statement_01,independent_rank1,pair_0076_happy,20,01,happy,-8.781632581096172
22,joint,actor_20_statement_01,independent_rank1,pair_0076_sad,20,01,sad,-6.465845725524044
22,joint,actor_20_statement_01,independent_rank1,pair_0077_happy,20,01,happy,11.002696449437472
22,joint,actor_20_statement_01,independent_rank1,pair_0077_sad,20,01,sad,-5.807788987051964
22,joint,actor_20_statement_02,raw,pair_0078_happy,20,02,happy,6.019921031998887
22,joint,actor_20_statement_02,raw,pair_0078_sad,20,02,sad,17.70011670089241
22,joint,actor_20_statement_02,raw,pair_0079_happy,20,02,happy,-6.65521141956428
22,joint,actor_20_statement_02,raw,pair_0079_sad,20,02,sad,2.8421117608671764
22,joint,actor_20_statement_02,source_center_noop,pair_0078_happy,20,02,happy,6.019921031998887
22,joint,actor_20_statement_02,source_center_noop,pair_0078_sad,20,02,sad,17.70011670089241
22,joint,actor_20_statement_02,source_center_noop,pair_0079_happy,20,02,happy,-6.65521141956428
22,joint,actor_20_statement_02,source_center_noop,pair_0079_sad,20,02,sad,2.8421117608671764
22,joint,actor_20_statement_02,independent_center,pair_0078_happy,20,02,happy,10.78616215308044
22,joint,actor_20_statement_02,independent_center,pair_0078_sad,20,02,sad,22.46635782197396
22,joint,actor_20_statement_02,independent_center,pair_0079_happy,20,02,happy,-1.888970298482727
22,joint,actor_20_statement_02,independent_center,pair_0079_sad,20,02,sad,7.608352881948729
22,joint,actor_20_statement_02,independent_rank1,pair_0078_happy,20,02,happy,11.412394182159648
22,joint,actor_20_statement_02,independent_rank1,pair_0078_sad,20,02,sad,24.688594318013635
22,joint,actor_20_statement_02,independent_rank1,pair_0079_happy,20,02,happy,-0.833355703490934
22,joint,actor_20_statement_02,independent_rank1,pair_0079_sad,20,02,sad,6.918696626180605
22,joint,actor_21_statement_01,raw,pair_0080_happy,21,01,happy,-9.56939448720679
22,joint,actor_21_statement_01,raw,pair_0080_sad,21,01,sad,-10.32155892514803
22,joint,actor_21_statement_01,raw,pair_0081_happy,21,01,happy,-12.513385049349772
22,joint,actor_21_statement_01,raw,pair_0081_sad,21,01,sad,-9.110628366536883
22,joint,actor_21_statement_01,source_center_noop,pair_0080_happy,21,01,happy,-9.56939448720679
22,joint,actor_21_statement_01,source_center_noop,pair_0080_sad,21,01,sad,-10.32155892514803
22,joint,actor_21_statement_01,source_center_noop,pair_0081_happy,21,01,happy,-12.513385049349772
22,joint,actor_21_statement_01,source_center_noop,pair_0081_sad,21,01,sad,-9.110628366536883
22,joint,actor_21_statement_01,independent_center,pair_0080_happy,21,01,happy,-0.7703871543966692
22,joint,actor_21_statement_01,independent_center,pair_0080_sad,21,01,sad,-1.5225515923379103
22,joint,actor_21_statement_01,independent_center,pair_0081_happy,21,01,happy,-3.7143777165396514
22,joint,actor_21_statement_01,independent_center,pair_0081_sad,21,01,sad,-0.3116210337267624
22,joint,actor_21_statement_01,independent_rank1,pair_0080_happy,21,01,happy,1.3322121659294588
22,joint,actor_21_statement_01,independent_rank1,pair_0080_sad,21,01,sad,0.3704948586672536
22,joint,actor_21_statement_01,independent_rank1,pair_0081_happy,21,01,happy,-0.6431612946656671
22,joint,actor_21_statement_01,independent_rank1,pair_0081_sad,21,01,sad,2.4335070801850307
22,joint,actor_21_statement_02,raw,pair_0082_happy,21,02,happy,-11.243777568360294
22,joint,actor_21_statement_02,raw,pair_0082_sad,21,02,sad,-15.35481562323232
22,joint,actor_21_statement_02,raw,pair_0083_happy,21,02,happy,-10.602868536630805
22,joint,actor_21_statement_02,raw,pair_0083_sad,21,02,sad,-20.025433276601852
22,joint,actor_21_statement_02,source_center_noop,pair_0082_happy,21,02,happy,-11.243777568360294
22,joint,actor_21_statement_02,source_center_noop,pair_0082_sad,21,02,sad,-15.35481562323232
22,joint,actor_21_statement_02,source_center_noop,pair_0083_happy,21,02,happy,-10.602868536630805
22,joint,actor_21_statement_02,source_center_noop,pair_0083_sad,21,02,sad,-20.025433276601852
22,joint,actor_21_statement_02,independent_center,pair_0082_happy,21,02,happy,-2.154073988316126
22,joint,actor_21_statement_02,independent_center,pair_0082_sad,21,02,sad,-6.265112043188152
22,joint,actor_21_statement_02,independent_center,pair_0083_happy,21,02,happy,-1.5131649565866372
22,joint,actor_21_statement_02,independent_center,pair_0083_sad,21,02,sad,-10.935729696557685
22,joint,actor_21_statement_02,independent_rank1,pair_0082_happy,21,02,happy,-2.8481676518664543
22,joint,actor_21_statement_02,independent_rank1,pair_0082_sad,21,02,sad,-7.05599291198552
22,joint,actor_21_statement_02,independent_rank1,pair_0083_happy,21,02,happy,-1.7907190517325517
22,joint,actor_21_statement_02,independent_rank1,pair_0083_sad,21,02,sad,-11.61628649057219
22,joint,actor_22_statement_01,raw,pair_0084_happy,22,01,happy,-6.116078538392394
22,joint,actor_22_statement_01,raw,pair_0084_sad,22,01,sad,-15.72088769071378
22,joint,actor_22_statement_01,raw,pair_0085_happy,22,01,happy,-13.646215334472327
22,joint,actor_22_statement_01,raw,pair_0085_sad,22,01,sad,-7.430817666601129
22,joint,actor_22_statement_01,source_center_noop,pair_0084_happy,22,01,happy,-6.116078538392394
22,joint,actor_22_statement_01,source_center_noop,pair_0084_sad,22,01,sad,-15.72088769071378
22,joint,actor_22_statement_01,source_center_noop,pair_0085_happy,22,01,happy,-13.646215334472327
22,joint,actor_22_statement_01,source_center_noop,pair_0085_sad,22,01,sad,-7.430817666601129
22,joint,actor_22_statement_01,independent_center,pair_0084_happy,22,01,happy,4.550951117342729
22,joint,actor_22_statement_01,independent_center,pair_0084_sad,22,01,sad,-5.053858034978658
22,joint,actor_22_statement_01,independent_center,pair_0085_happy,22,01,happy,-2.9791856787372044
22,joint,actor_22_statement_01,independent_center,pair_0085_sad,22,01,sad,3.2362119891339933
22,joint,actor_22_statement_01,independent_rank1,pair_0084_happy,22,01,happy,3.2232796190304356
22,joint,actor_22_statement_01,independent_rank1,pair_0084_sad,22,01,sad,-4.218141399719727
22,joint,actor_22_statement_01,independent_rank1,pair_0085_happy,22,01,happy,-4.374156868844036
22,joint,actor_22_statement_01,independent_rank1,pair_0085_sad,22,01,sad,2.8389664530678616
22,joint,actor_22_statement_02,raw,pair_0086_happy,22,02,happy,-0.4934735620713049
22,joint,actor_22_statement_02,raw,pair_0086_sad,22,02,sad,-5.830365812800572
22,joint,actor_22_statement_02,raw,pair_0087_happy,22,02,happy,-8.247470560217359
22,joint,actor_22_statement_02,raw,pair_0087_sad,22,02,sad,1.4692904425344189
22,joint,actor_22_statement_02,source_center_noop,pair_0086_happy,22,02,happy,-0.4934735620713049
22,joint,actor_22_statement_02,source_center_noop,pair_0086_sad,22,02,sad,-5.830365812800572
22,joint,actor_22_statement_02,source_center_noop,pair_0087_happy,22,02,happy,-8.247470560217359
22,joint,actor_22_statement_02,source_center_noop,pair_0087_sad,22,02,sad,1.4692904425344189
22,joint,actor_22_statement_02,independent_center,pair_0086_happy,22,02,happy,3.4564281639512964
22,joint,actor_22_statement_02,independent_center,pair_0086_sad,22,02,sad,-1.880464086777971
22,joint,actor_22_statement_02,independent_center,pair_0087_happy,22,02,happy,-4.297568834194758
22,joint,actor_22_statement_02,independent_center,pair_0087_sad,22,02,sad,5.41919216855702
22,joint,actor_22_statement_02,independent_rank1,pair_0086_happy,22,02,happy,3.561388945937736
22,joint,actor_22_statement_02,independent_rank1,pair_0086_sad,22,02,sad,-1.522278286766614
22,joint,actor_22_statement_02,independent_rank1,pair_0087_happy,22,02,happy,-4.916889169056054
22,joint,actor_22_statement_02,independent_rank1,pair_0087_sad,22,02,sad,6.101907264461172
22,joint,actor_23_statement_01,raw,pair_0088_happy,23,01,happy,-24.148614221643115
22,joint,actor_23_statement_01,raw,pair_0088_sad,23,01,sad,-8.075276437920586
22,joint,actor_23_statement_01,raw,pair_0089_happy,23,01,happy,-8.084281057054449
22,joint,actor_23_statement_01,raw,pair_0089_sad,23,01,sad,-8.761735788774747
22,joint,actor_23_statement_01,source_center_noop,pair_0088_happy,23,01,happy,-24.148614221643115
22,joint,actor_23_statement_01,source_center_noop,pair_0088_sad,23,01,sad,-8.075276437920586
22,joint,actor_23_statement_01,source_center_noop,pair_0089_happy,23,01,happy,-8.084281057054449
22,joint,actor_23_statement_01,source_center_noop,pair_0089_sad,23,01,sad,-8.761735788774747
22,joint,actor_23_statement_01,independent_center,pair_0088_happy,23,01,happy,-15.65385555202797
22,joint,actor_23_statement_01,independent_center,pair_0088_sad,23,01,sad,0.419482231694559
22,joint,actor_23_statement_01,independent_center,pair_0089_happy,23,01,happy,0.4104776125606957
22,joint,actor_23_statement_01,independent_center,pair_0089_sad,23,01,sad,-0.266977119159602
22,joint,actor_23_statement_01,independent_rank1,pair_0088_happy,23,01,happy,-16.140748326545165
22,joint,actor_23_statement_01,independent_rank1,pair_0088_sad,23,01,sad,1.7113513668333908
22,joint,actor_23_statement_01,independent_rank1,pair_0089_happy,23,01,happy,-0.4196836028586617
22,joint,actor_23_statement_01,independent_rank1,pair_0089_sad,23,01,sad,0.7060481787475474
22,joint,actor_23_statement_02,raw,pair_0090_happy,23,02,happy,5.522352335429929
22,joint,actor_23_statement_02,raw,pair_0090_sad,23,02,sad,-11.934717464474083
22,joint,actor_23_statement_02,raw,pair_0091_happy,23,02,happy,22.065391342642133
22,joint,actor_23_statement_02,raw,pair_0091_sad,23,02,sad,-11.920951112376805
22,joint,actor_23_statement_02,source_center_noop,pair_0090_happy,23,02,happy,5.522352335429929
22,joint,actor_23_statement_02,source_center_noop,pair_0090_sad,23,02,sad,-11.934717464474083
22,joint,actor_23_statement_02,source_center_noop,pair_0091_happy,23,02,happy,22.065391342642133
22,joint,actor_23_statement_02,source_center_noop,pair_0091_sad,23,02,sad,-11.920951112376805
22,joint,actor_23_statement_02,independent_center,pair_0090_happy,23,02,happy,15.372083867161106
22,joint,actor_23_statement_02,independent_center,pair_0090_sad,23,02,sad,-2.0849859327429066
22,joint,actor_23_statement_02,independent_center,pair_0091_happy,23,02,happy,31.91512287437331
22,joint,actor_23_statement_02,independent_center,pair_0091_sad,23,02,sad,-2.0712195806456286
22,joint,actor_23_statement_02,independent_rank1,pair_0090_happy,23,02,happy,16.863080087019632
22,joint,actor_23_statement_02,independent_rank1,pair_0090_sad,23,02,sad,-4.274962251275234
22,joint,actor_23_statement_02,independent_rank1,pair_0091_happy,23,02,happy,33.378032200474
22,joint,actor_23_statement_02,independent_rank1,pair_0091_sad,23,02,sad,-3.488716074339596
22,joint,actor_24_statement_01,raw,pair_0092_happy,24,01,happy,-18.14143592465826
22,joint,actor_24_statement_01,raw,pair_0092_sad,24,01,sad,-5.886786871769546
22,joint,actor_24_statement_01,raw,pair_0093_happy,24,01,happy,-12.464589981886526
22,joint,actor_24_statement_01,raw,pair_0093_sad,24,01,sad,-0.6460936150402894
22,joint,actor_24_statement_01,source_center_noop,pair_0092_happy,24,01,happy,-18.14143592465826
22,joint,actor_24_statement_01,source_center_noop,pair_0092_sad,24,01,sad,-5.886786871769546
22,joint,actor_24_statement_01,source_center_noop,pair_0093_happy,24,01,happy,-12.464589981886526
22,joint,actor_24_statement_01,source_center_noop,pair_0093_sad,24,01,sad,-0.6460936150402894
22,joint,actor_24_statement_01,independent_center,pair_0092_happy,24,01,happy,-6.6312079743969825
22,joint,actor_24_statement_01,independent_center,pair_0092_sad,24,01,sad,5.623441078491732
22,joint,actor_24_statement_01,independent_center,pair_0093_happy,24,01,happy,-0.9543620316252479
22,joint,actor_24_statement_01,independent_center,pair_0093_sad,24,01,sad,10.864134335220989
22,joint,actor_24_statement_01,independent_rank1,pair_0092_happy,24,01,happy,-5.405307619052428
22,joint,actor_24_statement_01,independent_rank1,pair_0092_sad,24,01,sad,5.97201422127403
22,joint,actor_24_statement_01,independent_rank1,pair_0093_happy,24,01,happy,0.17965574096052705
22,joint,actor_24_statement_01,independent_rank1,pair_0093_sad,24,01,sad,11.910627950180064
22,joint,actor_24_statement_02,raw,pair_0094_happy,24,02,happy,-10.386744073605584
22,joint,actor_24_statement_02,raw,pair_0094_sad,24,02,sad,-20.363275749991452
22,joint,actor_24_statement_02,raw,pair_0095_happy,24,02,happy,-13.370070956748718
22,joint,actor_24_statement_02,raw,pair_0095_sad,24,02,sad,-7.767527481854341
22,joint,actor_24_statement_02,source_center_noop,pair_0094_happy,24,02,happy,-10.386744073605584
22,joint,actor_24_statement_02,source_center_noop,pair_0094_sad,24,02,sad,-20.363275749991452
22,joint,actor_24_statement_02,source_center_noop,pair_0095_happy,24,02,happy,-13.370070956748718
22,joint,actor_24_statement_02,source_center_noop,pair_0095_sad,24,02,sad,-7.767527481854341
22,joint,actor_24_statement_02,independent_center,pair_0094_happy,24,02,happy,-5.29013812534658
22,joint,actor_24_statement_02,independent_center,pair_0094_sad,24,02,sad,-15.266669801732448
22,joint,actor_24_statement_02,independent_center,pair_0095_happy,24,02,happy,-8.273465008489714
22,joint,actor_24_statement_02,independent_center,pair_0095_sad,24,02,sad,-2.6709215335953367
22,joint,actor_24_statement_02,independent_rank1,pair_0094_happy,24,02,happy,-5.233782593837061
22,joint,actor_24_statement_02,independent_rank1,pair_0094_sad,24,02,sad,-14.418288712759828
22,joint,actor_24_statement_02,independent_rank1,pair_0095_happy,24,02,happy,-8.533356350493705
22,joint,actor_24_statement_02,independent_rank1,pair_0095_sad,24,02,sad,-3.9065850654027567
23,statement,actor_None_statement_01,raw,pair_0000_happy,01,01,happy,-4.555473936547607
23,statement,actor_None_statement_01,raw,pair_0000_sad,01,01,sad,-4.805311082447123
23,statement,actor_None_statement_01,raw,pair_0001_happy,01,01,happy,-4.9294028545554
23,statement,actor_None_statement_01,raw,pair_0001_sad,01,01,sad,-1.9824933668533167
23,statement,actor_None_statement_01,raw,pair_0004_happy,02,01,happy,-2.824523236881457
23,statement,actor_None_statement_01,raw,pair_0004_sad,02,01,sad,-8.429342463304959
23,statement,actor_None_statement_01,raw,pair_0005_happy,02,01,happy,-7.340460999406785
23,statement,actor_None_statement_01,raw,pair_0005_sad,02,01,sad,-10.488719133618247
23,statement,actor_None_statement_01,raw,pair_0008_happy,03,01,happy,-1.3282426498187292
23,statement,actor_None_statement_01,raw,pair_0008_sad,03,01,sad,-6.623035826101083
23,statement,actor_None_statement_01,raw,pair_0009_happy,03,01,happy,-3.014694072794118
23,statement,actor_None_statement_01,raw,pair_0009_sad,03,01,sad,-10.251990360047426
23,statement,actor_None_statement_01,raw,pair_0012_happy,04,01,happy,-6.273478383817081
23,statement,actor_None_statement_01,raw,pair_0012_sad,04,01,sad,-4.611387753121771
23,statement,actor_None_statement_01,raw,pair_0013_happy,04,01,happy,-10.787495943154662
23,statement,actor_None_statement_01,raw,pair_0013_sad,04,01,sad,-7.206465224339167
23,statement,actor_None_statement_01,raw,pair_0016_happy,05,01,happy,-4.8588233284417495
23,statement,actor_None_statement_01,raw,pair_0016_sad,05,01,sad,-10.2760872347083
23,statement,actor_None_statement_01,raw,pair_0017_happy,05,01,happy,-5.3970431864298805
23,statement,actor_None_statement_01,raw,pair_0017_sad,05,01,sad,-4.372935418212259
23,statement,actor_None_statement_01,raw,pair_0020_happy,06,01,happy,-5.248553236015562
23,statement,actor_None_statement_01,raw,pair_0020_sad,06,01,sad,-7.654076454330735
23,statement,actor_None_statement_01,raw,pair_0021_happy,06,01,happy,-2.866048856964694
23,statement,actor_None_statement_01,raw,pair_0021_sad,06,01,sad,-7.551851605036077
23,statement,actor_None_statement_01,raw,pair_0024_happy,07,01,happy,-10.568962091530361
23,statement,actor_None_statement_01,raw,pair_0024_sad,07,01,sad,-0.9269349921218353
23,statement,actor_None_statement_01,raw,pair_0025_happy,07,01,happy,-6.754509291976218
23,statement,actor_None_statement_01,raw,pair_0025_sad,07,01,sad,-5.725118954445548
23,statement,actor_None_statement_01,raw,pair_0028_happy,08,01,happy,-3.644015021619042
23,statement,actor_None_statement_01,raw,pair_0028_sad,08,01,sad,-7.218539736210678
23,statement,actor_None_statement_01,raw,pair_0029_happy,08,01,happy,-5.684971990619049
23,statement,actor_None_statement_01,raw,pair_0029_sad,08,01,sad,-8.112806289396444
23,statement,actor_None_statement_01,raw,pair_0032_happy,09,01,happy,-9.259207091134524
23,statement,actor_None_statement_01,raw,pair_0032_sad,09,01,sad,-12.372973576738397
23,statement,actor_None_statement_01,raw,pair_0033_happy,09,01,happy,-22.308072575534908
23,statement,actor_None_statement_01,raw,pair_0033_sad,09,01,sad,-8.53577096233336
23,statement,actor_None_statement_01,raw,pair_0036_happy,10,01,happy,-4.8698041675973975
23,statement,actor_None_statement_01,raw,pair_0036_sad,10,01,sad,-7.485298108458087
23,statement,actor_None_statement_01,raw,pair_0037_happy,10,01,happy,-10.196124459481354
23,statement,actor_None_statement_01,raw,pair_0037_sad,10,01,sad,-5.652069162769225
23,statement,actor_None_statement_01,raw,pair_0040_happy,11,01,happy,-3.202026157848975
23,statement,actor_None_statement_01,raw,pair_0040_sad,11,01,sad,-11.983086973608799
23,statement,actor_None_statement_01,raw,pair_0041_happy,11,01,happy,-12.137728404613798
23,statement,actor_None_statement_01,raw,pair_0041_sad,11,01,sad,-8.26082931235827
23,statement,actor_None_statement_01,raw,pair_0044_happy,12,01,happy,-6.3598641586948
23,statement,actor_None_statement_01,raw,pair_0044_sad,12,01,sad,-7.702652987683843
23,statement,actor_None_statement_01,raw,pair_0045_happy,12,01,happy,-2.7018830527877755
23,statement,actor_None_statement_01,raw,pair_0045_sad,12,01,sad,-3.7990360709378086
23,statement,actor_None_statement_01,raw,pair_0048_happy,13,01,happy,-8.737162998358707
23,statement,actor_None_statement_01,raw,pair_0048_sad,13,01,sad,-7.579715219727669
23,statement,actor_None_statement_01,raw,pair_0049_happy,13,01,happy,-1.5593133709183455
23,statement,actor_None_statement_01,raw,pair_0049_sad,13,01,sad,-12.348348817169727
23,statement,actor_None_statement_01,raw,pair_0052_happy,14,01,happy,-6.898711944890644
23,statement,actor_None_statement_01,raw,pair_0052_sad,14,01,sad,-6.103648566509895
23,statement,actor_None_statement_01,raw,pair_0053_happy,14,01,happy,-3.7245298138667744
23,statement,actor_None_statement_01,raw,pair_0053_sad,14,01,sad,-1.2197064754330451
23,statement,actor_None_statement_01,raw,pair_0056_happy,15,01,happy,-1.5135767365234563
23,statement,actor_None_statement_01,raw,pair_0056_sad,15,01,sad,-16.701606608674552
23,statement,actor_None_statement_01,raw,pair_0057_happy,15,01,happy,-10.7430723537961
23,statement,actor_None_statement_01,raw,pair_0057_sad,15,01,sad,-4.863230282003839
23,statement,actor_None_statement_01,raw,pair_0060_happy,16,01,happy,-9.465821079362586
23,statement,actor_None_statement_01,raw,pair_0060_sad,16,01,sad,-8.419274177711005
23,statement,actor_None_statement_01,raw,pair_0061_happy,16,01,happy,-10.691287672035395
23,statement,actor_None_statement_01,raw,pair_0061_sad,16,01,sad,-3.9808684359202573
23,statement,actor_None_statement_01,raw,pair_0064_happy,17,01,happy,-9.97768446769492
23,statement,actor_None_statement_01,raw,pair_0064_sad,17,01,sad,-8.921146409221315
23,statement,actor_None_statement_01,raw,pair_0065_happy,17,01,happy,-5.412967292033962
23,statement,actor_None_statement_01,raw,pair_0065_sad,17,01,sad,-5.766183079192208
23,statement,actor_None_statement_01,raw,pair_0068_happy,18,01,happy,-3.9176017868025497
23,statement,actor_None_statement_01,raw,pair_0068_sad,18,01,sad,-12.200485361741185
23,statement,actor_None_statement_01,raw,pair_0069_happy,18,01,happy,-2.1761629503580204
23,statement,actor_None_statement_01,raw,pair_0069_sad,18,01,sad,-13.481426728530517
23,statement,actor_None_statement_01,raw,pair_0072_happy,19,01,happy,-7.088122109594101
23,statement,actor_None_statement_01,raw,pair_0072_sad,19,01,sad,-7.135782412597212
23,statement,actor_None_statement_01,raw,pair_0073_happy,19,01,happy,-6.755171999598659
23,statement,actor_None_statement_01,raw,pair_0073_sad,19,01,sad,-5.630086797558687
23,statement,actor_None_statement_01,raw,pair_0076_happy,20,01,happy,-10.525271020613605
23,statement,actor_None_statement_01,raw,pair_0076_sad,20,01,sad,-9.600705284215488
23,statement,actor_None_statement_01,raw,pair_0077_happy,20,01,happy,-6.733548615631053
23,statement,actor_None_statement_01,raw,pair_0077_sad,20,01,sad,-9.889614487143984
23,statement,actor_None_statement_01,raw,pair_0080_happy,21,01,happy,-0.6621690209550721
23,statement,actor_None_statement_01,raw,pair_0080_sad,21,01,sad,-4.701597633075728
23,statement,actor_None_statement_01,raw,pair_0081_happy,21,01,happy,-1.684075449086776
23,statement,actor_None_statement_01,raw,pair_0081_sad,21,01,sad,-6.708124636084042
23,statement,actor_None_statement_01,raw,pair_0084_happy,22,01,happy,-5.112195144277518
23,statement,actor_None_statement_01,raw,pair_0084_sad,22,01,sad,-10.795985875961067
23,statement,actor_None_statement_01,raw,pair_0085_happy,22,01,happy,-6.704419543472298
23,statement,actor_None_statement_01,raw,pair_0085_sad,22,01,sad,-9.402054274672993
23,statement,actor_None_statement_01,raw,pair_0088_happy,23,01,happy,-4.8183458315754875
23,statement,actor_None_statement_01,raw,pair_0088_sad,23,01,sad,-9.445339066842907
23,statement,actor_None_statement_01,raw,pair_0089_happy,23,01,happy,-5.1087201731411875
23,statement,actor_None_statement_01,raw,pair_0089_sad,23,01,sad,-5.627272692926357
23,statement,actor_None_statement_01,raw,pair_0092_happy,24,01,happy,-6.577908471901247
23,statement,actor_None_statement_01,raw,pair_0092_sad,24,01,sad,-8.628594405202616
23,statement,actor_None_statement_01,raw,pair_0093_happy,24,01,happy,-4.189460491500941
23,statement,actor_None_statement_01,raw,pair_0093_sad,24,01,sad,-5.215054570553669
23,statement,actor_None_statement_01,source_center_noop,pair_0000_happy,01,01,happy,-4.555473936547607
23,statement,actor_None_statement_01,source_center_noop,pair_0000_sad,01,01,sad,-4.805311082447123
23,statement,actor_None_statement_01,source_center_noop,pair_0001_happy,01,01,happy,-4.9294028545554
23,statement,actor_None_statement_01,source_center_noop,pair_0001_sad,01,01,sad,-1.9824933668533167
23,statement,actor_None_statement_01,source_center_noop,pair_0004_happy,02,01,happy,-2.824523236881457
23,statement,actor_None_statement_01,source_center_noop,pair_0004_sad,02,01,sad,-8.429342463304959
23,statement,actor_None_statement_01,source_center_noop,pair_0005_happy,02,01,happy,-7.340460999406785
23,statement,actor_None_statement_01,source_center_noop,pair_0005_sad,02,01,sad,-10.488719133618247
23,statement,actor_None_statement_01,source_center_noop,pair_0008_happy,03,01,happy,-1.3282426498187292
23,statement,actor_None_statement_01,source_center_noop,pair_0008_sad,03,01,sad,-6.623035826101083
23,statement,actor_None_statement_01,source_center_noop,pair_0009_happy,03,01,happy,-3.014694072794118
23,statement,actor_None_statement_01,source_center_noop,pair_0009_sad,03,01,sad,-10.251990360047426
23,statement,actor_None_statement_01,source_center_noop,pair_0012_happy,04,01,happy,-6.273478383817081
23,statement,actor_None_statement_01,source_center_noop,pair_0012_sad,04,01,sad,-4.611387753121771
23,statement,actor_None_statement_01,source_center_noop,pair_0013_happy,04,01,happy,-10.787495943154662
23,statement,actor_None_statement_01,source_center_noop,pair_0013_sad,04,01,sad,-7.206465224339167
23,statement,actor_None_statement_01,source_center_noop,pair_0016_happy,05,01,happy,-4.8588233284417495
23,statement,actor_None_statement_01,source_center_noop,pair_0016_sad,05,01,sad,-10.2760872347083
23,statement,actor_None_statement_01,source_center_noop,pair_0017_happy,05,01,happy,-5.3970431864298805
23,statement,actor_None_statement_01,source_center_noop,pair_0017_sad,05,01,sad,-4.372935418212259
23,statement,actor_None_statement_01,source_center_noop,pair_0020_happy,06,01,happy,-5.248553236015562
23,statement,actor_None_statement_01,source_center_noop,pair_0020_sad,06,01,sad,-7.654076454330735
23,statement,actor_None_statement_01,source_center_noop,pair_0021_happy,06,01,happy,-2.866048856964694
23,statement,actor_None_statement_01,source_center_noop,pair_0021_sad,06,01,sad,-7.551851605036077
23,statement,actor_None_statement_01,source_center_noop,pair_0024_happy,07,01,happy,-10.568962091530361
23,statement,actor_None_statement_01,source_center_noop,pair_0024_sad,07,01,sad,-0.9269349921218353
23,statement,actor_None_statement_01,source_center_noop,pair_0025_happy,07,01,happy,-6.754509291976218
23,statement,actor_None_statement_01,source_center_noop,pair_0025_sad,07,01,sad,-5.725118954445548
23,statement,actor_None_statement_01,source_center_noop,pair_0028_happy,08,01,happy,-3.644015021619042
23,statement,actor_None_statement_01,source_center_noop,pair_0028_sad,08,01,sad,-7.218539736210678
23,statement,actor_None_statement_01,source_center_noop,pair_0029_happy,08,01,happy,-5.684971990619049
23,statement,actor_None_statement_01,source_center_noop,pair_0029_sad,08,01,sad,-8.112806289396444
23,statement,actor_None_statement_01,source_center_noop,pair_0032_happy,09,01,happy,-9.259207091134524
23,statement,actor_None_statement_01,source_center_noop,pair_0032_sad,09,01,sad,-12.372973576738397
23,statement,actor_None_statement_01,source_center_noop,pair_0033_happy,09,01,happy,-22.308072575534908
23,statement,actor_None_statement_01,source_center_noop,pair_0033_sad,09,01,sad,-8.53577096233336
23,statement,actor_None_statement_01,source_center_noop,pair_0036_happy,10,01,happy,-4.8698041675973975
23,statement,actor_None_statement_01,source_center_noop,pair_0036_sad,10,01,sad,-7.485298108458087
23,statement,actor_None_statement_01,source_center_noop,pair_0037_happy,10,01,happy,-10.196124459481354
23,statement,actor_None_statement_01,source_center_noop,pair_0037_sad,10,01,sad,-5.652069162769225
23,statement,actor_None_statement_01,source_center_noop,pair_0040_happy,11,01,happy,-3.202026157848975
23,statement,actor_None_statement_01,source_center_noop,pair_0040_sad,11,01,sad,-11.983086973608799
23,statement,actor_None_statement_01,source_center_noop,pair_0041_happy,11,01,happy,-12.137728404613798
23,statement,actor_None_statement_01,source_center_noop,pair_0041_sad,11,01,sad,-8.26082931235827
23,statement,actor_None_statement_01,source_center_noop,pair_0044_happy,12,01,happy,-6.3598641586948
23,statement,actor_None_statement_01,source_center_noop,pair_0044_sad,12,01,sad,-7.702652987683843
23,statement,actor_None_statement_01,source_center_noop,pair_0045_happy,12,01,happy,-2.7018830527877755
23,statement,actor_None_statement_01,source_center_noop,pair_0045_sad,12,01,sad,-3.7990360709378086
23,statement,actor_None_statement_01,source_center_noop,pair_0048_happy,13,01,happy,-8.737162998358707
23,statement,actor_None_statement_01,source_center_noop,pair_0048_sad,13,01,sad,-7.579715219727669
23,statement,actor_None_statement_01,source_center_noop,pair_0049_happy,13,01,happy,-1.5593133709183455
23,statement,actor_None_statement_01,source_center_noop,pair_0049_sad,13,01,sad,-12.348348817169727
23,statement,actor_None_statement_01,source_center_noop,pair_0052_happy,14,01,happy,-6.898711944890644
23,statement,actor_None_statement_01,source_center_noop,pair_0052_sad,14,01,sad,-6.103648566509895
23,statement,actor_None_statement_01,source_center_noop,pair_0053_happy,14,01,happy,-3.7245298138667744
23,statement,actor_None_statement_01,source_center_noop,pair_0053_sad,14,01,sad,-1.2197064754330451
23,statement,actor_None_statement_01,source_center_noop,pair_0056_happy,15,01,happy,-1.5135767365234563
23,statement,actor_None_statement_01,source_center_noop,pair_0056_sad,15,01,sad,-16.701606608674552
23,statement,actor_None_statement_01,source_center_noop,pair_0057_happy,15,01,happy,-10.7430723537961
23,statement,actor_None_statement_01,source_center_noop,pair_0057_sad,15,01,sad,-4.863230282003839
23,statement,actor_None_statement_01,source_center_noop,pair_0060_happy,16,01,happy,-9.465821079362586
23,statement,actor_None_statement_01,source_center_noop,pair_0060_sad,16,01,sad,-8.419274177711005
23,statement,actor_None_statement_01,source_center_noop,pair_0061_happy,16,01,happy,-10.691287672035395
23,statement,actor_None_statement_01,source_center_noop,pair_0061_sad,16,01,sad,-3.9808684359202573
23,statement,actor_None_statement_01,source_center_noop,pair_0064_happy,17,01,happy,-9.97768446769492
23,statement,actor_None_statement_01,source_center_noop,pair_0064_sad,17,01,sad,-8.921146409221315
23,statement,actor_None_statement_01,source_center_noop,pair_0065_happy,17,01,happy,-5.412967292033962
23,statement,actor_None_statement_01,source_center_noop,pair_0065_sad,17,01,sad,-5.766183079192208
23,statement,actor_None_statement_01,source_center_noop,pair_0068_happy,18,01,happy,-3.9176017868025497
23,statement,actor_None_statement_01,source_center_noop,pair_0068_sad,18,01,sad,-12.200485361741185
23,statement,actor_None_statement_01,source_center_noop,pair_0069_happy,18,01,happy,-2.1761629503580204
23,statement,actor_None_statement_01,source_center_noop,pair_0069_sad,18,01,sad,-13.481426728530517
23,statement,actor_None_statement_01,source_center_noop,pair_0072_happy,19,01,happy,-7.088122109594101
23,statement,actor_None_statement_01,source_center_noop,pair_0072_sad,19,01,sad,-7.135782412597212
23,statement,actor_None_statement_01,source_center_noop,pair_0073_happy,19,01,happy,-6.755171999598659
23,statement,actor_None_statement_01,source_center_noop,pair_0073_sad,19,01,sad,-5.630086797558687
23,statement,actor_None_statement_01,source_center_noop,pair_0076_happy,20,01,happy,-10.525271020613605
23,statement,actor_None_statement_01,source_center_noop,pair_0076_sad,20,01,sad,-9.600705284215488
23,statement,actor_None_statement_01,source_center_noop,pair_0077_happy,20,01,happy,-6.733548615631053
23,statement,actor_None_statement_01,source_center_noop,pair_0077_sad,20,01,sad,-9.889614487143984
23,statement,actor_None_statement_01,source_center_noop,pair_0080_happy,21,01,happy,-0.6621690209550721
23,statement,actor_None_statement_01,source_center_noop,pair_0080_sad,21,01,sad,-4.701597633075728
23,statement,actor_None_statement_01,source_center_noop,pair_0081_happy,21,01,happy,-1.684075449086776
23,statement,actor_None_statement_01,source_center_noop,pair_0081_sad,21,01,sad,-6.708124636084042
23,statement,actor_None_statement_01,source_center_noop,pair_0084_happy,22,01,happy,-5.112195144277518
23,statement,actor_None_statement_01,source_center_noop,pair_0084_sad,22,01,sad,-10.795985875961067
23,statement,actor_None_statement_01,source_center_noop,pair_0085_happy,22,01,happy,-6.704419543472298
23,statement,actor_None_statement_01,source_center_noop,pair_0085_sad,22,01,sad,-9.402054274672993
23,statement,actor_None_statement_01,source_center_noop,pair_0088_happy,23,01,happy,-4.8183458315754875
23,statement,actor_None_statement_01,source_center_noop,pair_0088_sad,23,01,sad,-9.445339066842907
23,statement,actor_None_statement_01,source_center_noop,pair_0089_happy,23,01,happy,-5.1087201731411875
23,statement,actor_None_statement_01,source_center_noop,pair_0089_sad,23,01,sad,-5.627272692926357
23,statement,actor_None_statement_01,source_center_noop,pair_0092_happy,24,01,happy,-6.577908471901247
23,statement,actor_None_statement_01,source_center_noop,pair_0092_sad,24,01,sad,-8.628594405202616
23,statement,actor_None_statement_01,source_center_noop,pair_0093_happy,24,01,happy,-4.189460491500941
23,statement,actor_None_statement_01,source_center_noop,pair_0093_sad,24,01,sad,-5.215054570553669
23,statement,actor_None_statement_01,transductive_center,pair_0000_happy,01,01,happy,2.429112146383779
23,statement,actor_None_statement_01,transductive_center,pair_0000_sad,01,01,sad,2.179275000484263
23,statement,actor_None_statement_01,transductive_center,pair_0001_happy,01,01,happy,2.055183228375985
23,statement,actor_None_statement_01,transductive_center,pair_0001_sad,01,01,sad,5.002092716078069
23,statement,actor_None_statement_01,transductive_center,pair_0004_happy,02,01,happy,4.160062846049929
23,statement,actor_None_statement_01,transductive_center,pair_0004_sad,02,01,sad,-1.4447563803735735
23,statement,actor_None_statement_01,transductive_center,pair_0005_happy,02,01,happy,-0.3558749164753996
23,statement,actor_None_statement_01,transductive_center,pair_0005_sad,02,01,sad,-3.5041330506868613
23,statement,actor_None_statement_01,transductive_center,pair_0008_happy,03,01,happy,5.6563434331126565
23,statement,actor_None_statement_01,transductive_center,pair_0008_sad,03,01,sad,0.3615502568303022
23,statement,actor_None_statement_01,transductive_center,pair_0009_happy,03,01,happy,3.9698920101372677
23,statement,actor_None_statement_01,transductive_center,pair_0009_sad,03,01,sad,-3.2674042771160403
23,statement,actor_None_statement_01,transductive_center,pair_0012_happy,04,01,happy,0.7111076991143044
23,statement,actor_None_statement_01,transductive_center,pair_0012_sad,04,01,sad,2.3731983298096146
23,statement,actor_None_statement_01,transductive_center,pair_0013_happy,04,01,happy,-3.8029098602232763
23,statement,actor_None_statement_01,transductive_center,pair_0013_sad,04,01,sad,-0.22187914140778187
23,statement,actor_None_statement_01,transductive_center,pair_0016_happy,05,01,happy,2.125762754489636
23,statement,actor_None_statement_01,transductive_center,pair_0016_sad,05,01,sad,-3.291501151776914
23,statement,actor_None_statement_01,transductive_center,pair_0017_happy,05,01,happy,1.587542896501505
23,statement,actor_None_statement_01,transductive_center,pair_0017_sad,05,01,sad,2.611650664719127
23,statement,actor_None_statement_01,transductive_center,pair_0020_happy,06,01,happy,1.7360328469158235
23,statement,actor_None_statement_01,transductive_center,pair_0020_sad,06,01,sad,-0.6694903713993492
23,statement,actor_None_statement_01,transductive_center,pair_0021_happy,06,01,happy,4.1185372259666915
23,statement,actor_None_statement_01,transductive_center,pair_0021_sad,06,01,sad,-0.5672655221046918
23,statement,actor_None_statement_01,transductive_center,pair_0024_happy,07,01,happy,-3.5843760085989755
23,statement,actor_None_statement_01,transductive_center,pair_0024_sad,07,01,sad,6.05765109080955
23,statement,actor_None_statement_01,transductive_center,pair_0025_happy,07,01,happy,0.23007679095516753
23,statement,actor_None_statement_01,transductive_center,pair_0025_sad,07,01,sad,1.2594671284858379
23,statement,actor_None_statement_01,transductive_center,pair_0028_happy,08,01,happy,3.3405710613123434
23,statement,actor_None_statement_01,transductive_center,pair_0028_sad,08,01,sad,-0.23395365327929252
23,statement,actor_None_statement_01,transductive_center,pair_0029_happy,08,01,happy,1.2996140923123365
23,statement,actor_None_statement_01,transductive_center,pair_0029_sad,08,01,sad,-1.1282202064650582
23,statement,actor_None_statement_01,transductive_center,pair_0032_happy,09,01,happy,-2.2746210082031384
23,statement,actor_None_statement_01,transductive_center,pair_0032_sad,09,01,sad,-5.388387493807012
23,statement,actor_None_statement_01,transductive_center,pair_0033_happy,09,01,happy,-15.323486492603521
23,statement,actor_None_statement_01,transductive_center,pair_0033_sad,09,01,sad,-1.5511848794019754
23,statement,actor_None_statement_01,transductive_center,pair_0036_happy,10,01,happy,2.114781915333988
23,statement,actor_None_statement_01,transductive_center,pair_0036_sad,10,01,sad,-0.5007120255267017
23,statement,actor_None_statement_01,transductive_center,pair_0037_happy,10,01,happy,-3.211538376549968
23,statement,actor_None_statement_01,transductive_center,pair_0037_sad,10,01,sad,1.3325169201621607
23,statement,actor_None_statement_01,transductive_center,pair_0040_happy,11,01,happy,3.7825599250824107
23,statement,actor_None_statement_01,transductive_center,pair_0040_sad,11,01,sad,-4.9985008906774135
23,statement,actor_None_statement_01,transductive_center,pair_0041_happy,11,01,happy,-5.153142321682412
23,statement,actor_None_statement_01,transductive_center,pair_0041_sad,11,01,sad,-1.2762432294268846
23,statement,actor_None_statement_01,transductive_center,pair_0044_happy,12,01,happy,0.6247219242365851
23,statement,actor_None_statement_01,transductive_center,pair_0044_sad,12,01,sad,-0.7180669047524573
23,statement,actor_None_statement_01,transductive_center,pair_0045_happy,12,01,happy,4.28270303014361
23,statement,actor_None_statement_01,transductive_center,pair_0045_sad,12,01,sad,3.185550011993577
23,statement,actor_None_statement_01,transductive_center,pair_0048_happy,13,01,happy,-1.7525769154273219
23,statement,actor_None_statement_01,transductive_center,pair_0048_sad,13,01,sad,-0.5951291367962837
23,statement,actor_None_statement_01,transductive_center,pair_0049_happy,13,01,happy,5.42527271201304
23,statement,actor_None_statement_01,transductive_center,pair_0049_sad,13,01,sad,-5.363762734238342
23,statement,actor_None_statement_01,transductive_center,pair_0052_happy,14,01,happy,0.08587413804074107
23,statement,actor_None_statement_01,transductive_center,pair_0052_sad,14,01,sad,0.8809375164214908
23,statement,actor_None_statement_01,transductive_center,pair_0053_happy,14,01,happy,3.260056269064611
23,statement,actor_None_statement_01,transductive_center,pair_0053_sad,14,01,sad,5.76487960749834
23,statement,actor_None_statement_01,transductive_center,pair_0056_happy,15,01,happy,5.4710093464079295
23,statement,actor_None_statement_01,transductive_center,pair_0056_sad,15,01,sad,-9.717020525743166
23,statement,actor_None_statement_01,transductive_center,pair_0057_happy,15,01,happy,-3.758486270864714
23,statement,actor_None_statement_01,transductive_center,pair_0057_sad,15,01,sad,2.121355800927547
23,statement,actor_None_statement_01,transductive_center,pair_0060_happy,16,01,happy,-2.4812349964312004
23,statement,actor_None_statement_01,transductive_center,pair_0060_sad,16,01,sad,-1.4346880947796192
23,statement,actor_None_statement_01,transductive_center,pair_0061_happy,16,01,happy,-3.70670158910401
23,statement,actor_None_statement_01,transductive_center,pair_0061_sad,16,01,sad,3.003717647011128
23,statement,actor_None_statement_01,transductive_center,pair_0064_happy,17,01,happy,-2.9930983847635337
23,statement,actor_None_statement_01,transductive_center,pair_0064_sad,17,01,sad,-1.9365603262899294
23,statement,actor_None_statement_01,transductive_center,pair_0065_happy,17,01,happy,1.571618790897423
23,statement,actor_None_statement_01,transductive_center,pair_0065_sad,17,01,sad,1.2184030037391773
23,statement,actor_None_statement_01,transductive_center,pair_0068_happy,18,01,happy,3.066984296128836
23,statement,actor_None_statement_01,transductive_center,pair_0068_sad,18,01,sad,-5.2158992788097995
23,statement,actor_None_statement_01,transductive_center,pair_0069_happy,18,01,happy,4.808423132573365
23,statement,actor_None_statement_01,transductive_center,pair_0069_sad,18,01,sad,-6.496840645599131
23,statement,actor_None_statement_01,transductive_center,pair_0072_happy,19,01,happy,-0.10353602666271566
23,statement,actor_None_statement_01,transductive_center,pair_0072_sad,19,01,sad,-0.15119632966582675
23,statement,actor_None_statement_01,transductive_center,pair_0073_happy,19,01,happy,0.22941408333272673
23,statement,actor_None_statement_01,transductive_center,pair_0073_sad,19,01,sad,1.3544992853726985
23,statement,actor_None_statement_01,transductive_center,pair_0076_happy,20,01,happy,-3.5406849376822196
23,statement,actor_None_statement_01,transductive_center,pair_0076_sad,20,01,sad,-2.6161192012841026
23,statement,actor_None_statement_01,transductive_center,pair_0077_happy,20,01,happy,0.25103746730033283
23,statement,actor_None_statement_01,transductive_center,pair_0077_sad,20,01,sad,-2.9050284042125982
23,statement,actor_None_statement_01,transductive_center,pair_0080_happy,21,01,happy,6.322417061976314
23,statement,actor_None_statement_01,transductive_center,pair_0080_sad,21,01,sad,2.282988449855657
23,statement,actor_None_statement_01,transductive_center,pair_0081_happy,21,01,happy,5.30051063384461
23,statement,actor_None_statement_01,transductive_center,pair_0081_sad,21,01,sad,0.2764614468473434
23,statement,actor_None_statement_01,transductive_center,pair_0084_happy,22,01,happy,1.8723909386538677
23,statement,actor_None_statement_01,transductive_center,pair_0084_sad,22,01,sad,-3.8113997930296817
23,statement,actor_None_statement_01,transductive_center,pair_0085_happy,22,01,happy,0.28016653945908754
23,statement,actor_None_statement_01,transductive_center,pair_0085_sad,22,01,sad,-2.417468191741608
23,statement,actor_None_statement_01,transductive_center,pair_0088_happy,23,01,happy,2.166240251355898
23,statement,actor_None_statement_01,transductive_center,pair_0088_sad,23,01,sad,-2.4607529839115214
23,statement,actor_None_statement_01,transductive_center,pair_0089_happy,23,01,happy,1.875865909790198
23,statement,actor_None_statement_01,transductive_center,pair_0089_sad,23,01,sad,1.3573133900050287
23,statement,actor_None_statement_01,transductive_center,pair_0092_happy,24,01,happy,0.40667761103013866
23,statement,actor_None_statement_01,transductive_center,pair_0092_sad,24,01,sad,-1.6440083222712305
23,statement,actor_None_statement_01,transductive_center,pair_0093_happy,24,01,happy,2.7951255914304447
23,statement,actor_None_statement_01,transductive_center,pair_0093_sad,24,01,sad,1.7695315123777169
23,statement,actor_None_statement_02,raw,pair_0002_happy,01,02,happy,-12.728023492608333
23,statement,actor_None_statement_02,raw,pair_0002_sad,01,02,sad,-19.452341609787617
23,statement,actor_None_statement_02,raw,pair_0003_happy,01,02,happy,-18.483028720185196
23,statement,actor_None_statement_02,raw,pair_0003_sad,01,02,sad,-29.730158079232417
23,statement,actor_None_statement_02,raw,pair_0006_happy,02,02,happy,-22.08063123669823
23,statement,actor_None_statement_02,raw,pair_0006_sad,02,02,sad,-20.054170944005588
23,statement,actor_None_statement_02,raw,pair_0007_happy,02,02,happy,-17.741303143436696
23,statement,actor_None_statement_02,raw,pair_0007_sad,02,02,sad,-21.674813043998025
23,statement,actor_None_statement_02,raw,pair_0010_happy,03,02,happy,-27.751968064530814
23,statement,actor_None_statement_02,raw,pair_0010_sad,03,02,sad,-17.08463775148561
23,statement,actor_None_statement_02,raw,pair_0011_happy,03,02,happy,-33.8162555681633
23,statement,actor_None_statement_02,raw,pair_0011_sad,03,02,sad,-23.322877867080866
23,statement,actor_None_statement_02,raw,pair_0014_happy,04,02,happy,-15.673215440823192
23,statement,actor_None_statement_02,raw,pair_0014_sad,04,02,sad,-24.671828305507077
23,statement,actor_None_statement_02,raw,pair_0015_happy,04,02,happy,-18.98375111994895
23,statement,actor_None_statement_02,raw,pair_0015_sad,04,02,sad,-21.329167723609757
23,statement,actor_None_statement_02,raw,pair_0018_happy,05,02,happy,-19.15084575157692
23,statement,actor_None_statement_02,raw,pair_0018_sad,05,02,sad,-23.679330332070073
23,statement,actor_None_statement_02,raw,pair_0019_happy,05,02,happy,-10.265618615262284
23,statement,actor_None_statement_02,raw,pair_0019_sad,05,02,sad,-20.767963887959876
23,statement,actor_None_statement_02,raw,pair_0022_happy,06,02,happy,-14.803900254907187
23,statement,actor_None_statement_02,raw,pair_0022_sad,06,02,sad,-32.58456605624727
23,statement,actor_None_statement_02,raw,pair_0023_happy,06,02,happy,-9.792480531960127
23,statement,actor_None_statement_02,raw,pair_0023_sad,06,02,sad,-27.67304059686785
23,statement,actor_None_statement_02,raw,pair_0026_happy,07,02,happy,-12.128467702794733
23,statement,actor_None_statement_02,raw,pair_0026_sad,07,02,sad,-32.797294158601304
23,statement,actor_None_statement_02,raw,pair_0027_happy,07,02,happy,-12.128467702794733
23,statement,actor_None_statement_02,raw,pair_0027_sad,07,02,sad,-18.82557158529201
23,statement,actor_None_statement_02,raw,pair_0030_happy,08,02,happy,-23.540544261054514
23,statement,actor_None_statement_02,raw,pair_0030_sad,08,02,sad,9.90300125408002
23,statement,actor_None_statement_02,raw,pair_0031_happy,08,02,happy,-27.82370238939116
23,statement,actor_None_statement_02,raw,pair_0031_sad,08,02,sad,-41.40432881863156
23,statement,actor_None_statement_02,raw,pair_0034_happy,09,02,happy,-33.32935474013407
23,statement,actor_None_statement_02,raw,pair_0034_sad,09,02,sad,-31.172096754046812
23,statement,actor_None_statement_02,raw,pair_0035_happy,09,02,happy,-36.655423321713776
23,statement,actor_None_statement_02,raw,pair_0035_sad,09,02,sad,-3.035317868019929
23,statement,actor_None_statement_02,raw,pair_0038_happy,10,02,happy,-13.2204504973055
23,statement,actor_None_statement_02,raw,pair_0038_sad,10,02,sad,-21.66294730749961
23,statement,actor_None_statement_02,raw,pair_0039_happy,10,02,happy,-25.4141321150016
23,statement,actor_None_statement_02,raw,pair_0039_sad,10,02,sad,-20.121286758985214
23,statement,actor_None_statement_02,raw,pair_0042_happy,11,02,happy,-32.48956502818439
23,statement,actor_None_statement_02,raw,pair_0042_sad,11,02,sad,-32.887950413902374
23,statement,actor_None_statement_02,raw,pair_0043_happy,11,02,happy,-27.14966127251513
23,statement,actor_None_statement_02,raw,pair_0043_sad,11,02,sad,-33.57820067812688
23,statement,actor_None_statement_02,raw,pair_0046_happy,12,02,happy,-35.607668650757844
23,statement,actor_None_statement_02,raw,pair_0046_sad,12,02,sad,-25.244814321148674
23,statement,actor_None_statement_02,raw,pair_0047_happy,12,02,happy,-33.1055111236975
23,statement,actor_None_statement_02,raw,pair_0047_sad,12,02,sad,-28.743263770077185
23,statement,actor_None_statement_02,raw,pair_0050_happy,13,02,happy,-18.114863706786604
23,statement,actor_None_statement_02,raw,pair_0050_sad,13,02,sad,-22.98710623929616
23,statement,actor_None_statement_02,raw,pair_0051_happy,13,02,happy,-20.795031115472497
23,statement,actor_None_statement_02,raw,pair_0051_sad,13,02,sad,-15.409755512467605
23,statement,actor_None_statement_02,raw,pair_0054_happy,14,02,happy,-23.844494082306326
23,statement,actor_None_statement_02,raw,pair_0054_sad,14,02,sad,-32.64196702195501
23,statement,actor_None_statement_02,raw,pair_0055_happy,14,02,happy,-12.018092586600833
23,statement,actor_None_statement_02,raw,pair_0055_sad,14,02,sad,-32.225470761620585
23,statement,actor_None_statement_02,raw,pair_0058_happy,15,02,happy,-16.195127507530003
23,statement,actor_None_statement_02,raw,pair_0058_sad,15,02,sad,-22.186307709984128
23,statement,actor_None_statement_02,raw,pair_0059_happy,15,02,happy,-25.830733559792492
23,statement,actor_None_statement_02,raw,pair_0059_sad,15,02,sad,-12.108362906414907
23,statement,actor_None_statement_02,raw,pair_0062_happy,16,02,happy,-10.026957628676517
23,statement,actor_None_statement_02,raw,pair_0062_sad,16,02,sad,-17.689220221728647
23,statement,actor_None_statement_02,raw,pair_0063_happy,16,02,happy,-18.973991537619685
23,statement,actor_None_statement_02,raw,pair_0063_sad,16,02,sad,-20.5052305508393
23,statement,actor_None_statement_02,raw,pair_0066_happy,17,02,happy,-21.227819913366233
23,statement,actor_None_statement_02,raw,pair_0066_sad,17,02,sad,-25.6189349724319
23,statement,actor_None_statement_02,raw,pair_0067_happy,17,02,happy,-19.35721849722867
23,statement,actor_None_statement_02,raw,pair_0067_sad,17,02,sad,-20.273013658086015
23,statement,actor_None_statement_02,raw,pair_0070_happy,18,02,happy,-16.134336386008222
23,statement,actor_None_statement_02,raw,pair_0070_sad,18,02,sad,-26.745687656951006
23,statement,actor_None_statement_02,raw,pair_0071_happy,18,02,happy,-9.143511829368117
23,statement,actor_None_statement_02,raw,pair_0071_sad,18,02,sad,-34.142089113117244
23,statement,actor_None_statement_02,raw,pair_0074_happy,19,02,happy,-21.580515276237488
23,statement,actor_None_statement_02,raw,pair_0074_sad,19,02,sad,-15.019639209358974
23,statement,actor_None_statement_02,raw,pair_0075_happy,19,02,happy,-12.384892392484755
23,statement,actor_None_statement_02,raw,pair_0075_sad,19,02,sad,-23.551773897465345
23,statement,actor_None_statement_02,raw,pair_0078_happy,20,02,happy,-19.111241246304967
23,statement,actor_None_statement_02,raw,pair_0078_sad,20,02,sad,-18.27736302992071
23,statement,actor_None_statement_02,raw,pair_0079_happy,20,02,happy,-33.84349061527779
23,statement,actor_None_statement_02,raw,pair_0079_sad,20,02,sad,-15.100315419441667
23,statement,actor_None_statement_02,raw,pair_0082_happy,21,02,happy,-14.28545177394281
23,statement,actor_None_statement_02,raw,pair_0082_sad,21,02,sad,-28.207755895588306
23,statement,actor_None_statement_02,raw,pair_0083_happy,21,02,happy,-16.453090420398347
23,statement,actor_None_statement_02,raw,pair_0083_sad,21,02,sad,-22.244186171813983
23,statement,actor_None_statement_02,raw,pair_0086_happy,22,02,happy,-12.968058803910509
23,statement,actor_None_statement_02,raw,pair_0086_sad,22,02,sad,-22.94058316718617
23,statement,actor_None_statement_02,raw,pair_0087_happy,22,02,happy,-12.740020365469693
23,statement,actor_None_statement_02,raw,pair_0087_sad,22,02,sad,-25.375294348237688
23,statement,actor_None_statement_02,raw,pair_0090_happy,23,02,happy,-19.582186210557886
23,statement,actor_None_statement_02,raw,pair_0090_sad,23,02,sad,-24.220221913974935
23,statement,actor_None_statement_02,raw,pair_0091_happy,23,02,happy,-17.050169405247622
23,statement,actor_None_statement_02,raw,pair_0091_sad,23,02,sad,-20.193961025255113
23,statement,actor_None_statement_02,raw,pair_0094_happy,24,02,happy,-19.615180686485026
23,statement,actor_None_statement_02,raw,pair_0094_sad,24,02,sad,-23.259777825324832
23,statement,actor_None_statement_02,raw,pair_0095_happy,24,02,happy,-15.137446749609985
23,statement,actor_None_statement_02,raw,pair_0095_sad,24,02,sad,-22.406487673757987
23,statement,actor_None_statement_02,source_center_noop,pair_0002_happy,01,02,happy,-12.728023492608333
23,statement,actor_None_statement_02,source_center_noop,pair_0002_sad,01,02,sad,-19.452341609787617
23,statement,actor_None_statement_02,source_center_noop,pair_0003_happy,01,02,happy,-18.483028720185196
23,statement,actor_None_statement_02,source_center_noop,pair_0003_sad,01,02,sad,-29.730158079232417
23,statement,actor_None_statement_02,source_center_noop,pair_0006_happy,02,02,happy,-22.08063123669823
23,statement,actor_None_statement_02,source_center_noop,pair_0006_sad,02,02,sad,-20.054170944005588
23,statement,actor_None_statement_02,source_center_noop,pair_0007_happy,02,02,happy,-17.741303143436696
23,statement,actor_None_statement_02,source_center_noop,pair_0007_sad,02,02,sad,-21.674813043998025
23,statement,actor_None_statement_02,source_center_noop,pair_0010_happy,03,02,happy,-27.751968064530814
23,statement,actor_None_statement_02,source_center_noop,pair_0010_sad,03,02,sad,-17.08463775148561
23,statement,actor_None_statement_02,source_center_noop,pair_0011_happy,03,02,happy,-33.8162555681633
23,statement,actor_None_statement_02,source_center_noop,pair_0011_sad,03,02,sad,-23.322877867080866
23,statement,actor_None_statement_02,source_center_noop,pair_0014_happy,04,02,happy,-15.673215440823192
23,statement,actor_None_statement_02,source_center_noop,pair_0014_sad,04,02,sad,-24.671828305507077
23,statement,actor_None_statement_02,source_center_noop,pair_0015_happy,04,02,happy,-18.98375111994895
23,statement,actor_None_statement_02,source_center_noop,pair_0015_sad,04,02,sad,-21.329167723609757
23,statement,actor_None_statement_02,source_center_noop,pair_0018_happy,05,02,happy,-19.15084575157692
23,statement,actor_None_statement_02,source_center_noop,pair_0018_sad,05,02,sad,-23.679330332070073
23,statement,actor_None_statement_02,source_center_noop,pair_0019_happy,05,02,happy,-10.265618615262284
23,statement,actor_None_statement_02,source_center_noop,pair_0019_sad,05,02,sad,-20.767963887959876
23,statement,actor_None_statement_02,source_center_noop,pair_0022_happy,06,02,happy,-14.803900254907187
23,statement,actor_None_statement_02,source_center_noop,pair_0022_sad,06,02,sad,-32.58456605624727
23,statement,actor_None_statement_02,source_center_noop,pair_0023_happy,06,02,happy,-9.792480531960127
23,statement,actor_None_statement_02,source_center_noop,pair_0023_sad,06,02,sad,-27.67304059686785
23,statement,actor_None_statement_02,source_center_noop,pair_0026_happy,07,02,happy,-12.128467702794733
23,statement,actor_None_statement_02,source_center_noop,pair_0026_sad,07,02,sad,-32.797294158601304
23,statement,actor_None_statement_02,source_center_noop,pair_0027_happy,07,02,happy,-12.128467702794733
23,statement,actor_None_statement_02,source_center_noop,pair_0027_sad,07,02,sad,-18.82557158529201
23,statement,actor_None_statement_02,source_center_noop,pair_0030_happy,08,02,happy,-23.540544261054514
23,statement,actor_None_statement_02,source_center_noop,pair_0030_sad,08,02,sad,9.90300125408002
23,statement,actor_None_statement_02,source_center_noop,pair_0031_happy,08,02,happy,-27.82370238939116
23,statement,actor_None_statement_02,source_center_noop,pair_0031_sad,08,02,sad,-41.40432881863156
23,statement,actor_None_statement_02,source_center_noop,pair_0034_happy,09,02,happy,-33.32935474013407
23,statement,actor_None_statement_02,source_center_noop,pair_0034_sad,09,02,sad,-31.172096754046812
23,statement,actor_None_statement_02,source_center_noop,pair_0035_happy,09,02,happy,-36.655423321713776
23,statement,actor_None_statement_02,source_center_noop,pair_0035_sad,09,02,sad,-3.035317868019929
23,statement,actor_None_statement_02,source_center_noop,pair_0038_happy,10,02,happy,-13.2204504973055
23,statement,actor_None_statement_02,source_center_noop,pair_0038_sad,10,02,sad,-21.66294730749961
23,statement,actor_None_statement_02,source_center_noop,pair_0039_happy,10,02,happy,-25.4141321150016
23,statement,actor_None_statement_02,source_center_noop,pair_0039_sad,10,02,sad,-20.121286758985214
23,statement,actor_None_statement_02,source_center_noop,pair_0042_happy,11,02,happy,-32.48956502818439
23,statement,actor_None_statement_02,source_center_noop,pair_0042_sad,11,02,sad,-32.887950413902374
23,statement,actor_None_statement_02,source_center_noop,pair_0043_happy,11,02,happy,-27.14966127251513
23,statement,actor_None_statement_02,source_center_noop,pair_0043_sad,11,02,sad,-33.57820067812688
23,statement,actor_None_statement_02,source_center_noop,pair_0046_happy,12,02,happy,-35.607668650757844
23,statement,actor_None_statement_02,source_center_noop,pair_0046_sad,12,02,sad,-25.244814321148674
23,statement,actor_None_statement_02,source_center_noop,pair_0047_happy,12,02,happy,-33.1055111236975
23,statement,actor_None_statement_02,source_center_noop,pair_0047_sad,12,02,sad,-28.743263770077185
23,statement,actor_None_statement_02,source_center_noop,pair_0050_happy,13,02,happy,-18.114863706786604
23,statement,actor_None_statement_02,source_center_noop,pair_0050_sad,13,02,sad,-22.98710623929616
23,statement,actor_None_statement_02,source_center_noop,pair_0051_happy,13,02,happy,-20.795031115472497
23,statement,actor_None_statement_02,source_center_noop,pair_0051_sad,13,02,sad,-15.409755512467605
23,statement,actor_None_statement_02,source_center_noop,pair_0054_happy,14,02,happy,-23.844494082306326
23,statement,actor_None_statement_02,source_center_noop,pair_0054_sad,14,02,sad,-32.64196702195501
23,statement,actor_None_statement_02,source_center_noop,pair_0055_happy,14,02,happy,-12.018092586600833
23,statement,actor_None_statement_02,source_center_noop,pair_0055_sad,14,02,sad,-32.225470761620585
23,statement,actor_None_statement_02,source_center_noop,pair_0058_happy,15,02,happy,-16.195127507530003
23,statement,actor_None_statement_02,source_center_noop,pair_0058_sad,15,02,sad,-22.186307709984128
23,statement,actor_None_statement_02,source_center_noop,pair_0059_happy,15,02,happy,-25.830733559792492
23,statement,actor_None_statement_02,source_center_noop,pair_0059_sad,15,02,sad,-12.108362906414907
23,statement,actor_None_statement_02,source_center_noop,pair_0062_happy,16,02,happy,-10.026957628676517
23,statement,actor_None_statement_02,source_center_noop,pair_0062_sad,16,02,sad,-17.689220221728647
23,statement,actor_None_statement_02,source_center_noop,pair_0063_happy,16,02,happy,-18.973991537619685
23,statement,actor_None_statement_02,source_center_noop,pair_0063_sad,16,02,sad,-20.5052305508393
23,statement,actor_None_statement_02,source_center_noop,pair_0066_happy,17,02,happy,-21.227819913366233
23,statement,actor_None_statement_02,source_center_noop,pair_0066_sad,17,02,sad,-25.6189349724319
23,statement,actor_None_statement_02,source_center_noop,pair_0067_happy,17,02,happy,-19.35721849722867
23,statement,actor_None_statement_02,source_center_noop,pair_0067_sad,17,02,sad,-20.273013658086015
23,statement,actor_None_statement_02,source_center_noop,pair_0070_happy,18,02,happy,-16.134336386008222
23,statement,actor_None_statement_02,source_center_noop,pair_0070_sad,18,02,sad,-26.745687656951006
23,statement,actor_None_statement_02,source_center_noop,pair_0071_happy,18,02,happy,-9.143511829368117
23,statement,actor_None_statement_02,source_center_noop,pair_0071_sad,18,02,sad,-34.142089113117244
23,statement,actor_None_statement_02,source_center_noop,pair_0074_happy,19,02,happy,-21.580515276237488
23,statement,actor_None_statement_02,source_center_noop,pair_0074_sad,19,02,sad,-15.019639209358974
23,statement,actor_None_statement_02,source_center_noop,pair_0075_happy,19,02,happy,-12.384892392484755
23,statement,actor_None_statement_02,source_center_noop,pair_0075_sad,19,02,sad,-23.551773897465345
23,statement,actor_None_statement_02,source_center_noop,pair_0078_happy,20,02,happy,-19.111241246304967
23,statement,actor_None_statement_02,source_center_noop,pair_0078_sad,20,02,sad,-18.27736302992071
23,statement,actor_None_statement_02,source_center_noop,pair_0079_happy,20,02,happy,-33.84349061527779
23,statement,actor_None_statement_02,source_center_noop,pair_0079_sad,20,02,sad,-15.100315419441667
23,statement,actor_None_statement_02,source_center_noop,pair_0082_happy,21,02,happy,-14.28545177394281
23,statement,actor_None_statement_02,source_center_noop,pair_0082_sad,21,02,sad,-28.207755895588306
23,statement,actor_None_statement_02,source_center_noop,pair_0083_happy,21,02,happy,-16.453090420398347
23,statement,actor_None_statement_02,source_center_noop,pair_0083_sad,21,02,sad,-22.244186171813983
23,statement,actor_None_statement_02,source_center_noop,pair_0086_happy,22,02,happy,-12.968058803910509
23,statement,actor_None_statement_02,source_center_noop,pair_0086_sad,22,02,sad,-22.94058316718617
23,statement,actor_None_statement_02,source_center_noop,pair_0087_happy,22,02,happy,-12.740020365469693
23,statement,actor_None_statement_02,source_center_noop,pair_0087_sad,22,02,sad,-25.375294348237688
23,statement,actor_None_statement_02,source_center_noop,pair_0090_happy,23,02,happy,-19.582186210557886
23,statement,actor_None_statement_02,source_center_noop,pair_0090_sad,23,02,sad,-24.220221913974935
23,statement,actor_None_statement_02,source_center_noop,pair_0091_happy,23,02,happy,-17.050169405247622
23,statement,actor_None_statement_02,source_center_noop,pair_0091_sad,23,02,sad,-20.193961025255113
23,statement,actor_None_statement_02,source_center_noop,pair_0094_happy,24,02,happy,-19.615180686485026
23,statement,actor_None_statement_02,source_center_noop,pair_0094_sad,24,02,sad,-23.259777825324832
23,statement,actor_None_statement_02,source_center_noop,pair_0095_happy,24,02,happy,-15.137446749609985
23,statement,actor_None_statement_02,source_center_noop,pair_0095_sad,24,02,sad,-22.406487673757987
23,statement,actor_None_statement_02,transductive_center,pair_0002_happy,01,02,happy,8.606744087383827
23,statement,actor_None_statement_02,transductive_center,pair_0002_sad,01,02,sad,1.8824259702045438
23,statement,actor_None_statement_02,transductive_center,pair_0003_happy,01,02,happy,2.8517388598069644
23,statement,actor_None_statement_02,transductive_center,pair_0003_sad,01,02,sad,-8.395390499240257
23,statement,actor_None_statement_02,transductive_center,pair_0006_happy,02,02,happy,-0.7458636567060708
23,statement,actor_None_statement_02,transductive_center,pair_0006_sad,02,02,sad,1.2805966359865728
23,statement,actor_None_statement_02,transductive_center,pair_0007_happy,02,02,happy,3.5934644365554647
23,statement,actor_None_statement_02,transductive_center,pair_0007_sad,02,02,sad,-0.3400454640058648
23,statement,actor_None_statement_02,transductive_center,pair_0010_happy,03,02,happy,-6.417200484538654
23,statement,actor_None_statement_02,transductive_center,pair_0010_sad,03,02,sad,4.250129828506552
23,statement,actor_None_statement_02,transductive_center,pair_0011_happy,03,02,happy,-12.48148798817114
23,statement,actor_None_statement_02,transductive_center,pair_0011_sad,03,02,sad,-1.9881102870887055
23,statement,actor_None_statement_02,transductive_center,pair_0014_happy,04,02,happy,5.661552139168968
23,statement,actor_None_statement_02,transductive_center,pair_0014_sad,04,02,sad,-3.3370607255149167
23,statement,actor_None_statement_02,transductive_center,pair_0015_happy,04,02,happy,2.351016460043212
23,statement,actor_None_statement_02,transductive_center,pair_0015_sad,04,02,sad,0.005599856382403345
23,statement,actor_None_statement_02,transductive_center,pair_0018_happy,05,02,happy,2.18392182841524
23,statement,actor_None_statement_02,transductive_center,pair_0018_sad,05,02,sad,-2.3445627520779126
23,statement,actor_None_statement_02,transductive_center,pair_0019_happy,05,02,happy,11.069148964729877
23,statement,actor_None_statement_02,transductive_center,pair_0019_sad,05,02,sad,0.5668036920322841
23,statement,actor_None_statement_02,transductive_center,pair_0022_happy,06,02,happy,6.530867325084973
23,statement,actor_None_statement_02,transductive_center,pair_0022_sad,06,02,sad,-11.249798476255108
23,statement,actor_None_statement_02,transductive_center,pair_0023_happy,06,02,happy,11.542287048032033
23,statement,actor_None_statement_02,transductive_center,pair_0023_sad,06,02,sad,-6.338273016875689
23,statement,actor_None_statement_02,transductive_center,pair_0026_happy,07,02,happy,9.206299877197427
23,statement,actor_None_statement_02,transductive_center,pair_0026_sad,07,02,sad,-11.462526578609143
23,statement,actor_None_statement_02,transductive_center,pair_0027_happy,07,02,happy,9.206299877197427
23,statement,actor_None_statement_02,transductive_center,pair_0027_sad,07,02,sad,2.50919599470015
23,statement,actor_None_statement_02,transductive_center,pair_0030_happy,08,02,happy,-2.2057766810623534
23,statement,actor_None_statement_02,transductive_center,pair_0030_sad,08,02,sad,31.23776883407218
23,statement,actor_None_statement_02,transductive_center,pair_0031_happy,08,02,happy,-6.488934809398998
23,statement,actor_None_statement_02,transductive_center,pair_0031_sad,08,02,sad,-20.069561238639402
23,statement,actor_None_statement_02,transductive_center,pair_0034_happy,09,02,happy,-11.994587160141911
23,statement,actor_None_statement_02,transductive_center,pair_0034_sad,09,02,sad,-9.837329174054652
23,statement,actor_None_statement_02,transductive_center,pair_0035_happy,09,02,happy,-15.320655741721616
23,statement,actor_None_statement_02,transductive_center,pair_0035_sad,09,02,sad,18.29944971197223
23,statement,actor_None_statement_02,transductive_center,pair_0038_happy,10,02,happy,8.11431708268666
23,statement,actor_None_statement_02,transductive_center,pair_0038_sad,10,02,sad,-0.3281797275074503
23,statement,actor_None_statement_02,transductive_center,pair_0039_happy,10,02,happy,-4.079364535009439
23,statement,actor_None_statement_02,transductive_center,pair_0039_sad,10,02,sad,1.2134808210069465
23,statement,actor_None_statement_02,transductive_center,pair_0042_happy,11,02,happy,-11.154797448192227
23,statement,actor_None_statement_02,transductive_center,pair_0042_sad,11,02,sad,-11.553182833910213
23,statement,actor_None_statement_02,transductive_center,pair_0043_happy,11,02,happy,-5.814893692522968
23,statement,actor_None_statement_02,transductive_center,pair_0043_sad,11,02,sad,-12.243433098134723
23,statement,actor_None_statement_02,transductive_center,pair_0046_happy,12,02,happy,-14.272901070765684
23,statement,actor_None_statement_02,transductive_center,pair_0046_sad,12,02,sad,-3.9100467411565134
23,statement,actor_None_statement_02,transductive_center,pair_0047_happy,12,02,happy,-11.770743543705336
23,statement,actor_None_statement_02,transductive_center,pair_0047_sad,12,02,sad,-7.408496190085025
23,statement,actor_None_statement_02,transductive_center,pair_0050_happy,13,02,happy,3.2199038732055563
23,statement,actor_None_statement_02,transductive_center,pair_0050_sad,13,02,sad,-1.6523386593040001
23,statement,actor_None_statement_02,transductive_center,pair_0051_happy,13,02,happy,0.5397364645196632
23,statement,actor_None_statement_02,transductive_center,pair_0051_sad,13,02,sad,5.9250120675245554
23,statement,actor_None_statement_02,transductive_center,pair_0054_happy,14,02,happy,-2.509726502314166
23,statement,actor_None_statement_02,transductive_center,pair_0054_sad,14,02,sad,-11.307199441962851
23,statement,actor_None_statement_02,transductive_center,pair_0055_happy,14,02,happy,9.316674993391327
23,statement,actor_None_statement_02,transductive_center,pair_0055_sad,14,02,sad,-10.890703181628425
23,statement,actor_None_statement_02,transductive_center,pair_0058_happy,15,02,happy,5.139640072462157
23,statement,actor_None_statement_02,transductive_center,pair_0058_sad,15,02,sad,-0.8515401299919674
23,statement,actor_None_statement_02,transductive_center,pair_0059_happy,15,02,happy,-4.4959659798003315
23,statement,actor_None_statement_02,transductive_center,pair_0059_sad,15,02,sad,9.226404673577253
23,statement,actor_None_statement_02,transductive_center,pair_0062_happy,16,02,happy,11.307809951315644
23,statement,actor_None_statement_02,transductive_center,pair_0062_sad,16,02,sad,3.6455473582635136
23,statement,actor_None_statement_02,transductive_center,pair_0063_happy,16,02,happy,2.360776042372475
23,statement,actor_None_statement_02,transductive_center,pair_0063_sad,16,02,sad,0.8295370291528599
23,statement,actor_None_statement_02,transductive_center,pair_0066_happy,17,02,happy,0.1069476666259277
23,statement,actor_None_statement_02,transductive_center,pair_0066_sad,17,02,sad,-4.284167392439741
23,statement,actor_None_statement_02,transductive_center,pair_0067_happy,17,02,happy,1.9775490827634918
23,statement,actor_None_statement_02,transductive_center,pair_0067_sad,17,02,sad,1.0617539219061456
23,statement,actor_None_statement_02,transductive_center,pair_0070_happy,18,02,happy,5.200431193983938
23,statement,actor_None_statement_02,transductive_center,pair_0070_sad,18,02,sad,-5.4109200769588455
23,statement,actor_None_statement_02,transductive_center,pair_0071_happy,18,02,happy,12.191255750624043
23,statement,actor_None_statement_02,transductive_center,pair_0071_sad,18,02,sad,-12.807321533125084
23,statement,actor_None_statement_02,transductive_center,pair_0074_happy,19,02,happy,-0.24574769624532777
23,statement,actor_None_statement_02,transductive_center,pair_0074_sad,19,02,sad,6.315128370633186
23,statement,actor_None_statement_02,transductive_center,pair_0075_happy,19,02,happy,8.949875187507406
23,statement,actor_None_statement_02,transductive_center,pair_0075_sad,19,02,sad,-2.217006317473185
23,statement,actor_None_statement_02,transductive_center,pair_0078_happy,20,02,happy,2.223526333687193
23,statement,actor_None_statement_02,transductive_center,pair_0078_sad,20,02,sad,3.0574045500714497
23,statement,actor_None_statement_02,transductive_center,pair_0079_happy,20,02,happy,-12.508723035285627
23,statement,actor_None_statement_02,transductive_center,pair_0079_sad,20,02,sad,6.234452160550493
23,statement,actor_None_statement_02,transductive_center,pair_0082_happy,21,02,happy,7.04931580604935
23,statement,actor_None_statement_02,transductive_center,pair_0082_sad,21,02,sad,-6.872988315596146
23,statement,actor_None_statement_02,transductive_center,pair_0083_happy,21,02,happy,4.8816771595938135
23,statement,actor_None_statement_02,transductive_center,pair_0083_sad,21,02,sad,-0.9094185918218223
23,statement,actor_None_statement_02,transductive_center,pair_0086_happy,22,02,happy,8.366708776081651
23,statement,actor_None_statement_02,transductive_center,pair_0086_sad,22,02,sad,-1.6058155871940087
23,statement,actor_None_statement_02,transductive_center,pair_0087_happy,22,02,happy,8.594747214522467
23,statement,actor_None_statement_02,transductive_center,pair_0087_sad,22,02,sad,-4.0405267682455275
23,statement,actor_None_statement_02,transductive_center,pair_0090_happy,23,02,happy,1.7525813694342744
23,statement,actor_None_statement_02,transductive_center,pair_0090_sad,23,02,sad,-2.885454333982775
23,statement,actor_None_statement_02,transductive_center,pair_0091_happy,23,02,happy,4.284598174744538
23,statement,actor_None_statement_02,transductive_center,pair_0091_sad,23,02,sad,1.140806554737047
23,statement,actor_None_statement_02,transductive_center,pair_0094_happy,24,02,happy,1.7195868935071346
23,statement,actor_None_statement_02,transductive_center,pair_0094_sad,24,02,sad,-1.9250102453326718
23,statement,actor_None_statement_02,transductive_center,pair_0095_happy,24,02,happy,6.197320830382175
23,statement,actor_None_statement_02,transductive_center,pair_0095_sad,24,02,sad,-1.0717200937658262
23,joint,actor_01_statement_01,raw,pair_0000_happy,01,01,happy,-6.469883593857423
23,joint,actor_01_statement_01,raw,pair_0000_sad,01,01,sad,-5.222469055222924
23,joint,actor_01_statement_01,raw,pair_0001_happy,01,01,happy,-5.039847641290966
23,joint,actor_01_statement_01,raw,pair_0001_sad,01,01,sad,-2.5406745272533175
23,joint,actor_01_statement_01,source_center_noop,pair_0000_happy,01,01,happy,-6.469883593857423
23,joint,actor_01_statement_01,source_center_noop,pair_0000_sad,01,01,sad,-5.222469055222924
23,joint,actor_01_statement_01,source_center_noop,pair_0001_happy,01,01,happy,-5.039847641290966
23,joint,actor_01_statement_01,source_center_noop,pair_0001_sad,01,01,sad,-2.5406745272533175
23,joint,actor_01_statement_01,independent_center,pair_0000_happy,01,01,happy,0.4967940868571574
23,joint,actor_01_statement_01,independent_center,pair_0000_sad,01,01,sad,1.7442086254916562
23,joint,actor_01_statement_01,independent_center,pair_0001_happy,01,01,happy,1.9268300394236144
23,joint,actor_01_statement_01,independent_center,pair_0001_sad,01,01,sad,4.426003153461263
23,joint,actor_01_statement_01,independent_rank1,pair_0000_happy,01,01,happy,0.49689666329565485
23,joint,actor_01_statement_01,independent_rank1,pair_0000_sad,01,01,sad,1.0442711607381736
23,joint,actor_01_statement_01,independent_rank1,pair_0001_happy,01,01,happy,2.7048432519034558
23,joint,actor_01_statement_01,independent_rank1,pair_0001_sad,01,01,sad,4.435173620370436
23,joint,actor_01_statement_02,raw,pair_0002_happy,01,02,happy,-13.0603789438969
23,joint,actor_01_statement_02,raw,pair_0002_sad,01,02,sad,-20.881655131671018
23,joint,actor_01_statement_02,raw,pair_0003_happy,01,02,happy,-17.781602283039557
23,joint,actor_01_statement_02,raw,pair_0003_sad,01,02,sad,-28.657298227240773
23,joint,actor_01_statement_02,source_center_noop,pair_0002_happy,01,02,happy,-13.0603789438969
23,joint,actor_01_statement_02,source_center_noop,pair_0002_sad,01,02,sad,-20.881655131671018
23,joint,actor_01_statement_02,source_center_noop,pair_0003_happy,01,02,happy,-17.781602283039557
23,joint,actor_01_statement_02,source_center_noop,pair_0003_sad,01,02,sad,-28.657298227240773
23,joint,actor_01_statement_02,independent_center,pair_0002_happy,01,02,happy,7.405078875125415
23,joint,actor_01_statement_02,independent_center,pair_0002_sad,01,02,sad,-0.41619731264870197
23,joint,actor_01_statement_02,independent_center,pair_0003_happy,01,02,happy,2.683855535982758
23,joint,actor_01_statement_02,independent_center,pair_0003_sad,01,02,sad,-8.191840408218457
23,joint,actor_01_statement_02,independent_rank1,pair_0002_happy,01,02,happy,8.261919813577864
23,joint,actor_01_statement_02,independent_rank1,pair_0002_sad,01,02,sad,-1.6731940806722676
23,joint,actor_01_statement_02,independent_rank1,pair_0003_happy,01,02,happy,3.949662919665018
23,joint,actor_01_statement_02,independent_rank1,pair_0003_sad,01,02,sad,-8.415411583540159
23,joint,actor_02_statement_01,raw,pair_0004_happy,02,01,happy,-3.1032603350603942
23,joint,actor_02_statement_01,raw,pair_0004_sad,02,01,sad,-8.641832823653607
23,joint,actor_02_statement_01,raw,pair_0005_happy,02,01,happy,-7.796831414537053
23,joint,actor_02_statement_01,raw,pair_0005_sad,02,01,sad,-10.651583989535041
23,joint,actor_02_statement_01,source_center_noop,pair_0004_happy,02,01,happy,-3.1032603350603942
23,joint,actor_02_statement_01,source_center_noop,pair_0004_sad,02,01,sad,-8.641832823653607
23,joint,actor_02_statement_01,source_center_noop,pair_0005_happy,02,01,happy,-7.796831414537053
23,joint,actor_02_statement_01,source_center_noop,pair_0005_sad,02,01,sad,-10.651583989535041
23,joint,actor_02_statement_01,independent_center,pair_0004_happy,02,01,happy,4.105934988159758
23,joint,actor_02_statement_01,independent_center,pair_0004_sad,02,01,sad,-1.4326375004334544
23,joint,actor_02_statement_01,independent_center,pair_0005_happy,02,01,happy,-0.5876360913169005
23,joint,actor_02_statement_01,independent_center,pair_0005_sad,02,01,sad,-3.442388666314889
23,joint,actor_02_statement_01,independent_rank1,pair_0004_happy,02,01,happy,4.331551162757654
23,joint,actor_02_statement_01,independent_rank1,pair_0004_sad,02,01,sad,-2.2972874749763417
23,joint,actor_02_statement_01,independent_rank1,pair_0005_happy,02,01,happy,-0.9450791168570749
23,joint,actor_02_statement_01,independent_rank1,pair_0005_sad,02,01,sad,-4.177006188441133
23,joint,actor_02_statement_02,raw,pair_0006_happy,02,02,happy,-24.08071501578341
23,joint,actor_02_statement_02,raw,pair_0006_sad,02,02,sad,-21.852956073301677
23,joint,actor_02_statement_02,raw,pair_0007_happy,02,02,happy,-20.193904612458255
23,joint,actor_02_statement_02,raw,pair_0007_sad,02,02,sad,-24.400912813339602
23,joint,actor_02_statement_02,source_center_noop,pair_0006_happy,02,02,happy,-24.08071501578341
23,joint,actor_02_statement_02,source_center_noop,pair_0006_sad,02,02,sad,-21.852956073301677
23,joint,actor_02_statement_02,source_center_noop,pair_0007_happy,02,02,happy,-20.193904612458255
23,joint,actor_02_statement_02,source_center_noop,pair_0007_sad,02,02,sad,-24.400912813339602
23,joint,actor_02_statement_02,independent_center,pair_0006_happy,02,02,happy,-0.6130312734525134
23,joint,actor_02_statement_02,independent_center,pair_0006_sad,02,02,sad,1.6147276690292216
23,joint,actor_02_statement_02,independent_center,pair_0007_happy,02,02,happy,3.2737791298726435
23,joint,actor_02_statement_02,independent_center,pair_0007_sad,02,02,sad,-0.9332290710087037
23,joint,actor_02_statement_02,independent_rank1,pair_0006_happy,02,02,happy,1.9545718750913679
23,joint,actor_02_statement_02,independent_rank1,pair_0006_sad,02,02,sad,1.5756760962144014
23,joint,actor_02_statement_02,independent_rank1,pair_0007_happy,02,02,happy,4.84103311763959
23,joint,actor_02_statement_02,independent_rank1,pair_0007_sad,02,02,sad,-0.3696159842823299
23,joint,actor_03_statement_01,raw,pair_0008_happy,03,01,happy,0.5291281142633384
23,joint,actor_03_statement_01,raw,pair_0008_sad,03,01,sad,-4.984787744821094
23,joint,actor_03_statement_01,raw,pair_0009_happy,03,01,happy,-1.5028816279541575
23,joint,actor_03_statement_01,raw,pair_0009_sad,03,01,sad,-9.350593299498026
23,joint,actor_03_statement_01,source_center_noop,pair_0008_happy,03,01,happy,0.5291281142633384
23,joint,actor_03_statement_01,source_center_noop,pair_0008_sad,03,01,sad,-4.984787744821094
23,joint,actor_03_statement_01,source_center_noop,pair_0009_happy,03,01,happy,-1.5028816279541575
23,joint,actor_03_statement_01,source_center_noop,pair_0009_sad,03,01,sad,-9.350593299498026
23,joint,actor_03_statement_01,independent_center,pair_0008_happy,03,01,happy,6.636895016012175
23,joint,actor_03_statement_01,independent_center,pair_0008_sad,03,01,sad,1.1229791569277419
23,joint,actor_03_statement_01,independent_center,pair_0009_happy,03,01,happy,4.604885273794679
23,joint,actor_03_statement_01,independent_center,pair_0009_sad,03,01,sad,-3.24282639774919
23,joint,actor_03_statement_01,independent_rank1,pair_0008_happy,03,01,happy,6.289436739112756
23,joint,actor_03_statement_01,independent_rank1,pair_0008_sad,03,01,sad,0.9447282382944007
23,joint,actor_03_statement_01,independent_rank1,pair_0009_happy,03,01,happy,5.216360288266821
23,joint,actor_03_statement_01,independent_rank1,pair_0009_sad,03,01,sad,-3.5135219414882286
23,joint,actor_03_statement_02,raw,pair_0010_happy,03,02,happy,-33.421073826468884
23,joint,actor_03_statement_02,raw,pair_0010_sad,03,02,sad,-22.916178765936028
23,joint,actor_03_statement_02,raw,pair_0011_happy,03,02,happy,-37.83718825348217
23,joint,actor_03_statement_02,raw,pair_0011_sad,03,02,sad,-29.062628827014095
23,joint,actor_03_statement_02,source_center_noop,pair_0010_happy,03,02,happy,-33.421073826468884
23,joint,actor_03_statement_02,source_center_noop,pair_0010_sad,03,02,sad,-22.916178765936028
23,joint,actor_03_statement_02,source_center_noop,pair_0011_happy,03,02,happy,-37.83718825348217
23,joint,actor_03_statement_02,source_center_noop,pair_0011_sad,03,02,sad,-29.062628827014095
23,joint,actor_03_statement_02,independent_center,pair_0010_happy,03,02,happy,-6.202006402046795
23,joint,actor_03_statement_02,independent_center,pair_0010_sad,03,02,sad,4.3028886584860615
23,joint,actor_03_statement_02,independent_center,pair_0011_happy,03,02,happy,-10.618120829060079
23,joint,actor_03_statement_02,independent_center,pair_0011_sad,03,02,sad,-1.8435614025920053
23,joint,actor_03_statement_02,independent_rank1,pair_0010_happy,03,02,happy,-4.7212097884706825
23,joint,actor_03_statement_02,independent_rank1,pair_0010_sad,03,02,sad,4.782908260679065
23,joint,actor_03_statement_02,independent_rank1,pair_0011_happy,03,02,happy,-9.293652511752999
23,joint,actor_03_statement_02,independent_rank1,pair_0011_sad,03,02,sad,0.14121948979009114
23,joint,actor_04_statement_01,raw,pair_0012_happy,04,01,happy,-4.964244650289837
23,joint,actor_04_statement_01,raw,pair_0012_sad,04,01,sad,-3.569465564548497
23,joint,actor_04_statement_01,raw,pair_0013_happy,04,01,happy,-11.102381555208245
23,joint,actor_04_statement_01,raw,pair_0013_sad,04,01,sad,-5.561049727009246
23,joint,actor_04_statement_01,source_center_noop,pair_0012_happy,04,01,happy,-4.964244650289837
23,joint,actor_04_statement_01,source_center_noop,pair_0012_sad,04,01,sad,-3.569465564548497
23,joint,actor_04_statement_01,source_center_noop,pair_0013_happy,04,01,happy,-11.102381555208245
23,joint,actor_04_statement_01,source_center_noop,pair_0013_sad,04,01,sad,-5.561049727009246
23,joint,actor_04_statement_01,independent_center,pair_0012_happy,04,01,happy,1.461208294520734
23,joint,actor_04_statement_01,independent_center,pair_0012_sad,04,01,sad,2.855987380262074
23,joint,actor_04_statement_01,independent_center,pair_0013_happy,04,01,happy,-4.676928610397674
23,joint,actor_04_statement_01,independent_center,pair_0013_sad,04,01,sad,0.8644032178013248
23,joint,actor_04_statement_01,independent_rank1,pair_0012_happy,04,01,happy,2.750142019536282
23,joint,actor_04_statement_01,independent_rank1,pair_0012_sad,04,01,sad,3.740696143349016
23,joint,actor_04_statement_01,independent_rank1,pair_0013_happy,04,01,happy,-4.954629021082113
23,joint,actor_04_statement_01,independent_rank1,pair_0013_sad,04,01,sad,1.2379369002406917
23,joint,actor_04_statement_02,raw,pair_0014_happy,04,02,happy,-4.60769265000658
23,joint,actor_04_statement_02,raw,pair_0014_sad,04,02,sad,-13.56518647426009
23,joint,actor_04_statement_02,raw,pair_0015_happy,04,02,happy,-10.457056837576124
23,joint,actor_04_statement_02,raw,pair_0015_sad,04,02,sad,-8.866549334380812
23,joint,actor_04_statement_02,source_center_noop,pair_0014_happy,04,02,happy,-4.60769265000658
23,joint,actor_04_statement_02,source_center_noop,pair_0014_sad,04,02,sad,-13.56518647426009
23,joint,actor_04_statement_02,source_center_noop,pair_0015_happy,04,02,happy,-10.457056837576124
23,joint,actor_04_statement_02,source_center_noop,pair_0015_sad,04,02,sad,-8.866549334380812
23,joint,actor_04_statement_02,independent_center,pair_0014_happy,04,02,happy,5.5197980574109025
23,joint,actor_04_statement_02,independent_center,pair_0014_sad,04,02,sad,-3.437695766842607
23,joint,actor_04_statement_02,independent_center,pair_0015_happy,04,02,happy,-0.329566130158641
23,joint,actor_04_statement_02,independent_center,pair_0015_sad,04,02,sad,1.2609413730366708
23,joint,actor_04_statement_02,independent_rank1,pair_0014_happy,04,02,happy,5.850628236689665
23,joint,actor_04_statement_02,independent_rank1,pair_0014_sad,04,02,sad,-2.9316114568247262
23,joint,actor_04_statement_02,independent_rank1,pair_0015_happy,04,02,happy,-0.1298785276346912
23,joint,actor_04_statement_02,independent_rank1,pair_0015_sad,04,02,sad,1.1738708958825637
23,joint,actor_05_statement_01,raw,pair_0016_happy,05,01,happy,-7.111907235372605
23,joint,actor_05_statement_01,raw,pair_0016_sad,05,01,sad,-12.029827333557725
23,joint,actor_05_statement_01,raw,pair_0017_happy,05,01,happy,-7.809290121566025
23,joint,actor_05_statement_01,raw,pair_0017_sad,05,01,sad,-5.989682048818174
23,joint,actor_05_statement_01,source_center_noop,pair_0016_happy,05,01,happy,-7.111907235372605
23,joint,actor_05_statement_01,source_center_noop,pair_0016_sad,05,01,sad,-12.029827333557725
23,joint,actor_05_statement_01,source_center_noop,pair_0017_happy,05,01,happy,-7.809290121566025
23,joint,actor_05_statement_01,source_center_noop,pair_0017_sad,05,01,sad,-5.989682048818174
23,joint,actor_05_statement_01,independent_center,pair_0016_happy,05,01,happy,2.163410276327049
23,joint,actor_05_statement_01,independent_center,pair_0016_sad,05,01,sad,-2.75450982185807
23,joint,actor_05_statement_01,independent_center,pair_0017_happy,05,01,happy,1.4660273901336298
23,joint,actor_05_statement_01,independent_center,pair_0017_sad,05,01,sad,3.285635462881481
23,joint,actor_05_statement_01,independent_rank1,pair_0016_happy,05,01,happy,0.7516859413572602
23,joint,actor_05_statement_01,independent_rank1,pair_0016_sad,05,01,sad,-3.5241485937999664
23,joint,actor_05_statement_01,independent_rank1,pair_0017_happy,05,01,happy,1.6216246198989697
23,joint,actor_05_statement_01,independent_rank1,pair_0017_sad,05,01,sad,3.122766574414315
23,joint,actor_05_statement_02,raw,pair_0018_happy,05,02,happy,11.450348753779956
23,joint,actor_05_statement_02,raw,pair_0018_sad,05,02,sad,13.111915817235634
23,joint,actor_05_statement_02,raw,pair_0019_happy,05,02,happy,16.597026749283515
23,joint,actor_05_statement_02,raw,pair_0019_sad,05,02,sad,7.5703879313805515
23,joint,actor_05_statement_02,source_center_noop,pair_0018_happy,05,02,happy,11.450348753779956
23,joint,actor_05_statement_02,source_center_noop,pair_0018_sad,05,02,sad,13.111915817235634
23,joint,actor_05_statement_02,source_center_noop,pair_0019_happy,05,02,happy,16.597026749283515
23,joint,actor_05_statement_02,source_center_noop,pair_0019_sad,05,02,sad,7.5703879313805515
23,joint,actor_05_statement_02,independent_center,pair_0018_happy,05,02,happy,4.000241517583628
23,joint,actor_05_statement_02,independent_center,pair_0018_sad,05,02,sad,5.661808581039306
23,joint,actor_05_statement_02,independent_center,pair_0019_happy,05,02,happy,9.146919513087187
23,joint,actor_05_statement_02,independent_center,pair_0019_sad,05,02,sad,0.12028069518422413
23,joint,actor_05_statement_02,independent_rank1,pair_0018_happy,05,02,happy,3.492087360834038
23,joint,actor_05_statement_02,independent_rank1,pair_0018_sad,05,02,sad,5.928147956812268
23,joint,actor_05_statement_02,independent_rank1,pair_0019_happy,05,02,happy,8.513794986365493
23,joint,actor_05_statement_02,independent_rank1,pair_0019_sad,05,02,sad,-0.15623918594317487
23,joint,actor_06_statement_01,raw,pair_0020_happy,06,01,happy,-5.900841255673987
23,joint,actor_06_statement_01,raw,pair_0020_sad,06,01,sad,-7.842872186168661
23,joint,actor_06_statement_01,raw,pair_0021_happy,06,01,happy,-2.87866943921852
23,joint,actor_06_statement_01,raw,pair_0021_sad,06,01,sad,-7.7736453840430695
23,joint,actor_06_statement_01,source_center_noop,pair_0020_happy,06,01,happy,-5.900841255673987
23,joint,actor_06_statement_01,source_center_noop,pair_0020_sad,06,01,sad,-7.842872186168661
23,joint,actor_06_statement_01,source_center_noop,pair_0021_happy,06,01,happy,-2.87866943921852
23,joint,actor_06_statement_01,source_center_noop,pair_0021_sad,06,01,sad,-7.7736453840430695
23,joint,actor_06_statement_01,independent_center,pair_0020_happy,06,01,happy,1.755293594916811
23,joint,actor_06_statement_01,independent_center,pair_0020_sad,06,01,sad,-0.1867373355778632
23,joint,actor_06_statement_01,independent_center,pair_0021_happy,06,01,happy,4.777465411372278
23,joint,actor_06_statement_01,independent_center,pair_0021_sad,06,01,sad,-0.11751053345227191
23,joint,actor_06_statement_01,independent_rank1,pair_0020_happy,06,01,happy,1.9120515546264985
23,joint,actor_06_statement_01,independent_rank1,pair_0020_sad,06,01,sad,-0.24595864336964546
23,joint,actor_06_statement_01,independent_rank1,pair_0021_happy,06,01,happy,5.983976009066038
23,joint,actor_06_statement_01,independent_rank1,pair_0021_sad,06,01,sad,-0.3252366324000535
23,joint,actor_06_statement_02,raw,pair_0022_happy,06,02,happy,-6.060378711636347
23,joint,actor_06_statement_02,raw,pair_0022_sad,06,02,sad,-22.37200753970193
23,joint,actor_06_statement_02,raw,pair_0023_happy,06,02,happy,-1.258414482350072
23,joint,actor_06_statement_02,raw,pair_0023_sad,06,02,sad,-17.610653662168126
23,joint,actor_06_statement_02,source_center_noop,pair_0022_happy,06,02,happy,-6.060378711636347
23,joint,actor_06_statement_02,source_center_noop,pair_0022_sad,06,02,sad,-22.37200753970193
23,joint,actor_06_statement_02,source_center_noop,pair_0023_happy,06,02,happy,-1.258414482350072
23,joint,actor_06_statement_02,source_center_noop,pair_0023_sad,06,02,sad,-17.610653662168126
23,joint,actor_06_statement_02,independent_center,pair_0022_happy,06,02,happy,6.365634031752566
23,joint,actor_06_statement_02,independent_center,pair_0022_sad,06,02,sad,-9.945994796313016
23,joint,actor_06_statement_02,independent_center,pair_0023_happy,06,02,happy,11.16759826103884
23,joint,actor_06_statement_02,independent_center,pair_0023_sad,06,02,sad,-5.184640918779213
23,joint,actor_06_statement_02,independent_rank1,pair_0022_happy,06,02,happy,7.082790190783159
23,joint,actor_06_statement_02,independent_rank1,pair_0022_sad,06,02,sad,-8.711431810661479
23,joint,actor_06_statement_02,independent_rank1,pair_0023_happy,06,02,happy,11.66677873251993
23,joint,actor_06_statement_02,independent_rank1,pair_0023_sad,06,02,sad,-4.598226187841556
23,joint,actor_07_statement_01,raw,pair_0024_happy,07,01,happy,-11.462516519072034
23,joint,actor_07_statement_01,raw,pair_0024_sad,07,01,sad,-1.8835935607385523
23,joint,actor_07_statement_01,raw,pair_0025_happy,07,01,happy,-8.103845292481845
23,joint,actor_07_statement_01,raw,pair_0025_sad,07,01,sad,-7.211541884687278
23,joint,actor_07_statement_01,source_center_noop,pair_0024_happy,07,01,happy,-11.462516519072034
23,joint,actor_07_statement_01,source_center_noop,pair_0024_sad,07,01,sad,-1.8835935607385523
23,joint,actor_07_statement_01,source_center_noop,pair_0025_happy,07,01,happy,-8.103845292481845
23,joint,actor_07_statement_01,source_center_noop,pair_0025_sad,07,01,sad,-7.211541884687278
23,joint,actor_07_statement_01,independent_center,pair_0024_happy,07,01,happy,-3.721664693782742
23,joint,actor_07_statement_01,independent_center,pair_0024_sad,07,01,sad,5.85725826455074
23,joint,actor_07_statement_01,independent_center,pair_0025_happy,07,01,happy,-0.36299346719255254
23,joint,actor_07_statement_01,independent_center,pair_0025_sad,07,01,sad,0.5293099406020145
23,joint,actor_07_statement_01,independent_rank1,pair_0024_happy,07,01,happy,-3.916277576784923
23,joint,actor_07_statement_01,independent_rank1,pair_0024_sad,07,01,sad,6.688292488632334
23,joint,actor_07_statement_01,independent_rank1,pair_0025_happy,07,01,happy,-0.10883560854444418
23,joint,actor_07_statement_01,independent_rank1,pair_0025_sad,07,01,sad,0.673554431685087
23,joint,actor_07_statement_02,raw,pair_0026_happy,07,02,happy,-19.94501423632585
23,joint,actor_07_statement_02,raw,pair_0026_sad,07,02,sad,-42.852858827982885
23,joint,actor_07_statement_02,raw,pair_0027_happy,07,02,happy,-19.94501423632585
23,joint,actor_07_statement_02,raw,pair_0027_sad,07,02,sad,-28.229197639759683
23,joint,actor_07_statement_02,source_center_noop,pair_0026_happy,07,02,happy,-19.94501423632585
23,joint,actor_07_statement_02,source_center_noop,pair_0026_sad,07,02,sad,-42.852858827982885
23,joint,actor_07_statement_02,source_center_noop,pair_0027_happy,07,02,happy,-19.94501423632585
23,joint,actor_07_statement_02,source_center_noop,pair_0027_sad,07,02,sad,-28.229197639759683
23,joint,actor_07_statement_02,independent_center,pair_0026_happy,07,02,happy,10.120041134247614
23,joint,actor_07_statement_02,independent_center,pair_0026_sad,07,02,sad,-12.78780345740942
23,joint,actor_07_statement_02,independent_center,pair_0027_happy,07,02,happy,10.120041134247614
23,joint,actor_07_statement_02,independent_center,pair_0027_sad,07,02,sad,1.8358577308137818
23,joint,actor_07_statement_02,independent_rank1,pair_0026_happy,07,02,happy,9.042886901248835
23,joint,actor_07_statement_02,independent_rank1,pair_0026_sad,07,02,sad,-11.462879058827639
23,joint,actor_07_statement_02,independent_rank1,pair_0027_happy,07,02,happy,9.042886901248835
23,joint,actor_07_statement_02,independent_rank1,pair_0027_sad,07,02,sad,3.9631001078709254
23,joint,actor_08_statement_01,raw,pair_0028_happy,08,01,happy,-3.3467411420888244
23,joint,actor_08_statement_01,raw,pair_0028_sad,08,01,sad,-6.85759592144599
23,joint,actor_08_statement_01,raw,pair_0029_happy,08,01,happy,-5.306367861273255
23,joint,actor_08_statement_01,raw,pair_0029_sad,08,01,sad,-8.74512318666892
23,joint,actor_08_statement_01,source_center_noop,pair_0028_happy,08,01,happy,-3.3467411420888244
23,joint,actor_08_statement_01,source_center_noop,pair_0028_sad,08,01,sad,-6.85759592144599
23,joint,actor_08_statement_01,source_center_noop,pair_0029_happy,08,01,happy,-5.306367861273255
23,joint,actor_08_statement_01,source_center_noop,pair_0029_sad,08,01,sad,-8.74512318666892
23,joint,actor_08_statement_01,independent_center,pair_0028_happy,08,01,happy,3.277904648833601
23,joint,actor_08_statement_01,independent_center,pair_0028_sad,08,01,sad,-0.23295013052356417
23,joint,actor_08_statement_01,independent_center,pair_0029_happy,08,01,happy,1.3182779296491702
23,joint,actor_08_statement_01,independent_center,pair_0029_sad,08,01,sad,-2.1204773957464944
23,joint,actor_08_statement_01,independent_rank1,pair_0028_happy,08,01,happy,3.3000354270479244
23,joint,actor_08_statement_01,independent_rank1,pair_0028_sad,08,01,sad,-0.6567481655776772
23,joint,actor_08_statement_01,independent_rank1,pair_0029_happy,08,01,happy,1.8489174185528805
23,joint,actor_08_statement_01,independent_rank1,pair_0029_sad,08,01,sad,-1.7484798359777995
23,joint,actor_08_statement_02,raw,pair_0030_happy,08,02,happy,-58.98456846230621
23,joint,actor_08_statement_02,raw,pair_0030_sad,08,02,sad,-29.52568493215516
23,joint,actor_08_statement_02,raw,pair_0031_happy,08,02,happy,-66.00866138420045
23,joint,actor_08_statement_02,raw,pair_0031_sad,08,02,sad,-76.32222926098464
23,joint,actor_08_statement_02,source_center_noop,pair_0030_happy,08,02,happy,-58.98456846230621
23,joint,actor_08_statement_02,source_center_noop,pair_0030_sad,08,02,sad,-29.52568493215516
23,joint,actor_08_statement_02,source_center_noop,pair_0031_happy,08,02,happy,-66.00866138420045
23,joint,actor_08_statement_02,source_center_noop,pair_0031_sad,08,02,sad,-76.32222926098464
23,joint,actor_08_statement_02,independent_center,pair_0030_happy,08,02,happy,-7.451555461933829
23,joint,actor_08_statement_02,independent_center,pair_0030_sad,08,02,sad,22.00732806821722
23,joint,actor_08_statement_02,independent_center,pair_0031_happy,08,02,happy,-14.475648383828073
23,joint,actor_08_statement_02,independent_center,pair_0031_sad,08,02,sad,-24.789216260612264
23,joint,actor_08_statement_02,independent_rank1,pair_0030_happy,08,02,happy,-1.6925431962256479
23,joint,actor_08_statement_02,independent_rank1,pair_0030_sad,08,02,sad,2.367935070759531
23,joint,actor_08_statement_02,independent_rank1,pair_0031_happy,08,02,happy,-4.856033366932454
23,joint,actor_08_statement_02,independent_rank1,pair_0031_sad,08,02,sad,-27.87620710348984
23,joint,actor_09_statement_01,raw,pair_0032_happy,09,01,happy,-8.321585508307383
23,joint,actor_09_statement_01,raw,pair_0032_sad,09,01,sad,-11.841264631071398
23,joint,actor_09_statement_01,raw,pair_0033_happy,09,01,happy,-21.51458298340843
23,joint,actor_09_statement_01,raw,pair_0033_sad,09,01,sad,-8.13181689162356
23,joint,actor_09_statement_01,source_center_noop,pair_0032_happy,09,01,happy,-8.321585508307383
23,joint,actor_09_statement_01,source_center_noop,pair_0032_sad,09,01,sad,-11.841264631071398
23,joint,actor_09_statement_01,source_center_noop,pair_0033_happy,09,01,happy,-21.51458298340843
23,joint,actor_09_statement_01,source_center_noop,pair_0033_sad,09,01,sad,-8.13181689162356
23,joint,actor_09_statement_01,independent_center,pair_0032_happy,09,01,happy,-2.2990330090709996
23,joint,actor_09_statement_01,independent_center,pair_0032_sad,09,01,sad,-5.8187121318350155
23,joint,actor_09_statement_01,independent_center,pair_0033_happy,09,01,happy,-15.492030484172048
23,joint,actor_09_statement_01,independent_center,pair_0033_sad,09,01,sad,-2.1092643923871766
23,joint,actor_09_statement_01,independent_rank1,pair_0032_happy,09,01,happy,-2.123139782008794
23,joint,actor_09_statement_01,independent_rank1,pair_0032_sad,09,01,sad,-6.211394038070795
23,joint,actor_09_statement_01,independent_rank1,pair_0033_happy,09,01,happy,-14.95993288361514
23,joint,actor_09_statement_01,independent_rank1,pair_0033_sad,09,01,sad,-2.519291254312061
23,joint,actor_09_statement_02,raw,pair_0034_happy,09,02,happy,-26.149054170619408
23,joint,actor_09_statement_02,raw,pair_0034_sad,09,02,sad,-22.27147645807549
23,joint,actor_09_statement_02,raw,pair_0035_happy,09,02,happy,-25.70978614568618
23,joint,actor_09_statement_02,raw,pair_0035_sad,09,02,sad,3.5968230844797606
23,joint,actor_09_statement_02,source_center_noop,pair_0034_happy,09,02,happy,-26.149054170619408
23,joint,actor_09_statement_02,source_center_noop,pair_0034_sad,09,02,sad,-22.27147645807549
23,joint,actor_09_statement_02,source_center_noop,pair_0035_happy,09,02,happy,-25.70978614568618
23,joint,actor_09_statement_02,source_center_noop,pair_0035_sad,09,02,sad,3.5968230844797606
23,joint,actor_09_statement_02,independent_center,pair_0034_happy,09,02,happy,-14.163310288956097
23,joint,actor_09_statement_02,independent_center,pair_0034_sad,09,02,sad,-10.28573257641218
23,joint,actor_09_statement_02,independent_center,pair_0035_happy,09,02,happy,-13.72404226402287
23,joint,actor_09_statement_02,independent_center,pair_0035_sad,09,02,sad,15.582566966143071
23,joint,actor_09_statement_02,independent_rank1,pair_0034_happy,09,02,happy,-14.413903823743102
23,joint,actor_09_statement_02,independent_rank1,pair_0034_sad,09,02,sad,-10.659630702192635
23,joint,actor_09_statement_02,independent_rank1,pair_0035_happy,09,02,happy,-12.783282355458187
23,joint,actor_09_statement_02,independent_rank1,pair_0035_sad,09,02,sad,12.304096890792026
23,joint,actor_10_statement_01,raw,pair_0036_happy,10,01,happy,1.9702795348414508
23,joint,actor_10_statement_01,raw,pair_0036_sad,10,01,sad,-1.3246576954000773
23,joint,actor_10_statement_01,raw,pair_0037_happy,10,01,happy,-3.318294795777465
23,joint,actor_10_statement_01,raw,pair_0037_sad,10,01,sad,0.9833133422226297
23,joint,actor_10_statement_01,source_center_noop,pair_0036_happy,10,01,happy,1.9702795348414508
23,joint,actor_10_statement_01,source_center_noop,pair_0036_sad,10,01,sad,-1.3246576954000773
23,joint,actor_10_statement_01,source_center_noop,pair_0037_happy,10,01,happy,-3.318294795777465
23,joint,actor_10_statement_01,source_center_noop,pair_0037_sad,10,01,sad,0.9833133422226297
23,joint,actor_10_statement_01,independent_center,pair_0036_happy,10,01,happy,2.416244385348934
23,joint,actor_10_statement_01,independent_center,pair_0036_sad,10,01,sad,-0.8786928448925941
23,joint,actor_10_statement_01,independent_center,pair_0037_happy,10,01,happy,-2.872329945269982
23,joint,actor_10_statement_01,independent_center,pair_0037_sad,10,01,sad,1.4292781927301128
23,joint,actor_10_statement_01,independent_rank1,pair_0036_happy,10,01,happy,3.013103615497963
23,joint,actor_10_statement_01,independent_rank1,pair_0036_sad,10,01,sad,-1.0446826369435858
23,joint,actor_10_statement_01,independent_rank1,pair_0037_happy,10,01,happy,-3.1225378686299656
23,joint,actor_10_statement_01,independent_rank1,pair_0037_sad,10,01,sad,1.7553192890420846
23,joint,actor_10_statement_02,raw,pair_0038_happy,10,02,happy,-21.99344253142651
23,joint,actor_10_statement_02,raw,pair_0038_sad,10,02,sad,-35.34934201587856
23,joint,actor_10_statement_02,raw,pair_0039_happy,10,02,happy,-39.058888608601514
23,joint,actor_10_statement_02,raw,pair_0039_sad,10,02,sad,-31.069376255123235
23,joint,actor_10_statement_02,source_center_noop,pair_0038_happy,10,02,happy,-21.99344253142651
23,joint,actor_10_statement_02,source_center_noop,pair_0038_sad,10,02,sad,-35.34934201587856
23,joint,actor_10_statement_02,source_center_noop,pair_0039_happy,10,02,happy,-39.058888608601514
23,joint,actor_10_statement_02,source_center_noop,pair_0039_sad,10,02,sad,-31.069376255123235
23,joint,actor_10_statement_02,independent_center,pair_0038_happy,10,02,happy,11.137896811636516
23,joint,actor_10_statement_02,independent_center,pair_0038_sad,10,02,sad,-2.218002672815537
23,joint,actor_10_statement_02,independent_center,pair_0039_happy,10,02,happy,-5.927549265538488
23,joint,actor_10_statement_02,independent_center,pair_0039_sad,10,02,sad,2.061963087939791
23,joint,actor_10_statement_02,independent_rank1,pair_0038_happy,10,02,happy,9.37890448359726
23,joint,actor_10_statement_02,independent_rank1,pair_0038_sad,10,02,sad,-3.1356187656834136
23,joint,actor_10_statement_02,independent_rank1,pair_0039_happy,10,02,happy,-1.2191759173470178
23,joint,actor_10_statement_02,independent_rank1,pair_0039_sad,10,02,sad,2.85250176466921
23,joint,actor_11_statement_01,raw,pair_0040_happy,11,01,happy,-3.622542306293713
23,joint,actor_11_statement_01,raw,pair_0040_sad,11,01,sad,-11.09473848973996
23,joint,actor_11_statement_01,raw,pair_0041_happy,11,01,happy,-10.928998689622077
23,joint,actor_11_statement_01,raw,pair_0041_sad,11,01,sad,-7.735134392514179
23,joint,actor_11_statement_01,source_center_noop,pair_0040_happy,11,01,happy,-3.622542306293713
23,joint,actor_11_statement_01,source_center_noop,pair_0040_sad,11,01,sad,-11.09473848973996
23,joint,actor_11_statement_01,source_center_noop,pair_0041_happy,11,01,happy,-10.928998689622077
23,joint,actor_11_statement_01,source_center_noop,pair_0041_sad,11,01,sad,-7.735134392514179
23,joint,actor_11_statement_01,independent_center,pair_0040_happy,11,01,happy,2.6848352723840634
23,joint,actor_11_statement_01,independent_center,pair_0040_sad,11,01,sad,-4.7873609110621835
23,joint,actor_11_statement_01,independent_center,pair_0041_happy,11,01,happy,-4.6216211109443
23,joint,actor_11_statement_01,independent_center,pair_0041_sad,11,01,sad,-1.4277568138364023
23,joint,actor_11_statement_01,independent_rank1,pair_0040_happy,11,01,happy,3.312277598263103
23,joint,actor_11_statement_01,independent_rank1,pair_0040_sad,11,01,sad,-5.21689314300792
23,joint,actor_11_statement_01,independent_rank1,pair_0041_happy,11,01,happy,-4.254340142026298
23,joint,actor_11_statement_01,independent_rank1,pair_0041_sad,11,01,sad,-2.1901690160392038
23,joint,actor_11_statement_02,raw,pair_0042_happy,11,02,happy,-42.95188689287382
23,joint,actor_11_statement_02,raw,pair_0042_sad,11,02,sad,-43.10206221895359
23,joint,actor_11_statement_02,raw,pair_0043_happy,11,02,happy,-36.38985888607643
23,joint,actor_11_statement_02,raw,pair_0043_sad,11,02,sad,-41.78716205513513
23,joint,actor_11_statement_02,source_center_noop,pair_0042_happy,11,02,happy,-42.95188689287382
23,joint,actor_11_statement_02,source_center_noop,pair_0042_sad,11,02,sad,-43.10206221895359
23,joint,actor_11_statement_02,source_center_noop,pair_0043_happy,11,02,happy,-36.38985888607643
23,joint,actor_11_statement_02,source_center_noop,pair_0043_sad,11,02,sad,-41.78716205513513
23,joint,actor_11_statement_02,independent_center,pair_0042_happy,11,02,happy,-12.880415706616837
23,joint,actor_11_statement_02,independent_center,pair_0042_sad,11,02,sad,-13.030591032696606
23,joint,actor_11_statement_02,independent_center,pair_0043_happy,11,02,happy,-6.318387699819446
23,joint,actor_11_statement_02,independent_center,pair_0043_sad,11,02,sad,-11.715690868878141
23,joint,actor_11_statement_02,independent_rank1,pair_0042_happy,11,02,happy,-10.165197705474853
23,joint,actor_11_statement_02,independent_rank1,pair_0042_sad,11,02,sad,-11.814298266551576
23,joint,actor_11_statement_02,independent_rank1,pair_0043_happy,11,02,happy,-4.998039689957351
23,joint,actor_11_statement_02,independent_rank1,pair_0043_sad,11,02,sad,-10.856540720228804
23,joint,actor_12_statement_01,raw,pair_0044_happy,12,01,happy,-3.925394128014699
23,joint,actor_12_statement_01,raw,pair_0044_sad,12,01,sad,-5.427870757209882
23,joint,actor_12_statement_01,raw,pair_0045_happy,12,01,happy,-0.26953664299696367
23,joint,actor_12_statement_01,raw,pair_0045_sad,12,01,sad,-1.6602287368025097
23,joint,actor_12_statement_01,source_center_noop,pair_0044_happy,12,01,happy,-3.925394128014699
23,joint,actor_12_statement_01,source_center_noop,pair_0044_sad,12,01,sad,-5.427870757209882
23,joint,actor_12_statement_01,source_center_noop,pair_0045_happy,12,01,happy,-0.26953664299696367
23,joint,actor_12_statement_01,source_center_noop,pair_0045_sad,12,01,sad,-1.6602287368025097
23,joint,actor_12_statement_01,independent_center,pair_0044_happy,12,01,happy,0.5396048074160733
23,joint,actor_12_statement_01,independent_center,pair_0044_sad,12,01,sad,-0.9628718217791095
23,joint,actor_12_statement_01,independent_center,pair_0045_happy,12,01,happy,4.195462292433809
23,joint,actor_12_statement_01,independent_center,pair_0045_sad,12,01,sad,2.8047701986282627
23,joint,actor_12_statement_01,independent_rank1,pair_0044_happy,12,01,happy,0.5219735263655014
23,joint,actor_12_statement_01,independent_rank1,pair_0044_sad,12,01,sad,-1.574392399712842
23,joint,actor_12_statement_01,independent_rank1,pair_0045_happy,12,01,happy,4.501802521452239
23,joint,actor_12_statement_01,independent_rank1,pair_0045_sad,12,01,sad,3.4702275956833333
23,joint,actor_12_statement_02,raw,pair_0046_happy,12,02,happy,-56.67543497916281
23,joint,actor_12_statement_02,raw,pair_0046_sad,12,02,sad,-46.78876969919376
23,joint,actor_12_statement_02,raw,pair_0047_happy,12,02,happy,-51.556412376997685
23,joint,actor_12_statement_02,raw,pair_0047_sad,12,02,sad,-50.59063741047814
23,joint,actor_12_statement_02,source_center_noop,pair_0046_happy,12,02,happy,-56.67543497916281
23,joint,actor_12_statement_02,source_center_noop,pair_0046_sad,12,02,sad,-46.78876969919376
23,joint,actor_12_statement_02,source_center_noop,pair_0047_happy,12,02,happy,-51.556412376997685
23,joint,actor_12_statement_02,source_center_noop,pair_0047_sad,12,02,sad,-50.59063741047814
23,joint,actor_12_statement_02,independent_center,pair_0046_happy,12,02,happy,-17.835081310226165
23,joint,actor_12_statement_02,independent_center,pair_0046_sad,12,02,sad,-7.948416030257114
23,joint,actor_12_statement_02,independent_center,pair_0047_happy,12,02,happy,-12.716058708061041
23,joint,actor_12_statement_02,independent_center,pair_0047_sad,12,02,sad,-11.750283741541494
23,joint,actor_12_statement_02,independent_rank1,pair_0046_happy,12,02,happy,-12.367851675209124
23,joint,actor_12_statement_02,independent_rank1,pair_0046_sad,12,02,sad,-3.437530349374164
23,joint,actor_12_statement_02,independent_rank1,pair_0047_happy,12,02,happy,-12.845262422110494
23,joint,actor_12_statement_02,independent_rank1,pair_0047_sad,12,02,sad,-6.940173184420754
23,joint,actor_13_statement_01,raw,pair_0048_happy,13,01,happy,-10.07325228583163
23,joint,actor_13_statement_01,raw,pair_0048_sad,13,01,sad,-8.180771734402947
23,joint,actor_13_statement_01,raw,pair_0049_happy,13,01,happy,-1.754416072575498
23,joint,actor_13_statement_01,raw,pair_0049_sad,13,01,sad,-13.534646141640978
23,joint,actor_13_statement_01,source_center_noop,pair_0048_happy,13,01,happy,-10.07325228583163
23,joint,actor_13_statement_01,source_center_noop,pair_0048_sad,13,01,sad,-8.180771734402947
23,joint,actor_13_statement_01,source_center_noop,pair_0049_happy,13,01,happy,-1.754416072575498
23,joint,actor_13_statement_01,source_center_noop,pair_0049_sad,13,01,sad,-13.534646141640978
23,joint,actor_13_statement_01,independent_center,pair_0048_happy,13,01,happy,-2.7753913216388675
23,joint,actor_13_statement_01,independent_center,pair_0048_sad,13,01,sad,-0.8829107702101844
23,joint,actor_13_statement_01,independent_center,pair_0049_happy,13,01,happy,5.5434448916172645
23,joint,actor_13_statement_01,independent_center,pair_0049_sad,13,01,sad,-6.2367851774482155
23,joint,actor_13_statement_01,independent_rank1,pair_0048_happy,13,01,happy,-2.940675228541906
23,joint,actor_13_statement_01,independent_rank1,pair_0048_sad,13,01,sad,-0.3260469438160938
23,joint,actor_13_statement_01,independent_rank1,pair_0049_happy,13,01,happy,5.911836826510331
23,joint,actor_13_statement_01,independent_rank1,pair_0049_sad,13,01,sad,-6.504951566114274
23,joint,actor_13_statement_02,raw,pair_0050_happy,13,02,happy,-37.711844384512794
23,joint,actor_13_statement_02,raw,pair_0050_sad,13,02,sad,-36.19147063348009
23,joint,actor_13_statement_02,raw,pair_0051_happy,13,02,happy,-37.39671534318465
23,joint,actor_13_statement_02,raw,pair_0051_sad,13,02,sad,-30.18883974606037
23,joint,actor_13_statement_02,source_center_noop,pair_0050_happy,13,02,happy,-37.711844384512794
23,joint,actor_13_statement_02,source_center_noop,pair_0050_sad,13,02,sad,-36.19147063348009
23,joint,actor_13_statement_02,source_center_noop,pair_0051_happy,13,02,happy,-37.39671534318465
23,joint,actor_13_statement_02,source_center_noop,pair_0051_sad,13,02,sad,-30.18883974606037
23,joint,actor_13_statement_02,independent_center,pair_0050_happy,13,02,happy,-2.4797589650455834
23,joint,actor_13_statement_02,independent_center,pair_0050_sad,13,02,sad,-0.959385214012876
23,joint,actor_13_statement_02,independent_center,pair_0051_happy,13,02,happy,-2.164629923717442
23,joint,actor_13_statement_02,independent_center,pair_0051_sad,13,02,sad,5.04324567340684
23,joint,actor_13_statement_02,independent_rank1,pair_0050_happy,13,02,happy,-1.3854353847877001
23,joint,actor_13_statement_02,independent_rank1,pair_0050_sad,13,02,sad,0.5308592166261672
23,joint,actor_13_statement_02,independent_rank1,pair_0051_happy,13,02,happy,2.0324516415791867
23,joint,actor_13_statement_02,independent_rank1,pair_0051_sad,13,02,sad,4.732460338865295
23,joint,actor_14_statement_01,raw,pair_0052_happy,14,01,happy,-7.215505970661512
23,joint,actor_14_statement_01,raw,pair_0052_sad,14,01,sad,-6.4256680341741585
23,joint,actor_14_statement_01,raw,pair_0053_happy,14,01,happy,-4.198907906231323
23,joint,actor_14_statement_01,raw,pair_0053_sad,14,01,sad,-1.593665798680579
23,joint,actor_14_statement_01,source_center_noop,pair_0052_happy,14,01,happy,-7.215505970661512
23,joint,actor_14_statement_01,source_center_noop,pair_0052_sad,14,01,sad,-6.4256680341741585
23,joint,actor_14_statement_01,source_center_noop,pair_0053_happy,14,01,happy,-4.198907906231323
23,joint,actor_14_statement_01,source_center_noop,pair_0053_sad,14,01,sad,-1.593665798680579
23,joint,actor_14_statement_01,independent_center,pair_0052_happy,14,01,happy,0.10172762292606752
23,joint,actor_14_statement_01,independent_center,pair_0052_sad,14,01,sad,0.8915655594134213
23,joint,actor_14_statement_01,independent_center,pair_0053_happy,14,01,happy,3.118325687356257
23,joint,actor_14_statement_01,independent_center,pair_0053_sad,14,01,sad,5.723567794907001
23,joint,actor_14_statement_01,independent_rank1,pair_0052_happy,14,01,happy,-0.5128407753111883
23,joint,actor_14_statement_01,independent_rank1,pair_0052_sad,14,01,sad,1.1573808174628661
23,joint,actor_14_statement_01,independent_rank1,pair_0053_happy,14,01,happy,3.689562640175149
23,joint,actor_14_statement_01,independent_rank1,pair_0053_sad,14,01,sad,7.21219061347297
23,joint,actor_14_statement_02,raw,pair_0054_happy,14,02,happy,-17.65952259457973
23,joint,actor_14_statement_02,raw,pair_0054_sad,14,02,sad,-26.382664465328283
23,joint,actor_14_statement_02,raw,pair_0055_happy,14,02,happy,-6.059693960951236
23,joint,actor_14_statement_02,raw,pair_0055_sad,14,02,sad,-24.896915881008418
23,joint,actor_14_statement_02,source_center_noop,pair_0054_happy,14,02,happy,-17.65952259457973
23,joint,actor_14_statement_02,source_center_noop,pair_0054_sad,14,02,sad,-26.382664465328283
23,joint,actor_14_statement_02,source_center_noop,pair_0055_happy,14,02,happy,-6.059693960951236
23,joint,actor_14_statement_02,source_center_noop,pair_0055_sad,14,02,sad,-24.896915881008418
23,joint,actor_14_statement_02,independent_center,pair_0054_happy,14,02,happy,-3.4767939027976276
23,joint,actor_14_statement_02,independent_center,pair_0054_sad,14,02,sad,-12.19993577354618
23,joint,actor_14_statement_02,independent_center,pair_0055_happy,14,02,happy,8.123034730830867
23,joint,actor_14_statement_02,independent_center,pair_0055_sad,14,02,sad,-10.714187189226315
23,joint,actor_14_statement_02,independent_rank1,pair_0054_happy,14,02,happy,-3.8599304057295427
23,joint,actor_14_statement_02,independent_rank1,pair_0054_sad,14,02,sad,-13.984531366026607
23,joint,actor_14_statement_02,independent_rank1,pair_0055_happy,14,02,happy,8.299283146870437
23,joint,actor_14_statement_02,independent_rank1,pair_0055_sad,14,02,sad,-11.377156292633611
23,joint,actor_15_statement_01,raw,pair_0056_happy,15,01,happy,-1.4406224441524256
23,joint,actor_15_statement_01,raw,pair_0056_sad,15,01,sad,-16.694419775664336
23,joint,actor_15_statement_01,raw,pair_0057_happy,15,01,happy,-9.754903711963843
23,joint,actor_15_statement_01,raw,pair_0057_sad,15,01,sad,-4.63179194262231
23,joint,actor_15_statement_01,source_center_noop,pair_0056_happy,15,01,happy,-1.4406224441524256
23,joint,actor_15_statement_01,source_center_noop,pair_0056_sad,15,01,sad,-16.694419775664336
23,joint,actor_15_statement_01,source_center_noop,pair_0057_happy,15,01,happy,-9.754903711963843
23,joint,actor_15_statement_01,source_center_noop,pair_0057_sad,15,01,sad,-4.63179194262231
23,joint,actor_15_statement_01,independent_center,pair_0056_happy,15,01,happy,5.043203310523244
23,joint,actor_15_statement_01,independent_center,pair_0056_sad,15,01,sad,-10.210594020988667
23,joint,actor_15_statement_01,independent_center,pair_0057_happy,15,01,happy,-3.271077957288174
23,joint,actor_15_statement_01,independent_center,pair_0057_sad,15,01,sad,1.8520338120533593
23,joint,actor_15_statement_01,independent_rank1,pair_0056_happy,15,01,happy,5.3935514403897615
23,joint,actor_15_statement_01,independent_rank1,pair_0056_sad,15,01,sad,-10.727722435913396
23,joint,actor_15_statement_01,independent_rank1,pair_0057_happy,15,01,happy,-4.137608241878035
23,joint,actor_15_statement_01,independent_rank1,pair_0057_sad,15,01,sad,1.6741178886465553
23,joint,actor_15_statement_02,raw,pair_0058_happy,15,02,happy,-13.03388031889764
23,joint,actor_15_statement_02,raw,pair_0058_sad,15,02,sad,-15.695543125614332
23,joint,actor_15_statement_02,raw,pair_0059_happy,15,02,happy,-21.414328209314384
23,joint,actor_15_statement_02,raw,pair_0059_sad,15,02,sad,-12.808373925673925
23,joint,actor_15_statement_02,source_center_noop,pair_0058_happy,15,02,happy,-13.03388031889764
23,joint,actor_15_statement_02,source_center_noop,pair_0058_sad,15,02,sad,-15.695543125614332
23,joint,actor_15_statement_02,source_center_noop,pair_0059_happy,15,02,happy,-21.414328209314384
23,joint,actor_15_statement_02,source_center_noop,pair_0059_sad,15,02,sad,-12.808373925673925
23,joint,actor_15_statement_02,independent_center,pair_0058_happy,15,02,happy,4.092318503751283
23,joint,actor_15_statement_02,independent_center,pair_0058_sad,15,02,sad,1.4306556970345916
23,joint,actor_15_statement_02,independent_center,pair_0059_happy,15,02,happy,-4.28812938666546
23,joint,actor_15_statement_02,independent_center,pair_0059_sad,15,02,sad,4.317824896974999
23,joint,actor_15_statement_02,independent_rank1,pair_0058_happy,15,02,happy,4.159376215391129
23,joint,actor_15_statement_02,independent_rank1,pair_0058_sad,15,02,sad,2.437459840023717
23,joint,actor_15_statement_02,independent_rank1,pair_0059_happy,15,02,happy,-2.093380655909156
23,joint,actor_15_statement_02,independent_rank1,pair_0059_sad,15,02,sad,0.21929930689984545
23,joint,actor_16_statement_01,raw,pair_0060_happy,16,01,happy,-7.282428194254063
23,joint,actor_16_statement_01,raw,pair_0060_sad,16,01,sad,-4.88444116403077
23,joint,actor_16_statement_01,raw,pair_0061_happy,16,01,happy,-6.191817288632796
23,joint,actor_16_statement_01,raw,pair_0061_sad,16,01,sad,-2.27837327359866
23,joint,actor_16_statement_01,source_center_noop,pair_0060_happy,16,01,happy,-7.282428194254063
23,joint,actor_16_statement_01,source_center_noop,pair_0060_sad,16,01,sad,-4.88444116403077
23,joint,actor_16_statement_01,source_center_noop,pair_0061_happy,16,01,happy,-6.191817288632796
23,joint,actor_16_statement_01,source_center_noop,pair_0061_sad,16,01,sad,-2.27837327359866
23,joint,actor_16_statement_01,independent_center,pair_0060_happy,16,01,happy,-2.729433592306038
23,joint,actor_16_statement_01,independent_center,pair_0060_sad,16,01,sad,-0.33144656208274537
23,joint,actor_16_statement_01,independent_center,pair_0061_happy,16,01,happy,-1.6388226866847715
23,joint,actor_16_statement_01,independent_center,pair_0061_sad,16,01,sad,2.274621328349365
23,joint,actor_16_statement_01,independent_rank1,pair_0060_happy,16,01,happy,-2.9410821317106324
23,joint,actor_16_statement_01,independent_rank1,pair_0060_sad,16,01,sad,-0.8503766540878379
23,joint,actor_16_statement_01,independent_rank1,pair_0061_happy,16,01,happy,-1.2829214061405239
23,joint,actor_16_statement_01,independent_rank1,pair_0061_sad,16,01,sad,1.9958320513331698
23,joint,actor_16_statement_02,raw,pair_0062_happy,16,02,happy,3.604841957435662
23,joint,actor_16_statement_02,raw,pair_0062_sad,16,02,sad,-4.379388807578797
23,joint,actor_16_statement_02,raw,pair_0063_happy,16,02,happy,-2.7150843753420286
23,joint,actor_16_statement_02,raw,pair_0063_sad,16,02,sad,-6.831221003543478
23,joint,actor_16_statement_02,source_center_noop,pair_0062_happy,16,02,happy,3.604841957435662
23,joint,actor_16_statement_02,source_center_noop,pair_0062_sad,16,02,sad,-4.379388807578797
23,joint,actor_16_statement_02,source_center_noop,pair_0063_happy,16,02,happy,-2.7150843753420286
23,joint,actor_16_statement_02,source_center_noop,pair_0063_sad,16,02,sad,-6.831221003543478
23,joint,actor_16_statement_02,independent_center,pair_0062_happy,16,02,happy,9.505085628162467
23,joint,actor_16_statement_02,independent_center,pair_0062_sad,16,02,sad,1.520854863148008
23,joint,actor_16_statement_02,independent_center,pair_0063_happy,16,02,happy,3.1851592953847767
23,joint,actor_16_statement_02,independent_center,pair_0063_sad,16,02,sad,-0.9309773328166724
23,joint,actor_16_statement_02,independent_rank1,pair_0062_happy,16,02,happy,9.491942497836853
23,joint,actor_16_statement_02,independent_rank1,pair_0062_sad,16,02,sad,1.2807917210206732
23,joint,actor_16_statement_02,independent_rank1,pair_0063_happy,16,02,happy,3.394241053048063
23,joint,actor_16_statement_02,independent_rank1,pair_0063_sad,16,02,sad,-1.2313126278005608
23,joint,actor_17_statement_01,raw,pair_0064_happy,17,01,happy,-7.123311948747493
23,joint,actor_17_statement_01,raw,pair_0064_sad,17,01,sad,-7.569138767916829
23,joint,actor_17_statement_01,raw,pair_0065_happy,17,01,happy,-6.647691788986633
23,joint,actor_17_statement_01,raw,pair_0065_sad,17,01,sad,-4.965262161027886
23,joint,actor_17_statement_01,source_center_noop,pair_0064_happy,17,01,happy,-7.123311948747493
23,joint,actor_17_statement_01,source_center_noop,pair_0064_sad,17,01,sad,-7.569138767916829
23,joint,actor_17_statement_01,source_center_noop,pair_0065_happy,17,01,happy,-6.647691788986633
23,joint,actor_17_statement_01,source_center_noop,pair_0065_sad,17,01,sad,-4.965262161027886
23,joint,actor_17_statement_01,independent_center,pair_0064_happy,17,01,happy,-0.9595589610944115
23,joint,actor_17_statement_01,independent_center,pair_0064_sad,17,01,sad,-1.4053857802637477
23,joint,actor_17_statement_01,independent_center,pair_0065_happy,17,01,happy,-0.4839388013335517
23,joint,actor_17_statement_01,independent_center,pair_0065_sad,17,01,sad,1.1984908266251955
23,joint,actor_17_statement_01,independent_rank1,pair_0064_happy,17,01,happy,-0.8054260152381705
23,joint,actor_17_statement_01,independent_rank1,pair_0064_sad,17,01,sad,-1.8668004123785478
23,joint,actor_17_statement_01,independent_rank1,pair_0065_happy,17,01,happy,-0.058710670640137685
23,joint,actor_17_statement_01,independent_rank1,pair_0065_sad,17,01,sad,1.3302704722625434
23,joint,actor_17_statement_02,raw,pair_0066_happy,17,02,happy,-23.593579353388584
23,joint,actor_17_statement_02,raw,pair_0066_sad,17,02,sad,-34.89935246031829
23,joint,actor_17_statement_02,raw,pair_0067_happy,17,02,happy,-21.346836134063214
23,joint,actor_17_statement_02,raw,pair_0067_sad,17,02,sad,-26.928929157920862
23,joint,actor_17_statement_02,source_center_noop,pair_0066_happy,17,02,happy,-23.593579353388584
23,joint,actor_17_statement_02,source_center_noop,pair_0066_sad,17,02,sad,-34.89935246031829
23,joint,actor_17_statement_02,source_center_noop,pair_0067_happy,17,02,happy,-21.346836134063214
23,joint,actor_17_statement_02,source_center_noop,pair_0067_sad,17,02,sad,-26.928929157920862
23,joint,actor_17_statement_02,independent_center,pair_0066_happy,17,02,happy,5.582345631564234
23,joint,actor_17_statement_02,independent_center,pair_0066_sad,17,02,sad,-5.723427475365472
23,joint,actor_17_statement_02,independent_center,pair_0067_happy,17,02,happy,7.829088850889605
23,joint,actor_17_statement_02,independent_center,pair_0067_sad,17,02,sad,2.246995827031956
23,joint,actor_17_statement_02,independent_rank1,pair_0066_happy,17,02,happy,3.5412947628990246
23,joint,actor_17_statement_02,independent_rank1,pair_0066_sad,17,02,sad,-5.478720699228026
23,joint,actor_17_statement_02,independent_rank1,pair_0067_happy,17,02,happy,3.3954387023485424
23,joint,actor_17_statement_02,independent_rank1,pair_0067_sad,17,02,sad,1.5263047022189333
23,joint,actor_18_statement_01,raw,pair_0068_happy,18,01,happy,-40.941725138054736
23,joint,actor_18_statement_01,raw,pair_0068_sad,18,01,sad,-48.80088256935461
23,joint,actor_18_statement_01,raw,pair_0069_happy,18,01,happy,-40.14156327337769
23,joint,actor_18_statement_01,raw,pair_0069_sad,18,01,sad,-50.097401113494826
23,joint,actor_18_statement_01,source_center_noop,pair_0068_happy,18,01,happy,-40.941725138054736
23,joint,actor_18_statement_01,source_center_noop,pair_0068_sad,18,01,sad,-48.80088256935461
23,joint,actor_18_statement_01,source_center_noop,pair_0069_happy,18,01,happy,-40.14156327337769
23,joint,actor_18_statement_01,source_center_noop,pair_0069_sad,18,01,sad,-50.097401113494826
23,joint,actor_18_statement_01,independent_center,pair_0068_happy,18,01,happy,2.1704536216613803
23,joint,actor_18_statement_01,independent_center,pair_0068_sad,18,01,sad,-5.688703809638497
23,joint,actor_18_statement_01,independent_center,pair_0069_happy,18,01,happy,2.970615486338424
23,joint,actor_18_statement_01,independent_center,pair_0069_sad,18,01,sad,-6.98522235377871
23,joint,actor_18_statement_01,independent_rank1,pair_0068_happy,18,01,happy,2.5915030890182353
23,joint,actor_18_statement_01,independent_rank1,pair_0068_sad,18,01,sad,-5.082545402002507
23,joint,actor_18_statement_01,independent_rank1,pair_0069_happy,18,01,happy,5.1008817635709205
23,joint,actor_18_statement_01,independent_rank1,pair_0069_sad,18,01,sad,-5.895589888552921
23,joint,actor_18_statement_02,raw,pair_0070_happy,18,02,happy,-17.4981890897891
23,joint,actor_18_statement_02,raw,pair_0070_sad,18,02,sad,-25.535372982259744
23,joint,actor_18_statement_02,raw,pair_0071_happy,18,02,happy,-11.027601598673517
23,joint,actor_18_statement_02,raw,pair_0071_sad,18,02,sad,-31.996433471372647
23,joint,actor_18_statement_02,source_center_noop,pair_0070_happy,18,02,happy,-17.4981890897891
23,joint,actor_18_statement_02,source_center_noop,pair_0070_sad,18,02,sad,-25.535372982259744
23,joint,actor_18_statement_02,source_center_noop,pair_0071_happy,18,02,happy,-11.027601598673517
23,joint,actor_18_statement_02,source_center_noop,pair_0071_sad,18,02,sad,-31.996433471372647
23,joint,actor_18_statement_02,independent_center,pair_0070_happy,18,02,happy,5.08434569386176
23,joint,actor_18_statement_02,independent_center,pair_0070_sad,18,02,sad,-2.952838198608884
23,joint,actor_18_statement_02,independent_center,pair_0071_happy,18,02,happy,11.554933184977344
23,joint,actor_18_statement_02,independent_center,pair_0071_sad,18,02,sad,-9.413898687721787
23,joint,actor_18_statement_02,independent_rank1,pair_0070_happy,18,02,happy,5.305448670595652
23,joint,actor_18_statement_02,independent_rank1,pair_0070_sad,18,02,sad,-3.992085600374887
23,joint,actor_18_statement_02,independent_rank1,pair_0071_happy,18,02,happy,-8.758396262531408
23,joint,actor_18_statement_02,independent_rank1,pair_0071_sad,18,02,sad,-9.672699952893424
23,joint,actor_19_statement_01,raw,pair_0072_happy,19,01,happy,-1.6998026123826984
23,joint,actor_19_statement_01,raw,pair_0072_sad,19,01,sad,-0.25182539935053416
23,joint,actor_19_statement_01,raw,pair_0073_happy,19,01,happy,-2.2034830367330027
23,joint,actor_19_statement_01,raw,pair_0073_sad,19,01,sad,0.6225962283410018
23,joint,actor_19_statement_01,source_center_noop,pair_0072_happy,19,01,happy,-1.6998026123826984
23,joint,actor_19_statement_01,source_center_noop,pair_0072_sad,19,01,sad,-0.25182539935053416
23,joint,actor_19_statement_01,source_center_noop,pair_0073_happy,19,01,happy,-2.2034830367330027
23,joint,actor_19_statement_01,source_center_noop,pair_0073_sad,19,01,sad,0.6225962283410018
23,joint,actor_19_statement_01,independent_center,pair_0072_happy,19,01,happy,-0.7502672866547604
23,joint,actor_19_statement_01,independent_center,pair_0072_sad,19,01,sad,0.6977099263774038
23,joint,actor_19_statement_01,independent_center,pair_0073_happy,19,01,happy,-1.2539477110050647
23,joint,actor_19_statement_01,independent_center,pair_0073_sad,19,01,sad,1.5721315540689398
23,joint,actor_19_statement_01,independent_rank1,pair_0072_happy,19,01,happy,-1.383759246523701
23,joint,actor_19_statement_01,independent_rank1,pair_0072_sad,19,01,sad,0.6592838098222468
23,joint,actor_19_statement_01,independent_rank1,pair_0073_happy,19,01,happy,-0.7053525064713321
23,joint,actor_19_statement_01,independent_rank1,pair_0073_sad,19,01,sad,2.0016424836491504
23,joint,actor_19_statement_02,raw,pair_0074_happy,19,02,happy,-18.41351946851328
23,joint,actor_19_statement_02,raw,pair_0074_sad,19,02,sad,-12.118370556413222
23,joint,actor_19_statement_02,raw,pair_0075_happy,19,02,happy,-10.506892285086309
23,joint,actor_19_statement_02,raw,pair_0075_sad,19,02,sad,-21.273674605370566
23,joint,actor_19_statement_02,source_center_noop,pair_0074_happy,19,02,happy,-18.41351946851328
23,joint,actor_19_statement_02,source_center_noop,pair_0074_sad,19,02,sad,-12.118370556413222
23,joint,actor_19_statement_02,source_center_noop,pair_0075_happy,19,02,happy,-10.506892285086309
23,joint,actor_19_statement_02,source_center_noop,pair_0075_sad,19,02,sad,-21.273674605370566
23,joint,actor_19_statement_02,independent_center,pair_0074_happy,19,02,happy,0.5624217875354312
23,joint,actor_19_statement_02,independent_center,pair_0074_sad,19,02,sad,6.857570699635488
23,joint,actor_19_statement_02,independent_center,pair_0075_happy,19,02,happy,8.469048970962401
23,joint,actor_19_statement_02,independent_center,pair_0075_sad,19,02,sad,-2.297733349321856
23,joint,actor_19_statement_02,independent_rank1,pair_0074_happy,19,02,happy,2.2528876092575896
23,joint,actor_19_statement_02,independent_rank1,pair_0074_sad,19,02,sad,6.791302372355274
23,joint,actor_19_statement_02,independent_rank1,pair_0075_happy,19,02,happy,8.948823339505568
23,joint,actor_19_statement_02,independent_rank1,pair_0075_sad,19,02,sad,-2.924907707097603
23,joint,actor_20_statement_01,raw,pair_0076_happy,20,01,happy,-16.03545262411882
23,joint,actor_20_statement_01,raw,pair_0076_sad,20,01,sad,-14.368228576945205
23,joint,actor_20_statement_01,raw,pair_0077_happy,20,01,happy,-11.792668380905887
23,joint,actor_20_statement_01,raw,pair_0077_sad,20,01,sad,-15.810780592179102
23,joint,actor_20_statement_01,source_center_noop,pair_0076_happy,20,01,happy,-16.03545262411882
23,joint,actor_20_statement_01,source_center_noop,pair_0076_sad,20,01,sad,-14.368228576945205
23,joint,actor_20_statement_01,source_center_noop,pair_0077_happy,20,01,happy,-11.792668380905887
23,joint,actor_20_statement_01,source_center_noop,pair_0077_sad,20,01,sad,-15.810780592179102
23,joint,actor_20_statement_01,independent_center,pair_0076_happy,20,01,happy,-3.1984777242412203
23,joint,actor_20_statement_01,independent_center,pair_0076_sad,20,01,sad,-1.5312536770676033
23,joint,actor_20_statement_01,independent_center,pair_0077_happy,20,01,happy,1.0443065189717142
23,joint,actor_20_statement_01,independent_center,pair_0077_sad,20,01,sad,-2.9738056923015
23,joint,actor_20_statement_01,independent_rank1,pair_0076_happy,20,01,happy,-3.421564625968232
23,joint,actor_20_statement_01,independent_rank1,pair_0076_sad,20,01,sad,-0.8379741250794444
23,joint,actor_20_statement_01,independent_rank1,pair_0077_happy,20,01,happy,0.4700052805942516
23,joint,actor_20_statement_01,independent_rank1,pair_0077_sad,20,01,sad,-3.437476056334252
23,joint,actor_20_statement_02,raw,pair_0078_happy,20,02,happy,-16.26659228236703
23,joint,actor_20_statement_02,raw,pair_0078_sad,20,02,sad,-16.175679963896833
23,joint,actor_20_statement_02,raw,pair_0079_happy,20,02,happy,-29.279166417683825
23,joint,actor_20_statement_02,raw,pair_0079_sad,20,02,sad,-12.812591085441715
23,joint,actor_20_statement_02,source_center_noop,pair_0078_happy,20,02,happy,-16.26659228236703
23,joint,actor_20_statement_02,source_center_noop,pair_0078_sad,20,02,sad,-16.175679963896833
23,joint,actor_20_statement_02,source_center_noop,pair_0079_happy,20,02,happy,-29.279166417683825
23,joint,actor_20_statement_02,source_center_noop,pair_0079_sad,20,02,sad,-12.812591085441715
23,joint,actor_20_statement_02,independent_center,pair_0078_happy,20,02,happy,1.7086025660399713
23,joint,actor_20_statement_02,independent_center,pair_0078_sad,20,02,sad,1.7995148845101667
23,joint,actor_20_statement_02,independent_center,pair_0079_happy,20,02,happy,-11.303971569276825
23,joint,actor_20_statement_02,independent_center,pair_0079_sad,20,02,sad,5.162603762965285
23,joint,actor_20_statement_02,independent_rank1,pair_0078_happy,20,02,happy,3.8337323570659123
23,joint,actor_20_statement_02,independent_rank1,pair_0078_sad,20,02,sad,-6.948114160497834
23,joint,actor_20_statement_02,independent_rank1,pair_0079_happy,20,02,happy,-12.04764483685926
23,joint,actor_20_statement_02,independent_rank1,pair_0079_sad,20,02,sad,5.662964680128214
23,joint,actor_21_statement_01,raw,pair_0080_happy,21,01,happy,-0.7428257933373379
23,joint,actor_21_statement_01,raw,pair_0080_sad,21,01,sad,-4.4587019463127096
23,joint,actor_21_statement_01,raw,pair_0081_happy,21,01,happy,-1.357684915474675
23,joint,actor_21_statement_01,raw,pair_0081_sad,21,01,sad,-6.5735946021147615
23,joint,actor_21_statement_01,source_center_noop,pair_0080_happy,21,01,happy,-0.7428257933373379
23,joint,actor_21_statement_01,source_center_noop,pair_0080_sad,21,01,sad,-4.4587019463127096
23,joint,actor_21_statement_01,source_center_noop,pair_0081_happy,21,01,happy,-1.357684915474675
23,joint,actor_21_statement_01,source_center_noop,pair_0081_sad,21,01,sad,-6.5735946021147615
23,joint,actor_21_statement_01,independent_center,pair_0080_happy,21,01,happy,5.515258268093692
23,joint,actor_21_statement_01,independent_center,pair_0080_sad,21,01,sad,1.7993821151183207
23,joint,actor_21_statement_01,independent_center,pair_0081_happy,21,01,happy,4.900399145956355
23,joint,actor_21_statement_01,independent_center,pair_0081_sad,21,01,sad,-0.3155105406837313
23,joint,actor_21_statement_01,independent_rank1,pair_0080_happy,21,01,happy,5.3940730061506015
23,joint,actor_21_statement_01,independent_rank1,pair_0080_sad,21,01,sad,0.5093835337046944
23,joint,actor_21_statement_01,independent_rank1,pair_0081_happy,21,01,happy,5.271105044772426
23,joint,actor_21_statement_01,independent_rank1,pair_0081_sad,21,01,sad,-1.8108490972607916
23,joint,actor_21_statement_02,raw,pair_0082_happy,21,02,happy,-7.0219094403515285
23,joint,actor_21_statement_02,raw,pair_0082_sad,21,02,sad,-22.277097584204267
23,joint,actor_21_statement_02,raw,pair_0083_happy,21,02,happy,-8.960331159790591
23,joint,actor_21_statement_02,raw,pair_0083_sad,21,02,sad,-14.352667204294573
23,joint,actor_21_statement_02,source_center_noop,pair_0082_happy,21,02,happy,-7.0219094403515285
23,joint,actor_21_statement_02,source_center_noop,pair_0082_sad,21,02,sad,-22.277097584204267
23,joint,actor_21_statement_02,source_center_noop,pair_0083_happy,21,02,happy,-8.960331159790591
23,joint,actor_21_statement_02,source_center_noop,pair_0083_sad,21,02,sad,-14.352667204294573
23,joint,actor_21_statement_02,independent_center,pair_0082_happy,21,02,happy,7.6675451158700305
23,joint,actor_21_statement_02,independent_center,pair_0082_sad,21,02,sad,-7.587643027982708
23,joint,actor_21_statement_02,independent_center,pair_0083_happy,21,02,happy,5.729123396430968
23,joint,actor_21_statement_02,independent_center,pair_0083_sad,21,02,sad,0.3367873519269864
23,joint,actor_21_statement_02,independent_rank1,pair_0082_happy,21,02,happy,7.7602455397683805
23,joint,actor_21_statement_02,independent_rank1,pair_0082_sad,21,02,sad,-6.3505696234981315
23,joint,actor_21_statement_02,independent_rank1,pair_0083_happy,21,02,happy,7.339744280492951
23,joint,actor_21_statement_02,independent_rank1,pair_0083_sad,21,02,sad,1.092245587014304
23,joint,actor_22_statement_01,raw,pair_0084_happy,22,01,happy,-7.317930807759012
23,joint,actor_22_statement_01,raw,pair_0084_sad,22,01,sad,-12.871836383769203
23,joint,actor_22_statement_01,raw,pair_0085_happy,22,01,happy,-8.73274056523233
23,joint,actor_22_statement_01,raw,pair_0085_sad,22,01,sad,-10.78961563493762
23,joint,actor_22_statement_01,source_center_noop,pair_0084_happy,22,01,happy,-7.317930807759012
23,joint,actor_22_statement_01,source_center_noop,pair_0084_sad,22,01,sad,-12.871836383769203
23,joint,actor_22_statement_01,source_center_noop,pair_0085_happy,22,01,happy,-8.73274056523233
23,joint,actor_22_statement_01,source_center_noop,pair_0085_sad,22,01,sad,-10.78961563493762
23,joint,actor_22_statement_01,independent_center,pair_0084_happy,22,01,happy,0.7873480456730952
23,joint,actor_22_statement_01,independent_center,pair_0084_sad,22,01,sad,-4.766557530337096
23,joint,actor_22_statement_01,independent_center,pair_0085_happy,22,01,happy,-0.6274617118002226
23,joint,actor_22_statement_01,independent_center,pair_0085_sad,22,01,sad,-2.684336781505513
23,joint,actor_22_statement_01,independent_rank1,pair_0084_happy,22,01,happy,1.4233925146771709
23,joint,actor_22_statement_01,independent_rank1,pair_0084_sad,22,01,sad,-4.942463975238766
23,joint,actor_22_statement_01,independent_rank1,pair_0085_happy,22,01,happy,-0.49423216899644673
23,joint,actor_22_statement_01,independent_rank1,pair_0085_sad,22,01,sad,-2.8468322569535354
23,joint,actor_22_statement_02,raw,pair_0086_happy,22,02,happy,-11.254113128369786
23,joint,actor_22_statement_02,raw,pair_0086_sad,22,02,sad,-21.06481346009523
23,joint,actor_22_statement_02,raw,pair_0087_happy,22,02,happy,-11.108086230581327
23,joint,actor_22_statement_02,raw,pair_0087_sad,22,02,sad,-22.13630201471055
23,joint,actor_22_statement_02,source_center_noop,pair_0086_happy,22,02,happy,-11.254113128369786
23,joint,actor_22_statement_02,source_center_noop,pair_0086_sad,22,02,sad,-21.06481346009523
23,joint,actor_22_statement_02,source_center_noop,pair_0087_happy,22,02,happy,-11.108086230581327
23,joint,actor_22_statement_02,source_center_noop,pair_0087_sad,22,02,sad,-22.13630201471055
23,joint,actor_22_statement_02,independent_center,pair_0086_happy,22,02,happy,7.586955841027349
23,joint,actor_22_statement_02,independent_center,pair_0086_sad,22,02,sad,-2.2237444906980954
23,joint,actor_22_statement_02,independent_center,pair_0087_happy,22,02,happy,7.732982738815808
23,joint,actor_22_statement_02,independent_center,pair_0087_sad,22,02,sad,-3.2952330453134167
23,joint,actor_22_statement_02,independent_rank1,pair_0086_happy,22,02,happy,7.875477666019291
23,joint,actor_22_statement_02,independent_rank1,pair_0086_sad,22,02,sad,-3.0436391406402112
23,joint,actor_22_statement_02,independent_rank1,pair_0087_happy,22,02,happy,7.889518966697912
23,joint,actor_22_statement_02,independent_rank1,pair_0087_sad,22,02,sad,-0.6763337973586889
23,joint,actor_23_statement_01,raw,pair_0088_happy,23,01,happy,-5.886553461152711
23,joint,actor_23_statement_01,raw,pair_0088_sad,23,01,sad,-9.108886192093543
23,joint,actor_23_statement_01,raw,pair_0089_happy,23,01,happy,-6.057620143066296
23,joint,actor_23_statement_01,raw,pair_0089_sad,23,01,sad,-5.8864586071469125
23,joint,actor_23_statement_01,source_center_noop,pair_0088_happy,23,01,happy,-5.886553461152711
23,joint,actor_23_statement_01,source_center_noop,pair_0088_sad,23,01,sad,-9.108886192093543
23,joint,actor_23_statement_01,source_center_noop,pair_0089_happy,23,01,happy,-6.057620143066296
23,joint,actor_23_statement_01,source_center_noop,pair_0089_sad,23,01,sad,-5.8864586071469125
23,joint,actor_23_statement_01,independent_center,pair_0088_happy,23,01,happy,2.0697942514229437
23,joint,actor_23_statement_01,independent_center,pair_0088_sad,23,01,sad,-1.1525384795178883
23,joint,actor_23_statement_01,independent_center,pair_0089_happy,23,01,happy,1.8987275695093588
23,joint,actor_23_statement_01,independent_center,pair_0089_sad,23,01,sad,2.069889105428742
23,joint,actor_23_statement_01,independent_rank1,pair_0088_happy,23,01,happy,2.997578638254484
23,joint,actor_23_statement_01,independent_rank1,pair_0088_sad,23,01,sad,-0.7005244165322946
23,joint,actor_23_statement_01,independent_rank1,pair_0089_happy,23,01,happy,2.1854737984755532
23,joint,actor_23_statement_01,independent_rank1,pair_0089_sad,23,01,sad,1.3599201328899682
23,joint,actor_23_statement_02,raw,pair_0090_happy,23,02,happy,-4.084060236156202
23,joint,actor_23_statement_02,raw,pair_0090_sad,23,02,sad,-4.645295292943829
23,joint,actor_23_statement_02,raw,pair_0091_happy,23,02,happy,3.1490883183929546
23,joint,actor_23_statement_02,raw,pair_0091_sad,23,02,sad,-0.3956831372658314
23,joint,actor_23_statement_02,source_center_noop,pair_0090_happy,23,02,happy,-4.084060236156202
23,joint,actor_23_statement_02,source_center_noop,pair_0090_sad,23,02,sad,-4.645295292943829
23,joint,actor_23_statement_02,source_center_noop,pair_0091_happy,23,02,happy,3.1490883183929546
23,joint,actor_23_statement_02,source_center_noop,pair_0091_sad,23,02,sad,-0.3956831372658314
23,joint,actor_23_statement_02,independent_center,pair_0090_happy,23,02,happy,0.2689923470531559
23,joint,actor_23_statement_02,independent_center,pair_0090_sad,23,02,sad,-0.2922427097344711
23,joint,actor_23_statement_02,independent_center,pair_0091_happy,23,02,happy,7.502140901602313
23,joint,actor_23_statement_02,independent_center,pair_0091_sad,23,02,sad,3.9573694459435265
23,joint,actor_23_statement_02,independent_rank1,pair_0090_happy,23,02,happy,-0.2332393334528903
23,joint,actor_23_statement_02,independent_rank1,pair_0090_sad,23,02,sad,-0.15785369818535946
23,joint,actor_23_statement_02,independent_rank1,pair_0091_happy,23,02,happy,6.905319177287695
23,joint,actor_23_statement_02,independent_rank1,pair_0091_sad,23,02,sad,4.015029529147491
23,joint,actor_24_statement_01,raw,pair_0092_happy,24,01,happy,-6.019499809346318
23,joint,actor_24_statement_01,raw,pair_0092_sad,24,01,sad,-8.950850578823319
23,joint,actor_24_statement_01,raw,pair_0093_happy,24,01,happy,-3.3620037356044463
23,joint,actor_24_statement_01,raw,pair_0093_sad,24,01,sad,-3.869063306631274
23,joint,actor_24_statement_01,source_center_noop,pair_0092_happy,24,01,happy,-6.019499809346318
23,joint,actor_24_statement_01,source_center_noop,pair_0092_sad,24,01,sad,-8.950850578823319
23,joint,actor_24_statement_01,source_center_noop,pair_0093_happy,24,01,happy,-3.3620037356044463
23,joint,actor_24_statement_01,source_center_noop,pair_0093_sad,24,01,sad,-3.869063306631274
23,joint,actor_24_statement_01,independent_center,pair_0092_happy,24,01,happy,-0.11504644451550217
23,joint,actor_24_statement_01,independent_center,pair_0092_sad,24,01,sad,-3.0463972139925035
23,joint,actor_24_statement_01,independent_center,pair_0093_happy,24,01,happy,2.542449629226369
23,joint,actor_24_statement_01,independent_center,pair_0093_sad,24,01,sad,2.0353900581995417
23,joint,actor_24_statement_01,independent_rank1,pair_0092_happy,24,01,happy,0.16331366529128744
23,joint,actor_24_statement_01,independent_rank1,pair_0092_sad,24,01,sad,-3.9377317899615285
23,joint,actor_24_statement_01,independent_rank1,pair_0093_happy,24,01,happy,2.1286425799036017
23,joint,actor_24_statement_01,independent_rank1,pair_0093_sad,24,01,sad,0.49419060444981966
23,joint,actor_24_statement_02,raw,pair_0094_happy,24,02,happy,-29.0757647133278
23,joint,actor_24_statement_02,raw,pair_0094_sad,24,02,sad,-32.24054831942264
23,joint,actor_24_statement_02,raw,pair_0095_happy,24,02,happy,-25.504690143756488
23,joint,actor_24_statement_02,raw,pair_0095_sad,24,02,sad,-34.29163252464794
23,joint,actor_24_statement_02,source_center_noop,pair_0094_happy,24,02,happy,-29.0757647133278
23,joint,actor_24_statement_02,source_center_noop,pair_0094_sad,24,02,sad,-32.24054831942264
23,joint,actor_24_statement_02,source_center_noop,pair_0095_happy,24,02,happy,-25.504690143756488
23,joint,actor_24_statement_02,source_center_noop,pair_0095_sad,24,02,sad,-34.29163252464794
23,joint,actor_24_statement_02,independent_center,pair_0094_happy,24,02,happy,2.4742403986147536
23,joint,actor_24_statement_02,independent_center,pair_0094_sad,24,02,sad,-0.6905432074800899
23,joint,actor_24_statement_02,independent_center,pair_0095_happy,24,02,happy,6.045314968186066
23,joint,actor_24_statement_02,independent_center,pair_0095_sad,24,02,sad,-2.741627412705384
23,joint,actor_24_statement_02,independent_rank1,pair_0094_happy,24,02,happy,0.2449082097429347
23,joint,actor_24_statement_02,independent_rank1,pair_0094_sad,24,02,sad,-3.016098600895436
23,joint,actor_24_statement_02,independent_rank1,pair_0095_happy,24,02,happy,6.902704022414703
23,joint,actor_24_statement_02,independent_rank1,pair_0095_sad,24,02,sad,-1.582050472859212
