sample_id,pair_id,actor,statement,repetition,intensity,emotion,donor_sample_id,donor_sign,condition,component,restore_layers,clean_margin,patched_margin,restored_margin,patch_effect,remaining_effect,mediated_effect,reference_source_margin
pair_0000_happy,pair_0000,01,01,01,01,happy,pair_0000_sad,-1,edge_decision_joint,audio_v_edge,"[18, 19, 20, 21, 22, 23]",-4.591665744781494,-4.7230024337768555,-4.620932102203369,0.13133668899536133,0.029266357421875,0.10207033157348633,-4.625507354736328
pair_0000_happy,pair_0000,01,01,01,01,happy,pair_0000_sad,-1,edge_audio_joint,audio_v_edge,"[18, 19, 20, 21, 22, 23]",-4.591665744781494,-4.7230024337768555,-4.737548828125,0.13133668899536133,0.14588308334350586,-0.014546394348144531,-4.625507354736328
pair_0000_happy,pair_0000,01,01,01,01,happy,pair_0000_sad,-1,edge_end_marker_joint,audio_v_edge,"[18, 19, 20, 21, 22, 23]",-4.591665744781494,-4.7230024337768555,-4.723010063171387,0.13133668899536133,0.13134431838989258,-7.62939453125e-06,-4.625507354736328
pair_0000_happy,pair_0000,01,01,01,01,happy,pair_0000_sad,-1,edge_non_decision_joint,audio_v_edge,"[18, 19, 20, 21, 22, 23]",-4.591665744781494,-4.7230024337768555,-4.737530708312988,0.13133668899536133,0.14586496353149414,-0.014528274536132812,-4.625507354736328
pair_0000_happy,pair_0000,01,01,01,01,happy,pair_0000_sad,-1,edge_all_joint,audio_v_edge,"[18, 19, 20, 21, 22, 23]",-4.591665744781494,-4.7230024337768555,-4.625509262084961,0.13133668899536133,0.0338435173034668,0.09749317169189453,-4.625507354736328
pair_0000_sad,pair_0000,01,01,01,01,sad,pair_0000_happy,1,edge_decision_joint,audio_v_edge,"[18, 19, 20, 21, 22, 23]",-4.472484111785889,-4.368217468261719,-4.403267860412598,0.10426664352416992,0.06921625137329102,0.035050392150878906,-4.382829666137695
pair_0000_sad,pair_0000,01,01,01,01,sad,pair_0000_happy,1,edge_audio_joint,audio_v_edge,"[18, 19, 20, 21, 22, 23]",-4.472484111785889,-4.368217468261719,-4.389209270477295,0.10426664352416992,0.08327484130859375,0.020991802215576172,-4.382829666137695
pair_0000_sad,pair_0000,01,01,01,01,sad,pair_0000_happy,1,edge_end_marker_joint,audio_v_edge,"[18, 19, 20, 21, 22, 23]",-4.472484111785889,-4.368217468261719,-4.368212699890137,0.10426664352416992,0.10427141189575195,-4.76837158203125e-06,-4.382829666137695
pair_0000_sad,pair_0000,01,01,01,01,sad,pair_0000_happy,1,edge_non_decision_joint,audio_v_edge,"[18, 19, 20, 21, 22, 23]",-4.472484111785889,-4.368217468261719,-4.389179229736328,0.10426664352416992,0.08330488204956055,0.020961761474609375,-4.382829666137695
pair_0000_sad,pair_0000,01,01,01,01,sad,pair_0000_happy,1,edge_all_joint,audio_v_edge,"[18, 19, 20, 21, 22, 23]",-4.472484111785889,-4.368217468261719,-4.382829666137695,0.10426664352416992,0.08965444564819336,0.014612197875976562,-4.382829666137695
pair_0001_happy,pair_0001,01,01,02,01,happy,pair_0001_sad,-1,edge_decision_joint,audio_v_edge,"[18, 19, 20, 21, 22, 23]",-4.798401832580566,-4.856759071350098,-4.867458343505859,0.05835723876953125,0.06905651092529297,-0.010699272155761719,-4.846764087677002
pair_0001_happy,pair_0001,01,01,02,01,happy,pair_0001_sad,-1,edge_audio_joint,audio_v_edge,"[18, 19, 20, 21, 22, 23]",-4.798401832580566,-4.856759071350098,-4.879138946533203,0.05835723876953125,0.08073711395263672,-0.02237987518310547,-4.846764087677002
pair_0001_happy,pair_0001,01,01,02,01,happy,pair_0001_sad,-1,edge_end_marker_joint,audio_v_edge,"[18, 19, 20, 21, 22, 23]",-4.798401832580566,-4.856759071350098,-4.856657981872559,0.05835723876953125,0.05825614929199219,0.0001010894775390625,-4.846764087677002
pair_0001_happy,pair_0001,01,01,02,01,happy,pair_0001_sad,-1,edge_non_decision_joint,audio_v_edge,"[18, 19, 20, 21, 22, 23]",-4.798401832580566,-4.856759071350098,-4.879022598266602,0.05835723876953125,0.08062076568603516,-0.022263526916503906,-4.846764087677002
pair_0001_happy,pair_0001,01,01,02,01,happy,pair_0001_sad,-1,edge_all_joint,audio_v_edge,"[18, 19, 20, 21, 22, 23]",-4.798401832580566,-4.856759071350098,-4.846765518188477,0.05835723876953125,0.048363685607910156,0.009993553161621094,-4.846764087677002
pair_0001_sad,pair_0001,01,01,02,01,sad,pair_0001_happy,1,edge_decision_joint,audio_v_edge,"[18, 19, 20, 21, 22, 23]",-4.81397819519043,-4.774052143096924,-4.927112102508545,0.03992605209350586,-0.11313390731811523,0.1530599594116211,-4.919282913208008
pair_0001_sad,pair_0001,01,01,02,01,sad,pair_0001_happy,1,edge_audio_joint,audio_v_edge,"[18, 19, 20, 21, 22, 23]",-4.81397819519043,-4.774052143096924,-4.78619909286499,0.03992605209350586,0.027779102325439453,0.012146949768066406,-4.919282913208008
pair_0001_sad,pair_0001,01,01,02,01,sad,pair_0001_happy,1,edge_end_marker_joint,audio_v_edge,"[18, 19, 20, 21, 22, 23]",-4.81397819519043,-4.774052143096924,-4.774026870727539,0.03992605209350586,0.039951324462890625,-2.5272369384765625e-05,-4.919282913208008
pair_0001_sad,pair_0001,01,01,02,01,sad,pair_0001_happy,1,edge_non_decision_joint,audio_v_edge,"[18, 19, 20, 21, 22, 23]",-4.81397819519043,-4.774052143096924,-4.786165237426758,0.03992605209350586,0.027812957763671875,0.012113094329833984,-4.919282913208008
pair_0001_sad,pair_0001,01,01,02,01,sad,pair_0001_happy,1,edge_all_joint,audio_v_edge,"[18, 19, 20, 21, 22, 23]",-4.81397819519043,-4.774052143096924,-4.919282913208008,0.03992605209350586,-0.10530471801757812,0.14523077011108398,-4.919282913208008
pair_0002_happy,pair_0002,01,02,01,01,happy,pair_0002_sad,-1,edge_decision_joint,audio_v_edge,"[18, 19, 20, 21, 22, 23]",-3.534588098526001,-3.6721723079681396,-3.4074008464813232,0.13758420944213867,-0.12718725204467773,0.2647714614868164,-3.410766839981079
pair_0002_happy,pair_0002,01,02,01,01,happy,pair_0002_sad,-1,edge_audio_joint,audio_v_edge,"[18, 19, 20, 21, 22, 23]",-3.534588098526001,-3.6721723079681396,-3.698643684387207,0.13758420944213867,0.16405558586120605,-0.026471376419067383,-3.410766839981079
pair_0002_happy,pair_0002,01,02,01,01,happy,pair_0002_sad,-1,edge_end_marker_joint,audio_v_edge,"[18, 19, 20, 21, 22, 23]",-3.534588098526001,-3.6721723079681396,-3.672182559967041,0.13758420944213867,0.13759446144104004,-1.0251998901367188e-05,-3.410766839981079
pair_0002_happy,pair_0002,01,02,01,01,happy,pair_0002_sad,-1,edge_non_decision_joint,audio_v_edge,"[18, 19, 20, 21, 22, 23]",-3.534588098526001,-3.6721723079681396,-3.6986379623413086,0.13758420944213867,0.16404986381530762,-0.026465654373168945,-3.410766839981079
pair_0002_happy,pair_0002,01,02,01,01,happy,pair_0002_sad,-1,edge_all_joint,audio_v_edge,"[18, 19, 20, 21, 22, 23]",-3.534588098526001,-3.6721723079681396,-3.4107656478881836,0.13758420944213867,-0.12382245063781738,0.26140666007995605,-3.410766839981079
pair_0002_sad,pair_0002,01,02,01,01,sad,pair_0002_happy,1,edge_decision_joint,audio_v_edge,"[18, 19, 20, 21, 22, 23]",-3.9419286251068115,-3.8145644664764404,-3.8731298446655273,0.1273641586303711,0.06879878044128418,0.058565378189086914,-3.878784418106079
pair_0002_sad,pair_0002,01,02,01,01,sad,pair_0002_happy,1,edge_audio_joint,audio_v_edge,"[18, 19, 20, 21, 22, 23]",-3.9419286251068115,-3.8145644664764404,-3.789797306060791,0.1273641586303711,0.1521313190460205,-0.024767160415649414,-3.878784418106079
pair_0002_sad,pair_0002,01,02,01,01,sad,pair_0002_happy,1,edge_end_marker_joint,audio_v_edge,"[18, 19, 20, 21, 22, 23]",-3.9419286251068115,-3.8145644664764404,-3.8145151138305664,0.1273641586303711,0.12741351127624512,-4.935264587402344e-05,-3.878784418106079
pair_0002_sad,pair_0002,01,02,01,01,sad,pair_0002_happy,1,edge_non_decision_joint,audio_v_edge,"[18, 19, 20, 21, 22, 23]",-3.9419286251068115,-3.8145644664764404,-3.7897424697875977,0.1273641586303711,0.15218615531921387,-0.024821996688842773,-3.878784418106079
pair_0002_sad,pair_0002,01,02,01,01,sad,pair_0002_happy,1,edge_all_joint,audio_v_edge,"[18, 19, 20, 21, 22, 23]",-3.9419286251068115,-3.8145644664764404,-3.8787856101989746,0.1273641586303711,0.06314301490783691,0.06422114372253418,-3.878784418106079
pair_0003_happy,pair_0003,01,02,02,01,happy,pair_0003_sad,-1,edge_decision_joint,audio_v_edge,"[18, 19, 20, 21, 22, 23]",-3.50520396232605,-3.617319107055664,-3.592270851135254,0.11211514472961426,0.0870668888092041,0.025048255920410156,-3.5777664184570312
pair_0003_happy,pair_0003,01,02,02,01,happy,pair_0003_sad,-1,edge_audio_joint,audio_v_edge,"[18, 19, 20, 21, 22, 23]",-3.50520396232605,-3.617319107055664,-3.641432285308838,0.11211514472961426,0.13622832298278809,-0.024113178253173828,-3.5777664184570312
pair_0003_happy,pair_0003,01,02,02,01,happy,pair_0003_sad,-1,edge_end_marker_joint,audio_v_edge,"[18, 19, 20, 21, 22, 23]",-3.50520396232605,-3.617319107055664,-3.617417812347412,0.11211514472961426,0.1122138500213623,-9.870529174804688e-05,-3.5777664184570312
pair_0003_happy,pair_0003,01,02,02,01,happy,pair_0003_sad,-1,edge_non_decision_joint,audio_v_edge,"[18, 19, 20, 21, 22, 23]",-3.50520396232605,-3.617319107055664,-3.6414928436279297,0.11211514472961426,0.13628888130187988,-0.024173736572265625,-3.5777664184570312
pair_0003_happy,pair_0003,01,02,02,01,happy,pair_0003_sad,-1,edge_all_joint,audio_v_edge,"[18, 19, 20, 21, 22, 23]",-3.50520396232605,-3.617319107055664,-3.5777666568756104,0.11211514472961426,0.07256269454956055,0.03955245018005371,-3.5777664184570312
pair_0003_sad,pair_0003,01,02,02,01,sad,pair_0003_happy,1,edge_decision_joint,audio_v_edge,"[18, 19, 20, 21, 22, 23]",-3.6038966178894043,-3.4725728034973145,-3.0309903621673584,0.13132381439208984,0.5729062557220459,-0.44158244132995605,-3.0318169593811035
pair_0003_sad,pair_0003,01,02,02,01,sad,pair_0003_happy,1,edge_audio_joint,audio_v_edge,"[18, 19, 20, 21, 22, 23]",-3.6038966178894043,-3.4725728034973145,-3.4934895038604736,0.13132381439208984,0.11040711402893066,0.02091670036315918,-3.0318169593811035
pair_0003_sad,pair_0003,01,02,02,01,sad,pair_0003_happy,1,edge_end_marker_joint,audio_v_edge,"[18, 19, 20, 21, 22, 23]",-3.6038966178894043,-3.4725728034973145,-3.472724437713623,0.13132381439208984,0.13117218017578125,0.00015163421630859375,-3.0318169593811035
pair_0003_sad,pair_0003,01,02,02,01,sad,pair_0003_happy,1,edge_non_decision_joint,audio_v_edge,"[18, 19, 20, 21, 22, 23]",-3.6038966178894043,-3.4725728034973145,-3.493593215942383,0.13132381439208984,0.11030340194702148,0.02102041244506836,-3.0318169593811035
pair_0003_sad,pair_0003,01,02,02,01,sad,pair_0003_happy,1,edge_all_joint,audio_v_edge,"[18, 19, 20, 21, 22, 23]",-3.6038966178894043,-3.4725728034973145,-3.0318169593811035,0.13132381439208984,0.5720796585083008,-0.44075584411621094,-3.0318169593811035
pair_0004_happy,pair_0004,02,01,01,01,happy,pair_0004_sad,-1,edge_decision_joint,audio_v_edge,"[18, 19, 20, 21, 22, 23]",-4.263078689575195,-4.417550086975098,-4.273280143737793,0.15447139739990234,0.010201454162597656,0.1442699432373047,-4.262032985687256
pair_0004_happy,pair_0004,02,01,01,01,happy,pair_0004_sad,-1,edge_audio_joint,audio_v_edge,"[18, 19, 20, 21, 22, 23]",-4.263078689575195,-4.417550086975098,-4.416323661804199,0.15447139739990234,0.1532449722290039,0.0012264251708984375,-4.262032985687256
pair_0004_happy,pair_0004,02,01,01,01,happy,pair_0004_sad,-1,edge_end_marker_joint,audio_v_edge,"[18, 19, 20, 21, 22, 23]",-4.263078689575195,-4.417550086975098,-4.417384147644043,0.15447139739990234,0.15430545806884766,0.0001659393310546875,-4.262032985687256
pair_0004_happy,pair_0004,02,01,01,01,happy,pair_0004_sad,-1,edge_non_decision_joint,audio_v_edge,"[18, 19, 20, 21, 22, 23]",-4.263078689575195,-4.417550086975098,-4.416172981262207,0.15447139739990234,0.15309429168701172,0.001377105712890625,-4.262032985687256
pair_0004_happy,pair_0004,02,01,01,01,happy,pair_0004_sad,-1,edge_all_joint,audio_v_edge,"[18, 19, 20, 21, 22, 23]",-4.263078689575195,-4.417550086975098,-4.2620320320129395,0.15447139739990234,-0.0010466575622558594,0.1555180549621582,-4.262032985687256
pair_0004_sad,pair_0004,02,01,01,01,sad,pair_0004_happy,1,edge_decision_joint,audio_v_edge,"[18, 19, 20, 21, 22, 23]",-4.868228912353516,-4.716916084289551,-4.694353103637695,0.15131282806396484,0.1738758087158203,-0.02256298065185547,-4.711647987365723
pair_0004_sad,pair_0004,02,01,01,01,sad,pair_0004_happy,1,edge_audio_joint,audio_v_edge,"[18, 19, 20, 21, 22, 23]",-4.868228912353516,-4.716916084289551,-4.732144355773926,0.15131282806396484,0.13608455657958984,0.015228271484375,-4.711647987365723
pair_0004_sad,pair_0004,02,01,01,01,sad,pair_0004_happy,1,edge_end_marker_joint,audio_v_edge,"[18, 19, 20, 21, 22, 23]",-4.868228912353516,-4.716916084289551,-4.717062950134277,0.15131282806396484,0.15116596221923828,0.0001468658447265625,-4.711647987365723
pair_0004_sad,pair_0004,02,01,01,01,sad,pair_0004_happy,1,edge_non_decision_joint,audio_v_edge,"[18, 19, 20, 21, 22, 23]",-4.868228912353516,-4.716916084289551,-4.7322797775268555,0.15131282806396484,0.13594913482666016,0.015363693237304688,-4.711647987365723
pair_0004_sad,pair_0004,02,01,01,01,sad,pair_0004_happy,1,edge_all_joint,audio_v_edge,"[18, 19, 20, 21, 22, 23]",-4.868228912353516,-4.716916084289551,-4.711646556854248,0.15131282806396484,0.15658235549926758,-0.005269527435302734,-4.711647987365723
pair_0005_happy,pair_0005,02,01,02,01,happy,pair_0005_sad,-1,edge_decision_joint,audio_v_edge,"[18, 19, 20, 21, 22, 23]",-4.474981307983398,-4.691005706787109,-4.526449203491211,0.21602439880371094,0.0514678955078125,0.16455650329589844,-4.523149013519287
pair_0005_happy,pair_0005,02,01,02,01,happy,pair_0005_sad,-1,edge_audio_joint,audio_v_edge,"[18, 19, 20, 21, 22, 23]",-4.474981307983398,-4.691005706787109,-4.688315391540527,0.21602439880371094,0.2133340835571289,0.0026903152465820312,-4.523149013519287
pair_0005_happy,pair_0005,02,01,02,01,happy,pair_0005_sad,-1,edge_end_marker_joint,audio_v_edge,"[18, 19, 20, 21, 22, 23]",-4.474981307983398,-4.691005706787109,-4.690984725952148,0.21602439880371094,0.21600341796875,2.09808349609375e-05,-4.523149013519287
pair_0005_happy,pair_0005,02,01,02,01,happy,pair_0005_sad,-1,edge_non_decision_joint,audio_v_edge,"[18, 19, 20, 21, 22, 23]",-4.474981307983398,-4.691005706787109,-4.688296794891357,0.21602439880371094,0.21331548690795898,0.002708911895751953,-4.523149013519287
pair_0005_happy,pair_0005,02,01,02,01,happy,pair_0005_sad,-1,edge_all_joint,audio_v_edge,"[18, 19, 20, 21, 22, 23]",-4.474981307983398,-4.691005706787109,-4.523150444030762,0.21602439880371094,0.04816913604736328,0.16785526275634766,-4.523149013519287
pair_0005_sad,pair_0005,02,01,02,01,sad,pair_0005_happy,1,edge_decision_joint,audio_v_edge,"[18, 19, 20, 21, 22, 23]",-4.6972336769104,-4.476657867431641,-4.668259620666504,0.22057580947875977,0.028974056243896484,0.19160175323486328,-4.668688774108887
pair_0005_sad,pair_0005,02,01,02,01,sad,pair_0005_happy,1,edge_audio_joint,audio_v_edge,"[18, 19, 20, 21, 22, 23]",-4.6972336769104,-4.476657867431641,-4.488161563873291,0.22057580947875977,0.20907211303710938,0.01150369644165039,-4.668688774108887
pair_0005_sad,pair_0005,02,01,02,01,sad,pair_0005_happy,1,edge_end_marker_joint,audio_v_edge,"[18, 19, 20, 21, 22, 23]",-4.6972336769104,-4.476657867431641,-4.47668981552124,0.22057580947875977,0.22054386138916016,3.1948089599609375e-05,-4.668688774108887
pair_0005_sad,pair_0005,02,01,02,01,sad,pair_0005_happy,1,edge_non_decision_joint,audio_v_edge,"[18, 19, 20, 21, 22, 23]",-4.6972336769104,-4.476657867431641,-4.488183498382568,0.22057580947875977,0.20905017852783203,0.011525630950927734,-4.668688774108887
pair_0005_sad,pair_0005,02,01,02,01,sad,pair_0005_happy,1,edge_all_joint,audio_v_edge,"[18, 19, 20, 21, 22, 23]",-4.6972336769104,-4.476657867431641,-4.668691158294678,0.22057580947875977,0.028542518615722656,0.1920332908630371,-4.668688774108887
pair_0006_happy,pair_0006,02,02,01,01,happy,pair_0006_sad,-1,edge_decision_joint,audio_v_edge,"[18, 19, 20, 21, 22, 23]",-3.5094082355499268,-3.4232687950134277,-3.3865549564361572,-0.08613944053649902,-0.12285327911376953,0.03671383857727051,-3.4079532623291016
pair_0006_happy,pair_0006,02,02,01,01,happy,pair_0006_sad,-1,edge_audio_joint,audio_v_edge,"[18, 19, 20, 21, 22, 23]",-3.5094082355499268,-3.4232687950134277,-3.451965093612671,-0.08613944053649902,-0.05744314193725586,-0.028696298599243164,-3.4079532623291016
pair_0006_happy,pair_0006,02,02,01,01,happy,pair_0006_sad,-1,edge_end_marker_joint,audio_v_edge,"[18, 19, 20, 21, 22, 23]",-3.5094082355499268,-3.4232687950134277,-3.4231152534484863,-0.08613944053649902,-0.08629298210144043,0.00015354156494140625,-3.4079532623291016
pair_0006_happy,pair_0006,02,02,01,01,happy,pair_0006_sad,-1,edge_non_decision_joint,audio_v_edge,"[18, 19, 20, 21, 22, 23]",-3.5094082355499268,-3.4232687950134277,-3.4518046379089355,-0.08613944053649902,-0.05760359764099121,-0.028535842895507812,-3.4079532623291016
pair_0006_happy,pair_0006,02,02,01,01,happy,pair_0006_sad,-1,edge_all_joint,audio_v_edge,"[18, 19, 20, 21, 22, 23]",-3.5094082355499268,-3.4232687950134277,-3.4079535007476807,-0.08613944053649902,-0.1014547348022461,0.01531529426574707,-3.4079532623291016
pair_0006_sad,pair_0006,02,02,01,01,sad,pair_0006_happy,1,edge_decision_joint,audio_v_edge,"[18, 19, 20, 21, 22, 23]",-3.7750349044799805,-3.8628392219543457,-3.4180004596710205,-0.08780431747436523,0.35703444480895996,-0.4448387622833252,-3.4219164848327637
pair_0006_sad,pair_0006,02,02,01,01,sad,pair_0006_happy,1,edge_audio_joint,audio_v_edge,"[18, 19, 20, 21, 22, 23]",-3.7750349044799805,-3.8628392219543457,-3.8608033657073975,-0.08780431747436523,-0.08576846122741699,-0.002035856246948242,-3.4219164848327637
pair_0006_sad,pair_0006,02,02,01,01,sad,pair_0006_happy,1,edge_end_marker_joint,audio_v_edge,"[18, 19, 20, 21, 22, 23]",-3.7750349044799805,-3.8628392219543457,-3.8627266883850098,-0.08780431747436523,-0.0876917839050293,-0.0001125335693359375,-3.4219164848327637
pair_0006_sad,pair_0006,02,02,01,01,sad,pair_0006_happy,1,edge_non_decision_joint,audio_v_edge,"[18, 19, 20, 21, 22, 23]",-3.7750349044799805,-3.8628392219543457,-3.860665798187256,-0.08780431747436523,-0.08563089370727539,-0.0021734237670898438,-3.4219164848327637
pair_0006_sad,pair_0006,02,02,01,01,sad,pair_0006_happy,1,edge_all_joint,audio_v_edge,"[18, 19, 20, 21, 22, 23]",-3.7750349044799805,-3.8628392219543457,-3.42191743850708,-0.08780431747436523,0.3531174659729004,-0.4409217834472656,-3.4219164848327637
pair_0007_happy,pair_0007,02,02,02,01,happy,pair_0007_sad,-1,edge_decision_joint,audio_v_edge,"[18, 19, 20, 21, 22, 23]",-3.4080164432525635,-3.225398063659668,-3.3263020515441895,-0.1826183795928955,-0.08171439170837402,-0.10090398788452148,-3.3562941551208496
pair_0007_happy,pair_0007,02,02,02,01,happy,pair_0007_sad,-1,edge_audio_joint,audio_v_edge,"[18, 19, 20, 21, 22, 23]",-3.4080164432525635,-3.225398063659668,-3.256866455078125,-0.1826183795928955,-0.15114998817443848,-0.03146839141845703,-3.3562941551208496
pair_0007_happy,pair_0007,02,02,02,01,happy,pair_0007_sad,-1,edge_end_marker_joint,audio_v_edge,"[18, 19, 20, 21, 22, 23]",-3.4080164432525635,-3.225398063659668,-3.225280284881592,-0.1826183795928955,-0.18273615837097168,0.00011777877807617188,-3.3562941551208496
pair_0007_happy,pair_0007,02,02,02,01,happy,pair_0007_sad,-1,edge_non_decision_joint,audio_v_edge,"[18, 19, 20, 21, 22, 23]",-3.4080164432525635,-3.225398063659668,-3.256716012954712,-0.1826183795928955,-0.15130043029785156,-0.031317949295043945,-3.3562941551208496
pair_0007_happy,pair_0007,02,02,02,01,happy,pair_0007_sad,-1,edge_all_joint,audio_v_edge,"[18, 19, 20, 21, 22, 23]",-3.4080164432525635,-3.225398063659668,-3.3562958240509033,-0.1826183795928955,-0.051720619201660156,-0.13089776039123535,-3.3562941551208496
pair_0007_sad,pair_0007,02,02,02,01,sad,pair_0007_happy,1,edge_decision_joint,audio_v_edge,"[18, 19, 20, 21, 22, 23]",-3.4811511039733887,-3.659059762954712,-3.343435764312744,-0.17790865898132324,0.13771533966064453,-0.3156239986419678,-3.3371798992156982
pair_0007_sad,pair_0007,02,02,02,01,sad,pair_0007_happy,1,edge_audio_joint,audio_v_edge,"[18, 19, 20, 21, 22, 23]",-3.4811511039733887,-3.659059762954712,-3.645758628845215,-0.17790865898132324,-0.16460752487182617,-0.01330113410949707,-3.3371798992156982
pair_0007_sad,pair_0007,02,02,02,01,sad,pair_0007_happy,1,edge_end_marker_joint,audio_v_edge,"[18, 19, 20, 21, 22, 23]",-3.4811511039733887,-3.659059762954712,-3.6590423583984375,-0.17790865898132324,-0.17789125442504883,-1.7404556274414062e-05,-3.3371798992156982
pair_0007_sad,pair_0007,02,02,02,01,sad,pair_0007_happy,1,edge_non_decision_joint,audio_v_edge,"[18, 19, 20, 21, 22, 23]",-3.4811511039733887,-3.659059762954712,-3.645737409591675,-0.17790865898132324,-0.16458630561828613,-0.01332235336303711,-3.3371798992156982
pair_0007_sad,pair_0007,02,02,02,01,sad,pair_0007_happy,1,edge_all_joint,audio_v_edge,"[18, 19, 20, 21, 22, 23]",-3.4811511039733887,-3.659059762954712,-3.337181568145752,-0.17790865898132324,0.14396953582763672,-0.32187819480895996,-3.3371798992156982
pair_0008_happy,pair_0008,03,01,01,01,happy,pair_0008_sad,-1,edge_decision_joint,audio_v_edge,"[18, 19, 20, 21, 22, 23]",-4.699073791503906,-4.65715217590332,-4.7165069580078125,-0.04192161560058594,0.01743316650390625,-0.05935478210449219,-4.714152812957764
pair_0008_happy,pair_0008,03,01,01,01,happy,pair_0008_sad,-1,edge_audio_joint,audio_v_edge,"[18, 19, 20, 21, 22, 23]",-4.699073791503906,-4.65715217590332,-4.658535480499268,-0.04192161560058594,-0.04053831100463867,-0.0013833045959472656,-4.714152812957764
pair_0008_happy,pair_0008,03,01,01,01,happy,pair_0008_sad,-1,edge_end_marker_joint,audio_v_edge,"[18, 19, 20, 21, 22, 23]",-4.699073791503906,-4.65715217590332,-4.65699577331543,-0.04192161560058594,-0.04207801818847656,0.000156402587890625,-4.714152812957764
pair_0008_happy,pair_0008,03,01,01,01,happy,pair_0008_sad,-1,edge_non_decision_joint,audio_v_edge,"[18, 19, 20, 21, 22, 23]",-4.699073791503906,-4.65715217590332,-4.658372402191162,-0.04192161560058594,-0.04070138931274414,-0.0012202262878417969,-4.714152812957764
pair_0008_happy,pair_0008,03,01,01,01,happy,pair_0008_sad,-1,edge_all_joint,audio_v_edge,"[18, 19, 20, 21, 22, 23]",-4.699073791503906,-4.65715217590332,-4.714154243469238,-0.04192161560058594,0.015080451965332031,-0.05700206756591797,-4.714152812957764
pair_0008_sad,pair_0008,03,01,01,01,sad,pair_0008_happy,1,edge_decision_joint,audio_v_edge,"[18, 19, 20, 21, 22, 23]",-4.5847086906433105,-4.626273155212402,-4.738361358642578,-0.0415644645690918,-0.15365266799926758,0.11208820343017578,-4.731434345245361
pair_0008_sad,pair_0008,03,01,01,01,sad,pair_0008_happy,1,edge_audio_joint,audio_v_edge,"[18, 19, 20, 21, 22, 23]",-4.5847086906433105,-4.626273155212402,-4.64693546295166,-0.0415644645690918,-0.06222677230834961,0.020662307739257812,-4.731434345245361
pair_0008_sad,pair_0008,03,01,01,01,sad,pair_0008_happy,1,edge_end_marker_joint,audio_v_edge,"[18, 19, 20, 21, 22, 23]",-4.5847086906433105,-4.626273155212402,-4.626124858856201,-0.0415644645690918,-0.041416168212890625,-0.00014829635620117188,-4.731434345245361
pair_0008_sad,pair_0008,03,01,01,01,sad,pair_0008_happy,1,edge_non_decision_joint,audio_v_edge,"[18, 19, 20, 21, 22, 23]",-4.5847086906433105,-4.626273155212402,-4.6467790603637695,-0.0415644645690918,-0.062070369720458984,0.020505905151367188,-4.731434345245361
pair_0008_sad,pair_0008,03,01,01,01,sad,pair_0008_happy,1,edge_all_joint,audio_v_edge,"[18, 19, 20, 21, 22, 23]",-4.5847086906433105,-4.626273155212402,-4.731432914733887,-0.0415644645690918,-0.14672422409057617,0.10515975952148438,-4.731434345245361
pair_0009_happy,pair_0009,03,01,02,01,happy,pair_0009_sad,-1,edge_decision_joint,audio_v_edge,"[18, 19, 20, 21, 22, 23]",-4.718820571899414,-4.693161964416504,-4.787245273590088,-0.025658607482910156,0.06842470169067383,-0.09408330917358398,-4.784643650054932
pair_0009_happy,pair_0009,03,01,02,01,happy,pair_0009_sad,-1,edge_audio_joint,audio_v_edge,"[18, 19, 20, 21, 22, 23]",-4.718820571899414,-4.693161964416504,-4.692861080169678,-0.025658607482910156,-0.025959491729736328,0.0003008842468261719,-4.784643650054932
pair_0009_happy,pair_0009,03,01,02,01,happy,pair_0009_sad,-1,edge_end_marker_joint,audio_v_edge,"[18, 19, 20, 21, 22, 23]",-4.718820571899414,-4.693161964416504,-4.6930975914001465,-0.025658607482910156,-0.025722980499267578,6.437301635742188e-05,-4.784643650054932
pair_0009_happy,pair_0009,03,01,02,01,happy,pair_0009_sad,-1,edge_non_decision_joint,audio_v_edge,"[18, 19, 20, 21, 22, 23]",-4.718820571899414,-4.693161964416504,-4.6927947998046875,-0.025658607482910156,-0.026025772094726562,0.00036716461181640625,-4.784643650054932
pair_0009_happy,pair_0009,03,01,02,01,happy,pair_0009_sad,-1,edge_all_joint,audio_v_edge,"[18, 19, 20, 21, 22, 23]",-4.718820571899414,-4.693161964416504,-4.784644603729248,-0.025658607482910156,0.06582403182983398,-0.09148263931274414,-4.784643650054932
pair_0009_sad,pair_0009,03,01,02,01,sad,pair_0009_happy,1,edge_decision_joint,audio_v_edge,"[18, 19, 20, 21, 22, 23]",-4.377320289611816,-4.400700569152832,-4.265852928161621,-0.023380279541015625,0.11146736145019531,-0.13484764099121094,-4.270417213439941
pair_0009_sad,pair_0009,03,01,02,01,sad,pair_0009_happy,1,edge_audio_joint,audio_v_edge,"[18, 19, 20, 21, 22, 23]",-4.377320289611816,-4.400700569152832,-4.3993120193481445,-0.023380279541015625,-0.021991729736328125,-0.0013885498046875,-4.270417213439941
pair_0009_sad,pair_0009,03,01,02,01,sad,pair_0009_happy,1,edge_end_marker_joint,audio_v_edge,"[18, 19, 20, 21, 22, 23]",-4.377320289611816,-4.400700569152832,-4.400684356689453,-0.023380279541015625,-0.02336406707763672,-1.621246337890625e-05,-4.270417213439941
pair_0009_sad,pair_0009,03,01,02,01,sad,pair_0009_happy,1,edge_non_decision_joint,audio_v_edge,"[18, 19, 20, 21, 22, 23]",-4.377320289611816,-4.400700569152832,-4.399298191070557,-0.023380279541015625,-0.021977901458740234,-0.0014023780822753906,-4.270417213439941
pair_0009_sad,pair_0009,03,01,02,01,sad,pair_0009_happy,1,edge_all_joint,audio_v_edge,"[18, 19, 20, 21, 22, 23]",-4.377320289611816,-4.400700569152832,-4.270417213439941,-0.023380279541015625,0.106903076171875,-0.13028335571289062,-4.270417213439941
pair_0010_happy,pair_0010,03,02,01,01,happy,pair_0010_sad,-1,edge_decision_joint,audio_v_edge,"[18, 19, 20, 21, 22, 23]",-3.694944143295288,-3.698333978652954,-3.5935356616973877,0.0033898353576660156,-0.10140848159790039,0.1047983169555664,-3.5938880443573
pair_0010_happy,pair_0010,03,02,01,01,happy,pair_0010_sad,-1,edge_audio_joint,audio_v_edge,"[18, 19, 20, 21, 22, 23]",-3.694944143295288,-3.698333978652954,-3.715425491333008,0.0033898353576660156,0.020481348037719727,-0.01709151268005371,-3.5938880443573
pair_0010_happy,pair_0010,03,02,01,01,happy,pair_0010_sad,-1,edge_end_marker_joint,audio_v_edge,"[18, 19, 20, 21, 22, 23]",-3.694944143295288,-3.698333978652954,-3.698301315307617,0.0033898353576660156,0.0033571720123291016,3.266334533691406e-05,-3.5938880443573
pair_0010_happy,pair_0010,03,02,01,01,happy,pair_0010_sad,-1,edge_non_decision_joint,audio_v_edge,"[18, 19, 20, 21, 22, 23]",-3.694944143295288,-3.698333978652954,-3.715364933013916,0.0033898353576660156,0.02042078971862793,-0.017030954360961914,-3.5938880443573
pair_0010_happy,pair_0010,03,02,01,01,happy,pair_0010_sad,-1,edge_all_joint,audio_v_edge,"[18, 19, 20, 21, 22, 23]",-3.694944143295288,-3.698333978652954,-3.5938847064971924,0.0033898353576660156,-0.1010594367980957,0.10444927215576172,-3.5938880443573
pair_0010_sad,pair_0010,03,02,01,01,sad,pair_0010_happy,1,edge_decision_joint,audio_v_edge,"[18, 19, 20, 21, 22, 23]",-3.3699402809143066,-3.3681600093841553,-3.513655185699463,0.0017802715301513672,-0.14371490478515625,0.14549517631530762,-3.5182108879089355
pair_0010_sad,pair_0010,03,02,01,01,sad,pair_0010_happy,1,edge_audio_joint,audio_v_edge,"[18, 19, 20, 21, 22, 23]",-3.3699402809143066,-3.3681600093841553,-3.3876819610595703,0.0017802715301513672,-0.017741680145263672,0.01952195167541504,-3.5182108879089355
pair_0010_sad,pair_0010,03,02,01,01,sad,pair_0010_happy,1,edge_end_marker_joint,audio_v_edge,"[18, 19, 20, 21, 22, 23]",-3.3699402809143066,-3.3681600093841553,-3.3680496215820312,0.0017802715301513672,0.0018906593322753906,-0.00011038780212402344,-3.5182108879089355
pair_0010_sad,pair_0010,03,02,01,01,sad,pair_0010_happy,1,edge_non_decision_joint,audio_v_edge,"[18, 19, 20, 21, 22, 23]",-3.3699402809143066,-3.3681600093841553,-3.3875732421875,0.0017802715301513672,-0.01763296127319336,0.019413232803344727,-3.5182108879089355
pair_0010_sad,pair_0010,03,02,01,01,sad,pair_0010_happy,1,edge_all_joint,audio_v_edge,"[18, 19, 20, 21, 22, 23]",-3.3699402809143066,-3.3681600093841553,-3.518209457397461,0.0017802715301513672,-0.1482691764831543,0.15004944801330566,-3.5182108879089355
pair_0011_happy,pair_0011,03,02,02,01,happy,pair_0011_sad,-1,edge_decision_joint,audio_v_edge,"[18, 19, 20, 21, 22, 23]",-3.5249128341674805,-3.4806737899780273,-3.411039352416992,-0.044239044189453125,-0.11387348175048828,0.06963443756103516,-3.4150023460388184
pair_0011_happy,pair_0011,03,02,02,01,happy,pair_0011_sad,-1,edge_audio_joint,audio_v_edge,"[18, 19, 20, 21, 22, 23]",-3.5249128341674805,-3.4806737899780273,-3.5130138397216797,-0.044239044189453125,-0.011898994445800781,-0.032340049743652344,-3.4150023460388184
pair_0011_happy,pair_0011,03,02,02,01,happy,pair_0011_sad,-1,edge_end_marker_joint,audio_v_edge,"[18, 19, 20, 21, 22, 23]",-3.5249128341674805,-3.4806737899780273,-3.480679512023926,-0.044239044189453125,-0.04423332214355469,-5.7220458984375e-06,-3.4150023460388184
pair_0011_happy,pair_0011,03,02,02,01,happy,pair_0011_sad,-1,edge_non_decision_joint,audio_v_edge,"[18, 19, 20, 21, 22, 23]",-3.5249128341674805,-3.4806737899780273,-3.512991428375244,-0.044239044189453125,-0.011921405792236328,-0.0323176383972168,-3.4150023460388184
pair_0011_happy,pair_0011,03,02,02,01,happy,pair_0011_sad,-1,edge_all_joint,audio_v_edge,"[18, 19, 20, 21, 22, 23]",-3.5249128341674805,-3.4806737899780273,-3.4150023460388184,-0.044239044189453125,-0.10991048812866211,0.06567144393920898,-3.4150023460388184
pair_0011_sad,pair_0011,03,02,02,01,sad,pair_0011_happy,1,edge_decision_joint,audio_v_edge,"[18, 19, 20, 21, 22, 23]",-3.3314507007598877,-3.3742005825042725,-3.422189950942993,-0.042749881744384766,-0.09073925018310547,0.0479893684387207,-3.412626028060913
pair_0011_sad,pair_0011,03,02,02,01,sad,pair_0011_happy,1,edge_audio_joint,audio_v_edge,"[18, 19, 20, 21, 22, 23]",-3.3314507007598877,-3.3742005825042725,-3.366408348083496,-0.042749881744384766,-0.0349576473236084,-0.007792234420776367,-3.412626028060913
pair_0011_sad,pair_0011,03,02,02,01,sad,pair_0011_happy,1,edge_end_marker_joint,audio_v_edge,"[18, 19, 20, 21, 22, 23]",-3.3314507007598877,-3.3742005825042725,-3.374102830886841,-0.042749881744384766,-0.042652130126953125,-9.775161743164062e-05,-3.412626028060913
pair_0011_sad,pair_0011,03,02,02,01,sad,pair_0011_happy,1,edge_non_decision_joint,audio_v_edge,"[18, 19, 20, 21, 22, 23]",-3.3314507007598877,-3.3742005825042725,-3.366307497024536,-0.042749881744384766,-0.03485679626464844,-0.007893085479736328,-3.412626028060913
pair_0011_sad,pair_0011,03,02,02,01,sad,pair_0011_happy,1,edge_all_joint,audio_v_edge,"[18, 19, 20, 21, 22, 23]",-3.3314507007598877,-3.3742005825042725,-3.4126248359680176,-0.042749881744384766,-0.08117413520812988,0.03842425346374512,-3.412626028060913
pair_0012_happy,pair_0012,04,01,01,01,happy,pair_0012_sad,-1,edge_decision_joint,audio_v_edge,"[18, 19, 20, 21, 22, 23]",-4.602723121643066,-4.951047420501709,-4.702999591827393,0.3483242988586426,0.10027647018432617,0.2480478286743164,-4.709969520568848
pair_0012_happy,pair_0012,04,01,01,01,happy,pair_0012_sad,-1,edge_audio_joint,audio_v_edge,"[18, 19, 20, 21, 22, 23]",-4.602723121643066,-4.951047420501709,-4.967833995819092,0.3483242988586426,0.3651108741760254,-0.016786575317382812,-4.709969520568848
pair_0012_happy,pair_0012,04,01,01,01,happy,pair_0012_sad,-1,edge_end_marker_joint,audio_v_edge,"[18, 19, 20, 21, 22, 23]",-4.602723121643066,-4.951047420501709,-4.950963497161865,0.3483242988586426,0.34824037551879883,8.392333984375e-05,-4.709969520568848
pair_0012_happy,pair_0012,04,01,01,01,happy,pair_0012_sad,-1,edge_non_decision_joint,audio_v_edge,"[18, 19, 20, 21, 22, 23]",-4.602723121643066,-4.951047420501709,-4.967744827270508,0.3483242988586426,0.3650217056274414,-0.016697406768798828,-4.709969520568848
pair_0012_happy,pair_0012,04,01,01,01,happy,pair_0012_sad,-1,edge_all_joint,audio_v_edge,"[18, 19, 20, 21, 22, 23]",-4.602723121643066,-4.951047420501709,-4.709968566894531,0.3483242988586426,0.10724544525146484,0.24107885360717773,-4.709969520568848
pair_0012_sad,pair_0012,04,01,01,01,sad,pair_0012_happy,1,edge_decision_joint,audio_v_edge,"[18, 19, 20, 21, 22, 23]",-4.866759777069092,-4.516707420349121,-4.811566352844238,0.3500523567199707,0.055193424224853516,0.2948589324951172,-4.80295991897583
pair_0012_sad,pair_0012,04,01,01,01,sad,pair_0012_happy,1,edge_audio_joint,audio_v_edge,"[18, 19, 20, 21, 22, 23]",-4.866759777069092,-4.516707420349121,-4.518766403198242,0.3500523567199707,0.3479933738708496,0.0020589828491210938,-4.80295991897583
pair_0012_sad,pair_0012,04,01,01,01,sad,pair_0012_happy,1,edge_end_marker_joint,audio_v_edge,"[18, 19, 20, 21, 22, 23]",-4.866759777069092,-4.516707420349121,-4.5166120529174805,0.3500523567199707,0.35014772415161133,-9.5367431640625e-05,-4.80295991897583
pair_0012_sad,pair_0012,04,01,01,01,sad,pair_0012_happy,1,edge_non_decision_joint,audio_v_edge,"[18, 19, 20, 21, 22, 23]",-4.866759777069092,-4.516707420349121,-4.518653869628906,0.3500523567199707,0.34810590744018555,0.0019464492797851562,-4.80295991897583
pair_0012_sad,pair_0012,04,01,01,01,sad,pair_0012_happy,1,edge_all_joint,audio_v_edge,"[18, 19, 20, 21, 22, 23]",-4.866759777069092,-4.516707420349121,-4.802958965301514,0.3500523567199707,0.06380081176757812,0.2862515449523926,-4.80295991897583
pair_0013_happy,pair_0013,04,01,02,01,happy,pair_0013_sad,-1,edge_decision_joint,audio_v_edge,"[18, 19, 20, 21, 22, 23]",-4.569589614868164,-4.608833312988281,-4.476090908050537,0.03924369812011719,-0.09349870681762695,0.13274240493774414,-4.475500106811523
pair_0013_happy,pair_0013,04,01,02,01,happy,pair_0013_sad,-1,edge_audio_joint,audio_v_edge,"[18, 19, 20, 21, 22, 23]",-4.569589614868164,-4.608833312988281,-4.608020305633545,0.03924369812011719,0.03843069076538086,0.0008130073547363281,-4.475500106811523
pair_0013_happy,pair_0013,04,01,02,01,happy,pair_0013_sad,-1,edge_end_marker_joint,audio_v_edge,"[18, 19, 20, 21, 22, 23]",-4.569589614868164,-4.608833312988281,-4.608884811401367,0.03924369812011719,0.039295196533203125,-5.14984130859375e-05,-4.475500106811523
pair_0013_happy,pair_0013,04,01,02,01,happy,pair_0013_sad,-1,edge_non_decision_joint,audio_v_edge,"[18, 19, 20, 21, 22, 23]",-4.569589614868164,-4.608833312988281,-4.608080863952637,0.03924369812011719,0.038491249084472656,0.0007524490356445312,-4.475500106811523
pair_0013_happy,pair_0013,04,01,02,01,happy,pair_0013_sad,-1,edge_all_joint,audio_v_edge,"[18, 19, 20, 21, 22, 23]",-4.569589614868164,-4.608833312988281,-4.475500106811523,0.03924369812011719,-0.09408950805664062,0.1333332061767578,-4.475500106811523
pair_0013_sad,pair_0013,04,01,02,01,sad,pair_0013_happy,1,edge_decision_joint,audio_v_edge,"[18, 19, 20, 21, 22, 23]",-4.604321002960205,-4.562905788421631,-4.643799781799316,0.04141521453857422,-0.03947877883911133,0.08089399337768555,-4.641615867614746
pair_0013_sad,pair_0013,04,01,02,01,sad,pair_0013_happy,1,edge_audio_joint,audio_v_edge,"[18, 19, 20, 21, 22, 23]",-4.604321002960205,-4.562905788421631,-4.565095901489258,0.04141521453857422,0.039225101470947266,0.002190113067626953,-4.641615867614746
pair_0013_sad,pair_0013,04,01,02,01,sad,pair_0013_happy,1,edge_end_marker_joint,audio_v_edge,"[18, 19, 20, 21, 22, 23]",-4.604321002960205,-4.562905788421631,-4.562841892242432,0.04141521453857422,0.04147911071777344,-6.389617919921875e-05,-4.641615867614746
pair_0013_sad,pair_0013,04,01,02,01,sad,pair_0013_happy,1,edge_non_decision_joint,audio_v_edge,"[18, 19, 20, 21, 22, 23]",-4.604321002960205,-4.562905788421631,-4.5650410652160645,0.04141521453857422,0.039279937744140625,0.0021352767944335938,-4.641615867614746
pair_0013_sad,pair_0013,04,01,02,01,sad,pair_0013_happy,1,edge_all_joint,audio_v_edge,"[18, 19, 20, 21, 22, 23]",-4.604321002960205,-4.562905788421631,-4.641615867614746,0.04141521453857422,-0.037294864654541016,0.07871007919311523,-4.641615867614746
pair_0014_happy,pair_0014,04,02,01,01,happy,pair_0014_sad,-1,edge_decision_joint,audio_v_edge,"[18, 19, 20, 21, 22, 23]",-3.6035590171813965,-3.616016387939453,-3.5444376468658447,0.01245737075805664,-0.05912137031555176,0.0715787410736084,-3.524977922439575
pair_0014_happy,pair_0014,04,02,01,01,happy,pair_0014_sad,-1,edge_audio_joint,audio_v_edge,"[18, 19, 20, 21, 22, 23]",-3.6035590171813965,-3.616016387939453,-3.6107969284057617,0.01245737075805664,0.007237911224365234,0.005219459533691406,-3.524977922439575
pair_0014_happy,pair_0014,04,02,01,01,happy,pair_0014_sad,-1,edge_end_marker_joint,audio_v_edge,"[18, 19, 20, 21, 22, 23]",-3.6035590171813965,-3.616016387939453,-3.615924835205078,0.01245737075805664,0.01236581802368164,9.1552734375e-05,-3.524977922439575
pair_0014_happy,pair_0014,04,02,01,01,happy,pair_0014_sad,-1,edge_non_decision_joint,audio_v_edge,"[18, 19, 20, 21, 22, 23]",-3.6035590171813965,-3.616016387939453,-3.610691785812378,0.01245737075805664,0.007132768630981445,0.005324602127075195,-3.524977922439575
pair_0014_happy,pair_0014,04,02,01,01,happy,pair_0014_sad,-1,edge_all_joint,audio_v_edge,"[18, 19, 20, 21, 22, 23]",-3.6035590171813965,-3.616016387939453,-3.524977445602417,0.01245737075805664,-0.07858157157897949,0.09103894233703613,-3.524977922439575
pair_0014_sad,pair_0014,04,02,01,01,sad,pair_0014_happy,1,edge_decision_joint,audio_v_edge,"[18, 19, 20, 21, 22, 23]",-3.5703775882720947,-3.5680055618286133,-3.390042304992676,0.0023720264434814453,0.18033528327941895,-0.1779632568359375,-3.395982265472412
pair_0014_sad,pair_0014,04,02,01,01,sad,pair_0014_happy,1,edge_audio_joint,audio_v_edge,"[18, 19, 20, 21, 22, 23]",-3.5703775882720947,-3.5680055618286133,-3.5696587562561035,0.0023720264434814453,0.0007188320159912109,0.0016531944274902344,-3.395982265472412
pair_0014_sad,pair_0014,04,02,01,01,sad,pair_0014_happy,1,edge_end_marker_joint,audio_v_edge,"[18, 19, 20, 21, 22, 23]",-3.5703775882720947,-3.5680055618286133,-3.5680224895477295,0.0023720264434814453,0.0023550987243652344,1.6927719116210938e-05,-3.395982265472412
pair_0014_sad,pair_0014,04,02,01,01,sad,pair_0014_happy,1,edge_non_decision_joint,audio_v_edge,"[18, 19, 20, 21, 22, 23]",-3.5703775882720947,-3.5680055618286133,-3.569671392440796,0.0023720264434814453,0.0007061958312988281,0.0016658306121826172,-3.395982265472412
pair_0014_sad,pair_0014,04,02,01,01,sad,pair_0014_happy,1,edge_all_joint,audio_v_edge,"[18, 19, 20, 21, 22, 23]",-3.5703775882720947,-3.5680055618286133,-3.3959808349609375,0.0023720264434814453,0.17439675331115723,-0.17202472686767578,-3.395982265472412
pair_0015_happy,pair_0015,04,02,02,01,happy,pair_0015_sad,-1,edge_decision_joint,audio_v_edge,"[18, 19, 20, 21, 22, 23]",-3.3836679458618164,-3.487476348876953,-3.183988094329834,0.10380840301513672,-0.19967985153198242,0.30348825454711914,-3.1893434524536133
pair_0015_happy,pair_0015,04,02,02,01,happy,pair_0015_sad,-1,edge_audio_joint,audio_v_edge,"[18, 19, 20, 21, 22, 23]",-3.3836679458618164,-3.487476348876953,-3.468085765838623,0.10380840301513672,0.08441781997680664,0.019390583038330078,-3.1893434524536133
pair_0015_happy,pair_0015,04,02,02,01,happy,pair_0015_sad,-1,edge_end_marker_joint,audio_v_edge,"[18, 19, 20, 21, 22, 23]",-3.3836679458618164,-3.487476348876953,-3.487410545349121,0.10380840301513672,0.10374259948730469,6.580352783203125e-05,-3.1893434524536133
pair_0015_happy,pair_0015,04,02,02,01,happy,pair_0015_sad,-1,edge_non_decision_joint,audio_v_edge,"[18, 19, 20, 21, 22, 23]",-3.3836679458618164,-3.487476348876953,-3.468010187149048,0.10380840301513672,0.08434224128723145,0.019466161727905273,-3.1893434524536133
pair_0015_happy,pair_0015,04,02,02,01,happy,pair_0015_sad,-1,edge_all_joint,audio_v_edge,"[18, 19, 20, 21, 22, 23]",-3.3836679458618164,-3.487476348876953,-3.189343214035034,0.10380840301513672,-0.19432473182678223,0.29813313484191895,-3.1893434524536133
pair_0015_sad,pair_0015,04,02,02,01,sad,pair_0015_happy,1,edge_decision_joint,audio_v_edge,"[18, 19, 20, 21, 22, 23]",-3.808556318283081,-3.694089412689209,-3.8821637630462646,0.11446690559387207,-0.0736074447631836,0.18807435035705566,-3.8804683685302734
pair_0015_sad,pair_0015,04,02,02,01,sad,pair_0015_happy,1,edge_audio_joint,audio_v_edge,"[18, 19, 20, 21, 22, 23]",-3.808556318283081,-3.694089412689209,-3.725618839263916,0.11446690559387207,0.08293747901916504,0.03152942657470703,-3.8804683685302734
pair_0015_sad,pair_0015,04,02,02,01,sad,pair_0015_happy,1,edge_end_marker_joint,audio_v_edge,"[18, 19, 20, 21, 22, 23]",-3.808556318283081,-3.694089412689209,-3.693979263305664,0.11446690559387207,0.11457705497741699,-0.00011014938354492188,-3.8804683685302734
pair_0015_sad,pair_0015,04,02,02,01,sad,pair_0015_happy,1,edge_non_decision_joint,audio_v_edge,"[18, 19, 20, 21, 22, 23]",-3.808556318283081,-3.694089412689209,-3.7255005836486816,0.11446690559387207,0.08305573463439941,0.031411170959472656,-3.8804683685302734
pair_0015_sad,pair_0015,04,02,02,01,sad,pair_0015_happy,1,edge_all_joint,audio_v_edge,"[18, 19, 20, 21, 22, 23]",-3.808556318283081,-3.694089412689209,-3.88046932220459,0.11446690559387207,-0.07191300392150879,0.18637990951538086,-3.8804683685302734
pair_0016_happy,pair_0016,05,01,01,01,happy,pair_0016_sad,-1,edge_decision_joint,audio_v_edge,"[18, 19, 20, 21, 22, 23]",-4.557373046875,-4.429200649261475,-4.127087116241455,-0.1281723976135254,-0.4302859306335449,0.30211353302001953,-4.113110065460205
pair_0016_happy,pair_0016,05,01,01,01,happy,pair_0016_sad,-1,edge_audio_joint,audio_v_edge,"[18, 19, 20, 21, 22, 23]",-4.557373046875,-4.429200649261475,-4.456315040588379,-0.1281723976135254,-0.1010580062866211,-0.027114391326904297,-4.113110065460205
pair_0016_happy,pair_0016,05,01,01,01,happy,pair_0016_sad,-1,edge_end_marker_joint,audio_v_edge,"[18, 19, 20, 21, 22, 23]",-4.557373046875,-4.429200649261475,-4.429215908050537,-0.1281723976135254,-0.1281571388244629,-1.52587890625e-05,-4.113110065460205
pair_0016_happy,pair_0016,05,01,01,01,happy,pair_0016_sad,-1,edge_non_decision_joint,audio_v_edge,"[18, 19, 20, 21, 22, 23]",-4.557373046875,-4.429200649261475,-4.456338882446289,-0.1281723976135254,-0.10103416442871094,-0.027138233184814453,-4.113110065460205
pair_0016_happy,pair_0016,05,01,01,01,happy,pair_0016_sad,-1,edge_all_joint,audio_v_edge,"[18, 19, 20, 21, 22, 23]",-4.557373046875,-4.429200649261475,-4.113110065460205,-0.1281723976135254,-0.4442629814147949,0.31609058380126953,-4.113110065460205
pair_0016_sad,pair_0016,05,01,01,01,sad,pair_0016_happy,1,edge_decision_joint,audio_v_edge,"[18, 19, 20, 21, 22, 23]",-4.196678638458252,-4.3094282150268555,-4.199568748474121,-0.11274957656860352,-0.0028901100158691406,-0.10985946655273438,-4.183876037597656
pair_0016_sad,pair_0016,05,01,01,01,sad,pair_0016_happy,1,edge_audio_joint,audio_v_edge,"[18, 19, 20, 21, 22, 23]",-4.196678638458252,-4.3094282150268555,-4.337028503417969,-0.11274957656860352,-0.1403498649597168,0.02760028839111328,-4.183876037597656
pair_0016_sad,pair_0016,05,01,01,01,sad,pair_0016_happy,1,edge_end_marker_joint,audio_v_edge,"[18, 19, 20, 21, 22, 23]",-4.196678638458252,-4.3094282150268555,-4.309224605560303,-0.11274957656860352,-0.11254596710205078,-0.00020360946655273438,-4.183876037597656
pair_0016_sad,pair_0016,05,01,01,01,sad,pair_0016_happy,1,edge_non_decision_joint,audio_v_edge,"[18, 19, 20, 21, 22, 23]",-4.196678638458252,-4.3094282150268555,-4.336752414703369,-0.11274957656860352,-0.1400737762451172,0.027324199676513672,-4.183876037597656
pair_0016_sad,pair_0016,05,01,01,01,sad,pair_0016_happy,1,edge_all_joint,audio_v_edge,"[18, 19, 20, 21, 22, 23]",-4.196678638458252,-4.3094282150268555,-4.183876037597656,-0.11274957656860352,0.012802600860595703,-0.12555217742919922,-4.183876037597656
pair_0017_happy,pair_0017,05,01,02,01,happy,pair_0017_sad,-1,edge_decision_joint,audio_v_edge,"[18, 19, 20, 21, 22, 23]",-4.383161544799805,-4.506044864654541,-4.310548782348633,0.12288331985473633,-0.07261276245117188,0.1954960823059082,-4.30785608291626
pair_0017_happy,pair_0017,05,01,02,01,happy,pair_0017_sad,-1,edge_audio_joint,audio_v_edge,"[18, 19, 20, 21, 22, 23]",-4.383161544799805,-4.506044864654541,-4.507368087768555,0.12288331985473633,0.12420654296875,-0.0013232231140136719,-4.30785608291626
pair_0017_happy,pair_0017,05,01,02,01,happy,pair_0017_sad,-1,edge_end_marker_joint,audio_v_edge,"[18, 19, 20, 21, 22, 23]",-4.383161544799805,-4.506044864654541,-4.506078720092773,0.12288331985473633,0.12291717529296875,-3.3855438232421875e-05,-4.30785608291626
pair_0017_happy,pair_0017,05,01,02,01,happy,pair_0017_sad,-1,edge_non_decision_joint,audio_v_edge,"[18, 19, 20, 21, 22, 23]",-4.383161544799805,-4.506044864654541,-4.507369518280029,0.12288331985473633,0.12420797348022461,-0.0013246536254882812,-4.30785608291626
pair_0017_happy,pair_0017,05,01,02,01,happy,pair_0017_sad,-1,edge_all_joint,audio_v_edge,"[18, 19, 20, 21, 22, 23]",-4.383161544799805,-4.506044864654541,-4.307858467102051,0.12288331985473633,-0.0753030776977539,0.19818639755249023,-4.30785608291626
pair_0017_sad,pair_0017,05,01,02,01,sad,pair_0017_happy,1,edge_decision_joint,audio_v_edge,"[18, 19, 20, 21, 22, 23]",-4.5589680671691895,-4.452816009521484,-4.561420917510986,0.10615205764770508,-0.002452850341796875,0.10860490798950195,-4.563237190246582
pair_0017_sad,pair_0017,05,01,02,01,sad,pair_0017_happy,1,edge_audio_joint,audio_v_edge,"[18, 19, 20, 21, 22, 23]",-4.5589680671691895,-4.452816009521484,-4.472363471984863,0.10615205764770508,0.08660459518432617,0.019547462463378906,-4.563237190246582
pair_0017_sad,pair_0017,05,01,02,01,sad,pair_0017_happy,1,edge_end_marker_joint,audio_v_edge,"[18, 19, 20, 21, 22, 23]",-4.5589680671691895,-4.452816009521484,-4.452698707580566,0.10615205764770508,0.10626935958862305,-0.00011730194091796875,-4.563237190246582
pair_0017_sad,pair_0017,05,01,02,01,sad,pair_0017_happy,1,edge_non_decision_joint,audio_v_edge,"[18, 19, 20, 21, 22, 23]",-4.5589680671691895,-4.452816009521484,-4.472208499908447,0.10615205764770508,0.08675956726074219,0.01939249038696289,-4.563237190246582
pair_0017_sad,pair_0017,05,01,02,01,sad,pair_0017_happy,1,edge_all_joint,audio_v_edge,"[18, 19, 20, 21, 22, 23]",-4.5589680671691895,-4.452816009521484,-4.563236236572266,0.10615205764770508,-0.004268169403076172,0.11042022705078125,-4.563237190246582
pair_0018_happy,pair_0018,05,02,01,01,happy,pair_0018_sad,-1,edge_decision_joint,audio_v_edge,"[18, 19, 20, 21, 22, 23]",-3.286710500717163,-3.2258472442626953,-3.0975568294525146,-0.06086325645446777,-0.18915367126464844,0.12829041481018066,-3.0944643020629883
pair_0018_happy,pair_0018,05,02,01,01,happy,pair_0018_sad,-1,edge_audio_joint,audio_v_edge,"[18, 19, 20, 21, 22, 23]",-3.286710500717163,-3.2258472442626953,-3.2776379585266113,-0.06086325645446777,-0.009072542190551758,-0.051790714263916016,-3.0944643020629883
pair_0018_happy,pair_0018,05,02,01,01,happy,pair_0018_sad,-1,edge_end_marker_joint,audio_v_edge,"[18, 19, 20, 21, 22, 23]",-3.286710500717163,-3.2258472442626953,-3.2258591651916504,-0.06086325645446777,-0.060851335525512695,-1.1920928955078125e-05,-3.0944643020629883
pair_0018_happy,pair_0018,05,02,01,01,happy,pair_0018_sad,-1,edge_non_decision_joint,audio_v_edge,"[18, 19, 20, 21, 22, 23]",-3.286710500717163,-3.2258472442626953,-3.2776107788085938,-0.06086325645446777,-0.009099721908569336,-0.05176353454589844,-3.0944643020629883
pair_0018_happy,pair_0018,05,02,01,01,happy,pair_0018_sad,-1,edge_all_joint,audio_v_edge,"[18, 19, 20, 21, 22, 23]",-3.286710500717163,-3.2258472442626953,-3.094464063644409,-0.06086325645446777,-0.1922464370727539,0.13138318061828613,-3.0944643020629883
pair_0018_sad,pair_0018,05,02,01,01,sad,pair_0018_happy,1,edge_decision_joint,audio_v_edge,"[18, 19, 20, 21, 22, 23]",-3.481130361557007,-3.5375609397888184,-3.2157163619995117,-0.05643057823181152,0.2654139995574951,-0.32184457778930664,-3.222815990447998
pair_0018_sad,pair_0018,05,02,01,01,sad,pair_0018_happy,1,edge_audio_joint,audio_v_edge,"[18, 19, 20, 21, 22, 23]",-3.481130361557007,-3.5375609397888184,-3.5423800945281982,-0.05643057823181152,-0.061249732971191406,0.004819154739379883,-3.222815990447998
pair_0018_sad,pair_0018,05,02,01,01,sad,pair_0018_happy,1,edge_end_marker_joint,audio_v_edge,"[18, 19, 20, 21, 22, 23]",-3.481130361557007,-3.5375609397888184,-3.5376460552215576,-0.05643057823181152,-0.05651569366455078,8.511543273925781e-05,-3.222815990447998
pair_0018_sad,pair_0018,05,02,01,01,sad,pair_0018_happy,1,edge_non_decision_joint,audio_v_edge,"[18, 19, 20, 21, 22, 23]",-3.481130361557007,-3.5375609397888184,-3.542410373687744,-0.05643057823181152,-0.061280012130737305,0.004849433898925781,-3.222815990447998
pair_0018_sad,pair_0018,05,02,01,01,sad,pair_0018_happy,1,edge_all_joint,audio_v_edge,"[18, 19, 20, 21, 22, 23]",-3.481130361557007,-3.5375609397888184,-3.2228167057037354,-0.05643057823181152,0.2583136558532715,-0.314744234085083,-3.222815990447998
pair_0019_happy,pair_0019,05,02,02,01,happy,pair_0019_sad,-1,edge_decision_joint,audio_v_edge,"[18, 19, 20, 21, 22, 23]",-3.4755494594573975,-3.442627429962158,-3.1979925632476807,-0.03292202949523926,-0.2775568962097168,0.24463486671447754,-3.1927285194396973
pair_0019_happy,pair_0019,05,02,02,01,happy,pair_0019_sad,-1,edge_audio_joint,audio_v_edge,"[18, 19, 20, 21, 22, 23]",-3.4755494594573975,-3.442627429962158,-3.473911762237549,-0.03292202949523926,-0.0016376972198486328,-0.031284332275390625,-3.1927285194396973
pair_0019_happy,pair_0019,05,02,02,01,happy,pair_0019_sad,-1,edge_end_marker_joint,audio_v_edge,"[18, 19, 20, 21, 22, 23]",-3.4755494594573975,-3.442627429962158,-3.442600965499878,-0.03292202949523926,-0.03294849395751953,2.6464462280273438e-05,-3.1927285194396973
pair_0019_happy,pair_0019,05,02,02,01,happy,pair_0019_sad,-1,edge_non_decision_joint,audio_v_edge,"[18, 19, 20, 21, 22, 23]",-3.4755494594573975,-3.442627429962158,-3.4738504886627197,-0.03292202949523926,-0.0016989707946777344,-0.031223058700561523,-3.1927285194396973
pair_0019_happy,pair_0019,05,02,02,01,happy,pair_0019_sad,-1,edge_all_joint,audio_v_edge,"[18, 19, 20, 21, 22, 23]",-3.4755494594573975,-3.442627429962158,-3.19272780418396,-0.03292202949523926,-0.2828216552734375,0.24989962577819824,-3.1927285194396973
pair_0019_sad,pair_0019,05,02,02,01,sad,pair_0019_happy,1,edge_decision_joint,audio_v_edge,"[18, 19, 20, 21, 22, 23]",-3.2868447303771973,-3.3282527923583984,-2.989152431488037,-0.04140806198120117,0.29769229888916016,-0.33910036087036133,-2.9903223514556885
pair_0019_sad,pair_0019,05,02,02,01,sad,pair_0019_happy,1,edge_audio_joint,audio_v_edge,"[18, 19, 20, 21, 22, 23]",-3.2868447303771973,-3.3282527923583984,-3.3245115280151367,-0.04140806198120117,-0.03766679763793945,-0.0037412643432617188,-2.9903223514556885
pair_0019_sad,pair_0019,05,02,02,01,sad,pair_0019_happy,1,edge_end_marker_joint,audio_v_edge,"[18, 19, 20, 21, 22, 23]",-3.2868447303771973,-3.3282527923583984,-3.3282837867736816,-0.04140806198120117,-0.041439056396484375,3.0994415283203125e-05,-2.9903223514556885
pair_0019_sad,pair_0019,05,02,02,01,sad,pair_0019_happy,1,edge_non_decision_joint,audio_v_edge,"[18, 19, 20, 21, 22, 23]",-3.2868447303771973,-3.3282527923583984,-3.32454252243042,-0.04140806198120117,-0.037697792053222656,-0.0037102699279785156,-2.9903223514556885
pair_0019_sad,pair_0019,05,02,02,01,sad,pair_0019_happy,1,edge_all_joint,audio_v_edge,"[18, 19, 20, 21, 22, 23]",-3.2868447303771973,-3.3282527923583984,-2.990323543548584,-0.04140806198120117,0.2965211868286133,-0.33792924880981445,-2.9903223514556885
pair_0020_happy,pair_0020,06,01,01,01,happy,pair_0020_sad,-1,edge_decision_joint,audio_v_edge,"[18, 19, 20, 21, 22, 23]",-4.214656829833984,-4.394181251525879,-4.3653388023376465,0.17952442169189453,0.1506819725036621,0.028842449188232422,-4.358381748199463
pair_0020_happy,pair_0020,06,01,01,01,happy,pair_0020_sad,-1,edge_audio_joint,audio_v_edge,"[18, 19, 20, 21, 22, 23]",-4.214656829833984,-4.394181251525879,-4.394889831542969,0.17952442169189453,0.18023300170898438,-0.0007085800170898438,-4.358381748199463
pair_0020_happy,pair_0020,06,01,01,01,happy,pair_0020_sad,-1,edge_end_marker_joint,audio_v_edge,"[18, 19, 20, 21, 22, 23]",-4.214656829833984,-4.394181251525879,-4.394002437591553,0.17952442169189453,0.17934560775756836,0.00017881393432617188,-4.358381748199463
pair_0020_happy,pair_0020,06,01,01,01,happy,pair_0020_sad,-1,edge_non_decision_joint,audio_v_edge,"[18, 19, 20, 21, 22, 23]",-4.214656829833984,-4.394181251525879,-4.394695281982422,0.17952442169189453,0.1800384521484375,-0.0005140304565429688,-4.358381748199463
pair_0020_happy,pair_0020,06,01,01,01,happy,pair_0020_sad,-1,edge_all_joint,audio_v_edge,"[18, 19, 20, 21, 22, 23]",-4.214656829833984,-4.394181251525879,-4.358380317687988,0.17952442169189453,0.1437234878540039,0.035800933837890625,-4.358381748199463
pair_0020_sad,pair_0020,06,01,01,01,sad,pair_0020_happy,1,edge_decision_joint,audio_v_edge,"[18, 19, 20, 21, 22, 23]",-4.52412223815918,-4.343963623046875,-4.473723411560059,0.1801586151123047,0.050398826599121094,0.1297597885131836,-4.484222412109375
pair_0020_sad,pair_0020,06,01,01,01,sad,pair_0020_happy,1,edge_audio_joint,audio_v_edge,"[18, 19, 20, 21, 22, 23]",-4.52412223815918,-4.343963623046875,-4.356081962585449,0.1801586151123047,0.16804027557373047,0.012118339538574219,-4.484222412109375
pair_0020_sad,pair_0020,06,01,01,01,sad,pair_0020_happy,1,edge_end_marker_joint,audio_v_edge,"[18, 19, 20, 21, 22, 23]",-4.52412223815918,-4.343963623046875,-4.343982696533203,0.1801586151123047,0.18013954162597656,1.9073486328125e-05,-4.484222412109375
pair_0020_sad,pair_0020,06,01,01,01,sad,pair_0020_happy,1,edge_non_decision_joint,audio_v_edge,"[18, 19, 20, 21, 22, 23]",-4.52412223815918,-4.343963623046875,-4.3560967445373535,0.1801586151123047,0.16802549362182617,0.012133121490478516,-4.484222412109375
pair_0020_sad,pair_0020,06,01,01,01,sad,pair_0020_happy,1,edge_all_joint,audio_v_edge,"[18, 19, 20, 21, 22, 23]",-4.52412223815918,-4.343963623046875,-4.484223365783691,0.1801586151123047,0.03989887237548828,0.1402597427368164,-4.484222412109375
pair_0021_happy,pair_0021,06,01,02,01,happy,pair_0021_sad,-1,edge_decision_joint,audio_v_edge,"[18, 19, 20, 21, 22, 23]",-4.25598669052124,-4.3884992599487305,-4.471185207366943,0.13251256942749023,0.21519851684570312,-0.08268594741821289,-4.475822448730469
pair_0021_happy,pair_0021,06,01,02,01,happy,pair_0021_sad,-1,edge_audio_joint,audio_v_edge,"[18, 19, 20, 21, 22, 23]",-4.25598669052124,-4.3884992599487305,-4.388327598571777,0.13251256942749023,0.1323409080505371,0.000171661376953125,-4.475822448730469
pair_0021_happy,pair_0021,06,01,02,01,happy,pair_0021_sad,-1,edge_end_marker_joint,audio_v_edge,"[18, 19, 20, 21, 22, 23]",-4.25598669052124,-4.3884992599487305,-4.388258457183838,0.13251256942749023,0.13227176666259766,0.00024080276489257812,-4.475822448730469
pair_0021_happy,pair_0021,06,01,02,01,happy,pair_0021_sad,-1,edge_non_decision_joint,audio_v_edge,"[18, 19, 20, 21, 22, 23]",-4.25598669052124,-4.3884992599487305,-4.388059616088867,0.13251256942749023,0.13207292556762695,0.00043964385986328125,-4.475822448730469
pair_0021_happy,pair_0021,06,01,02,01,happy,pair_0021_sad,-1,edge_all_joint,audio_v_edge,"[18, 19, 20, 21, 22, 23]",-4.25598669052124,-4.3884992599487305,-4.475821495056152,0.13251256942749023,0.2198348045349121,-0.08732223510742188,-4.475822448730469
pair_0021_sad,pair_0021,06,01,02,01,sad,pair_0021_happy,1,edge_decision_joint,audio_v_edge,"[18, 19, 20, 21, 22, 23]",-4.614285469055176,-4.495260238647461,-4.772071361541748,0.11902523040771484,-0.15778589248657227,0.2768111228942871,-4.778974533081055
pair_0021_sad,pair_0021,06,01,02,01,sad,pair_0021_happy,1,edge_audio_joint,audio_v_edge,"[18, 19, 20, 21, 22, 23]",-4.614285469055176,-4.495260238647461,-4.52813720703125,0.11902523040771484,0.08614826202392578,0.03287696838378906,-4.778974533081055
pair_0021_sad,pair_0021,06,01,02,01,sad,pair_0021_happy,1,edge_end_marker_joint,audio_v_edge,"[18, 19, 20, 21, 22, 23]",-4.614285469055176,-4.495260238647461,-4.495007514953613,0.11902523040771484,0.1192779541015625,-0.00025272369384765625,-4.778974533081055
pair_0021_sad,pair_0021,06,01,02,01,sad,pair_0021_happy,1,edge_non_decision_joint,audio_v_edge,"[18, 19, 20, 21, 22, 23]",-4.614285469055176,-4.495260238647461,-4.5279107093811035,0.11902523040771484,0.08637475967407227,0.03265047073364258,-4.778974533081055
pair_0021_sad,pair_0021,06,01,02,01,sad,pair_0021_happy,1,edge_all_joint,audio_v_edge,"[18, 19, 20, 21, 22, 23]",-4.614285469055176,-4.495260238647461,-4.778974533081055,0.11902523040771484,-0.1646890640258789,0.28371429443359375,-4.778974533081055
pair_0022_happy,pair_0022,06,02,01,01,happy,pair_0022_sad,-1,edge_decision_joint,audio_v_edge,"[18, 19, 20, 21, 22, 23]",-3.6021475791931152,-3.7090518474578857,-3.6685848236083984,0.10690426826477051,0.0664372444152832,0.040467023849487305,-3.6632370948791504
pair_0022_happy,pair_0022,06,02,01,01,happy,pair_0022_sad,-1,edge_audio_joint,audio_v_edge,"[18, 19, 20, 21, 22, 23]",-3.6021475791931152,-3.7090518474578857,-3.7040345668792725,0.10690426826477051,0.10188698768615723,0.005017280578613281,-3.6632370948791504
pair_0022_happy,pair_0022,06,02,01,01,happy,pair_0022_sad,-1,edge_end_marker_joint,audio_v_edge,"[18, 19, 20, 21, 22, 23]",-3.6021475791931152,-3.7090518474578857,-3.709061861038208,0.10690426826477051,0.10691428184509277,-1.0013580322265625e-05,-3.6632370948791504
pair_0022_happy,pair_0022,06,02,01,01,happy,pair_0022_sad,-1,edge_non_decision_joint,audio_v_edge,"[18, 19, 20, 21, 22, 23]",-3.6021475791931152,-3.7090518474578857,-3.7040443420410156,0.10690426826477051,0.10189676284790039,0.005007505416870117,-3.6632370948791504
pair_0022_happy,pair_0022,06,02,01,01,happy,pair_0022_sad,-1,edge_all_joint,audio_v_edge,"[18, 19, 20, 21, 22, 23]",-3.6021475791931152,-3.7090518474578857,-3.663238525390625,0.10690426826477051,0.061090946197509766,0.04581332206726074,-3.6632370948791504
pair_0022_sad,pair_0022,06,02,01,01,sad,pair_0022_happy,1,edge_decision_joint,audio_v_edge,"[18, 19, 20, 21, 22, 23]",-3.4650402069091797,-3.3540961742401123,-3.4042811393737793,0.11094403266906738,0.06075906753540039,0.05018496513366699,-3.4085588455200195
pair_0022_sad,pair_0022,06,02,01,01,sad,pair_0022_happy,1,edge_audio_joint,audio_v_edge,"[18, 19, 20, 21, 22, 23]",-3.4650402069091797,-3.3540961742401123,-3.3585596084594727,0.11094403266906738,0.10648059844970703,0.0044634342193603516,-3.4085588455200195
pair_0022_sad,pair_0022,06,02,01,01,sad,pair_0022_happy,1,edge_end_marker_joint,audio_v_edge,"[18, 19, 20, 21, 22, 23]",-3.4650402069091797,-3.3540961742401123,-3.3540475368499756,0.11094403266906738,0.1109926700592041,-4.863739013671875e-05,-3.4085588455200195
pair_0022_sad,pair_0022,06,02,01,01,sad,pair_0022_happy,1,edge_non_decision_joint,audio_v_edge,"[18, 19, 20, 21, 22, 23]",-3.4650402069091797,-3.3540961742401123,-3.358499526977539,0.11094403266906738,0.10654067993164062,0.004403352737426758,-3.4085588455200195
pair_0022_sad,pair_0022,06,02,01,01,sad,pair_0022_happy,1,edge_all_joint,audio_v_edge,"[18, 19, 20, 21, 22, 23]",-3.4650402069091797,-3.3540961742401123,-3.4085564613342285,0.11094403266906738,0.05648374557495117,0.05446028709411621,-3.4085588455200195
pair_0023_happy,pair_0023,06,02,02,01,happy,pair_0023_sad,-1,edge_decision_joint,audio_v_edge,"[18, 19, 20, 21, 22, 23]",-3.457305908203125,-3.5323586463928223,-3.5323402881622314,0.07505273818969727,0.07503437995910645,1.8358230590820312e-05,-3.5285019874572754
pair_0023_happy,pair_0023,06,02,02,01,happy,pair_0023_sad,-1,edge_audio_joint,audio_v_edge,"[18, 19, 20, 21, 22, 23]",-3.457305908203125,-3.5323586463928223,-3.522631883621216,0.07505273818969727,0.06532597541809082,0.009726762771606445,-3.5285019874572754
pair_0023_happy,pair_0023,06,02,02,01,happy,pair_0023_sad,-1,edge_end_marker_joint,audio_v_edge,"[18, 19, 20, 21, 22, 23]",-3.457305908203125,-3.5323586463928223,-3.5323920249938965,0.07505273818969727,0.07508611679077148,-3.337860107421875e-05,-3.5285019874572754
pair_0023_happy,pair_0023,06,02,02,01,happy,pair_0023_sad,-1,edge_non_decision_joint,audio_v_edge,"[18, 19, 20, 21, 22, 23]",-3.457305908203125,-3.5323586463928223,-3.522669792175293,0.07505273818969727,0.06536388397216797,0.009688854217529297,-3.5285019874572754
pair_0023_happy,pair_0023,06,02,02,01,happy,pair_0023_sad,-1,edge_all_joint,audio_v_edge,"[18, 19, 20, 21, 22, 23]",-3.457305908203125,-3.5323586463928223,-3.528502941131592,0.07505273818969727,0.0711970329284668,0.0038557052612304688,-3.5285019874572754
pair_0023_sad,pair_0023,06,02,02,01,sad,pair_0023_happy,1,edge_decision_joint,audio_v_edge,"[18, 19, 20, 21, 22, 23]",-3.6551520824432373,-3.5803494453430176,-3.591001510620117,0.07480263710021973,0.06415057182312012,0.01065206527709961,-3.595691204071045
pair_0023_sad,pair_0023,06,02,02,01,sad,pair_0023_happy,1,edge_audio_joint,audio_v_edge,"[18, 19, 20, 21, 22, 23]",-3.6551520824432373,-3.5803494453430176,-3.592585563659668,0.07480263710021973,0.06256651878356934,0.01223611831665039,-3.595691204071045
pair_0023_sad,pair_0023,06,02,02,01,sad,pair_0023_happy,1,edge_end_marker_joint,audio_v_edge,"[18, 19, 20, 21, 22, 23]",-3.6551520824432373,-3.5803494453430176,-3.5803089141845703,0.07480263710021973,0.07484316825866699,-4.0531158447265625e-05,-3.595691204071045
pair_0023_sad,pair_0023,06,02,02,01,sad,pair_0023_happy,1,edge_non_decision_joint,audio_v_edge,"[18, 19, 20, 21, 22, 23]",-3.6551520824432373,-3.5803494453430176,-3.5925440788269043,0.07480263710021973,0.06260800361633301,0.012194633483886719,-3.595691204071045
pair_0023_sad,pair_0023,06,02,02,01,sad,pair_0023_happy,1,edge_all_joint,audio_v_edge,"[18, 19, 20, 21, 22, 23]",-3.6551520824432373,-3.5803494453430176,-3.5956904888153076,0.07480263710021973,0.05946159362792969,0.015341043472290039,-3.595691204071045
pair_0024_happy,pair_0024,07,01,01,01,happy,pair_0024_sad,-1,edge_decision_joint,audio_v_edge,"[18, 19, 20, 21, 22, 23]",-4.384683609008789,-4.240888595581055,-4.288267135620117,-0.14379501342773438,-0.09641647338867188,-0.0473785400390625,-4.285084247589111
pair_0024_happy,pair_0024,07,01,01,01,happy,pair_0024_sad,-1,edge_audio_joint,audio_v_edge,"[18, 19, 20, 21, 22, 23]",-4.384683609008789,-4.240888595581055,-4.2682204246521,-0.14379501342773438,-0.11646318435668945,-0.027331829071044922,-4.285084247589111
pair_0024_happy,pair_0024,07,01,01,01,happy,pair_0024_sad,-1,edge_end_marker_joint,audio_v_edge,"[18, 19, 20, 21, 22, 23]",-4.384683609008789,-4.240888595581055,-4.240910053253174,-0.14379501342773438,-0.14377355575561523,-2.1457672119140625e-05,-4.285084247589111
pair_0024_happy,pair_0024,07,01,01,01,happy,pair_0024_sad,-1,edge_non_decision_joint,audio_v_edge,"[18, 19, 20, 21, 22, 23]",-4.384683609008789,-4.240888595581055,-4.2682390213012695,-0.14379501342773438,-0.11644458770751953,-0.027350425720214844,-4.285084247589111
pair_0024_happy,pair_0024,07,01,01,01,happy,pair_0024_sad,-1,edge_all_joint,audio_v_edge,"[18, 19, 20, 21, 22, 23]",-4.384683609008789,-4.240888595581055,-4.285082817077637,-0.14379501342773438,-0.09960079193115234,-0.04419422149658203,-4.285084247589111
pair_0024_sad,pair_0024,07,01,01,01,sad,pair_0024_happy,1,edge_decision_joint,audio_v_edge,"[18, 19, 20, 21, 22, 23]",-4.1672210693359375,-4.296696662902832,-4.303079605102539,-0.12947559356689453,-0.13585853576660156,0.006382942199707031,-4.295932769775391
pair_0024_sad,pair_0024,07,01,01,01,sad,pair_0024_happy,1,edge_audio_joint,audio_v_edge,"[18, 19, 20, 21, 22, 23]",-4.1672210693359375,-4.296696662902832,-4.290874481201172,-0.12947559356689453,-0.12365341186523438,-0.005822181701660156,-4.295932769775391
pair_0024_sad,pair_0024,07,01,01,01,sad,pair_0024_happy,1,edge_end_marker_joint,audio_v_edge,"[18, 19, 20, 21, 22, 23]",-4.1672210693359375,-4.296696662902832,-4.296452522277832,-0.12947559356689453,-0.12923145294189453,-0.000244140625,-4.295932769775391
pair_0024_sad,pair_0024,07,01,01,01,sad,pair_0024_happy,1,edge_non_decision_joint,audio_v_edge,"[18, 19, 20, 21, 22, 23]",-4.1672210693359375,-4.296696662902832,-4.290624141693115,-0.12947559356689453,-0.12340307235717773,-0.006072521209716797,-4.295932769775391
pair_0024_sad,pair_0024,07,01,01,01,sad,pair_0024_happy,1,edge_all_joint,audio_v_edge,"[18, 19, 20, 21, 22, 23]",-4.1672210693359375,-4.296696662902832,-4.295933246612549,-0.12947559356689453,-0.12871217727661133,-0.0007634162902832031,-4.295932769775391
pair_0025_happy,pair_0025,07,01,02,01,happy,pair_0025_sad,-1,edge_decision_joint,audio_v_edge,"[18, 19, 20, 21, 22, 23]",-4.604063987731934,-4.625931262969971,-4.551435470581055,0.02186727523803711,-0.052628517150878906,0.07449579238891602,-4.556425094604492
pair_0025_happy,pair_0025,07,01,02,01,happy,pair_0025_sad,-1,edge_audio_joint,audio_v_edge,"[18, 19, 20, 21, 22, 23]",-4.604063987731934,-4.625931262969971,-4.631990432739258,0.02186727523803711,0.02792644500732422,-0.006059169769287109,-4.556425094604492
pair_0025_happy,pair_0025,07,01,02,01,happy,pair_0025_sad,-1,edge_end_marker_joint,audio_v_edge,"[18, 19, 20, 21, 22, 23]",-4.604063987731934,-4.625931262969971,-4.625861644744873,0.02186727523803711,0.021797657012939453,6.961822509765625e-05,-4.556425094604492
pair_0025_happy,pair_0025,07,01,02,01,happy,pair_0025_sad,-1,edge_non_decision_joint,audio_v_edge,"[18, 19, 20, 21, 22, 23]",-4.604063987731934,-4.625931262969971,-4.631925582885742,0.02186727523803711,0.027861595153808594,-0.005994319915771484,-4.556425094604492
pair_0025_happy,pair_0025,07,01,02,01,happy,pair_0025_sad,-1,edge_all_joint,audio_v_edge,"[18, 19, 20, 21, 22, 23]",-4.604063987731934,-4.625931262969971,-4.556426525115967,0.02186727523803711,-0.0476374626159668,0.0695047378540039,-4.556425094604492
pair_0025_sad,pair_0025,07,01,02,01,sad,pair_0025_happy,1,edge_decision_joint,audio_v_edge,"[18, 19, 20, 21, 22, 23]",-4.696544170379639,-4.665755748748779,-4.771716117858887,0.030788421630859375,-0.07517194747924805,0.10596036911010742,-4.773900032043457
pair_0025_sad,pair_0025,07,01,02,01,sad,pair_0025_happy,1,edge_audio_joint,audio_v_edge,"[18, 19, 20, 21, 22, 23]",-4.696544170379639,-4.665755748748779,-4.6658406257629395,0.030788421630859375,0.03070354461669922,8.487701416015625e-05,-4.773900032043457
pair_0025_sad,pair_0025,07,01,02,01,sad,pair_0025_happy,1,edge_end_marker_joint,audio_v_edge,"[18, 19, 20, 21, 22, 23]",-4.696544170379639,-4.665755748748779,-4.6656622886657715,0.030788421630859375,0.030881881713867188,-9.34600830078125e-05,-4.773900032043457
pair_0025_sad,pair_0025,07,01,02,01,sad,pair_0025_happy,1,edge_non_decision_joint,audio_v_edge,"[18, 19, 20, 21, 22, 23]",-4.696544170379639,-4.665755748748779,-4.665746212005615,0.030788421630859375,0.030797958374023438,-9.5367431640625e-06,-4.773900032043457
pair_0025_sad,pair_0025,07,01,02,01,sad,pair_0025_happy,1,edge_all_joint,audio_v_edge,"[18, 19, 20, 21, 22, 23]",-4.696544170379639,-4.665755748748779,-4.773900032043457,0.030788421630859375,-0.07735586166381836,0.10814428329467773,-4.773900032043457
pair_0026_happy,pair_0026,07,02,01,01,happy,pair_0026_sad,-1,edge_decision_joint,audio_v_edge,"[18, 19, 20, 21, 22, 23]",-3.7800509929656982,-3.708968162536621,-3.4690561294555664,-0.07108283042907715,-0.31099486351013184,0.2399120330810547,-3.4691481590270996
pair_0026_happy,pair_0026,07,02,01,01,happy,pair_0026_sad,-1,edge_audio_joint,audio_v_edge,"[18, 19, 20, 21, 22, 23]",-3.7800509929656982,-3.708968162536621,-3.729059934616089,-0.07108283042907715,-0.050991058349609375,-0.020091772079467773,-3.4691481590270996
pair_0026_happy,pair_0026,07,02,01,01,happy,pair_0026_sad,-1,edge_end_marker_joint,audio_v_edge,"[18, 19, 20, 21, 22, 23]",-3.7800509929656982,-3.708968162536621,-3.7089080810546875,-0.07108283042907715,-0.07114291191101074,6.008148193359375e-05,-3.4691481590270996
pair_0026_happy,pair_0026,07,02,01,01,happy,pair_0026_sad,-1,edge_non_decision_joint,audio_v_edge,"[18, 19, 20, 21, 22, 23]",-3.7800509929656982,-3.708968162536621,-3.7289392948150635,-0.07108283042907715,-0.051111698150634766,-0.019971132278442383,-3.4691481590270996
pair_0026_happy,pair_0026,07,02,01,01,happy,pair_0026_sad,-1,edge_all_joint,audio_v_edge,"[18, 19, 20, 21, 22, 23]",-3.7800509929656982,-3.708968162536621,-3.469146728515625,-0.07108283042907715,-0.31090426445007324,0.2398214340209961,-3.4691481590270996
pair_0026_sad,pair_0026,07,02,01,01,sad,pair_0026_happy,1,edge_decision_joint,audio_v_edge,"[18, 19, 20, 21, 22, 23]",-3.630866765975952,-3.6996631622314453,-3.4465444087982178,-0.06879639625549316,0.18432235717773438,-0.25311875343322754,-3.4372682571411133
pair_0026_sad,pair_0026,07,02,01,01,sad,pair_0026_happy,1,edge_audio_joint,audio_v_edge,"[18, 19, 20, 21, 22, 23]",-3.630866765975952,-3.6996631622314453,-3.7275571823120117,-0.06879639625549316,-0.09669041633605957,0.027894020080566406,-3.4372682571411133
pair_0026_sad,pair_0026,07,02,01,01,sad,pair_0026_happy,1,edge_end_marker_joint,audio_v_edge,"[18, 19, 20, 21, 22, 23]",-3.630866765975952,-3.6996631622314453,-3.699704647064209,-0.06879639625549316,-0.06883788108825684,4.1484832763671875e-05,-3.4372682571411133
pair_0026_sad,pair_0026,07,02,01,01,sad,pair_0026_happy,1,edge_non_decision_joint,audio_v_edge,"[18, 19, 20, 21, 22, 23]",-3.630866765975952,-3.6996631622314453,-3.7275991439819336,-0.06879639625549316,-0.09673237800598145,0.02793598175048828,-3.4372682571411133
pair_0026_sad,pair_0026,07,02,01,01,sad,pair_0026_happy,1,edge_all_joint,audio_v_edge,"[18, 19, 20, 21, 22, 23]",-3.630866765975952,-3.6996631622314453,-3.4372692108154297,-0.06879639625549316,0.19359755516052246,-0.2623939514160156,-3.4372682571411133
pair_0027_happy,pair_0027,07,02,02,01,happy,pair_0027_sad,-1,edge_decision_joint,audio_v_edge,"[18, 19, 20, 21, 22, 23]",-3.7800509929656982,-3.7281789779663086,-3.3516898155212402,-0.05187201499938965,-0.428361177444458,0.37648916244506836,-3.352520227432251
pair_0027_happy,pair_0027,07,02,02,01,happy,pair_0027_sad,-1,edge_audio_joint,audio_v_edge,"[18, 19, 20, 21, 22, 23]",-3.7800509929656982,-3.7281789779663086,-3.774153232574463,-0.05187201499938965,-0.0058977603912353516,-0.0459742546081543,-3.352520227432251
pair_0027_happy,pair_0027,07,02,02,01,happy,pair_0027_sad,-1,edge_end_marker_joint,audio_v_edge,"[18, 19, 20, 21, 22, 23]",-3.7800509929656982,-3.7281789779663086,-3.7281692028045654,-0.05187201499938965,-0.05188179016113281,9.775161743164062e-06,-3.352520227432251
pair_0027_happy,pair_0027,07,02,02,01,happy,pair_0027_sad,-1,edge_non_decision_joint,audio_v_edge,"[18, 19, 20, 21, 22, 23]",-3.7800509929656982,-3.7281789779663086,-3.7740814685821533,-0.05187201499938965,-0.005969524383544922,-0.04590249061584473,-3.352520227432251
pair_0027_happy,pair_0027,07,02,02,01,happy,pair_0027_sad,-1,edge_all_joint,audio_v_edge,"[18, 19, 20, 21, 22, 23]",-3.7800509929656982,-3.7281789779663086,-3.3525166511535645,-0.05187201499938965,-0.4275343418121338,0.37566232681274414,-3.352520227432251
pair_0027_sad,pair_0027,07,02,02,01,sad,pair_0027_happy,1,edge_decision_joint,audio_v_edge,"[18, 19, 20, 21, 22, 23]",-3.5695126056671143,-3.610123634338379,-3.4369659423828125,-0.04061102867126465,0.13254666328430176,-0.1731576919555664,-3.4477787017822266
pair_0027_sad,pair_0027,07,02,02,01,sad,pair_0027_happy,1,edge_audio_joint,audio_v_edge,"[18, 19, 20, 21, 22, 23]",-3.5695126056671143,-3.610123634338379,-3.654751777648926,-0.04061102867126465,-0.08523917198181152,0.044628143310546875,-3.4477787017822266
pair_0027_sad,pair_0027,07,02,02,01,sad,pair_0027_happy,1,edge_end_marker_joint,audio_v_edge,"[18, 19, 20, 21, 22, 23]",-3.5695126056671143,-3.610123634338379,-3.6101603507995605,-0.04061102867126465,-0.04064774513244629,3.6716461181640625e-05,-3.4477787017822266
pair_0027_sad,pair_0027,07,02,02,01,sad,pair_0027_happy,1,edge_non_decision_joint,audio_v_edge,"[18, 19, 20, 21, 22, 23]",-3.5695126056671143,-3.610123634338379,-3.6547484397888184,-0.04061102867126465,-0.0852358341217041,0.04462480545043945,-3.4477787017822266
pair_0027_sad,pair_0027,07,02,02,01,sad,pair_0027_happy,1,edge_all_joint,audio_v_edge,"[18, 19, 20, 21, 22, 23]",-3.5695126056671143,-3.610123634338379,-3.4477782249450684,-0.04061102867126465,0.1217343807220459,-0.16234540939331055,-3.4477787017822266
pair_0028_happy,pair_0028,08,01,01,01,happy,pair_0028_sad,-1,edge_decision_joint,audio_v_edge,"[18, 19, 20, 21, 22, 23]",-3.8731539249420166,-4.2741241455078125,-3.8499040603637695,0.4009702205657959,-0.02324986457824707,0.42422008514404297,-3.8568191528320312
pair_0028_happy,pair_0028,08,01,01,01,happy,pair_0028_sad,-1,edge_audio_joint,audio_v_edge,"[18, 19, 20, 21, 22, 23]",-3.8731539249420166,-4.2741241455078125,-4.332652568817139,0.4009702205657959,0.45949864387512207,-0.05852842330932617,-3.8568191528320312
pair_0028_happy,pair_0028,08,01,01,01,happy,pair_0028_sad,-1,edge_end_marker_joint,audio_v_edge,"[18, 19, 20, 21, 22, 23]",-3.8731539249420166,-4.2741241455078125,-4.274140357971191,0.4009702205657959,0.4009864330291748,-1.621246337890625e-05,-3.8568191528320312
pair_0028_happy,pair_0028,08,01,01,01,happy,pair_0028_sad,-1,edge_non_decision_joint,audio_v_edge,"[18, 19, 20, 21, 22, 23]",-3.8731539249420166,-4.2741241455078125,-4.332662582397461,0.4009702205657959,0.45950865745544434,-0.05853843688964844,-3.8568191528320312
pair_0028_happy,pair_0028,08,01,01,01,happy,pair_0028_sad,-1,edge_all_joint,audio_v_edge,"[18, 19, 20, 21, 22, 23]",-3.8731539249420166,-4.2741241455078125,-3.856818199157715,0.4009702205657959,-0.016335725784301758,0.41730594635009766,-3.8568191528320312
pair_0028_sad,pair_0028,08,01,01,01,sad,pair_0028_happy,1,edge_decision_joint,audio_v_edge,"[18, 19, 20, 21, 22, 23]",-5.036435127258301,-4.652103424072266,-4.945736885070801,0.38433170318603516,0.0906982421875,0.29363346099853516,-4.940761566162109
pair_0028_sad,pair_0028,08,01,01,01,sad,pair_0028_happy,1,edge_audio_joint,audio_v_edge,"[18, 19, 20, 21, 22, 23]",-5.036435127258301,-4.652103424072266,-4.684391975402832,0.38433170318603516,0.35204315185546875,0.032288551330566406,-4.940761566162109
pair_0028_sad,pair_0028,08,01,01,01,sad,pair_0028_happy,1,edge_end_marker_joint,audio_v_edge,"[18, 19, 20, 21, 22, 23]",-5.036435127258301,-4.652103424072266,-4.652278423309326,0.38433170318603516,0.3841567039489746,0.00017499923706054688,-4.940761566162109
pair_0028_sad,pair_0028,08,01,01,01,sad,pair_0028_happy,1,edge_non_decision_joint,audio_v_edge,"[18, 19, 20, 21, 22, 23]",-5.036435127258301,-4.652103424072266,-4.684608459472656,0.38433170318603516,0.35182666778564453,0.032505035400390625,-4.940761566162109
pair_0028_sad,pair_0028,08,01,01,01,sad,pair_0028_happy,1,edge_all_joint,audio_v_edge,"[18, 19, 20, 21, 22, 23]",-5.036435127258301,-4.652103424072266,-4.940764427185059,0.38433170318603516,0.09567070007324219,0.28866100311279297,-4.940761566162109
pair_0029_happy,pair_0029,08,01,02,01,happy,pair_0029_sad,-1,edge_decision_joint,audio_v_edge,"[18, 19, 20, 21, 22, 23]",-4.524965286254883,-4.657519817352295,-4.2208099365234375,0.1325545310974121,-0.3041553497314453,0.4367098808288574,-4.248431205749512
pair_0029_happy,pair_0029,08,01,02,01,happy,pair_0029_sad,-1,edge_audio_joint,audio_v_edge,"[18, 19, 20, 21, 22, 23]",-4.524965286254883,-4.657519817352295,-4.692691802978516,0.1325545310974121,0.1677265167236328,-0.0351719856262207,-4.248431205749512
pair_0029_happy,pair_0029,08,01,02,01,happy,pair_0029_sad,-1,edge_end_marker_joint,audio_v_edge,"[18, 19, 20, 21, 22, 23]",-4.524965286254883,-4.657519817352295,-4.657541275024414,0.1325545310974121,0.13257598876953125,-2.1457672119140625e-05,-4.248431205749512
pair_0029_happy,pair_0029,08,01,02,01,happy,pair_0029_sad,-1,edge_non_decision_joint,audio_v_edge,"[18, 19, 20, 21, 22, 23]",-4.524965286254883,-4.657519817352295,-4.692708492279053,0.1325545310974121,0.16774320602416992,-0.03518867492675781,-4.248431205749512
pair_0029_happy,pair_0029,08,01,02,01,happy,pair_0029_sad,-1,edge_all_joint,audio_v_edge,"[18, 19, 20, 21, 22, 23]",-4.524965286254883,-4.657519817352295,-4.248430252075195,0.1325545310974121,-0.2765350341796875,0.4090895652770996,-4.248431205749512
pair_0029_sad,pair_0029,08,01,02,01,sad,pair_0029_happy,1,edge_decision_joint,audio_v_edge,"[18, 19, 20, 21, 22, 23]",-4.290677070617676,-4.241660118103027,-4.369442462921143,0.04901695251464844,-0.0787653923034668,0.12778234481811523,-4.347544193267822
pair_0029_sad,pair_0029,08,01,02,01,sad,pair_0029_happy,1,edge_audio_joint,audio_v_edge,"[18, 19, 20, 21, 22, 23]",-4.290677070617676,-4.241660118103027,-4.286463260650635,0.04901695251464844,0.004213809967041016,0.04480314254760742,-4.347544193267822
pair_0029_sad,pair_0029,08,01,02,01,sad,pair_0029_happy,1,edge_end_marker_joint,audio_v_edge,"[18, 19, 20, 21, 22, 23]",-4.290677070617676,-4.241660118103027,-4.241502285003662,0.04901695251464844,0.04917478561401367,-0.00015783309936523438,-4.347544193267822
pair_0029_sad,pair_0029,08,01,02,01,sad,pair_0029_happy,1,edge_non_decision_joint,audio_v_edge,"[18, 19, 20, 21, 22, 23]",-4.290677070617676,-4.241660118103027,-4.286253929138184,0.04901695251464844,0.0044231414794921875,0.04459381103515625,-4.347544193267822
pair_0029_sad,pair_0029,08,01,02,01,sad,pair_0029_happy,1,edge_all_joint,audio_v_edge,"[18, 19, 20, 21, 22, 23]",-4.290677070617676,-4.241660118103027,-4.347546100616455,0.04901695251464844,-0.0568690299987793,0.10588598251342773,-4.347544193267822
pair_0030_happy,pair_0030,08,02,01,01,happy,pair_0030_sad,-1,edge_decision_joint,audio_v_edge,"[18, 19, 20, 21, 22, 23]",-3.895028591156006,-3.2109622955322266,-3.8445725440979004,-0.6840662956237793,-0.05045604705810547,-0.6336102485656738,-3.830667734146118
pair_0030_happy,pair_0030,08,02,01,01,happy,pair_0030_sad,-1,edge_audio_joint,audio_v_edge,"[18, 19, 20, 21, 22, 23]",-3.895028591156006,-3.2109622955322266,-3.1975674629211426,-0.6840662956237793,-0.6974611282348633,0.013394832611083984,-3.830667734146118
pair_0030_happy,pair_0030,08,02,01,01,happy,pair_0030_sad,-1,edge_end_marker_joint,audio_v_edge,"[18, 19, 20, 21, 22, 23]",-3.895028591156006,-3.2109622955322266,-3.210686683654785,-0.6840662956237793,-0.6843419075012207,0.00027561187744140625,-3.830667734146118
pair_0030_happy,pair_0030,08,02,01,01,happy,pair_0030_sad,-1,edge_non_decision_joint,audio_v_edge,"[18, 19, 20, 21, 22, 23]",-3.895028591156006,-3.2109622955322266,-3.1973040103912354,-0.6840662956237793,-0.6977245807647705,0.013658285140991211,-3.830667734146118
pair_0030_happy,pair_0030,08,02,01,01,happy,pair_0030_sad,-1,edge_all_joint,audio_v_edge,"[18, 19, 20, 21, 22, 23]",-3.895028591156006,-3.2109622955322266,-3.8306663036346436,-0.6840662956237793,-0.0643622875213623,-0.619704008102417,-3.830667734146118
pair_0030_sad,pair_0030,08,02,01,01,sad,pair_0030_happy,1,edge_decision_joint,audio_v_edge,"[18, 19, 20, 21, 22, 23]",-2.6575613021850586,-3.4580156803131104,-2.4797751903533936,-0.8004543781280518,0.17778611183166504,-0.9782404899597168,-2.507389545440674
pair_0030_sad,pair_0030,08,02,01,01,sad,pair_0030_happy,1,edge_audio_joint,audio_v_edge,"[18, 19, 20, 21, 22, 23]",-2.6575613021850586,-3.4580156803131104,-3.4726569652557373,-0.8004543781280518,-0.8150956630706787,0.014641284942626953,-2.507389545440674
pair_0030_sad,pair_0030,08,02,01,01,sad,pair_0030_happy,1,edge_end_marker_joint,audio_v_edge,"[18, 19, 20, 21, 22, 23]",-2.6575613021850586,-3.4580156803131104,-3.458322525024414,-0.8004543781280518,-0.8007612228393555,0.00030684471130371094,-2.507389545440674
pair_0030_sad,pair_0030,08,02,01,01,sad,pair_0030_happy,1,edge_non_decision_joint,audio_v_edge,"[18, 19, 20, 21, 22, 23]",-2.6575613021850586,-3.4580156803131104,-3.4729533195495605,-0.8004543781280518,-0.815392017364502,0.014937639236450195,-2.507389545440674
pair_0030_sad,pair_0030,08,02,01,01,sad,pair_0030_happy,1,edge_all_joint,audio_v_edge,"[18, 19, 20, 21, 22, 23]",-2.6575613021850586,-3.4580156803131104,-2.507388114929199,-0.8004543781280518,0.15017318725585938,-0.9506275653839111,-2.507389545440674
pair_0031_happy,pair_0031,08,02,02,01,happy,pair_0031_sad,-1,edge_decision_joint,audio_v_edge,"[18, 19, 20, 21, 22, 23]",-3.81231689453125,-3.660240650177002,-4.165567874908447,-0.15207624435424805,0.35325098037719727,-0.5053272247314453,-4.171539306640625
pair_0031_happy,pair_0031,08,02,02,01,happy,pair_0031_sad,-1,edge_audio_joint,audio_v_edge,"[18, 19, 20, 21, 22, 23]",-3.81231689453125,-3.660240650177002,-3.6797192096710205,-0.15207624435424805,-0.1325976848602295,-0.019478559494018555,-4.171539306640625
pair_0031_happy,pair_0031,08,02,02,01,happy,pair_0031_sad,-1,edge_end_marker_joint,audio_v_edge,"[18, 19, 20, 21, 22, 23]",-3.81231689453125,-3.660240650177002,-3.6604537963867188,-0.15207624435424805,-0.15186309814453125,-0.00021314620971679688,-4.171539306640625
pair_0031_happy,pair_0031,08,02,02,01,happy,pair_0031_sad,-1,edge_non_decision_joint,audio_v_edge,"[18, 19, 20, 21, 22, 23]",-3.81231689453125,-3.660240650177002,-3.6799163818359375,-0.15207624435424805,-0.1324005126953125,-0.019675731658935547,-4.171539306640625
pair_0031_happy,pair_0031,08,02,02,01,happy,pair_0031_sad,-1,edge_all_joint,audio_v_edge,"[18, 19, 20, 21, 22, 23]",-3.81231689453125,-3.660240650177002,-4.171540260314941,-0.15207624435424805,0.3592233657836914,-0.5112996101379395,-4.171539306640625
pair_0031_sad,pair_0031,08,02,02,01,sad,pair_0031_happy,1,edge_decision_joint,audio_v_edge,"[18, 19, 20, 21, 22, 23]",-3.2720704078674316,-3.5574283599853516,-2.6533737182617188,-0.2853579521179199,0.6186966896057129,-0.9040546417236328,-2.676177978515625
pair_0031_sad,pair_0031,08,02,02,01,sad,pair_0031_happy,1,edge_audio_joint,audio_v_edge,"[18, 19, 20, 21, 22, 23]",-3.2720704078674316,-3.5574283599853516,-3.552114963531494,-0.2853579521179199,-0.2800445556640625,-0.005313396453857422,-2.676177978515625
pair_0031_sad,pair_0031,08,02,02,01,sad,pair_0031_happy,1,edge_end_marker_joint,audio_v_edge,"[18, 19, 20, 21, 22, 23]",-3.2720704078674316,-3.5574283599853516,-3.5573761463165283,-0.2853579521179199,-0.2853057384490967,-5.221366882324219e-05,-2.676177978515625
pair_0031_sad,pair_0031,08,02,02,01,sad,pair_0031_happy,1,edge_non_decision_joint,audio_v_edge,"[18, 19, 20, 21, 22, 23]",-3.2720704078674316,-3.5574283599853516,-3.552032232284546,-0.2853579521179199,-0.27996182441711426,-0.005396127700805664,-2.676177978515625
pair_0031_sad,pair_0031,08,02,02,01,sad,pair_0031_happy,1,edge_all_joint,audio_v_edge,"[18, 19, 20, 21, 22, 23]",-3.2720704078674316,-3.5574283599853516,-2.676176071166992,-0.2853579521179199,0.5958943367004395,-0.8812522888183594,-2.676177978515625
pair_0032_happy,pair_0032,09,01,01,01,happy,pair_0032_sad,-1,edge_decision_joint,audio_v_edge,"[18, 19, 20, 21, 22, 23]",-4.663866996765137,-4.66933536529541,-4.507758140563965,0.0054683685302734375,-0.15610885620117188,0.1615772247314453,-4.509794235229492
pair_0032_happy,pair_0032,09,01,01,01,happy,pair_0032_sad,-1,edge_audio_joint,audio_v_edge,"[18, 19, 20, 21, 22, 23]",-4.663866996765137,-4.66933536529541,-4.677437782287598,0.0054683685302734375,0.013570785522460938,-0.0081024169921875,-4.509794235229492
pair_0032_happy,pair_0032,09,01,01,01,happy,pair_0032_sad,-1,edge_end_marker_joint,audio_v_edge,"[18, 19, 20, 21, 22, 23]",-4.663866996765137,-4.66933536529541,-4.669279098510742,0.0054683685302734375,0.005412101745605469,5.626678466796875e-05,-4.509794235229492
pair_0032_happy,pair_0032,09,01,01,01,happy,pair_0032_sad,-1,edge_non_decision_joint,audio_v_edge,"[18, 19, 20, 21, 22, 23]",-4.663866996765137,-4.66933536529541,-4.677380561828613,0.0054683685302734375,0.013513565063476562,-0.008045196533203125,-4.509794235229492
pair_0032_happy,pair_0032,09,01,01,01,happy,pair_0032_sad,-1,edge_all_joint,audio_v_edge,"[18, 19, 20, 21, 22, 23]",-4.663866996765137,-4.66933536529541,-4.509795188903809,0.0054683685302734375,-0.15407180786132812,0.15954017639160156,-4.509794235229492
pair_0032_sad,pair_0032,09,01,01,01,sad,pair_0032_happy,1,edge_decision_joint,audio_v_edge,"[18, 19, 20, 21, 22, 23]",-4.710247993469238,-4.698345184326172,-4.506987571716309,0.011902809143066406,0.2032604217529297,-0.19135761260986328,-4.506746768951416
pair_0032_sad,pair_0032,09,01,01,01,sad,pair_0032_happy,1,edge_audio_joint,audio_v_edge,"[18, 19, 20, 21, 22, 23]",-4.710247993469238,-4.698345184326172,-4.7085418701171875,0.011902809143066406,0.0017061233520507812,0.010196685791015625,-4.506746768951416
pair_0032_sad,pair_0032,09,01,01,01,sad,pair_0032_happy,1,edge_end_marker_joint,audio_v_edge,"[18, 19, 20, 21, 22, 23]",-4.710247993469238,-4.698345184326172,-4.698267459869385,0.011902809143066406,0.011980533599853516,-7.772445678710938e-05,-4.506746768951416
pair_0032_sad,pair_0032,09,01,01,01,sad,pair_0032_happy,1,edge_non_decision_joint,audio_v_edge,"[18, 19, 20, 21, 22, 23]",-4.710247993469238,-4.698345184326172,-4.708466529846191,0.011902809143066406,0.001781463623046875,0.010121345520019531,-4.506746768951416
pair_0032_sad,pair_0032,09,01,01,01,sad,pair_0032_happy,1,edge_all_joint,audio_v_edge,"[18, 19, 20, 21, 22, 23]",-4.710247993469238,-4.698345184326172,-4.506747245788574,0.011902809143066406,0.20350074768066406,-0.19159793853759766,-4.506746768951416
pair_0033_happy,pair_0033,09,01,02,01,happy,pair_0033_sad,-1,edge_decision_joint,audio_v_edge,"[18, 19, 20, 21, 22, 23]",-5.057777404785156,-5.070005416870117,-4.964752197265625,0.012228012084960938,-0.09302520751953125,0.10525321960449219,-4.96347713470459
pair_0033_happy,pair_0033,09,01,02,01,happy,pair_0033_sad,-1,edge_audio_joint,audio_v_edge,"[18, 19, 20, 21, 22, 23]",-5.057777404785156,-5.070005416870117,-5.065390110015869,0.012228012084960938,0.007612705230712891,0.004615306854248047,-4.96347713470459
pair_0033_happy,pair_0033,09,01,02,01,happy,pair_0033_sad,-1,edge_end_marker_joint,audio_v_edge,"[18, 19, 20, 21, 22, 23]",-5.057777404785156,-5.070005416870117,-5.070099353790283,0.012228012084960938,0.012321949005126953,-9.393692016601562e-05,-4.96347713470459
pair_0033_happy,pair_0033,09,01,02,01,happy,pair_0033_sad,-1,edge_non_decision_joint,audio_v_edge,"[18, 19, 20, 21, 22, 23]",-5.057777404785156,-5.070005416870117,-5.065483093261719,0.012228012084960938,0.0077056884765625,0.0045223236083984375,-4.96347713470459
pair_0033_happy,pair_0033,09,01,02,01,happy,pair_0033_sad,-1,edge_all_joint,audio_v_edge,"[18, 19, 20, 21, 22, 23]",-5.057777404785156,-5.070005416870117,-4.96347713470459,0.012228012084960938,-0.0943002700805664,0.10652828216552734,-4.96347713470459
pair_0033_sad,pair_0033,09,01,02,01,sad,pair_0033_happy,1,edge_decision_joint,audio_v_edge,"[18, 19, 20, 21, 22, 23]",-4.2751312255859375,-4.174032211303711,-3.845367670059204,0.10109901428222656,0.4297635555267334,-0.32866454124450684,-3.8597538471221924
pair_0033_sad,pair_0033,09,01,02,01,sad,pair_0033_happy,1,edge_audio_joint,audio_v_edge,"[18, 19, 20, 21, 22, 23]",-4.2751312255859375,-4.174032211303711,-4.205965518951416,0.10109901428222656,0.06916570663452148,0.03193330764770508,-3.8597538471221924
pair_0033_sad,pair_0033,09,01,02,01,sad,pair_0033_happy,1,edge_end_marker_joint,audio_v_edge,"[18, 19, 20, 21, 22, 23]",-4.2751312255859375,-4.174032211303711,-4.17402458190918,0.10109901428222656,0.10110664367675781,-7.62939453125e-06,-3.8597538471221924
pair_0033_sad,pair_0033,09,01,02,01,sad,pair_0033_happy,1,edge_non_decision_joint,audio_v_edge,"[18, 19, 20, 21, 22, 23]",-4.2751312255859375,-4.174032211303711,-4.205966949462891,0.10109901428222656,0.06916427612304688,0.03193473815917969,-3.8597538471221924
pair_0033_sad,pair_0033,09,01,02,01,sad,pair_0033_happy,1,edge_all_joint,audio_v_edge,"[18, 19, 20, 21, 22, 23]",-4.2751312255859375,-4.174032211303711,-3.859753370285034,0.10109901428222656,0.4153778553009033,-0.31427884101867676,-3.8597538471221924
pair_0034_happy,pair_0034,09,02,01,01,happy,pair_0034_sad,-1,edge_decision_joint,audio_v_edge,"[18, 19, 20, 21, 22, 23]",-3.9641289710998535,-3.9533393383026123,-3.8320302963256836,-0.010789632797241211,-0.13209867477416992,0.12130904197692871,-3.8464159965515137
pair_0034_happy,pair_0034,09,02,01,01,happy,pair_0034_sad,-1,edge_audio_joint,audio_v_edge,"[18, 19, 20, 21, 22, 23]",-3.9641289710998535,-3.9533393383026123,-3.9840869903564453,-0.010789632797241211,0.019958019256591797,-0.030747652053833008,-3.8464159965515137
pair_0034_happy,pair_0034,09,02,01,01,happy,pair_0034_sad,-1,edge_end_marker_joint,audio_v_edge,"[18, 19, 20, 21, 22, 23]",-3.9641289710998535,-3.9533393383026123,-3.9532573223114014,-0.010789632797241211,-0.010871648788452148,8.20159912109375e-05,-3.8464159965515137
pair_0034_happy,pair_0034,09,02,01,01,happy,pair_0034_sad,-1,edge_non_decision_joint,audio_v_edge,"[18, 19, 20, 21, 22, 23]",-3.9641289710998535,-3.9533393383026123,-3.9839792251586914,-0.010789632797241211,0.01985025405883789,-0.0306398868560791,-3.8464159965515137
pair_0034_happy,pair_0034,09,02,01,01,happy,pair_0034_sad,-1,edge_all_joint,audio_v_edge,"[18, 19, 20, 21, 22, 23]",-3.9641289710998535,-3.9533393383026123,-3.8464181423187256,-0.010789632797241211,-0.11771082878112793,0.10692119598388672,-3.8464159965515137
pair_0034_sad,pair_0034,09,02,01,01,sad,pair_0034_happy,1,edge_decision_joint,audio_v_edge,"[18, 19, 20, 21, 22, 23]",-3.916632652282715,-3.8914666175842285,-3.949896812438965,0.025166034698486328,-0.03326416015625,0.05843019485473633,-3.9312891960144043
pair_0034_sad,pair_0034,09,02,01,01,sad,pair_0034_happy,1,edge_audio_joint,audio_v_edge,"[18, 19, 20, 21, 22, 23]",-3.916632652282715,-3.8914666175842285,-3.8650553226470947,0.025166034698486328,0.05157732963562012,-0.02641129493713379,-3.9312891960144043
pair_0034_sad,pair_0034,09,02,01,01,sad,pair_0034_happy,1,edge_end_marker_joint,audio_v_edge,"[18, 19, 20, 21, 22, 23]",-3.916632652282715,-3.8914666175842285,-3.8914363384246826,0.025166034698486328,0.025196313858032227,-3.0279159545898438e-05,-3.9312891960144043
pair_0034_sad,pair_0034,09,02,01,01,sad,pair_0034_happy,1,edge_non_decision_joint,audio_v_edge,"[18, 19, 20, 21, 22, 23]",-3.916632652282715,-3.8914666175842285,-3.8650319576263428,0.025166034698486328,0.05160069465637207,-0.026434659957885742,-3.9312891960144043
pair_0034_sad,pair_0034,09,02,01,01,sad,pair_0034_happy,1,edge_all_joint,audio_v_edge,"[18, 19, 20, 21, 22, 23]",-3.916632652282715,-3.8914666175842285,-3.931288003921509,0.025166034698486328,-0.014655351638793945,0.03982138633728027,-3.9312891960144043
pair_0035_happy,pair_0035,09,02,02,01,happy,pair_0035_sad,-1,edge_decision_joint,audio_v_edge,"[18, 19, 20, 21, 22, 23]",-3.542358636856079,-3.9380552768707275,-3.580970287322998,0.39569664001464844,0.038611650466918945,0.3570849895477295,-3.5699026584625244
pair_0035_happy,pair_0035,09,02,02,01,happy,pair_0035_sad,-1,edge_audio_joint,audio_v_edge,"[18, 19, 20, 21, 22, 23]",-3.542358636856079,-3.9380552768707275,-3.926905632019043,0.39569664001464844,0.38454699516296387,0.01114964485168457,-3.5699026584625244
pair_0035_happy,pair_0035,09,02,02,01,happy,pair_0035_sad,-1,edge_end_marker_joint,audio_v_edge,"[18, 19, 20, 21, 22, 23]",-3.542358636856079,-3.9380552768707275,-3.937779426574707,0.39569664001464844,0.39542078971862793,0.0002758502960205078,-3.5699026584625244
pair_0035_happy,pair_0035,09,02,02,01,happy,pair_0035_sad,-1,edge_non_decision_joint,audio_v_edge,"[18, 19, 20, 21, 22, 23]",-3.542358636856079,-3.9380552768707275,-3.926633596420288,0.39569664001464844,0.384274959564209,0.011421680450439453,-3.5699026584625244
pair_0035_happy,pair_0035,09,02,02,01,happy,pair_0035_sad,-1,edge_all_joint,audio_v_edge,"[18, 19, 20, 21, 22, 23]",-3.542358636856079,-3.9380552768707275,-3.5699026584625244,0.39569664001464844,0.027544021606445312,0.3681526184082031,-3.5699026584625244
pair_0035_sad,pair_0035,09,02,02,01,sad,pair_0035_happy,1,edge_decision_joint,audio_v_edge,"[18, 19, 20, 21, 22, 23]",-4.2842607498168945,-3.8910512924194336,-4.354846000671387,0.39320945739746094,-0.07058525085449219,0.4637947082519531,-4.3648552894592285
pair_0035_sad,pair_0035,09,02,02,01,sad,pair_0035_happy,1,edge_audio_joint,audio_v_edge,"[18, 19, 20, 21, 22, 23]",-4.2842607498168945,-3.8910512924194336,-3.8952999114990234,0.39320945739746094,0.3889608383178711,0.004248619079589844,-4.3648552894592285
pair_0035_sad,pair_0035,09,02,02,01,sad,pair_0035_happy,1,edge_end_marker_joint,audio_v_edge,"[18, 19, 20, 21, 22, 23]",-4.2842607498168945,-3.8910512924194336,-3.8913698196411133,0.39320945739746094,0.39289093017578125,0.0003185272216796875,-4.3648552894592285
pair_0035_sad,pair_0035,09,02,02,01,sad,pair_0035_happy,1,edge_non_decision_joint,audio_v_edge,"[18, 19, 20, 21, 22, 23]",-4.2842607498168945,-3.8910512924194336,-3.8956215381622314,0.39320945739746094,0.3886392116546631,0.0045702457427978516,-4.3648552894592285
pair_0035_sad,pair_0035,09,02,02,01,sad,pair_0035_happy,1,edge_all_joint,audio_v_edge,"[18, 19, 20, 21, 22, 23]",-4.2842607498168945,-3.8910512924194336,-4.36485481262207,0.39320945739746094,-0.08059406280517578,0.4738035202026367,-4.3648552894592285
pair_0036_happy,pair_0036,10,01,01,01,happy,pair_0036_sad,-1,edge_decision_joint,audio_v_edge,"[18, 19, 20, 21, 22, 23]",-4.150804042816162,-4.149046897888184,-3.4419379234313965,-0.0017571449279785156,-0.7088661193847656,0.7071089744567871,-3.4423770904541016
pair_0036_happy,pair_0036,10,01,01,01,happy,pair_0036_sad,-1,edge_audio_joint,audio_v_edge,"[18, 19, 20, 21, 22, 23]",-4.150804042816162,-4.149046897888184,-4.156205177307129,-0.0017571449279785156,0.005401134490966797,-0.0071582794189453125,-3.4423770904541016
pair_0036_happy,pair_0036,10,01,01,01,happy,pair_0036_sad,-1,edge_end_marker_joint,audio_v_edge,"[18, 19, 20, 21, 22, 23]",-4.150804042816162,-4.149046897888184,-4.149073600769043,-0.0017571449279785156,-0.0017304420471191406,-2.6702880859375e-05,-3.4423770904541016
pair_0036_happy,pair_0036,10,01,01,01,happy,pair_0036_sad,-1,edge_non_decision_joint,audio_v_edge,"[18, 19, 20, 21, 22, 23]",-4.150804042816162,-4.149046897888184,-4.1562395095825195,-0.0017571449279785156,0.005435466766357422,-0.0071926116943359375,-3.4423770904541016
pair_0036_happy,pair_0036,10,01,01,01,happy,pair_0036_sad,-1,edge_all_joint,audio_v_edge,"[18, 19, 20, 21, 22, 23]",-4.150804042816162,-4.149046897888184,-3.442378282546997,-0.0017571449279785156,-0.708425760269165,0.7066686153411865,-3.4423770904541016
pair_0036_sad,pair_0036,10,01,01,01,sad,pair_0036_happy,1,edge_decision_joint,audio_v_edge,"[18, 19, 20, 21, 22, 23]",-4.659658908843994,-4.682612419128418,-4.254607200622559,-0.022953510284423828,0.40505170822143555,-0.4280052185058594,-4.266497611999512
pair_0036_sad,pair_0036,10,01,01,01,sad,pair_0036_happy,1,edge_audio_joint,audio_v_edge,"[18, 19, 20, 21, 22, 23]",-4.659658908843994,-4.682612419128418,-4.692911624908447,-0.022953510284423828,-0.033252716064453125,0.010299205780029297,-4.266497611999512
pair_0036_sad,pair_0036,10,01,01,01,sad,pair_0036_happy,1,edge_end_marker_joint,audio_v_edge,"[18, 19, 20, 21, 22, 23]",-4.659658908843994,-4.682612419128418,-4.682389259338379,-0.022953510284423828,-0.022730350494384766,-0.0002231597900390625,-4.266497611999512
pair_0036_sad,pair_0036,10,01,01,01,sad,pair_0036_happy,1,edge_non_decision_joint,audio_v_edge,"[18, 19, 20, 21, 22, 23]",-4.659658908843994,-4.682612419128418,-4.692671775817871,-0.022953510284423828,-0.03301286697387695,0.010059356689453125,-4.266497611999512
pair_0036_sad,pair_0036,10,01,01,01,sad,pair_0036_happy,1,edge_all_joint,audio_v_edge,"[18, 19, 20, 21, 22, 23]",-4.659658908843994,-4.682612419128418,-4.2664971351623535,-0.022953510284423828,0.3931617736816406,-0.41611528396606445,-4.266497611999512
pair_0037_happy,pair_0037,10,01,02,01,happy,pair_0037_sad,-1,edge_decision_joint,audio_v_edge,"[18, 19, 20, 21, 22, 23]",-4.401796817779541,-4.521239757537842,-4.441866397857666,0.11944293975830078,0.040069580078125,0.07937335968017578,-4.422776222229004
pair_0037_happy,pair_0037,10,01,02,01,happy,pair_0037_sad,-1,edge_audio_joint,audio_v_edge,"[18, 19, 20, 21, 22, 23]",-4.401796817779541,-4.521239757537842,-4.515629291534424,0.11944293975830078,0.11383247375488281,0.005610466003417969,-4.422776222229004
pair_0037_happy,pair_0037,10,01,02,01,happy,pair_0037_sad,-1,edge_end_marker_joint,audio_v_edge,"[18, 19, 20, 21, 22, 23]",-4.401796817779541,-4.521239757537842,-4.521275043487549,0.11944293975830078,0.11947822570800781,-3.528594970703125e-05,-4.422776222229004
pair_0037_happy,pair_0037,10,01,02,01,happy,pair_0037_sad,-1,edge_non_decision_joint,audio_v_edge,"[18, 19, 20, 21, 22, 23]",-4.401796817779541,-4.521239757537842,-4.515671730041504,0.11944293975830078,0.11387491226196289,0.005568027496337891,-4.422776222229004
pair_0037_happy,pair_0037,10,01,02,01,happy,pair_0037_sad,-1,edge_all_joint,audio_v_edge,"[18, 19, 20, 21, 22, 23]",-4.401796817779541,-4.521239757537842,-4.422776699066162,0.11944293975830078,0.020979881286621094,0.09846305847167969,-4.422776222229004
pair_0037_sad,pair_0037,10,01,02,01,sad,pair_0037_happy,1,edge_decision_joint,audio_v_edge,"[18, 19, 20, 21, 22, 23]",-4.394583225250244,-4.290423393249512,-4.296192169189453,0.10415983200073242,0.09839105606079102,0.005768775939941406,-4.30004358291626
pair_0037_sad,pair_0037,10,01,02,01,sad,pair_0037_happy,1,edge_audio_joint,audio_v_edge,"[18, 19, 20, 21, 22, 23]",-4.394583225250244,-4.290423393249512,-4.302684783935547,0.10415983200073242,0.09189844131469727,0.012261390686035156,-4.30004358291626
pair_0037_sad,pair_0037,10,01,02,01,sad,pair_0037_happy,1,edge_end_marker_joint,audio_v_edge,"[18, 19, 20, 21, 22, 23]",-4.394583225250244,-4.290423393249512,-4.290326118469238,0.10415983200073242,0.10425710678100586,-9.72747802734375e-05,-4.30004358291626
pair_0037_sad,pair_0037,10,01,02,01,sad,pair_0037_happy,1,edge_non_decision_joint,audio_v_edge,"[18, 19, 20, 21, 22, 23]",-4.394583225250244,-4.290423393249512,-4.302594184875488,0.10415983200073242,0.09198904037475586,0.012170791625976562,-4.30004358291626
pair_0037_sad,pair_0037,10,01,02,01,sad,pair_0037_happy,1,edge_all_joint,audio_v_edge,"[18, 19, 20, 21, 22, 23]",-4.394583225250244,-4.290423393249512,-4.300043106079102,0.10415983200073242,0.09454011917114258,0.009619712829589844,-4.30004358291626
pair_0038_happy,pair_0038,10,02,01,01,happy,pair_0038_sad,-1,edge_decision_joint,audio_v_edge,"[18, 19, 20, 21, 22, 23]",-3.654942512512207,-3.5874266624450684,-3.187164783477783,-0.06751585006713867,-0.46777772903442383,0.40026187896728516,-3.1895110607147217
pair_0038_happy,pair_0038,10,02,01,01,happy,pair_0038_sad,-1,edge_audio_joint,audio_v_edge,"[18, 19, 20, 21, 22, 23]",-3.654942512512207,-3.5874266624450684,-3.5945613384246826,-0.06751585006713867,-0.060381174087524414,-0.007134675979614258,-3.1895110607147217
pair_0038_happy,pair_0038,10,02,01,01,happy,pair_0038_sad,-1,edge_end_marker_joint,audio_v_edge,"[18, 19, 20, 21, 22, 23]",-3.654942512512207,-3.5874266624450684,-3.5877065658569336,-0.06751585006713867,-0.06723594665527344,-0.0002799034118652344,-3.1895110607147217
pair_0038_happy,pair_0038,10,02,01,01,happy,pair_0038_sad,-1,edge_non_decision_joint,audio_v_edge,"[18, 19, 20, 21, 22, 23]",-3.654942512512207,-3.5874266624450684,-3.594827651977539,-0.06751585006713867,-0.06011486053466797,-0.007400989532470703,-3.1895110607147217
pair_0038_happy,pair_0038,10,02,01,01,happy,pair_0038_sad,-1,edge_all_joint,audio_v_edge,"[18, 19, 20, 21, 22, 23]",-3.654942512512207,-3.5874266624450684,-3.189511299133301,-0.06751585006713867,-0.46543121337890625,0.3979153633117676,-3.1895110607147217
pair_0038_sad,pair_0038,10,02,01,01,sad,pair_0038_happy,1,edge_decision_joint,audio_v_edge,"[18, 19, 20, 21, 22, 23]",-2.569734573364258,-2.663546085357666,-2.8345882892608643,-0.0938115119934082,-0.26485371589660645,0.17104220390319824,-2.843064546585083
pair_0038_sad,pair_0038,10,02,01,01,sad,pair_0038_happy,1,edge_audio_joint,audio_v_edge,"[18, 19, 20, 21, 22, 23]",-2.569734573364258,-2.663546085357666,-2.673757791519165,-0.0938115119934082,-0.10402321815490723,0.010211706161499023,-2.843064546585083
pair_0038_sad,pair_0038,10,02,01,01,sad,pair_0038_happy,1,edge_end_marker_joint,audio_v_edge,"[18, 19, 20, 21, 22, 23]",-2.569734573364258,-2.663546085357666,-2.6632585525512695,-0.0938115119934082,-0.09352397918701172,-0.0002875328063964844,-2.843064546585083
pair_0038_sad,pair_0038,10,02,01,01,sad,pair_0038_happy,1,edge_non_decision_joint,audio_v_edge,"[18, 19, 20, 21, 22, 23]",-2.569734573364258,-2.663546085357666,-2.673431873321533,-0.0938115119934082,-0.10369729995727539,0.009885787963867188,-2.843064546585083
pair_0038_sad,pair_0038,10,02,01,01,sad,pair_0038_happy,1,edge_all_joint,audio_v_edge,"[18, 19, 20, 21, 22, 23]",-2.569734573364258,-2.663546085357666,-2.8430633544921875,-0.0938115119934082,-0.2733287811279297,0.17951726913452148,-2.843064546585083
pair_0039_happy,pair_0039,10,02,02,01,happy,pair_0039_sad,-1,edge_decision_joint,audio_v_edge,"[18, 19, 20, 21, 22, 23]",-3.5496907234191895,-3.4663476943969727,-3.2622625827789307,-0.0833430290222168,-0.2874281406402588,0.204085111618042,-3.257690906524658
pair_0039_happy,pair_0039,10,02,02,01,happy,pair_0039_sad,-1,edge_audio_joint,audio_v_edge,"[18, 19, 20, 21, 22, 23]",-3.5496907234191895,-3.4663476943969727,-3.535378932952881,-0.0833430290222168,-0.014311790466308594,-0.0690312385559082,-3.257690906524658
pair_0039_happy,pair_0039,10,02,02,01,happy,pair_0039_sad,-1,edge_end_marker_joint,audio_v_edge,"[18, 19, 20, 21, 22, 23]",-3.5496907234191895,-3.4663476943969727,-3.4663825035095215,-0.0833430290222168,-0.08330821990966797,-3.4809112548828125e-05,-3.257690906524658
pair_0039_happy,pair_0039,10,02,02,01,happy,pair_0039_sad,-1,edge_non_decision_joint,audio_v_edge,"[18, 19, 20, 21, 22, 23]",-3.5496907234191895,-3.4663476943969727,-3.5353121757507324,-0.0833430290222168,-0.014378547668457031,-0.06896448135375977,-3.257690906524658
pair_0039_happy,pair_0039,10,02,02,01,happy,pair_0039_sad,-1,edge_all_joint,audio_v_edge,"[18, 19, 20, 21, 22, 23]",-3.5496907234191895,-3.4663476943969727,-3.2576913833618164,-0.0833430290222168,-0.29199934005737305,0.20865631103515625,-3.257690906524658
pair_0039_sad,pair_0039,10,02,02,01,sad,pair_0039_happy,1,edge_decision_joint,audio_v_edge,"[18, 19, 20, 21, 22, 23]",-3.347115993499756,-3.4358701705932617,-3.108130931854248,-0.08875417709350586,0.2389850616455078,-0.32773923873901367,-3.119161605834961
pair_0039_sad,pair_0039,10,02,02,01,sad,pair_0039_happy,1,edge_audio_joint,audio_v_edge,"[18, 19, 20, 21, 22, 23]",-3.347115993499756,-3.4358701705932617,-3.4545888900756836,-0.08875417709350586,-0.10747289657592773,0.018718719482421875,-3.119161605834961
pair_0039_sad,pair_0039,10,02,02,01,sad,pair_0039_happy,1,edge_end_marker_joint,audio_v_edge,"[18, 19, 20, 21, 22, 23]",-3.347115993499756,-3.4358701705932617,-3.4359958171844482,-0.08875417709350586,-0.08887982368469238,0.00012564659118652344,-3.119161605834961
pair_0039_sad,pair_0039,10,02,02,01,sad,pair_0039_happy,1,edge_non_decision_joint,audio_v_edge,"[18, 19, 20, 21, 22, 23]",-3.347115993499756,-3.4358701705932617,-3.4546687602996826,-0.08875417709350586,-0.10755276679992676,0.0187985897064209,-3.119161605834961
pair_0039_sad,pair_0039,10,02,02,01,sad,pair_0039_happy,1,edge_all_joint,audio_v_edge,"[18, 19, 20, 21, 22, 23]",-3.347115993499756,-3.4358701705932617,-3.1191587448120117,-0.08875417709350586,0.22795724868774414,-0.31671142578125,-3.119161605834961
pair_0040_happy,pair_0040,11,01,01,01,happy,pair_0040_sad,-1,edge_decision_joint,audio_v_edge,"[18, 19, 20, 21, 22, 23]",-4.2292304039001465,-4.460176944732666,-4.156054973602295,0.23094654083251953,-0.07317543029785156,0.3041219711303711,-4.145071983337402
pair_0040_happy,pair_0040,11,01,01,01,happy,pair_0040_sad,-1,edge_audio_joint,audio_v_edge,"[18, 19, 20, 21, 22, 23]",-4.2292304039001465,-4.460176944732666,-4.464201927185059,0.23094654083251953,0.2349715232849121,-0.004024982452392578,-4.145071983337402
pair_0040_happy,pair_0040,11,01,01,01,happy,pair_0040_sad,-1,edge_end_marker_joint,audio_v_edge,"[18, 19, 20, 21, 22, 23]",-4.2292304039001465,-4.460176944732666,-4.4601969718933105,0.23094654083251953,0.23096656799316406,-2.002716064453125e-05,-4.145071983337402
pair_0040_happy,pair_0040,11,01,01,01,happy,pair_0040_sad,-1,edge_non_decision_joint,audio_v_edge,"[18, 19, 20, 21, 22, 23]",-4.2292304039001465,-4.460176944732666,-4.464230060577393,0.23094654083251953,0.2349996566772461,-0.0040531158447265625,-4.145071983337402
pair_0040_happy,pair_0040,11,01,01,01,happy,pair_0040_sad,-1,edge_all_joint,audio_v_edge,"[18, 19, 20, 21, 22, 23]",-4.2292304039001465,-4.460176944732666,-4.145073890686035,0.23094654083251953,-0.08415651321411133,0.31510305404663086,-4.145071983337402
pair_0040_sad,pair_0040,11,01,01,01,sad,pair_0040_happy,1,edge_decision_joint,audio_v_edge,"[18, 19, 20, 21, 22, 23]",-4.656558036804199,-4.432704925537109,-4.631943702697754,0.22385311126708984,0.024614334106445312,0.19923877716064453,-4.639146327972412
pair_0040_sad,pair_0040,11,01,01,01,sad,pair_0040_happy,1,edge_audio_joint,audio_v_edge,"[18, 19, 20, 21, 22, 23]",-4.656558036804199,-4.432704925537109,-4.463876247406006,0.22385311126708984,0.19268178939819336,0.031171321868896484,-4.639146327972412
pair_0040_sad,pair_0040,11,01,01,01,sad,pair_0040_happy,1,edge_end_marker_joint,audio_v_edge,"[18, 19, 20, 21, 22, 23]",-4.656558036804199,-4.432704925537109,-4.432681083679199,0.22385311126708984,0.223876953125,-2.384185791015625e-05,-4.639146327972412
pair_0040_sad,pair_0040,11,01,01,01,sad,pair_0040_happy,1,edge_non_decision_joint,audio_v_edge,"[18, 19, 20, 21, 22, 23]",-4.656558036804199,-4.432704925537109,-4.4638214111328125,0.22385311126708984,0.19273662567138672,0.031116485595703125,-4.639146327972412
pair_0040_sad,pair_0040,11,01,01,01,sad,pair_0040_happy,1,edge_all_joint,audio_v_edge,"[18, 19, 20, 21, 22, 23]",-4.656558036804199,-4.432704925537109,-4.639146327972412,0.22385311126708984,0.01741170883178711,0.20644140243530273,-4.639146327972412
pair_0041_happy,pair_0041,11,01,02,01,happy,pair_0041_sad,-1,edge_decision_joint,audio_v_edge,"[18, 19, 20, 21, 22, 23]",-4.719845771789551,-4.7550458908081055,-4.479767799377441,0.03520011901855469,-0.24007797241210938,0.27527809143066406,-4.477789878845215
pair_0041_happy,pair_0041,11,01,02,01,happy,pair_0041_sad,-1,edge_audio_joint,audio_v_edge,"[18, 19, 20, 21, 22, 23]",-4.719845771789551,-4.7550458908081055,-4.814425468444824,0.03520011901855469,0.09457969665527344,-0.05937957763671875,-4.477789878845215
pair_0041_happy,pair_0041,11,01,02,01,happy,pair_0041_sad,-1,edge_end_marker_joint,audio_v_edge,"[18, 19, 20, 21, 22, 23]",-4.719845771789551,-4.7550458908081055,-4.7550811767578125,0.03520011901855469,0.03523540496826172,-3.528594970703125e-05,-4.477789878845215
pair_0041_happy,pair_0041,11,01,02,01,happy,pair_0041_sad,-1,edge_non_decision_joint,audio_v_edge,"[18, 19, 20, 21, 22, 23]",-4.719845771789551,-4.7550458908081055,-4.814433574676514,0.03520011901855469,0.09458780288696289,-0.0593876838684082,-4.477789878845215
pair_0041_happy,pair_0041,11,01,02,01,happy,pair_0041_sad,-1,edge_all_joint,audio_v_edge,"[18, 19, 20, 21, 22, 23]",-4.719845771789551,-4.7550458908081055,-4.477789402008057,0.03520011901855469,-0.24205636978149414,0.27725648880004883,-4.477789878845215
pair_0041_sad,pair_0041,11,01,02,01,sad,pair_0041_happy,1,edge_decision_joint,audio_v_edge,"[18, 19, 20, 21, 22, 23]",-4.9697065353393555,-4.9467878341674805,-4.72470760345459,0.022918701171875,0.24499893188476562,-0.22208023071289062,-4.733969211578369
pair_0041_sad,pair_0041,11,01,02,01,sad,pair_0041_happy,1,edge_audio_joint,audio_v_edge,"[18, 19, 20, 21, 22, 23]",-4.9697065353393555,-4.9467878341674805,-4.968084335327148,0.022918701171875,0.0016222000122070312,0.02129650115966797,-4.733969211578369
pair_0041_sad,pair_0041,11,01,02,01,sad,pair_0041_happy,1,edge_end_marker_joint,audio_v_edge,"[18, 19, 20, 21, 22, 23]",-4.9697065353393555,-4.9467878341674805,-4.946686744689941,0.022918701171875,0.023019790649414062,-0.0001010894775390625,-4.733969211578369
pair_0041_sad,pair_0041,11,01,02,01,sad,pair_0041_happy,1,edge_non_decision_joint,audio_v_edge,"[18, 19, 20, 21, 22, 23]",-4.9697065353393555,-4.9467878341674805,-4.967967987060547,0.022918701171875,0.0017385482788085938,0.021180152893066406,-4.733969211578369
pair_0041_sad,pair_0041,11,01,02,01,sad,pair_0041_happy,1,edge_all_joint,audio_v_edge,"[18, 19, 20, 21, 22, 23]",-4.9697065353393555,-4.9467878341674805,-4.733970642089844,0.022918701171875,0.23573589324951172,-0.21281719207763672,-4.733969211578369
pair_0042_happy,pair_0042,11,02,01,01,happy,pair_0042_sad,-1,edge_decision_joint,audio_v_edge,"[18, 19, 20, 21, 22, 23]",-3.600306987762451,-3.6985583305358887,-3.0588998794555664,0.0982513427734375,-0.5414071083068848,0.6396584510803223,-3.0570759773254395
pair_0042_happy,pair_0042,11,02,01,01,happy,pair_0042_sad,-1,edge_audio_joint,audio_v_edge,"[18, 19, 20, 21, 22, 23]",-3.600306987762451,-3.6985583305358887,-3.7749886512756348,0.0982513427734375,0.1746816635131836,-0.0764303207397461,-3.0570759773254395
pair_0042_happy,pair_0042,11,02,01,01,happy,pair_0042_sad,-1,edge_end_marker_joint,audio_v_edge,"[18, 19, 20, 21, 22, 23]",-3.600306987762451,-3.6985583305358887,-3.698768138885498,0.0982513427734375,0.09846115112304688,-0.000209808349609375,-3.0570759773254395
pair_0042_happy,pair_0042,11,02,01,01,happy,pair_0042_sad,-1,edge_non_decision_joint,audio_v_edge,"[18, 19, 20, 21, 22, 23]",-3.600306987762451,-3.6985583305358887,-3.775089740753174,0.0982513427734375,0.17478275299072266,-0.07653141021728516,-3.0570759773254395
pair_0042_happy,pair_0042,11,02,01,01,happy,pair_0042_sad,-1,edge_all_joint,audio_v_edge,"[18, 19, 20, 21, 22, 23]",-3.600306987762451,-3.6985583305358887,-3.0570755004882812,0.0982513427734375,-0.5432314872741699,0.6414828300476074,-3.0570759773254395
pair_0042_sad,pair_0042,11,02,01,01,sad,pair_0042_happy,1,edge_decision_joint,audio_v_edge,"[18, 19, 20, 21, 22, 23]",-3.4869284629821777,-3.396007537841797,-3.36729097366333,0.09092092514038086,0.11963748931884766,-0.028716564178466797,-3.3818767070770264
pair_0042_sad,pair_0042,11,02,01,01,sad,pair_0042_happy,1,edge_audio_joint,audio_v_edge,"[18, 19, 20, 21, 22, 23]",-3.4869284629821777,-3.396007537841797,-3.422215461730957,0.09092092514038086,0.0647130012512207,0.026207923889160156,-3.3818767070770264
pair_0042_sad,pair_0042,11,02,01,01,sad,pair_0042_happy,1,edge_end_marker_joint,audio_v_edge,"[18, 19, 20, 21, 22, 23]",-3.4869284629821777,-3.396007537841797,-3.3960704803466797,0.09092092514038086,0.09085798263549805,6.29425048828125e-05,-3.3818767070770264
pair_0042_sad,pair_0042,11,02,01,01,sad,pair_0042_happy,1,edge_non_decision_joint,audio_v_edge,"[18, 19, 20, 21, 22, 23]",-3.4869284629821777,-3.396007537841797,-3.422210216522217,0.09092092514038086,0.06471824645996094,0.026202678680419922,-3.3818767070770264
pair_0042_sad,pair_0042,11,02,01,01,sad,pair_0042_happy,1,edge_all_joint,audio_v_edge,"[18, 19, 20, 21, 22, 23]",-3.4869284629821777,-3.396007537841797,-3.3818764686584473,0.09092092514038086,0.10505199432373047,-0.01413106918334961,-3.3818767070770264
pair_0043_happy,pair_0043,11,02,02,01,happy,pair_0043_sad,-1,edge_decision_joint,audio_v_edge,"[18, 19, 20, 21, 22, 23]",-3.6370222568511963,-3.6647069454193115,-3.233825206756592,0.027684688568115234,-0.4031970500946045,0.4308817386627197,-3.2315800189971924
pair_0043_happy,pair_0043,11,02,02,01,happy,pair_0043_sad,-1,edge_audio_joint,audio_v_edge,"[18, 19, 20, 21, 22, 23]",-3.6370222568511963,-3.6647069454193115,-3.674236536026001,0.027684688568115234,0.03721427917480469,-0.009529590606689453,-3.2315800189971924
pair_0043_happy,pair_0043,11,02,02,01,happy,pair_0043_sad,-1,edge_end_marker_joint,audio_v_edge,"[18, 19, 20, 21, 22, 23]",-3.6370222568511963,-3.6647069454193115,-3.664879322052002,0.027684688568115234,0.027857065200805664,-0.0001723766326904297,-3.2315800189971924
pair_0043_happy,pair_0043,11,02,02,01,happy,pair_0043_sad,-1,edge_non_decision_joint,audio_v_edge,"[18, 19, 20, 21, 22, 23]",-3.6370222568511963,-3.6647069454193115,-3.674373149871826,0.027684688568115234,0.03735089302062988,-0.009666204452514648,-3.2315800189971924
pair_0043_happy,pair_0043,11,02,02,01,happy,pair_0043_sad,-1,edge_all_joint,audio_v_edge,"[18, 19, 20, 21, 22, 23]",-3.6370222568511963,-3.6647069454193115,-3.231581211090088,0.027684688568115234,-0.4054410457611084,0.43312573432922363,-3.2315800189971924
pair_0043_sad,pair_0043,11,02,02,01,sad,pair_0043_happy,1,edge_decision_joint,audio_v_edge,"[18, 19, 20, 21, 22, 23]",-3.4830188751220703,-3.4553022384643555,-3.34877347946167,0.027716636657714844,0.1342453956604004,-0.10652875900268555,-3.3406670093536377
pair_0043_sad,pair_0043,11,02,02,01,sad,pair_0043_happy,1,edge_audio_joint,audio_v_edge,"[18, 19, 20, 21, 22, 23]",-3.4830188751220703,-3.4553022384643555,-3.486410140991211,0.027716636657714844,-0.003391265869140625,0.03110790252685547,-3.3406670093536377
pair_0043_sad,pair_0043,11,02,02,01,sad,pair_0043_happy,1,edge_end_marker_joint,audio_v_edge,"[18, 19, 20, 21, 22, 23]",-3.4830188751220703,-3.4553022384643555,-3.455277442932129,0.027716636657714844,0.027741432189941406,-2.47955322265625e-05,-3.3406670093536377
pair_0043_sad,pair_0043,11,02,02,01,sad,pair_0043_happy,1,edge_non_decision_joint,audio_v_edge,"[18, 19, 20, 21, 22, 23]",-3.4830188751220703,-3.4553022384643555,-3.486380100250244,0.027716636657714844,-0.003361225128173828,0.031077861785888672,-3.3406670093536377
pair_0043_sad,pair_0043,11,02,02,01,sad,pair_0043_happy,1,edge_all_joint,audio_v_edge,"[18, 19, 20, 21, 22, 23]",-3.4830188751220703,-3.4553022384643555,-3.340667724609375,0.027716636657714844,0.1423511505126953,-0.11463451385498047,-3.3406670093536377
pair_0044_happy,pair_0044,12,01,01,01,happy,pair_0044_sad,-1,edge_decision_joint,audio_v_edge,"[18, 19, 20, 21, 22, 23]",-4.7307024002075195,-4.83748722076416,-4.728374481201172,0.10678482055664062,-0.0023279190063476562,0.10911273956298828,-4.715895652770996
pair_0044_happy,pair_0044,12,01,01,01,happy,pair_0044_sad,-1,edge_audio_joint,audio_v_edge,"[18, 19, 20, 21, 22, 23]",-4.7307024002075195,-4.83748722076416,-4.832352638244629,0.10678482055664062,0.10165023803710938,0.00513458251953125,-4.715895652770996
pair_0044_happy,pair_0044,12,01,01,01,happy,pair_0044_sad,-1,edge_end_marker_joint,audio_v_edge,"[18, 19, 20, 21, 22, 23]",-4.7307024002075195,-4.83748722076416,-4.8375325202941895,0.10678482055664062,0.10683012008666992,-4.5299530029296875e-05,-4.715895652770996
pair_0044_happy,pair_0044,12,01,01,01,happy,pair_0044_sad,-1,edge_non_decision_joint,audio_v_edge,"[18, 19, 20, 21, 22, 23]",-4.7307024002075195,-4.83748722076416,-4.832402229309082,0.10678482055664062,0.1016998291015625,0.005084991455078125,-4.715895652770996
pair_0044_happy,pair_0044,12,01,01,01,happy,pair_0044_sad,-1,edge_all_joint,audio_v_edge,"[18, 19, 20, 21, 22, 23]",-4.7307024002075195,-4.83748722076416,-4.7158942222595215,0.10678482055664062,-0.014808177947998047,0.12159299850463867,-4.715895652770996
pair_0044_sad,pair_0044,12,01,01,01,sad,pair_0044_happy,1,edge_decision_joint,audio_v_edge,"[18, 19, 20, 21, 22, 23]",-4.494531631469727,-4.381080150604248,-4.430362224578857,0.11345148086547852,0.06416940689086914,0.049282073974609375,-4.443183898925781
pair_0044_sad,pair_0044,12,01,01,01,sad,pair_0044_happy,1,edge_audio_joint,audio_v_edge,"[18, 19, 20, 21, 22, 23]",-4.494531631469727,-4.381080150604248,-4.404857158660889,0.11345148086547852,0.08967447280883789,0.023777008056640625,-4.443183898925781
pair_0044_sad,pair_0044,12,01,01,01,sad,pair_0044_happy,1,edge_end_marker_joint,audio_v_edge,"[18, 19, 20, 21, 22, 23]",-4.494531631469727,-4.381080150604248,-4.381143569946289,0.11345148086547852,0.1133880615234375,6.341934204101562e-05,-4.443183898925781
pair_0044_sad,pair_0044,12,01,01,01,sad,pair_0044_happy,1,edge_non_decision_joint,audio_v_edge,"[18, 19, 20, 21, 22, 23]",-4.494531631469727,-4.381080150604248,-4.404928207397461,0.11345148086547852,0.08960342407226562,0.02384805679321289,-4.443183898925781
pair_0044_sad,pair_0044,12,01,01,01,sad,pair_0044_happy,1,edge_all_joint,audio_v_edge,"[18, 19, 20, 21, 22, 23]",-4.494531631469727,-4.381080150604248,-4.443185806274414,0.11345148086547852,0.0513458251953125,0.062105655670166016,-4.443183898925781
pair_0045_happy,pair_0045,12,01,02,01,happy,pair_0045_sad,-1,edge_decision_joint,audio_v_edge,"[18, 19, 20, 21, 22, 23]",-4.397916316986084,-4.457061767578125,-4.510028839111328,0.059145450592041016,0.11211252212524414,-0.052967071533203125,-4.519277095794678
pair_0045_happy,pair_0045,12,01,02,01,happy,pair_0045_sad,-1,edge_audio_joint,audio_v_edge,"[18, 19, 20, 21, 22, 23]",-4.397916316986084,-4.457061767578125,-4.477922439575195,0.059145450592041016,0.08000612258911133,-0.020860671997070312,-4.519277095794678
pair_0045_happy,pair_0045,12,01,02,01,happy,pair_0045_sad,-1,edge_end_marker_joint,audio_v_edge,"[18, 19, 20, 21, 22, 23]",-4.397916316986084,-4.457061767578125,-4.456831932067871,0.059145450592041016,0.05891561508178711,0.00022983551025390625,-4.519277095794678
pair_0045_happy,pair_0045,12,01,02,01,happy,pair_0045_sad,-1,edge_non_decision_joint,audio_v_edge,"[18, 19, 20, 21, 22, 23]",-4.397916316986084,-4.457061767578125,-4.477709770202637,0.059145450592041016,0.07979345321655273,-0.02064800262451172,-4.519277095794678
pair_0045_happy,pair_0045,12,01,02,01,happy,pair_0045_sad,-1,edge_all_joint,audio_v_edge,"[18, 19, 20, 21, 22, 23]",-4.397916316986084,-4.457061767578125,-4.519278526306152,0.059145450592041016,0.12136220932006836,-0.062216758728027344,-4.519277095794678
pair_0045_sad,pair_0045,12,01,02,01,sad,pair_0045_happy,1,edge_decision_joint,audio_v_edge,"[18, 19, 20, 21, 22, 23]",-4.50814151763916,-4.443633079528809,-4.539079666137695,0.06450843811035156,-0.030938148498535156,0.09544658660888672,-4.532129287719727
pair_0045_sad,pair_0045,12,01,02,01,sad,pair_0045_happy,1,edge_audio_joint,audio_v_edge,"[18, 19, 20, 21, 22, 23]",-4.50814151763916,-4.443633079528809,-4.458000183105469,0.06450843811035156,0.050141334533691406,0.014367103576660156,-4.532129287719727
pair_0045_sad,pair_0045,12,01,02,01,sad,pair_0045_happy,1,edge_end_marker_joint,audio_v_edge,"[18, 19, 20, 21, 22, 23]",-4.50814151763916,-4.443633079528809,-4.44364595413208,0.06450843811035156,0.06449556350708008,1.2874603271484375e-05,-4.532129287719727
pair_0045_sad,pair_0045,12,01,02,01,sad,pair_0045_happy,1,edge_non_decision_joint,audio_v_edge,"[18, 19, 20, 21, 22, 23]",-4.50814151763916,-4.443633079528809,-4.458014488220215,0.06450843811035156,0.05012702941894531,0.01438140869140625,-4.532129287719727
pair_0045_sad,pair_0045,12,01,02,01,sad,pair_0045_happy,1,edge_all_joint,audio_v_edge,"[18, 19, 20, 21, 22, 23]",-4.50814151763916,-4.443633079528809,-4.532127380371094,0.06450843811035156,-0.023985862731933594,0.08849430084228516,-4.532129287719727
pair_0046_happy,pair_0046,12,02,01,01,happy,pair_0046_sad,-1,edge_decision_joint,audio_v_edge,"[18, 19, 20, 21, 22, 23]",-3.426363945007324,-3.4606823921203613,-2.7878403663635254,0.03431844711303711,-0.6385235786437988,0.6728420257568359,-2.7963573932647705
pair_0046_happy,pair_0046,12,02,01,01,happy,pair_0046_sad,-1,edge_audio_joint,audio_v_edge,"[18, 19, 20, 21, 22, 23]",-3.426363945007324,-3.4606823921203613,-3.459784984588623,0.03431844711303711,0.03342103958129883,0.0008974075317382812,-2.7963573932647705
pair_0046_happy,pair_0046,12,02,01,01,happy,pair_0046_sad,-1,edge_end_marker_joint,audio_v_edge,"[18, 19, 20, 21, 22, 23]",-3.426363945007324,-3.4606823921203613,-3.4606118202209473,0.03431844711303711,0.03424787521362305,7.05718994140625e-05,-2.7963573932647705
pair_0046_happy,pair_0046,12,02,01,01,happy,pair_0046_sad,-1,edge_non_decision_joint,audio_v_edge,"[18, 19, 20, 21, 22, 23]",-3.426363945007324,-3.4606823921203613,-3.459669589996338,0.03431844711303711,0.03330564498901367,0.0010128021240234375,-2.7963573932647705
pair_0046_happy,pair_0046,12,02,01,01,happy,pair_0046_sad,-1,edge_all_joint,audio_v_edge,"[18, 19, 20, 21, 22, 23]",-3.426363945007324,-3.4606823921203613,-2.796359062194824,0.03431844711303711,-0.6300048828125,0.6643233299255371,-2.7963573932647705
pair_0046_sad,pair_0046,12,02,01,01,sad,pair_0046_happy,1,edge_decision_joint,audio_v_edge,"[18, 19, 20, 21, 22, 23]",-3.8467795848846436,-3.8177061080932617,-4.165656089782715,0.029073476791381836,-0.3188765048980713,0.3479499816894531,-4.163201332092285
pair_0046_sad,pair_0046,12,02,01,01,sad,pair_0046_happy,1,edge_audio_joint,audio_v_edge,"[18, 19, 20, 21, 22, 23]",-3.8467795848846436,-3.8177061080932617,-3.8060269355773926,0.029073476791381836,0.04075264930725098,-0.01167917251586914,-4.163201332092285
pair_0046_sad,pair_0046,12,02,01,01,sad,pair_0046_happy,1,edge_end_marker_joint,audio_v_edge,"[18, 19, 20, 21, 22, 23]",-3.8467795848846436,-3.8177061080932617,-3.817707061767578,0.029073476791381836,0.02907252311706543,9.5367431640625e-07,-4.163201332092285
pair_0046_sad,pair_0046,12,02,01,01,sad,pair_0046_happy,1,edge_non_decision_joint,audio_v_edge,"[18, 19, 20, 21, 22, 23]",-3.8467795848846436,-3.8177061080932617,-3.8060357570648193,0.029073476791381836,0.04074382781982422,-0.011670351028442383,-4.163201332092285
pair_0046_sad,pair_0046,12,02,01,01,sad,pair_0046_happy,1,edge_all_joint,audio_v_edge,"[18, 19, 20, 21, 22, 23]",-3.8467795848846436,-3.8177061080932617,-4.163198947906494,0.029073476791381836,-0.3164193630218506,0.3454928398132324,-4.163201332092285
pair_0047_happy,pair_0047,12,02,02,01,happy,pair_0047_sad,-1,edge_decision_joint,audio_v_edge,"[18, 19, 20, 21, 22, 23]",-3.49416446685791,-3.3186612129211426,-3.6320760250091553,-0.17550325393676758,0.13791155815124512,-0.3134148120880127,-3.6511809825897217
pair_0047_happy,pair_0047,12,02,02,01,happy,pair_0047_sad,-1,edge_audio_joint,audio_v_edge,"[18, 19, 20, 21, 22, 23]",-3.49416446685791,-3.3186612129211426,-3.3627800941467285,-0.17550325393676758,-0.13138437271118164,-0.04411888122558594,-3.6511809825897217
pair_0047_happy,pair_0047,12,02,02,01,happy,pair_0047_sad,-1,edge_end_marker_joint,audio_v_edge,"[18, 19, 20, 21, 22, 23]",-3.49416446685791,-3.3186612129211426,-3.318599224090576,-0.17550325393676758,-0.17556524276733398,6.198883056640625e-05,-3.6511809825897217
pair_0047_happy,pair_0047,12,02,02,01,happy,pair_0047_sad,-1,edge_non_decision_joint,audio_v_edge,"[18, 19, 20, 21, 22, 23]",-3.49416446685791,-3.3186612129211426,-3.3627262115478516,-0.17550325393676758,-0.1314382553100586,-0.044064998626708984,-3.6511809825897217
pair_0047_happy,pair_0047,12,02,02,01,happy,pair_0047_sad,-1,edge_all_joint,audio_v_edge,"[18, 19, 20, 21, 22, 23]",-3.49416446685791,-3.3186612129211426,-3.651181936264038,-0.17550325393676758,0.15701746940612793,-0.3325207233428955,-3.6511809825897217
pair_0047_sad,pair_0047,12,02,02,01,sad,pair_0047_happy,1,edge_decision_joint,audio_v_edge,"[18, 19, 20, 21, 22, 23]",-3.7190966606140137,-3.896900177001953,-3.325474262237549,-0.17780351638793945,0.39362239837646484,-0.5714259147644043,-3.3285579681396484
pair_0047_sad,pair_0047,12,02,02,01,sad,pair_0047_happy,1,edge_audio_joint,audio_v_edge,"[18, 19, 20, 21, 22, 23]",-3.7190966606140137,-3.896900177001953,-3.88875675201416,-0.17780351638793945,-0.16966009140014648,-0.008143424987792969,-3.3285579681396484
pair_0047_sad,pair_0047,12,02,02,01,sad,pair_0047_happy,1,edge_end_marker_joint,audio_v_edge,"[18, 19, 20, 21, 22, 23]",-3.7190966606140137,-3.896900177001953,-3.896752119064331,-0.17780351638793945,-0.17765545845031738,-0.0001480579376220703,-3.3285579681396484
pair_0047_sad,pair_0047,12,02,02,01,sad,pair_0047_happy,1,edge_non_decision_joint,audio_v_edge,"[18, 19, 20, 21, 22, 23]",-3.7190966606140137,-3.896900177001953,-3.8885819911956787,-0.17780351638793945,-0.16948533058166504,-0.008318185806274414,-3.3285579681396484
pair_0047_sad,pair_0047,12,02,02,01,sad,pair_0047_happy,1,edge_all_joint,audio_v_edge,"[18, 19, 20, 21, 22, 23]",-3.7190966606140137,-3.896900177001953,-3.328559160232544,-0.17780351638793945,0.3905375003814697,-0.5683410167694092,-3.3285579681396484
pair_0048_happy,pair_0048,13,01,01,01,happy,pair_0048_sad,-1,edge_decision_joint,audio_v_edge,"[18, 19, 20, 21, 22, 23]",-4.344440460205078,-4.308212757110596,-4.265704154968262,-0.03622770309448242,-0.0787363052368164,0.042508602142333984,-4.261453628540039
pair_0048_happy,pair_0048,13,01,01,01,happy,pair_0048_sad,-1,edge_audio_joint,audio_v_edge,"[18, 19, 20, 21, 22, 23]",-4.344440460205078,-4.308212757110596,-4.3321356773376465,-0.03622770309448242,-0.01230478286743164,-0.02392292022705078,-4.261453628540039
pair_0048_happy,pair_0048,13,01,01,01,happy,pair_0048_sad,-1,edge_end_marker_joint,audio_v_edge,"[18, 19, 20, 21, 22, 23]",-4.344440460205078,-4.308212757110596,-4.308111667633057,-0.03622770309448242,-0.036328792572021484,0.0001010894775390625,-4.261453628540039
pair_0048_happy,pair_0048,13,01,01,01,happy,pair_0048_sad,-1,edge_non_decision_joint,audio_v_edge,"[18, 19, 20, 21, 22, 23]",-4.344440460205078,-4.308212757110596,-4.332015037536621,-0.03622770309448242,-0.012425422668457031,-0.02380228042602539,-4.261453628540039
pair_0048_happy,pair_0048,13,01,01,01,happy,pair_0048_sad,-1,edge_all_joint,audio_v_edge,"[18, 19, 20, 21, 22, 23]",-4.344440460205078,-4.308212757110596,-4.261456489562988,-0.03622770309448242,-0.08298397064208984,0.04675626754760742,-4.261453628540039
pair_0048_sad,pair_0048,13,01,01,01,sad,pair_0048_happy,1,edge_decision_joint,audio_v_edge,"[18, 19, 20, 21, 22, 23]",-4.3860063552856445,-4.423280715942383,-4.570744514465332,-0.03727436065673828,-0.1847381591796875,0.14746379852294922,-4.566361427307129
pair_0048_sad,pair_0048,13,01,01,01,sad,pair_0048_happy,1,edge_audio_joint,audio_v_edge,"[18, 19, 20, 21, 22, 23]",-4.3860063552856445,-4.423280715942383,-4.433471202850342,-0.03727436065673828,-0.047464847564697266,0.010190486907958984,-4.566361427307129
pair_0048_sad,pair_0048,13,01,01,01,sad,pair_0048_happy,1,edge_end_marker_joint,audio_v_edge,"[18, 19, 20, 21, 22, 23]",-4.3860063552856445,-4.423280715942383,-4.423154830932617,-0.03727436065673828,-0.037148475646972656,-0.000125885009765625,-4.566361427307129
pair_0048_sad,pair_0048,13,01,01,01,sad,pair_0048_happy,1,edge_non_decision_joint,audio_v_edge,"[18, 19, 20, 21, 22, 23]",-4.3860063552856445,-4.423280715942383,-4.433326721191406,-0.03727436065673828,-0.04732036590576172,0.010046005249023438,-4.566361427307129
pair_0048_sad,pair_0048,13,01,01,01,sad,pair_0048_happy,1,edge_all_joint,audio_v_edge,"[18, 19, 20, 21, 22, 23]",-4.3860063552856445,-4.423280715942383,-4.5663604736328125,-0.03727436065673828,-0.18035411834716797,0.1430797576904297,-4.566361427307129
pair_0049_happy,pair_0049,13,01,02,01,happy,pair_0049_sad,-1,edge_decision_joint,audio_v_edge,"[18, 19, 20, 21, 22, 23]",-4.29490327835083,-4.407992839813232,-4.014802932739258,0.11308956146240234,-0.28010034561157227,0.3931899070739746,-4.0321736335754395
pair_0049_happy,pair_0049,13,01,02,01,happy,pair_0049_sad,-1,edge_audio_joint,audio_v_edge,"[18, 19, 20, 21, 22, 23]",-4.29490327835083,-4.407992839813232,-4.445295333862305,0.11308956146240234,0.1503920555114746,-0.037302494049072266,-4.0321736335754395
pair_0049_happy,pair_0049,13,01,02,01,happy,pair_0049_sad,-1,edge_end_marker_joint,audio_v_edge,"[18, 19, 20, 21, 22, 23]",-4.29490327835083,-4.407992839813232,-4.4078569412231445,0.11308956146240234,0.11295366287231445,0.00013589859008789062,-4.0321736335754395
pair_0049_happy,pair_0049,13,01,02,01,happy,pair_0049_sad,-1,edge_non_decision_joint,audio_v_edge,"[18, 19, 20, 21, 22, 23]",-4.29490327835083,-4.407992839813232,-4.445134162902832,0.11308956146240234,0.15023088455200195,-0.03714132308959961,-4.0321736335754395
pair_0049_happy,pair_0049,13,01,02,01,happy,pair_0049_sad,-1,edge_all_joint,audio_v_edge,"[18, 19, 20, 21, 22, 23]",-4.29490327835083,-4.407992839813232,-4.0321736335754395,0.11308956146240234,-0.2627296447753906,0.37581920623779297,-4.0321736335754395
pair_0049_sad,pair_0049,13,01,02,01,sad,pair_0049_happy,1,edge_decision_joint,audio_v_edge,"[18, 19, 20, 21, 22, 23]",-4.50346565246582,-4.403670310974121,-4.699826717376709,0.09979534149169922,-0.19636106491088867,0.2961564064025879,-4.69227933883667
pair_0049_sad,pair_0049,13,01,02,01,sad,pair_0049_happy,1,edge_audio_joint,audio_v_edge,"[18, 19, 20, 21, 22, 23]",-4.50346565246582,-4.403670310974121,-4.391170501708984,0.09979534149169922,0.11229515075683594,-0.012499809265136719,-4.69227933883667
pair_0049_sad,pair_0049,13,01,02,01,sad,pair_0049_happy,1,edge_end_marker_joint,audio_v_edge,"[18, 19, 20, 21, 22, 23]",-4.50346565246582,-4.403670310974121,-4.403656959533691,0.09979534149169922,0.0998086929321289,-1.33514404296875e-05,-4.69227933883667
pair_0049_sad,pair_0049,13,01,02,01,sad,pair_0049_happy,1,edge_non_decision_joint,audio_v_edge,"[18, 19, 20, 21, 22, 23]",-4.50346565246582,-4.403670310974121,-4.391114234924316,0.09979534149169922,0.1123514175415039,-0.012556076049804688,-4.69227933883667
pair_0049_sad,pair_0049,13,01,02,01,sad,pair_0049_happy,1,edge_all_joint,audio_v_edge,"[18, 19, 20, 21, 22, 23]",-4.50346565246582,-4.403670310974121,-4.6922807693481445,0.09979534149169922,-0.18881511688232422,0.28861045837402344,-4.69227933883667
pair_0050_happy,pair_0050,13,02,01,01,happy,pair_0050_sad,-1,edge_decision_joint,audio_v_edge,"[18, 19, 20, 21, 22, 23]",-3.187375545501709,-3.1652517318725586,-2.619035243988037,-0.02212381362915039,-0.5683403015136719,0.5462164878845215,-2.616464138031006
pair_0050_happy,pair_0050,13,02,01,01,happy,pair_0050_sad,-1,edge_audio_joint,audio_v_edge,"[18, 19, 20, 21, 22, 23]",-3.187375545501709,-3.1652517318725586,-3.1681509017944336,-0.02212381362915039,-0.01922464370727539,-0.002899169921875,-2.616464138031006
pair_0050_happy,pair_0050,13,02,01,01,happy,pair_0050_sad,-1,edge_end_marker_joint,audio_v_edge,"[18, 19, 20, 21, 22, 23]",-3.187375545501709,-3.1652517318725586,-3.1654348373413086,-0.02212381362915039,-0.02194070816040039,-0.00018310546875,-2.616464138031006
pair_0050_happy,pair_0050,13,02,01,01,happy,pair_0050_sad,-1,edge_non_decision_joint,audio_v_edge,"[18, 19, 20, 21, 22, 23]",-3.187375545501709,-3.1652517318725586,-3.168318271636963,-0.02212381362915039,-0.019057273864746094,-0.003066539764404297,-2.616464138031006
pair_0050_happy,pair_0050,13,02,01,01,happy,pair_0050_sad,-1,edge_all_joint,audio_v_edge,"[18, 19, 20, 21, 22, 23]",-3.187375545501709,-3.1652517318725586,-2.6164638996124268,-0.02212381362915039,-0.5709116458892822,0.5487878322601318,-2.616464138031006
pair_0050_sad,pair_0050,13,02,01,01,sad,pair_0050_happy,1,edge_decision_joint,audio_v_edge,"[18, 19, 20, 21, 22, 23]",-3.3296210765838623,-3.3485107421875,-3.4074535369873047,-0.018889665603637695,-0.07783246040344238,0.05894279479980469,-3.397800922393799
pair_0050_sad,pair_0050,13,02,01,01,sad,pair_0050_happy,1,edge_audio_joint,audio_v_edge,"[18, 19, 20, 21, 22, 23]",-3.3296210765838623,-3.3485107421875,-3.3457841873168945,-0.018889665603637695,-0.016163110733032227,-0.0027265548706054688,-3.397800922393799
pair_0050_sad,pair_0050,13,02,01,01,sad,pair_0050_happy,1,edge_end_marker_joint,audio_v_edge,"[18, 19, 20, 21, 22, 23]",-3.3296210765838623,-3.3485107421875,-3.348562240600586,-0.018889665603637695,-0.018941164016723633,5.14984130859375e-05,-3.397800922393799
pair_0050_sad,pair_0050,13,02,01,01,sad,pair_0050_happy,1,edge_non_decision_joint,audio_v_edge,"[18, 19, 20, 21, 22, 23]",-3.3296210765838623,-3.3485107421875,-3.345818042755127,-0.018889665603637695,-0.01619696617126465,-0.002692699432373047,-3.397800922393799
pair_0050_sad,pair_0050,13,02,01,01,sad,pair_0050_happy,1,edge_all_joint,audio_v_edge,"[18, 19, 20, 21, 22, 23]",-3.3296210765838623,-3.3485107421875,-3.397801160812378,-0.018889665603637695,-0.06818008422851562,0.04929041862487793,-3.397800922393799
pair_0051_happy,pair_0051,13,02,02,01,happy,pair_0051_sad,-1,edge_decision_joint,audio_v_edge,"[18, 19, 20, 21, 22, 23]",-3.448737621307373,-3.4490039348602295,-3.195547580718994,0.0002663135528564453,-0.2531900405883789,0.25345635414123535,-3.2046704292297363
pair_0051_happy,pair_0051,13,02,02,01,happy,pair_0051_sad,-1,edge_audio_joint,audio_v_edge,"[18, 19, 20, 21, 22, 23]",-3.448737621307373,-3.4490039348602295,-3.4498167037963867,0.0002663135528564453,0.0010790824890136719,-0.0008127689361572266,-3.2046704292297363
pair_0051_happy,pair_0051,13,02,02,01,happy,pair_0051_sad,-1,edge_end_marker_joint,audio_v_edge,"[18, 19, 20, 21, 22, 23]",-3.448737621307373,-3.4490039348602295,-3.448920726776123,0.0002663135528564453,0.00018310546875,8.320808410644531e-05,-3.2046704292297363
pair_0051_happy,pair_0051,13,02,02,01,happy,pair_0051_sad,-1,edge_non_decision_joint,audio_v_edge,"[18, 19, 20, 21, 22, 23]",-3.448737621307373,-3.4490039348602295,-3.449704647064209,0.0002663135528564453,0.0009670257568359375,-0.0007007122039794922,-3.2046704292297363
pair_0051_happy,pair_0051,13,02,02,01,happy,pair_0051_sad,-1,edge_all_joint,audio_v_edge,"[18, 19, 20, 21, 22, 23]",-3.448737621307373,-3.4490039348602295,-3.204671859741211,0.0002663135528564453,-0.2440657615661621,0.24433207511901855,-3.2046704292297363
pair_0051_sad,pair_0051,13,02,02,01,sad,pair_0051_happy,1,edge_decision_joint,audio_v_edge,"[18, 19, 20, 21, 22, 23]",-3.277841091156006,-3.2824442386627197,-3.1936135292053223,-0.004603147506713867,0.0842275619506836,-0.08883070945739746,-3.184915542602539
pair_0051_sad,pair_0051,13,02,02,01,sad,pair_0051_happy,1,edge_audio_joint,audio_v_edge,"[18, 19, 20, 21, 22, 23]",-3.277841091156006,-3.2824442386627197,-3.2787435054779053,-0.004603147506713867,-0.0009024143218994141,-0.003700733184814453,-3.184915542602539
pair_0051_sad,pair_0051,13,02,02,01,sad,pair_0051_happy,1,edge_end_marker_joint,audio_v_edge,"[18, 19, 20, 21, 22, 23]",-3.277841091156006,-3.2824442386627197,-3.2825169563293457,-0.004603147506713867,-0.004675865173339844,7.271766662597656e-05,-3.184915542602539
pair_0051_sad,pair_0051,13,02,02,01,sad,pair_0051_happy,1,edge_non_decision_joint,audio_v_edge,"[18, 19, 20, 21, 22, 23]",-3.277841091156006,-3.2824442386627197,-3.2788076400756836,-0.004603147506713867,-0.0009665489196777344,-0.003636598587036133,-3.184915542602539
pair_0051_sad,pair_0051,13,02,02,01,sad,pair_0051_happy,1,edge_all_joint,audio_v_edge,"[18, 19, 20, 21, 22, 23]",-3.277841091156006,-3.2824442386627197,-3.1849164962768555,-0.004603147506713867,0.09292459487915039,-0.09752774238586426,-3.184915542602539
pair_0052_happy,pair_0052,14,01,01,01,happy,pair_0052_sad,-1,edge_decision_joint,audio_v_edge,"[18, 19, 20, 21, 22, 23]",-4.171508312225342,-4.161243438720703,-4.272115707397461,-0.010264873504638672,0.10060739517211914,-0.11087226867675781,-4.267459869384766
pair_0052_happy,pair_0052,14,01,01,01,happy,pair_0052_sad,-1,edge_audio_joint,audio_v_edge,"[18, 19, 20, 21, 22, 23]",-4.171508312225342,-4.161243438720703,-4.176787376403809,-0.010264873504638672,0.005279064178466797,-0.015543937683105469,-4.267459869384766
pair_0052_happy,pair_0052,14,01,01,01,happy,pair_0052_sad,-1,edge_end_marker_joint,audio_v_edge,"[18, 19, 20, 21, 22, 23]",-4.171508312225342,-4.161243438720703,-4.161200523376465,-0.010264873504638672,-0.010307788848876953,4.291534423828125e-05,-4.267459869384766
pair_0052_happy,pair_0052,14,01,01,01,happy,pair_0052_sad,-1,edge_non_decision_joint,audio_v_edge,"[18, 19, 20, 21, 22, 23]",-4.171508312225342,-4.161243438720703,-4.176743507385254,-0.010264873504638672,0.005235195159912109,-0.015500068664550781,-4.267459869384766
pair_0052_happy,pair_0052,14,01,01,01,happy,pair_0052_sad,-1,edge_all_joint,audio_v_edge,"[18, 19, 20, 21, 22, 23]",-4.171508312225342,-4.161243438720703,-4.267462253570557,-0.010264873504638672,0.09595394134521484,-0.10621881484985352,-4.267459869384766
pair_0052_sad,pair_0052,14,01,01,01,sad,pair_0052_happy,1,edge_decision_joint,audio_v_edge,"[18, 19, 20, 21, 22, 23]",-4.786404132843018,-4.817407131195068,-4.83261251449585,-0.03100299835205078,-0.04620838165283203,0.01520538330078125,-4.835037708282471
pair_0052_sad,pair_0052,14,01,01,01,sad,pair_0052_happy,1,edge_audio_joint,audio_v_edge,"[18, 19, 20, 21, 22, 23]",-4.786404132843018,-4.817407131195068,-4.82206916809082,-0.03100299835205078,-0.035665035247802734,0.004662036895751953,-4.835037708282471
pair_0052_sad,pair_0052,14,01,01,01,sad,pair_0052_happy,1,edge_end_marker_joint,audio_v_edge,"[18, 19, 20, 21, 22, 23]",-4.786404132843018,-4.817407131195068,-4.817279815673828,-0.03100299835205078,-0.030875682830810547,-0.00012731552124023438,-4.835037708282471
pair_0052_sad,pair_0052,14,01,01,01,sad,pair_0052_happy,1,edge_non_decision_joint,audio_v_edge,"[18, 19, 20, 21, 22, 23]",-4.786404132843018,-4.817407131195068,-4.821934700012207,-0.03100299835205078,-0.03553056716918945,0.004527568817138672,-4.835037708282471
pair_0052_sad,pair_0052,14,01,01,01,sad,pair_0052_happy,1,edge_all_joint,audio_v_edge,"[18, 19, 20, 21, 22, 23]",-4.786404132843018,-4.817407131195068,-4.8350419998168945,-0.03100299835205078,-0.04863786697387695,0.017634868621826172,-4.835037708282471
pair_0053_happy,pair_0053,14,01,02,01,happy,pair_0053_sad,-1,edge_decision_joint,audio_v_edge,"[18, 19, 20, 21, 22, 23]",-4.112044811248779,-4.207479476928711,-4.068620204925537,0.09543466567993164,-0.04342460632324219,0.13885927200317383,-4.071903705596924
pair_0053_happy,pair_0053,14,01,02,01,happy,pair_0053_sad,-1,edge_audio_joint,audio_v_edge,"[18, 19, 20, 21, 22, 23]",-4.112044811248779,-4.207479476928711,-4.212493896484375,0.09543466567993164,0.1004490852355957,-0.0050144195556640625,-4.071903705596924
pair_0053_happy,pair_0053,14,01,02,01,happy,pair_0053_sad,-1,edge_end_marker_joint,audio_v_edge,"[18, 19, 20, 21, 22, 23]",-4.112044811248779,-4.207479476928711,-4.207468032836914,0.09543466567993164,0.09542322158813477,1.1444091796875e-05,-4.071903705596924
pair_0053_happy,pair_0053,14,01,02,01,happy,pair_0053_sad,-1,edge_non_decision_joint,audio_v_edge,"[18, 19, 20, 21, 22, 23]",-4.112044811248779,-4.207479476928711,-4.212487697601318,0.09543466567993164,0.10044288635253906,-0.005008220672607422,-4.071903705596924
pair_0053_happy,pair_0053,14,01,02,01,happy,pair_0053_sad,-1,edge_all_joint,audio_v_edge,"[18, 19, 20, 21, 22, 23]",-4.112044811248779,-4.207479476928711,-4.071902751922607,0.09543466567993164,-0.040142059326171875,0.13557672500610352,-4.071903705596924
pair_0053_sad,pair_0053,14,01,02,01,sad,pair_0053_happy,1,edge_decision_joint,audio_v_edge,"[18, 19, 20, 21, 22, 23]",-4.676085948944092,-4.569714546203613,-4.731095790863037,0.10637140274047852,-0.05500984191894531,0.16138124465942383,-4.725486755371094
pair_0053_sad,pair_0053,14,01,02,01,sad,pair_0053_happy,1,edge_audio_joint,audio_v_edge,"[18, 19, 20, 21, 22, 23]",-4.676085948944092,-4.569714546203613,-4.556023597717285,0.10637140274047852,0.12006235122680664,-0.013690948486328125,-4.725486755371094
pair_0053_sad,pair_0053,14,01,02,01,sad,pair_0053_happy,1,edge_end_marker_joint,audio_v_edge,"[18, 19, 20, 21, 22, 23]",-4.676085948944092,-4.569714546203613,-4.569622993469238,0.10637140274047852,0.10646295547485352,-9.1552734375e-05,-4.725486755371094
pair_0053_sad,pair_0053,14,01,02,01,sad,pair_0053_happy,1,edge_non_decision_joint,audio_v_edge,"[18, 19, 20, 21, 22, 23]",-4.676085948944092,-4.569714546203613,-4.555911064147949,0.10637140274047852,0.12017488479614258,-0.013803482055664062,-4.725486755371094
pair_0053_sad,pair_0053,14,01,02,01,sad,pair_0053_happy,1,edge_all_joint,audio_v_edge,"[18, 19, 20, 21, 22, 23]",-4.676085948944092,-4.569714546203613,-4.72548770904541,0.10637140274047852,-0.04940176010131836,0.15577316284179688,-4.725486755371094
pair_0054_happy,pair_0054,14,02,01,01,happy,pair_0054_sad,-1,edge_decision_joint,audio_v_edge,"[18, 19, 20, 21, 22, 23]",-3.5748958587646484,-3.6116995811462402,-3.458961009979248,0.0368037223815918,-0.11593484878540039,0.1527385711669922,-3.472555637359619
pair_0054_happy,pair_0054,14,02,01,01,happy,pair_0054_sad,-1,edge_audio_joint,audio_v_edge,"[18, 19, 20, 21, 22, 23]",-3.5748958587646484,-3.6116995811462402,-3.6221635341644287,0.0368037223815918,0.04726767539978027,-0.010463953018188477,-3.472555637359619
pair_0054_happy,pair_0054,14,02,01,01,happy,pair_0054_sad,-1,edge_end_marker_joint,audio_v_edge,"[18, 19, 20, 21, 22, 23]",-3.5748958587646484,-3.6116995811462402,-3.61171817779541,0.0368037223815918,0.03682231903076172,-1.8596649169921875e-05,-3.472555637359619
pair_0054_happy,pair_0054,14,02,01,01,happy,pair_0054_sad,-1,edge_non_decision_joint,audio_v_edge,"[18, 19, 20, 21, 22, 23]",-3.5748958587646484,-3.6116995811462402,-3.6221394538879395,0.0368037223815918,0.047243595123291016,-0.010439872741699219,-3.472555637359619
pair_0054_happy,pair_0054,14,02,01,01,happy,pair_0054_sad,-1,edge_all_joint,audio_v_edge,"[18, 19, 20, 21, 22, 23]",-3.5748958587646484,-3.6116995811462402,-3.472555637359619,0.0368037223815918,-0.1023402214050293,0.1391439437866211,-3.472555637359619
pair_0054_sad,pair_0054,14,02,01,01,sad,pair_0054_happy,1,edge_decision_joint,audio_v_edge,"[18, 19, 20, 21, 22, 23]",-3.768885374069214,-3.7494192123413086,-3.89802622795105,0.019466161727905273,-0.12914085388183594,0.1486070156097412,-3.886117458343506
pair_0054_sad,pair_0054,14,02,01,01,sad,pair_0054_happy,1,edge_audio_joint,audio_v_edge,"[18, 19, 20, 21, 22, 23]",-3.768885374069214,-3.7494192123413086,-3.758758306503296,0.019466161727905273,0.010127067565917969,0.009339094161987305,-3.886117458343506
pair_0054_sad,pair_0054,14,02,01,01,sad,pair_0054_happy,1,edge_end_marker_joint,audio_v_edge,"[18, 19, 20, 21, 22, 23]",-3.768885374069214,-3.7494192123413086,-3.749443292617798,0.019466161727905273,0.019442081451416016,2.4080276489257812e-05,-3.886117458343506
pair_0054_sad,pair_0054,14,02,01,01,sad,pair_0054_happy,1,edge_non_decision_joint,audio_v_edge,"[18, 19, 20, 21, 22, 23]",-3.768885374069214,-3.7494192123413086,-3.7588093280792236,0.019466161727905273,0.010076045989990234,0.009390115737915039,-3.886117458343506
pair_0054_sad,pair_0054,14,02,01,01,sad,pair_0054_happy,1,edge_all_joint,audio_v_edge,"[18, 19, 20, 21, 22, 23]",-3.768885374069214,-3.7494192123413086,-3.8861188888549805,0.019466161727905273,-0.1172335147857666,0.13669967651367188,-3.886117458343506
pair_0055_happy,pair_0055,14,02,02,01,happy,pair_0055_sad,-1,edge_decision_joint,audio_v_edge,"[18, 19, 20, 21, 22, 23]",-3.3426270484924316,-3.5281014442443848,-3.2260425090789795,0.18547439575195312,-0.11658453941345215,0.3020589351654053,-3.2218852043151855
pair_0055_happy,pair_0055,14,02,02,01,happy,pair_0055_sad,-1,edge_audio_joint,audio_v_edge,"[18, 19, 20, 21, 22, 23]",-3.3426270484924316,-3.5281014442443848,-3.5069713592529297,0.18547439575195312,0.16434431076049805,0.021130084991455078,-3.2218852043151855
pair_0055_happy,pair_0055,14,02,02,01,happy,pair_0055_sad,-1,edge_end_marker_joint,audio_v_edge,"[18, 19, 20, 21, 22, 23]",-3.3426270484924316,-3.5281014442443848,-3.5280814170837402,0.18547439575195312,0.1854543685913086,2.002716064453125e-05,-3.2218852043151855
pair_0055_happy,pair_0055,14,02,02,01,happy,pair_0055_sad,-1,edge_non_decision_joint,audio_v_edge,"[18, 19, 20, 21, 22, 23]",-3.3426270484924316,-3.5281014442443848,-3.5069332122802734,0.18547439575195312,0.1643061637878418,0.021168231964111328,-3.2218852043151855
pair_0055_happy,pair_0055,14,02,02,01,happy,pair_0055_sad,-1,edge_all_joint,audio_v_edge,"[18, 19, 20, 21, 22, 23]",-3.3426270484924316,-3.5281014442443848,-3.221885919570923,0.18547439575195312,-0.12074112892150879,0.3062155246734619,-3.2218852043151855
pair_0055_sad,pair_0055,14,02,02,01,sad,pair_0055_happy,1,edge_decision_joint,audio_v_edge,"[18, 19, 20, 21, 22, 23]",-3.8608345985412598,-3.674555778503418,-3.8568708896636963,0.1862788200378418,0.0039637088775634766,0.18231511116027832,-3.8638429641723633
pair_0055_sad,pair_0055,14,02,02,01,sad,pair_0055_happy,1,edge_audio_joint,audio_v_edge,"[18, 19, 20, 21, 22, 23]",-3.8608345985412598,-3.674555778503418,-3.692958116531372,0.1862788200378418,0.1678764820098877,0.0184023380279541,-3.8638429641723633
pair_0055_sad,pair_0055,14,02,02,01,sad,pair_0055_happy,1,edge_end_marker_joint,audio_v_edge,"[18, 19, 20, 21, 22, 23]",-3.8608345985412598,-3.674555778503418,-3.6743006706237793,0.1862788200378418,0.18653392791748047,-0.0002551078796386719,-3.8638429641723633
pair_0055_sad,pair_0055,14,02,02,01,sad,pair_0055_happy,1,edge_non_decision_joint,audio_v_edge,"[18, 19, 20, 21, 22, 23]",-3.8608345985412598,-3.674555778503418,-3.6927330493927,0.1862788200378418,0.16810154914855957,0.018177270889282227,-3.8638429641723633
pair_0055_sad,pair_0055,14,02,02,01,sad,pair_0055_happy,1,edge_all_joint,audio_v_edge,"[18, 19, 20, 21, 22, 23]",-3.8608345985412598,-3.674555778503418,-3.863842487335205,0.1862788200378418,-0.0030078887939453125,0.1892867088317871,-3.8638429641723633
pair_0056_happy,pair_0056,15,01,01,01,happy,pair_0056_sad,-1,edge_decision_joint,audio_v_edge,"[18, 19, 20, 21, 22, 23]",-4.230840682983398,-4.03121280670166,-4.113583564758301,-0.19962787628173828,-0.11725711822509766,-0.08237075805664062,-4.110747337341309
pair_0056_happy,pair_0056,15,01,01,01,happy,pair_0056_sad,-1,edge_audio_joint,audio_v_edge,"[18, 19, 20, 21, 22, 23]",-4.230840682983398,-4.03121280670166,-4.02754545211792,-0.19962787628173828,-0.20329523086547852,0.0036673545837402344,-4.110747337341309
pair_0056_happy,pair_0056,15,01,01,01,happy,pair_0056_sad,-1,edge_end_marker_joint,audio_v_edge,"[18, 19, 20, 21, 22, 23]",-4.230840682983398,-4.03121280670166,-4.0310516357421875,-0.19962787628173828,-0.19978904724121094,0.00016117095947265625,-4.110747337341309
pair_0056_happy,pair_0056,15,01,01,01,happy,pair_0056_sad,-1,edge_non_decision_joint,audio_v_edge,"[18, 19, 20, 21, 22, 23]",-4.230840682983398,-4.03121280670166,-4.0273637771606445,-0.19962787628173828,-0.2034769058227539,0.003849029541015625,-4.110747337341309
pair_0056_happy,pair_0056,15,01,01,01,happy,pair_0056_sad,-1,edge_all_joint,audio_v_edge,"[18, 19, 20, 21, 22, 23]",-4.230840682983398,-4.03121280670166,-4.110748767852783,-0.19962787628173828,-0.12009191513061523,-0.07953596115112305,-4.110747337341309
pair_0056_sad,pair_0056,15,01,01,01,sad,pair_0056_happy,1,edge_decision_joint,audio_v_edge,"[18, 19, 20, 21, 22, 23]",-3.936347484588623,-4.121422290802002,-3.9706387519836426,-0.1850748062133789,-0.03429126739501953,-0.15078353881835938,-3.9659976959228516
pair_0056_sad,pair_0056,15,01,01,01,sad,pair_0056_happy,1,edge_audio_joint,audio_v_edge,"[18, 19, 20, 21, 22, 23]",-3.936347484588623,-4.121422290802002,-4.11985969543457,-0.1850748062133789,-0.18351221084594727,-0.0015625953674316406,-3.9659976959228516
pair_0056_sad,pair_0056,15,01,01,01,sad,pair_0056_happy,1,edge_end_marker_joint,audio_v_edge,"[18, 19, 20, 21, 22, 23]",-3.936347484588623,-4.121422290802002,-4.121486663818359,-0.1850748062133789,-0.18513917922973633,6.437301635742188e-05,-3.9659976959228516
pair_0056_sad,pair_0056,15,01,01,01,sad,pair_0056_happy,1,edge_non_decision_joint,audio_v_edge,"[18, 19, 20, 21, 22, 23]",-3.936347484588623,-4.121422290802002,-4.119921684265137,-0.1850748062133789,-0.18357419967651367,-0.0015006065368652344,-3.9659976959228516
pair_0056_sad,pair_0056,15,01,01,01,sad,pair_0056_happy,1,edge_all_joint,audio_v_edge,"[18, 19, 20, 21, 22, 23]",-3.936347484588623,-4.121422290802002,-3.9659955501556396,-0.1850748062133789,-0.0296480655670166,-0.1554267406463623,-3.9659976959228516
pair_0057_happy,pair_0057,15,01,02,01,happy,pair_0057_sad,-1,edge_decision_joint,audio_v_edge,"[18, 19, 20, 21, 22, 23]",-4.441137313842773,-4.458919048309326,-4.424574851989746,0.017781734466552734,-0.016562461853027344,0.03434419631958008,-4.42642879486084
pair_0057_happy,pair_0057,15,01,02,01,happy,pair_0057_sad,-1,edge_audio_joint,audio_v_edge,"[18, 19, 20, 21, 22, 23]",-4.441137313842773,-4.458919048309326,-4.458504676818848,0.017781734466552734,0.01736736297607422,0.0004143714904785156,-4.42642879486084
pair_0057_happy,pair_0057,15,01,02,01,happy,pair_0057_sad,-1,edge_end_marker_joint,audio_v_edge,"[18, 19, 20, 21, 22, 23]",-4.441137313842773,-4.458919048309326,-4.458935737609863,0.017781734466552734,0.017798423767089844,-1.6689300537109375e-05,-4.42642879486084
pair_0057_happy,pair_0057,15,01,02,01,happy,pair_0057_sad,-1,edge_non_decision_joint,audio_v_edge,"[18, 19, 20, 21, 22, 23]",-4.441137313842773,-4.458919048309326,-4.458530426025391,0.017781734466552734,0.017393112182617188,0.0003886222839355469,-4.42642879486084
pair_0057_happy,pair_0057,15,01,02,01,happy,pair_0057_sad,-1,edge_all_joint,audio_v_edge,"[18, 19, 20, 21, 22, 23]",-4.441137313842773,-4.458919048309326,-4.426427841186523,0.017781734466552734,-0.01470947265625,0.032491207122802734,-4.42642879486084
pair_0057_sad,pair_0057,15,01,02,01,sad,pair_0057_happy,1,edge_decision_joint,audio_v_edge,"[18, 19, 20, 21, 22, 23]",-4.258543014526367,-4.245214462280273,-4.34576416015625,0.01332855224609375,-0.08722114562988281,0.10054969787597656,-4.337488651275635
pair_0057_sad,pair_0057,15,01,02,01,sad,pair_0057_happy,1,edge_audio_joint,audio_v_edge,"[18, 19, 20, 21, 22, 23]",-4.258543014526367,-4.245214462280273,-4.245935440063477,0.01332855224609375,0.012607574462890625,0.000720977783203125,-4.337488651275635
pair_0057_sad,pair_0057,15,01,02,01,sad,pair_0057_happy,1,edge_end_marker_joint,audio_v_edge,"[18, 19, 20, 21, 22, 23]",-4.258543014526367,-4.245214462280273,-4.245138168334961,0.01332855224609375,0.01340484619140625,-7.62939453125e-05,-4.337488651275635
pair_0057_sad,pair_0057,15,01,02,01,sad,pair_0057_happy,1,edge_non_decision_joint,audio_v_edge,"[18, 19, 20, 21, 22, 23]",-4.258543014526367,-4.245214462280273,-4.245851039886475,0.01332855224609375,0.012691974639892578,0.0006365776062011719,-4.337488651275635
pair_0057_sad,pair_0057,15,01,02,01,sad,pair_0057_happy,1,edge_all_joint,audio_v_edge,"[18, 19, 20, 21, 22, 23]",-4.258543014526367,-4.245214462280273,-4.337489128112793,0.01332855224609375,-0.07894611358642578,0.09227466583251953,-4.337488651275635
pair_0058_happy,pair_0058,15,02,01,01,happy,pair_0058_sad,-1,edge_decision_joint,audio_v_edge,"[18, 19, 20, 21, 22, 23]",-3.800013780593872,-3.7979488372802734,-3.795041561126709,-0.002064943313598633,-0.004972219467163086,0.002907276153564453,-3.8012993335723877
pair_0058_happy,pair_0058,15,02,01,01,happy,pair_0058_sad,-1,edge_audio_joint,audio_v_edge,"[18, 19, 20, 21, 22, 23]",-3.800013780593872,-3.7979488372802734,-3.812804698944092,-0.002064943313598633,0.012790918350219727,-0.01485586166381836,-3.8012993335723877
pair_0058_happy,pair_0058,15,02,01,01,happy,pair_0058_sad,-1,edge_end_marker_joint,audio_v_edge,"[18, 19, 20, 21, 22, 23]",-3.800013780593872,-3.7979488372802734,-3.797855854034424,-0.002064943313598633,-0.002157926559448242,9.298324584960938e-05,-3.8012993335723877
pair_0058_happy,pair_0058,15,02,01,01,happy,pair_0058_sad,-1,edge_non_decision_joint,audio_v_edge,"[18, 19, 20, 21, 22, 23]",-3.800013780593872,-3.7979488372802734,-3.812714099884033,-0.002064943313598633,0.012700319290161133,-0.014765262603759766,-3.8012993335723877
pair_0058_happy,pair_0058,15,02,01,01,happy,pair_0058_sad,-1,edge_all_joint,audio_v_edge,"[18, 19, 20, 21, 22, 23]",-3.800013780593872,-3.7979488372802734,-3.8012990951538086,-0.002064943313598633,0.0012853145599365234,-0.0033502578735351562,-3.8012993335723877
pair_0058_sad,pair_0058,15,02,01,01,sad,pair_0058_happy,1,edge_decision_joint,audio_v_edge,"[18, 19, 20, 21, 22, 23]",-3.390519142150879,-3.3902595043182373,-3.3489928245544434,0.00025963783264160156,0.04152631759643555,-0.041266679763793945,-3.347053050994873
pair_0058_sad,pair_0058,15,02,01,01,sad,pair_0058_happy,1,edge_audio_joint,audio_v_edge,"[18, 19, 20, 21, 22, 23]",-3.390519142150879,-3.3902595043182373,-3.385084390640259,0.00025963783264160156,0.005434751510620117,-0.005175113677978516,-3.347053050994873
pair_0058_sad,pair_0058,15,02,01,01,sad,pair_0058_happy,1,edge_end_marker_joint,audio_v_edge,"[18, 19, 20, 21, 22, 23]",-3.390519142150879,-3.3902595043182373,-3.3902318477630615,0.00025963783264160156,0.0002872943878173828,-2.765655517578125e-05,-3.347053050994873
pair_0058_sad,pair_0058,15,02,01,01,sad,pair_0058_happy,1,edge_non_decision_joint,audio_v_edge,"[18, 19, 20, 21, 22, 23]",-3.390519142150879,-3.3902595043182373,-3.3850455284118652,0.00025963783264160156,0.005473613739013672,-0.00521397590637207,-3.347053050994873
pair_0058_sad,pair_0058,15,02,01,01,sad,pair_0058_happy,1,edge_all_joint,audio_v_edge,"[18, 19, 20, 21, 22, 23]",-3.390519142150879,-3.3902595043182373,-3.3470511436462402,0.00025963783264160156,0.04346799850463867,-0.04320836067199707,-3.347053050994873
pair_0059_happy,pair_0059,15,02,02,01,happy,pair_0059_sad,-1,edge_decision_joint,audio_v_edge,"[18, 19, 20, 21, 22, 23]",-3.5927512645721436,-3.7416224479675293,-3.900325298309326,0.14887118339538574,0.3075740337371826,-0.15870285034179688,-3.8826303482055664
pair_0059_happy,pair_0059,15,02,02,01,happy,pair_0059_sad,-1,edge_audio_joint,audio_v_edge,"[18, 19, 20, 21, 22, 23]",-3.5927512645721436,-3.7416224479675293,-3.7166812419891357,0.14887118339538574,0.12392997741699219,0.024941205978393555,-3.8826303482055664
pair_0059_happy,pair_0059,15,02,02,01,happy,pair_0059_sad,-1,edge_end_marker_joint,audio_v_edge,"[18, 19, 20, 21, 22, 23]",-3.5927512645721436,-3.7416224479675293,-3.7415859699249268,0.14887118339538574,0.1488347053527832,3.647804260253906e-05,-3.8826303482055664
pair_0059_happy,pair_0059,15,02,02,01,happy,pair_0059_sad,-1,edge_non_decision_joint,audio_v_edge,"[18, 19, 20, 21, 22, 23]",-3.5927512645721436,-3.7416224479675293,-3.7166216373443604,0.14887118339538574,0.1238703727722168,0.025000810623168945,-3.8826303482055664
pair_0059_happy,pair_0059,15,02,02,01,happy,pair_0059_sad,-1,edge_all_joint,audio_v_edge,"[18, 19, 20, 21, 22, 23]",-3.5927512645721436,-3.7416224479675293,-3.882629156112671,0.14887118339538574,0.28987789154052734,-0.1410067081451416,-3.8826303482055664
pair_0059_sad,pair_0059,15,02,02,01,sad,pair_0059_happy,1,edge_decision_joint,audio_v_edge,"[18, 19, 20, 21, 22, 23]",-4.272625923156738,-4.128354549407959,-3.868910551071167,0.1442713737487793,0.4037153720855713,-0.259443998336792,-3.878976821899414
pair_0059_sad,pair_0059,15,02,02,01,sad,pair_0059_happy,1,edge_audio_joint,audio_v_edge,"[18, 19, 20, 21, 22, 23]",-4.272625923156738,-4.128354549407959,-4.13461971282959,0.1442713737487793,0.13800621032714844,0.006265163421630859,-3.878976821899414
pair_0059_sad,pair_0059,15,02,02,01,sad,pair_0059_happy,1,edge_end_marker_joint,audio_v_edge,"[18, 19, 20, 21, 22, 23]",-4.272625923156738,-4.128354549407959,-4.12843132019043,0.1442713737487793,0.1441946029663086,7.677078247070312e-05,-3.878976821899414
pair_0059_sad,pair_0059,15,02,02,01,sad,pair_0059_happy,1,edge_non_decision_joint,audio_v_edge,"[18, 19, 20, 21, 22, 23]",-4.272625923156738,-4.128354549407959,-4.134683609008789,0.1442713737487793,0.13794231414794922,0.006329059600830078,-3.878976821899414
pair_0059_sad,pair_0059,15,02,02,01,sad,pair_0059_happy,1,edge_all_joint,audio_v_edge,"[18, 19, 20, 21, 22, 23]",-4.272625923156738,-4.128354549407959,-3.878979206085205,0.1442713737487793,0.3936467170715332,-0.2493753433227539,-3.878976821899414
pair_0060_happy,pair_0060,16,01,01,01,happy,pair_0060_sad,-1,edge_decision_joint,audio_v_edge,"[18, 19, 20, 21, 22, 23]",-4.752762794494629,-4.84613037109375,-4.7390031814575195,0.0933675765991211,-0.013759613037109375,0.10712718963623047,-4.738136291503906
pair_0060_happy,pair_0060,16,01,01,01,happy,pair_0060_sad,-1,edge_audio_joint,audio_v_edge,"[18, 19, 20, 21, 22, 23]",-4.752762794494629,-4.84613037109375,-4.844581604003906,0.0933675765991211,0.09181880950927734,0.00154876708984375,-4.738136291503906
pair_0060_happy,pair_0060,16,01,01,01,happy,pair_0060_sad,-1,edge_end_marker_joint,audio_v_edge,"[18, 19, 20, 21, 22, 23]",-4.752762794494629,-4.84613037109375,-4.846236228942871,0.0933675765991211,0.09347343444824219,-0.00010585784912109375,-4.738136291503906
pair_0060_happy,pair_0060,16,01,01,01,happy,pair_0060_sad,-1,edge_non_decision_joint,audio_v_edge,"[18, 19, 20, 21, 22, 23]",-4.752762794494629,-4.84613037109375,-4.844687461853027,0.0933675765991211,0.09192466735839844,0.0014429092407226562,-4.738136291503906
pair_0060_happy,pair_0060,16,01,01,01,happy,pair_0060_sad,-1,edge_all_joint,audio_v_edge,"[18, 19, 20, 21, 22, 23]",-4.752762794494629,-4.84613037109375,-4.73813533782959,0.0933675765991211,-0.014627456665039062,0.10799503326416016,-4.738136291503906
pair_0060_sad,pair_0060,16,01,01,01,sad,pair_0060_happy,1,edge_decision_joint,audio_v_edge,"[18, 19, 20, 21, 22, 23]",-4.683334827423096,-4.596906661987305,-4.6860127449035645,0.08642816543579102,-0.00267791748046875,0.08910608291625977,-4.687539577484131
pair_0060_sad,pair_0060,16,01,01,01,sad,pair_0060_happy,1,edge_audio_joint,audio_v_edge,"[18, 19, 20, 21, 22, 23]",-4.683334827423096,-4.596906661987305,-4.603042125701904,0.08642816543579102,0.0802927017211914,0.006135463714599609,-4.687539577484131
pair_0060_sad,pair_0060,16,01,01,01,sad,pair_0060_happy,1,edge_end_marker_joint,audio_v_edge,"[18, 19, 20, 21, 22, 23]",-4.683334827423096,-4.596906661987305,-4.596834182739258,0.08642816543579102,0.08650064468383789,-7.2479248046875e-05,-4.687539577484131
pair_0060_sad,pair_0060,16,01,01,01,sad,pair_0060_happy,1,edge_non_decision_joint,audio_v_edge,"[18, 19, 20, 21, 22, 23]",-4.683334827423096,-4.596906661987305,-4.602971076965332,0.08642816543579102,0.08036375045776367,0.006064414978027344,-4.687539577484131
pair_0060_sad,pair_0060,16,01,01,01,sad,pair_0060_happy,1,edge_all_joint,audio_v_edge,"[18, 19, 20, 21, 22, 23]",-4.683334827423096,-4.596906661987305,-4.687541484832764,0.08642816543579102,-0.004206657409667969,0.09063482284545898,-4.687539577484131
pair_0061_happy,pair_0061,16,01,02,01,happy,pair_0061_sad,-1,edge_decision_joint,audio_v_edge,"[18, 19, 20, 21, 22, 23]",-4.656552314758301,-4.779184818267822,-4.697682857513428,0.12263250350952148,0.04113054275512695,0.08150196075439453,-4.682952404022217
pair_0061_happy,pair_0061,16,01,02,01,happy,pair_0061_sad,-1,edge_audio_joint,audio_v_edge,"[18, 19, 20, 21, 22, 23]",-4.656552314758301,-4.779184818267822,-4.769101142883301,0.12263250350952148,0.112548828125,0.010083675384521484,-4.682952404022217
pair_0061_happy,pair_0061,16,01,02,01,happy,pair_0061_sad,-1,edge_end_marker_joint,audio_v_edge,"[18, 19, 20, 21, 22, 23]",-4.656552314758301,-4.779184818267822,-4.779306888580322,0.12263250350952148,0.12275457382202148,-0.0001220703125,-4.682952404022217
pair_0061_happy,pair_0061,16,01,02,01,happy,pair_0061_sad,-1,edge_non_decision_joint,audio_v_edge,"[18, 19, 20, 21, 22, 23]",-4.656552314758301,-4.779184818267822,-4.769205093383789,0.12263250350952148,0.11265277862548828,0.009979724884033203,-4.682952404022217
pair_0061_happy,pair_0061,16,01,02,01,happy,pair_0061_sad,-1,edge_all_joint,audio_v_edge,"[18, 19, 20, 21, 22, 23]",-4.656552314758301,-4.779184818267822,-4.682952880859375,0.12263250350952148,0.02640056610107422,0.09623193740844727,-4.682952404022217
pair_0061_sad,pair_0061,16,01,02,01,sad,pair_0061_happy,1,edge_decision_joint,audio_v_edge,"[18, 19, 20, 21, 22, 23]",-4.103060722351074,-3.9733777046203613,-4.060547351837158,0.1296830177307129,0.042513370513916016,0.08716964721679688,-4.089417457580566
pair_0061_sad,pair_0061,16,01,02,01,sad,pair_0061_happy,1,edge_audio_joint,audio_v_edge,"[18, 19, 20, 21, 22, 23]",-4.103060722351074,-3.9733777046203613,-3.9977927207946777,0.1296830177307129,0.10526800155639648,0.024415016174316406,-4.089417457580566
pair_0061_sad,pair_0061,16,01,02,01,sad,pair_0061_happy,1,edge_end_marker_joint,audio_v_edge,"[18, 19, 20, 21, 22, 23]",-4.103060722351074,-3.9733777046203613,-3.9732284545898438,0.1296830177307129,0.12983226776123047,-0.00014925003051757812,-4.089417457580566
pair_0061_sad,pair_0061,16,01,02,01,sad,pair_0061_happy,1,edge_non_decision_joint,audio_v_edge,"[18, 19, 20, 21, 22, 23]",-4.103060722351074,-3.9733777046203613,-3.9976611137390137,0.1296830177307129,0.10539960861206055,0.024283409118652344,-4.089417457580566
pair_0061_sad,pair_0061,16,01,02,01,sad,pair_0061_happy,1,edge_all_joint,audio_v_edge,"[18, 19, 20, 21, 22, 23]",-4.103060722351074,-3.9733777046203613,-4.089418411254883,0.1296830177307129,0.013642311096191406,0.11604070663452148,-4.089417457580566
pair_0062_happy,pair_0062,16,02,01,01,happy,pair_0062_sad,-1,edge_decision_joint,audio_v_edge,"[18, 19, 20, 21, 22, 23]",-3.5628504753112793,-3.5412092208862305,-3.591087818145752,-0.021641254425048828,0.028237342834472656,-0.049878597259521484,-3.588472366333008
pair_0062_happy,pair_0062,16,02,01,01,happy,pair_0062_sad,-1,edge_audio_joint,audio_v_edge,"[18, 19, 20, 21, 22, 23]",-3.5628504753112793,-3.5412092208862305,-3.589982271194458,-0.021641254425048828,0.02713179588317871,-0.04877305030822754,-3.588472366333008
pair_0062_happy,pair_0062,16,02,01,01,happy,pair_0062_sad,-1,edge_end_marker_joint,audio_v_edge,"[18, 19, 20, 21, 22, 23]",-3.5628504753112793,-3.5412092208862305,-3.5412681102752686,-0.021641254425048828,-0.021582365036010742,-5.888938903808594e-05,-3.588472366333008
pair_0062_happy,pair_0062,16,02,01,01,happy,pair_0062_sad,-1,edge_non_decision_joint,audio_v_edge,"[18, 19, 20, 21, 22, 23]",-3.5628504753112793,-3.5412092208862305,-3.5900256633758545,-0.021641254425048828,0.027175188064575195,-0.04881644248962402,-3.588472366333008
pair_0062_happy,pair_0062,16,02,01,01,happy,pair_0062_sad,-1,edge_all_joint,audio_v_edge,"[18, 19, 20, 21, 22, 23]",-3.5628504753112793,-3.5412092208862305,-3.588469982147217,-0.021641254425048828,0.0256195068359375,-0.04726076126098633,-3.588472366333008
pair_0062_sad,pair_0062,16,02,01,01,sad,pair_0062_happy,1,edge_decision_joint,audio_v_edge,"[18, 19, 20, 21, 22, 23]",-3.5368704795837402,-3.5656228065490723,-3.392773389816284,-0.02875232696533203,0.14409708976745605,-0.17284941673278809,-3.39762544631958
pair_0062_sad,pair_0062,16,02,01,01,sad,pair_0062_happy,1,edge_audio_joint,audio_v_edge,"[18, 19, 20, 21, 22, 23]",-3.5368704795837402,-3.5656228065490723,-3.5696403980255127,-0.02875232696533203,-0.03276991844177246,0.00401759147644043,-3.39762544631958
pair_0062_sad,pair_0062,16,02,01,01,sad,pair_0062_happy,1,edge_end_marker_joint,audio_v_edge,"[18, 19, 20, 21, 22, 23]",-3.5368704795837402,-3.5656228065490723,-3.565699815750122,-0.02875232696533203,-0.028829336166381836,7.700920104980469e-05,-3.39762544631958
pair_0062_sad,pair_0062,16,02,01,01,sad,pair_0062_happy,1,edge_non_decision_joint,audio_v_edge,"[18, 19, 20, 21, 22, 23]",-3.5368704795837402,-3.5656228065490723,-3.5696897506713867,-0.02875232696533203,-0.032819271087646484,0.004066944122314453,-3.39762544631958
pair_0062_sad,pair_0062,16,02,01,01,sad,pair_0062_happy,1,edge_all_joint,audio_v_edge,"[18, 19, 20, 21, 22, 23]",-3.5368704795837402,-3.5656228065490723,-3.3976268768310547,-0.02875232696533203,0.13924360275268555,-0.16799592971801758,-3.39762544631958
pair_0063_happy,pair_0063,16,02,02,01,happy,pair_0063_sad,-1,edge_decision_joint,audio_v_edge,"[18, 19, 20, 21, 22, 23]",-3.247852325439453,-3.387946128845215,-3.244478702545166,0.14009380340576172,-0.0033736228942871094,0.14346742630004883,-3.2512617111206055
pair_0063_happy,pair_0063,16,02,02,01,happy,pair_0063_sad,-1,edge_audio_joint,audio_v_edge,"[18, 19, 20, 21, 22, 23]",-3.247852325439453,-3.387946128845215,-3.421177864074707,0.14009380340576172,0.1733255386352539,-0.03323173522949219,-3.2512617111206055
pair_0063_happy,pair_0063,16,02,02,01,happy,pair_0063_sad,-1,edge_end_marker_joint,audio_v_edge,"[18, 19, 20, 21, 22, 23]",-3.247852325439453,-3.387946128845215,-3.3879201412200928,0.14009380340576172,0.14006781578063965,2.5987625122070312e-05,-3.2512617111206055
pair_0063_happy,pair_0063,16,02,02,01,happy,pair_0063_sad,-1,edge_non_decision_joint,audio_v_edge,"[18, 19, 20, 21, 22, 23]",-3.247852325439453,-3.387946128845215,-3.4211647510528564,0.14009380340576172,0.17331242561340332,-0.0332186222076416,-3.2512617111206055
pair_0063_happy,pair_0063,16,02,02,01,happy,pair_0063_sad,-1,edge_all_joint,audio_v_edge,"[18, 19, 20, 21, 22, 23]",-3.247852325439453,-3.387946128845215,-3.2512612342834473,0.14009380340576172,0.0034089088439941406,0.13668489456176758,-3.2512617111206055
pair_0063_sad,pair_0063,16,02,02,01,sad,pair_0063_happy,1,edge_decision_joint,audio_v_edge,"[18, 19, 20, 21, 22, 23]",-3.712739944458008,-3.5777673721313477,-3.5926766395568848,0.13497257232666016,0.12006330490112305,0.01490926742553711,-3.592580556869507
pair_0063_sad,pair_0063,16,02,02,01,sad,pair_0063_happy,1,edge_audio_joint,audio_v_edge,"[18, 19, 20, 21, 22, 23]",-3.712739944458008,-3.5777673721313477,-3.5710384845733643,0.13497257232666016,0.14170145988464355,-0.0067288875579833984,-3.592580556869507
pair_0063_sad,pair_0063,16,02,02,01,sad,pair_0063_happy,1,edge_end_marker_joint,audio_v_edge,"[18, 19, 20, 21, 22, 23]",-3.712739944458008,-3.5777673721313477,-3.5776450634002686,0.13497257232666016,0.13509488105773926,-0.00012230873107910156,-3.592580556869507
pair_0063_sad,pair_0063,16,02,02,01,sad,pair_0063_happy,1,edge_non_decision_joint,audio_v_edge,"[18, 19, 20, 21, 22, 23]",-3.712739944458008,-3.5777673721313477,-3.570906162261963,0.13497257232666016,0.14183378219604492,-0.006861209869384766,-3.592580556869507
pair_0063_sad,pair_0063,16,02,02,01,sad,pair_0063_happy,1,edge_all_joint,audio_v_edge,"[18, 19, 20, 21, 22, 23]",-3.712739944458008,-3.5777673721313477,-3.5925827026367188,0.13497257232666016,0.12015724182128906,0.014815330505371094,-3.592580556869507
pair_0064_happy,pair_0064,17,01,01,01,happy,pair_0064_sad,-1,edge_decision_joint,audio_v_edge,"[18, 19, 20, 21, 22, 23]",-4.453313827514648,-4.359231948852539,-4.453042984008789,-0.09408187866210938,-0.000270843505859375,-0.09381103515625,-4.439895153045654
pair_0064_happy,pair_0064,17,01,01,01,happy,pair_0064_sad,-1,edge_audio_joint,audio_v_edge,"[18, 19, 20, 21, 22, 23]",-4.453313827514648,-4.359231948852539,-4.349340915679932,-0.09408187866210938,-0.1039729118347168,0.009891033172607422,-4.439895153045654
pair_0064_happy,pair_0064,17,01,01,01,happy,pair_0064_sad,-1,edge_end_marker_joint,audio_v_edge,"[18, 19, 20, 21, 22, 23]",-4.453313827514648,-4.359231948852539,-4.359188079833984,-0.09408187866210938,-0.09412574768066406,4.38690185546875e-05,-4.439895153045654
pair_0064_happy,pair_0064,17,01,01,01,happy,pair_0064_sad,-1,edge_non_decision_joint,audio_v_edge,"[18, 19, 20, 21, 22, 23]",-4.453313827514648,-4.359231948852539,-4.349306583404541,-0.09408187866210938,-0.10400724411010742,0.009925365447998047,-4.439895153045654
pair_0064_happy,pair_0064,17,01,01,01,happy,pair_0064_sad,-1,edge_all_joint,audio_v_edge,"[18, 19, 20, 21, 22, 23]",-4.453313827514648,-4.359231948852539,-4.4398956298828125,-0.09408187866210938,-0.013418197631835938,-0.08066368103027344,-4.439895153045654
pair_0064_sad,pair_0064,17,01,01,01,sad,pair_0064_happy,1,edge_decision_joint,audio_v_edge,"[18, 19, 20, 21, 22, 23]",-4.434425354003906,-4.532279014587402,-4.383179664611816,-0.0978536605834961,0.051245689392089844,-0.14909934997558594,-4.391683578491211
pair_0064_sad,pair_0064,17,01,01,01,sad,pair_0064_happy,1,edge_audio_joint,audio_v_edge,"[18, 19, 20, 21, 22, 23]",-4.434425354003906,-4.532279014587402,-4.539230823516846,-0.0978536605834961,-0.10480546951293945,0.006951808929443359,-4.391683578491211
pair_0064_sad,pair_0064,17,01,01,01,sad,pair_0064_happy,1,edge_end_marker_joint,audio_v_edge,"[18, 19, 20, 21, 22, 23]",-4.434425354003906,-4.532279014587402,-4.532290935516357,-0.0978536605834961,-0.09786558151245117,1.1920928955078125e-05,-4.391683578491211
pair_0064_sad,pair_0064,17,01,01,01,sad,pair_0064_happy,1,edge_non_decision_joint,audio_v_edge,"[18, 19, 20, 21, 22, 23]",-4.434425354003906,-4.532279014587402,-4.539231300354004,-0.0978536605834961,-0.10480594635009766,0.0069522857666015625,-4.391683578491211
pair_0064_sad,pair_0064,17,01,01,01,sad,pair_0064_happy,1,edge_all_joint,audio_v_edge,"[18, 19, 20, 21, 22, 23]",-4.434425354003906,-4.532279014587402,-4.391682147979736,-0.0978536605834961,0.04274320602416992,-0.14059686660766602,-4.391683578491211
pair_0065_happy,pair_0065,17,01,02,01,happy,pair_0065_sad,-1,edge_decision_joint,audio_v_edge,"[18, 19, 20, 21, 22, 23]",-4.348764419555664,-4.385673522949219,-4.376187324523926,0.03690910339355469,0.02742290496826172,0.009486198425292969,-4.379985809326172
pair_0065_happy,pair_0065,17,01,02,01,happy,pair_0065_sad,-1,edge_audio_joint,audio_v_edge,"[18, 19, 20, 21, 22, 23]",-4.348764419555664,-4.385673522949219,-4.390818119049072,0.03690910339355469,0.0420536994934082,-0.005144596099853516,-4.379985809326172
pair_0065_happy,pair_0065,17,01,02,01,happy,pair_0065_sad,-1,edge_end_marker_joint,audio_v_edge,"[18, 19, 20, 21, 22, 23]",-4.348764419555664,-4.385673522949219,-4.3856635093688965,0.03690910339355469,0.03689908981323242,1.0013580322265625e-05,-4.379985809326172
pair_0065_happy,pair_0065,17,01,02,01,happy,pair_0065_sad,-1,edge_non_decision_joint,audio_v_edge,"[18, 19, 20, 21, 22, 23]",-4.348764419555664,-4.385673522949219,-4.390809059143066,0.03690910339355469,0.042044639587402344,-0.005135536193847656,-4.379985809326172
pair_0065_happy,pair_0065,17,01,02,01,happy,pair_0065_sad,-1,edge_all_joint,audio_v_edge,"[18, 19, 20, 21, 22, 23]",-4.348764419555664,-4.385673522949219,-4.379986763000488,0.03690910339355469,0.03122234344482422,0.005686759948730469,-4.379985809326172
pair_0065_sad,pair_0065,17,01,02,01,sad,pair_0065_happy,1,edge_decision_joint,audio_v_edge,"[18, 19, 20, 21, 22, 23]",-4.28976583480835,-4.276329517364502,-4.268947124481201,0.013436317443847656,0.020818710327148438,-0.007382392883300781,-4.2624430656433105
pair_0065_sad,pair_0065,17,01,02,01,sad,pair_0065_happy,1,edge_audio_joint,audio_v_edge,"[18, 19, 20, 21, 22, 23]",-4.28976583480835,-4.276329517364502,-4.281420707702637,0.013436317443847656,0.00834512710571289,0.005091190338134766,-4.2624430656433105
pair_0065_sad,pair_0065,17,01,02,01,sad,pair_0065_happy,1,edge_end_marker_joint,audio_v_edge,"[18, 19, 20, 21, 22, 23]",-4.28976583480835,-4.276329517364502,-4.276238441467285,0.013436317443847656,0.013527393341064453,-9.107589721679688e-05,-4.2624430656433105
pair_0065_sad,pair_0065,17,01,02,01,sad,pair_0065_happy,1,edge_non_decision_joint,audio_v_edge,"[18, 19, 20, 21, 22, 23]",-4.28976583480835,-4.276329517364502,-4.281332969665527,0.013436317443847656,0.008432865142822266,0.005003452301025391,-4.2624430656433105
pair_0065_sad,pair_0065,17,01,02,01,sad,pair_0065_happy,1,edge_all_joint,audio_v_edge,"[18, 19, 20, 21, 22, 23]",-4.28976583480835,-4.276329517364502,-4.262444496154785,0.013436317443847656,0.027321338653564453,-0.013885021209716797,-4.2624430656433105
pair_0066_happy,pair_0066,17,02,01,01,happy,pair_0066_sad,-1,edge_decision_joint,audio_v_edge,"[18, 19, 20, 21, 22, 23]",-3.9196739196777344,-3.9631686210632324,-3.7850561141967773,0.04349470138549805,-0.13461780548095703,0.17811250686645508,-3.7791202068328857
pair_0066_happy,pair_0066,17,02,01,01,happy,pair_0066_sad,-1,edge_audio_joint,audio_v_edge,"[18, 19, 20, 21, 22, 23]",-3.9196739196777344,-3.9631686210632324,-3.985863208770752,0.04349470138549805,0.06618928909301758,-0.02269458770751953,-3.7791202068328857
pair_0066_happy,pair_0066,17,02,01,01,happy,pair_0066_sad,-1,edge_end_marker_joint,audio_v_edge,"[18, 19, 20, 21, 22, 23]",-3.9196739196777344,-3.9631686210632324,-3.963108539581299,0.04349470138549805,0.04343461990356445,6.008148193359375e-05,-3.7791202068328857
pair_0066_happy,pair_0066,17,02,01,01,happy,pair_0066_sad,-1,edge_non_decision_joint,audio_v_edge,"[18, 19, 20, 21, 22, 23]",-3.9196739196777344,-3.9631686210632324,-3.9857821464538574,0.04349470138549805,0.06610822677612305,-0.022613525390625,-3.7791202068328857
pair_0066_happy,pair_0066,17,02,01,01,happy,pair_0066_sad,-1,edge_all_joint,audio_v_edge,"[18, 19, 20, 21, 22, 23]",-3.9196739196777344,-3.9631686210632324,-3.7791175842285156,0.04349470138549805,-0.14055633544921875,0.1840510368347168,-3.7791202068328857
pair_0066_sad,pair_0066,17,02,01,01,sad,pair_0066_happy,1,edge_decision_joint,audio_v_edge,"[18, 19, 20, 21, 22, 23]",-4.150018215179443,-4.110444068908691,-3.9308431148529053,0.03957414627075195,0.21917510032653809,-0.17960095405578613,-3.9387474060058594
pair_0066_sad,pair_0066,17,02,01,01,sad,pair_0066_happy,1,edge_audio_joint,audio_v_edge,"[18, 19, 20, 21, 22, 23]",-4.150018215179443,-4.110444068908691,-4.116494178771973,0.03957414627075195,0.0335240364074707,0.00605010986328125,-3.9387474060058594
pair_0066_sad,pair_0066,17,02,01,01,sad,pair_0066_happy,1,edge_end_marker_joint,audio_v_edge,"[18, 19, 20, 21, 22, 23]",-4.150018215179443,-4.110444068908691,-4.110482215881348,0.03957414627075195,0.0395359992980957,3.814697265625e-05,-3.9387474060058594
pair_0066_sad,pair_0066,17,02,01,01,sad,pair_0066_happy,1,edge_non_decision_joint,audio_v_edge,"[18, 19, 20, 21, 22, 23]",-4.150018215179443,-4.110444068908691,-4.116521835327148,0.03957414627075195,0.03349637985229492,0.006077766418457031,-3.9387474060058594
pair_0066_sad,pair_0066,17,02,01,01,sad,pair_0066_happy,1,edge_all_joint,audio_v_edge,"[18, 19, 20, 21, 22, 23]",-4.150018215179443,-4.110444068908691,-3.9387471675872803,0.03957414627075195,0.21127104759216309,-0.17169690132141113,-3.9387474060058594
pair_0067_happy,pair_0067,17,02,02,01,happy,pair_0067_sad,-1,edge_decision_joint,audio_v_edge,"[18, 19, 20, 21, 22, 23]",-3.8223073482513428,-3.756615400314331,-3.8766274452209473,-0.06569194793701172,0.05432009696960449,-0.12001204490661621,-3.8766915798187256
pair_0067_happy,pair_0067,17,02,02,01,happy,pair_0067_sad,-1,edge_audio_joint,audio_v_edge,"[18, 19, 20, 21, 22, 23]",-3.8223073482513428,-3.756615400314331,-3.748898983001709,-0.06569194793701172,-0.07340836524963379,0.00771641731262207,-3.8766915798187256
pair_0067_happy,pair_0067,17,02,02,01,happy,pair_0067_sad,-1,edge_end_marker_joint,audio_v_edge,"[18, 19, 20, 21, 22, 23]",-3.8223073482513428,-3.756615400314331,-3.7565901279449463,-0.06569194793701172,-0.06571722030639648,2.5272369384765625e-05,-3.8766915798187256
pair_0067_happy,pair_0067,17,02,02,01,happy,pair_0067_sad,-1,edge_non_decision_joint,audio_v_edge,"[18, 19, 20, 21, 22, 23]",-3.8223073482513428,-3.756615400314331,-3.748880386352539,-0.06569194793701172,-0.07342696189880371,0.007735013961791992,-3.8766915798187256
pair_0067_happy,pair_0067,17,02,02,01,happy,pair_0067_sad,-1,edge_all_joint,audio_v_edge,"[18, 19, 20, 21, 22, 23]",-3.8223073482513428,-3.756615400314331,-3.876692056655884,-0.06569194793701172,0.054384708404541016,-0.12007665634155273,-3.8766915798187256
pair_0067_sad,pair_0067,17,02,02,01,sad,pair_0067_happy,1,edge_decision_joint,audio_v_edge,"[18, 19, 20, 21, 22, 23]",-3.4964675903320312,-3.553893566131592,-3.4538443088531494,-0.05742597579956055,0.042623281478881836,-0.10004925727844238,-3.456596851348877
pair_0067_sad,pair_0067,17,02,02,01,sad,pair_0067_happy,1,edge_audio_joint,audio_v_edge,"[18, 19, 20, 21, 22, 23]",-3.4964675903320312,-3.553893566131592,-3.569540500640869,-0.05742597579956055,-0.07307291030883789,0.015646934509277344,-3.456596851348877
pair_0067_sad,pair_0067,17,02,02,01,sad,pair_0067_happy,1,edge_end_marker_joint,audio_v_edge,"[18, 19, 20, 21, 22, 23]",-3.4964675903320312,-3.553893566131592,-3.553887367248535,-0.05742597579956055,-0.057419776916503906,-6.198883056640625e-06,-3.456596851348877
pair_0067_sad,pair_0067,17,02,02,01,sad,pair_0067_happy,1,edge_non_decision_joint,audio_v_edge,"[18, 19, 20, 21, 22, 23]",-3.4964675903320312,-3.553893566131592,-3.569518804550171,-0.05742597579956055,-0.07305121421813965,0.0156252384185791,-3.456596851348877
pair_0067_sad,pair_0067,17,02,02,01,sad,pair_0067_happy,1,edge_all_joint,audio_v_edge,"[18, 19, 20, 21, 22, 23]",-3.4964675903320312,-3.553893566131592,-3.456597089767456,-0.05742597579956055,0.039870500564575195,-0.09729647636413574,-3.456596851348877
pair_0068_happy,pair_0068,18,01,01,01,happy,pair_0068_sad,-1,edge_decision_joint,audio_v_edge,"[18, 19, 20, 21, 22, 23]",-4.009371280670166,-3.7416162490844727,-3.932710647583008,-0.26775503158569336,-0.0766606330871582,-0.19109439849853516,-3.924839496612549
pair_0068_happy,pair_0068,18,01,01,01,happy,pair_0068_sad,-1,edge_audio_joint,audio_v_edge,"[18, 19, 20, 21, 22, 23]",-4.009371280670166,-3.7416162490844727,-3.7500786781311035,-0.26775503158569336,-0.2592926025390625,-0.00846242904663086,-3.924839496612549
pair_0068_happy,pair_0068,18,01,01,01,happy,pair_0068_sad,-1,edge_end_marker_joint,audio_v_edge,"[18, 19, 20, 21, 22, 23]",-4.009371280670166,-3.7416162490844727,-3.7413547039031982,-0.26775503158569336,-0.2680165767669678,0.00026154518127441406,-3.924839496612549
pair_0068_happy,pair_0068,18,01,01,01,happy,pair_0068_sad,-1,edge_non_decision_joint,audio_v_edge,"[18, 19, 20, 21, 22, 23]",-4.009371280670166,-3.7416162490844727,-3.749809741973877,-0.26775503158569336,-0.25956153869628906,-0.008193492889404297,-3.924839496612549
pair_0068_happy,pair_0068,18,01,01,01,happy,pair_0068_sad,-1,edge_all_joint,audio_v_edge,"[18, 19, 20, 21, 22, 23]",-4.009371280670166,-3.7416162490844727,-3.9248404502868652,-0.26775503158569336,-0.08453083038330078,-0.18322420120239258,-3.924839496612549
pair_0068_sad,pair_0068,18,01,01,01,sad,pair_0068_happy,1,edge_decision_joint,audio_v_edge,"[18, 19, 20, 21, 22, 23]",-4.21242618560791,-4.486167907714844,-4.261665344238281,-0.2737417221069336,-0.049239158630371094,-0.2245025634765625,-4.268312454223633
pair_0068_sad,pair_0068,18,01,01,01,sad,pair_0068_happy,1,edge_audio_joint,audio_v_edge,"[18, 19, 20, 21, 22, 23]",-4.21242618560791,-4.486167907714844,-4.474222183227539,-0.2737417221069336,-0.2617959976196289,-0.011945724487304688,-4.268312454223633
pair_0068_sad,pair_0068,18,01,01,01,sad,pair_0068_happy,1,edge_end_marker_joint,audio_v_edge,"[18, 19, 20, 21, 22, 23]",-4.21242618560791,-4.486167907714844,-4.486337661743164,-0.2737417221069336,-0.2739114761352539,0.0001697540283203125,-4.268312454223633
pair_0068_sad,pair_0068,18,01,01,01,sad,pair_0068_happy,1,edge_non_decision_joint,audio_v_edge,"[18, 19, 20, 21, 22, 23]",-4.21242618560791,-4.486167907714844,-4.474387168884277,-0.2737417221069336,-0.2619609832763672,-0.011780738830566406,-4.268312454223633
pair_0068_sad,pair_0068,18,01,01,01,sad,pair_0068_happy,1,edge_all_joint,audio_v_edge,"[18, 19, 20, 21, 22, 23]",-4.21242618560791,-4.486167907714844,-4.268313407897949,-0.2737417221069336,-0.05588722229003906,-0.21785449981689453,-4.268312454223633
pair_0069_happy,pair_0069,18,01,02,01,happy,pair_0069_sad,-1,edge_decision_joint,audio_v_edge,"[18, 19, 20, 21, 22, 23]",-3.73952054977417,-3.616150379180908,-3.53977108001709,-0.12337017059326172,-0.19974946975708008,0.07637929916381836,-3.535128593444824
pair_0069_happy,pair_0069,18,01,02,01,happy,pair_0069_sad,-1,edge_audio_joint,audio_v_edge,"[18, 19, 20, 21, 22, 23]",-3.73952054977417,-3.616150379180908,-3.641550064086914,-0.12337017059326172,-0.09797048568725586,-0.02539968490600586,-3.535128593444824
pair_0069_happy,pair_0069,18,01,02,01,happy,pair_0069_sad,-1,edge_end_marker_joint,audio_v_edge,"[18, 19, 20, 21, 22, 23]",-3.73952054977417,-3.616150379180908,-3.616152763366699,-0.12337017059326172,-0.1233677864074707,-2.384185791015625e-06,-3.535128593444824
pair_0069_happy,pair_0069,18,01,02,01,happy,pair_0069_sad,-1,edge_non_decision_joint,audio_v_edge,"[18, 19, 20, 21, 22, 23]",-3.73952054977417,-3.616150379180908,-3.6415507793426514,-0.12337017059326172,-0.09796977043151855,-0.025400400161743164,-3.535128593444824
pair_0069_happy,pair_0069,18,01,02,01,happy,pair_0069_sad,-1,edge_all_joint,audio_v_edge,"[18, 19, 20, 21, 22, 23]",-3.73952054977417,-3.616150379180908,-3.535130023956299,-0.12337017059326172,-0.2043905258178711,0.08102035522460938,-3.535128593444824
pair_0069_sad,pair_0069,18,01,02,01,sad,pair_0069_happy,1,edge_decision_joint,audio_v_edge,"[18, 19, 20, 21, 22, 23]",-4.420629501342773,-4.5316691398620605,-4.526686191558838,-0.11103963851928711,-0.10605669021606445,-0.004982948303222656,-4.539924621582031
pair_0069_sad,pair_0069,18,01,02,01,sad,pair_0069_happy,1,edge_audio_joint,audio_v_edge,"[18, 19, 20, 21, 22, 23]",-4.420629501342773,-4.5316691398620605,-4.536788463592529,-0.11103963851928711,-0.11615896224975586,0.00511932373046875,-4.539924621582031
pair_0069_sad,pair_0069,18,01,02,01,sad,pair_0069_happy,1,edge_end_marker_joint,audio_v_edge,"[18, 19, 20, 21, 22, 23]",-4.420629501342773,-4.5316691398620605,-4.531740665435791,-0.11103963851928711,-0.11111116409301758,7.152557373046875e-05,-4.539924621582031
pair_0069_sad,pair_0069,18,01,02,01,sad,pair_0069_happy,1,edge_non_decision_joint,audio_v_edge,"[18, 19, 20, 21, 22, 23]",-4.420629501342773,-4.5316691398620605,-4.53684139251709,-0.11103963851928711,-0.1162118911743164,0.005172252655029297,-4.539924621582031
pair_0069_sad,pair_0069,18,01,02,01,sad,pair_0069_happy,1,edge_all_joint,audio_v_edge,"[18, 19, 20, 21, 22, 23]",-4.420629501342773,-4.5316691398620605,-4.539924621582031,-0.11103963851928711,-0.11929512023925781,0.008255481719970703,-4.539924621582031
pair_0070_happy,pair_0070,18,02,01,01,happy,pair_0070_sad,-1,edge_decision_joint,audio_v_edge,"[18, 19, 20, 21, 22, 23]",-3.849033832550049,-3.7826974391937256,-3.6949052810668945,-0.06633639335632324,-0.1541285514831543,0.08779215812683105,-3.7047157287597656
pair_0070_happy,pair_0070,18,02,01,01,happy,pair_0070_sad,-1,edge_audio_joint,audio_v_edge,"[18, 19, 20, 21, 22, 23]",-3.849033832550049,-3.7826974391937256,-3.7956480979919434,-0.06633639335632324,-0.05338573455810547,-0.012950658798217773,-3.7047157287597656
pair_0070_happy,pair_0070,18,02,01,01,happy,pair_0070_sad,-1,edge_end_marker_joint,audio_v_edge,"[18, 19, 20, 21, 22, 23]",-3.849033832550049,-3.7826974391937256,-3.7825474739074707,-0.06633639335632324,-0.06648635864257812,0.0001499652862548828,-3.7047157287597656
pair_0070_happy,pair_0070,18,02,01,01,happy,pair_0070_sad,-1,edge_non_decision_joint,audio_v_edge,"[18, 19, 20, 21, 22, 23]",-3.849033832550049,-3.7826974391937256,-3.795478343963623,-0.06633639335632324,-0.05355548858642578,-0.012780904769897461,-3.7047157287597656
pair_0070_happy,pair_0070,18,02,01,01,happy,pair_0070_sad,-1,edge_all_joint,audio_v_edge,"[18, 19, 20, 21, 22, 23]",-3.849033832550049,-3.7826974391937256,-3.7047159671783447,-0.06633639335632324,-0.1443178653717041,0.07798147201538086,-3.7047157287597656
pair_0070_sad,pair_0070,18,02,01,01,sad,pair_0070_happy,1,edge_decision_joint,audio_v_edge,"[18, 19, 20, 21, 22, 23]",-4.095071792602539,-4.133852958679199,-4.140209674835205,-0.038781166076660156,-0.045137882232666016,0.006356716156005859,-4.137396812438965
pair_0070_sad,pair_0070,18,02,01,01,sad,pair_0070_happy,1,edge_audio_joint,audio_v_edge,"[18, 19, 20, 21, 22, 23]",-4.095071792602539,-4.133852958679199,-4.134830951690674,-0.038781166076660156,-0.039759159088134766,0.0009779930114746094,-4.137396812438965
pair_0070_sad,pair_0070,18,02,01,01,sad,pair_0070_happy,1,edge_end_marker_joint,audio_v_edge,"[18, 19, 20, 21, 22, 23]",-4.095071792602539,-4.133852958679199,-4.133957862854004,-0.038781166076660156,-0.038886070251464844,0.0001049041748046875,-4.137396812438965
pair_0070_sad,pair_0070,18,02,01,01,sad,pair_0070_happy,1,edge_non_decision_joint,audio_v_edge,"[18, 19, 20, 21, 22, 23]",-4.095071792602539,-4.133852958679199,-4.134939670562744,-0.038781166076660156,-0.03986787796020508,0.0010867118835449219,-4.137396812438965
pair_0070_sad,pair_0070,18,02,01,01,sad,pair_0070_happy,1,edge_all_joint,audio_v_edge,"[18, 19, 20, 21, 22, 23]",-4.095071792602539,-4.133852958679199,-4.137396812438965,-0.038781166076660156,-0.04232501983642578,0.003543853759765625,-4.137396812438965
pair_0071_happy,pair_0071,18,02,02,01,happy,pair_0071_sad,-1,edge_decision_joint,audio_v_edge,"[18, 19, 20, 21, 22, 23]",-4.281855583190918,-4.744826793670654,-4.184079647064209,0.46297121047973633,-0.09777593612670898,0.5607471466064453,-4.185304164886475
pair_0071_happy,pair_0071,18,02,02,01,happy,pair_0071_sad,-1,edge_audio_joint,audio_v_edge,"[18, 19, 20, 21, 22, 23]",-4.281855583190918,-4.744826793670654,-4.758193016052246,0.46297121047973633,0.4763374328613281,-0.013366222381591797,-4.185304164886475
pair_0071_happy,pair_0071,18,02,02,01,happy,pair_0071_sad,-1,edge_end_marker_joint,audio_v_edge,"[18, 19, 20, 21, 22, 23]",-4.281855583190918,-4.744826793670654,-4.7448625564575195,0.46297121047973633,0.46300697326660156,-3.5762786865234375e-05,-4.185304164886475
pair_0071_happy,pair_0071,18,02,02,01,happy,pair_0071_sad,-1,edge_non_decision_joint,audio_v_edge,"[18, 19, 20, 21, 22, 23]",-4.281855583190918,-4.744826793670654,-4.758164882659912,0.46297121047973633,0.47630929946899414,-0.013338088989257812,-4.185304164886475
pair_0071_happy,pair_0071,18,02,02,01,happy,pair_0071_sad,-1,edge_all_joint,audio_v_edge,"[18, 19, 20, 21, 22, 23]",-4.281855583190918,-4.744826793670654,-4.185303211212158,0.46297121047973633,-0.09655237197875977,0.5595235824584961,-4.185304164886475
pair_0071_sad,pair_0071,18,02,02,01,sad,pair_0071_happy,1,edge_decision_joint,audio_v_edge,"[18, 19, 20, 21, 22, 23]",-3.8288536071777344,-3.5870842933654785,-3.9569897651672363,0.24176931381225586,-0.12813615798950195,0.3699054718017578,-3.956468105316162
pair_0071_sad,pair_0071,18,02,02,01,sad,pair_0071_happy,1,edge_audio_joint,audio_v_edge,"[18, 19, 20, 21, 22, 23]",-3.8288536071777344,-3.5870842933654785,-3.6271400451660156,0.24176931381225586,0.20171356201171875,0.04005575180053711,-3.956468105316162
pair_0071_sad,pair_0071,18,02,02,01,sad,pair_0071_happy,1,edge_end_marker_joint,audio_v_edge,"[18, 19, 20, 21, 22, 23]",-3.8288536071777344,-3.5870842933654785,-3.5871472358703613,0.24176931381225586,0.24170637130737305,6.29425048828125e-05,-3.956468105316162
pair_0071_sad,pair_0071,18,02,02,01,sad,pair_0071_happy,1,edge_non_decision_joint,audio_v_edge,"[18, 19, 20, 21, 22, 23]",-3.8288536071777344,-3.5870842933654785,-3.6272270679473877,0.24176931381225586,0.20162653923034668,0.04014277458190918,-3.956468105316162
pair_0071_sad,pair_0071,18,02,02,01,sad,pair_0071_happy,1,edge_all_joint,audio_v_edge,"[18, 19, 20, 21, 22, 23]",-3.8288536071777344,-3.5870842933654785,-3.956470012664795,0.24176931381225586,-0.12761640548706055,0.3693857192993164,-3.956468105316162
pair_0072_happy,pair_0072,19,01,01,01,happy,pair_0072_sad,-1,edge_decision_joint,audio_v_edge,"[18, 19, 20, 21, 22, 23]",-4.446919918060303,-4.636791229248047,-4.484574317932129,0.18987131118774414,0.03765439987182617,0.15221691131591797,-4.505181789398193
pair_0072_happy,pair_0072,19,01,01,01,happy,pair_0072_sad,-1,edge_audio_joint,audio_v_edge,"[18, 19, 20, 21, 22, 23]",-4.446919918060303,-4.636791229248047,-4.651028633117676,0.18987131118774414,0.20410871505737305,-0.014237403869628906,-4.505181789398193
pair_0072_happy,pair_0072,19,01,01,01,happy,pair_0072_sad,-1,edge_end_marker_joint,audio_v_edge,"[18, 19, 20, 21, 22, 23]",-4.446919918060303,-4.636791229248047,-4.636833190917969,0.18987131118774414,0.18991327285766602,-4.1961669921875e-05,-4.505181789398193
pair_0072_happy,pair_0072,19,01,01,01,happy,pair_0072_sad,-1,edge_non_decision_joint,audio_v_edge,"[18, 19, 20, 21, 22, 23]",-4.446919918060303,-4.636791229248047,-4.651053428649902,0.18987131118774414,0.2041335105895996,-0.014262199401855469,-4.505181789398193
pair_0072_happy,pair_0072,19,01,01,01,happy,pair_0072_sad,-1,edge_all_joint,audio_v_edge,"[18, 19, 20, 21, 22, 23]",-4.446919918060303,-4.636791229248047,-4.505182266235352,0.18987131118774414,0.05826234817504883,0.1316089630126953,-4.505181789398193
pair_0072_sad,pair_0072,19,01,01,01,sad,pair_0072_happy,1,edge_decision_joint,audio_v_edge,"[18, 19, 20, 21, 22, 23]",-4.709850788116455,-4.5379109382629395,-4.675952911376953,0.17193984985351562,0.03389787673950195,0.13804197311401367,-4.659842491149902
pair_0072_sad,pair_0072,19,01,01,01,sad,pair_0072_happy,1,edge_audio_joint,audio_v_edge,"[18, 19, 20, 21, 22, 23]",-4.709850788116455,-4.5379109382629395,-4.527950286865234,0.17193984985351562,0.1819005012512207,-0.009960651397705078,-4.659842491149902
pair_0072_sad,pair_0072,19,01,01,01,sad,pair_0072_happy,1,edge_end_marker_joint,audio_v_edge,"[18, 19, 20, 21, 22, 23]",-4.709850788116455,-4.5379109382629395,-4.537752151489258,0.17193984985351562,0.17209863662719727,-0.00015878677368164062,-4.659842491149902
pair_0072_sad,pair_0072,19,01,01,01,sad,pair_0072_happy,1,edge_non_decision_joint,audio_v_edge,"[18, 19, 20, 21, 22, 23]",-4.709850788116455,-4.5379109382629395,-4.527799606323242,0.17193984985351562,0.1820511817932129,-0.010111331939697266,-4.659842491149902
pair_0072_sad,pair_0072,19,01,01,01,sad,pair_0072_happy,1,edge_all_joint,audio_v_edge,"[18, 19, 20, 21, 22, 23]",-4.709850788116455,-4.5379109382629395,-4.659841537475586,0.17193984985351562,0.05000925064086914,0.12193059921264648,-4.659842491149902
pair_0073_happy,pair_0073,19,01,02,01,happy,pair_0073_sad,-1,edge_decision_joint,audio_v_edge,"[18, 19, 20, 21, 22, 23]",-4.707800388336182,-5.014750957489014,-4.78372049331665,0.30695056915283203,0.07592010498046875,0.23103046417236328,-4.793420791625977
pair_0073_happy,pair_0073,19,01,02,01,happy,pair_0073_sad,-1,edge_audio_joint,audio_v_edge,"[18, 19, 20, 21, 22, 23]",-4.707800388336182,-5.014750957489014,-5.027494430541992,0.30695056915283203,0.31969404220581055,-0.012743473052978516,-4.793420791625977
pair_0073_happy,pair_0073,19,01,02,01,happy,pair_0073_sad,-1,edge_end_marker_joint,audio_v_edge,"[18, 19, 20, 21, 22, 23]",-4.707800388336182,-5.014750957489014,-5.014625072479248,0.30695056915283203,0.3068246841430664,0.000125885009765625,-4.793420791625977
pair_0073_happy,pair_0073,19,01,02,01,happy,pair_0073_sad,-1,edge_non_decision_joint,audio_v_edge,"[18, 19, 20, 21, 22, 23]",-4.707800388336182,-5.014750957489014,-5.027359962463379,0.30695056915283203,0.31955957412719727,-0.012609004974365234,-4.793420791625977
pair_0073_happy,pair_0073,19,01,02,01,happy,pair_0073_sad,-1,edge_all_joint,audio_v_edge,"[18, 19, 20, 21, 22, 23]",-4.707800388336182,-5.014750957489014,-4.793420314788818,0.30695056915283203,0.08561992645263672,0.2213306427001953,-4.793420791625977
pair_0073_sad,pair_0073,19,01,02,01,sad,pair_0073_happy,1,edge_decision_joint,audio_v_edge,"[18, 19, 20, 21, 22, 23]",-4.421672344207764,-4.122769355773926,-4.397428035736084,0.2989029884338379,0.024244308471679688,0.2746586799621582,-4.391978740692139
pair_0073_sad,pair_0073,19,01,02,01,sad,pair_0073_happy,1,edge_audio_joint,audio_v_edge,"[18, 19, 20, 21, 22, 23]",-4.421672344207764,-4.122769355773926,-4.126889228820801,0.2989029884338379,0.2947831153869629,0.004119873046875,-4.391978740692139
pair_0073_sad,pair_0073,19,01,02,01,sad,pair_0073_happy,1,edge_end_marker_joint,audio_v_edge,"[18, 19, 20, 21, 22, 23]",-4.421672344207764,-4.122769355773926,-4.122491359710693,0.2989029884338379,0.2991809844970703,-0.0002779960632324219,-4.391978740692139
pair_0073_sad,pair_0073,19,01,02,01,sad,pair_0073_happy,1,edge_non_decision_joint,audio_v_edge,"[18, 19, 20, 21, 22, 23]",-4.421672344207764,-4.122769355773926,-4.126631259918213,0.2989029884338379,0.2950410842895508,0.0038619041442871094,-4.391978740692139
pair_0073_sad,pair_0073,19,01,02,01,sad,pair_0073_happy,1,edge_all_joint,audio_v_edge,"[18, 19, 20, 21, 22, 23]",-4.421672344207764,-4.122769355773926,-4.39198112487793,0.2989029884338379,0.029691219329833984,0.2692117691040039,-4.391978740692139
pair_0074_happy,pair_0074,19,02,01,01,happy,pair_0074_sad,-1,edge_decision_joint,audio_v_edge,"[18, 19, 20, 21, 22, 23]",-4.120583534240723,-4.641165733337402,-4.244952201843262,0.5205821990966797,0.12436866760253906,0.3962135314941406,-4.250485897064209
pair_0074_happy,pair_0074,19,02,01,01,happy,pair_0074_sad,-1,edge_audio_joint,audio_v_edge,"[18, 19, 20, 21, 22, 23]",-4.120583534240723,-4.641165733337402,-4.628185749053955,0.5205821990966797,0.5076022148132324,0.012979984283447266,-4.250485897064209
pair_0074_happy,pair_0074,19,02,01,01,happy,pair_0074_sad,-1,edge_end_marker_joint,audio_v_edge,"[18, 19, 20, 21, 22, 23]",-4.120583534240723,-4.641165733337402,-4.641261577606201,0.5205821990966797,0.5206780433654785,-9.584426879882812e-05,-4.250485897064209
pair_0074_happy,pair_0074,19,02,01,01,happy,pair_0074_sad,-1,edge_non_decision_joint,audio_v_edge,"[18, 19, 20, 21, 22, 23]",-4.120583534240723,-4.641165733337402,-4.628301620483398,0.5205821990966797,0.5077180862426758,0.012864112854003906,-4.250485897064209
pair_0074_happy,pair_0074,19,02,01,01,happy,pair_0074_sad,-1,edge_all_joint,audio_v_edge,"[18, 19, 20, 21, 22, 23]",-4.120583534240723,-4.641165733337402,-4.250484466552734,0.5205821990966797,0.12990093231201172,0.39068126678466797,-4.250485897064209
pair_0074_sad,pair_0074,19,02,01,01,sad,pair_0074_happy,1,edge_decision_joint,audio_v_edge,"[18, 19, 20, 21, 22, 23]",-5.197248458862305,-4.663185119628906,-5.215044021606445,0.5340633392333984,-0.017795562744140625,0.5518589019775391,-5.213696479797363
pair_0074_sad,pair_0074,19,02,01,01,sad,pair_0074_happy,1,edge_audio_joint,audio_v_edge,"[18, 19, 20, 21, 22, 23]",-5.197248458862305,-4.663185119628906,-4.677619934082031,0.5340633392333984,0.5196285247802734,0.014434814453125,-5.213696479797363
pair_0074_sad,pair_0074,19,02,01,01,sad,pair_0074_happy,1,edge_end_marker_joint,audio_v_edge,"[18, 19, 20, 21, 22, 23]",-5.197248458862305,-4.663185119628906,-4.662885665893555,0.5340633392333984,0.53436279296875,-0.0002994537353515625,-5.213696479797363
pair_0074_sad,pair_0074,19,02,01,01,sad,pair_0074_happy,1,edge_non_decision_joint,audio_v_edge,"[18, 19, 20, 21, 22, 23]",-5.197248458862305,-4.663185119628906,-4.677308559417725,0.5340633392333984,0.5199398994445801,0.01412343978881836,-5.213696479797363
pair_0074_sad,pair_0074,19,02,01,01,sad,pair_0074_happy,1,edge_all_joint,audio_v_edge,"[18, 19, 20, 21, 22, 23]",-5.197248458862305,-4.663185119628906,-5.213695049285889,0.5340633392333984,-0.016446590423583984,0.5505099296569824,-5.213696479797363
pair_0075_happy,pair_0075,19,02,02,01,happy,pair_0075_sad,-1,edge_decision_joint,audio_v_edge,"[18, 19, 20, 21, 22, 23]",-3.303211212158203,-3.6547489166259766,-2.9298155307769775,0.35153770446777344,-0.3733956813812256,0.724933385848999,-2.9353229999542236
pair_0075_happy,pair_0075,19,02,02,01,happy,pair_0075_sad,-1,edge_audio_joint,audio_v_edge,"[18, 19, 20, 21, 22, 23]",-3.303211212158203,-3.6547489166259766,-3.687546730041504,0.35153770446777344,0.3843355178833008,-0.032797813415527344,-2.9353229999542236
pair_0075_happy,pair_0075,19,02,02,01,happy,pair_0075_sad,-1,edge_end_marker_joint,audio_v_edge,"[18, 19, 20, 21, 22, 23]",-3.303211212158203,-3.6547489166259766,-3.6548516750335693,0.35153770446777344,0.3516404628753662,-0.00010275840759277344,-2.9353229999542236
pair_0075_happy,pair_0075,19,02,02,01,happy,pair_0075_sad,-1,edge_non_decision_joint,audio_v_edge,"[18, 19, 20, 21, 22, 23]",-3.303211212158203,-3.6547489166259766,-3.687589645385742,0.35153770446777344,0.38437843322753906,-0.032840728759765625,-2.9353229999542236
pair_0075_happy,pair_0075,19,02,02,01,happy,pair_0075_sad,-1,edge_all_joint,audio_v_edge,"[18, 19, 20, 21, 22, 23]",-3.303211212158203,-3.6547489166259766,-2.9353222846984863,0.35153770446777344,-0.3678889274597168,0.7194266319274902,-2.9353229999542236
pair_0075_sad,pair_0075,19,02,02,01,sad,pair_0075_happy,1,edge_decision_joint,audio_v_edge,"[18, 19, 20, 21, 22, 23]",-3.246274471282959,-2.8785276412963867,-3.0122780799865723,0.36774682998657227,0.23399639129638672,0.13375043869018555,-3.009530544281006
pair_0075_sad,pair_0075,19,02,02,01,sad,pair_0075_happy,1,edge_audio_joint,audio_v_edge,"[18, 19, 20, 21, 22, 23]",-3.246274471282959,-2.8785276412963867,-2.88350772857666,0.36774682998657227,0.36276674270629883,0.0049800872802734375,-3.009530544281006
pair_0075_sad,pair_0075,19,02,02,01,sad,pair_0075_happy,1,edge_end_marker_joint,audio_v_edge,"[18, 19, 20, 21, 22, 23]",-3.246274471282959,-2.8785276412963867,-2.878761053085327,0.36774682998657227,0.36751341819763184,0.0002334117889404297,-3.009530544281006
pair_0075_sad,pair_0075,19,02,02,01,sad,pair_0075_happy,1,edge_non_decision_joint,audio_v_edge,"[18, 19, 20, 21, 22, 23]",-3.246274471282959,-2.8785276412963867,-2.883697986602783,0.36774682998657227,0.3625764846801758,0.005170345306396484,-3.009530544281006
pair_0075_sad,pair_0075,19,02,02,01,sad,pair_0075_happy,1,edge_all_joint,audio_v_edge,"[18, 19, 20, 21, 22, 23]",-3.246274471282959,-2.8785276412963867,-3.0095291137695312,0.36774682998657227,0.23674535751342773,0.13100147247314453,-3.009530544281006
pair_0076_happy,pair_0076,20,01,01,01,happy,pair_0076_sad,-1,edge_decision_joint,audio_v_edge,"[18, 19, 20, 21, 22, 23]",-4.545580863952637,-4.655696868896484,-4.5512189865112305,0.11011600494384766,0.00563812255859375,0.1044778823852539,-4.545375823974609
pair_0076_happy,pair_0076,20,01,01,01,happy,pair_0076_sad,-1,edge_audio_joint,audio_v_edge,"[18, 19, 20, 21, 22, 23]",-4.545580863952637,-4.655696868896484,-4.657700061798096,0.11011600494384766,0.11211919784545898,-0.002003192901611328,-4.545375823974609
pair_0076_happy,pair_0076,20,01,01,01,happy,pair_0076_sad,-1,edge_end_marker_joint,audio_v_edge,"[18, 19, 20, 21, 22, 23]",-4.545580863952637,-4.655696868896484,-4.6556396484375,0.11011600494384766,0.11005878448486328,5.7220458984375e-05,-4.545375823974609
pair_0076_happy,pair_0076,20,01,01,01,happy,pair_0076_sad,-1,edge_non_decision_joint,audio_v_edge,"[18, 19, 20, 21, 22, 23]",-4.545580863952637,-4.655696868896484,-4.657606601715088,0.11011600494384766,0.11202573776245117,-0.0019097328186035156,-4.545375823974609
pair_0076_happy,pair_0076,20,01,01,01,happy,pair_0076_sad,-1,edge_all_joint,audio_v_edge,"[18, 19, 20, 21, 22, 23]",-4.545580863952637,-4.655696868896484,-4.545377254486084,0.11011600494384766,-0.00020360946655273438,0.11031961441040039,-4.545375823974609
pair_0076_sad,pair_0076,20,01,01,01,sad,pair_0076_happy,1,edge_decision_joint,audio_v_edge,"[18, 19, 20, 21, 22, 23]",-4.708176612854004,-4.603972434997559,-4.468608856201172,0.10420417785644531,0.23956775665283203,-0.13536357879638672,-4.482490539550781
pair_0076_sad,pair_0076,20,01,01,01,sad,pair_0076_happy,1,edge_audio_joint,audio_v_edge,"[18, 19, 20, 21, 22, 23]",-4.708176612854004,-4.603972434997559,-4.6216912269592285,0.10420417785644531,0.08648538589477539,0.017718791961669922,-4.482490539550781
pair_0076_sad,pair_0076,20,01,01,01,sad,pair_0076_happy,1,edge_end_marker_joint,audio_v_edge,"[18, 19, 20, 21, 22, 23]",-4.708176612854004,-4.603972434997559,-4.60396671295166,0.10420417785644531,0.10420989990234375,-5.7220458984375e-06,-4.482490539550781
pair_0076_sad,pair_0076,20,01,01,01,sad,pair_0076_happy,1,edge_non_decision_joint,audio_v_edge,"[18, 19, 20, 21, 22, 23]",-4.708176612854004,-4.603972434997559,-4.621679306030273,0.10420417785644531,0.08649730682373047,0.017706871032714844,-4.482490539550781
pair_0076_sad,pair_0076,20,01,01,01,sad,pair_0076_happy,1,edge_all_joint,audio_v_edge,"[18, 19, 20, 21, 22, 23]",-4.708176612854004,-4.603972434997559,-4.482489585876465,0.10420417785644531,0.22568702697753906,-0.12148284912109375,-4.482490539550781
pair_0077_happy,pair_0077,20,01,02,01,happy,pair_0077_sad,-1,edge_decision_joint,audio_v_edge,"[18, 19, 20, 21, 22, 23]",-4.142257213592529,-4.136240482330322,-4.054676055908203,-0.006016731262207031,-0.08758115768432617,0.08156442642211914,-4.0954694747924805
pair_0077_happy,pair_0077,20,01,02,01,happy,pair_0077_sad,-1,edge_audio_joint,audio_v_edge,"[18, 19, 20, 21, 22, 23]",-4.142257213592529,-4.136240482330322,-4.156552314758301,-0.006016731262207031,0.014295101165771484,-0.020311832427978516,-4.0954694747924805
pair_0077_happy,pair_0077,20,01,02,01,happy,pair_0077_sad,-1,edge_end_marker_joint,audio_v_edge,"[18, 19, 20, 21, 22, 23]",-4.142257213592529,-4.136240482330322,-4.135945796966553,-0.006016731262207031,-0.0063114166259765625,0.00029468536376953125,-4.0954694747924805
pair_0077_happy,pair_0077,20,01,02,01,happy,pair_0077_sad,-1,edge_non_decision_joint,audio_v_edge,"[18, 19, 20, 21, 22, 23]",-4.142257213592529,-4.136240482330322,-4.1562395095825195,-0.006016731262207031,0.013982295989990234,-0.019999027252197266,-4.0954694747924805
pair_0077_happy,pair_0077,20,01,02,01,happy,pair_0077_sad,-1,edge_all_joint,audio_v_edge,"[18, 19, 20, 21, 22, 23]",-4.142257213592529,-4.136240482330322,-4.095467567443848,-0.006016731262207031,-0.04678964614868164,0.04077291488647461,-4.0954694747924805
pair_0077_sad,pair_0077,20,01,02,01,sad,pair_0077_happy,1,edge_decision_joint,audio_v_edge,"[18, 19, 20, 21, 22, 23]",-4.00131893157959,-4.030500888824463,-4.151206016540527,-0.029181957244873047,-0.1498870849609375,0.12070512771606445,-4.12153434753418
pair_0077_sad,pair_0077,20,01,02,01,sad,pair_0077_happy,1,edge_audio_joint,audio_v_edge,"[18, 19, 20, 21, 22, 23]",-4.00131893157959,-4.030500888824463,-4.039738655090332,-0.029181957244873047,-0.03841972351074219,0.00923776626586914,-4.12153434753418
pair_0077_sad,pair_0077,20,01,02,01,sad,pair_0077_happy,1,edge_end_marker_joint,audio_v_edge,"[18, 19, 20, 21, 22, 23]",-4.00131893157959,-4.030500888824463,-4.030582427978516,-0.029181957244873047,-0.02926349639892578,8.153915405273438e-05,-4.12153434753418
pair_0077_sad,pair_0077,20,01,02,01,sad,pair_0077_happy,1,edge_non_decision_joint,audio_v_edge,"[18, 19, 20, 21, 22, 23]",-4.00131893157959,-4.030500888824463,-4.039834976196289,-0.029181957244873047,-0.03851604461669922,0.009334087371826172,-4.12153434753418
pair_0077_sad,pair_0077,20,01,02,01,sad,pair_0077_happy,1,edge_all_joint,audio_v_edge,"[18, 19, 20, 21, 22, 23]",-4.00131893157959,-4.030500888824463,-4.121533393859863,-0.029181957244873047,-0.12021446228027344,0.09103250503540039,-4.12153434753418
pair_0078_happy,pair_0078,20,02,01,01,happy,pair_0078_sad,-1,edge_decision_joint,audio_v_edge,"[18, 19, 20, 21, 22, 23]",-3.5017380714416504,-3.1785728931427,-3.5479440689086914,-0.3231651782989502,0.046205997467041016,-0.3693711757659912,-3.5467958450317383
pair_0078_happy,pair_0078,20,02,01,01,happy,pair_0078_sad,-1,edge_audio_joint,audio_v_edge,"[18, 19, 20, 21, 22, 23]",-3.5017380714416504,-3.1785728931427,-3.1530203819274902,-0.3231651782989502,-0.34871768951416016,0.02555251121520996,-3.5467958450317383
pair_0078_happy,pair_0078,20,02,01,01,happy,pair_0078_sad,-1,edge_end_marker_joint,audio_v_edge,"[18, 19, 20, 21, 22, 23]",-3.5017380714416504,-3.1785728931427,-3.178347587585449,-0.3231651782989502,-0.32339048385620117,0.00022530555725097656,-3.5467958450317383
pair_0078_happy,pair_0078,20,02,01,01,happy,pair_0078_sad,-1,edge_non_decision_joint,audio_v_edge,"[18, 19, 20, 21, 22, 23]",-3.5017380714416504,-3.1785728931427,-3.1527905464172363,-0.3231651782989502,-0.34894752502441406,0.025782346725463867,-3.5467958450317383
pair_0078_happy,pair_0078,20,02,01,01,happy,pair_0078_sad,-1,edge_all_joint,audio_v_edge,"[18, 19, 20, 21, 22, 23]",-3.5017380714416504,-3.1785728931427,-3.5467967987060547,-0.3231651782989502,0.0450587272644043,-0.3682239055633545,-3.5467958450317383
pair_0078_sad,pair_0078,20,02,01,01,sad,pair_0078_happy,1,edge_decision_joint,audio_v_edge,"[18, 19, 20, 21, 22, 23]",-3.4527485370635986,-4.002635955810547,-3.6720986366271973,-0.5498874187469482,-0.21935009956359863,-0.3305373191833496,-3.694897174835205
pair_0078_sad,pair_0078,20,02,01,01,sad,pair_0078_happy,1,edge_audio_joint,audio_v_edge,"[18, 19, 20, 21, 22, 23]",-3.4527485370635986,-4.002635955810547,-4.004701614379883,-0.5498874187469482,-0.5519530773162842,0.0020656585693359375,-3.694897174835205
pair_0078_sad,pair_0078,20,02,01,01,sad,pair_0078_happy,1,edge_end_marker_joint,audio_v_edge,"[18, 19, 20, 21, 22, 23]",-3.4527485370635986,-4.002635955810547,-4.002920627593994,-0.5498874187469482,-0.5501720905303955,0.0002846717834472656,-3.694897174835205
pair_0078_sad,pair_0078,20,02,01,01,sad,pair_0078_happy,1,edge_non_decision_joint,audio_v_edge,"[18, 19, 20, 21, 22, 23]",-3.4527485370635986,-4.002635955810547,-4.004959583282471,-0.5498874187469482,-0.5522110462188721,0.002323627471923828,-3.694897174835205
pair_0078_sad,pair_0078,20,02,01,01,sad,pair_0078_happy,1,edge_all_joint,audio_v_edge,"[18, 19, 20, 21, 22, 23]",-3.4527485370635986,-4.002635955810547,-3.694896936416626,-0.5498874187469482,-0.24214839935302734,-0.3077390193939209,-3.694897174835205
pair_0079_happy,pair_0079,20,02,02,01,happy,pair_0079_sad,-1,edge_decision_joint,audio_v_edge,"[18, 19, 20, 21, 22, 23]",-3.864936590194702,-3.762904167175293,-3.497063636779785,-0.10203242301940918,-0.367872953414917,0.2658405303955078,-3.5007832050323486
pair_0079_happy,pair_0079,20,02,02,01,happy,pair_0079_sad,-1,edge_audio_joint,audio_v_edge,"[18, 19, 20, 21, 22, 23]",-3.864936590194702,-3.762904167175293,-3.7789371013641357,-0.10203242301940918,-0.0859994888305664,-0.016032934188842773,-3.5007832050323486
pair_0079_happy,pair_0079,20,02,02,01,happy,pair_0079_sad,-1,edge_end_marker_joint,audio_v_edge,"[18, 19, 20, 21, 22, 23]",-3.864936590194702,-3.762904167175293,-3.7630271911621094,-0.10203242301940918,-0.10190939903259277,-0.00012302398681640625,-3.5007832050323486
pair_0079_happy,pair_0079,20,02,02,01,happy,pair_0079_sad,-1,edge_non_decision_joint,audio_v_edge,"[18, 19, 20, 21, 22, 23]",-3.864936590194702,-3.762904167175293,-3.7790651321411133,-0.10203242301940918,-0.08587145805358887,-0.016160964965820312,-3.5007832050323486
pair_0079_happy,pair_0079,20,02,02,01,happy,pair_0079_sad,-1,edge_all_joint,audio_v_edge,"[18, 19, 20, 21, 22, 23]",-3.864936590194702,-3.762904167175293,-3.5007855892181396,-0.10203242301940918,-0.3641510009765625,0.2621185779571533,-3.5007832050323486
pair_0079_sad,pair_0079,20,02,02,01,sad,pair_0079_happy,1,edge_decision_joint,audio_v_edge,"[18, 19, 20, 21, 22, 23]",-3.65761661529541,-3.7423558235168457,-4.017358303070068,-0.08473920822143555,-0.3597416877746582,0.27500247955322266,-4.007898330688477
pair_0079_sad,pair_0079,20,02,02,01,sad,pair_0079_happy,1,edge_audio_joint,audio_v_edge,"[18, 19, 20, 21, 22, 23]",-3.65761661529541,-3.7423558235168457,-3.735063076019287,-0.08473920822143555,-0.07744646072387695,-0.007292747497558594,-4.007898330688477
pair_0079_sad,pair_0079,20,02,02,01,sad,pair_0079_happy,1,edge_end_marker_joint,audio_v_edge,"[18, 19, 20, 21, 22, 23]",-3.65761661529541,-3.7423558235168457,-3.742178440093994,-0.08473920822143555,-0.08456182479858398,-0.0001773834228515625,-4.007898330688477
pair_0079_sad,pair_0079,20,02,02,01,sad,pair_0079_happy,1,edge_non_decision_joint,audio_v_edge,"[18, 19, 20, 21, 22, 23]",-3.65761661529541,-3.7423558235168457,-3.7348875999450684,-0.08473920822143555,-0.0772709846496582,-0.007468223571777344,-4.007898330688477
pair_0079_sad,pair_0079,20,02,02,01,sad,pair_0079_happy,1,edge_all_joint,audio_v_edge,"[18, 19, 20, 21, 22, 23]",-3.65761661529541,-3.7423558235168457,-4.007898330688477,-0.08473920822143555,-0.3502817153930664,0.26554250717163086,-4.007898330688477
pair_0080_happy,pair_0080,21,01,01,01,happy,pair_0080_sad,-1,edge_decision_joint,audio_v_edge,"[18, 19, 20, 21, 22, 23]",-4.269933223724365,-4.354708194732666,-4.118407726287842,0.08477497100830078,-0.15152549743652344,0.23630046844482422,-4.109902381896973
pair_0080_happy,pair_0080,21,01,01,01,happy,pair_0080_sad,-1,edge_audio_joint,audio_v_edge,"[18, 19, 20, 21, 22, 23]",-4.269933223724365,-4.354708194732666,-4.37125301361084,0.08477497100830078,0.10131978988647461,-0.016544818878173828,-4.109902381896973
pair_0080_happy,pair_0080,21,01,01,01,happy,pair_0080_sad,-1,edge_end_marker_joint,audio_v_edge,"[18, 19, 20, 21, 22, 23]",-4.269933223724365,-4.354708194732666,-4.354736804962158,0.08477497100830078,0.08480358123779297,-2.86102294921875e-05,-4.109902381896973
pair_0080_happy,pair_0080,21,01,01,01,happy,pair_0080_sad,-1,edge_non_decision_joint,audio_v_edge,"[18, 19, 20, 21, 22, 23]",-4.269933223724365,-4.354708194732666,-4.371284008026123,0.08477497100830078,0.10135078430175781,-0.01657581329345703,-4.109902381896973
pair_0080_happy,pair_0080,21,01,01,01,happy,pair_0080_sad,-1,edge_all_joint,audio_v_edge,"[18, 19, 20, 21, 22, 23]",-4.269933223724365,-4.354708194732666,-4.109901428222656,0.08477497100830078,-0.16003179550170898,0.24480676651000977,-4.109902381896973
pair_0080_sad,pair_0080,21,01,01,01,sad,pair_0080_happy,1,edge_decision_joint,audio_v_edge,"[18, 19, 20, 21, 22, 23]",-4.09474515914917,-3.9923691749572754,-4.300954818725586,0.10237598419189453,-0.20620965957641602,0.30858564376831055,-4.325242042541504
pair_0080_sad,pair_0080,21,01,01,01,sad,pair_0080_happy,1,edge_audio_joint,audio_v_edge,"[18, 19, 20, 21, 22, 23]",-4.09474515914917,-3.9923691749572754,-4.020977973937988,0.10237598419189453,0.07376718521118164,0.02860879898071289,-4.325242042541504
pair_0080_sad,pair_0080,21,01,01,01,sad,pair_0080_happy,1,edge_end_marker_joint,audio_v_edge,"[18, 19, 20, 21, 22, 23]",-4.09474515914917,-3.9923691749572754,-3.9922444820404053,0.10237598419189453,0.10250067710876465,-0.0001246929168701172,-4.325242042541504
pair_0080_sad,pair_0080,21,01,01,01,sad,pair_0080_happy,1,edge_non_decision_joint,audio_v_edge,"[18, 19, 20, 21, 22, 23]",-4.09474515914917,-3.9923691749572754,-4.02086067199707,0.10237598419189453,0.07388448715209961,0.028491497039794922,-4.325242042541504
pair_0080_sad,pair_0080,21,01,01,01,sad,pair_0080_happy,1,edge_all_joint,audio_v_edge,"[18, 19, 20, 21, 22, 23]",-4.09474515914917,-3.9923691749572754,-4.325242519378662,0.10237598419189453,-0.2304973602294922,0.3328733444213867,-4.325242042541504
pair_0081_happy,pair_0081,21,01,02,01,happy,pair_0081_sad,-1,edge_decision_joint,audio_v_edge,"[18, 19, 20, 21, 22, 23]",-4.222221374511719,-4.390861988067627,-3.9362642765045166,0.1686406135559082,-0.28595709800720215,0.45459771156311035,-3.9407994747161865
pair_0081_happy,pair_0081,21,01,02,01,happy,pair_0081_sad,-1,edge_audio_joint,audio_v_edge,"[18, 19, 20, 21, 22, 23]",-4.222221374511719,-4.390861988067627,-4.4552812576293945,0.1686406135559082,0.23305988311767578,-0.06441926956176758,-3.9407994747161865
pair_0081_happy,pair_0081,21,01,02,01,happy,pair_0081_sad,-1,edge_end_marker_joint,audio_v_edge,"[18, 19, 20, 21, 22, 23]",-4.222221374511719,-4.390861988067627,-4.3908586502075195,0.1686406135559082,0.16863727569580078,3.337860107421875e-06,-3.9407994747161865
pair_0081_happy,pair_0081,21,01,02,01,happy,pair_0081_sad,-1,edge_non_decision_joint,audio_v_edge,"[18, 19, 20, 21, 22, 23]",-4.222221374511719,-4.390861988067627,-4.455293655395508,0.1686406135559082,0.23307228088378906,-0.06443166732788086,-3.9407994747161865
pair_0081_happy,pair_0081,21,01,02,01,happy,pair_0081_sad,-1,edge_all_joint,audio_v_edge,"[18, 19, 20, 21, 22, 23]",-4.222221374511719,-4.390861988067627,-3.940798759460449,0.1686406135559082,-0.28142261505126953,0.45006322860717773,-3.9407994747161865
pair_0081_sad,pair_0081,21,01,02,01,sad,pair_0081_happy,1,edge_decision_joint,audio_v_edge,"[18, 19, 20, 21, 22, 23]",-4.20202112197876,-4.035709857940674,-4.337002277374268,0.16631126403808594,-0.1349811553955078,0.30129241943359375,-4.336409091949463
pair_0081_sad,pair_0081,21,01,02,01,sad,pair_0081_happy,1,edge_audio_joint,audio_v_edge,"[18, 19, 20, 21, 22, 23]",-4.20202112197876,-4.035709857940674,-4.098771095275879,0.16631126403808594,0.10325002670288086,0.06306123733520508,-4.336409091949463
pair_0081_sad,pair_0081,21,01,02,01,sad,pair_0081_happy,1,edge_end_marker_joint,audio_v_edge,"[18, 19, 20, 21, 22, 23]",-4.20202112197876,-4.035709857940674,-4.035423755645752,0.16631126403808594,0.1665973663330078,-0.000286102294921875,-4.336409091949463
pair_0081_sad,pair_0081,21,01,02,01,sad,pair_0081_happy,1,edge_non_decision_joint,audio_v_edge,"[18, 19, 20, 21, 22, 23]",-4.20202112197876,-4.035709857940674,-4.098514556884766,0.16631126403808594,0.10350656509399414,0.0628046989440918,-4.336409091949463
pair_0081_sad,pair_0081,21,01,02,01,sad,pair_0081_happy,1,edge_all_joint,audio_v_edge,"[18, 19, 20, 21, 22, 23]",-4.20202112197876,-4.035709857940674,-4.336407661437988,0.16631126403808594,-0.13438653945922852,0.30069780349731445,-4.336409091949463
pair_0082_happy,pair_0082,21,02,01,01,happy,pair_0082_sad,-1,edge_decision_joint,audio_v_edge,"[18, 19, 20, 21, 22, 23]",-3.776475191116333,-3.802028179168701,-3.565776824951172,0.025552988052368164,-0.21069836616516113,0.2362513542175293,-3.5652925968170166
pair_0082_happy,pair_0082,21,02,01,01,happy,pair_0082_sad,-1,edge_audio_joint,audio_v_edge,"[18, 19, 20, 21, 22, 23]",-3.776475191116333,-3.802028179168701,-3.838642120361328,0.025552988052368164,0.06216692924499512,-0.03661394119262695,-3.5652925968170166
pair_0082_happy,pair_0082,21,02,01,01,happy,pair_0082_sad,-1,edge_end_marker_joint,audio_v_edge,"[18, 19, 20, 21, 22, 23]",-3.776475191116333,-3.802028179168701,-3.8020012378692627,0.025552988052368164,0.025526046752929688,2.6941299438476562e-05,-3.5652925968170166
pair_0082_happy,pair_0082,21,02,01,01,happy,pair_0082_sad,-1,edge_non_decision_joint,audio_v_edge,"[18, 19, 20, 21, 22, 23]",-3.776475191116333,-3.802028179168701,-3.8385732173919678,0.025552988052368164,0.062098026275634766,-0.0365450382232666,-3.5652925968170166
pair_0082_happy,pair_0082,21,02,01,01,happy,pair_0082_sad,-1,edge_all_joint,audio_v_edge,"[18, 19, 20, 21, 22, 23]",-3.776475191116333,-3.802028179168701,-3.5652942657470703,0.025552988052368164,-0.2111809253692627,0.23673391342163086,-3.5652925968170166
pair_0082_sad,pair_0082,21,02,01,01,sad,pair_0082_happy,1,edge_decision_joint,audio_v_edge,"[18, 19, 20, 21, 22, 23]",-3.3417794704437256,-3.295318603515625,-3.2067911624908447,0.046460866928100586,0.13498830795288086,-0.08852744102478027,-3.2324280738830566
pair_0082_sad,pair_0082,21,02,01,01,sad,pair_0082_happy,1,edge_audio_joint,audio_v_edge,"[18, 19, 20, 21, 22, 23]",-3.3417794704437256,-3.295318603515625,-3.3166451454162598,0.046460866928100586,0.02513432502746582,0.021326541900634766,-3.2324280738830566
pair_0082_sad,pair_0082,21,02,01,01,sad,pair_0082_happy,1,edge_end_marker_joint,audio_v_edge,"[18, 19, 20, 21, 22, 23]",-3.3417794704437256,-3.295318603515625,-3.2953639030456543,0.046460866928100586,0.04641556739807129,4.5299530029296875e-05,-3.2324280738830566
pair_0082_sad,pair_0082,21,02,01,01,sad,pair_0082_happy,1,edge_non_decision_joint,audio_v_edge,"[18, 19, 20, 21, 22, 23]",-3.3417794704437256,-3.295318603515625,-3.316643476486206,0.046460866928100586,0.02513599395751953,0.021324872970581055,-3.2324280738830566
pair_0082_sad,pair_0082,21,02,01,01,sad,pair_0082_happy,1,edge_all_joint,audio_v_edge,"[18, 19, 20, 21, 22, 23]",-3.3417794704437256,-3.295318603515625,-3.232426643371582,0.046460866928100586,0.10935282707214355,-0.06289196014404297,-3.2324280738830566
pair_0083_happy,pair_0083,21,02,02,01,happy,pair_0083_sad,-1,edge_decision_joint,audio_v_edge,"[18, 19, 20, 21, 22, 23]",-3.3170056343078613,-3.2713019847869873,-2.985673427581787,-0.04570364952087402,-0.3313322067260742,0.2856285572052002,-2.9763357639312744
pair_0083_happy,pair_0083,21,02,02,01,happy,pair_0083_sad,-1,edge_audio_joint,audio_v_edge,"[18, 19, 20, 21, 22, 23]",-3.3170056343078613,-3.2713019847869873,-3.292714834213257,-0.04570364952087402,-0.024290800094604492,-0.02141284942626953,-2.9763357639312744
pair_0083_happy,pair_0083,21,02,02,01,happy,pair_0083_sad,-1,edge_end_marker_joint,audio_v_edge,"[18, 19, 20, 21, 22, 23]",-3.3170056343078613,-3.2713019847869873,-3.2712535858154297,-0.04570364952087402,-0.04575204849243164,4.839897155761719e-05,-2.9763357639312744
pair_0083_happy,pair_0083,21,02,02,01,happy,pair_0083_sad,-1,edge_non_decision_joint,audio_v_edge,"[18, 19, 20, 21, 22, 23]",-3.3170056343078613,-3.2713019847869873,-3.2926185131073,-0.04570364952087402,-0.024387121200561523,-0.0213165283203125,-2.9763357639312744
pair_0083_happy,pair_0083,21,02,02,01,happy,pair_0083_sad,-1,edge_all_joint,audio_v_edge,"[18, 19, 20, 21, 22, 23]",-3.3170056343078613,-3.2713019847869873,-2.976337432861328,-0.04570364952087402,-0.3406682014465332,0.2949645519256592,-2.9763357639312744
pair_0083_sad,pair_0083,21,02,02,01,sad,pair_0083_happy,1,edge_decision_joint,audio_v_edge,"[18, 19, 20, 21, 22, 23]",-3.4587490558624268,-3.4975616931915283,-3.3787407875061035,-0.03881263732910156,0.08000826835632324,-0.1188209056854248,-3.3847012519836426
pair_0083_sad,pair_0083,21,02,02,01,sad,pair_0083_happy,1,edge_audio_joint,audio_v_edge,"[18, 19, 20, 21, 22, 23]",-3.4587490558624268,-3.4975616931915283,-3.5190532207489014,-0.03881263732910156,-0.06030416488647461,0.021491527557373047,-3.3847012519836426
pair_0083_sad,pair_0083,21,02,02,01,sad,pair_0083_happy,1,edge_end_marker_joint,audio_v_edge,"[18, 19, 20, 21, 22, 23]",-3.4587490558624268,-3.4975616931915283,-3.4973480701446533,-0.03881263732910156,-0.03859901428222656,-0.000213623046875,-3.3847012519836426
pair_0083_sad,pair_0083,21,02,02,01,sad,pair_0083_happy,1,edge_non_decision_joint,audio_v_edge,"[18, 19, 20, 21, 22, 23]",-3.4587490558624268,-3.4975616931915283,-3.5188636779785156,-0.03881263732910156,-0.06011462211608887,0.021301984786987305,-3.3847012519836426
pair_0083_sad,pair_0083,21,02,02,01,sad,pair_0083_happy,1,edge_all_joint,audio_v_edge,"[18, 19, 20, 21, 22, 23]",-3.4587490558624268,-3.4975616931915283,-3.384700059890747,-0.03881263732910156,0.07404899597167969,-0.11286163330078125,-3.3847012519836426
pair_0084_happy,pair_0084,22,01,01,01,happy,pair_0084_sad,-1,edge_decision_joint,audio_v_edge,"[18, 19, 20, 21, 22, 23]",-4.489823341369629,-4.508843421936035,-4.627988815307617,0.01902008056640625,0.13816547393798828,-0.11914539337158203,-4.628082275390625
pair_0084_happy,pair_0084,22,01,01,01,happy,pair_0084_sad,-1,edge_audio_joint,audio_v_edge,"[18, 19, 20, 21, 22, 23]",-4.489823341369629,-4.508843421936035,-4.535861015319824,0.01902008056640625,0.04603767395019531,-0.027017593383789062,-4.628082275390625
pair_0084_happy,pair_0084,22,01,01,01,happy,pair_0084_sad,-1,edge_end_marker_joint,audio_v_edge,"[18, 19, 20, 21, 22, 23]",-4.489823341369629,-4.508843421936035,-4.508810043334961,0.01902008056640625,0.01898670196533203,3.337860107421875e-05,-4.628082275390625
pair_0084_happy,pair_0084,22,01,01,01,happy,pair_0084_sad,-1,edge_non_decision_joint,audio_v_edge,"[18, 19, 20, 21, 22, 23]",-4.489823341369629,-4.508843421936035,-4.535829544067383,0.01902008056640625,0.046006202697753906,-0.026986122131347656,-4.628082275390625
pair_0084_happy,pair_0084,22,01,01,01,happy,pair_0084_sad,-1,edge_all_joint,audio_v_edge,"[18, 19, 20, 21, 22, 23]",-4.489823341369629,-4.508843421936035,-4.628083229064941,0.01902008056640625,0.1382598876953125,-0.11923980712890625,-4.628082275390625
pair_0084_sad,pair_0084,22,01,01,01,sad,pair_0084_happy,1,edge_decision_joint,audio_v_edge,"[18, 19, 20, 21, 22, 23]",-4.763824462890625,-4.7529215812683105,-4.7270636558532715,0.010902881622314453,0.036760807037353516,-0.025857925415039062,-4.726703643798828
pair_0084_sad,pair_0084,22,01,01,01,sad,pair_0084_happy,1,edge_audio_joint,audio_v_edge,"[18, 19, 20, 21, 22, 23]",-4.763824462890625,-4.7529215812683105,-4.746902942657471,0.010902881622314453,0.016921520233154297,-0.006018638610839844,-4.726703643798828
pair_0084_sad,pair_0084,22,01,01,01,sad,pair_0084_happy,1,edge_end_marker_joint,audio_v_edge,"[18, 19, 20, 21, 22, 23]",-4.763824462890625,-4.7529215812683105,-4.7528977394104,0.010902881622314453,0.01092672348022461,-2.384185791015625e-05,-4.726703643798828
pair_0084_sad,pair_0084,22,01,01,01,sad,pair_0084_happy,1,edge_non_decision_joint,audio_v_edge,"[18, 19, 20, 21, 22, 23]",-4.763824462890625,-4.7529215812683105,-4.7468791007995605,0.010902881622314453,0.016945362091064453,-0.00604248046875,-4.726703643798828
pair_0084_sad,pair_0084,22,01,01,01,sad,pair_0084_happy,1,edge_all_joint,audio_v_edge,"[18, 19, 20, 21, 22, 23]",-4.763824462890625,-4.7529215812683105,-4.726704120635986,0.010902881622314453,0.03712034225463867,-0.02621746063232422,-4.726703643798828
pair_0085_happy,pair_0085,22,01,02,01,happy,pair_0085_sad,-1,edge_decision_joint,audio_v_edge,"[18, 19, 20, 21, 22, 23]",-4.036124229431152,-4.28157377243042,-4.058185577392578,0.24544954299926758,0.02206134796142578,0.2233881950378418,-4.048142433166504
pair_0085_happy,pair_0085,22,01,02,01,happy,pair_0085_sad,-1,edge_audio_joint,audio_v_edge,"[18, 19, 20, 21, 22, 23]",-4.036124229431152,-4.28157377243042,-4.294255256652832,0.24544954299926758,0.2581310272216797,-0.01268148422241211,-4.048142433166504
pair_0085_happy,pair_0085,22,01,02,01,happy,pair_0085_sad,-1,edge_end_marker_joint,audio_v_edge,"[18, 19, 20, 21, 22, 23]",-4.036124229431152,-4.28157377243042,-4.281651973724365,0.24544954299926758,0.2455277442932129,-7.82012939453125e-05,-4.048142433166504
pair_0085_happy,pair_0085,22,01,02,01,happy,pair_0085_sad,-1,edge_non_decision_joint,audio_v_edge,"[18, 19, 20, 21, 22, 23]",-4.036124229431152,-4.28157377243042,-4.294314384460449,0.24544954299926758,0.2581901550292969,-0.012740612030029297,-4.048142433166504
pair_0085_happy,pair_0085,22,01,02,01,happy,pair_0085_sad,-1,edge_all_joint,audio_v_edge,"[18, 19, 20, 21, 22, 23]",-4.036124229431152,-4.28157377243042,-4.048141002655029,0.24544954299926758,0.012016773223876953,0.23343276977539062,-4.048142433166504
pair_0085_sad,pair_0085,22,01,02,01,sad,pair_0085_happy,1,edge_decision_joint,audio_v_edge,"[18, 19, 20, 21, 22, 23]",-4.4401750564575195,-4.222349643707275,-4.2569122314453125,0.21782541275024414,0.18326282501220703,0.03456258773803711,-4.271385192871094
pair_0085_sad,pair_0085,22,01,02,01,sad,pair_0085_happy,1,edge_audio_joint,audio_v_edge,"[18, 19, 20, 21, 22, 23]",-4.4401750564575195,-4.222349643707275,-4.237173080444336,0.21782541275024414,0.2030019760131836,0.014823436737060547,-4.271385192871094
pair_0085_sad,pair_0085,22,01,02,01,sad,pair_0085_happy,1,edge_end_marker_joint,audio_v_edge,"[18, 19, 20, 21, 22, 23]",-4.4401750564575195,-4.222349643707275,-4.222329616546631,0.21782541275024414,0.21784543991088867,-2.002716064453125e-05,-4.271385192871094
pair_0085_sad,pair_0085,22,01,02,01,sad,pair_0085_happy,1,edge_non_decision_joint,audio_v_edge,"[18, 19, 20, 21, 22, 23]",-4.4401750564575195,-4.222349643707275,-4.237171649932861,0.21782541275024414,0.2030034065246582,0.014822006225585938,-4.271385192871094
pair_0085_sad,pair_0085,22,01,02,01,sad,pair_0085_happy,1,edge_all_joint,audio_v_edge,"[18, 19, 20, 21, 22, 23]",-4.4401750564575195,-4.222349643707275,-4.271384239196777,0.21782541275024414,0.1687908172607422,0.04903459548950195,-4.271385192871094
pair_0086_happy,pair_0086,22,02,01,01,happy,pair_0086_sad,-1,edge_decision_joint,audio_v_edge,"[18, 19, 20, 21, 22, 23]",-3.6062417030334473,-3.687047004699707,-3.4068596363067627,0.08080530166625977,-0.19938206672668457,0.28018736839294434,-3.4143738746643066
pair_0086_happy,pair_0086,22,02,01,01,happy,pair_0086_sad,-1,edge_audio_joint,audio_v_edge,"[18, 19, 20, 21, 22, 23]",-3.6062417030334473,-3.687047004699707,-3.690378189086914,0.08080530166625977,0.0841364860534668,-0.0033311843872070312,-3.4143738746643066
pair_0086_happy,pair_0086,22,02,01,01,happy,pair_0086_sad,-1,edge_end_marker_joint,audio_v_edge,"[18, 19, 20, 21, 22, 23]",-3.6062417030334473,-3.687047004699707,-3.6868700981140137,0.08080530166625977,0.0806283950805664,0.00017690658569335938,-3.4143738746643066
pair_0086_happy,pair_0086,22,02,01,01,happy,pair_0086_sad,-1,edge_non_decision_joint,audio_v_edge,"[18, 19, 20, 21, 22, 23]",-3.6062417030334473,-3.687047004699707,-3.690171241760254,0.08080530166625977,0.08392953872680664,-0.003124237060546875,-3.4143738746643066
pair_0086_happy,pair_0086,22,02,01,01,happy,pair_0086_sad,-1,edge_all_joint,audio_v_edge,"[18, 19, 20, 21, 22, 23]",-3.6062417030334473,-3.687047004699707,-3.4143753051757812,0.08080530166625977,-0.19186639785766602,0.2726716995239258,-3.4143738746643066
pair_0086_sad,pair_0086,22,02,01,01,sad,pair_0086_happy,1,edge_decision_joint,audio_v_edge,"[18, 19, 20, 21, 22, 23]",-3.6647796630859375,-3.586930513381958,-3.4780161380767822,0.07784914970397949,0.18676352500915527,-0.10891437530517578,-3.4803664684295654
pair_0086_sad,pair_0086,22,02,01,01,sad,pair_0086_happy,1,edge_audio_joint,audio_v_edge,"[18, 19, 20, 21, 22, 23]",-3.6647796630859375,-3.586930513381958,-3.6137938499450684,0.07784914970397949,0.05098581314086914,0.02686333656311035,-3.4803664684295654
pair_0086_sad,pair_0086,22,02,01,01,sad,pair_0086_happy,1,edge_end_marker_joint,audio_v_edge,"[18, 19, 20, 21, 22, 23]",-3.6647796630859375,-3.586930513381958,-3.5868892669677734,0.07784914970397949,0.07789039611816406,-4.124641418457031e-05,-3.4803664684295654
pair_0086_sad,pair_0086,22,02,01,01,sad,pair_0086_happy,1,edge_non_decision_joint,audio_v_edge,"[18, 19, 20, 21, 22, 23]",-3.6647796630859375,-3.586930513381958,-3.6137535572052,0.07784914970397949,0.051026105880737305,0.026823043823242188,-3.4803664684295654
pair_0086_sad,pair_0086,22,02,01,01,sad,pair_0086_happy,1,edge_all_joint,audio_v_edge,"[18, 19, 20, 21, 22, 23]",-3.6647796630859375,-3.586930513381958,-3.4803683757781982,0.07784914970397949,0.18441128730773926,-0.10656213760375977,-3.4803664684295654
pair_0087_happy,pair_0087,22,02,02,01,happy,pair_0087_sad,-1,edge_decision_joint,audio_v_edge,"[18, 19, 20, 21, 22, 23]",-3.63923716545105,-3.514237403869629,-3.2145981788635254,-0.1249997615814209,-0.4246389865875244,0.2996392250061035,-3.228804111480713
pair_0087_happy,pair_0087,22,02,02,01,happy,pair_0087_sad,-1,edge_audio_joint,audio_v_edge,"[18, 19, 20, 21, 22, 23]",-3.63923716545105,-3.514237403869629,-3.5262107849121094,-0.1249997615814209,-0.11302638053894043,-0.011973381042480469,-3.228804111480713
pair_0087_happy,pair_0087,22,02,02,01,happy,pair_0087_sad,-1,edge_end_marker_joint,audio_v_edge,"[18, 19, 20, 21, 22, 23]",-3.63923716545105,-3.514237403869629,-3.514063596725464,-0.1249997615814209,-0.12517356872558594,0.00017380714416503906,-3.228804111480713
pair_0087_happy,pair_0087,22,02,02,01,happy,pair_0087_sad,-1,edge_non_decision_joint,audio_v_edge,"[18, 19, 20, 21, 22, 23]",-3.63923716545105,-3.514237403869629,-3.5259804725646973,-0.1249997615814209,-0.11325669288635254,-0.01174306869506836,-3.228804111480713
pair_0087_happy,pair_0087,22,02,02,01,happy,pair_0087_sad,-1,edge_all_joint,audio_v_edge,"[18, 19, 20, 21, 22, 23]",-3.63923716545105,-3.514237403869629,-3.22880482673645,-0.1249997615814209,-0.4104323387145996,0.2854325771331787,-3.228804111480713
pair_0087_sad,pair_0087,22,02,02,01,sad,pair_0087_happy,1,edge_decision_joint,audio_v_edge,"[18, 19, 20, 21, 22, 23]",-3.512509346008301,-3.6104135513305664,-3.4897961616516113,-0.09790420532226562,0.022713184356689453,-0.12061738967895508,-3.475006580352783
pair_0087_sad,pair_0087,22,02,02,01,sad,pair_0087_happy,1,edge_audio_joint,audio_v_edge,"[18, 19, 20, 21, 22, 23]",-3.512509346008301,-3.6104135513305664,-3.632012367248535,-0.09790420532226562,-0.11950302124023438,0.02159881591796875,-3.475006580352783
pair_0087_sad,pair_0087,22,02,02,01,sad,pair_0087_happy,1,edge_end_marker_joint,audio_v_edge,"[18, 19, 20, 21, 22, 23]",-3.512509346008301,-3.6104135513305664,-3.610358715057373,-0.09790420532226562,-0.09784936904907227,-5.4836273193359375e-05,-3.475006580352783
pair_0087_sad,pair_0087,22,02,02,01,sad,pair_0087_happy,1,edge_non_decision_joint,audio_v_edge,"[18, 19, 20, 21, 22, 23]",-3.512509346008301,-3.6104135513305664,-3.6319661140441895,-0.09790420532226562,-0.11945676803588867,0.021552562713623047,-3.475006580352783
pair_0087_sad,pair_0087,22,02,02,01,sad,pair_0087_happy,1,edge_all_joint,audio_v_edge,"[18, 19, 20, 21, 22, 23]",-3.512509346008301,-3.6104135513305664,-3.475006341934204,-0.09790420532226562,0.03750300407409668,-0.1354072093963623,-3.475006580352783
pair_0088_happy,pair_0088,23,01,01,01,happy,pair_0088_sad,-1,edge_decision_joint,audio_v_edge,"[18, 19, 20, 21, 22, 23]",-4.401366233825684,-4.624745845794678,-4.514469146728516,0.22337961196899414,0.11310291290283203,0.11027669906616211,-4.511665344238281
pair_0088_happy,pair_0088,23,01,01,01,happy,pair_0088_sad,-1,edge_audio_joint,audio_v_edge,"[18, 19, 20, 21, 22, 23]",-4.401366233825684,-4.624745845794678,-4.662662506103516,0.22337961196899414,0.26129627227783203,-0.03791666030883789,-4.511665344238281
pair_0088_happy,pair_0088,23,01,01,01,happy,pair_0088_sad,-1,edge_end_marker_joint,audio_v_edge,"[18, 19, 20, 21, 22, 23]",-4.401366233825684,-4.624745845794678,-4.624881744384766,0.22337961196899414,0.22351551055908203,-0.00013589859008789062,-4.511665344238281
pair_0088_happy,pair_0088,23,01,01,01,happy,pair_0088_sad,-1,edge_non_decision_joint,audio_v_edge,"[18, 19, 20, 21, 22, 23]",-4.401366233825684,-4.624745845794678,-4.662788391113281,0.22337961196899414,0.26142215728759766,-0.038042545318603516,-4.511665344238281
pair_0088_happy,pair_0088,23,01,01,01,happy,pair_0088_sad,-1,edge_all_joint,audio_v_edge,"[18, 19, 20, 21, 22, 23]",-4.401366233825684,-4.624745845794678,-4.511666774749756,0.22337961196899414,0.11030054092407227,0.11307907104492188,-4.511665344238281
pair_0088_sad,pair_0088,23,01,01,01,sad,pair_0088_happy,1,edge_decision_joint,audio_v_edge,"[18, 19, 20, 21, 22, 23]",-4.017239093780518,-3.822612762451172,-3.9420862197875977,0.1946263313293457,0.07515287399291992,0.11947345733642578,-3.927316427230835
pair_0088_sad,pair_0088,23,01,01,01,sad,pair_0088_happy,1,edge_audio_joint,audio_v_edge,"[18, 19, 20, 21, 22, 23]",-4.017239093780518,-3.822612762451172,-3.85863995552063,0.1946263313293457,0.1585991382598877,0.03602719306945801,-3.927316427230835
pair_0088_sad,pair_0088,23,01,01,01,sad,pair_0088_happy,1,edge_end_marker_joint,audio_v_edge,"[18, 19, 20, 21, 22, 23]",-4.017239093780518,-3.822612762451172,-3.8226161003112793,0.1946263313293457,0.19462299346923828,3.337860107421875e-06,-3.927316427230835
pair_0088_sad,pair_0088,23,01,01,01,sad,pair_0088_happy,1,edge_non_decision_joint,audio_v_edge,"[18, 19, 20, 21, 22, 23]",-4.017239093780518,-3.822612762451172,-3.8586339950561523,0.1946263313293457,0.15860509872436523,0.03602123260498047,-3.927316427230835
pair_0088_sad,pair_0088,23,01,01,01,sad,pair_0088_happy,1,edge_all_joint,audio_v_edge,"[18, 19, 20, 21, 22, 23]",-4.017239093780518,-3.822612762451172,-3.9273180961608887,0.1946263313293457,0.0899209976196289,0.1047053337097168,-3.927316427230835
pair_0089_happy,pair_0089,23,01,02,01,happy,pair_0089_sad,-1,edge_decision_joint,audio_v_edge,"[18, 19, 20, 21, 22, 23]",-4.488677501678467,-4.563165187835693,-4.381070137023926,0.07448768615722656,-0.10760736465454102,0.18209505081176758,-4.361118316650391
pair_0089_happy,pair_0089,23,01,02,01,happy,pair_0089_sad,-1,edge_audio_joint,audio_v_edge,"[18, 19, 20, 21, 22, 23]",-4.488677501678467,-4.563165187835693,-4.644972801208496,0.07448768615722656,0.1562952995300293,-0.08180761337280273,-4.361118316650391
pair_0089_happy,pair_0089,23,01,02,01,happy,pair_0089_sad,-1,edge_end_marker_joint,audio_v_edge,"[18, 19, 20, 21, 22, 23]",-4.488677501678467,-4.563165187835693,-4.5630693435668945,0.07448768615722656,0.07439184188842773,9.584426879882812e-05,-4.361118316650391
pair_0089_happy,pair_0089,23,01,02,01,happy,pair_0089_sad,-1,edge_non_decision_joint,audio_v_edge,"[18, 19, 20, 21, 22, 23]",-4.488677501678467,-4.563165187835693,-4.644842147827148,0.07448768615722656,0.15616464614868164,-0.08167695999145508,-4.361118316650391
pair_0089_happy,pair_0089,23,01,02,01,happy,pair_0089_sad,-1,edge_all_joint,audio_v_edge,"[18, 19, 20, 21, 22, 23]",-4.488677501678467,-4.563165187835693,-4.361118316650391,0.07448768615722656,-0.12755918502807617,0.20204687118530273,-4.361118316650391
pair_0089_sad,pair_0089,23,01,02,01,sad,pair_0089_happy,1,edge_decision_joint,audio_v_edge,"[18, 19, 20, 21, 22, 23]",-4.4080986976623535,-4.341941833496094,-4.338389873504639,0.06615686416625977,0.06970882415771484,-0.003551959991455078,-4.328264236450195
pair_0089_sad,pair_0089,23,01,02,01,sad,pair_0089_happy,1,edge_audio_joint,audio_v_edge,"[18, 19, 20, 21, 22, 23]",-4.4080986976623535,-4.341941833496094,-4.338939666748047,0.06615686416625977,0.06915903091430664,-0.003002166748046875,-4.328264236450195
pair_0089_sad,pair_0089,23,01,02,01,sad,pair_0089_happy,1,edge_end_marker_joint,audio_v_edge,"[18, 19, 20, 21, 22, 23]",-4.4080986976623535,-4.341941833496094,-4.341835021972656,0.06615686416625977,0.06626367568969727,-0.0001068115234375,-4.328264236450195
pair_0089_sad,pair_0089,23,01,02,01,sad,pair_0089_happy,1,edge_non_decision_joint,audio_v_edge,"[18, 19, 20, 21, 22, 23]",-4.4080986976623535,-4.341941833496094,-4.33890438079834,0.06615686416625977,0.06919431686401367,-0.0030374526977539062,-4.328264236450195
pair_0089_sad,pair_0089,23,01,02,01,sad,pair_0089_happy,1,edge_all_joint,audio_v_edge,"[18, 19, 20, 21, 22, 23]",-4.4080986976623535,-4.341941833496094,-4.32826566696167,0.06615686416625977,0.0798330307006836,-0.013676166534423828,-4.328264236450195
pair_0090_happy,pair_0090,23,02,01,01,happy,pair_0090_sad,-1,edge_decision_joint,audio_v_edge,"[18, 19, 20, 21, 22, 23]",-3.967418670654297,-3.891331195831299,-3.681373119354248,-0.07608747482299805,-0.28604555130004883,0.20995807647705078,-3.6876509189605713
pair_0090_happy,pair_0090,23,02,01,01,happy,pair_0090_sad,-1,edge_audio_joint,audio_v_edge,"[18, 19, 20, 21, 22, 23]",-3.967418670654297,-3.891331195831299,-3.9383459091186523,-0.07608747482299805,-0.02907276153564453,-0.047014713287353516,-3.6876509189605713
pair_0090_happy,pair_0090,23,02,01,01,happy,pair_0090_sad,-1,edge_end_marker_joint,audio_v_edge,"[18, 19, 20, 21, 22, 23]",-3.967418670654297,-3.891331195831299,-3.8915717601776123,-0.07608747482299805,-0.07584691047668457,-0.00024056434631347656,-3.6876509189605713
pair_0090_happy,pair_0090,23,02,01,01,happy,pair_0090_sad,-1,edge_non_decision_joint,audio_v_edge,"[18, 19, 20, 21, 22, 23]",-3.967418670654297,-3.891331195831299,-3.9385180473327637,-0.07608747482299805,-0.028900623321533203,-0.047186851501464844,-3.6876509189605713
pair_0090_happy,pair_0090,23,02,01,01,happy,pair_0090_sad,-1,edge_all_joint,audio_v_edge,"[18, 19, 20, 21, 22, 23]",-3.967418670654297,-3.891331195831299,-3.687650203704834,-0.07608747482299805,-0.2797684669494629,0.20368099212646484,-3.6876509189605713
pair_0090_sad,pair_0090,23,02,01,01,sad,pair_0090_happy,1,edge_decision_joint,audio_v_edge,"[18, 19, 20, 21, 22, 23]",-3.457728862762451,-3.4706244468688965,-3.4649178981781006,-0.012895584106445312,-0.007189035415649414,-0.0057065486907958984,-3.456711769104004
pair_0090_sad,pair_0090,23,02,01,01,sad,pair_0090_happy,1,edge_audio_joint,audio_v_edge,"[18, 19, 20, 21, 22, 23]",-3.457728862762451,-3.4706244468688965,-3.4898064136505127,-0.012895584106445312,-0.03207755088806152,0.01918196678161621,-3.456711769104004
pair_0090_sad,pair_0090,23,02,01,01,sad,pair_0090_happy,1,edge_end_marker_joint,audio_v_edge,"[18, 19, 20, 21, 22, 23]",-3.457728862762451,-3.4706244468688965,-3.4706807136535645,-0.012895584106445312,-0.012951850891113281,5.626678466796875e-05,-3.456711769104004
pair_0090_sad,pair_0090,23,02,01,01,sad,pair_0090_happy,1,edge_non_decision_joint,audio_v_edge,"[18, 19, 20, 21, 22, 23]",-3.457728862762451,-3.4706244468688965,-3.4898111820220947,-0.012895584106445312,-0.032082319259643555,0.019186735153198242,-3.456711769104004
pair_0090_sad,pair_0090,23,02,01,01,sad,pair_0090_happy,1,edge_all_joint,audio_v_edge,"[18, 19, 20, 21, 22, 23]",-3.457728862762451,-3.4706244468688965,-3.4567127227783203,-0.012895584106445312,0.0010161399841308594,-0.013911724090576172,-3.456711769104004
pair_0091_happy,pair_0091,23,02,02,01,happy,pair_0091_sad,-1,edge_decision_joint,audio_v_edge,"[18, 19, 20, 21, 22, 23]",-3.599268674850464,-3.772993564605713,-3.5980634689331055,0.17372488975524902,-0.0012052059173583984,0.17493009567260742,-3.600106716156006
pair_0091_happy,pair_0091,23,02,02,01,happy,pair_0091_sad,-1,edge_audio_joint,audio_v_edge,"[18, 19, 20, 21, 22, 23]",-3.599268674850464,-3.772993564605713,-3.8260979652404785,0.17372488975524902,0.22682929039001465,-0.053104400634765625,-3.600106716156006
pair_0091_happy,pair_0091,23,02,02,01,happy,pair_0091_sad,-1,edge_end_marker_joint,audio_v_edge,"[18, 19, 20, 21, 22, 23]",-3.599268674850464,-3.772993564605713,-3.7731547355651855,0.17372488975524902,0.17388606071472168,-0.00016117095947265625,-3.600106716156006
pair_0091_happy,pair_0091,23,02,02,01,happy,pair_0091_sad,-1,edge_non_decision_joint,audio_v_edge,"[18, 19, 20, 21, 22, 23]",-3.599268674850464,-3.772993564605713,-3.8262059688568115,0.17372488975524902,0.22693729400634766,-0.05321240425109863,-3.600106716156006
pair_0091_happy,pair_0091,23,02,02,01,happy,pair_0091_sad,-1,edge_all_joint,audio_v_edge,"[18, 19, 20, 21, 22, 23]",-3.599268674850464,-3.772993564605713,-3.600104570388794,0.17372488975524902,0.0008358955383300781,0.17288899421691895,-3.600106716156006
pair_0091_sad,pair_0091,23,02,02,01,sad,pair_0091_happy,1,edge_decision_joint,audio_v_edge,"[18, 19, 20, 21, 22, 23]",-3.179276704788208,-2.9972052574157715,-3.08272385597229,0.18207144737243652,0.09655284881591797,0.08551859855651855,-3.099925994873047
pair_0091_sad,pair_0091,23,02,02,01,sad,pair_0091_happy,1,edge_audio_joint,audio_v_edge,"[18, 19, 20, 21, 22, 23]",-3.179276704788208,-2.9972052574157715,-3.071756362915039,0.18207144737243652,0.10752034187316895,0.07455110549926758,-3.099925994873047
pair_0091_sad,pair_0091,23,02,02,01,sad,pair_0091_happy,1,edge_end_marker_joint,audio_v_edge,"[18, 19, 20, 21, 22, 23]",-3.179276704788208,-2.9972052574157715,-2.997199535369873,0.18207144737243652,0.18207716941833496,-5.7220458984375e-06,-3.099925994873047
pair_0091_sad,pair_0091,23,02,02,01,sad,pair_0091_happy,1,edge_non_decision_joint,audio_v_edge,"[18, 19, 20, 21, 22, 23]",-3.179276704788208,-2.9972052574157715,-3.071692943572998,0.18207144737243652,0.10758376121520996,0.07448768615722656,-3.099925994873047
pair_0091_sad,pair_0091,23,02,02,01,sad,pair_0091_happy,1,edge_all_joint,audio_v_edge,"[18, 19, 20, 21, 22, 23]",-3.179276704788208,-2.9972052574157715,-3.0999245643615723,0.18207144737243652,0.07935214042663574,0.10271930694580078,-3.099925994873047
pair_0092_happy,pair_0092,24,01,01,01,happy,pair_0092_sad,-1,edge_decision_joint,audio_v_edge,"[18, 19, 20, 21, 22, 23]",-4.097404479980469,-4.409200191497803,-4.243330478668213,0.311795711517334,0.14592599868774414,0.16586971282958984,-4.234262943267822
pair_0092_happy,pair_0092,24,01,01,01,happy,pair_0092_sad,-1,edge_audio_joint,audio_v_edge,"[18, 19, 20, 21, 22, 23]",-4.097404479980469,-4.409200191497803,-4.434638500213623,0.311795711517334,0.3372340202331543,-0.025438308715820312,-4.234262943267822
pair_0092_happy,pair_0092,24,01,01,01,happy,pair_0092_sad,-1,edge_end_marker_joint,audio_v_edge,"[18, 19, 20, 21, 22, 23]",-4.097404479980469,-4.409200191497803,-4.408949851989746,0.311795711517334,0.31154537200927734,0.0002503395080566406,-4.234262943267822
pair_0092_happy,pair_0092,24,01,01,01,happy,pair_0092_sad,-1,edge_non_decision_joint,audio_v_edge,"[18, 19, 20, 21, 22, 23]",-4.097404479980469,-4.409200191497803,-4.4343671798706055,0.311795711517334,0.3369626998901367,-0.025166988372802734,-4.234262943267822
pair_0092_happy,pair_0092,24,01,01,01,happy,pair_0092_sad,-1,edge_all_joint,audio_v_edge,"[18, 19, 20, 21, 22, 23]",-4.097404479980469,-4.409200191497803,-4.234261989593506,0.311795711517334,0.1368575096130371,0.17493820190429688,-4.234262943267822
pair_0092_sad,pair_0092,24,01,01,01,sad,pair_0092_happy,1,edge_decision_joint,audio_v_edge,"[18, 19, 20, 21, 22, 23]",-4.705519676208496,-4.402122974395752,-4.674335479736328,0.30339670181274414,0.03118419647216797,0.27221250534057617,-4.680283546447754
pair_0092_sad,pair_0092,24,01,01,01,sad,pair_0092_happy,1,edge_audio_joint,audio_v_edge,"[18, 19, 20, 21, 22, 23]",-4.705519676208496,-4.402122974395752,-4.441674709320068,0.30339670181274414,0.26384496688842773,0.039551734924316406,-4.680283546447754
pair_0092_sad,pair_0092,24,01,01,01,sad,pair_0092_happy,1,edge_end_marker_joint,audio_v_edge,"[18, 19, 20, 21, 22, 23]",-4.705519676208496,-4.402122974395752,-4.4022111892700195,0.30339670181274414,0.30330848693847656,8.821487426757812e-05,-4.680283546447754
pair_0092_sad,pair_0092,24,01,01,01,sad,pair_0092_happy,1,edge_non_decision_joint,audio_v_edge,"[18, 19, 20, 21, 22, 23]",-4.705519676208496,-4.402122974395752,-4.441723823547363,0.30339670181274414,0.2637958526611328,0.03960084915161133,-4.680283546447754
pair_0092_sad,pair_0092,24,01,01,01,sad,pair_0092_happy,1,edge_all_joint,audio_v_edge,"[18, 19, 20, 21, 22, 23]",-4.705519676208496,-4.402122974395752,-4.68028450012207,0.30339670181274414,0.02523517608642578,0.27816152572631836,-4.680283546447754
pair_0093_happy,pair_0093,24,01,02,01,happy,pair_0093_sad,-1,edge_decision_joint,audio_v_edge,"[18, 19, 20, 21, 22, 23]",-4.184145927429199,-4.463172912597656,-4.307590961456299,0.27902698516845703,0.12344503402709961,0.15558195114135742,-4.302147388458252
pair_0093_happy,pair_0093,24,01,02,01,happy,pair_0093_sad,-1,edge_audio_joint,audio_v_edge,"[18, 19, 20, 21, 22, 23]",-4.184145927429199,-4.463172912597656,-4.451840400695801,0.27902698516845703,0.26769447326660156,0.011332511901855469,-4.302147388458252
pair_0093_happy,pair_0093,24,01,02,01,happy,pair_0093_sad,-1,edge_end_marker_joint,audio_v_edge,"[18, 19, 20, 21, 22, 23]",-4.184145927429199,-4.463172912597656,-4.463032245635986,0.27902698516845703,0.2788863182067871,0.00014066696166992188,-4.302147388458252
pair_0093_happy,pair_0093,24,01,02,01,happy,pair_0093_sad,-1,edge_non_decision_joint,audio_v_edge,"[18, 19, 20, 21, 22, 23]",-4.184145927429199,-4.463172912597656,-4.45168924331665,0.27902698516845703,0.26754331588745117,0.01148366928100586,-4.302147388458252
pair_0093_happy,pair_0093,24,01,02,01,happy,pair_0093_sad,-1,edge_all_joint,audio_v_edge,"[18, 19, 20, 21, 22, 23]",-4.184145927429199,-4.463172912597656,-4.302146911621094,0.27902698516845703,0.11800098419189453,0.1610260009765625,-4.302147388458252
pair_0093_sad,pair_0093,24,01,02,01,sad,pair_0093_happy,1,edge_decision_joint,audio_v_edge,"[18, 19, 20, 21, 22, 23]",-4.5940375328063965,-4.3245930671691895,-4.585171699523926,0.26944446563720703,0.008865833282470703,0.26057863235473633,-4.582623481750488
pair_0093_sad,pair_0093,24,01,02,01,sad,pair_0093_happy,1,edge_audio_joint,audio_v_edge,"[18, 19, 20, 21, 22, 23]",-4.5940375328063965,-4.3245930671691895,-4.3365302085876465,0.26944446563720703,0.25750732421875,0.011937141418457031,-4.582623481750488
pair_0093_sad,pair_0093,24,01,02,01,sad,pair_0093_happy,1,edge_end_marker_joint,audio_v_edge,"[18, 19, 20, 21, 22, 23]",-4.5940375328063965,-4.3245930671691895,-4.324338912963867,0.26944446563720703,0.2696986198425293,-0.0002541542053222656,-4.582623481750488
pair_0093_sad,pair_0093,24,01,02,01,sad,pair_0093_happy,1,edge_non_decision_joint,audio_v_edge,"[18, 19, 20, 21, 22, 23]",-4.5940375328063965,-4.3245930671691895,-4.336249828338623,0.26944446563720703,0.25778770446777344,0.011656761169433594,-4.582623481750488
pair_0093_sad,pair_0093,24,01,02,01,sad,pair_0093_happy,1,edge_all_joint,audio_v_edge,"[18, 19, 20, 21, 22, 23]",-4.5940375328063965,-4.3245930671691895,-4.582620620727539,0.26944446563720703,0.011416912078857422,0.2580275535583496,-4.582623481750488
pair_0094_happy,pair_0094,24,02,01,01,happy,pair_0094_sad,-1,edge_decision_joint,audio_v_edge,"[18, 19, 20, 21, 22, 23]",-3.719454050064087,-3.8926382064819336,-3.5672123432159424,0.17318415641784668,-0.15224170684814453,0.3254258632659912,-3.578867197036743
pair_0094_happy,pair_0094,24,02,01,01,happy,pair_0094_sad,-1,edge_audio_joint,audio_v_edge,"[18, 19, 20, 21, 22, 23]",-3.719454050064087,-3.8926382064819336,-3.89223575592041,0.17318415641784668,0.17278170585632324,0.0004024505615234375,-3.578867197036743
pair_0094_happy,pair_0094,24,02,01,01,happy,pair_0094_sad,-1,edge_end_marker_joint,audio_v_edge,"[18, 19, 20, 21, 22, 23]",-3.719454050064087,-3.8926382064819336,-3.8923425674438477,0.17318415641784668,0.17288851737976074,0.0002956390380859375,-3.578867197036743
pair_0094_happy,pair_0094,24,02,01,01,happy,pair_0094_sad,-1,edge_non_decision_joint,audio_v_edge,"[18, 19, 20, 21, 22, 23]",-3.719454050064087,-3.8926382064819336,-3.8919477462768555,0.17318415641784668,0.17249369621276855,0.000690460205078125,-3.578867197036743
pair_0094_happy,pair_0094,24,02,01,01,happy,pair_0094_sad,-1,edge_all_joint,audio_v_edge,"[18, 19, 20, 21, 22, 23]",-3.719454050064087,-3.8926382064819336,-3.5788686275482178,0.17318415641784668,-0.14058542251586914,0.3137695789337158,-3.578867197036743
pair_0094_sad,pair_0094,24,02,01,01,sad,pair_0094_happy,1,edge_decision_joint,audio_v_edge,"[18, 19, 20, 21, 22, 23]",-3.6296300888061523,-3.4297218322753906,-2.9223179817199707,0.19990825653076172,0.7073121070861816,-0.5074038505554199,-2.9177799224853516
pair_0094_sad,pair_0094,24,02,01,01,sad,pair_0094_happy,1,edge_audio_joint,audio_v_edge,"[18, 19, 20, 21, 22, 23]",-3.6296300888061523,-3.4297218322753906,-3.4626028537750244,0.19990825653076172,0.16702723503112793,0.03288102149963379,-2.9177799224853516
pair_0094_sad,pair_0094,24,02,01,01,sad,pair_0094_happy,1,edge_end_marker_joint,audio_v_edge,"[18, 19, 20, 21, 22, 23]",-3.6296300888061523,-3.4297218322753906,-3.429964542388916,0.19990825653076172,0.19966554641723633,0.00024271011352539062,-2.9177799224853516
pair_0094_sad,pair_0094,24,02,01,01,sad,pair_0094_happy,1,edge_non_decision_joint,audio_v_edge,"[18, 19, 20, 21, 22, 23]",-3.6296300888061523,-3.4297218322753906,-3.462812662124634,0.19990825653076172,0.16681742668151855,0.033090829849243164,-2.9177799224853516
pair_0094_sad,pair_0094,24,02,01,01,sad,pair_0094_happy,1,edge_all_joint,audio_v_edge,"[18, 19, 20, 21, 22, 23]",-3.6296300888061523,-3.4297218322753906,-2.9177803993225098,0.19990825653076172,0.7118496894836426,-0.5119414329528809,-2.9177799224853516
pair_0095_happy,pair_0095,24,02,02,01,happy,pair_0095_sad,-1,edge_decision_joint,audio_v_edge,"[18, 19, 20, 21, 22, 23]",-3.743422269821167,-3.665682792663574,-3.331991195678711,-0.07773947715759277,-0.41143107414245605,0.3336915969848633,-3.3328890800476074
pair_0095_happy,pair_0095,24,02,02,01,happy,pair_0095_sad,-1,edge_audio_joint,audio_v_edge,"[18, 19, 20, 21, 22, 23]",-3.743422269821167,-3.665682792663574,-3.6947078704833984,-0.07773947715759277,-0.048714399337768555,-0.02902507781982422,-3.3328890800476074
pair_0095_happy,pair_0095,24,02,02,01,happy,pair_0095_sad,-1,edge_end_marker_joint,audio_v_edge,"[18, 19, 20, 21, 22, 23]",-3.743422269821167,-3.665682792663574,-3.665470600128174,-0.07773947715759277,-0.07795166969299316,0.00021219253540039062,-3.3328890800476074
pair_0095_happy,pair_0095,24,02,02,01,happy,pair_0095_sad,-1,edge_non_decision_joint,audio_v_edge,"[18, 19, 20, 21, 22, 23]",-3.743422269821167,-3.665682792663574,-3.694453477859497,-0.07773947715759277,-0.04896879196166992,-0.02877068519592285,-3.3328890800476074
pair_0095_happy,pair_0095,24,02,02,01,happy,pair_0095_sad,-1,edge_all_joint,audio_v_edge,"[18, 19, 20, 21, 22, 23]",-3.743422269821167,-3.665682792663574,-3.3328890800476074,-0.07773947715759277,-0.41053318977355957,0.3327937126159668,-3.3328890800476074
pair_0095_sad,pair_0095,24,02,02,01,sad,pair_0095_happy,1,edge_decision_joint,audio_v_edge,"[18, 19, 20, 21, 22, 23]",-3.626431703567505,-3.7099478244781494,-3.4111976623535156,-0.08351612091064453,0.21523404121398926,-0.2987501621246338,-3.4017577171325684
pair_0095_sad,pair_0095,24,02,02,01,sad,pair_0095_happy,1,edge_audio_joint,audio_v_edge,"[18, 19, 20, 21, 22, 23]",-3.626431703567505,-3.7099478244781494,-3.7478113174438477,-0.08351612091064453,-0.12137961387634277,0.03786349296569824,-3.4017577171325684
pair_0095_sad,pair_0095,24,02,02,01,sad,pair_0095_happy,1,edge_end_marker_joint,audio_v_edge,"[18, 19, 20, 21, 22, 23]",-3.626431703567505,-3.7099478244781494,-3.709873914718628,-0.08351612091064453,-0.08344221115112305,-7.390975952148438e-05,-3.4017577171325684
pair_0095_sad,pair_0095,24,02,02,01,sad,pair_0095_happy,1,edge_non_decision_joint,audio_v_edge,"[18, 19, 20, 21, 22, 23]",-3.626431703567505,-3.7099478244781494,-3.7477049827575684,-0.08351612091064453,-0.12127327919006348,0.037757158279418945,-3.4017577171325684
pair_0095_sad,pair_0095,24,02,02,01,sad,pair_0095_happy,1,edge_all_joint,audio_v_edge,"[18, 19, 20, 21, 22, 23]",-3.626431703567505,-3.7099478244781494,-3.4017553329467773,-0.08351612091064453,0.22467637062072754,-0.30819249153137207,-3.4017577171325684
