sample_id,pair_id,actor,statement,repetition,intensity,emotion,donor_sample_id,donor_sign,condition,component,restore_layers,clean_margin,patched_margin,restored_margin,patch_effect,remaining_effect,mediated_effect,reference_source_margin
pair_0000_happy,pair_0000,01,01,01,01,happy,pair_0000_sad,-1,direct_block_18,audio_v_edge,[18],-4.591665744781494,-4.7230024337768555,-4.6807475090026855,0.13133668899536133,0.0890817642211914,0.04225492477416992,-4.620932102203369
pair_0000_happy,pair_0000,01,01,01,01,happy,pair_0000_sad,-1,direct_block_19,audio_v_edge,[19],-4.591665744781494,-4.7230024337768555,-4.7308197021484375,0.13133668899536133,0.13915395736694336,-0.007817268371582031,-4.620932102203369
pair_0000_happy,pair_0000,01,01,01,01,happy,pair_0000_sad,-1,direct_block_20,audio_v_edge,[20],-4.591665744781494,-4.7230024337768555,-4.79190731048584,0.13133668899536133,0.2002415657043457,-0.06890487670898438,-4.620932102203369
pair_0000_happy,pair_0000,01,01,01,01,happy,pair_0000_sad,-1,direct_block_21,audio_v_edge,[21],-4.591665744781494,-4.7230024337768555,-4.654612064361572,0.13133668899536133,0.06294631958007812,0.0683903694152832,-4.620932102203369
pair_0000_happy,pair_0000,01,01,01,01,happy,pair_0000_sad,-1,direct_block_22,audio_v_edge,[22],-4.591665744781494,-4.7230024337768555,-4.650299072265625,0.13133668899536133,0.05863332748413086,0.07270336151123047,-4.620932102203369
pair_0000_happy,pair_0000,01,01,01,01,happy,pair_0000_sad,-1,direct_block_23,audio_v_edge,[23],-4.591665744781494,-4.7230024337768555,-4.73158073425293,0.13133668899536133,0.13991498947143555,-0.008578300476074219,-4.620932102203369
pair_0000_happy,pair_0000,01,01,01,01,happy,pair_0000_sad,-1,direct_cumulative_18_19,audio_v_edge,"[18, 19]",-4.591665744781494,-4.7230024337768555,-4.690250396728516,0.13133668899536133,0.09858465194702148,0.032752037048339844,-4.620932102203369
pair_0000_happy,pair_0000,01,01,01,01,happy,pair_0000_sad,-1,direct_cumulative_18_20,audio_v_edge,"[18, 19, 20]",-4.591665744781494,-4.7230024337768555,-4.761232376098633,0.13133668899536133,0.16956663131713867,-0.038229942321777344,-4.620932102203369
pair_0000_happy,pair_0000,01,01,01,01,happy,pair_0000_sad,-1,direct_cumulative_18_21,audio_v_edge,"[18, 19, 20, 21]",-4.591665744781494,-4.7230024337768555,-4.688381195068359,0.13133668899536133,0.09671545028686523,0.034621238708496094,-4.620932102203369
pair_0000_happy,pair_0000,01,01,01,01,happy,pair_0000_sad,-1,direct_cumulative_18_22,audio_v_edge,"[18, 19, 20, 21, 22]",-4.591665744781494,-4.7230024337768555,-4.610447406768799,0.13133668899536133,0.018781661987304688,0.11255502700805664,-4.620932102203369
pair_0000_happy,pair_0000,01,01,01,01,happy,pair_0000_sad,-1,direct_cumulative_18_23,audio_v_edge,"[18, 19, 20, 21, 22, 23]",-4.591665744781494,-4.7230024337768555,-4.620932102203369,0.13133668899536133,0.029266357421875,0.10207033157348633,-4.620932102203369
pair_0000_sad,pair_0000,01,01,01,01,sad,pair_0000_happy,1,direct_block_18,audio_v_edge,[18],-4.472484111785889,-4.368217468261719,-4.330549240112305,0.10426664352416992,0.14193487167358398,-0.03766822814941406,-4.403267860412598
pair_0000_sad,pair_0000,01,01,01,01,sad,pair_0000_happy,1,direct_block_19,audio_v_edge,[19],-4.472484111785889,-4.368217468261719,-4.497800827026367,0.10426664352416992,-0.025316715240478516,0.12958335876464844,-4.403267860412598
pair_0000_sad,pair_0000,01,01,01,01,sad,pair_0000_happy,1,direct_block_20,audio_v_edge,[20],-4.472484111785889,-4.368217468261719,-4.390974521636963,0.10426664352416992,0.08150959014892578,0.02275705337524414,-4.403267860412598
pair_0000_sad,pair_0000,01,01,01,01,sad,pair_0000_happy,1,direct_block_21,audio_v_edge,[21],-4.472484111785889,-4.368217468261719,-4.394589424133301,0.10426664352416992,0.07789468765258789,0.02637195587158203,-4.403267860412598
pair_0000_sad,pair_0000,01,01,01,01,sad,pair_0000_happy,1,direct_block_22,audio_v_edge,[22],-4.472484111785889,-4.368217468261719,-4.27178955078125,0.10426664352416992,0.20069456100463867,-0.09642791748046875,-4.403267860412598
pair_0000_sad,pair_0000,01,01,01,01,sad,pair_0000_happy,1,direct_block_23,audio_v_edge,[23],-4.472484111785889,-4.368217468261719,-4.359112739562988,0.10426664352416992,0.11337137222290039,-0.009104728698730469,-4.403267860412598
pair_0000_sad,pair_0000,01,01,01,01,sad,pair_0000_happy,1,direct_cumulative_18_19,audio_v_edge,"[18, 19]",-4.472484111785889,-4.368217468261719,-4.4563751220703125,0.10426664352416992,0.016108989715576172,0.08815765380859375,-4.403267860412598
pair_0000_sad,pair_0000,01,01,01,01,sad,pair_0000_happy,1,direct_cumulative_18_20,audio_v_edge,"[18, 19, 20]",-4.472484111785889,-4.368217468261719,-4.4791789054870605,0.10426664352416992,-0.006694793701171875,0.1109614372253418,-4.403267860412598
pair_0000_sad,pair_0000,01,01,01,01,sad,pair_0000_happy,1,direct_cumulative_18_21,audio_v_edge,"[18, 19, 20, 21]",-4.472484111785889,-4.368217468261719,-4.504727363586426,0.10426664352416992,-0.03224325180053711,0.13650989532470703,-4.403267860412598
pair_0000_sad,pair_0000,01,01,01,01,sad,pair_0000_happy,1,direct_cumulative_18_22,audio_v_edge,"[18, 19, 20, 21, 22]",-4.472484111785889,-4.368217468261719,-4.411214828491211,0.10426664352416992,0.061269283294677734,0.04299736022949219,-4.403267860412598
pair_0000_sad,pair_0000,01,01,01,01,sad,pair_0000_happy,1,direct_cumulative_18_23,audio_v_edge,"[18, 19, 20, 21, 22, 23]",-4.472484111785889,-4.368217468261719,-4.403267860412598,0.10426664352416992,0.06921625137329102,0.035050392150878906,-4.403267860412598
pair_0001_happy,pair_0001,01,01,02,01,happy,pair_0001_sad,-1,direct_block_18,audio_v_edge,[18],-4.798401832580566,-4.856759071350098,-4.926211357116699,0.05835723876953125,0.1278095245361328,-0.06945228576660156,-4.867458343505859
pair_0001_happy,pair_0001,01,01,02,01,happy,pair_0001_sad,-1,direct_block_19,audio_v_edge,[19],-4.798401832580566,-4.856759071350098,-4.913488388061523,0.05835723876953125,0.11508655548095703,-0.05672931671142578,-4.867458343505859
pair_0001_happy,pair_0001,01,01,02,01,happy,pair_0001_sad,-1,direct_block_20,audio_v_edge,[20],-4.798401832580566,-4.856759071350098,-4.895697116851807,0.05835723876953125,0.09729528427124023,-0.038938045501708984,-4.867458343505859
pair_0001_happy,pair_0001,01,01,02,01,happy,pair_0001_sad,-1,direct_block_21,audio_v_edge,[21],-4.798401832580566,-4.856759071350098,-4.745073318481445,0.05835723876953125,-0.053328514099121094,0.11168575286865234,-4.867458343505859
pair_0001_happy,pair_0001,01,01,02,01,happy,pair_0001_sad,-1,direct_block_22,audio_v_edge,[22],-4.798401832580566,-4.856759071350098,-4.856799125671387,0.05835723876953125,0.05839729309082031,-4.00543212890625e-05,-4.867458343505859
pair_0001_happy,pair_0001,01,01,02,01,happy,pair_0001_sad,-1,direct_block_23,audio_v_edge,[23],-4.798401832580566,-4.856759071350098,-4.818619728088379,0.05835723876953125,0.0202178955078125,0.03813934326171875,-4.867458343505859
pair_0001_happy,pair_0001,01,01,02,01,happy,pair_0001_sad,-1,direct_cumulative_18_19,audio_v_edge,"[18, 19]",-4.798401832580566,-4.856759071350098,-4.9853925704956055,0.05835723876953125,0.18699073791503906,-0.1286334991455078,-4.867458343505859
pair_0001_happy,pair_0001,01,01,02,01,happy,pair_0001_sad,-1,direct_cumulative_18_20,audio_v_edge,"[18, 19, 20]",-4.798401832580566,-4.856759071350098,-5.022891044616699,0.05835723876953125,0.2244892120361328,-0.16613197326660156,-4.867458343505859
pair_0001_happy,pair_0001,01,01,02,01,happy,pair_0001_sad,-1,direct_cumulative_18_21,audio_v_edge,"[18, 19, 20, 21]",-4.798401832580566,-4.856759071350098,-4.906862258911133,0.05835723876953125,0.1084604263305664,-0.050103187561035156,-4.867458343505859
pair_0001_happy,pair_0001,01,01,02,01,happy,pair_0001_sad,-1,direct_cumulative_18_22,audio_v_edge,"[18, 19, 20, 21, 22]",-4.798401832580566,-4.856759071350098,-4.908727645874023,0.05835723876953125,0.11032581329345703,-0.05196857452392578,-4.867458343505859
pair_0001_happy,pair_0001,01,01,02,01,happy,pair_0001_sad,-1,direct_cumulative_18_23,audio_v_edge,"[18, 19, 20, 21, 22, 23]",-4.798401832580566,-4.856759071350098,-4.867458343505859,0.05835723876953125,0.06905651092529297,-0.010699272155761719,-4.867458343505859
pair_0001_sad,pair_0001,01,01,02,01,sad,pair_0001_happy,1,direct_block_18,audio_v_edge,[18],-4.81397819519043,-4.774052143096924,-4.784960746765137,0.03992605209350586,0.02901744842529297,0.01090860366821289,-4.927112102508545
pair_0001_sad,pair_0001,01,01,02,01,sad,pair_0001_happy,1,direct_block_19,audio_v_edge,[19],-4.81397819519043,-4.774052143096924,-4.841258525848389,0.03992605209350586,-0.027280330657958984,0.06720638275146484,-4.927112102508545
pair_0001_sad,pair_0001,01,01,02,01,sad,pair_0001_happy,1,direct_block_20,audio_v_edge,[20],-4.81397819519043,-4.774052143096924,-4.759050369262695,0.03992605209350586,0.054927825927734375,-0.015001773834228516,-4.927112102508545
pair_0001_sad,pair_0001,01,01,02,01,sad,pair_0001_happy,1,direct_block_21,audio_v_edge,[21],-4.81397819519043,-4.774052143096924,-4.688722610473633,0.03992605209350586,0.12525558471679688,-0.08532953262329102,-4.927112102508545
pair_0001_sad,pair_0001,01,01,02,01,sad,pair_0001_happy,1,direct_block_22,audio_v_edge,[22],-4.81397819519043,-4.774052143096924,-4.909892559051514,0.03992605209350586,-0.09591436386108398,0.13584041595458984,-4.927112102508545
pair_0001_sad,pair_0001,01,01,02,01,sad,pair_0001_happy,1,direct_block_23,audio_v_edge,[23],-4.81397819519043,-4.774052143096924,-4.814371585845947,0.03992605209350586,-0.0003933906555175781,0.04031944274902344,-4.927112102508545
pair_0001_sad,pair_0001,01,01,02,01,sad,pair_0001_happy,1,direct_cumulative_18_19,audio_v_edge,"[18, 19]",-4.81397819519043,-4.774052143096924,-4.852262496948242,0.03992605209350586,-0.0382843017578125,0.07821035385131836,-4.927112102508545
pair_0001_sad,pair_0001,01,01,02,01,sad,pair_0001_happy,1,direct_cumulative_18_20,audio_v_edge,"[18, 19, 20]",-4.81397819519043,-4.774052143096924,-4.839099407196045,0.03992605209350586,-0.025121212005615234,0.0650472640991211,-4.927112102508545
pair_0001_sad,pair_0001,01,01,02,01,sad,pair_0001_happy,1,direct_cumulative_18_21,audio_v_edge,"[18, 19, 20, 21]",-4.81397819519043,-4.774052143096924,-4.752451419830322,0.03992605209350586,0.06152677536010742,-0.021600723266601562,-4.927112102508545
pair_0001_sad,pair_0001,01,01,02,01,sad,pair_0001_happy,1,direct_cumulative_18_22,audio_v_edge,"[18, 19, 20, 21, 22]",-4.81397819519043,-4.774052143096924,-4.8880157470703125,0.03992605209350586,-0.07403755187988281,0.11396360397338867,-4.927112102508545
pair_0001_sad,pair_0001,01,01,02,01,sad,pair_0001_happy,1,direct_cumulative_18_23,audio_v_edge,"[18, 19, 20, 21, 22, 23]",-4.81397819519043,-4.774052143096924,-4.927112102508545,0.03992605209350586,-0.11313390731811523,0.1530599594116211,-4.927112102508545
pair_0002_happy,pair_0002,01,02,01,01,happy,pair_0002_sad,-1,direct_block_18,audio_v_edge,[18],-3.534588098526001,-3.6721723079681396,-3.5824971199035645,0.13758420944213867,0.04790902137756348,0.0896751880645752,-3.4074008464813232
pair_0002_happy,pair_0002,01,02,01,01,happy,pair_0002_sad,-1,direct_block_19,audio_v_edge,[19],-3.534588098526001,-3.6721723079681396,-3.7350313663482666,0.13758420944213867,0.20044326782226562,-0.06285905838012695,-3.4074008464813232
pair_0002_happy,pair_0002,01,02,01,01,happy,pair_0002_sad,-1,direct_block_20,audio_v_edge,[20],-3.534588098526001,-3.6721723079681396,-3.704904556274414,0.13758420944213867,0.17031645774841309,-0.032732248306274414,-3.4074008464813232
pair_0002_happy,pair_0002,01,02,01,01,happy,pair_0002_sad,-1,direct_block_21,audio_v_edge,[21],-3.534588098526001,-3.6721723079681396,-3.686621904373169,0.13758420944213867,0.15203380584716797,-0.014449596405029297,-3.4074008464813232
pair_0002_happy,pair_0002,01,02,01,01,happy,pair_0002_sad,-1,direct_block_22,audio_v_edge,[22],-3.534588098526001,-3.6721723079681396,-3.4552526473999023,0.13758420944213867,-0.07933545112609863,0.2169196605682373,-3.4074008464813232
pair_0002_happy,pair_0002,01,02,01,01,happy,pair_0002_sad,-1,direct_block_23,audio_v_edge,[23],-3.534588098526001,-3.6721723079681396,-3.6035819053649902,0.13758420944213867,0.06899380683898926,0.06859040260314941,-3.4074008464813232
pair_0002_happy,pair_0002,01,02,01,01,happy,pair_0002_sad,-1,direct_cumulative_18_19,audio_v_edge,"[18, 19]",-3.534588098526001,-3.6721723079681396,-3.6440389156341553,0.13758420944213867,0.1094508171081543,0.028133392333984375,-3.4074008464813232
pair_0002_happy,pair_0002,01,02,01,01,happy,pair_0002_sad,-1,direct_cumulative_18_20,audio_v_edge,"[18, 19, 20]",-3.534588098526001,-3.6721723079681396,-3.676950693130493,0.13758420944213867,0.1423625946044922,-0.004778385162353516,-3.4074008464813232
pair_0002_happy,pair_0002,01,02,01,01,happy,pair_0002_sad,-1,direct_cumulative_18_21,audio_v_edge,"[18, 19, 20, 21]",-3.534588098526001,-3.6721723079681396,-3.690760850906372,0.13758420944213867,0.1561727523803711,-0.018588542938232422,-3.4074008464813232
pair_0002_happy,pair_0002,01,02,01,01,happy,pair_0002_sad,-1,direct_cumulative_18_22,audio_v_edge,"[18, 19, 20, 21, 22]",-3.534588098526001,-3.6721723079681396,-3.4754714965820312,0.13758420944213867,-0.05911660194396973,0.1967008113861084,-3.4074008464813232
pair_0002_happy,pair_0002,01,02,01,01,happy,pair_0002_sad,-1,direct_cumulative_18_23,audio_v_edge,"[18, 19, 20, 21, 22, 23]",-3.534588098526001,-3.6721723079681396,-3.4074008464813232,0.13758420944213867,-0.12718725204467773,0.2647714614868164,-3.4074008464813232
pair_0002_sad,pair_0002,01,02,01,01,sad,pair_0002_happy,1,direct_block_18,audio_v_edge,[18],-3.9419286251068115,-3.8145644664764404,-3.8541057109832764,0.1273641586303711,0.08782291412353516,0.03954124450683594,-3.8731298446655273
pair_0002_sad,pair_0002,01,02,01,01,sad,pair_0002_happy,1,direct_block_19,audio_v_edge,[19],-3.9419286251068115,-3.8145644664764404,-3.7655723094940186,0.1273641586303711,0.17635631561279297,-0.048992156982421875,-3.8731298446655273
pair_0002_sad,pair_0002,01,02,01,01,sad,pair_0002_happy,1,direct_block_20,audio_v_edge,[20],-3.9419286251068115,-3.8145644664764404,-3.783755302429199,0.1273641586303711,0.1581733226776123,-0.03080916404724121,-3.8731298446655273
pair_0002_sad,pair_0002,01,02,01,01,sad,pair_0002_happy,1,direct_block_21,audio_v_edge,[21],-3.9419286251068115,-3.8145644664764404,-3.796877145767212,0.1273641586303711,0.1450514793395996,-0.017687320709228516,-3.8731298446655273
pair_0002_sad,pair_0002,01,02,01,01,sad,pair_0002_happy,1,direct_block_22,audio_v_edge,[22],-3.9419286251068115,-3.8145644664764404,-3.8560004234313965,0.1273641586303711,0.08592820167541504,0.041435956954956055,-3.8731298446655273
pair_0002_sad,pair_0002,01,02,01,01,sad,pair_0002_happy,1,direct_block_23,audio_v_edge,[23],-3.9419286251068115,-3.8145644664764404,-3.889418840408325,0.1273641586303711,0.05250978469848633,0.07485437393188477,-3.8731298446655273
pair_0002_sad,pair_0002,01,02,01,01,sad,pair_0002_happy,1,direct_cumulative_18_19,audio_v_edge,"[18, 19]",-3.9419286251068115,-3.8145644664764404,-3.8051493167877197,0.1273641586303711,0.1367793083190918,-0.009415149688720703,-3.8731298446655273
pair_0002_sad,pair_0002,01,02,01,01,sad,pair_0002_happy,1,direct_cumulative_18_20,audio_v_edge,"[18, 19, 20]",-3.9419286251068115,-3.8145644664764404,-3.774146556854248,0.1273641586303711,0.16778206825256348,-0.04041790962219238,-3.8731298446655273
pair_0002_sad,pair_0002,01,02,01,01,sad,pair_0002_happy,1,direct_cumulative_18_21,audio_v_edge,"[18, 19, 20, 21]",-3.9419286251068115,-3.8145644664764404,-3.7557082176208496,0.1273641586303711,0.18622040748596191,-0.05885624885559082,-3.8731298446655273
pair_0002_sad,pair_0002,01,02,01,01,sad,pair_0002_happy,1,direct_cumulative_18_22,audio_v_edge,"[18, 19, 20, 21, 22]",-3.9419286251068115,-3.8145644664764404,-3.7977137565612793,0.1273641586303711,0.14421486854553223,-0.016850709915161133,-3.8731298446655273
pair_0002_sad,pair_0002,01,02,01,01,sad,pair_0002_happy,1,direct_cumulative_18_23,audio_v_edge,"[18, 19, 20, 21, 22, 23]",-3.9419286251068115,-3.8145644664764404,-3.8731298446655273,0.1273641586303711,0.06879878044128418,0.058565378189086914,-3.8731298446655273
pair_0003_happy,pair_0003,01,02,02,01,happy,pair_0003_sad,-1,direct_block_18,audio_v_edge,[18],-3.50520396232605,-3.617319107055664,-3.749587059020996,0.11211514472961426,0.2443830966949463,-0.13226795196533203,-3.592270851135254
pair_0003_happy,pair_0003,01,02,02,01,happy,pair_0003_sad,-1,direct_block_19,audio_v_edge,[19],-3.50520396232605,-3.617319107055664,-3.728590488433838,0.11211514472961426,0.22338652610778809,-0.11127138137817383,-3.592270851135254
pair_0003_happy,pair_0003,01,02,02,01,happy,pair_0003_sad,-1,direct_block_20,audio_v_edge,[20],-3.50520396232605,-3.617319107055664,-3.6515676975250244,0.11211514472961426,0.1463637351989746,-0.03424859046936035,-3.592270851135254
pair_0003_happy,pair_0003,01,02,02,01,happy,pair_0003_sad,-1,direct_block_21,audio_v_edge,[21],-3.50520396232605,-3.617319107055664,-3.64876651763916,0.11211514472961426,0.14356255531311035,-0.031447410583496094,-3.592270851135254
pair_0003_happy,pair_0003,01,02,02,01,happy,pair_0003_sad,-1,direct_block_22,audio_v_edge,[22],-3.50520396232605,-3.617319107055664,-3.3052382469177246,0.11211514472961426,-0.1999657154083252,0.31208086013793945,-3.592270851135254
pair_0003_happy,pair_0003,01,02,02,01,happy,pair_0003_sad,-1,direct_block_23,audio_v_edge,[23],-3.50520396232605,-3.617319107055664,-3.611388683319092,0.11211514472961426,0.10618472099304199,0.005930423736572266,-3.592270851135254
pair_0003_happy,pair_0003,01,02,02,01,happy,pair_0003_sad,-1,direct_cumulative_18_19,audio_v_edge,"[18, 19]",-3.50520396232605,-3.617319107055664,-3.845412254333496,0.11211514472961426,0.3402082920074463,-0.22809314727783203,-3.592270851135254
pair_0003_happy,pair_0003,01,02,02,01,happy,pair_0003_sad,-1,direct_cumulative_18_20,audio_v_edge,"[18, 19, 20]",-3.50520396232605,-3.617319107055664,-3.8814377784729004,0.11211514472961426,0.3762338161468506,-0.26411867141723633,-3.592270851135254
pair_0003_happy,pair_0003,01,02,02,01,happy,pair_0003_sad,-1,direct_cumulative_18_21,audio_v_edge,"[18, 19, 20, 21]",-3.50520396232605,-3.617319107055664,-3.911543846130371,0.11211514472961426,0.4063398838043213,-0.29422473907470703,-3.592270851135254
pair_0003_happy,pair_0003,01,02,02,01,happy,pair_0003_sad,-1,direct_cumulative_18_22,audio_v_edge,"[18, 19, 20, 21, 22]",-3.50520396232605,-3.617319107055664,-3.598144769668579,0.11211514472961426,0.0929408073425293,0.01917433738708496,-3.592270851135254
pair_0003_happy,pair_0003,01,02,02,01,happy,pair_0003_sad,-1,direct_cumulative_18_23,audio_v_edge,"[18, 19, 20, 21, 22, 23]",-3.50520396232605,-3.617319107055664,-3.592270851135254,0.11211514472961426,0.0870668888092041,0.025048255920410156,-3.592270851135254
pair_0003_sad,pair_0003,01,02,02,01,sad,pair_0003_happy,1,direct_block_18,audio_v_edge,[18],-3.6038966178894043,-3.4725728034973145,-3.322890043258667,0.13132381439208984,0.2810065746307373,-0.14968276023864746,-3.0309903621673584
pair_0003_sad,pair_0003,01,02,02,01,sad,pair_0003_happy,1,direct_block_19,audio_v_edge,[19],-3.6038966178894043,-3.4725728034973145,-3.2589430809020996,0.13132381439208984,0.3449535369873047,-0.21362972259521484,-3.0309903621673584
pair_0003_sad,pair_0003,01,02,02,01,sad,pair_0003_happy,1,direct_block_20,audio_v_edge,[20],-3.6038966178894043,-3.4725728034973145,-3.5017874240875244,0.13132381439208984,0.10210919380187988,0.02921462059020996,-3.0309903621673584
pair_0003_sad,pair_0003,01,02,02,01,sad,pair_0003_happy,1,direct_block_21,audio_v_edge,[21],-3.6038966178894043,-3.4725728034973145,-3.4308414459228516,0.13132381439208984,0.17305517196655273,-0.04173135757446289,-3.0309903621673584
pair_0003_sad,pair_0003,01,02,02,01,sad,pair_0003_happy,1,direct_block_22,audio_v_edge,[22],-3.6038966178894043,-3.4725728034973145,-3.3550033569335938,0.13132381439208984,0.24889326095581055,-0.1175694465637207,-3.0309903621673584
pair_0003_sad,pair_0003,01,02,02,01,sad,pair_0003_happy,1,direct_block_23,audio_v_edge,[23],-3.6038966178894043,-3.4725728034973145,-3.524218797683716,0.13132381439208984,0.07967782020568848,0.05164599418640137,-3.0309903621673584
pair_0003_sad,pair_0003,01,02,02,01,sad,pair_0003_happy,1,direct_cumulative_18_19,audio_v_edge,"[18, 19]",-3.6038966178894043,-3.4725728034973145,-3.1065917015075684,0.13132381439208984,0.49730491638183594,-0.3659811019897461,-3.0309903621673584
pair_0003_sad,pair_0003,01,02,02,01,sad,pair_0003_happy,1,direct_cumulative_18_20,audio_v_edge,"[18, 19, 20]",-3.6038966178894043,-3.4725728034973145,-3.1368327140808105,0.13132381439208984,0.46706390380859375,-0.3357400894165039,-3.0309903621673584
pair_0003_sad,pair_0003,01,02,02,01,sad,pair_0003_happy,1,direct_cumulative_18_21,audio_v_edge,"[18, 19, 20, 21]",-3.6038966178894043,-3.4725728034973145,-3.086652994155884,0.13132381439208984,0.5172436237335205,-0.38591980934143066,-3.0309903621673584
pair_0003_sad,pair_0003,01,02,02,01,sad,pair_0003_happy,1,direct_cumulative_18_22,audio_v_edge,"[18, 19, 20, 21, 22]",-3.6038966178894043,-3.4725728034973145,-2.975257158279419,0.13132381439208984,0.6286394596099854,-0.4973156452178955,-3.0309903621673584
pair_0003_sad,pair_0003,01,02,02,01,sad,pair_0003_happy,1,direct_cumulative_18_23,audio_v_edge,"[18, 19, 20, 21, 22, 23]",-3.6038966178894043,-3.4725728034973145,-3.0309903621673584,0.13132381439208984,0.5729062557220459,-0.44158244132995605,-3.0309903621673584
pair_0004_happy,pair_0004,02,01,01,01,happy,pair_0004_sad,-1,direct_block_18,audio_v_edge,[18],-4.263078689575195,-4.417550086975098,-4.442535400390625,0.15447139739990234,0.1794567108154297,-0.024985313415527344,-4.273280143737793
pair_0004_happy,pair_0004,02,01,01,01,happy,pair_0004_sad,-1,direct_block_19,audio_v_edge,[19],-4.263078689575195,-4.417550086975098,-4.430377960205078,0.15447139739990234,0.1672992706298828,-0.012827873229980469,-4.273280143737793
pair_0004_happy,pair_0004,02,01,01,01,happy,pair_0004_sad,-1,direct_block_20,audio_v_edge,[20],-4.263078689575195,-4.417550086975098,-4.441169738769531,0.15447139739990234,0.17809104919433594,-0.023619651794433594,-4.273280143737793
pair_0004_happy,pair_0004,02,01,01,01,happy,pair_0004_sad,-1,direct_block_21,audio_v_edge,[21],-4.263078689575195,-4.417550086975098,-4.315727710723877,0.15447139739990234,0.05264902114868164,0.1018223762512207,-4.273280143737793
pair_0004_happy,pair_0004,02,01,01,01,happy,pair_0004_sad,-1,direct_block_22,audio_v_edge,[22],-4.263078689575195,-4.417550086975098,-4.354233741760254,0.15447139739990234,0.0911550521850586,0.06331634521484375,-4.273280143737793
pair_0004_happy,pair_0004,02,01,01,01,happy,pair_0004_sad,-1,direct_block_23,audio_v_edge,[23],-4.263078689575195,-4.417550086975098,-4.387035369873047,0.15447139739990234,0.12395668029785156,0.03051471710205078,-4.273280143737793
pair_0004_happy,pair_0004,02,01,01,01,happy,pair_0004_sad,-1,direct_cumulative_18_19,audio_v_edge,"[18, 19]",-4.263078689575195,-4.417550086975098,-4.456100940704346,0.15447139739990234,0.1930222511291504,-0.03855085372924805,-4.273280143737793
pair_0004_happy,pair_0004,02,01,01,01,happy,pair_0004_sad,-1,direct_cumulative_18_20,audio_v_edge,"[18, 19, 20]",-4.263078689575195,-4.417550086975098,-4.47731876373291,0.15447139739990234,0.21424007415771484,-0.0597686767578125,-4.273280143737793
pair_0004_happy,pair_0004,02,01,01,01,happy,pair_0004_sad,-1,direct_cumulative_18_21,audio_v_edge,"[18, 19, 20, 21]",-4.263078689575195,-4.417550086975098,-4.372460842132568,0.15447139739990234,0.10938215255737305,0.0450892448425293,-4.273280143737793
pair_0004_happy,pair_0004,02,01,01,01,happy,pair_0004_sad,-1,direct_cumulative_18_22,audio_v_edge,"[18, 19, 20, 21, 22]",-4.263078689575195,-4.417550086975098,-4.305614471435547,0.15447139739990234,0.04253578186035156,0.11193561553955078,-4.273280143737793
pair_0004_happy,pair_0004,02,01,01,01,happy,pair_0004_sad,-1,direct_cumulative_18_23,audio_v_edge,"[18, 19, 20, 21, 22, 23]",-4.263078689575195,-4.417550086975098,-4.273280143737793,0.15447139739990234,0.010201454162597656,0.1442699432373047,-4.273280143737793
pair_0004_sad,pair_0004,02,01,01,01,sad,pair_0004_happy,1,direct_block_18,audio_v_edge,[18],-4.868228912353516,-4.716916084289551,-4.711264133453369,0.15131282806396484,0.15696477890014648,-0.005651950836181641,-4.694353103637695
pair_0004_sad,pair_0004,02,01,01,01,sad,pair_0004_happy,1,direct_block_19,audio_v_edge,[19],-4.868228912353516,-4.716916084289551,-4.695216178894043,0.15131282806396484,0.17301273345947266,-0.021699905395507812,-4.694353103637695
pair_0004_sad,pair_0004,02,01,01,01,sad,pair_0004_happy,1,direct_block_20,audio_v_edge,[20],-4.868228912353516,-4.716916084289551,-4.705447196960449,0.15131282806396484,0.1627817153930664,-0.011468887329101562,-4.694353103637695
pair_0004_sad,pair_0004,02,01,01,01,sad,pair_0004_happy,1,direct_block_21,audio_v_edge,[21],-4.868228912353516,-4.716916084289551,-4.640187740325928,0.15131282806396484,0.2280411720275879,-0.07672834396362305,-4.694353103637695
pair_0004_sad,pair_0004,02,01,01,01,sad,pair_0004_happy,1,direct_block_22,audio_v_edge,[22],-4.868228912353516,-4.716916084289551,-4.789196491241455,0.15131282806396484,0.07903242111206055,0.0722804069519043,-4.694353103637695
pair_0004_sad,pair_0004,02,01,01,01,sad,pair_0004_happy,1,direct_block_23,audio_v_edge,[23],-4.868228912353516,-4.716916084289551,-4.73593807220459,0.15131282806396484,0.13229084014892578,0.019021987915039062,-4.694353103637695
pair_0004_sad,pair_0004,02,01,01,01,sad,pair_0004_happy,1,direct_cumulative_18_19,audio_v_edge,"[18, 19]",-4.868228912353516,-4.716916084289551,-4.69131326675415,0.15131282806396484,0.17691564559936523,-0.02560281753540039,-4.694353103637695
pair_0004_sad,pair_0004,02,01,01,01,sad,pair_0004_happy,1,direct_cumulative_18_20,audio_v_edge,"[18, 19, 20]",-4.868228912353516,-4.716916084289551,-4.679229736328125,0.15131282806396484,0.18899917602539062,-0.03768634796142578,-4.694353103637695
pair_0004_sad,pair_0004,02,01,01,01,sad,pair_0004_happy,1,direct_cumulative_18_21,audio_v_edge,"[18, 19, 20, 21]",-4.868228912353516,-4.716916084289551,-4.601688385009766,0.15131282806396484,0.26654052734375,-0.11522769927978516,-4.694353103637695
pair_0004_sad,pair_0004,02,01,01,01,sad,pair_0004_happy,1,direct_cumulative_18_22,audio_v_edge,"[18, 19, 20, 21, 22]",-4.868228912353516,-4.716916084289551,-4.674745559692383,0.15131282806396484,0.1934833526611328,-0.04217052459716797,-4.694353103637695
pair_0004_sad,pair_0004,02,01,01,01,sad,pair_0004_happy,1,direct_cumulative_18_23,audio_v_edge,"[18, 19, 20, 21, 22, 23]",-4.868228912353516,-4.716916084289551,-4.694353103637695,0.15131282806396484,0.1738758087158203,-0.02256298065185547,-4.694353103637695
pair_0005_happy,pair_0005,02,01,02,01,happy,pair_0005_sad,-1,direct_block_18,audio_v_edge,[18],-4.474981307983398,-4.691005706787109,-4.6817522048950195,0.21602439880371094,0.2067708969116211,0.009253501892089844,-4.526449203491211
pair_0005_happy,pair_0005,02,01,02,01,happy,pair_0005_sad,-1,direct_block_19,audio_v_edge,[19],-4.474981307983398,-4.691005706787109,-4.672771453857422,0.21602439880371094,0.19779014587402344,0.0182342529296875,-4.526449203491211
pair_0005_happy,pair_0005,02,01,02,01,happy,pair_0005_sad,-1,direct_block_20,audio_v_edge,[20],-4.474981307983398,-4.691005706787109,-4.681797981262207,0.21602439880371094,0.2068166732788086,0.009207725524902344,-4.526449203491211
pair_0005_happy,pair_0005,02,01,02,01,happy,pair_0005_sad,-1,direct_block_21,audio_v_edge,[21],-4.474981307983398,-4.691005706787109,-4.621738910675049,0.21602439880371094,0.1467576026916504,0.06926679611206055,-4.526449203491211
pair_0005_happy,pair_0005,02,01,02,01,happy,pair_0005_sad,-1,direct_block_22,audio_v_edge,[22],-4.474981307983398,-4.691005706787109,-4.640383720397949,0.21602439880371094,0.16540241241455078,0.050621986389160156,-4.526449203491211
pair_0005_happy,pair_0005,02,01,02,01,happy,pair_0005_sad,-1,direct_block_23,audio_v_edge,[23],-4.474981307983398,-4.691005706787109,-4.686842441558838,0.21602439880371094,0.21186113357543945,0.004163265228271484,-4.526449203491211
pair_0005_happy,pair_0005,02,01,02,01,happy,pair_0005_sad,-1,direct_cumulative_18_19,audio_v_edge,"[18, 19]",-4.474981307983398,-4.691005706787109,-4.6635332107543945,0.21602439880371094,0.1885519027709961,0.027472496032714844,-4.526449203491211
pair_0005_happy,pair_0005,02,01,02,01,happy,pair_0005_sad,-1,direct_cumulative_18_20,audio_v_edge,"[18, 19, 20]",-4.474981307983398,-4.691005706787109,-4.6537933349609375,0.21602439880371094,0.17881202697753906,0.037212371826171875,-4.526449203491211
pair_0005_happy,pair_0005,02,01,02,01,happy,pair_0005_sad,-1,direct_cumulative_18_21,audio_v_edge,"[18, 19, 20, 21]",-4.474981307983398,-4.691005706787109,-4.583237648010254,0.21602439880371094,0.10825634002685547,0.10776805877685547,-4.526449203491211
pair_0005_happy,pair_0005,02,01,02,01,happy,pair_0005_sad,-1,direct_cumulative_18_22,audio_v_edge,"[18, 19, 20, 21, 22]",-4.474981307983398,-4.691005706787109,-4.530635833740234,0.21602439880371094,0.05565452575683594,0.160369873046875,-4.526449203491211
pair_0005_happy,pair_0005,02,01,02,01,happy,pair_0005_sad,-1,direct_cumulative_18_23,audio_v_edge,"[18, 19, 20, 21, 22, 23]",-4.474981307983398,-4.691005706787109,-4.526449203491211,0.21602439880371094,0.0514678955078125,0.16455650329589844,-4.526449203491211
pair_0005_sad,pair_0005,02,01,02,01,sad,pair_0005_happy,1,direct_block_18,audio_v_edge,[18],-4.6972336769104,-4.476657867431641,-4.472750663757324,0.22057580947875977,0.22448301315307617,-0.003907203674316406,-4.668259620666504
pair_0005_sad,pair_0005,02,01,02,01,sad,pair_0005_happy,1,direct_block_19,audio_v_edge,[19],-4.6972336769104,-4.476657867431641,-4.501736640930176,0.22057580947875977,0.1954970359802246,0.025078773498535156,-4.668259620666504
pair_0005_sad,pair_0005,02,01,02,01,sad,pair_0005_happy,1,direct_block_20,audio_v_edge,[20],-4.6972336769104,-4.476657867431641,-4.500290870666504,0.22057580947875977,0.19694280624389648,0.02363300323486328,-4.668259620666504
pair_0005_sad,pair_0005,02,01,02,01,sad,pair_0005_happy,1,direct_block_21,audio_v_edge,[21],-4.6972336769104,-4.476657867431641,-4.5248799324035645,0.22057580947875977,0.17235374450683594,0.04822206497192383,-4.668259620666504
pair_0005_sad,pair_0005,02,01,02,01,sad,pair_0005_happy,1,direct_block_22,audio_v_edge,[22],-4.6972336769104,-4.476657867431641,-4.566582679748535,0.22057580947875977,0.13065099716186523,0.08992481231689453,-4.668259620666504
pair_0005_sad,pair_0005,02,01,02,01,sad,pair_0005_happy,1,direct_block_23,audio_v_edge,[23],-4.6972336769104,-4.476657867431641,-4.4859619140625,0.22057580947875977,0.2112717628479004,0.009304046630859375,-4.668259620666504
pair_0005_sad,pair_0005,02,01,02,01,sad,pair_0005_happy,1,direct_cumulative_18_19,audio_v_edge,"[18, 19]",-4.6972336769104,-4.476657867431641,-4.498286247253418,0.22057580947875977,0.19894742965698242,0.021628379821777344,-4.668259620666504
pair_0005_sad,pair_0005,02,01,02,01,sad,pair_0005_happy,1,direct_cumulative_18_20,audio_v_edge,"[18, 19, 20]",-4.6972336769104,-4.476657867431641,-4.522192478179932,0.22057580947875977,0.17504119873046875,0.045534610748291016,-4.668259620666504
pair_0005_sad,pair_0005,02,01,02,01,sad,pair_0005_happy,1,direct_cumulative_18_21,audio_v_edge,"[18, 19, 20, 21]",-4.6972336769104,-4.476657867431641,-4.570651054382324,0.22057580947875977,0.12658262252807617,0.0939931869506836,-4.668259620666504
pair_0005_sad,pair_0005,02,01,02,01,sad,pair_0005_happy,1,direct_cumulative_18_22,audio_v_edge,"[18, 19, 20, 21, 22]",-4.6972336769104,-4.476657867431641,-4.659195423126221,0.22057580947875977,0.03803825378417969,0.18253755569458008,-4.668259620666504
pair_0005_sad,pair_0005,02,01,02,01,sad,pair_0005_happy,1,direct_cumulative_18_23,audio_v_edge,"[18, 19, 20, 21, 22, 23]",-4.6972336769104,-4.476657867431641,-4.668259620666504,0.22057580947875977,0.028974056243896484,0.19160175323486328,-4.668259620666504
pair_0006_happy,pair_0006,02,02,01,01,happy,pair_0006_sad,-1,direct_block_18,audio_v_edge,[18],-3.5094082355499268,-3.4232687950134277,-3.4097228050231934,-0.08613944053649902,-0.0996854305267334,0.013545989990234375,-3.3865549564361572
pair_0006_happy,pair_0006,02,02,01,01,happy,pair_0006_sad,-1,direct_block_19,audio_v_edge,[19],-3.5094082355499268,-3.4232687950134277,-3.4454803466796875,-0.08613944053649902,-0.06392788887023926,-0.022211551666259766,-3.3865549564361572
pair_0006_happy,pair_0006,02,02,01,01,happy,pair_0006_sad,-1,direct_block_20,audio_v_edge,[20],-3.5094082355499268,-3.4232687950134277,-3.443298816680908,-0.08613944053649902,-0.06610941886901855,-0.02003002166748047,-3.3865549564361572
pair_0006_happy,pair_0006,02,02,01,01,happy,pair_0006_sad,-1,direct_block_21,audio_v_edge,[21],-3.5094082355499268,-3.4232687950134277,-3.410548686981201,-0.08613944053649902,-0.09885954856872559,0.012720108032226562,-3.3865549564361572
pair_0006_happy,pair_0006,02,02,01,01,happy,pair_0006_sad,-1,direct_block_22,audio_v_edge,[22],-3.5094082355499268,-3.4232687950134277,-3.332319498062134,-0.08613944053649902,-0.17708873748779297,0.09094929695129395,-3.3865549564361572
pair_0006_happy,pair_0006,02,02,01,01,happy,pair_0006_sad,-1,direct_block_23,audio_v_edge,[23],-3.5094082355499268,-3.4232687950134277,-3.4576969146728516,-0.08613944053649902,-0.051711320877075195,-0.03442811965942383,-3.3865549564361572
pair_0006_happy,pair_0006,02,02,01,01,happy,pair_0006_sad,-1,direct_cumulative_18_19,audio_v_edge,"[18, 19]",-3.5094082355499268,-3.4232687950134277,-3.4295992851257324,-0.08613944053649902,-0.07980895042419434,-0.0063304901123046875,-3.3865549564361572
pair_0006_happy,pair_0006,02,02,01,01,happy,pair_0006_sad,-1,direct_cumulative_18_20,audio_v_edge,"[18, 19, 20]",-3.5094082355499268,-3.4232687950134277,-3.4493589401245117,-0.08613944053649902,-0.06004929542541504,-0.026090145111083984,-3.3865549564361572
pair_0006_happy,pair_0006,02,02,01,01,happy,pair_0006_sad,-1,direct_cumulative_18_21,audio_v_edge,"[18, 19, 20, 21]",-3.5094082355499268,-3.4232687950134277,-3.4392354488372803,-0.08613944053649902,-0.07017278671264648,-0.01596665382385254,-3.3865549564361572
pair_0006_happy,pair_0006,02,02,01,01,happy,pair_0006_sad,-1,direct_cumulative_18_22,audio_v_edge,"[18, 19, 20, 21, 22]",-3.5094082355499268,-3.4232687950134277,-3.351999282836914,-0.08613944053649902,-0.1574089527130127,0.07126951217651367,-3.3865549564361572
pair_0006_happy,pair_0006,02,02,01,01,happy,pair_0006_sad,-1,direct_cumulative_18_23,audio_v_edge,"[18, 19, 20, 21, 22, 23]",-3.5094082355499268,-3.4232687950134277,-3.3865549564361572,-0.08613944053649902,-0.12285327911376953,0.03671383857727051,-3.3865549564361572
pair_0006_sad,pair_0006,02,02,01,01,sad,pair_0006_happy,1,direct_block_18,audio_v_edge,[18],-3.7750349044799805,-3.8628392219543457,-3.7896361351013184,-0.08780431747436523,-0.01460123062133789,-0.07320308685302734,-3.4180004596710205
pair_0006_sad,pair_0006,02,02,01,01,sad,pair_0006_happy,1,direct_block_19,audio_v_edge,[19],-3.7750349044799805,-3.8628392219543457,-3.818902015686035,-0.08780431747436523,-0.04386711120605469,-0.04393720626831055,-3.4180004596710205
pair_0006_sad,pair_0006,02,02,01,01,sad,pair_0006_happy,1,direct_block_20,audio_v_edge,[20],-3.7750349044799805,-3.8628392219543457,-3.8593556880950928,-0.08780431747436523,-0.0843207836151123,-0.0034835338592529297,-3.4180004596710205
pair_0006_sad,pair_0006,02,02,01,01,sad,pair_0006_happy,1,direct_block_21,audio_v_edge,[21],-3.7750349044799805,-3.8628392219543457,-3.8193359375,-0.08780431747436523,-0.04430103302001953,-0.0435032844543457,-3.4180004596710205
pair_0006_sad,pair_0006,02,02,01,01,sad,pair_0006_happy,1,direct_block_22,audio_v_edge,[22],-3.7750349044799805,-3.8628392219543457,-3.620361804962158,-0.08780431747436523,0.15467309951782227,-0.2424774169921875,-3.4180004596710205
pair_0006_sad,pair_0006,02,02,01,01,sad,pair_0006_happy,1,direct_block_23,audio_v_edge,[23],-3.7750349044799805,-3.8628392219543457,-3.829239845275879,-0.08780431747436523,-0.05420494079589844,-0.0335993766784668,-3.4180004596710205
pair_0006_sad,pair_0006,02,02,01,01,sad,pair_0006_happy,1,direct_cumulative_18_19,audio_v_edge,"[18, 19]",-3.7750349044799805,-3.8628392219543457,-3.7466492652893066,-0.08780431747436523,0.028385639190673828,-0.11618995666503906,-3.4180004596710205
pair_0006_sad,pair_0006,02,02,01,01,sad,pair_0006_happy,1,direct_cumulative_18_20,audio_v_edge,"[18, 19, 20]",-3.7750349044799805,-3.8628392219543457,-3.742924451828003,-0.08780431747436523,0.03211045265197754,-0.11991477012634277,-3.4180004596710205
pair_0006_sad,pair_0006,02,02,01,01,sad,pair_0006_happy,1,direct_cumulative_18_21,audio_v_edge,"[18, 19, 20, 21]",-3.7750349044799805,-3.8628392219543457,-3.6988484859466553,-0.08780431747436523,0.0761864185333252,-0.16399073600769043,-3.4180004596710205
pair_0006_sad,pair_0006,02,02,01,01,sad,pair_0006_happy,1,direct_cumulative_18_22,audio_v_edge,"[18, 19, 20, 21, 22]",-3.7750349044799805,-3.8628392219543457,-3.4515633583068848,-0.08780431747436523,0.3234715461730957,-0.41127586364746094,-3.4180004596710205
pair_0006_sad,pair_0006,02,02,01,01,sad,pair_0006_happy,1,direct_cumulative_18_23,audio_v_edge,"[18, 19, 20, 21, 22, 23]",-3.7750349044799805,-3.8628392219543457,-3.4180004596710205,-0.08780431747436523,0.35703444480895996,-0.4448387622833252,-3.4180004596710205
pair_0007_happy,pair_0007,02,02,02,01,happy,pair_0007_sad,-1,direct_block_18,audio_v_edge,[18],-3.4080164432525635,-3.225398063659668,-3.217768430709839,-0.1826183795928955,-0.1902480125427246,0.0076296329498291016,-3.3263020515441895
pair_0007_happy,pair_0007,02,02,02,01,happy,pair_0007_sad,-1,direct_block_19,audio_v_edge,[19],-3.4080164432525635,-3.225398063659668,-3.328559160232544,-0.1826183795928955,-0.07945728302001953,-0.10316109657287598,-3.3263020515441895
pair_0007_happy,pair_0007,02,02,02,01,happy,pair_0007_sad,-1,direct_block_20,audio_v_edge,[20],-3.4080164432525635,-3.225398063659668,-3.226487398147583,-0.1826183795928955,-0.18152904510498047,-0.001089334487915039,-3.3263020515441895
pair_0007_happy,pair_0007,02,02,02,01,happy,pair_0007_sad,-1,direct_block_21,audio_v_edge,[21],-3.4080164432525635,-3.225398063659668,-3.1972365379333496,-0.1826183795928955,-0.21077990531921387,0.02816152572631836,-3.3263020515441895
pair_0007_happy,pair_0007,02,02,02,01,happy,pair_0007_sad,-1,direct_block_22,audio_v_edge,[22],-3.4080164432525635,-3.225398063659668,-3.231401205062866,-0.1826183795928955,-0.17661523818969727,-0.006003141403198242,-3.3263020515441895
pair_0007_happy,pair_0007,02,02,02,01,happy,pair_0007_sad,-1,direct_block_23,audio_v_edge,[23],-3.4080164432525635,-3.225398063659668,-3.250363826751709,-0.1826183795928955,-0.1576526165008545,-0.024965763092041016,-3.3263020515441895
pair_0007_happy,pair_0007,02,02,02,01,happy,pair_0007_sad,-1,direct_cumulative_18_19,audio_v_edge,"[18, 19]",-3.4080164432525635,-3.225398063659668,-3.320131540298462,-0.1826183795928955,-0.08788490295410156,-0.09473347663879395,-3.3263020515441895
pair_0007_happy,pair_0007,02,02,02,01,happy,pair_0007_sad,-1,direct_cumulative_18_20,audio_v_edge,"[18, 19, 20]",-3.4080164432525635,-3.225398063659668,-3.321601390838623,-0.1826183795928955,-0.08641505241394043,-0.09620332717895508,-3.3263020515441895
pair_0007_happy,pair_0007,02,02,02,01,happy,pair_0007_sad,-1,direct_cumulative_18_21,audio_v_edge,"[18, 19, 20, 21]",-3.4080164432525635,-3.225398063659668,-3.2940754890441895,-0.1826183795928955,-0.11394095420837402,-0.06867742538452148,-3.3263020515441895
pair_0007_happy,pair_0007,02,02,02,01,happy,pair_0007_sad,-1,direct_cumulative_18_22,audio_v_edge,"[18, 19, 20, 21, 22]",-3.4080164432525635,-3.225398063659668,-3.301863670349121,-0.1826183795928955,-0.10615277290344238,-0.07646560668945312,-3.3263020515441895
pair_0007_happy,pair_0007,02,02,02,01,happy,pair_0007_sad,-1,direct_cumulative_18_23,audio_v_edge,"[18, 19, 20, 21, 22, 23]",-3.4080164432525635,-3.225398063659668,-3.3263020515441895,-0.1826183795928955,-0.08171439170837402,-0.10090398788452148,-3.3263020515441895
pair_0007_sad,pair_0007,02,02,02,01,sad,pair_0007_happy,1,direct_block_18,audio_v_edge,[18],-3.4811511039733887,-3.659059762954712,-3.620863676071167,-0.17790865898132324,-0.13971257209777832,-0.03819608688354492,-3.343435764312744
pair_0007_sad,pair_0007,02,02,02,01,sad,pair_0007_happy,1,direct_block_19,audio_v_edge,[19],-3.4811511039733887,-3.659059762954712,-3.5532803535461426,-0.17790865898132324,-0.0721292495727539,-0.10577940940856934,-3.343435764312744
pair_0007_sad,pair_0007,02,02,02,01,sad,pair_0007_happy,1,direct_block_20,audio_v_edge,[20],-3.4811511039733887,-3.659059762954712,-3.6588854789733887,-0.17790865898132324,-0.177734375,-0.0001742839813232422,-3.343435764312744
pair_0007_sad,pair_0007,02,02,02,01,sad,pair_0007_happy,1,direct_block_21,audio_v_edge,[21],-3.4811511039733887,-3.659059762954712,-3.650076150894165,-0.17790865898132324,-0.16892504692077637,-0.008983612060546875,-3.343435764312744
pair_0007_sad,pair_0007,02,02,02,01,sad,pair_0007_happy,1,direct_block_22,audio_v_edge,[22],-3.4811511039733887,-3.659059762954712,-3.5345027446746826,-0.17790865898132324,-0.053351640701293945,-0.1245570182800293,-3.343435764312744
pair_0007_sad,pair_0007,02,02,02,01,sad,pair_0007_happy,1,direct_block_23,audio_v_edge,[23],-3.4811511039733887,-3.659059762954712,-3.6252105236053467,-0.17790865898132324,-0.144059419631958,-0.033849239349365234,-3.343435764312744
pair_0007_sad,pair_0007,02,02,02,01,sad,pair_0007_happy,1,direct_cumulative_18_19,audio_v_edge,"[18, 19]",-3.4811511039733887,-3.659059762954712,-3.5148568153381348,-0.17790865898132324,-0.033705711364746094,-0.14420294761657715,-3.343435764312744
pair_0007_sad,pair_0007,02,02,02,01,sad,pair_0007_happy,1,direct_cumulative_18_20,audio_v_edge,"[18, 19, 20]",-3.4811511039733887,-3.659059762954712,-3.514573097229004,-0.17790865898132324,-0.033421993255615234,-0.144486665725708,-3.343435764312744
pair_0007_sad,pair_0007,02,02,02,01,sad,pair_0007_happy,1,direct_cumulative_18_21,audio_v_edge,"[18, 19, 20, 21]",-3.4811511039733887,-3.659059762954712,-3.5056934356689453,-0.17790865898132324,-0.02454233169555664,-0.1533663272857666,-3.343435764312744
pair_0007_sad,pair_0007,02,02,02,01,sad,pair_0007_happy,1,direct_cumulative_18_22,audio_v_edge,"[18, 19, 20, 21, 22]",-3.4811511039733887,-3.659059762954712,-3.377481460571289,-0.17790865898132324,0.10366964340209961,-0.28157830238342285,-3.343435764312744
pair_0007_sad,pair_0007,02,02,02,01,sad,pair_0007_happy,1,direct_cumulative_18_23,audio_v_edge,"[18, 19, 20, 21, 22, 23]",-3.4811511039733887,-3.659059762954712,-3.343435764312744,-0.17790865898132324,0.13771533966064453,-0.3156239986419678,-3.343435764312744
pair_0008_happy,pair_0008,03,01,01,01,happy,pair_0008_sad,-1,direct_block_18,audio_v_edge,[18],-4.699073791503906,-4.65715217590332,-4.637867450714111,-0.04192161560058594,-0.06120634078979492,0.019284725189208984,-4.7165069580078125
pair_0008_happy,pair_0008,03,01,01,01,happy,pair_0008_sad,-1,direct_block_19,audio_v_edge,[19],-4.699073791503906,-4.65715217590332,-4.66398811340332,-0.04192161560058594,-0.03508567810058594,-0.0068359375,-4.7165069580078125
pair_0008_happy,pair_0008,03,01,01,01,happy,pair_0008_sad,-1,direct_block_20,audio_v_edge,[20],-4.699073791503906,-4.65715217590332,-4.650164604187012,-0.04192161560058594,-0.04890918731689453,0.006987571716308594,-4.7165069580078125
pair_0008_happy,pair_0008,03,01,01,01,happy,pair_0008_sad,-1,direct_block_21,audio_v_edge,[21],-4.699073791503906,-4.65715217590332,-4.702311992645264,-0.04192161560058594,0.003238201141357422,-0.04515981674194336,-4.7165069580078125
pair_0008_happy,pair_0008,03,01,01,01,happy,pair_0008_sad,-1,direct_block_22,audio_v_edge,[22],-4.699073791503906,-4.65715217590332,-4.666720390319824,-0.04192161560058594,-0.03235340118408203,-0.009568214416503906,-4.7165069580078125
pair_0008_happy,pair_0008,03,01,01,01,happy,pair_0008_sad,-1,direct_block_23,audio_v_edge,[23],-4.699073791503906,-4.65715217590332,-4.682013511657715,-0.04192161560058594,-0.017060279846191406,-0.02486133575439453,-4.7165069580078125
pair_0008_happy,pair_0008,03,01,01,01,happy,pair_0008_sad,-1,direct_cumulative_18_19,audio_v_edge,"[18, 19]",-4.699073791503906,-4.65715217590332,-4.644751071929932,-0.04192161560058594,-0.05432271957397461,0.012401103973388672,-4.7165069580078125
pair_0008_happy,pair_0008,03,01,01,01,happy,pair_0008_sad,-1,direct_cumulative_18_20,audio_v_edge,"[18, 19, 20]",-4.699073791503906,-4.65715217590332,-4.63778018951416,-0.04192161560058594,-0.061293601989746094,0.019371986389160156,-4.7165069580078125
pair_0008_happy,pair_0008,03,01,01,01,happy,pair_0008_sad,-1,direct_cumulative_18_21,audio_v_edge,"[18, 19, 20, 21]",-4.699073791503906,-4.65715217590332,-4.68085241317749,-0.04192161560058594,-0.018221378326416016,-0.023700237274169922,-4.7165069580078125
pair_0008_happy,pair_0008,03,01,01,01,happy,pair_0008_sad,-1,direct_cumulative_18_22,audio_v_edge,"[18, 19, 20, 21, 22]",-4.699073791503906,-4.65715217590332,-4.692432880401611,-0.04192161560058594,-0.006640911102294922,-0.035280704498291016,-4.7165069580078125
pair_0008_happy,pair_0008,03,01,01,01,happy,pair_0008_sad,-1,direct_cumulative_18_23,audio_v_edge,"[18, 19, 20, 21, 22, 23]",-4.699073791503906,-4.65715217590332,-4.7165069580078125,-0.04192161560058594,0.01743316650390625,-0.05935478210449219,-4.7165069580078125
pair_0008_sad,pair_0008,03,01,01,01,sad,pair_0008_happy,1,direct_block_18,audio_v_edge,[18],-4.5847086906433105,-4.626273155212402,-4.674044609069824,-0.0415644645690918,-0.08933591842651367,0.047771453857421875,-4.738361358642578
pair_0008_sad,pair_0008,03,01,01,01,sad,pair_0008_happy,1,direct_block_19,audio_v_edge,[19],-4.5847086906433105,-4.626273155212402,-4.638762950897217,-0.0415644645690918,-0.05405426025390625,0.012489795684814453,-4.738361358642578
pair_0008_sad,pair_0008,03,01,01,01,sad,pair_0008_happy,1,direct_block_20,audio_v_edge,[20],-4.5847086906433105,-4.626273155212402,-4.650888919830322,-0.0415644645690918,-0.06618022918701172,0.024615764617919922,-4.738361358642578
pair_0008_sad,pair_0008,03,01,01,01,sad,pair_0008_happy,1,direct_block_21,audio_v_edge,[21],-4.5847086906433105,-4.626273155212402,-4.6640729904174805,-0.0415644645690918,-0.07936429977416992,0.037799835205078125,-4.738361358642578
pair_0008_sad,pair_0008,03,01,01,01,sad,pair_0008_happy,1,direct_block_22,audio_v_edge,[22],-4.5847086906433105,-4.626273155212402,-4.619318962097168,-0.0415644645690918,-0.03461027145385742,-0.006954193115234375,-4.738361358642578
pair_0008_sad,pair_0008,03,01,01,01,sad,pair_0008_happy,1,direct_block_23,audio_v_edge,[23],-4.5847086906433105,-4.626273155212402,-4.61828088760376,-0.0415644645690918,-0.03357219696044922,-0.007992267608642578,-4.738361358642578
pair_0008_sad,pair_0008,03,01,01,01,sad,pair_0008_happy,1,direct_cumulative_18_19,audio_v_edge,"[18, 19]",-4.5847086906433105,-4.626273155212402,-4.688010215759277,-0.0415644645690918,-0.1033015251159668,0.061737060546875,-4.738361358642578
pair_0008_sad,pair_0008,03,01,01,01,sad,pair_0008_happy,1,direct_cumulative_18_20,audio_v_edge,"[18, 19, 20]",-4.5847086906433105,-4.626273155212402,-4.711125373840332,-0.0415644645690918,-0.12641668319702148,0.08485221862792969,-4.738361358642578
pair_0008_sad,pair_0008,03,01,01,01,sad,pair_0008_happy,1,direct_cumulative_18_21,audio_v_edge,"[18, 19, 20, 21]",-4.5847086906433105,-4.626273155212402,-4.752080917358398,-0.0415644645690918,-0.1673722267150879,0.1258077621459961,-4.738361358642578
pair_0008_sad,pair_0008,03,01,01,01,sad,pair_0008_happy,1,direct_cumulative_18_22,audio_v_edge,"[18, 19, 20, 21, 22]",-4.5847086906433105,-4.626273155212402,-4.747570991516113,-0.0415644645690918,-0.16286230087280273,0.12129783630371094,-4.738361358642578
pair_0008_sad,pair_0008,03,01,01,01,sad,pair_0008_happy,1,direct_cumulative_18_23,audio_v_edge,"[18, 19, 20, 21, 22, 23]",-4.5847086906433105,-4.626273155212402,-4.738361358642578,-0.0415644645690918,-0.15365266799926758,0.11208820343017578,-4.738361358642578
pair_0009_happy,pair_0009,03,01,02,01,happy,pair_0009_sad,-1,direct_block_18,audio_v_edge,[18],-4.718820571899414,-4.693161964416504,-4.7155537605285645,-0.025658607482910156,-0.0032668113708496094,-0.022391796112060547,-4.787245273590088
pair_0009_happy,pair_0009,03,01,02,01,happy,pair_0009_sad,-1,direct_block_19,audio_v_edge,[19],-4.718820571899414,-4.693161964416504,-4.742239952087402,-0.025658607482910156,0.02341938018798828,-0.04907798767089844,-4.787245273590088
pair_0009_happy,pair_0009,03,01,02,01,happy,pair_0009_sad,-1,direct_block_20,audio_v_edge,[20],-4.718820571899414,-4.693161964416504,-4.692007064819336,-0.025658607482910156,-0.026813507080078125,0.0011548995971679688,-4.787245273590088
pair_0009_happy,pair_0009,03,01,02,01,happy,pair_0009_sad,-1,direct_block_21,audio_v_edge,[21],-4.718820571899414,-4.693161964416504,-4.702701568603516,-0.025658607482910156,-0.016119003295898438,-0.009539604187011719,-4.787245273590088
pair_0009_happy,pair_0009,03,01,02,01,happy,pair_0009_sad,-1,direct_block_22,audio_v_edge,[22],-4.718820571899414,-4.693161964416504,-4.732153415679932,-0.025658607482910156,0.013332843780517578,-0.038991451263427734,-4.787245273590088
pair_0009_happy,pair_0009,03,01,02,01,happy,pair_0009_sad,-1,direct_block_23,audio_v_edge,[23],-4.718820571899414,-4.693161964416504,-4.6655988693237305,-0.025658607482910156,-0.053221702575683594,0.027563095092773438,-4.787245273590088
pair_0009_happy,pair_0009,03,01,02,01,happy,pair_0009_sad,-1,direct_cumulative_18_19,audio_v_edge,"[18, 19]",-4.718820571899414,-4.693161964416504,-4.76506233215332,-0.025658607482910156,0.04624176025390625,-0.0719003677368164,-4.787245273590088
pair_0009_happy,pair_0009,03,01,02,01,happy,pair_0009_sad,-1,direct_cumulative_18_20,audio_v_edge,"[18, 19, 20]",-4.718820571899414,-4.693161964416504,-4.763523101806641,-0.025658607482910156,0.04470252990722656,-0.07036113739013672,-4.787245273590088
pair_0009_happy,pair_0009,03,01,02,01,happy,pair_0009_sad,-1,direct_cumulative_18_21,audio_v_edge,"[18, 19, 20, 21]",-4.718820571899414,-4.693161964416504,-4.773404121398926,-0.025658607482910156,0.05458354949951172,-0.08024215698242188,-4.787245273590088
pair_0009_happy,pair_0009,03,01,02,01,happy,pair_0009_sad,-1,direct_cumulative_18_22,audio_v_edge,"[18, 19, 20, 21, 22]",-4.718820571899414,-4.693161964416504,-4.8141632080078125,-0.025658607482910156,0.09534263610839844,-0.1210012435913086,-4.787245273590088
pair_0009_happy,pair_0009,03,01,02,01,happy,pair_0009_sad,-1,direct_cumulative_18_23,audio_v_edge,"[18, 19, 20, 21, 22, 23]",-4.718820571899414,-4.693161964416504,-4.787245273590088,-0.025658607482910156,0.06842470169067383,-0.09408330917358398,-4.787245273590088
pair_0009_sad,pair_0009,03,01,02,01,sad,pair_0009_happy,1,direct_block_18,audio_v_edge,[18],-4.377320289611816,-4.400700569152832,-4.391262054443359,-0.023380279541015625,-0.013941764831542969,-0.009438514709472656,-4.265852928161621
pair_0009_sad,pair_0009,03,01,02,01,sad,pair_0009_happy,1,direct_block_19,audio_v_edge,[19],-4.377320289611816,-4.400700569152832,-4.333376407623291,-0.023380279541015625,0.04394388198852539,-0.06732416152954102,-4.265852928161621
pair_0009_sad,pair_0009,03,01,02,01,sad,pair_0009_happy,1,direct_block_20,audio_v_edge,[20],-4.377320289611816,-4.400700569152832,-4.418357849121094,-0.023380279541015625,-0.041037559509277344,0.01765727996826172,-4.265852928161621
pair_0009_sad,pair_0009,03,01,02,01,sad,pair_0009_happy,1,direct_block_21,audio_v_edge,[21],-4.377320289611816,-4.400700569152832,-4.304693222045898,-0.023380279541015625,0.07262706756591797,-0.0960073471069336,-4.265852928161621
pair_0009_sad,pair_0009,03,01,02,01,sad,pair_0009_happy,1,direct_block_22,audio_v_edge,[22],-4.377320289611816,-4.400700569152832,-4.389244556427002,-0.023380279541015625,-0.011924266815185547,-0.011456012725830078,-4.265852928161621
pair_0009_sad,pair_0009,03,01,02,01,sad,pair_0009_happy,1,direct_block_23,audio_v_edge,[23],-4.377320289611816,-4.400700569152832,-4.43144416809082,-0.023380279541015625,-0.054123878479003906,0.03074359893798828,-4.265852928161621
pair_0009_sad,pair_0009,03,01,02,01,sad,pair_0009_happy,1,direct_cumulative_18_19,audio_v_edge,"[18, 19]",-4.377320289611816,-4.400700569152832,-4.323988914489746,-0.023380279541015625,0.05333137512207031,-0.07671165466308594,-4.265852928161621
pair_0009_sad,pair_0009,03,01,02,01,sad,pair_0009_happy,1,direct_cumulative_18_20,audio_v_edge,"[18, 19, 20]",-4.377320289611816,-4.400700569152832,-4.341099739074707,-0.023380279541015625,0.036220550537109375,-0.059600830078125,-4.265852928161621
pair_0009_sad,pair_0009,03,01,02,01,sad,pair_0009_happy,1,direct_cumulative_18_21,audio_v_edge,"[18, 19, 20, 21]",-4.377320289611816,-4.400700569152832,-4.243928909301758,-0.023380279541015625,0.1333913803100586,-0.15677165985107422,-4.265852928161621
pair_0009_sad,pair_0009,03,01,02,01,sad,pair_0009_happy,1,direct_cumulative_18_22,audio_v_edge,"[18, 19, 20, 21, 22]",-4.377320289611816,-4.400700569152832,-4.232793807983398,-0.023380279541015625,0.14452648162841797,-0.1679067611694336,-4.265852928161621
pair_0009_sad,pair_0009,03,01,02,01,sad,pair_0009_happy,1,direct_cumulative_18_23,audio_v_edge,"[18, 19, 20, 21, 22, 23]",-4.377320289611816,-4.400700569152832,-4.265852928161621,-0.023380279541015625,0.11146736145019531,-0.13484764099121094,-4.265852928161621
pair_0010_happy,pair_0010,03,02,01,01,happy,pair_0010_sad,-1,direct_block_18,audio_v_edge,[18],-3.694944143295288,-3.698333978652954,-3.630565643310547,0.0033898353576660156,-0.06437849998474121,0.06776833534240723,-3.5935356616973877
pair_0010_happy,pair_0010,03,02,01,01,happy,pair_0010_sad,-1,direct_block_19,audio_v_edge,[19],-3.694944143295288,-3.698333978652954,-3.6760640144348145,0.0033898353576660156,-0.018880128860473633,0.02226996421813965,-3.5935356616973877
pair_0010_happy,pair_0010,03,02,01,01,happy,pair_0010_sad,-1,direct_block_20,audio_v_edge,[20],-3.694944143295288,-3.698333978652954,-3.7282443046569824,0.0033898353576660156,0.033300161361694336,-0.02991032600402832,-3.5935356616973877
pair_0010_happy,pair_0010,03,02,01,01,happy,pair_0010_sad,-1,direct_block_21,audio_v_edge,[21],-3.694944143295288,-3.698333978652954,-3.683213949203491,0.0033898353576660156,-0.011730194091796875,0.01512002944946289,-3.5935356616973877
pair_0010_happy,pair_0010,03,02,01,01,happy,pair_0010_sad,-1,direct_block_22,audio_v_edge,[22],-3.694944143295288,-3.698333978652954,-3.674304962158203,0.0033898353576660156,-0.02063918113708496,0.024029016494750977,-3.5935356616973877
pair_0010_happy,pair_0010,03,02,01,01,happy,pair_0010_sad,-1,direct_block_23,audio_v_edge,[23],-3.694944143295288,-3.698333978652954,-3.6869845390319824,0.0033898353576660156,-0.007959604263305664,0.01134943962097168,-3.5935356616973877
pair_0010_happy,pair_0010,03,02,01,01,happy,pair_0010_sad,-1,direct_cumulative_18_19,audio_v_edge,"[18, 19]",-3.694944143295288,-3.698333978652954,-3.612042188644409,0.0033898353576660156,-0.0829019546508789,0.08629179000854492,-3.5935356616973877
pair_0010_happy,pair_0010,03,02,01,01,happy,pair_0010_sad,-1,direct_cumulative_18_20,audio_v_edge,"[18, 19, 20]",-3.694944143295288,-3.698333978652954,-3.644030809402466,0.0033898353576660156,-0.050913333892822266,0.05430316925048828,-3.5935356616973877
pair_0010_happy,pair_0010,03,02,01,01,happy,pair_0010_sad,-1,direct_cumulative_18_21,audio_v_edge,"[18, 19, 20, 21]",-3.694944143295288,-3.698333978652954,-3.627967119216919,0.0033898353576660156,-0.06697702407836914,0.07036685943603516,-3.5935356616973877
pair_0010_happy,pair_0010,03,02,01,01,happy,pair_0010_sad,-1,direct_cumulative_18_22,audio_v_edge,"[18, 19, 20, 21, 22]",-3.694944143295288,-3.698333978652954,-3.6046202182769775,0.0033898353576660156,-0.09032392501831055,0.09371376037597656,-3.5935356616973877
pair_0010_happy,pair_0010,03,02,01,01,happy,pair_0010_sad,-1,direct_cumulative_18_23,audio_v_edge,"[18, 19, 20, 21, 22, 23]",-3.694944143295288,-3.698333978652954,-3.5935356616973877,0.0033898353576660156,-0.10140848159790039,0.1047983169555664,-3.5935356616973877
pair_0010_sad,pair_0010,03,02,01,01,sad,pair_0010_happy,1,direct_block_18,audio_v_edge,[18],-3.3699402809143066,-3.3681600093841553,-3.502627372741699,0.0017802715301513672,-0.13268709182739258,0.13446736335754395,-3.513655185699463
pair_0010_sad,pair_0010,03,02,01,01,sad,pair_0010_happy,1,direct_block_19,audio_v_edge,[19],-3.3699402809143066,-3.3681600093841553,-3.3298959732055664,0.0017802715301513672,0.040044307708740234,-0.03826403617858887,-3.513655185699463
pair_0010_sad,pair_0010,03,02,01,01,sad,pair_0010_happy,1,direct_block_20,audio_v_edge,[20],-3.3699402809143066,-3.3681600093841553,-3.3645248413085938,0.0017802715301513672,0.005415439605712891,-0.0036351680755615234,-3.513655185699463
pair_0010_sad,pair_0010,03,02,01,01,sad,pair_0010_happy,1,direct_block_21,audio_v_edge,[21],-3.3699402809143066,-3.3681600093841553,-3.3643851280212402,0.0017802715301513672,0.005555152893066406,-0.003774881362915039,-3.513655185699463
pair_0010_sad,pair_0010,03,02,01,01,sad,pair_0010_happy,1,direct_block_22,audio_v_edge,[22],-3.3699402809143066,-3.3681600093841553,-3.402620315551758,0.0017802715301513672,-0.03268003463745117,0.03446030616760254,-3.513655185699463
pair_0010_sad,pair_0010,03,02,01,01,sad,pair_0010_happy,1,direct_block_23,audio_v_edge,[23],-3.3699402809143066,-3.3681600093841553,-3.386765718460083,0.0017802715301513672,-0.016825437545776367,0.018605709075927734,-3.513655185699463
pair_0010_sad,pair_0010,03,02,01,01,sad,pair_0010_happy,1,direct_cumulative_18_19,audio_v_edge,"[18, 19]",-3.3699402809143066,-3.3681600093841553,-3.466437816619873,0.0017802715301513672,-0.0964975357055664,0.09827780723571777,-3.513655185699463
pair_0010_sad,pair_0010,03,02,01,01,sad,pair_0010_happy,1,direct_cumulative_18_20,audio_v_edge,"[18, 19, 20]",-3.3699402809143066,-3.3681600093841553,-3.4624557495117188,0.0017802715301513672,-0.09251546859741211,0.09429574012756348,-3.513655185699463
pair_0010_sad,pair_0010,03,02,01,01,sad,pair_0010_happy,1,direct_cumulative_18_21,audio_v_edge,"[18, 19, 20, 21]",-3.3699402809143066,-3.3681600093841553,-3.4613189697265625,0.0017802715301513672,-0.09137868881225586,0.09315896034240723,-3.513655185699463
pair_0010_sad,pair_0010,03,02,01,01,sad,pair_0010_happy,1,direct_cumulative_18_22,audio_v_edge,"[18, 19, 20, 21, 22]",-3.3699402809143066,-3.3681600093841553,-3.4956116676330566,0.0017802715301513672,-0.12567138671875,0.12745165824890137,-3.513655185699463
pair_0010_sad,pair_0010,03,02,01,01,sad,pair_0010_happy,1,direct_cumulative_18_23,audio_v_edge,"[18, 19, 20, 21, 22, 23]",-3.3699402809143066,-3.3681600093841553,-3.513655185699463,0.0017802715301513672,-0.14371490478515625,0.14549517631530762,-3.513655185699463
pair_0011_happy,pair_0011,03,02,02,01,happy,pair_0011_sad,-1,direct_block_18,audio_v_edge,[18],-3.5249128341674805,-3.4806737899780273,-3.468526601791382,-0.044239044189453125,-0.05638623237609863,0.012147188186645508,-3.411039352416992
pair_0011_happy,pair_0011,03,02,02,01,happy,pair_0011_sad,-1,direct_block_19,audio_v_edge,[19],-3.5249128341674805,-3.4806737899780273,-3.4897100925445557,-0.044239044189453125,-0.035202741622924805,-0.00903630256652832,-3.411039352416992
pair_0011_happy,pair_0011,03,02,02,01,happy,pair_0011_sad,-1,direct_block_20,audio_v_edge,[20],-3.5249128341674805,-3.4806737899780273,-3.504937171936035,-0.044239044189453125,-0.019975662231445312,-0.024263381958007812,-3.411039352416992
pair_0011_happy,pair_0011,03,02,02,01,happy,pair_0011_sad,-1,direct_block_21,audio_v_edge,[21],-3.5249128341674805,-3.4806737899780273,-3.4753174781799316,-0.044239044189453125,-0.04959535598754883,0.005356311798095703,-3.411039352416992
pair_0011_happy,pair_0011,03,02,02,01,happy,pair_0011_sad,-1,direct_block_22,audio_v_edge,[22],-3.5249128341674805,-3.4806737899780273,-3.4158413410186768,-0.044239044189453125,-0.10907149314880371,0.06483244895935059,-3.411039352416992
pair_0011_happy,pair_0011,03,02,02,01,happy,pair_0011_sad,-1,direct_block_23,audio_v_edge,[23],-3.5249128341674805,-3.4806737899780273,-3.4573042392730713,-0.044239044189453125,-0.06760859489440918,0.023369550704956055,-3.411039352416992
pair_0011_happy,pair_0011,03,02,02,01,happy,pair_0011_sad,-1,direct_cumulative_18_19,audio_v_edge,"[18, 19]",-3.5249128341674805,-3.4806737899780273,-3.482553005218506,-0.044239044189453125,-0.04235982894897461,-0.0018792152404785156,-3.411039352416992
pair_0011_happy,pair_0011,03,02,02,01,happy,pair_0011_sad,-1,direct_cumulative_18_20,audio_v_edge,"[18, 19, 20]",-3.5249128341674805,-3.4806737899780273,-3.5073318481445312,-0.044239044189453125,-0.01758098602294922,-0.026658058166503906,-3.411039352416992
pair_0011_happy,pair_0011,03,02,02,01,happy,pair_0011_sad,-1,direct_cumulative_18_21,audio_v_edge,"[18, 19, 20, 21]",-3.5249128341674805,-3.4806737899780273,-3.500903606414795,-0.044239044189453125,-0.024009227752685547,-0.020229816436767578,-3.411039352416992
pair_0011_happy,pair_0011,03,02,02,01,happy,pair_0011_sad,-1,direct_cumulative_18_22,audio_v_edge,"[18, 19, 20, 21, 22]",-3.5249128341674805,-3.4806737899780273,-3.4355976581573486,-0.044239044189453125,-0.08931517601013184,0.04507613182067871,-3.411039352416992
pair_0011_happy,pair_0011,03,02,02,01,happy,pair_0011_sad,-1,direct_cumulative_18_23,audio_v_edge,"[18, 19, 20, 21, 22, 23]",-3.5249128341674805,-3.4806737899780273,-3.411039352416992,-0.044239044189453125,-0.11387348175048828,0.06963443756103516,-3.411039352416992
pair_0011_sad,pair_0011,03,02,02,01,sad,pair_0011_happy,1,direct_block_18,audio_v_edge,[18],-3.3314507007598877,-3.3742005825042725,-3.4562227725982666,-0.042749881744384766,-0.1247720718383789,0.08202219009399414,-3.422189950942993
pair_0011_sad,pair_0011,03,02,02,01,sad,pair_0011_happy,1,direct_block_19,audio_v_edge,[19],-3.3314507007598877,-3.3742005825042725,-3.342916965484619,-0.042749881744384766,-0.011466264724731445,-0.03128361701965332,-3.422189950942993
pair_0011_sad,pair_0011,03,02,02,01,sad,pair_0011_happy,1,direct_block_20,audio_v_edge,[20],-3.3314507007598877,-3.3742005825042725,-3.378171920776367,-0.042749881744384766,-0.04672122001647949,0.0039713382720947266,-3.422189950942993
pair_0011_sad,pair_0011,03,02,02,01,sad,pair_0011_happy,1,direct_block_21,audio_v_edge,[21],-3.3314507007598877,-3.3742005825042725,-3.356245279312134,-0.042749881744384766,-0.024794578552246094,-0.017955303192138672,-3.422189950942993
pair_0011_sad,pair_0011,03,02,02,01,sad,pair_0011_happy,1,direct_block_22,audio_v_edge,[22],-3.3314507007598877,-3.3742005825042725,-3.3685293197631836,-0.042749881744384766,-0.0370786190032959,-0.005671262741088867,-3.422189950942993
pair_0011_sad,pair_0011,03,02,02,01,sad,pair_0011_happy,1,direct_block_23,audio_v_edge,[23],-3.3314507007598877,-3.3742005825042725,-3.3911452293395996,-0.042749881744384766,-0.059694528579711914,0.01694464683532715,-3.422189950942993
pair_0011_sad,pair_0011,03,02,02,01,sad,pair_0011_happy,1,direct_cumulative_18_19,audio_v_edge,"[18, 19]",-3.3314507007598877,-3.3742005825042725,-3.4258875846862793,-0.042749881744384766,-0.0944368839263916,0.051687002182006836,-3.422189950942993
pair_0011_sad,pair_0011,03,02,02,01,sad,pair_0011_happy,1,direct_cumulative_18_20,audio_v_edge,"[18, 19, 20]",-3.3314507007598877,-3.3742005825042725,-3.4296364784240723,-0.042749881744384766,-0.09818577766418457,0.055435895919799805,-3.422189950942993
pair_0011_sad,pair_0011,03,02,02,01,sad,pair_0011_happy,1,direct_cumulative_18_21,audio_v_edge,"[18, 19, 20, 21]",-3.3314507007598877,-3.3742005825042725,-3.414975881576538,-0.042749881744384766,-0.08352518081665039,0.040775299072265625,-3.422189950942993
pair_0011_sad,pair_0011,03,02,02,01,sad,pair_0011_happy,1,direct_cumulative_18_22,audio_v_edge,"[18, 19, 20, 21, 22]",-3.3314507007598877,-3.3742005825042725,-3.4063453674316406,-0.042749881744384766,-0.07489466667175293,0.032144784927368164,-3.422189950942993
pair_0011_sad,pair_0011,03,02,02,01,sad,pair_0011_happy,1,direct_cumulative_18_23,audio_v_edge,"[18, 19, 20, 21, 22, 23]",-3.3314507007598877,-3.3742005825042725,-3.422189950942993,-0.042749881744384766,-0.09073925018310547,0.0479893684387207,-3.422189950942993
pair_0012_happy,pair_0012,04,01,01,01,happy,pair_0012_sad,-1,direct_block_18,audio_v_edge,[18],-4.602723121643066,-4.951047420501709,-4.942495822906494,0.3483242988586426,0.33977270126342773,0.008551597595214844,-4.702999591827393
pair_0012_happy,pair_0012,04,01,01,01,happy,pair_0012_sad,-1,direct_block_19,audio_v_edge,[19],-4.602723121643066,-4.951047420501709,-4.836395740509033,0.3483242988586426,0.2336726188659668,0.11465167999267578,-4.702999591827393
pair_0012_happy,pair_0012,04,01,01,01,happy,pair_0012_sad,-1,direct_block_20,audio_v_edge,[20],-4.602723121643066,-4.951047420501709,-4.951083183288574,0.3483242988586426,0.3483600616455078,-3.5762786865234375e-05,-4.702999591827393
pair_0012_happy,pair_0012,04,01,01,01,happy,pair_0012_sad,-1,direct_block_21,audio_v_edge,[21],-4.602723121643066,-4.951047420501709,-4.817522048950195,0.3483242988586426,0.2147989273071289,0.13352537155151367,-4.702999591827393
pair_0012_happy,pair_0012,04,01,01,01,happy,pair_0012_sad,-1,direct_block_22,audio_v_edge,[22],-4.602723121643066,-4.951047420501709,-4.954383373260498,0.3483242988586426,0.35166025161743164,-0.0033359527587890625,-4.702999591827393
pair_0012_happy,pair_0012,04,01,01,01,happy,pair_0012_sad,-1,direct_block_23,audio_v_edge,[23],-4.602723121643066,-4.951047420501709,-4.957727909088135,0.3483242988586426,0.35500478744506836,-0.006680488586425781,-4.702999591827393
pair_0012_happy,pair_0012,04,01,01,01,happy,pair_0012_sad,-1,direct_cumulative_18_19,audio_v_edge,"[18, 19]",-4.602723121643066,-4.951047420501709,-4.829413890838623,0.3483242988586426,0.22669076919555664,0.12163352966308594,-4.702999591827393
pair_0012_happy,pair_0012,04,01,01,01,happy,pair_0012_sad,-1,direct_cumulative_18_20,audio_v_edge,"[18, 19, 20]",-4.602723121643066,-4.951047420501709,-4.830718994140625,0.3483242988586426,0.2279958724975586,0.12032842636108398,-4.702999591827393
pair_0012_happy,pair_0012,04,01,01,01,happy,pair_0012_sad,-1,direct_cumulative_18_21,audio_v_edge,"[18, 19, 20, 21]",-4.602723121643066,-4.951047420501709,-4.691450119018555,0.3483242988586426,0.08872699737548828,0.2595973014831543,-4.702999591827393
pair_0012_happy,pair_0012,04,01,01,01,happy,pair_0012_sad,-1,direct_cumulative_18_22,audio_v_edge,"[18, 19, 20, 21, 22]",-4.602723121643066,-4.951047420501709,-4.696699142456055,0.3483242988586426,0.09397602081298828,0.2543482780456543,-4.702999591827393
pair_0012_happy,pair_0012,04,01,01,01,happy,pair_0012_sad,-1,direct_cumulative_18_23,audio_v_edge,"[18, 19, 20, 21, 22, 23]",-4.602723121643066,-4.951047420501709,-4.702999591827393,0.3483242988586426,0.10027647018432617,0.2480478286743164,-4.702999591827393
pair_0012_sad,pair_0012,04,01,01,01,sad,pair_0012_happy,1,direct_block_18,audio_v_edge,[18],-4.866759777069092,-4.516707420349121,-4.485664367675781,0.3500523567199707,0.38109540939331055,-0.031043052673339844,-4.811566352844238
pair_0012_sad,pair_0012,04,01,01,01,sad,pair_0012_happy,1,direct_block_19,audio_v_edge,[19],-4.866759777069092,-4.516707420349121,-4.621415615081787,0.3500523567199707,0.2453441619873047,0.10470819473266602,-4.811566352844238
pair_0012_sad,pair_0012,04,01,01,01,sad,pair_0012_happy,1,direct_block_20,audio_v_edge,[20],-4.866759777069092,-4.516707420349121,-4.531047821044922,0.3500523567199707,0.3357119560241699,0.014340400695800781,-4.811566352844238
pair_0012_sad,pair_0012,04,01,01,01,sad,pair_0012_happy,1,direct_block_21,audio_v_edge,[21],-4.866759777069092,-4.516707420349121,-4.717695236206055,0.3500523567199707,0.1490645408630371,0.2009878158569336,-4.811566352844238
pair_0012_sad,pair_0012,04,01,01,01,sad,pair_0012_happy,1,direct_block_22,audio_v_edge,[22],-4.866759777069092,-4.516707420349121,-4.504261016845703,0.3500523567199707,0.36249876022338867,-0.012446403503417969,-4.811566352844238
pair_0012_sad,pair_0012,04,01,01,01,sad,pair_0012_happy,1,direct_block_23,audio_v_edge,[23],-4.866759777069092,-4.516707420349121,-4.532843112945557,0.3500523567199707,0.33391666412353516,0.016135692596435547,-4.811566352844238
pair_0012_sad,pair_0012,04,01,01,01,sad,pair_0012_happy,1,direct_cumulative_18_19,audio_v_edge,"[18, 19]",-4.866759777069092,-4.516707420349121,-4.5917487144470215,0.3500523567199707,0.2750110626220703,0.07504129409790039,-4.811566352844238
pair_0012_sad,pair_0012,04,01,01,01,sad,pair_0012_happy,1,direct_cumulative_18_20,audio_v_edge,"[18, 19, 20]",-4.866759777069092,-4.516707420349121,-4.607048511505127,0.3500523567199707,0.25971126556396484,0.09034109115600586,-4.811566352844238
pair_0012_sad,pair_0012,04,01,01,01,sad,pair_0012_happy,1,direct_cumulative_18_21,audio_v_edge,"[18, 19, 20, 21]",-4.866759777069092,-4.516707420349121,-4.808453559875488,0.3500523567199707,0.058306217193603516,0.2917461395263672,-4.811566352844238
pair_0012_sad,pair_0012,04,01,01,01,sad,pair_0012_happy,1,direct_cumulative_18_22,audio_v_edge,"[18, 19, 20, 21, 22]",-4.866759777069092,-4.516707420349121,-4.795839786529541,0.3500523567199707,0.07091999053955078,0.2791323661804199,-4.811566352844238
pair_0012_sad,pair_0012,04,01,01,01,sad,pair_0012_happy,1,direct_cumulative_18_23,audio_v_edge,"[18, 19, 20, 21, 22, 23]",-4.866759777069092,-4.516707420349121,-4.811566352844238,0.3500523567199707,0.055193424224853516,0.2948589324951172,-4.811566352844238
pair_0013_happy,pair_0013,04,01,02,01,happy,pair_0013_sad,-1,direct_block_18,audio_v_edge,[18],-4.569589614868164,-4.608833312988281,-4.556371212005615,0.03924369812011719,-0.013218402862548828,0.052462100982666016,-4.476090908050537
pair_0013_happy,pair_0013,04,01,02,01,happy,pair_0013_sad,-1,direct_block_19,audio_v_edge,[19],-4.569589614868164,-4.608833312988281,-4.525935649871826,0.03924369812011719,-0.04365396499633789,0.08289766311645508,-4.476090908050537
pair_0013_happy,pair_0013,04,01,02,01,happy,pair_0013_sad,-1,direct_block_20,audio_v_edge,[20],-4.569589614868164,-4.608833312988281,-4.637720584869385,0.03924369812011719,0.0681309700012207,-0.028887271881103516,-4.476090908050537
pair_0013_happy,pair_0013,04,01,02,01,happy,pair_0013_sad,-1,direct_block_21,audio_v_edge,[21],-4.569589614868164,-4.608833312988281,-4.586458683013916,0.03924369812011719,0.016869068145751953,0.022374629974365234,-4.476090908050537
pair_0013_happy,pair_0013,04,01,02,01,happy,pair_0013_sad,-1,direct_block_22,audio_v_edge,[22],-4.569589614868164,-4.608833312988281,-4.616827011108398,0.03924369812011719,0.047237396240234375,-0.007993698120117188,-4.476090908050537
pair_0013_happy,pair_0013,04,01,02,01,happy,pair_0013_sad,-1,direct_block_23,audio_v_edge,[23],-4.569589614868164,-4.608833312988281,-4.599471092224121,0.03924369812011719,0.02988147735595703,0.009362220764160156,-4.476090908050537
pair_0013_happy,pair_0013,04,01,02,01,happy,pair_0013_sad,-1,direct_cumulative_18_19,audio_v_edge,"[18, 19]",-4.569589614868164,-4.608833312988281,-4.472672939300537,0.03924369812011719,-0.09691667556762695,0.13616037368774414,-4.476090908050537
pair_0013_happy,pair_0013,04,01,02,01,happy,pair_0013_sad,-1,direct_cumulative_18_20,audio_v_edge,"[18, 19, 20]",-4.569589614868164,-4.608833312988281,-4.501070976257324,0.03924369812011719,-0.06851863861083984,0.10776233673095703,-4.476090908050537
pair_0013_happy,pair_0013,04,01,02,01,happy,pair_0013_sad,-1,direct_cumulative_18_21,audio_v_edge,"[18, 19, 20, 21]",-4.569589614868164,-4.608833312988281,-4.477658748626709,0.03924369812011719,-0.09193086624145508,0.13117456436157227,-4.476090908050537
pair_0013_happy,pair_0013,04,01,02,01,happy,pair_0013_sad,-1,direct_cumulative_18_22,audio_v_edge,"[18, 19, 20, 21, 22]",-4.569589614868164,-4.608833312988281,-4.485432147979736,0.03924369812011719,-0.08415746688842773,0.12340116500854492,-4.476090908050537
pair_0013_happy,pair_0013,04,01,02,01,happy,pair_0013_sad,-1,direct_cumulative_18_23,audio_v_edge,"[18, 19, 20, 21, 22, 23]",-4.569589614868164,-4.608833312988281,-4.476090908050537,0.03924369812011719,-0.09349870681762695,0.13274240493774414,-4.476090908050537
pair_0013_sad,pair_0013,04,01,02,01,sad,pair_0013_happy,1,direct_block_18,audio_v_edge,[18],-4.604321002960205,-4.562905788421631,-4.582830429077148,0.04141521453857422,0.02149057388305664,0.019924640655517578,-4.643799781799316
pair_0013_sad,pair_0013,04,01,02,01,sad,pair_0013_happy,1,direct_block_19,audio_v_edge,[19],-4.604321002960205,-4.562905788421631,-4.628714561462402,0.04141521453857422,-0.024393558502197266,0.06580877304077148,-4.643799781799316
pair_0013_sad,pair_0013,04,01,02,01,sad,pair_0013_happy,1,direct_block_20,audio_v_edge,[20],-4.604321002960205,-4.562905788421631,-4.5722126960754395,0.04141521453857422,0.032108306884765625,0.009306907653808594,-4.643799781799316
pair_0013_sad,pair_0013,04,01,02,01,sad,pair_0013_happy,1,direct_block_21,audio_v_edge,[21],-4.604321002960205,-4.562905788421631,-4.507025718688965,0.04141521453857422,0.09729528427124023,-0.055880069732666016,-4.643799781799316
pair_0013_sad,pair_0013,04,01,02,01,sad,pair_0013_happy,1,direct_block_22,audio_v_edge,[22],-4.604321002960205,-4.562905788421631,-4.585426330566406,0.04141521453857422,0.018894672393798828,0.02252054214477539,-4.643799781799316
pair_0013_sad,pair_0013,04,01,02,01,sad,pair_0013_happy,1,direct_block_23,audio_v_edge,[23],-4.604321002960205,-4.562905788421631,-4.579409122467041,0.04141521453857422,0.024911880493164062,0.016503334045410156,-4.643799781799316
pair_0013_sad,pair_0013,04,01,02,01,sad,pair_0013_happy,1,direct_cumulative_18_19,audio_v_edge,"[18, 19]",-4.604321002960205,-4.562905788421631,-4.648445129394531,0.04141521453857422,-0.04412412643432617,0.08553934097290039,-4.643799781799316
pair_0013_sad,pair_0013,04,01,02,01,sad,pair_0013_happy,1,direct_cumulative_18_20,audio_v_edge,"[18, 19, 20]",-4.604321002960205,-4.562905788421631,-4.657314300537109,0.04141521453857422,-0.0529932975769043,0.09440851211547852,-4.643799781799316
pair_0013_sad,pair_0013,04,01,02,01,sad,pair_0013_happy,1,direct_cumulative_18_21,audio_v_edge,"[18, 19, 20, 21]",-4.604321002960205,-4.562905788421631,-4.601768970489502,0.04141521453857422,0.002552032470703125,0.038863182067871094,-4.643799781799316
pair_0013_sad,pair_0013,04,01,02,01,sad,pair_0013_happy,1,direct_cumulative_18_22,audio_v_edge,"[18, 19, 20, 21, 22]",-4.604321002960205,-4.562905788421631,-4.626592636108398,0.04141521453857422,-0.02227163314819336,0.06368684768676758,-4.643799781799316
pair_0013_sad,pair_0013,04,01,02,01,sad,pair_0013_happy,1,direct_cumulative_18_23,audio_v_edge,"[18, 19, 20, 21, 22, 23]",-4.604321002960205,-4.562905788421631,-4.643799781799316,0.04141521453857422,-0.03947877883911133,0.08089399337768555,-4.643799781799316
pair_0014_happy,pair_0014,04,02,01,01,happy,pair_0014_sad,-1,direct_block_18,audio_v_edge,[18],-3.6035590171813965,-3.616016387939453,-3.6330323219299316,0.01245737075805664,0.029473304748535156,-0.017015933990478516,-3.5444376468658447
pair_0014_happy,pair_0014,04,02,01,01,happy,pair_0014_sad,-1,direct_block_19,audio_v_edge,[19],-3.6035590171813965,-3.616016387939453,-3.6356606483459473,0.01245737075805664,0.03210163116455078,-0.01964426040649414,-3.5444376468658447
pair_0014_happy,pair_0014,04,02,01,01,happy,pair_0014_sad,-1,direct_block_20,audio_v_edge,[20],-3.6035590171813965,-3.616016387939453,-3.621115207672119,0.01245737075805664,0.017556190490722656,-0.005098819732666016,-3.5444376468658447
pair_0014_happy,pair_0014,04,02,01,01,happy,pair_0014_sad,-1,direct_block_21,audio_v_edge,[21],-3.6035590171813965,-3.616016387939453,-3.6172943115234375,0.01245737075805664,0.013735294342041016,-0.001277923583984375,-3.5444376468658447
pair_0014_happy,pair_0014,04,02,01,01,happy,pair_0014_sad,-1,direct_block_22,audio_v_edge,[22],-3.6035590171813965,-3.616016387939453,-3.5022664070129395,0.01245737075805664,-0.10129261016845703,0.11374998092651367,-3.5444376468658447
pair_0014_happy,pair_0014,04,02,01,01,happy,pair_0014_sad,-1,direct_block_23,audio_v_edge,[23],-3.6035590171813965,-3.616016387939453,-3.616820812225342,0.01245737075805664,0.013261795043945312,-0.0008044242858886719,-3.5444376468658447
pair_0014_happy,pair_0014,04,02,01,01,happy,pair_0014_sad,-1,direct_cumulative_18_19,audio_v_edge,"[18, 19]",-3.6035590171813965,-3.616016387939453,-3.6522979736328125,0.01245737075805664,0.048738956451416016,-0.036281585693359375,-3.5444376468658447
pair_0014_happy,pair_0014,04,02,01,01,happy,pair_0014_sad,-1,direct_cumulative_18_20,audio_v_edge,"[18, 19, 20]",-3.6035590171813965,-3.616016387939453,-3.6572952270507812,0.01245737075805664,0.053736209869384766,-0.041278839111328125,-3.5444376468658447
pair_0014_happy,pair_0014,04,02,01,01,happy,pair_0014_sad,-1,direct_cumulative_18_21,audio_v_edge,"[18, 19, 20, 21]",-3.6035590171813965,-3.616016387939453,-3.6584529876708984,0.01245737075805664,0.05489397048950195,-0.04243659973144531,-3.5444376468658447
pair_0014_happy,pair_0014,04,02,01,01,happy,pair_0014_sad,-1,direct_cumulative_18_22,audio_v_edge,"[18, 19, 20, 21, 22]",-3.6035590171813965,-3.616016387939453,-3.5436551570892334,0.01245737075805664,-0.059903860092163086,0.07236123085021973,-3.5444376468658447
pair_0014_happy,pair_0014,04,02,01,01,happy,pair_0014_sad,-1,direct_cumulative_18_23,audio_v_edge,"[18, 19, 20, 21, 22, 23]",-3.6035590171813965,-3.616016387939453,-3.5444376468658447,0.01245737075805664,-0.05912137031555176,0.0715787410736084,-3.5444376468658447
pair_0014_sad,pair_0014,04,02,01,01,sad,pair_0014_happy,1,direct_block_18,audio_v_edge,[18],-3.5703775882720947,-3.5680055618286133,-3.544776439666748,0.0023720264434814453,0.02560114860534668,-0.023229122161865234,-3.390042304992676
pair_0014_sad,pair_0014,04,02,01,01,sad,pair_0014_happy,1,direct_block_19,audio_v_edge,[19],-3.5703775882720947,-3.5680055618286133,-3.546232223510742,0.0023720264434814453,0.02414536476135254,-0.021773338317871094,-3.390042304992676
pair_0014_sad,pair_0014,04,02,01,01,sad,pair_0014_happy,1,direct_block_20,audio_v_edge,[20],-3.5703775882720947,-3.5680055618286133,-3.567152500152588,0.0023720264434814453,0.003225088119506836,-0.0008530616760253906,-3.390042304992676
pair_0014_sad,pair_0014,04,02,01,01,sad,pair_0014_happy,1,direct_block_21,audio_v_edge,[21],-3.5703775882720947,-3.5680055618286133,-3.5521693229675293,0.0023720264434814453,0.01820826530456543,-0.015836238861083984,-3.390042304992676
pair_0014_sad,pair_0014,04,02,01,01,sad,pair_0014_happy,1,direct_block_22,audio_v_edge,[22],-3.5703775882720947,-3.5680055618286133,-3.45434308052063,0.0023720264434814453,0.11603450775146484,-0.1136624813079834,-3.390042304992676
pair_0014_sad,pair_0014,04,02,01,01,sad,pair_0014_happy,1,direct_block_23,audio_v_edge,[23],-3.5703775882720947,-3.5680055618286133,-3.567507266998291,0.0023720264434814453,0.002870321273803711,-0.0004982948303222656,-3.390042304992676
pair_0014_sad,pair_0014,04,02,01,01,sad,pair_0014_happy,1,direct_cumulative_18_19,audio_v_edge,"[18, 19]",-3.5703775882720947,-3.5680055618286133,-3.523813009262085,0.0023720264434814453,0.046564579010009766,-0.04419255256652832,-3.390042304992676
pair_0014_sad,pair_0014,04,02,01,01,sad,pair_0014_happy,1,direct_cumulative_18_20,audio_v_edge,"[18, 19, 20]",-3.5703775882720947,-3.5680055618286133,-3.5228893756866455,0.0023720264434814453,0.04748821258544922,-0.04511618614196777,-3.390042304992676
pair_0014_sad,pair_0014,04,02,01,01,sad,pair_0014_happy,1,direct_cumulative_18_21,audio_v_edge,"[18, 19, 20, 21]",-3.5703775882720947,-3.5680055618286133,-3.5060970783233643,0.0023720264434814453,0.06428050994873047,-0.06190848350524902,-3.390042304992676
pair_0014_sad,pair_0014,04,02,01,01,sad,pair_0014_happy,1,direct_cumulative_18_22,audio_v_edge,"[18, 19, 20, 21, 22]",-3.5703775882720947,-3.5680055618286133,-3.390512704849243,0.0023720264434814453,0.17986488342285156,-0.17749285697937012,-3.390042304992676
pair_0014_sad,pair_0014,04,02,01,01,sad,pair_0014_happy,1,direct_cumulative_18_23,audio_v_edge,"[18, 19, 20, 21, 22, 23]",-3.5703775882720947,-3.5680055618286133,-3.390042304992676,0.0023720264434814453,0.18033528327941895,-0.1779632568359375,-3.390042304992676
pair_0015_happy,pair_0015,04,02,02,01,happy,pair_0015_sad,-1,direct_block_18,audio_v_edge,[18],-3.3836679458618164,-3.487476348876953,-3.4028801918029785,0.10380840301513672,0.01921224594116211,0.08459615707397461,-3.183988094329834
pair_0015_happy,pair_0015,04,02,02,01,happy,pair_0015_sad,-1,direct_block_19,audio_v_edge,[19],-3.3836679458618164,-3.487476348876953,-3.361851930618286,0.10380840301513672,-0.021816015243530273,0.125624418258667,-3.183988094329834
pair_0015_happy,pair_0015,04,02,02,01,happy,pair_0015_sad,-1,direct_block_20,audio_v_edge,[20],-3.3836679458618164,-3.487476348876953,-3.522459030151367,0.10380840301513672,0.13879108428955078,-0.03498268127441406,-3.183988094329834
pair_0015_happy,pair_0015,04,02,02,01,happy,pair_0015_sad,-1,direct_block_21,audio_v_edge,[21],-3.3836679458618164,-3.487476348876953,-3.490816116333008,0.10380840301513672,0.1071481704711914,-0.0033397674560546875,-3.183988094329834
pair_0015_happy,pair_0015,04,02,02,01,happy,pair_0015_sad,-1,direct_block_22,audio_v_edge,[22],-3.3836679458618164,-3.487476348876953,-3.4145278930664062,0.10380840301513672,0.030859947204589844,0.07294845581054688,-3.183988094329834
pair_0015_happy,pair_0015,04,02,02,01,happy,pair_0015_sad,-1,direct_block_23,audio_v_edge,[23],-3.3836679458618164,-3.487476348876953,-3.4222793579101562,0.10380840301513672,0.038611412048339844,0.06519699096679688,-3.183988094329834
pair_0015_happy,pair_0015,04,02,02,01,happy,pair_0015_sad,-1,direct_cumulative_18_19,audio_v_edge,"[18, 19]",-3.3836679458618164,-3.487476348876953,-3.2804007530212402,0.10380840301513672,-0.10326719284057617,0.2070755958557129,-3.183988094329834
pair_0015_happy,pair_0015,04,02,02,01,happy,pair_0015_sad,-1,direct_cumulative_18_20,audio_v_edge,"[18, 19, 20]",-3.3836679458618164,-3.487476348876953,-3.31618332862854,0.10380840301513672,-0.06748461723327637,0.17129302024841309,-3.183988094329834
pair_0015_happy,pair_0015,04,02,02,01,happy,pair_0015_sad,-1,direct_cumulative_18_21,audio_v_edge,"[18, 19, 20, 21]",-3.3836679458618164,-3.487476348876953,-3.31902813911438,0.10380840301513672,-0.06463980674743652,0.16844820976257324,-3.183988094329834
pair_0015_happy,pair_0015,04,02,02,01,happy,pair_0015_sad,-1,direct_cumulative_18_22,audio_v_edge,"[18, 19, 20, 21, 22]",-3.3836679458618164,-3.487476348876953,-3.2482900619506836,0.10380840301513672,-0.1353778839111328,0.23918628692626953,-3.183988094329834
pair_0015_happy,pair_0015,04,02,02,01,happy,pair_0015_sad,-1,direct_cumulative_18_23,audio_v_edge,"[18, 19, 20, 21, 22, 23]",-3.3836679458618164,-3.487476348876953,-3.183988094329834,0.10380840301513672,-0.19967985153198242,0.30348825454711914,-3.183988094329834
pair_0015_sad,pair_0015,04,02,02,01,sad,pair_0015_happy,1,direct_block_18,audio_v_edge,[18],-3.808556318283081,-3.694089412689209,-3.729694128036499,0.11446690559387207,0.07886219024658203,0.03560471534729004,-3.8821637630462646
pair_0015_sad,pair_0015,04,02,02,01,sad,pair_0015_happy,1,direct_block_19,audio_v_edge,[19],-3.808556318283081,-3.694089412689209,-3.77988600730896,0.11446690559387207,0.028670310974121094,0.08579659461975098,-3.8821637630462646
pair_0015_sad,pair_0015,04,02,02,01,sad,pair_0015_happy,1,direct_block_20,audio_v_edge,[20],-3.808556318283081,-3.694089412689209,-3.6651487350463867,0.11446690559387207,0.14340758323669434,-0.028940677642822266,-3.8821637630462646
pair_0015_sad,pair_0015,04,02,02,01,sad,pair_0015_happy,1,direct_block_21,audio_v_edge,[21],-3.808556318283081,-3.694089412689209,-3.692410945892334,0.11446690559387207,0.11614537239074707,-0.001678466796875,-3.8821637630462646
pair_0015_sad,pair_0015,04,02,02,01,sad,pair_0015_happy,1,direct_block_22,audio_v_edge,[22],-3.808556318283081,-3.694089412689209,-3.7369117736816406,0.11446690559387207,0.07164454460144043,0.04282236099243164,-3.8821637630462646
pair_0015_sad,pair_0015,04,02,02,01,sad,pair_0015_happy,1,direct_block_23,audio_v_edge,[23],-3.808556318283081,-3.694089412689209,-3.746183156967163,0.11446690559387207,0.06237316131591797,0.0520937442779541,-3.8821637630462646
pair_0015_sad,pair_0015,04,02,02,01,sad,pair_0015_happy,1,direct_cumulative_18_19,audio_v_edge,"[18, 19]",-3.808556318283081,-3.694089412689209,-3.8171029090881348,0.11446690559387207,-0.008546590805053711,0.12301349639892578,-3.8821637630462646
pair_0015_sad,pair_0015,04,02,02,01,sad,pair_0015_happy,1,direct_cumulative_18_20,audio_v_edge,"[18, 19, 20]",-3.808556318283081,-3.694089412689209,-3.7885031700134277,0.11446690559387207,0.02005314826965332,0.09441375732421875,-3.8821637630462646
pair_0015_sad,pair_0015,04,02,02,01,sad,pair_0015_happy,1,direct_cumulative_18_21,audio_v_edge,"[18, 19, 20, 21]",-3.808556318283081,-3.694089412689209,-3.786742687225342,0.11446690559387207,0.021813631057739258,0.09265327453613281,-3.8821637630462646
pair_0015_sad,pair_0015,04,02,02,01,sad,pair_0015_happy,1,direct_cumulative_18_22,audio_v_edge,"[18, 19, 20, 21, 22]",-3.808556318283081,-3.694089412689209,-3.8297812938690186,0.11446690559387207,-0.0212249755859375,0.13569188117980957,-3.8821637630462646
pair_0015_sad,pair_0015,04,02,02,01,sad,pair_0015_happy,1,direct_cumulative_18_23,audio_v_edge,"[18, 19, 20, 21, 22, 23]",-3.808556318283081,-3.694089412689209,-3.8821637630462646,0.11446690559387207,-0.0736074447631836,0.18807435035705566,-3.8821637630462646
pair_0016_happy,pair_0016,05,01,01,01,happy,pair_0016_sad,-1,direct_block_18,audio_v_edge,[18],-4.557373046875,-4.429200649261475,-4.341461181640625,-0.1281723976135254,-0.215911865234375,0.08773946762084961,-4.127087116241455
pair_0016_happy,pair_0016,05,01,01,01,happy,pair_0016_sad,-1,direct_block_19,audio_v_edge,[19],-4.557373046875,-4.429200649261475,-4.435000419616699,-0.1281723976135254,-0.12237262725830078,-0.005799770355224609,-4.127087116241455
pair_0016_happy,pair_0016,05,01,01,01,happy,pair_0016_sad,-1,direct_block_20,audio_v_edge,[20],-4.557373046875,-4.429200649261475,-4.547829627990723,-0.1281723976135254,-0.009543418884277344,-0.11862897872924805,-4.127087116241455
pair_0016_happy,pair_0016,05,01,01,01,happy,pair_0016_sad,-1,direct_block_21,audio_v_edge,[21],-4.557373046875,-4.429200649261475,-4.383596420288086,-0.1281723976135254,-0.17377662658691406,0.04560422897338867,-4.127087116241455
pair_0016_happy,pair_0016,05,01,01,01,happy,pair_0016_sad,-1,direct_block_22,audio_v_edge,[22],-4.557373046875,-4.429200649261475,-4.125024795532227,-0.1281723976135254,-0.43234825134277344,0.30417585372924805,-4.127087116241455
pair_0016_happy,pair_0016,05,01,01,01,happy,pair_0016_sad,-1,direct_block_23,audio_v_edge,[23],-4.557373046875,-4.429200649261475,-4.4074296951293945,-0.1281723976135254,-0.14994335174560547,0.021770954132080078,-4.127087116241455
pair_0016_happy,pair_0016,05,01,01,01,happy,pair_0016_sad,-1,direct_cumulative_18_19,audio_v_edge,"[18, 19]",-4.557373046875,-4.429200649261475,-4.354010581970215,-0.1281723976135254,-0.20336246490478516,0.07519006729125977,-4.127087116241455
pair_0016_happy,pair_0016,05,01,01,01,happy,pair_0016_sad,-1,direct_cumulative_18_20,audio_v_edge,"[18, 19, 20]",-4.557373046875,-4.429200649261475,-4.470417022705078,-0.1281723976135254,-0.08695602416992188,-0.041216373443603516,-4.127087116241455
pair_0016_happy,pair_0016,05,01,01,01,happy,pair_0016_sad,-1,direct_cumulative_18_21,audio_v_edge,"[18, 19, 20, 21]",-4.557373046875,-4.429200649261475,-4.430310249328613,-0.1281723976135254,-0.12706279754638672,-0.0011096000671386719,-4.127087116241455
pair_0016_happy,pair_0016,05,01,01,01,happy,pair_0016_sad,-1,direct_cumulative_18_22,audio_v_edge,"[18, 19, 20, 21, 22]",-4.557373046875,-4.429200649261475,-4.145024299621582,-0.1281723976135254,-0.41234874725341797,0.2841763496398926,-4.127087116241455
pair_0016_happy,pair_0016,05,01,01,01,happy,pair_0016_sad,-1,direct_cumulative_18_23,audio_v_edge,"[18, 19, 20, 21, 22, 23]",-4.557373046875,-4.429200649261475,-4.127087116241455,-0.1281723976135254,-0.4302859306335449,0.30211353302001953,-4.127087116241455
pair_0016_sad,pair_0016,05,01,01,01,sad,pair_0016_happy,1,direct_block_18,audio_v_edge,[18],-4.196678638458252,-4.3094282150268555,-4.445699214935303,-0.11274957656860352,-0.24902057647705078,0.13627099990844727,-4.199568748474121
pair_0016_sad,pair_0016,05,01,01,01,sad,pair_0016_happy,1,direct_block_19,audio_v_edge,[19],-4.196678638458252,-4.3094282150268555,-4.318690299987793,-0.11274957656860352,-0.12201166152954102,0.0092620849609375,-4.199568748474121
pair_0016_sad,pair_0016,05,01,01,01,sad,pair_0016_happy,1,direct_block_20,audio_v_edge,[20],-4.196678638458252,-4.3094282150268555,-4.302830219268799,-0.11274957656860352,-0.10615158081054688,-0.006597995758056641,-4.199568748474121
pair_0016_sad,pair_0016,05,01,01,01,sad,pair_0016_happy,1,direct_block_21,audio_v_edge,[21],-4.196678638458252,-4.3094282150268555,-4.0960564613342285,-0.11274957656860352,0.10062217712402344,-0.21337175369262695,-4.199568748474121
pair_0016_sad,pair_0016,05,01,01,01,sad,pair_0016_happy,1,direct_block_22,audio_v_edge,[22],-4.196678638458252,-4.3094282150268555,-4.296576023101807,-0.11274957656860352,-0.09989738464355469,-0.012852191925048828,-4.199568748474121
pair_0016_sad,pair_0016,05,01,01,01,sad,pair_0016_happy,1,direct_block_23,audio_v_edge,[23],-4.196678638458252,-4.3094282150268555,-4.332755088806152,-0.11274957656860352,-0.1360764503479004,0.023326873779296875,-4.199568748474121
pair_0016_sad,pair_0016,05,01,01,01,sad,pair_0016_happy,1,direct_cumulative_18_19,audio_v_edge,"[18, 19]",-4.196678638458252,-4.3094282150268555,-4.4476213455200195,-0.11274957656860352,-0.2509427070617676,0.13819313049316406,-4.199568748474121
pair_0016_sad,pair_0016,05,01,01,01,sad,pair_0016_happy,1,direct_cumulative_18_20,audio_v_edge,"[18, 19, 20]",-4.196678638458252,-4.3094282150268555,-4.431382179260254,-0.11274957656860352,-0.23470354080200195,0.12195396423339844,-4.199568748474121
pair_0016_sad,pair_0016,05,01,01,01,sad,pair_0016_happy,1,direct_cumulative_18_21,audio_v_edge,"[18, 19, 20, 21]",-4.196678638458252,-4.3094282150268555,-4.195033550262451,-0.11274957656860352,0.0016450881958007812,-0.1143946647644043,-4.199568748474121
pair_0016_sad,pair_0016,05,01,01,01,sad,pair_0016_happy,1,direct_cumulative_18_22,audio_v_edge,"[18, 19, 20, 21, 22]",-4.196678638458252,-4.3094282150268555,-4.170745372772217,-0.11274957656860352,0.025933265686035156,-0.13868284225463867,-4.199568748474121
pair_0016_sad,pair_0016,05,01,01,01,sad,pair_0016_happy,1,direct_cumulative_18_23,audio_v_edge,"[18, 19, 20, 21, 22, 23]",-4.196678638458252,-4.3094282150268555,-4.199568748474121,-0.11274957656860352,-0.0028901100158691406,-0.10985946655273438,-4.199568748474121
pair_0017_happy,pair_0017,05,01,02,01,happy,pair_0017_sad,-1,direct_block_18,audio_v_edge,[18],-4.383161544799805,-4.506044864654541,-4.491446495056152,0.12288331985473633,0.10828495025634766,0.014598369598388672,-4.310548782348633
pair_0017_happy,pair_0017,05,01,02,01,happy,pair_0017_sad,-1,direct_block_19,audio_v_edge,[19],-4.383161544799805,-4.506044864654541,-4.489762306213379,0.12288331985473633,0.10660076141357422,0.01628255844116211,-4.310548782348633
pair_0017_happy,pair_0017,05,01,02,01,happy,pair_0017_sad,-1,direct_block_20,audio_v_edge,[20],-4.383161544799805,-4.506044864654541,-4.492226600646973,0.12288331985473633,0.10906505584716797,0.01381826400756836,-4.310548782348633
pair_0017_happy,pair_0017,05,01,02,01,happy,pair_0017_sad,-1,direct_block_21,audio_v_edge,[21],-4.383161544799805,-4.506044864654541,-4.488011360168457,0.12288331985473633,0.10484981536865234,0.018033504486083984,-4.310548782348633
pair_0017_happy,pair_0017,05,01,02,01,happy,pair_0017_sad,-1,direct_block_22,audio_v_edge,[22],-4.383161544799805,-4.506044864654541,-4.332441329956055,0.12288331985473633,-0.05072021484375,0.17360353469848633,-4.310548782348633
pair_0017_happy,pair_0017,05,01,02,01,happy,pair_0017_sad,-1,direct_block_23,audio_v_edge,[23],-4.383161544799805,-4.506044864654541,-4.547598838806152,0.12288331985473633,0.16443729400634766,-0.04155397415161133,-4.310548782348633
pair_0017_happy,pair_0017,05,01,02,01,happy,pair_0017_sad,-1,direct_cumulative_18_19,audio_v_edge,"[18, 19]",-4.383161544799805,-4.506044864654541,-4.4710693359375,0.12288331985473633,0.08790779113769531,0.034975528717041016,-4.310548782348633
pair_0017_happy,pair_0017,05,01,02,01,happy,pair_0017_sad,-1,direct_cumulative_18_20,audio_v_edge,"[18, 19, 20]",-4.383161544799805,-4.506044864654541,-4.461970329284668,0.12288331985473633,0.07880878448486328,0.04407453536987305,-4.310548782348633
pair_0017_happy,pair_0017,05,01,02,01,happy,pair_0017_sad,-1,direct_cumulative_18_21,audio_v_edge,"[18, 19, 20, 21]",-4.383161544799805,-4.506044864654541,-4.440242767333984,0.12288331985473633,0.05708122253417969,0.06580209732055664,-4.310548782348633
pair_0017_happy,pair_0017,05,01,02,01,happy,pair_0017_sad,-1,direct_cumulative_18_22,audio_v_edge,"[18, 19, 20, 21, 22]",-4.383161544799805,-4.506044864654541,-4.263015270233154,0.12288331985473633,-0.12014627456665039,0.24302959442138672,-4.310548782348633
pair_0017_happy,pair_0017,05,01,02,01,happy,pair_0017_sad,-1,direct_cumulative_18_23,audio_v_edge,"[18, 19, 20, 21, 22, 23]",-4.383161544799805,-4.506044864654541,-4.310548782348633,0.12288331985473633,-0.07261276245117188,0.1954960823059082,-4.310548782348633
pair_0017_sad,pair_0017,05,01,02,01,sad,pair_0017_happy,1,direct_block_18,audio_v_edge,[18],-4.5589680671691895,-4.452816009521484,-4.307860374450684,0.10615205764770508,0.25110769271850586,-0.14495563507080078,-4.561420917510986
pair_0017_sad,pair_0017,05,01,02,01,sad,pair_0017_happy,1,direct_block_19,audio_v_edge,[19],-4.5589680671691895,-4.452816009521484,-4.564173698425293,0.10615205764770508,-0.005205631256103516,0.1113576889038086,-4.561420917510986
pair_0017_sad,pair_0017,05,01,02,01,sad,pair_0017_happy,1,direct_block_20,audio_v_edge,[20],-4.5589680671691895,-4.452816009521484,-4.539221286773682,0.10615205764770508,0.019746780395507812,0.08640527725219727,-4.561420917510986
pair_0017_sad,pair_0017,05,01,02,01,sad,pair_0017_happy,1,direct_block_21,audio_v_edge,[21],-4.5589680671691895,-4.452816009521484,-4.5588507652282715,0.10615205764770508,0.00011730194091796875,0.10603475570678711,-4.561420917510986
pair_0017_sad,pair_0017,05,01,02,01,sad,pair_0017_happy,1,direct_block_22,audio_v_edge,[22],-4.5589680671691895,-4.452816009521484,-4.393721103668213,0.10615205764770508,0.16524696350097656,-0.059094905853271484,-4.561420917510986
pair_0017_sad,pair_0017,05,01,02,01,sad,pair_0017_happy,1,direct_block_23,audio_v_edge,[23],-4.5589680671691895,-4.452816009521484,-4.461616516113281,0.10615205764770508,0.0973515510559082,0.008800506591796875,-4.561420917510986
pair_0017_sad,pair_0017,05,01,02,01,sad,pair_0017_happy,1,direct_cumulative_18_19,audio_v_edge,"[18, 19]",-4.5589680671691895,-4.452816009521484,-4.417446136474609,0.10615205764770508,0.14152193069458008,-0.035369873046875,-4.561420917510986
pair_0017_sad,pair_0017,05,01,02,01,sad,pair_0017_happy,1,direct_cumulative_18_20,audio_v_edge,"[18, 19, 20]",-4.5589680671691895,-4.452816009521484,-4.506872177124023,0.10615205764770508,0.052095890045166016,0.05405616760253906,-4.561420917510986
pair_0017_sad,pair_0017,05,01,02,01,sad,pair_0017_happy,1,direct_cumulative_18_21,audio_v_edge,"[18, 19, 20, 21]",-4.5589680671691895,-4.452816009521484,-4.617204189300537,0.10615205764770508,-0.058236122131347656,0.16438817977905273,-4.561420917510986
pair_0017_sad,pair_0017,05,01,02,01,sad,pair_0017_happy,1,direct_cumulative_18_22,audio_v_edge,"[18, 19, 20, 21, 22]",-4.5589680671691895,-4.452816009521484,-4.552863121032715,0.10615205764770508,0.006104946136474609,0.10004711151123047,-4.561420917510986
pair_0017_sad,pair_0017,05,01,02,01,sad,pair_0017_happy,1,direct_cumulative_18_23,audio_v_edge,"[18, 19, 20, 21, 22, 23]",-4.5589680671691895,-4.452816009521484,-4.561420917510986,0.10615205764770508,-0.002452850341796875,0.10860490798950195,-4.561420917510986
pair_0018_happy,pair_0018,05,02,01,01,happy,pair_0018_sad,-1,direct_block_18,audio_v_edge,[18],-3.286710500717163,-3.2258472442626953,-3.2509357929229736,-0.06086325645446777,-0.03577470779418945,-0.02508854866027832,-3.0975568294525146
pair_0018_happy,pair_0018,05,02,01,01,happy,pair_0018_sad,-1,direct_block_19,audio_v_edge,[19],-3.286710500717163,-3.2258472442626953,-3.2926180362701416,-0.06086325645446777,0.005907535552978516,-0.06677079200744629,-3.0975568294525146
pair_0018_happy,pair_0018,05,02,01,01,happy,pair_0018_sad,-1,direct_block_20,audio_v_edge,[20],-3.286710500717163,-3.2258472442626953,-3.2495064735412598,-0.06086325645446777,-0.03720402717590332,-0.023659229278564453,-3.0975568294525146
pair_0018_happy,pair_0018,05,02,01,01,happy,pair_0018_sad,-1,direct_block_21,audio_v_edge,[21],-3.286710500717163,-3.2258472442626953,-3.20835018157959,-0.06086325645446777,-0.07836031913757324,0.01749706268310547,-3.0975568294525146
pair_0018_happy,pair_0018,05,02,01,01,happy,pair_0018_sad,-1,direct_block_22,audio_v_edge,[22],-3.286710500717163,-3.2258472442626953,-2.9816040992736816,-0.06086325645446777,-0.30510640144348145,0.24424314498901367,-3.0975568294525146
pair_0018_happy,pair_0018,05,02,01,01,happy,pair_0018_sad,-1,direct_block_23,audio_v_edge,[23],-3.286710500717163,-3.2258472442626953,-3.2650680541992188,-0.06086325645446777,-0.021642446517944336,-0.03922080993652344,-3.0975568294525146
pair_0018_happy,pair_0018,05,02,01,01,happy,pair_0018_sad,-1,direct_cumulative_18_19,audio_v_edge,"[18, 19]",-3.286710500717163,-3.2258472442626953,-3.3111767768859863,-0.06086325645446777,0.024466276168823242,-0.08532953262329102,-3.0975568294525146
pair_0018_happy,pair_0018,05,02,01,01,happy,pair_0018_sad,-1,direct_cumulative_18_20,audio_v_edge,"[18, 19, 20]",-3.286710500717163,-3.2258472442626953,-3.3349270820617676,-0.06086325645446777,0.04821658134460449,-0.10907983779907227,-3.0975568294525146
pair_0018_happy,pair_0018,05,02,01,01,happy,pair_0018_sad,-1,direct_cumulative_18_21,audio_v_edge,"[18, 19, 20, 21]",-3.286710500717163,-3.2258472442626953,-3.323397397994995,-0.06086325645446777,0.03668689727783203,-0.0975501537322998,-3.0975568294525146
pair_0018_happy,pair_0018,05,02,01,01,happy,pair_0018_sad,-1,direct_cumulative_18_22,audio_v_edge,"[18, 19, 20, 21, 22]",-3.286710500717163,-3.2258472442626953,-3.055713653564453,-0.06086325645446777,-0.23099684715270996,0.1701335906982422,-3.0975568294525146
pair_0018_happy,pair_0018,05,02,01,01,happy,pair_0018_sad,-1,direct_cumulative_18_23,audio_v_edge,"[18, 19, 20, 21, 22, 23]",-3.286710500717163,-3.2258472442626953,-3.0975568294525146,-0.06086325645446777,-0.18915367126464844,0.12829041481018066,-3.0975568294525146
pair_0018_sad,pair_0018,05,02,01,01,sad,pair_0018_happy,1,direct_block_18,audio_v_edge,[18],-3.481130361557007,-3.5375609397888184,-3.540862560272217,-0.05643057823181152,-0.05973219871520996,0.0033016204833984375,-3.2157163619995117
pair_0018_sad,pair_0018,05,02,01,01,sad,pair_0018_happy,1,direct_block_19,audio_v_edge,[19],-3.481130361557007,-3.5375609397888184,-3.425868511199951,-0.05643057823181152,0.055261850357055664,-0.11169242858886719,-3.2157163619995117
pair_0018_sad,pair_0018,05,02,01,01,sad,pair_0018_happy,1,direct_block_20,audio_v_edge,[20],-3.481130361557007,-3.5375609397888184,-3.553090810775757,-0.05643057823181152,-0.07196044921875,0.015529870986938477,-3.2157163619995117
pair_0018_sad,pair_0018,05,02,01,01,sad,pair_0018_happy,1,direct_block_21,audio_v_edge,[21],-3.481130361557007,-3.5375609397888184,-3.5235772132873535,-0.05643057823181152,-0.04244685173034668,-0.013983726501464844,-3.2157163619995117
pair_0018_sad,pair_0018,05,02,01,01,sad,pair_0018_happy,1,direct_block_22,audio_v_edge,[22],-3.481130361557007,-3.5375609397888184,-3.3476803302764893,-0.05643057823181152,0.13345003128051758,-0.1898806095123291,-3.2157163619995117
pair_0018_sad,pair_0018,05,02,01,01,sad,pair_0018_happy,1,direct_block_23,audio_v_edge,[23],-3.481130361557007,-3.5375609397888184,-3.508909225463867,-0.05643057823181152,-0.02777886390686035,-0.028651714324951172,-3.2157163619995117
pair_0018_sad,pair_0018,05,02,01,01,sad,pair_0018_happy,1,direct_cumulative_18_19,audio_v_edge,"[18, 19]",-3.481130361557007,-3.5375609397888184,-3.436005115509033,-0.05643057823181152,0.04512524604797363,-0.10155582427978516,-3.2157163619995117
pair_0018_sad,pair_0018,05,02,01,01,sad,pair_0018_happy,1,direct_cumulative_18_20,audio_v_edge,"[18, 19, 20]",-3.481130361557007,-3.5375609397888184,-3.454799175262451,-0.05643057823181152,0.026331186294555664,-0.08276176452636719,-3.2157163619995117
pair_0018_sad,pair_0018,05,02,01,01,sad,pair_0018_happy,1,direct_cumulative_18_21,audio_v_edge,"[18, 19, 20, 21]",-3.481130361557007,-3.5375609397888184,-3.4386844635009766,-0.05643057823181152,0.04244589805603027,-0.0988764762878418,-3.2157163619995117
pair_0018_sad,pair_0018,05,02,01,01,sad,pair_0018_happy,1,direct_cumulative_18_22,audio_v_edge,"[18, 19, 20, 21, 22]",-3.481130361557007,-3.5375609397888184,-3.245495557785034,-0.05643057823181152,0.23563480377197266,-0.2920653820037842,-3.2157163619995117
pair_0018_sad,pair_0018,05,02,01,01,sad,pair_0018_happy,1,direct_cumulative_18_23,audio_v_edge,"[18, 19, 20, 21, 22, 23]",-3.481130361557007,-3.5375609397888184,-3.2157163619995117,-0.05643057823181152,0.2654139995574951,-0.32184457778930664,-3.2157163619995117
pair_0019_happy,pair_0019,05,02,02,01,happy,pair_0019_sad,-1,direct_block_18,audio_v_edge,[18],-3.4755494594573975,-3.442627429962158,-3.425508975982666,-0.03292202949523926,-0.050040483474731445,0.017118453979492188,-3.1979925632476807
pair_0019_happy,pair_0019,05,02,02,01,happy,pair_0019_sad,-1,direct_block_19,audio_v_edge,[19],-3.4755494594573975,-3.442627429962158,-3.4723868370056152,-0.03292202949523926,-0.0031626224517822266,-0.02975940704345703,-3.1979925632476807
pair_0019_happy,pair_0019,05,02,02,01,happy,pair_0019_sad,-1,direct_block_20,audio_v_edge,[20],-3.4755494594573975,-3.442627429962158,-3.4482076168060303,-0.03292202949523926,-0.027341842651367188,-0.00558018684387207,-3.1979925632476807
pair_0019_happy,pair_0019,05,02,02,01,happy,pair_0019_sad,-1,direct_block_21,audio_v_edge,[21],-3.4755494594573975,-3.442627429962158,-3.4529306888580322,-0.03292202949523926,-0.022618770599365234,-0.010303258895874023,-3.1979925632476807
pair_0019_happy,pair_0019,05,02,02,01,happy,pair_0019_sad,-1,direct_block_22,audio_v_edge,[22],-3.4755494594573975,-3.442627429962158,-3.145679473876953,-0.03292202949523926,-0.32986998558044434,0.2969479560852051,-3.1979925632476807
pair_0019_happy,pair_0019,05,02,02,01,happy,pair_0019_sad,-1,direct_block_23,audio_v_edge,[23],-3.4755494594573975,-3.442627429962158,-3.470613718032837,-0.03292202949523926,-0.004935741424560547,-0.02798628807067871,-3.1979925632476807
pair_0019_happy,pair_0019,05,02,02,01,happy,pair_0019_sad,-1,direct_cumulative_18_19,audio_v_edge,"[18, 19]",-3.4755494594573975,-3.442627429962158,-3.454178810119629,-0.03292202949523926,-0.021370649337768555,-0.011551380157470703,-3.1979925632476807
pair_0019_happy,pair_0019,05,02,02,01,happy,pair_0019_sad,-1,direct_cumulative_18_20,audio_v_edge,"[18, 19, 20]",-3.4755494594573975,-3.442627429962158,-3.459859848022461,-0.03292202949523926,-0.015689611434936523,-0.017232418060302734,-3.1979925632476807
pair_0019_happy,pair_0019,05,02,02,01,happy,pair_0019_sad,-1,direct_cumulative_18_21,audio_v_edge,"[18, 19, 20, 21]",-3.4755494594573975,-3.442627429962158,-3.4706122875213623,-0.03292202949523926,-0.004937171936035156,-0.0279848575592041,-3.1979925632476807
pair_0019_happy,pair_0019,05,02,02,01,happy,pair_0019_sad,-1,direct_cumulative_18_22,audio_v_edge,"[18, 19, 20, 21, 22]",-3.4755494594573975,-3.442627429962158,-3.1701745986938477,-0.03292202949523926,-0.3053748607635498,0.27245283126831055,-3.1979925632476807
pair_0019_happy,pair_0019,05,02,02,01,happy,pair_0019_sad,-1,direct_cumulative_18_23,audio_v_edge,"[18, 19, 20, 21, 22, 23]",-3.4755494594573975,-3.442627429962158,-3.1979925632476807,-0.03292202949523926,-0.2775568962097168,0.24463486671447754,-3.1979925632476807
pair_0019_sad,pair_0019,05,02,02,01,sad,pair_0019_happy,1,direct_block_18,audio_v_edge,[18],-3.2868447303771973,-3.3282527923583984,-3.2956080436706543,-0.04140806198120117,-0.008763313293457031,-0.03264474868774414,-2.989152431488037
pair_0019_sad,pair_0019,05,02,02,01,sad,pair_0019_happy,1,direct_block_19,audio_v_edge,[19],-3.2868447303771973,-3.3282527923583984,-3.2644622325897217,-0.04140806198120117,0.022382497787475586,-0.06379055976867676,-2.989152431488037
pair_0019_sad,pair_0019,05,02,02,01,sad,pair_0019_happy,1,direct_block_20,audio_v_edge,[20],-3.2868447303771973,-3.3282527923583984,-3.3362088203430176,-0.04140806198120117,-0.04936408996582031,0.00795602798461914,-2.989152431488037
pair_0019_sad,pair_0019,05,02,02,01,sad,pair_0019_happy,1,direct_block_21,audio_v_edge,[21],-3.2868447303771973,-3.3282527923583984,-3.297116279602051,-0.04140806198120117,-0.010271549224853516,-0.031136512756347656,-2.989152431488037
pair_0019_sad,pair_0019,05,02,02,01,sad,pair_0019_happy,1,direct_block_22,audio_v_edge,[22],-3.2868447303771973,-3.3282527923583984,-3.1124653816223145,-0.04140806198120117,0.1743793487548828,-0.21578741073608398,-2.989152431488037
pair_0019_sad,pair_0019,05,02,02,01,sad,pair_0019_happy,1,direct_block_23,audio_v_edge,[23],-3.2868447303771973,-3.3282527923583984,-3.3263511657714844,-0.04140806198120117,-0.03950643539428711,-0.0019016265869140625,-2.989152431488037
pair_0019_sad,pair_0019,05,02,02,01,sad,pair_0019_happy,1,direct_cumulative_18_19,audio_v_edge,"[18, 19]",-3.2868447303771973,-3.3282527923583984,-3.2320690155029297,-0.04140806198120117,0.05477571487426758,-0.09618377685546875,-2.989152431488037
pair_0019_sad,pair_0019,05,02,02,01,sad,pair_0019_happy,1,direct_cumulative_18_20,audio_v_edge,"[18, 19, 20]",-3.2868447303771973,-3.3282527923583984,-3.2403852939605713,-0.04140806198120117,0.04645943641662598,-0.08786749839782715,-2.989152431488037
pair_0019_sad,pair_0019,05,02,02,01,sad,pair_0019_happy,1,direct_cumulative_18_21,audio_v_edge,"[18, 19, 20, 21]",-3.2868447303771973,-3.3282527923583984,-3.208409309387207,-0.04140806198120117,0.07843542098999023,-0.1198434829711914,-2.989152431488037
pair_0019_sad,pair_0019,05,02,02,01,sad,pair_0019_happy,1,direct_cumulative_18_22,audio_v_edge,"[18, 19, 20, 21, 22]",-3.2868447303771973,-3.3282527923583984,-2.99129056930542,-0.04140806198120117,0.29555416107177734,-0.3369622230529785,-2.989152431488037
pair_0019_sad,pair_0019,05,02,02,01,sad,pair_0019_happy,1,direct_cumulative_18_23,audio_v_edge,"[18, 19, 20, 21, 22, 23]",-3.2868447303771973,-3.3282527923583984,-2.989152431488037,-0.04140806198120117,0.29769229888916016,-0.33910036087036133,-2.989152431488037
pair_0020_happy,pair_0020,06,01,01,01,happy,pair_0020_sad,-1,direct_block_18,audio_v_edge,[18],-4.214656829833984,-4.394181251525879,-4.356518745422363,0.17952442169189453,0.1418619155883789,0.037662506103515625,-4.3653388023376465
pair_0020_happy,pair_0020,06,01,01,01,happy,pair_0020_sad,-1,direct_block_19,audio_v_edge,[19],-4.214656829833984,-4.394181251525879,-4.423521041870117,0.17952442169189453,0.2088642120361328,-0.02933979034423828,-4.3653388023376465
pair_0020_happy,pair_0020,06,01,01,01,happy,pair_0020_sad,-1,direct_block_20,audio_v_edge,[20],-4.214656829833984,-4.394181251525879,-4.4167327880859375,0.17952442169189453,0.20207595825195312,-0.022551536560058594,-4.3653388023376465
pair_0020_happy,pair_0020,06,01,01,01,happy,pair_0020_sad,-1,direct_block_21,audio_v_edge,[21],-4.214656829833984,-4.394181251525879,-4.335930824279785,0.17952442169189453,0.12127399444580078,0.05825042724609375,-4.3653388023376465
pair_0020_happy,pair_0020,06,01,01,01,happy,pair_0020_sad,-1,direct_block_22,audio_v_edge,[22],-4.214656829833984,-4.394181251525879,-4.436008453369141,0.17952442169189453,0.22135162353515625,-0.04182720184326172,-4.3653388023376465
pair_0020_happy,pair_0020,06,01,01,01,happy,pair_0020_sad,-1,direct_block_23,audio_v_edge,[23],-4.214656829833984,-4.394181251525879,-4.363762855529785,0.17952442169189453,0.14910602569580078,0.03041839599609375,-4.3653388023376465
pair_0020_happy,pair_0020,06,01,01,01,happy,pair_0020_sad,-1,direct_cumulative_18_19,audio_v_edge,"[18, 19]",-4.214656829833984,-4.394181251525879,-4.386472225189209,0.17952442169189453,0.1718153953552246,0.007709026336669922,-4.3653388023376465
pair_0020_happy,pair_0020,06,01,01,01,happy,pair_0020_sad,-1,direct_cumulative_18_20,audio_v_edge,"[18, 19, 20]",-4.214656829833984,-4.394181251525879,-4.408945083618164,0.17952442169189453,0.1942882537841797,-0.014763832092285156,-4.3653388023376465
pair_0020_happy,pair_0020,06,01,01,01,happy,pair_0020_sad,-1,direct_cumulative_18_21,audio_v_edge,"[18, 19, 20, 21]",-4.214656829833984,-4.394181251525879,-4.351027488708496,0.17952442169189453,0.13637065887451172,0.04315376281738281,-4.3653388023376465
pair_0020_happy,pair_0020,06,01,01,01,happy,pair_0020_sad,-1,direct_cumulative_18_22,audio_v_edge,"[18, 19, 20, 21, 22]",-4.214656829833984,-4.394181251525879,-4.395827293395996,0.17952442169189453,0.18117046356201172,-0.0016460418701171875,-4.3653388023376465
pair_0020_happy,pair_0020,06,01,01,01,happy,pair_0020_sad,-1,direct_cumulative_18_23,audio_v_edge,"[18, 19, 20, 21, 22, 23]",-4.214656829833984,-4.394181251525879,-4.3653388023376465,0.17952442169189453,0.1506819725036621,0.028842449188232422,-4.3653388023376465
pair_0020_sad,pair_0020,06,01,01,01,sad,pair_0020_happy,1,direct_block_18,audio_v_edge,[18],-4.52412223815918,-4.343963623046875,-4.4303765296936035,0.1801586151123047,0.09374570846557617,0.08641290664672852,-4.473723411560059
pair_0020_sad,pair_0020,06,01,01,01,sad,pair_0020_happy,1,direct_block_19,audio_v_edge,[19],-4.52412223815918,-4.343963623046875,-4.352109432220459,0.1801586151123047,0.1720128059387207,0.008145809173583984,-4.473723411560059
pair_0020_sad,pair_0020,06,01,01,01,sad,pair_0020_happy,1,direct_block_20,audio_v_edge,[20],-4.52412223815918,-4.343963623046875,-4.348145484924316,0.1801586151123047,0.17597675323486328,0.004181861877441406,-4.473723411560059
pair_0020_sad,pair_0020,06,01,01,01,sad,pair_0020_happy,1,direct_block_21,audio_v_edge,[21],-4.52412223815918,-4.343963623046875,-4.334752082824707,0.1801586151123047,0.18937015533447266,-0.009211540222167969,-4.473723411560059
pair_0020_sad,pair_0020,06,01,01,01,sad,pair_0020_happy,1,direct_block_22,audio_v_edge,[22],-4.52412223815918,-4.343963623046875,-4.339482307434082,0.1801586151123047,0.18463993072509766,-0.004481315612792969,-4.473723411560059
pair_0020_sad,pair_0020,06,01,01,01,sad,pair_0020_happy,1,direct_block_23,audio_v_edge,[23],-4.52412223815918,-4.343963623046875,-4.386268615722656,0.1801586151123047,0.13785362243652344,0.04230499267578125,-4.473723411560059
pair_0020_sad,pair_0020,06,01,01,01,sad,pair_0020_happy,1,direct_cumulative_18_19,audio_v_edge,"[18, 19]",-4.52412223815918,-4.343963623046875,-4.43888521194458,0.1801586151123047,0.08523702621459961,0.09492158889770508,-4.473723411560059
pair_0020_sad,pair_0020,06,01,01,01,sad,pair_0020_happy,1,direct_cumulative_18_20,audio_v_edge,"[18, 19, 20]",-4.52412223815918,-4.343963623046875,-4.442246437072754,0.1801586151123047,0.08187580108642578,0.0982828140258789,-4.473723411560059
pair_0020_sad,pair_0020,06,01,01,01,sad,pair_0020_happy,1,direct_cumulative_18_21,audio_v_edge,"[18, 19, 20, 21]",-4.52412223815918,-4.343963623046875,-4.432546138763428,0.1801586151123047,0.09157609939575195,0.08858251571655273,-4.473723411560059
pair_0020_sad,pair_0020,06,01,01,01,sad,pair_0020_happy,1,direct_cumulative_18_22,audio_v_edge,"[18, 19, 20, 21, 22]",-4.52412223815918,-4.343963623046875,-4.429934024810791,0.1801586151123047,0.09418821334838867,0.08597040176391602,-4.473723411560059
pair_0020_sad,pair_0020,06,01,01,01,sad,pair_0020_happy,1,direct_cumulative_18_23,audio_v_edge,"[18, 19, 20, 21, 22, 23]",-4.52412223815918,-4.343963623046875,-4.473723411560059,0.1801586151123047,0.050398826599121094,0.1297597885131836,-4.473723411560059
pair_0021_happy,pair_0021,06,01,02,01,happy,pair_0021_sad,-1,direct_block_18,audio_v_edge,[18],-4.25598669052124,-4.3884992599487305,-4.440196990966797,0.13251256942749023,0.18421030044555664,-0.051697731018066406,-4.471185207366943
pair_0021_happy,pair_0021,06,01,02,01,happy,pair_0021_sad,-1,direct_block_19,audio_v_edge,[19],-4.25598669052124,-4.3884992599487305,-4.33111047744751,0.13251256942749023,0.07512378692626953,0.0573887825012207,-4.471185207366943
pair_0021_happy,pair_0021,06,01,02,01,happy,pair_0021_sad,-1,direct_block_20,audio_v_edge,[20],-4.25598669052124,-4.3884992599487305,-4.413847923278809,0.13251256942749023,0.15786123275756836,-0.025348663330078125,-4.471185207366943
pair_0021_happy,pair_0021,06,01,02,01,happy,pair_0021_sad,-1,direct_block_21,audio_v_edge,[21],-4.25598669052124,-4.3884992599487305,-4.410867691040039,0.13251256942749023,0.15488100051879883,-0.022368431091308594,-4.471185207366943
pair_0021_happy,pair_0021,06,01,02,01,happy,pair_0021_sad,-1,direct_block_22,audio_v_edge,[22],-4.25598669052124,-4.3884992599487305,-4.437327861785889,0.13251256942749023,0.18134117126464844,-0.0488286018371582,-4.471185207366943
pair_0021_happy,pair_0021,06,01,02,01,happy,pair_0021_sad,-1,direct_block_23,audio_v_edge,[23],-4.25598669052124,-4.3884992599487305,-4.377125263214111,0.13251256942749023,0.1211385726928711,0.01137399673461914,-4.471185207366943
pair_0021_happy,pair_0021,06,01,02,01,happy,pair_0021_sad,-1,direct_cumulative_18_19,audio_v_edge,"[18, 19]",-4.25598669052124,-4.3884992599487305,-4.384300231933594,0.13251256942749023,0.12831354141235352,0.004199028015136719,-4.471185207366943
pair_0021_happy,pair_0021,06,01,02,01,happy,pair_0021_sad,-1,direct_cumulative_18_20,audio_v_edge,"[18, 19, 20]",-4.25598669052124,-4.3884992599487305,-4.409764289855957,0.13251256942749023,0.1537775993347168,-0.021265029907226562,-4.471185207366943
pair_0021_happy,pair_0021,06,01,02,01,happy,pair_0021_sad,-1,direct_cumulative_18_21,audio_v_edge,"[18, 19, 20, 21]",-4.25598669052124,-4.3884992599487305,-4.431395530700684,0.13251256942749023,0.17540884017944336,-0.042896270751953125,-4.471185207366943
pair_0021_happy,pair_0021,06,01,02,01,happy,pair_0021_sad,-1,direct_cumulative_18_22,audio_v_edge,"[18, 19, 20, 21, 22]",-4.25598669052124,-4.3884992599487305,-4.4824137687683105,0.13251256942749023,0.2264270782470703,-0.09391450881958008,-4.471185207366943
pair_0021_happy,pair_0021,06,01,02,01,happy,pair_0021_sad,-1,direct_cumulative_18_23,audio_v_edge,"[18, 19, 20, 21, 22, 23]",-4.25598669052124,-4.3884992599487305,-4.471185207366943,0.13251256942749023,0.21519851684570312,-0.08268594741821289,-4.471185207366943
pair_0021_sad,pair_0021,06,01,02,01,sad,pair_0021_happy,1,direct_block_18,audio_v_edge,[18],-4.614285469055176,-4.495260238647461,-4.577649116516113,0.11902523040771484,0.0366363525390625,0.08238887786865234,-4.772071361541748
pair_0021_sad,pair_0021,06,01,02,01,sad,pair_0021_happy,1,direct_block_19,audio_v_edge,[19],-4.614285469055176,-4.495260238647461,-4.571164131164551,0.11902523040771484,0.043121337890625,0.07590389251708984,-4.772071361541748
pair_0021_sad,pair_0021,06,01,02,01,sad,pair_0021_happy,1,direct_block_20,audio_v_edge,[20],-4.614285469055176,-4.495260238647461,-4.50826358795166,0.11902523040771484,0.10602188110351562,0.013003349304199219,-4.772071361541748
pair_0021_sad,pair_0021,06,01,02,01,sad,pair_0021_happy,1,direct_block_21,audio_v_edge,[21],-4.614285469055176,-4.495260238647461,-4.455495357513428,0.11902523040771484,0.15879011154174805,-0.0397648811340332,-4.772071361541748
pair_0021_sad,pair_0021,06,01,02,01,sad,pair_0021_happy,1,direct_block_22,audio_v_edge,[22],-4.614285469055176,-4.495260238647461,-4.570634841918945,0.11902523040771484,0.04365062713623047,0.07537460327148438,-4.772071361541748
pair_0021_sad,pair_0021,06,01,02,01,sad,pair_0021_happy,1,direct_block_23,audio_v_edge,[23],-4.614285469055176,-4.495260238647461,-4.561638832092285,0.11902523040771484,0.052646636962890625,0.06637859344482422,-4.772071361541748
pair_0021_sad,pair_0021,06,01,02,01,sad,pair_0021_happy,1,direct_cumulative_18_19,audio_v_edge,"[18, 19]",-4.614285469055176,-4.495260238647461,-4.654077529907227,0.11902523040771484,-0.03979206085205078,0.15881729125976562,-4.772071361541748
pair_0021_sad,pair_0021,06,01,02,01,sad,pair_0021_happy,1,direct_cumulative_18_20,audio_v_edge,"[18, 19, 20]",-4.614285469055176,-4.495260238647461,-4.667163848876953,0.11902523040771484,-0.052878379821777344,0.1719036102294922,-4.772071361541748
pair_0021_sad,pair_0021,06,01,02,01,sad,pair_0021_happy,1,direct_cumulative_18_21,audio_v_edge,"[18, 19, 20, 21]",-4.614285469055176,-4.495260238647461,-4.627035140991211,0.11902523040771484,-0.012749671936035156,0.13177490234375,-4.772071361541748
pair_0021_sad,pair_0021,06,01,02,01,sad,pair_0021_happy,1,direct_cumulative_18_22,audio_v_edge,"[18, 19, 20, 21, 22]",-4.614285469055176,-4.495260238647461,-4.7009968757629395,0.11902523040771484,-0.08671140670776367,0.20573663711547852,-4.772071361541748
pair_0021_sad,pair_0021,06,01,02,01,sad,pair_0021_happy,1,direct_cumulative_18_23,audio_v_edge,"[18, 19, 20, 21, 22, 23]",-4.614285469055176,-4.495260238647461,-4.772071361541748,0.11902523040771484,-0.15778589248657227,0.2768111228942871,-4.772071361541748
pair_0022_happy,pair_0022,06,02,01,01,happy,pair_0022_sad,-1,direct_block_18,audio_v_edge,[18],-3.6021475791931152,-3.7090518474578857,-3.6714420318603516,0.10690426826477051,0.06929445266723633,0.03760981559753418,-3.6685848236083984
pair_0022_happy,pair_0022,06,02,01,01,happy,pair_0022_sad,-1,direct_block_19,audio_v_edge,[19],-3.6021475791931152,-3.7090518474578857,-3.679375171661377,0.10690426826477051,0.07722759246826172,0.02967667579650879,-3.6685848236083984
pair_0022_happy,pair_0022,06,02,01,01,happy,pair_0022_sad,-1,direct_block_20,audio_v_edge,[20],-3.6021475791931152,-3.7090518474578857,-3.700366258621216,0.10690426826477051,0.09821867942810059,0.008685588836669922,-3.6685848236083984
pair_0022_happy,pair_0022,06,02,01,01,happy,pair_0022_sad,-1,direct_block_21,audio_v_edge,[21],-3.6021475791931152,-3.7090518474578857,-3.7019104957580566,0.10690426826477051,0.0997629165649414,0.0071413516998291016,-3.6685848236083984
pair_0022_happy,pair_0022,06,02,01,01,happy,pair_0022_sad,-1,direct_block_22,audio_v_edge,[22],-3.6021475791931152,-3.7090518474578857,-3.7559092044830322,0.10690426826477051,0.153761625289917,-0.046857357025146484,-3.6685848236083984
pair_0022_happy,pair_0022,06,02,01,01,happy,pair_0022_sad,-1,direct_block_23,audio_v_edge,[23],-3.6021475791931152,-3.7090518474578857,-3.706428289413452,0.10690426826477051,0.10428071022033691,0.0026235580444335938,-3.6685848236083984
pair_0022_happy,pair_0022,06,02,01,01,happy,pair_0022_sad,-1,direct_cumulative_18_19,audio_v_edge,"[18, 19]",-3.6021475791931152,-3.7090518474578857,-3.641812324523926,0.10690426826477051,0.03966474533081055,0.06723952293395996,-3.6685848236083984
pair_0022_happy,pair_0022,06,02,01,01,happy,pair_0022_sad,-1,direct_cumulative_18_20,audio_v_edge,"[18, 19, 20]",-3.6021475791931152,-3.7090518474578857,-3.6328787803649902,0.10690426826477051,0.030731201171875,0.07617306709289551,-3.6685848236083984
pair_0022_happy,pair_0022,06,02,01,01,happy,pair_0022_sad,-1,direct_cumulative_18_21,audio_v_edge,"[18, 19, 20, 21]",-3.6021475791931152,-3.7090518474578857,-3.6252570152282715,0.10690426826477051,0.02310943603515625,0.08379483222961426,-3.6685848236083984
pair_0022_happy,pair_0022,06,02,01,01,happy,pair_0022_sad,-1,direct_cumulative_18_22,audio_v_edge,"[18, 19, 20, 21, 22]",-3.6021475791931152,-3.7090518474578857,-3.6713380813598633,0.10690426826477051,0.06919050216674805,0.03771376609802246,-3.6685848236083984
pair_0022_happy,pair_0022,06,02,01,01,happy,pair_0022_sad,-1,direct_cumulative_18_23,audio_v_edge,"[18, 19, 20, 21, 22, 23]",-3.6021475791931152,-3.7090518474578857,-3.6685848236083984,0.10690426826477051,0.0664372444152832,0.040467023849487305,-3.6685848236083984
pair_0022_sad,pair_0022,06,02,01,01,sad,pair_0022_happy,1,direct_block_18,audio_v_edge,[18],-3.4650402069091797,-3.3540961742401123,-3.396852731704712,0.11094403266906738,0.06818747520446777,0.04275655746459961,-3.4042811393737793
pair_0022_sad,pair_0022,06,02,01,01,sad,pair_0022_happy,1,direct_block_19,audio_v_edge,[19],-3.4650402069091797,-3.3540961742401123,-3.385526657104492,0.11094403266906738,0.0795135498046875,0.03143048286437988,-3.4042811393737793
pair_0022_sad,pair_0022,06,02,01,01,sad,pair_0022_happy,1,direct_block_20,audio_v_edge,[20],-3.4650402069091797,-3.3540961742401123,-3.3726158142089844,0.11094403266906738,0.09242439270019531,0.01851963996887207,-3.4042811393737793
pair_0022_sad,pair_0022,06,02,01,01,sad,pair_0022_happy,1,direct_block_21,audio_v_edge,[21],-3.4650402069091797,-3.3540961742401123,-3.3442866802215576,0.11094403266906738,0.12075352668762207,-0.009809494018554688,-3.4042811393737793
pair_0022_sad,pair_0022,06,02,01,01,sad,pair_0022_happy,1,direct_block_22,audio_v_edge,[22],-3.4650402069091797,-3.3540961742401123,-3.3122658729553223,0.11094403266906738,0.15277433395385742,-0.04183030128479004,-3.4042811393737793
pair_0022_sad,pair_0022,06,02,01,01,sad,pair_0022_happy,1,direct_block_23,audio_v_edge,[23],-3.4650402069091797,-3.3540961742401123,-3.3658015727996826,0.11094403266906738,0.09923863410949707,0.011705398559570312,-3.4042811393737793
pair_0022_sad,pair_0022,06,02,01,01,sad,pair_0022_happy,1,direct_cumulative_18_19,audio_v_edge,"[18, 19]",-3.4650402069091797,-3.3540961742401123,-3.428122043609619,0.11094403266906738,0.03691816329956055,0.07402586936950684,-3.4042811393737793
pair_0022_sad,pair_0022,06,02,01,01,sad,pair_0022_happy,1,direct_cumulative_18_20,audio_v_edge,"[18, 19, 20]",-3.4650402069091797,-3.3540961742401123,-3.4467501640319824,0.11094403266906738,0.018290042877197266,0.09265398979187012,-3.4042811393737793
pair_0022_sad,pair_0022,06,02,01,01,sad,pair_0022_happy,1,direct_cumulative_18_21,audio_v_edge,"[18, 19, 20, 21]",-3.4650402069091797,-3.3540961742401123,-3.436784505844116,0.11094403266906738,0.028255701065063477,0.0826883316040039,-3.4042811393737793
pair_0022_sad,pair_0022,06,02,01,01,sad,pair_0022_happy,1,direct_cumulative_18_22,audio_v_edge,"[18, 19, 20, 21, 22]",-3.4650402069091797,-3.3540961742401123,-3.3930633068084717,0.11094403266906738,0.07197690010070801,0.038967132568359375,-3.4042811393737793
pair_0022_sad,pair_0022,06,02,01,01,sad,pair_0022_happy,1,direct_cumulative_18_23,audio_v_edge,"[18, 19, 20, 21, 22, 23]",-3.4650402069091797,-3.3540961742401123,-3.4042811393737793,0.11094403266906738,0.06075906753540039,0.05018496513366699,-3.4042811393737793
pair_0023_happy,pair_0023,06,02,02,01,happy,pair_0023_sad,-1,direct_block_18,audio_v_edge,[18],-3.457305908203125,-3.5323586463928223,-3.5253281593322754,0.07505273818969727,0.06802225112915039,0.007030487060546875,-3.5323402881622314
pair_0023_happy,pair_0023,06,02,02,01,happy,pair_0023_sad,-1,direct_block_19,audio_v_edge,[19],-3.457305908203125,-3.5323586463928223,-3.524972438812256,0.07505273818969727,0.06766653060913086,0.007386207580566406,-3.5323402881622314
pair_0023_happy,pair_0023,06,02,02,01,happy,pair_0023_sad,-1,direct_block_20,audio_v_edge,[20],-3.457305908203125,-3.5323586463928223,-3.5177977085113525,0.07505273818969727,0.06049180030822754,0.014560937881469727,-3.5323402881622314
pair_0023_happy,pair_0023,06,02,02,01,happy,pair_0023_sad,-1,direct_block_21,audio_v_edge,[21],-3.457305908203125,-3.5323586463928223,-3.5362348556518555,0.07505273818969727,0.07892894744873047,-0.003876209259033203,-3.5323402881622314
pair_0023_happy,pair_0023,06,02,02,01,happy,pair_0023_sad,-1,direct_block_22,audio_v_edge,[22],-3.457305908203125,-3.5323586463928223,-3.549166679382324,0.07505273818969727,0.09186077117919922,-0.016808032989501953,-3.5323402881622314
pair_0023_happy,pair_0023,06,02,02,01,happy,pair_0023_sad,-1,direct_block_23,audio_v_edge,[23],-3.457305908203125,-3.5323586463928223,-3.5403764247894287,0.07505273818969727,0.08307051658630371,-0.008017778396606445,-3.5323402881622314
pair_0023_happy,pair_0023,06,02,02,01,happy,pair_0023_sad,-1,direct_cumulative_18_19,audio_v_edge,"[18, 19]",-3.457305908203125,-3.5323586463928223,-3.517935276031494,0.07505273818969727,0.06062936782836914,0.014423370361328125,-3.5323402881622314
pair_0023_happy,pair_0023,06,02,02,01,happy,pair_0023_sad,-1,direct_cumulative_18_20,audio_v_edge,"[18, 19, 20]",-3.457305908203125,-3.5323586463928223,-3.5034191608428955,0.07505273818969727,0.04611325263977051,0.028939485549926758,-3.5323402881622314
pair_0023_happy,pair_0023,06,02,02,01,happy,pair_0023_sad,-1,direct_cumulative_18_21,audio_v_edge,"[18, 19, 20, 21]",-3.457305908203125,-3.5323586463928223,-3.507417678833008,0.07505273818969727,0.05011177062988281,0.024940967559814453,-3.5323402881622314
pair_0023_happy,pair_0023,06,02,02,01,happy,pair_0023_sad,-1,direct_cumulative_18_22,audio_v_edge,"[18, 19, 20, 21, 22]",-3.457305908203125,-3.5323586463928223,-3.5244626998901367,0.07505273818969727,0.06715679168701172,0.007895946502685547,-3.5323402881622314
pair_0023_happy,pair_0023,06,02,02,01,happy,pair_0023_sad,-1,direct_cumulative_18_23,audio_v_edge,"[18, 19, 20, 21, 22, 23]",-3.457305908203125,-3.5323586463928223,-3.5323402881622314,0.07505273818969727,0.07503437995910645,1.8358230590820312e-05,-3.5323402881622314
pair_0023_sad,pair_0023,06,02,02,01,sad,pair_0023_happy,1,direct_block_18,audio_v_edge,[18],-3.6551520824432373,-3.5803494453430176,-3.580681562423706,0.07480263710021973,0.07447052001953125,0.00033211708068847656,-3.591001510620117
pair_0023_sad,pair_0023,06,02,02,01,sad,pair_0023_happy,1,direct_block_19,audio_v_edge,[19],-3.6551520824432373,-3.5803494453430176,-3.583433151245117,0.07480263710021973,0.07171893119812012,0.0030837059020996094,-3.591001510620117
pair_0023_sad,pair_0023,06,02,02,01,sad,pair_0023_happy,1,direct_block_20,audio_v_edge,[20],-3.6551520824432373,-3.5803494453430176,-3.5945942401885986,0.07480263710021973,0.06055784225463867,0.014244794845581055,-3.591001510620117
pair_0023_sad,pair_0023,06,02,02,01,sad,pair_0023_happy,1,direct_block_21,audio_v_edge,[21],-3.6551520824432373,-3.5803494453430176,-3.5676236152648926,0.07480263710021973,0.08752846717834473,-0.012725830078125,-3.591001510620117
pair_0023_sad,pair_0023,06,02,02,01,sad,pair_0023_happy,1,direct_block_22,audio_v_edge,[22],-3.6551520824432373,-3.5803494453430176,-3.5685529708862305,0.07480263710021973,0.08659911155700684,-0.01179647445678711,-3.591001510620117
pair_0023_sad,pair_0023,06,02,02,01,sad,pair_0023_happy,1,direct_block_23,audio_v_edge,[23],-3.6551520824432373,-3.5803494453430176,-3.5977907180786133,0.07480263710021973,0.05736136436462402,0.017441272735595703,-3.591001510620117
pair_0023_sad,pair_0023,06,02,02,01,sad,pair_0023_happy,1,direct_cumulative_18_19,audio_v_edge,"[18, 19]",-3.6551520824432373,-3.5803494453430176,-3.5837438106536865,0.07480263710021973,0.07140827178955078,0.0033943653106689453,-3.591001510620117
pair_0023_sad,pair_0023,06,02,02,01,sad,pair_0023_happy,1,direct_cumulative_18_20,audio_v_edge,"[18, 19, 20]",-3.6551520824432373,-3.5803494453430176,-3.597977638244629,0.07480263710021973,0.0571744441986084,0.017628192901611328,-3.591001510620117
pair_0023_sad,pair_0023,06,02,02,01,sad,pair_0023_happy,1,direct_cumulative_18_21,audio_v_edge,"[18, 19, 20, 21]",-3.6551520824432373,-3.5803494453430176,-3.585352897644043,0.07480263710021973,0.06979918479919434,0.005003452301025391,-3.591001510620117
pair_0023_sad,pair_0023,06,02,02,01,sad,pair_0023_happy,1,direct_cumulative_18_22,audio_v_edge,"[18, 19, 20, 21, 22]",-3.6551520824432373,-3.5803494453430176,-3.5738067626953125,0.07480263710021973,0.0813453197479248,-0.006542682647705078,-3.591001510620117
pair_0023_sad,pair_0023,06,02,02,01,sad,pair_0023_happy,1,direct_cumulative_18_23,audio_v_edge,"[18, 19, 20, 21, 22, 23]",-3.6551520824432373,-3.5803494453430176,-3.591001510620117,0.07480263710021973,0.06415057182312012,0.01065206527709961,-3.591001510620117
pair_0024_happy,pair_0024,07,01,01,01,happy,pair_0024_sad,-1,direct_block_18,audio_v_edge,[18],-4.384683609008789,-4.240888595581055,-4.17860221862793,-0.14379501342773438,-0.20608139038085938,0.062286376953125,-4.288267135620117
pair_0024_happy,pair_0024,07,01,01,01,happy,pair_0024_sad,-1,direct_block_19,audio_v_edge,[19],-4.384683609008789,-4.240888595581055,-4.173070907592773,-0.14379501342773438,-0.21161270141601562,0.06781768798828125,-4.288267135620117
pair_0024_happy,pair_0024,07,01,01,01,happy,pair_0024_sad,-1,direct_block_20,audio_v_edge,[20],-4.384683609008789,-4.240888595581055,-4.337289333343506,-0.14379501342773438,-0.0473942756652832,-0.09640073776245117,-4.288267135620117
pair_0024_happy,pair_0024,07,01,01,01,happy,pair_0024_sad,-1,direct_block_21,audio_v_edge,[21],-4.384683609008789,-4.240888595581055,-4.31874942779541,-0.14379501342773438,-0.0659341812133789,-0.07786083221435547,-4.288267135620117
pair_0024_happy,pair_0024,07,01,01,01,happy,pair_0024_sad,-1,direct_block_22,audio_v_edge,[22],-4.384683609008789,-4.240888595581055,-4.2266130447387695,-0.14379501342773438,-0.15807056427001953,0.014275550842285156,-4.288267135620117
pair_0024_happy,pair_0024,07,01,01,01,happy,pair_0024_sad,-1,direct_block_23,audio_v_edge,[23],-4.384683609008789,-4.240888595581055,-4.249810218811035,-0.14379501342773438,-0.1348733901977539,-0.008921623229980469,-4.288267135620117
pair_0024_happy,pair_0024,07,01,01,01,happy,pair_0024_sad,-1,direct_cumulative_18_19,audio_v_edge,"[18, 19]",-4.384683609008789,-4.240888595581055,-4.113853454589844,-0.14379501342773438,-0.2708301544189453,0.12703514099121094,-4.288267135620117
pair_0024_happy,pair_0024,07,01,01,01,happy,pair_0024_sad,-1,direct_cumulative_18_20,audio_v_edge,"[18, 19, 20]",-4.384683609008789,-4.240888595581055,-4.208535671234131,-0.14379501342773438,-0.1761479377746582,0.03235292434692383,-4.288267135620117
pair_0024_happy,pair_0024,07,01,01,01,happy,pair_0024_sad,-1,direct_cumulative_18_21,audio_v_edge,"[18, 19, 20, 21]",-4.384683609008789,-4.240888595581055,-4.287915229797363,-0.14379501342773438,-0.09676837921142578,-0.047026634216308594,-4.288267135620117
pair_0024_happy,pair_0024,07,01,01,01,happy,pair_0024_sad,-1,direct_cumulative_18_22,audio_v_edge,"[18, 19, 20, 21, 22]",-4.384683609008789,-4.240888595581055,-4.27970027923584,-0.14379501342773438,-0.10498332977294922,-0.038811683654785156,-4.288267135620117
pair_0024_happy,pair_0024,07,01,01,01,happy,pair_0024_sad,-1,direct_cumulative_18_23,audio_v_edge,"[18, 19, 20, 21, 22, 23]",-4.384683609008789,-4.240888595581055,-4.288267135620117,-0.14379501342773438,-0.09641647338867188,-0.0473785400390625,-4.288267135620117
pair_0024_sad,pair_0024,07,01,01,01,sad,pair_0024_happy,1,direct_block_18,audio_v_edge,[18],-4.1672210693359375,-4.296696662902832,-4.394598960876465,-0.12947559356689453,-0.22737789154052734,0.09790229797363281,-4.303079605102539
pair_0024_sad,pair_0024,07,01,01,01,sad,pair_0024_happy,1,direct_block_19,audio_v_edge,[19],-4.1672210693359375,-4.296696662902832,-4.354392051696777,-0.12947559356689453,-0.18717098236083984,0.05769538879394531,-4.303079605102539
pair_0024_sad,pair_0024,07,01,01,01,sad,pair_0024_happy,1,direct_block_20,audio_v_edge,[20],-4.1672210693359375,-4.296696662902832,-4.1954121589660645,-0.12947559356689453,-0.028191089630126953,-0.10128450393676758,-4.303079605102539
pair_0024_sad,pair_0024,07,01,01,01,sad,pair_0024_happy,1,direct_block_21,audio_v_edge,[21],-4.1672210693359375,-4.296696662902832,-4.16408634185791,-0.12947559356689453,0.0031347274780273438,-0.13261032104492188,-4.303079605102539
pair_0024_sad,pair_0024,07,01,01,01,sad,pair_0024_happy,1,direct_block_22,audio_v_edge,[22],-4.1672210693359375,-4.296696662902832,-4.398493766784668,-0.12947559356689453,-0.23127269744873047,0.10179710388183594,-4.303079605102539
pair_0024_sad,pair_0024,07,01,01,01,sad,pair_0024_happy,1,direct_block_23,audio_v_edge,[23],-4.1672210693359375,-4.296696662902832,-4.279706001281738,-0.12947559356689453,-0.11248493194580078,-0.01699066162109375,-4.303079605102539
pair_0024_sad,pair_0024,07,01,01,01,sad,pair_0024_happy,1,direct_cumulative_18_19,audio_v_edge,"[18, 19]",-4.1672210693359375,-4.296696662902832,-4.451571464538574,-0.12947559356689453,-0.2843503952026367,0.1548748016357422,-4.303079605102539
pair_0024_sad,pair_0024,07,01,01,01,sad,pair_0024_happy,1,direct_cumulative_18_20,audio_v_edge,"[18, 19, 20]",-4.1672210693359375,-4.296696662902832,-4.347785949707031,-0.12947559356689453,-0.18056488037109375,0.05108928680419922,-4.303079605102539
pair_0024_sad,pair_0024,07,01,01,01,sad,pair_0024_happy,1,direct_cumulative_18_21,audio_v_edge,"[18, 19, 20, 21]",-4.1672210693359375,-4.296696662902832,-4.220767974853516,-0.12947559356689453,-0.053546905517578125,-0.0759286880493164,-4.303079605102539
pair_0024_sad,pair_0024,07,01,01,01,sad,pair_0024_happy,1,direct_cumulative_18_22,audio_v_edge,"[18, 19, 20, 21, 22]",-4.1672210693359375,-4.296696662902832,-4.320638656616211,-0.12947559356689453,-0.15341758728027344,0.023941993713378906,-4.303079605102539
pair_0024_sad,pair_0024,07,01,01,01,sad,pair_0024_happy,1,direct_cumulative_18_23,audio_v_edge,"[18, 19, 20, 21, 22, 23]",-4.1672210693359375,-4.296696662902832,-4.303079605102539,-0.12947559356689453,-0.13585853576660156,0.006382942199707031,-4.303079605102539
pair_0025_happy,pair_0025,07,01,02,01,happy,pair_0025_sad,-1,direct_block_18,audio_v_edge,[18],-4.604063987731934,-4.625931262969971,-4.574378967285156,0.02186727523803711,-0.029685020446777344,0.05155229568481445,-4.551435470581055
pair_0025_happy,pair_0025,07,01,02,01,happy,pair_0025_sad,-1,direct_block_19,audio_v_edge,[19],-4.604063987731934,-4.625931262969971,-4.606892108917236,0.02186727523803711,0.0028281211853027344,0.019039154052734375,-4.551435470581055
pair_0025_happy,pair_0025,07,01,02,01,happy,pair_0025_sad,-1,direct_block_20,audio_v_edge,[20],-4.604063987731934,-4.625931262969971,-4.636556148529053,0.02186727523803711,0.03249216079711914,-0.010624885559082031,-4.551435470581055
pair_0025_happy,pair_0025,07,01,02,01,happy,pair_0025_sad,-1,direct_block_21,audio_v_edge,[21],-4.604063987731934,-4.625931262969971,-4.675682067871094,0.02186727523803711,0.07161808013916016,-0.04975080490112305,-4.551435470581055
pair_0025_happy,pair_0025,07,01,02,01,happy,pair_0025_sad,-1,direct_block_22,audio_v_edge,[22],-4.604063987731934,-4.625931262969971,-4.611626148223877,0.02186727523803711,0.007562160491943359,0.01430511474609375,-4.551435470581055
pair_0025_happy,pair_0025,07,01,02,01,happy,pair_0025_sad,-1,direct_block_23,audio_v_edge,[23],-4.604063987731934,-4.625931262969971,-4.575138092041016,0.02186727523803711,-0.02892589569091797,0.05079317092895508,-4.551435470581055
pair_0025_happy,pair_0025,07,01,02,01,happy,pair_0025_sad,-1,direct_cumulative_18_19,audio_v_edge,"[18, 19]",-4.604063987731934,-4.625931262969971,-4.556412696838379,0.02186727523803711,-0.04765129089355469,0.0695185661315918,-4.551435470581055
pair_0025_happy,pair_0025,07,01,02,01,happy,pair_0025_sad,-1,direct_cumulative_18_20,audio_v_edge,"[18, 19, 20]",-4.604063987731934,-4.625931262969971,-4.567017555236816,0.02186727523803711,-0.03704643249511719,0.0589137077331543,-4.551435470581055
pair_0025_happy,pair_0025,07,01,02,01,happy,pair_0025_sad,-1,direct_cumulative_18_21,audio_v_edge,"[18, 19, 20, 21]",-4.604063987731934,-4.625931262969971,-4.616696357727051,0.02186727523803711,0.012632369995117188,0.009234905242919922,-4.551435470581055
pair_0025_happy,pair_0025,07,01,02,01,happy,pair_0025_sad,-1,direct_cumulative_18_22,audio_v_edge,"[18, 19, 20, 21, 22]",-4.604063987731934,-4.625931262969971,-4.60207462310791,0.02186727523803711,-0.0019893646240234375,0.023856639862060547,-4.551435470581055
pair_0025_happy,pair_0025,07,01,02,01,happy,pair_0025_sad,-1,direct_cumulative_18_23,audio_v_edge,"[18, 19, 20, 21, 22, 23]",-4.604063987731934,-4.625931262969971,-4.551435470581055,0.02186727523803711,-0.052628517150878906,0.07449579238891602,-4.551435470581055
pair_0025_sad,pair_0025,07,01,02,01,sad,pair_0025_happy,1,direct_block_18,audio_v_edge,[18],-4.696544170379639,-4.665755748748779,-4.753647804260254,0.030788421630859375,-0.057103633880615234,0.08789205551147461,-4.771716117858887
pair_0025_sad,pair_0025,07,01,02,01,sad,pair_0025_happy,1,direct_block_19,audio_v_edge,[19],-4.696544170379639,-4.665755748748779,-4.695354461669922,0.030788421630859375,0.0011897087097167969,0.029598712921142578,-4.771716117858887
pair_0025_sad,pair_0025,07,01,02,01,sad,pair_0025_happy,1,direct_block_20,audio_v_edge,[20],-4.696544170379639,-4.665755748748779,-4.665647029876709,0.030788421630859375,0.030897140502929688,-0.0001087188720703125,-4.771716117858887
pair_0025_sad,pair_0025,07,01,02,01,sad,pair_0025_happy,1,direct_block_21,audio_v_edge,[21],-4.696544170379639,-4.665755748748779,-4.571585655212402,0.030788421630859375,0.12495851516723633,-0.09417009353637695,-4.771716117858887
pair_0025_sad,pair_0025,07,01,02,01,sad,pair_0025_happy,1,direct_block_22,audio_v_edge,[22],-4.696544170379639,-4.665755748748779,-4.693920135498047,0.030788421630859375,0.002624034881591797,0.028164386749267578,-4.771716117858887
pair_0025_sad,pair_0025,07,01,02,01,sad,pair_0025_happy,1,direct_block_23,audio_v_edge,[23],-4.696544170379639,-4.665755748748779,-4.719049453735352,0.030788421630859375,-0.02250528335571289,0.053293704986572266,-4.771716117858887
pair_0025_sad,pair_0025,07,01,02,01,sad,pair_0025_happy,1,direct_cumulative_18_19,audio_v_edge,"[18, 19]",-4.696544170379639,-4.665755748748779,-4.783971309661865,0.030788421630859375,-0.08742713928222656,0.11821556091308594,-4.771716117858887
pair_0025_sad,pair_0025,07,01,02,01,sad,pair_0025_happy,1,direct_cumulative_18_20,audio_v_edge,"[18, 19, 20]",-4.696544170379639,-4.665755748748779,-4.783555030822754,0.030788421630859375,-0.08701086044311523,0.11779928207397461,-4.771716117858887
pair_0025_sad,pair_0025,07,01,02,01,sad,pair_0025_happy,1,direct_cumulative_18_21,audio_v_edge,"[18, 19, 20, 21]",-4.696544170379639,-4.665755748748779,-4.689549446105957,0.030788421630859375,0.006994724273681641,0.023793697357177734,-4.771716117858887
pair_0025_sad,pair_0025,07,01,02,01,sad,pair_0025_happy,1,direct_cumulative_18_22,audio_v_edge,"[18, 19, 20, 21, 22]",-4.696544170379639,-4.665755748748779,-4.717950344085693,0.030788421630859375,-0.021406173706054688,0.05219459533691406,-4.771716117858887
pair_0025_sad,pair_0025,07,01,02,01,sad,pair_0025_happy,1,direct_cumulative_18_23,audio_v_edge,"[18, 19, 20, 21, 22, 23]",-4.696544170379639,-4.665755748748779,-4.771716117858887,0.030788421630859375,-0.07517194747924805,0.10596036911010742,-4.771716117858887
pair_0026_happy,pair_0026,07,02,01,01,happy,pair_0026_sad,-1,direct_block_18,audio_v_edge,[18],-3.7800509929656982,-3.708968162536621,-3.7020654678344727,-0.07108283042907715,-0.07798552513122559,0.0069026947021484375,-3.4690561294555664
pair_0026_happy,pair_0026,07,02,01,01,happy,pair_0026_sad,-1,direct_block_19,audio_v_edge,[19],-3.7800509929656982,-3.708968162536621,-3.6247992515563965,-0.07108283042907715,-0.15525174140930176,0.08416891098022461,-3.4690561294555664
pair_0026_happy,pair_0026,07,02,01,01,happy,pair_0026_sad,-1,direct_block_20,audio_v_edge,[20],-3.7800509929656982,-3.708968162536621,-3.700838565826416,-0.07108283042907715,-0.07921242713928223,0.008129596710205078,-3.4690561294555664
pair_0026_happy,pair_0026,07,02,01,01,happy,pair_0026_sad,-1,direct_block_21,audio_v_edge,[21],-3.7800509929656982,-3.708968162536621,-3.689526081085205,-0.07108283042907715,-0.09052491188049316,0.019442081451416016,-3.4690561294555664
pair_0026_happy,pair_0026,07,02,01,01,happy,pair_0026_sad,-1,direct_block_22,audio_v_edge,[22],-3.7800509929656982,-3.708968162536621,-3.549492835998535,-0.07108283042907715,-0.23055815696716309,0.15947532653808594,-3.4690561294555664
pair_0026_happy,pair_0026,07,02,01,01,happy,pair_0026_sad,-1,direct_block_23,audio_v_edge,[23],-3.7800509929656982,-3.708968162536621,-3.746034860610962,-0.07108283042907715,-0.03401613235473633,-0.03706669807434082,-3.4690561294555664
pair_0026_happy,pair_0026,07,02,01,01,happy,pair_0026_sad,-1,direct_cumulative_18_19,audio_v_edge,"[18, 19]",-3.7800509929656982,-3.708968162536621,-3.6172962188720703,-0.07108283042907715,-0.16275477409362793,0.09167194366455078,-3.4690561294555664
pair_0026_happy,pair_0026,07,02,01,01,happy,pair_0026_sad,-1,direct_cumulative_18_20,audio_v_edge,"[18, 19, 20]",-3.7800509929656982,-3.708968162536621,-3.6086678504943848,-0.07108283042907715,-0.17138314247131348,0.10030031204223633,-3.4690561294555664
pair_0026_happy,pair_0026,07,02,01,01,happy,pair_0026_sad,-1,direct_cumulative_18_21,audio_v_edge,"[18, 19, 20, 21]",-3.7800509929656982,-3.708968162536621,-3.587700605392456,-0.07108283042907715,-0.1923503875732422,0.12126755714416504,-3.4690561294555664
pair_0026_happy,pair_0026,07,02,01,01,happy,pair_0026_sad,-1,direct_cumulative_18_22,audio_v_edge,"[18, 19, 20, 21, 22]",-3.7800509929656982,-3.708968162536621,-3.431953191757202,-0.07108283042907715,-0.3480978012084961,0.27701497077941895,-3.4690561294555664
pair_0026_happy,pair_0026,07,02,01,01,happy,pair_0026_sad,-1,direct_cumulative_18_23,audio_v_edge,"[18, 19, 20, 21, 22, 23]",-3.7800509929656982,-3.708968162536621,-3.4690561294555664,-0.07108283042907715,-0.31099486351013184,0.2399120330810547,-3.4690561294555664
pair_0026_sad,pair_0026,07,02,01,01,sad,pair_0026_happy,1,direct_block_18,audio_v_edge,[18],-3.630866765975952,-3.6996631622314453,-3.7277286052703857,-0.06879639625549316,-0.0968618392944336,0.02806544303894043,-3.4465444087982178
pair_0026_sad,pair_0026,07,02,01,01,sad,pair_0026_happy,1,direct_block_19,audio_v_edge,[19],-3.630866765975952,-3.6996631622314453,-3.7066752910614014,-0.06879639625549316,-0.07580852508544922,0.007012128829956055,-3.4465444087982178
pair_0026_sad,pair_0026,07,02,01,01,sad,pair_0026_happy,1,direct_block_20,audio_v_edge,[20],-3.630866765975952,-3.6996631622314453,-3.735905408859253,-0.06879639625549316,-0.10503864288330078,0.03624224662780762,-3.4465444087982178
pair_0026_sad,pair_0026,07,02,01,01,sad,pair_0026_happy,1,direct_block_21,audio_v_edge,[21],-3.630866765975952,-3.6996631622314453,-3.677419662475586,-0.06879639625549316,-0.04655289649963379,-0.022243499755859375,-3.4465444087982178
pair_0026_sad,pair_0026,07,02,01,01,sad,pair_0026_happy,1,direct_block_22,audio_v_edge,[22],-3.630866765975952,-3.6996631622314453,-3.431960105895996,-0.06879639625549316,0.19890666007995605,-0.2677030563354492,-3.4465444087982178
pair_0026_sad,pair_0026,07,02,01,01,sad,pair_0026_happy,1,direct_block_23,audio_v_edge,[23],-3.630866765975952,-3.6996631622314453,-3.673316478729248,-0.06879639625549316,-0.0424497127532959,-0.026346683502197266,-3.4465444087982178
pair_0026_sad,pair_0026,07,02,01,01,sad,pair_0026_happy,1,direct_cumulative_18_19,audio_v_edge,"[18, 19]",-3.630866765975952,-3.6996631622314453,-3.7312183380126953,-0.06879639625549316,-0.10035157203674316,0.03155517578125,-3.4465444087982178
pair_0026_sad,pair_0026,07,02,01,01,sad,pair_0026_happy,1,direct_cumulative_18_20,audio_v_edge,"[18, 19, 20]",-3.630866765975952,-3.6996631622314453,-3.767012119293213,-0.06879639625549316,-0.13614535331726074,0.06734895706176758,-3.4465444087982178
pair_0026_sad,pair_0026,07,02,01,01,sad,pair_0026_happy,1,direct_cumulative_18_21,audio_v_edge,"[18, 19, 20, 21]",-3.630866765975952,-3.6996631622314453,-3.749483108520508,-0.06879639625549316,-0.11861634254455566,0.0498199462890625,-3.4465444087982178
pair_0026_sad,pair_0026,07,02,01,01,sad,pair_0026_happy,1,direct_cumulative_18_22,audio_v_edge,"[18, 19, 20, 21, 22]",-3.630866765975952,-3.6996631622314453,-3.472317695617676,-0.06879639625549316,0.15854907035827637,-0.22734546661376953,-3.4465444087982178
pair_0026_sad,pair_0026,07,02,01,01,sad,pair_0026_happy,1,direct_cumulative_18_23,audio_v_edge,"[18, 19, 20, 21, 22, 23]",-3.630866765975952,-3.6996631622314453,-3.4465444087982178,-0.06879639625549316,0.18432235717773438,-0.25311875343322754,-3.4465444087982178
pair_0027_happy,pair_0027,07,02,02,01,happy,pair_0027_sad,-1,direct_block_18,audio_v_edge,[18],-3.7800509929656982,-3.7281789779663086,-3.6206345558166504,-0.05187201499938965,-0.15941643714904785,0.1075444221496582,-3.3516898155212402
pair_0027_happy,pair_0027,07,02,02,01,happy,pair_0027_sad,-1,direct_block_19,audio_v_edge,[19],-3.7800509929656982,-3.7281789779663086,-3.561061382293701,-0.05187201499938965,-0.21898961067199707,0.16711759567260742,-3.3516898155212402
pair_0027_happy,pair_0027,07,02,02,01,happy,pair_0027_sad,-1,direct_block_20,audio_v_edge,[20],-3.7800509929656982,-3.7281789779663086,-3.7316720485687256,-0.05187201499938965,-0.048378944396972656,-0.003493070602416992,-3.3516898155212402
pair_0027_happy,pair_0027,07,02,02,01,happy,pair_0027_sad,-1,direct_block_21,audio_v_edge,[21],-3.7800509929656982,-3.7281789779663086,-3.6811954975128174,-0.05187201499938965,-0.09885549545288086,0.04698348045349121,-3.3516898155212402
pair_0027_happy,pair_0027,07,02,02,01,happy,pair_0027_sad,-1,direct_block_22,audio_v_edge,[22],-3.7800509929656982,-3.7281789779663086,-3.589658737182617,-0.05187201499938965,-0.19039225578308105,0.1385202407836914,-3.3516898155212402
pair_0027_happy,pair_0027,07,02,02,01,happy,pair_0027_sad,-1,direct_block_23,audio_v_edge,[23],-3.7800509929656982,-3.7281789779663086,-3.799018383026123,-0.05187201499938965,0.018967390060424805,-0.07083940505981445,-3.3516898155212402
pair_0027_happy,pair_0027,07,02,02,01,happy,pair_0027_sad,-1,direct_cumulative_18_19,audio_v_edge,"[18, 19]",-3.7800509929656982,-3.7281789779663086,-3.4544754028320312,-0.05187201499938965,-0.325575590133667,0.27370357513427734,-3.3516898155212402
pair_0027_happy,pair_0027,07,02,02,01,happy,pair_0027_sad,-1,direct_cumulative_18_20,audio_v_edge,"[18, 19, 20]",-3.7800509929656982,-3.7281789779663086,-3.4582481384277344,-0.05187201499938965,-0.32180285453796387,0.2699308395385742,-3.3516898155212402
pair_0027_happy,pair_0027,07,02,02,01,happy,pair_0027_sad,-1,direct_cumulative_18_21,audio_v_edge,"[18, 19, 20, 21]",-3.7800509929656982,-3.7281789779663086,-3.406808614730835,-0.05187201499938965,-0.3732423782348633,0.32137036323547363,-3.3516898155212402
pair_0027_happy,pair_0027,07,02,02,01,happy,pair_0027_sad,-1,direct_cumulative_18_22,audio_v_edge,"[18, 19, 20, 21, 22]",-3.7800509929656982,-3.7281789779663086,-3.278024911880493,-0.05187201499938965,-0.5020260810852051,0.45015406608581543,-3.3516898155212402
pair_0027_happy,pair_0027,07,02,02,01,happy,pair_0027_sad,-1,direct_cumulative_18_23,audio_v_edge,"[18, 19, 20, 21, 22, 23]",-3.7800509929656982,-3.7281789779663086,-3.3516898155212402,-0.05187201499938965,-0.428361177444458,0.37648916244506836,-3.3516898155212402
pair_0027_sad,pair_0027,07,02,02,01,sad,pair_0027_happy,1,direct_block_18,audio_v_edge,[18],-3.5695126056671143,-3.610123634338379,-3.5725297927856445,-0.04061102867126465,-0.0030171871185302734,-0.037593841552734375,-3.4369659423828125
pair_0027_sad,pair_0027,07,02,02,01,sad,pair_0027_happy,1,direct_block_19,audio_v_edge,[19],-3.5695126056671143,-3.610123634338379,-3.7177083492279053,-0.04061102867126465,-0.14819574356079102,0.10758471488952637,-3.4369659423828125
pair_0027_sad,pair_0027,07,02,02,01,sad,pair_0027_happy,1,direct_block_20,audio_v_edge,[20],-3.5695126056671143,-3.610123634338379,-3.653987169265747,-0.04061102867126465,-0.08447456359863281,0.043863534927368164,-3.4369659423828125
pair_0027_sad,pair_0027,07,02,02,01,sad,pair_0027_happy,1,direct_block_21,audio_v_edge,[21],-3.5695126056671143,-3.610123634338379,-3.6262316703796387,-0.04061102867126465,-0.056719064712524414,0.016108036041259766,-3.4369659423828125
pair_0027_sad,pair_0027,07,02,02,01,sad,pair_0027_happy,1,direct_block_22,audio_v_edge,[22],-3.5695126056671143,-3.610123634338379,-3.298072099685669,-0.04061102867126465,0.2714405059814453,-0.31205153465270996,-3.4369659423828125
pair_0027_sad,pair_0027,07,02,02,01,sad,pair_0027_happy,1,direct_block_23,audio_v_edge,[23],-3.5695126056671143,-3.610123634338379,-3.6283483505249023,-0.04061102867126465,-0.058835744857788086,0.018224716186523438,-3.4369659423828125
pair_0027_sad,pair_0027,07,02,02,01,sad,pair_0027_happy,1,direct_cumulative_18_19,audio_v_edge,"[18, 19]",-3.5695126056671143,-3.610123634338379,-3.655421733856201,-0.04061102867126465,-0.08590912818908691,0.045298099517822266,-3.4369659423828125
pair_0027_sad,pair_0027,07,02,02,01,sad,pair_0027_happy,1,direct_cumulative_18_20,audio_v_edge,"[18, 19, 20]",-3.5695126056671143,-3.610123634338379,-3.702418088912964,-0.04061102867126465,-0.1329054832458496,0.09229445457458496,-3.4369659423828125
pair_0027_sad,pair_0027,07,02,02,01,sad,pair_0027_happy,1,direct_cumulative_18_21,audio_v_edge,"[18, 19, 20, 21]",-3.5695126056671143,-3.610123634338379,-3.7236828804016113,-0.04061102867126465,-0.15417027473449707,0.11355924606323242,-3.4369659423828125
pair_0027_sad,pair_0027,07,02,02,01,sad,pair_0027_happy,1,direct_cumulative_18_22,audio_v_edge,"[18, 19, 20, 21, 22]",-3.5695126056671143,-3.610123634338379,-3.417264938354492,-0.04061102867126465,0.15224766731262207,-0.19285869598388672,-3.4369659423828125
pair_0027_sad,pair_0027,07,02,02,01,sad,pair_0027_happy,1,direct_cumulative_18_23,audio_v_edge,"[18, 19, 20, 21, 22, 23]",-3.5695126056671143,-3.610123634338379,-3.4369659423828125,-0.04061102867126465,0.13254666328430176,-0.1731576919555664,-3.4369659423828125
pair_0028_happy,pair_0028,08,01,01,01,happy,pair_0028_sad,-1,direct_block_18,audio_v_edge,[18],-3.8731539249420166,-4.2741241455078125,-4.202037811279297,0.4009702205657959,0.3288838863372803,0.07208633422851562,-3.8499040603637695
pair_0028_happy,pair_0028,08,01,01,01,happy,pair_0028_sad,-1,direct_block_19,audio_v_edge,[19],-3.8731539249420166,-4.2741241455078125,-4.159121513366699,0.4009702205657959,0.2859675884246826,0.11500263214111328,-3.8499040603637695
pair_0028_happy,pair_0028,08,01,01,01,happy,pair_0028_sad,-1,direct_block_20,audio_v_edge,[20],-3.8731539249420166,-4.2741241455078125,-4.281261444091797,0.4009702205657959,0.4081075191497803,-0.007137298583984375,-3.8499040603637695
pair_0028_happy,pair_0028,08,01,01,01,happy,pair_0028_sad,-1,direct_block_21,audio_v_edge,[21],-3.8731539249420166,-4.2741241455078125,-4.285181522369385,0.4009702205657959,0.41202759742736816,-0.011057376861572266,-3.8499040603637695
pair_0028_happy,pair_0028,08,01,01,01,happy,pair_0028_sad,-1,direct_block_22,audio_v_edge,[22],-3.8731539249420166,-4.2741241455078125,-4.047210693359375,0.4009702205657959,0.1740567684173584,0.2269134521484375,-3.8499040603637695
pair_0028_happy,pair_0028,08,01,01,01,happy,pair_0028_sad,-1,direct_block_23,audio_v_edge,[23],-3.8731539249420166,-4.2741241455078125,-4.276176452636719,0.4009702205657959,0.40302252769470215,-0.00205230712890625,-3.8499040603637695
pair_0028_happy,pair_0028,08,01,01,01,happy,pair_0028_sad,-1,direct_cumulative_18_19,audio_v_edge,"[18, 19]",-3.8731539249420166,-4.2741241455078125,-4.078527450561523,0.4009702205657959,0.20537352561950684,0.19559669494628906,-3.8499040603637695
pair_0028_happy,pair_0028,08,01,01,01,happy,pair_0028_sad,-1,direct_cumulative_18_20,audio_v_edge,"[18, 19, 20]",-3.8731539249420166,-4.2741241455078125,-4.084946155548096,0.4009702205657959,0.2117922306060791,0.1891779899597168,-3.8499040603637695
pair_0028_happy,pair_0028,08,01,01,01,happy,pair_0028_sad,-1,direct_cumulative_18_21,audio_v_edge,"[18, 19, 20, 21]",-3.8731539249420166,-4.2741241455078125,-4.087603569030762,0.4009702205657959,0.21444964408874512,0.18652057647705078,-3.8499040603637695
pair_0028_happy,pair_0028,08,01,01,01,happy,pair_0028_sad,-1,direct_cumulative_18_22,audio_v_edge,"[18, 19, 20, 21, 22]",-3.8731539249420166,-4.2741241455078125,-3.843925952911377,0.4009702205657959,-0.02922797203063965,0.43019819259643555,-3.8499040603637695
pair_0028_happy,pair_0028,08,01,01,01,happy,pair_0028_sad,-1,direct_cumulative_18_23,audio_v_edge,"[18, 19, 20, 21, 22, 23]",-3.8731539249420166,-4.2741241455078125,-3.8499040603637695,0.4009702205657959,-0.02324986457824707,0.42422008514404297,-3.8499040603637695
pair_0028_sad,pair_0028,08,01,01,01,sad,pair_0028_happy,1,direct_block_18,audio_v_edge,[18],-5.036435127258301,-4.652103424072266,-4.724404335021973,0.38433170318603516,0.3120307922363281,0.07230091094970703,-4.945736885070801
pair_0028_sad,pair_0028,08,01,01,01,sad,pair_0028_happy,1,direct_block_19,audio_v_edge,[19],-5.036435127258301,-4.652103424072266,-4.962563514709473,0.38433170318603516,0.07387161254882812,0.31046009063720703,-4.945736885070801
pair_0028_sad,pair_0028,08,01,01,01,sad,pair_0028_happy,1,direct_block_20,audio_v_edge,[20],-5.036435127258301,-4.652103424072266,-4.741077899932861,0.38433170318603516,0.29535722732543945,0.0889744758605957,-4.945736885070801
pair_0028_sad,pair_0028,08,01,01,01,sad,pair_0028_happy,1,direct_block_21,audio_v_edge,[21],-5.036435127258301,-4.652103424072266,-4.505297660827637,0.38433170318603516,0.5311374664306641,-0.1468057632446289,-4.945736885070801
pair_0028_sad,pair_0028,08,01,01,01,sad,pair_0028_happy,1,direct_block_22,audio_v_edge,[22],-5.036435127258301,-4.652103424072266,-4.624532222747803,0.38433170318603516,0.41190290451049805,-0.02757120132446289,-4.945736885070801
pair_0028_sad,pair_0028,08,01,01,01,sad,pair_0028_happy,1,direct_block_23,audio_v_edge,[23],-5.036435127258301,-4.652103424072266,-4.647054672241211,0.38433170318603516,0.38938045501708984,-0.0050487518310546875,-4.945736885070801
pair_0028_sad,pair_0028,08,01,01,01,sad,pair_0028_happy,1,direct_cumulative_18_19,audio_v_edge,"[18, 19]",-5.036435127258301,-4.652103424072266,-5.034616470336914,0.38433170318603516,0.0018186569213867188,0.38251304626464844,-4.945736885070801
pair_0028_sad,pair_0028,08,01,01,01,sad,pair_0028_happy,1,direct_cumulative_18_20,audio_v_edge,"[18, 19, 20]",-5.036435127258301,-4.652103424072266,-5.128702640533447,0.38433170318603516,-0.09226751327514648,0.47659921646118164,-4.945736885070801
pair_0028_sad,pair_0028,08,01,01,01,sad,pair_0028_happy,1,direct_cumulative_18_21,audio_v_edge,"[18, 19, 20, 21]",-5.036435127258301,-4.652103424072266,-4.97640323638916,0.38433170318603516,0.060031890869140625,0.32429981231689453,-4.945736885070801
pair_0028_sad,pair_0028,08,01,01,01,sad,pair_0028_happy,1,direct_cumulative_18_22,audio_v_edge,"[18, 19, 20, 21, 22]",-5.036435127258301,-4.652103424072266,-4.949390411376953,0.38433170318603516,0.08704471588134766,0.2972869873046875,-4.945736885070801
pair_0028_sad,pair_0028,08,01,01,01,sad,pair_0028_happy,1,direct_cumulative_18_23,audio_v_edge,"[18, 19, 20, 21, 22, 23]",-5.036435127258301,-4.652103424072266,-4.945736885070801,0.38433170318603516,0.0906982421875,0.29363346099853516,-4.945736885070801
pair_0029_happy,pair_0029,08,01,02,01,happy,pair_0029_sad,-1,direct_block_18,audio_v_edge,[18],-4.524965286254883,-4.657519817352295,-4.702307224273682,0.1325545310974121,0.17734193801879883,-0.04478740692138672,-4.2208099365234375
pair_0029_happy,pair_0029,08,01,02,01,happy,pair_0029_sad,-1,direct_block_19,audio_v_edge,[19],-4.524965286254883,-4.657519817352295,-4.501030445098877,0.1325545310974121,-0.02393484115600586,0.15648937225341797,-4.2208099365234375
pair_0029_happy,pair_0029,08,01,02,01,happy,pair_0029_sad,-1,direct_block_20,audio_v_edge,[20],-4.524965286254883,-4.657519817352295,-4.667603492736816,0.1325545310974121,0.1426382064819336,-0.010083675384521484,-4.2208099365234375
pair_0029_happy,pair_0029,08,01,02,01,happy,pair_0029_sad,-1,direct_block_21,audio_v_edge,[21],-4.524965286254883,-4.657519817352295,-4.500076770782471,0.1325545310974121,-0.02488851547241211,0.15744304656982422,-4.2208099365234375
pair_0029_happy,pair_0029,08,01,02,01,happy,pair_0029_sad,-1,direct_block_22,audio_v_edge,[22],-4.524965286254883,-4.657519817352295,-4.514466762542725,0.1325545310974121,-0.010498523712158203,0.1430530548095703,-4.2208099365234375
pair_0029_happy,pair_0029,08,01,02,01,happy,pair_0029_sad,-1,direct_block_23,audio_v_edge,[23],-4.524965286254883,-4.657519817352295,-4.657240867614746,0.1325545310974121,0.13227558135986328,0.0002789497375488281,-4.2208099365234375
pair_0029_happy,pair_0029,08,01,02,01,happy,pair_0029_sad,-1,direct_cumulative_18_19,audio_v_edge,"[18, 19]",-4.524965286254883,-4.657519817352295,-4.540704727172852,0.1325545310974121,0.01573944091796875,0.11681509017944336,-4.2208099365234375
pair_0029_happy,pair_0029,08,01,02,01,happy,pair_0029_sad,-1,direct_cumulative_18_20,audio_v_edge,"[18, 19, 20]",-4.524965286254883,-4.657519817352295,-4.546085834503174,0.1325545310974121,0.021120548248291016,0.1114339828491211,-4.2208099365234375
pair_0029_happy,pair_0029,08,01,02,01,happy,pair_0029_sad,-1,direct_cumulative_18_21,audio_v_edge,"[18, 19, 20, 21]",-4.524965286254883,-4.657519817352295,-4.373303413391113,0.1325545310974121,-0.15166187286376953,0.28421640396118164,-4.2208099365234375
pair_0029_happy,pair_0029,08,01,02,01,happy,pair_0029_sad,-1,direct_cumulative_18_22,audio_v_edge,"[18, 19, 20, 21, 22]",-4.524965286254883,-4.657519817352295,-4.221430778503418,0.1325545310974121,-0.30353450775146484,0.43608903884887695,-4.2208099365234375
pair_0029_happy,pair_0029,08,01,02,01,happy,pair_0029_sad,-1,direct_cumulative_18_23,audio_v_edge,"[18, 19, 20, 21, 22, 23]",-4.524965286254883,-4.657519817352295,-4.2208099365234375,0.1325545310974121,-0.3041553497314453,0.4367098808288574,-4.2208099365234375
pair_0029_sad,pair_0029,08,01,02,01,sad,pair_0029_happy,1,direct_block_18,audio_v_edge,[18],-4.290677070617676,-4.241660118103027,-4.288178443908691,0.04901695251464844,0.002498626708984375,0.04651832580566406,-4.369442462921143
pair_0029_sad,pair_0029,08,01,02,01,sad,pair_0029_happy,1,direct_block_19,audio_v_edge,[19],-4.290677070617676,-4.241660118103027,-4.324811935424805,0.04901695251464844,-0.034134864807128906,0.08315181732177734,-4.369442462921143
pair_0029_sad,pair_0029,08,01,02,01,sad,pair_0029_happy,1,direct_block_20,audio_v_edge,[20],-4.290677070617676,-4.241660118103027,-4.289168357849121,0.04901695251464844,0.0015087127685546875,0.04750823974609375,-4.369442462921143
pair_0029_sad,pair_0029,08,01,02,01,sad,pair_0029_happy,1,direct_block_21,audio_v_edge,[21],-4.290677070617676,-4.241660118103027,-4.143825054168701,0.04901695251464844,0.1468520164489746,-0.09783506393432617,-4.369442462921143
pair_0029_sad,pair_0029,08,01,02,01,sad,pair_0029_happy,1,direct_block_22,audio_v_edge,[22],-4.290677070617676,-4.241660118103027,-4.347066879272461,0.04901695251464844,-0.056389808654785156,0.1054067611694336,-4.369442462921143
pair_0029_sad,pair_0029,08,01,02,01,sad,pair_0029_happy,1,direct_block_23,audio_v_edge,[23],-4.290677070617676,-4.241660118103027,-4.204475402832031,0.04901695251464844,0.08620166778564453,-0.037184715270996094,-4.369442462921143
pair_0029_sad,pair_0029,08,01,02,01,sad,pair_0029_happy,1,direct_cumulative_18_19,audio_v_edge,"[18, 19]",-4.290677070617676,-4.241660118103027,-4.365594863891602,0.04901695251464844,-0.07491779327392578,0.12393474578857422,-4.369442462921143
pair_0029_sad,pair_0029,08,01,02,01,sad,pair_0029_happy,1,direct_cumulative_18_20,audio_v_edge,"[18, 19, 20]",-4.290677070617676,-4.241660118103027,-4.411065101623535,0.04901695251464844,-0.12038803100585938,0.1694049835205078,-4.369442462921143
pair_0029_sad,pair_0029,08,01,02,01,sad,pair_0029_happy,1,direct_cumulative_18_21,audio_v_edge,"[18, 19, 20, 21]",-4.290677070617676,-4.241660118103027,-4.305504322052002,0.04901695251464844,-0.014827251434326172,0.06384420394897461,-4.369442462921143
pair_0029_sad,pair_0029,08,01,02,01,sad,pair_0029_happy,1,direct_cumulative_18_22,audio_v_edge,"[18, 19, 20, 21, 22]",-4.290677070617676,-4.241660118103027,-4.412961959838867,0.04901695251464844,-0.1222848892211914,0.17130184173583984,-4.369442462921143
pair_0029_sad,pair_0029,08,01,02,01,sad,pair_0029_happy,1,direct_cumulative_18_23,audio_v_edge,"[18, 19, 20, 21, 22, 23]",-4.290677070617676,-4.241660118103027,-4.369442462921143,0.04901695251464844,-0.0787653923034668,0.12778234481811523,-4.369442462921143
pair_0030_happy,pair_0030,08,02,01,01,happy,pair_0030_sad,-1,direct_block_18,audio_v_edge,[18],-3.895028591156006,-3.2109622955322266,-3.2473950386047363,-0.6840662956237793,-0.6476335525512695,-0.036432743072509766,-3.8445725440979004
pair_0030_happy,pair_0030,08,02,01,01,happy,pair_0030_sad,-1,direct_block_19,audio_v_edge,[19],-3.895028591156006,-3.2109622955322266,-3.1531357765197754,-0.6840662956237793,-0.7418928146362305,0.05782651901245117,-3.8445725440979004
pair_0030_happy,pair_0030,08,02,01,01,happy,pair_0030_sad,-1,direct_block_20,audio_v_edge,[20],-3.895028591156006,-3.2109622955322266,-3.2355170249938965,-0.6840662956237793,-0.6595115661621094,-0.024554729461669922,-3.8445725440979004
pair_0030_happy,pair_0030,08,02,01,01,happy,pair_0030_sad,-1,direct_block_21,audio_v_edge,[21],-3.895028591156006,-3.2109622955322266,-3.201669931411743,-0.6840662956237793,-0.6933586597442627,0.009292364120483398,-3.8445725440979004
pair_0030_happy,pair_0030,08,02,01,01,happy,pair_0030_sad,-1,direct_block_22,audio_v_edge,[22],-3.895028591156006,-3.2109622955322266,-3.95245361328125,-0.6840662956237793,0.05742502212524414,-0.7414913177490234,-3.8445725440979004
pair_0030_happy,pair_0030,08,02,01,01,happy,pair_0030_sad,-1,direct_block_23,audio_v_edge,[23],-3.895028591156006,-3.2109622955322266,-3.093723773956299,-0.6840662956237793,-0.801304817199707,0.11723852157592773,-3.8445725440979004
pair_0030_happy,pair_0030,08,02,01,01,happy,pair_0030_sad,-1,direct_cumulative_18_19,audio_v_edge,"[18, 19]",-3.895028591156006,-3.2109622955322266,-3.1877596378326416,-0.6840662956237793,-0.7072689533233643,0.02320265769958496,-3.8445725440979004
pair_0030_happy,pair_0030,08,02,01,01,happy,pair_0030_sad,-1,direct_cumulative_18_20,audio_v_edge,"[18, 19, 20]",-3.895028591156006,-3.2109622955322266,-3.2136240005493164,-0.6840662956237793,-0.6814045906066895,-0.0026617050170898438,-3.8445725440979004
pair_0030_happy,pair_0030,08,02,01,01,happy,pair_0030_sad,-1,direct_cumulative_18_21,audio_v_edge,"[18, 19, 20, 21]",-3.895028591156006,-3.2109622955322266,-3.2074806690216064,-0.6840662956237793,-0.6875479221343994,0.003481626510620117,-3.8445725440979004
pair_0030_happy,pair_0030,08,02,01,01,happy,pair_0030_sad,-1,direct_cumulative_18_22,audio_v_edge,"[18, 19, 20, 21, 22]",-3.895028591156006,-3.2109622955322266,-3.955734968185425,-0.6840662956237793,0.060706377029418945,-0.7447726726531982,-3.8445725440979004
pair_0030_happy,pair_0030,08,02,01,01,happy,pair_0030_sad,-1,direct_cumulative_18_23,audio_v_edge,"[18, 19, 20, 21, 22, 23]",-3.895028591156006,-3.2109622955322266,-3.8445725440979004,-0.6840662956237793,-0.05045604705810547,-0.6336102485656738,-3.8445725440979004
pair_0030_sad,pair_0030,08,02,01,01,sad,pair_0030_happy,1,direct_block_18,audio_v_edge,[18],-2.6575613021850586,-3.4580156803131104,-3.400477647781372,-0.8004543781280518,-0.7429163455963135,-0.05753803253173828,-2.4797751903533936
pair_0030_sad,pair_0030,08,02,01,01,sad,pair_0030_happy,1,direct_block_19,audio_v_edge,[19],-2.6575613021850586,-3.4580156803131104,-3.512458324432373,-0.8004543781280518,-0.8548970222473145,0.054442644119262695,-2.4797751903533936
pair_0030_sad,pair_0030,08,02,01,01,sad,pair_0030_happy,1,direct_block_20,audio_v_edge,[20],-2.6575613021850586,-3.4580156803131104,-3.3072421550750732,-0.8004543781280518,-0.6496808528900146,-0.1507735252380371,-2.4797751903533936
pair_0030_sad,pair_0030,08,02,01,01,sad,pair_0030_happy,1,direct_block_21,audio_v_edge,[21],-2.6575613021850586,-3.4580156803131104,-3.529977798461914,-0.8004543781280518,-0.8724164962768555,0.07196211814880371,-2.4797751903533936
pair_0030_sad,pair_0030,08,02,01,01,sad,pair_0030_happy,1,direct_block_22,audio_v_edge,[22],-2.6575613021850586,-3.4580156803131104,-2.6020283699035645,-0.8004543781280518,0.05553293228149414,-0.8559873104095459,-2.4797751903533936
pair_0030_sad,pair_0030,08,02,01,01,sad,pair_0030_happy,1,direct_block_23,audio_v_edge,[23],-2.6575613021850586,-3.4580156803131104,-3.591996192932129,-0.8004543781280518,-0.9344348907470703,0.13398051261901855,-2.4797751903533936
pair_0030_sad,pair_0030,08,02,01,01,sad,pair_0030_happy,1,direct_cumulative_18_19,audio_v_edge,"[18, 19]",-2.6575613021850586,-3.4580156803131104,-3.452733278274536,-0.8004543781280518,-0.7951719760894775,-0.005282402038574219,-2.4797751903533936
pair_0030_sad,pair_0030,08,02,01,01,sad,pair_0030_happy,1,direct_cumulative_18_20,audio_v_edge,"[18, 19, 20]",-2.6575613021850586,-3.4580156803131104,-3.3081843852996826,-0.8004543781280518,-0.650623083114624,-0.14983129501342773,-2.4797751903533936
pair_0030_sad,pair_0030,08,02,01,01,sad,pair_0030_happy,1,direct_cumulative_18_21,audio_v_edge,"[18, 19, 20, 21]",-2.6575613021850586,-3.4580156803131104,-3.3826072216033936,-0.8004543781280518,-0.725045919418335,-0.0754084587097168,-2.4797751903533936
pair_0030_sad,pair_0030,08,02,01,01,sad,pair_0030_happy,1,direct_cumulative_18_22,audio_v_edge,"[18, 19, 20, 21, 22]",-2.6575613021850586,-3.4580156803131104,-2.3241190910339355,-0.8004543781280518,0.33344221115112305,-1.1338965892791748,-2.4797751903533936
pair_0030_sad,pair_0030,08,02,01,01,sad,pair_0030_happy,1,direct_cumulative_18_23,audio_v_edge,"[18, 19, 20, 21, 22, 23]",-2.6575613021850586,-3.4580156803131104,-2.4797751903533936,-0.8004543781280518,0.17778611183166504,-0.9782404899597168,-2.4797751903533936
pair_0031_happy,pair_0031,08,02,02,01,happy,pair_0031_sad,-1,direct_block_18,audio_v_edge,[18],-3.81231689453125,-3.660240650177002,-3.6558473110198975,-0.15207624435424805,-0.15646958351135254,0.004393339157104492,-4.165567874908447
pair_0031_happy,pair_0031,08,02,02,01,happy,pair_0031_sad,-1,direct_block_19,audio_v_edge,[19],-3.81231689453125,-3.660240650177002,-3.5029687881469727,-0.15207624435424805,-0.30934810638427734,0.1572718620300293,-4.165567874908447
pair_0031_happy,pair_0031,08,02,02,01,happy,pair_0031_sad,-1,direct_block_20,audio_v_edge,[20],-3.81231689453125,-3.660240650177002,-3.6057159900665283,-0.15207624435424805,-0.20660090446472168,0.05452466011047363,-4.165567874908447
pair_0031_happy,pair_0031,08,02,02,01,happy,pair_0031_sad,-1,direct_block_21,audio_v_edge,[21],-3.81231689453125,-3.660240650177002,-3.5674920082092285,-0.15207624435424805,-0.24482488632202148,0.09274864196777344,-4.165567874908447
pair_0031_happy,pair_0031,08,02,02,01,happy,pair_0031_sad,-1,direct_block_22,audio_v_edge,[22],-3.81231689453125,-3.660240650177002,-4.100306034088135,-0.15207624435424805,0.28798913955688477,-0.4400653839111328,-4.165567874908447
pair_0031_happy,pair_0031,08,02,02,01,happy,pair_0031_sad,-1,direct_block_23,audio_v_edge,[23],-3.81231689453125,-3.660240650177002,-4.054444313049316,-0.15207624435424805,0.2421274185180664,-0.39420366287231445,-4.165567874908447
pair_0031_happy,pair_0031,08,02,02,01,happy,pair_0031_sad,-1,direct_cumulative_18_19,audio_v_edge,"[18, 19]",-3.81231689453125,-3.660240650177002,-3.490807056427002,-0.15207624435424805,-0.32150983810424805,0.16943359375,-4.165567874908447
pair_0031_happy,pair_0031,08,02,02,01,happy,pair_0031_sad,-1,direct_cumulative_18_20,audio_v_edge,"[18, 19, 20]",-3.81231689453125,-3.660240650177002,-3.437441349029541,-0.15207624435424805,-0.374875545501709,0.22279930114746094,-4.165567874908447
pair_0031_happy,pair_0031,08,02,02,01,happy,pair_0031_sad,-1,direct_cumulative_18_21,audio_v_edge,"[18, 19, 20, 21]",-3.81231689453125,-3.660240650177002,-3.3402421474456787,-0.15207624435424805,-0.4720747470855713,0.31999850273132324,-4.165567874908447
pair_0031_happy,pair_0031,08,02,02,01,happy,pair_0031_sad,-1,direct_cumulative_18_22,audio_v_edge,"[18, 19, 20, 21, 22]",-3.81231689453125,-3.660240650177002,-3.7771620750427246,-0.15207624435424805,-0.03515481948852539,-0.11692142486572266,-4.165567874908447
pair_0031_happy,pair_0031,08,02,02,01,happy,pair_0031_sad,-1,direct_cumulative_18_23,audio_v_edge,"[18, 19, 20, 21, 22, 23]",-3.81231689453125,-3.660240650177002,-4.165567874908447,-0.15207624435424805,0.35325098037719727,-0.5053272247314453,-4.165567874908447
pair_0031_sad,pair_0031,08,02,02,01,sad,pair_0031_happy,1,direct_block_18,audio_v_edge,[18],-3.2720704078674316,-3.5574283599853516,-3.3264408111572266,-0.2853579521179199,-0.05437040328979492,-0.230987548828125,-2.6533737182617188
pair_0031_sad,pair_0031,08,02,02,01,sad,pair_0031_happy,1,direct_block_19,audio_v_edge,[19],-3.2720704078674316,-3.5574283599853516,-3.7462446689605713,-0.2853579521179199,-0.47417426109313965,0.18881630897521973,-2.6533737182617188
pair_0031_sad,pair_0031,08,02,02,01,sad,pair_0031_happy,1,direct_block_20,audio_v_edge,[20],-3.2720704078674316,-3.5574283599853516,-3.4840328693389893,-0.2853579521179199,-0.21196246147155762,-0.0733954906463623,-2.6533737182617188
pair_0031_sad,pair_0031,08,02,02,01,sad,pair_0031_happy,1,direct_block_21,audio_v_edge,[21],-3.2720704078674316,-3.5574283599853516,-3.5050158500671387,-0.2853579521179199,-0.23294544219970703,-0.05241250991821289,-2.6533737182617188
pair_0031_sad,pair_0031,08,02,02,01,sad,pair_0031_happy,1,direct_block_22,audio_v_edge,[22],-3.2720704078674316,-3.5574283599853516,-2.796133041381836,-0.2853579521179199,0.4759373664855957,-0.7612953186035156,-2.6533737182617188
pair_0031_sad,pair_0031,08,02,02,01,sad,pair_0031_happy,1,direct_block_23,audio_v_edge,[23],-3.2720704078674316,-3.5574283599853516,-3.635526657104492,-0.2853579521179199,-0.36345624923706055,0.07809829711914062,-2.6533737182617188
pair_0031_sad,pair_0031,08,02,02,01,sad,pair_0031_happy,1,direct_cumulative_18_19,audio_v_edge,"[18, 19]",-3.2720704078674316,-3.5574283599853516,-3.513123035430908,-0.2853579521179199,-0.24105262756347656,-0.04430532455444336,-2.6533737182617188
pair_0031_sad,pair_0031,08,02,02,01,sad,pair_0031_happy,1,direct_cumulative_18_20,audio_v_edge,"[18, 19, 20]",-3.2720704078674316,-3.5574283599853516,-3.4394311904907227,-0.2853579521179199,-0.16736078262329102,-0.1179971694946289,-2.6533737182617188
pair_0031_sad,pair_0031,08,02,02,01,sad,pair_0031_happy,1,direct_cumulative_18_21,audio_v_edge,"[18, 19, 20, 21]",-3.2720704078674316,-3.5574283599853516,-3.3744614124298096,-0.2853579521179199,-0.10239100456237793,-0.182966947555542,-2.6533737182617188
pair_0031_sad,pair_0031,08,02,02,01,sad,pair_0031_happy,1,direct_cumulative_18_22,audio_v_edge,"[18, 19, 20, 21, 22]",-3.2720704078674316,-3.5574283599853516,-2.579799175262451,-0.2853579521179199,0.6922712326049805,-0.9776291847229004,-2.6533737182617188
pair_0031_sad,pair_0031,08,02,02,01,sad,pair_0031_happy,1,direct_cumulative_18_23,audio_v_edge,"[18, 19, 20, 21, 22, 23]",-3.2720704078674316,-3.5574283599853516,-2.6533737182617188,-0.2853579521179199,0.6186966896057129,-0.9040546417236328,-2.6533737182617188
pair_0032_happy,pair_0032,09,01,01,01,happy,pair_0032_sad,-1,direct_block_18,audio_v_edge,[18],-4.663866996765137,-4.66933536529541,-4.70277738571167,0.0054683685302734375,0.0389103889465332,-0.033442020416259766,-4.507758140563965
pair_0032_happy,pair_0032,09,01,01,01,happy,pair_0032_sad,-1,direct_block_19,audio_v_edge,[19],-4.663866996765137,-4.66933536529541,-4.619812965393066,0.0054683685302734375,-0.04405403137207031,0.04952239990234375,-4.507758140563965
pair_0032_happy,pair_0032,09,01,01,01,happy,pair_0032_sad,-1,direct_block_20,audio_v_edge,[20],-4.663866996765137,-4.66933536529541,-4.661952495574951,0.0054683685302734375,-0.0019145011901855469,0.007382869720458984,-4.507758140563965
pair_0032_happy,pair_0032,09,01,01,01,happy,pair_0032_sad,-1,direct_block_21,audio_v_edge,[21],-4.663866996765137,-4.66933536529541,-4.6114702224731445,0.0054683685302734375,-0.05239677429199219,0.057865142822265625,-4.507758140563965
pair_0032_happy,pair_0032,09,01,01,01,happy,pair_0032_sad,-1,direct_block_22,audio_v_edge,[22],-4.663866996765137,-4.66933536529541,-4.574627876281738,0.0054683685302734375,-0.08923912048339844,0.09470748901367188,-4.507758140563965
pair_0032_happy,pair_0032,09,01,01,01,happy,pair_0032_sad,-1,direct_block_23,audio_v_edge,[23],-4.663866996765137,-4.66933536529541,-4.68775749206543,0.0054683685302734375,0.02389049530029297,-0.01842212677001953,-4.507758140563965
pair_0032_happy,pair_0032,09,01,01,01,happy,pair_0032_sad,-1,direct_cumulative_18_19,audio_v_edge,"[18, 19]",-4.663866996765137,-4.66933536529541,-4.651426315307617,0.0054683685302734375,-0.012440681457519531,0.01790904998779297,-4.507758140563965
pair_0032_happy,pair_0032,09,01,01,01,happy,pair_0032_sad,-1,direct_cumulative_18_20,audio_v_edge,"[18, 19, 20]",-4.663866996765137,-4.66933536529541,-4.645833492279053,0.0054683685302734375,-0.018033504486083984,0.023501873016357422,-4.507758140563965
pair_0032_happy,pair_0032,09,01,01,01,happy,pair_0032_sad,-1,direct_cumulative_18_21,audio_v_edge,"[18, 19, 20, 21]",-4.663866996765137,-4.66933536529541,-4.586915493011475,0.0054683685302734375,-0.07695150375366211,0.08241987228393555,-4.507758140563965
pair_0032_happy,pair_0032,09,01,01,01,happy,pair_0032_sad,-1,direct_cumulative_18_22,audio_v_edge,"[18, 19, 20, 21, 22]",-4.663866996765137,-4.66933536529541,-4.4878621101379395,0.0054683685302734375,-0.17600488662719727,0.1814732551574707,-4.507758140563965
pair_0032_happy,pair_0032,09,01,01,01,happy,pair_0032_sad,-1,direct_cumulative_18_23,audio_v_edge,"[18, 19, 20, 21, 22, 23]",-4.663866996765137,-4.66933536529541,-4.507758140563965,0.0054683685302734375,-0.15610885620117188,0.1615772247314453,-4.507758140563965
pair_0032_sad,pair_0032,09,01,01,01,sad,pair_0032_happy,1,direct_block_18,audio_v_edge,[18],-4.710247993469238,-4.698345184326172,-4.650036811828613,0.011902809143066406,0.060211181640625,-0.048308372497558594,-4.506987571716309
pair_0032_sad,pair_0032,09,01,01,01,sad,pair_0032_happy,1,direct_block_19,audio_v_edge,[19],-4.710247993469238,-4.698345184326172,-4.7616376876831055,0.011902809143066406,-0.05138969421386719,0.0632925033569336,-4.506987571716309
pair_0032_sad,pair_0032,09,01,01,01,sad,pair_0032_happy,1,direct_block_20,audio_v_edge,[20],-4.710247993469238,-4.698345184326172,-4.73317813873291,0.011902809143066406,-0.022930145263671875,0.03483295440673828,-4.506987571716309
pair_0032_sad,pair_0032,09,01,01,01,sad,pair_0032_happy,1,direct_block_21,audio_v_edge,[21],-4.710247993469238,-4.698345184326172,-4.585456848144531,0.011902809143066406,0.12479114532470703,-0.11288833618164062,-4.506987571716309
pair_0032_sad,pair_0032,09,01,01,01,sad,pair_0032_happy,1,direct_block_22,audio_v_edge,[22],-4.710247993469238,-4.698345184326172,-4.61682653427124,0.011902809143066406,0.09342145919799805,-0.08151865005493164,-4.506987571716309
pair_0032_sad,pair_0032,09,01,01,01,sad,pair_0032_happy,1,direct_block_23,audio_v_edge,[23],-4.710247993469238,-4.698345184326172,-4.66163444519043,0.011902809143066406,0.048613548278808594,-0.03671073913574219,-4.506987571716309
pair_0032_sad,pair_0032,09,01,01,01,sad,pair_0032_happy,1,direct_cumulative_18_19,audio_v_edge,"[18, 19]",-4.710247993469238,-4.698345184326172,-4.716048240661621,0.011902809143066406,-0.0058002471923828125,0.01770305633544922,-4.506987571716309
pair_0032_sad,pair_0032,09,01,01,01,sad,pair_0032_happy,1,direct_cumulative_18_20,audio_v_edge,"[18, 19, 20]",-4.710247993469238,-4.698345184326172,-4.750901222229004,0.011902809143066406,-0.040653228759765625,0.05255603790283203,-4.506987571716309
pair_0032_sad,pair_0032,09,01,01,01,sad,pair_0032_happy,1,direct_cumulative_18_21,audio_v_edge,"[18, 19, 20, 21]",-4.710247993469238,-4.698345184326172,-4.631869792938232,0.011902809143066406,0.07837820053100586,-0.06647539138793945,-4.506987571716309
pair_0032_sad,pair_0032,09,01,01,01,sad,pair_0032_happy,1,direct_cumulative_18_22,audio_v_edge,"[18, 19, 20, 21, 22]",-4.710247993469238,-4.698345184326172,-4.545562744140625,0.011902809143066406,0.16468524932861328,-0.15278244018554688,-4.506987571716309
pair_0032_sad,pair_0032,09,01,01,01,sad,pair_0032_happy,1,direct_cumulative_18_23,audio_v_edge,"[18, 19, 20, 21, 22, 23]",-4.710247993469238,-4.698345184326172,-4.506987571716309,0.011902809143066406,0.2032604217529297,-0.19135761260986328,-4.506987571716309
pair_0033_happy,pair_0033,09,01,02,01,happy,pair_0033_sad,-1,direct_block_18,audio_v_edge,[18],-5.057777404785156,-5.070005416870117,-5.046226978302002,0.012228012084960938,-0.011550426483154297,0.023778438568115234,-4.964752197265625
pair_0033_happy,pair_0033,09,01,02,01,happy,pair_0033_sad,-1,direct_block_19,audio_v_edge,[19],-5.057777404785156,-5.070005416870117,-5.07891321182251,0.012228012084960938,0.021135807037353516,-0.008907794952392578,-4.964752197265625
pair_0033_happy,pair_0033,09,01,02,01,happy,pair_0033_sad,-1,direct_block_20,audio_v_edge,[20],-5.057777404785156,-5.070005416870117,-5.06193733215332,0.012228012084960938,0.0041599273681640625,0.008068084716796875,-4.964752197265625
pair_0033_happy,pair_0033,09,01,02,01,happy,pair_0033_sad,-1,direct_block_21,audio_v_edge,[21],-5.057777404785156,-5.070005416870117,-4.960561752319336,0.012228012084960938,-0.09721565246582031,0.10944366455078125,-4.964752197265625
pair_0033_happy,pair_0033,09,01,02,01,happy,pair_0033_sad,-1,direct_block_22,audio_v_edge,[22],-5.057777404785156,-5.070005416870117,-5.120102882385254,0.012228012084960938,0.062325477600097656,-0.05009746551513672,-4.964752197265625
pair_0033_happy,pair_0033,09,01,02,01,happy,pair_0033_sad,-1,direct_block_23,audio_v_edge,[23],-5.057777404785156,-5.070005416870117,-5.038174152374268,0.012228012084960938,-0.019603252410888672,0.03183126449584961,-4.964752197265625
pair_0033_happy,pair_0033,09,01,02,01,happy,pair_0033_sad,-1,direct_cumulative_18_19,audio_v_edge,"[18, 19]",-5.057777404785156,-5.070005416870117,-5.059848785400391,0.012228012084960938,0.002071380615234375,0.010156631469726562,-4.964752197265625
pair_0033_happy,pair_0033,09,01,02,01,happy,pair_0033_sad,-1,direct_cumulative_18_20,audio_v_edge,"[18, 19, 20]",-5.057777404785156,-5.070005416870117,-5.053168296813965,0.012228012084960938,-0.004609107971191406,0.016837120056152344,-4.964752197265625
pair_0033_happy,pair_0033,09,01,02,01,happy,pair_0033_sad,-1,direct_cumulative_18_21,audio_v_edge,"[18, 19, 20, 21]",-5.057777404785156,-5.070005416870117,-4.941653728485107,0.012228012084960938,-0.11612367630004883,0.12835168838500977,-4.964752197265625
pair_0033_happy,pair_0033,09,01,02,01,happy,pair_0033_sad,-1,direct_cumulative_18_22,audio_v_edge,"[18, 19, 20, 21, 22]",-5.057777404785156,-5.070005416870117,-4.998959064483643,0.012228012084960938,-0.05881834030151367,0.07104635238647461,-4.964752197265625
pair_0033_happy,pair_0033,09,01,02,01,happy,pair_0033_sad,-1,direct_cumulative_18_23,audio_v_edge,"[18, 19, 20, 21, 22, 23]",-5.057777404785156,-5.070005416870117,-4.964752197265625,0.012228012084960938,-0.09302520751953125,0.10525321960449219,-4.964752197265625
pair_0033_sad,pair_0033,09,01,02,01,sad,pair_0033_happy,1,direct_block_18,audio_v_edge,[18],-4.2751312255859375,-4.174032211303711,-4.235647678375244,0.10109901428222656,0.03948354721069336,0.0616154670715332,-3.845367670059204
pair_0033_sad,pair_0033,09,01,02,01,sad,pair_0033_happy,1,direct_block_19,audio_v_edge,[19],-4.2751312255859375,-4.174032211303711,-4.122987270355225,0.10109901428222656,0.1521439552307129,-0.05104494094848633,-3.845367670059204
pair_0033_sad,pair_0033,09,01,02,01,sad,pair_0033_happy,1,direct_block_20,audio_v_edge,[20],-4.2751312255859375,-4.174032211303711,-4.167445182800293,0.10109901428222656,0.10768604278564453,-0.006587028503417969,-3.845367670059204
pair_0033_sad,pair_0033,09,01,02,01,sad,pair_0033_happy,1,direct_block_21,audio_v_edge,[21],-4.2751312255859375,-4.174032211303711,-3.9953908920288086,0.10109901428222656,0.2797403335571289,-0.17864131927490234,-3.845367670059204
pair_0033_sad,pair_0033,09,01,02,01,sad,pair_0033_happy,1,direct_block_22,audio_v_edge,[22],-4.2751312255859375,-4.174032211303711,-4.012543678283691,0.10109901428222656,0.2625875473022461,-0.16148853302001953,-3.845367670059204
pair_0033_sad,pair_0033,09,01,02,01,sad,pair_0033_happy,1,direct_block_23,audio_v_edge,[23],-4.2751312255859375,-4.174032211303711,-4.204445838928223,0.10109901428222656,0.07068538665771484,0.03041362762451172,-3.845367670059204
pair_0033_sad,pair_0033,09,01,02,01,sad,pair_0033_happy,1,direct_cumulative_18_19,audio_v_edge,"[18, 19]",-4.2751312255859375,-4.174032211303711,-4.1895036697387695,0.10109901428222656,0.08562755584716797,0.015471458435058594,-3.845367670059204
pair_0033_sad,pair_0033,09,01,02,01,sad,pair_0033_happy,1,direct_cumulative_18_20,audio_v_edge,"[18, 19, 20]",-4.2751312255859375,-4.174032211303711,-4.176112651824951,0.10109901428222656,0.09901857376098633,0.0020804405212402344,-3.845367670059204
pair_0033_sad,pair_0033,09,01,02,01,sad,pair_0033_happy,1,direct_cumulative_18_21,audio_v_edge,"[18, 19, 20, 21]",-4.2751312255859375,-4.174032211303711,-3.996753454208374,0.10109901428222656,0.2783777713775635,-0.17727875709533691,-3.845367670059204
pair_0033_sad,pair_0033,09,01,02,01,sad,pair_0033_happy,1,direct_cumulative_18_22,audio_v_edge,"[18, 19, 20, 21, 22]",-4.2751312255859375,-4.174032211303711,-3.815321922302246,0.10109901428222656,0.4598093032836914,-0.35871028900146484,-3.845367670059204
pair_0033_sad,pair_0033,09,01,02,01,sad,pair_0033_happy,1,direct_cumulative_18_23,audio_v_edge,"[18, 19, 20, 21, 22, 23]",-4.2751312255859375,-4.174032211303711,-3.845367670059204,0.10109901428222656,0.4297635555267334,-0.32866454124450684,-3.845367670059204
pair_0034_happy,pair_0034,09,02,01,01,happy,pair_0034_sad,-1,direct_block_18,audio_v_edge,[18],-3.9641289710998535,-3.9533393383026123,-4.0316548347473145,-0.010789632797241211,0.06752586364746094,-0.07831549644470215,-3.8320302963256836
pair_0034_happy,pair_0034,09,02,01,01,happy,pair_0034_sad,-1,direct_block_19,audio_v_edge,[19],-3.9641289710998535,-3.9533393383026123,-4.040898323059082,-0.010789632797241211,0.07676935195922852,-0.08755898475646973,-3.8320302963256836
pair_0034_happy,pair_0034,09,02,01,01,happy,pair_0034_sad,-1,direct_block_20,audio_v_edge,[20],-3.9641289710998535,-3.9533393383026123,-3.908104419708252,-0.010789632797241211,-0.05602455139160156,0.04523491859436035,-3.8320302963256836
pair_0034_happy,pair_0034,09,02,01,01,happy,pair_0034_sad,-1,direct_block_21,audio_v_edge,[21],-3.9641289710998535,-3.9533393383026123,-3.887040138244629,-0.010789632797241211,-0.07708883285522461,0.0662992000579834,-3.8320302963256836
pair_0034_happy,pair_0034,09,02,01,01,happy,pair_0034_sad,-1,direct_block_22,audio_v_edge,[22],-3.9641289710998535,-3.9533393383026123,-3.7787535190582275,-0.010789632797241211,-0.18537545204162598,0.17458581924438477,-3.8320302963256836
pair_0034_happy,pair_0034,09,02,01,01,happy,pair_0034_sad,-1,direct_block_23,audio_v_edge,[23],-3.9641289710998535,-3.9533393383026123,-3.9555087089538574,-0.010789632797241211,-0.008620262145996094,-0.002169370651245117,-3.8320302963256836
pair_0034_happy,pair_0034,09,02,01,01,happy,pair_0034_sad,-1,direct_cumulative_18_19,audio_v_edge,"[18, 19]",-3.9641289710998535,-3.9533393383026123,-4.118870735168457,-0.010789632797241211,0.15474176406860352,-0.16553139686584473,-3.8320302963256836
pair_0034_happy,pair_0034,09,02,01,01,happy,pair_0034_sad,-1,direct_cumulative_18_20,audio_v_edge,"[18, 19, 20]",-3.9641289710998535,-3.9533393383026123,-4.072519302368164,-0.010789632797241211,0.10839033126831055,-0.11917996406555176,-3.8320302963256836
pair_0034_happy,pair_0034,09,02,01,01,happy,pair_0034_sad,-1,direct_cumulative_18_21,audio_v_edge,"[18, 19, 20, 21]",-3.9641289710998535,-3.9533393383026123,-4.002894878387451,-0.010789632797241211,0.038765907287597656,-0.04955554008483887,-3.8320302963256836
pair_0034_happy,pair_0034,09,02,01,01,happy,pair_0034_sad,-1,direct_cumulative_18_22,audio_v_edge,"[18, 19, 20, 21, 22]",-3.9641289710998535,-3.9533393383026123,-3.8299338817596436,-0.010789632797241211,-0.13419508934020996,0.12340545654296875,-3.8320302963256836
pair_0034_happy,pair_0034,09,02,01,01,happy,pair_0034_sad,-1,direct_cumulative_18_23,audio_v_edge,"[18, 19, 20, 21, 22, 23]",-3.9641289710998535,-3.9533393383026123,-3.8320302963256836,-0.010789632797241211,-0.13209867477416992,0.12130904197692871,-3.8320302963256836
pair_0034_sad,pair_0034,09,02,01,01,sad,pair_0034_happy,1,direct_block_18,audio_v_edge,[18],-3.916632652282715,-3.8914666175842285,-3.79648494720459,0.025166034698486328,0.120147705078125,-0.09498167037963867,-3.949896812438965
pair_0034_sad,pair_0034,09,02,01,01,sad,pair_0034_happy,1,direct_block_19,audio_v_edge,[19],-3.916632652282715,-3.8914666175842285,-3.8309292793273926,0.025166034698486328,0.08570337295532227,-0.06053733825683594,-3.949896812438965
pair_0034_sad,pair_0034,09,02,01,01,sad,pair_0034_happy,1,direct_block_20,audio_v_edge,[20],-3.916632652282715,-3.8914666175842285,-3.9389829635620117,0.025166034698486328,-0.022350311279296875,0.0475163459777832,-3.949896812438965
pair_0034_sad,pair_0034,09,02,01,01,sad,pair_0034_happy,1,direct_block_21,audio_v_edge,[21],-3.916632652282715,-3.8914666175842285,-3.9523768424987793,0.025166034698486328,-0.03574419021606445,0.06091022491455078,-3.949896812438965
pair_0034_sad,pair_0034,09,02,01,01,sad,pair_0034_happy,1,direct_block_22,audio_v_edge,[22],-3.916632652282715,-3.8914666175842285,-3.950775623321533,0.025166034698486328,-0.03414297103881836,0.05930900573730469,-3.949896812438965
pair_0034_sad,pair_0034,09,02,01,01,sad,pair_0034_happy,1,direct_block_23,audio_v_edge,[23],-3.916632652282715,-3.8914666175842285,-3.948728322982788,0.025166034698486328,-0.03209567070007324,0.05726170539855957,-3.949896812438965
pair_0034_sad,pair_0034,09,02,01,01,sad,pair_0034_happy,1,direct_cumulative_18_19,audio_v_edge,"[18, 19]",-3.916632652282715,-3.8914666175842285,-3.7345943450927734,0.025166034698486328,0.1820383071899414,-0.15687227249145508,-3.949896812438965
pair_0034_sad,pair_0034,09,02,01,01,sad,pair_0034_happy,1,direct_cumulative_18_20,audio_v_edge,"[18, 19, 20]",-3.916632652282715,-3.8914666175842285,-3.7807633876800537,0.025166034698486328,0.13586926460266113,-0.1107032299041748,-3.949896812438965
pair_0034_sad,pair_0034,09,02,01,01,sad,pair_0034_happy,1,direct_cumulative_18_21,audio_v_edge,"[18, 19, 20, 21]",-3.916632652282715,-3.8914666175842285,-3.837496519088745,0.025166034698486328,0.07913613319396973,-0.0539700984954834,-3.949896812438965
pair_0034_sad,pair_0034,09,02,01,01,sad,pair_0034_happy,1,direct_cumulative_18_22,audio_v_edge,"[18, 19, 20, 21, 22]",-3.916632652282715,-3.8914666175842285,-3.8949079513549805,0.025166034698486328,0.021724700927734375,0.003441333770751953,-3.949896812438965
pair_0034_sad,pair_0034,09,02,01,01,sad,pair_0034_happy,1,direct_cumulative_18_23,audio_v_edge,"[18, 19, 20, 21, 22, 23]",-3.916632652282715,-3.8914666175842285,-3.949896812438965,0.025166034698486328,-0.03326416015625,0.05843019485473633,-3.949896812438965
pair_0035_happy,pair_0035,09,02,02,01,happy,pair_0035_sad,-1,direct_block_18,audio_v_edge,[18],-3.542358636856079,-3.9380552768707275,-3.865833282470703,0.39569664001464844,0.323474645614624,0.07222199440002441,-3.580970287322998
pair_0035_happy,pair_0035,09,02,02,01,happy,pair_0035_sad,-1,direct_block_19,audio_v_edge,[19],-3.542358636856079,-3.9380552768707275,-3.926724433898926,0.39569664001464844,0.3843657970428467,0.011330842971801758,-3.580970287322998
pair_0035_happy,pair_0035,09,02,02,01,happy,pair_0035_sad,-1,direct_block_20,audio_v_edge,[20],-3.542358636856079,-3.9380552768707275,-3.9000420570373535,0.39569664001464844,0.3576834201812744,0.03801321983337402,-3.580970287322998
pair_0035_happy,pair_0035,09,02,02,01,happy,pair_0035_sad,-1,direct_block_21,audio_v_edge,[21],-3.542358636856079,-3.9380552768707275,-4.026352882385254,0.39569664001464844,0.4839942455291748,-0.08829760551452637,-3.580970287322998
pair_0035_happy,pair_0035,09,02,02,01,happy,pair_0035_sad,-1,direct_block_22,audio_v_edge,[22],-3.542358636856079,-3.9380552768707275,-3.75699520111084,0.39569664001464844,0.21463656425476074,0.1810600757598877,-3.580970287322998
pair_0035_happy,pair_0035,09,02,02,01,happy,pair_0035_sad,-1,direct_block_23,audio_v_edge,[23],-3.542358636856079,-3.9380552768707275,-3.7904512882232666,0.39569664001464844,0.2480926513671875,0.14760398864746094,-3.580970287322998
pair_0035_happy,pair_0035,09,02,02,01,happy,pair_0035_sad,-1,direct_cumulative_18_19,audio_v_edge,"[18, 19]",-3.542358636856079,-3.9380552768707275,-3.8545050621032715,0.39569664001464844,0.3121464252471924,0.08355021476745605,-3.580970287322998
pair_0035_happy,pair_0035,09,02,02,01,happy,pair_0035_sad,-1,direct_cumulative_18_20,audio_v_edge,"[18, 19, 20]",-3.542358636856079,-3.9380552768707275,-3.8171706199645996,0.39569664001464844,0.2748119831085205,0.12088465690612793,-3.580970287322998
pair_0035_happy,pair_0035,09,02,02,01,happy,pair_0035_sad,-1,direct_cumulative_18_21,audio_v_edge,"[18, 19, 20, 21]",-3.542358636856079,-3.9380552768707275,-3.903488874435425,0.39569664001464844,0.3611302375793457,0.034566402435302734,-3.580970287322998
pair_0035_happy,pair_0035,09,02,02,01,happy,pair_0035_sad,-1,direct_cumulative_18_22,audio_v_edge,"[18, 19, 20, 21, 22]",-3.542358636856079,-3.9380552768707275,-3.7329907417297363,0.39569664001464844,0.19063210487365723,0.2050645351409912,-3.580970287322998
pair_0035_happy,pair_0035,09,02,02,01,happy,pair_0035_sad,-1,direct_cumulative_18_23,audio_v_edge,"[18, 19, 20, 21, 22, 23]",-3.542358636856079,-3.9380552768707275,-3.580970287322998,0.39569664001464844,0.038611650466918945,0.3570849895477295,-3.580970287322998
pair_0035_sad,pair_0035,09,02,02,01,sad,pair_0035_happy,1,direct_block_18,audio_v_edge,[18],-4.2842607498168945,-3.8910512924194336,-3.999940872192383,0.39320945739746094,0.2843198776245117,0.10888957977294922,-4.354846000671387
pair_0035_sad,pair_0035,09,02,02,01,sad,pair_0035_happy,1,direct_block_19,audio_v_edge,[19],-4.2842607498168945,-3.8910512924194336,-3.9120824337005615,0.39320945739746094,0.372178316116333,0.02103114128112793,-4.354846000671387
pair_0035_sad,pair_0035,09,02,02,01,sad,pair_0035_happy,1,direct_block_20,audio_v_edge,[20],-4.2842607498168945,-3.8910512924194336,-3.95637845993042,0.39320945739746094,0.3278822898864746,0.06532716751098633,-4.354846000671387
pair_0035_sad,pair_0035,09,02,02,01,sad,pair_0035_happy,1,direct_block_21,audio_v_edge,[21],-4.2842607498168945,-3.8910512924194336,-3.8264284133911133,0.39320945739746094,0.45783233642578125,-0.06462287902832031,-4.354846000671387
pair_0035_sad,pair_0035,09,02,02,01,sad,pair_0035_happy,1,direct_block_22,audio_v_edge,[22],-4.2842607498168945,-3.8910512924194336,-4.054191589355469,0.39320945739746094,0.23006916046142578,0.16314029693603516,-4.354846000671387
pair_0035_sad,pair_0035,09,02,02,01,sad,pair_0035_happy,1,direct_block_23,audio_v_edge,[23],-4.2842607498168945,-3.8910512924194336,-4.058113098144531,0.39320945739746094,0.22614765167236328,0.16706180572509766,-4.354846000671387
pair_0035_sad,pair_0035,09,02,02,01,sad,pair_0035_happy,1,direct_cumulative_18_19,audio_v_edge,"[18, 19]",-4.2842607498168945,-3.8910512924194336,-4.02260684967041,0.39320945739746094,0.2616539001464844,0.13155555725097656,-4.354846000671387
pair_0035_sad,pair_0035,09,02,02,01,sad,pair_0035_happy,1,direct_cumulative_18_20,audio_v_edge,"[18, 19, 20]",-4.2842607498168945,-3.8910512924194336,-4.085955619812012,0.39320945739746094,0.1983051300048828,0.19490432739257812,-4.354846000671387
pair_0035_sad,pair_0035,09,02,02,01,sad,pair_0035_happy,1,direct_cumulative_18_21,audio_v_edge,"[18, 19, 20, 21]",-4.2842607498168945,-3.8910512924194336,-4.0178117752075195,0.39320945739746094,0.266448974609375,0.12676048278808594,-4.354846000671387
pair_0035_sad,pair_0035,09,02,02,01,sad,pair_0035_happy,1,direct_cumulative_18_22,audio_v_edge,"[18, 19, 20, 21, 22]",-4.2842607498168945,-3.8910512924194336,-4.193591594696045,0.39320945739746094,0.09066915512084961,0.30254030227661133,-4.354846000671387
pair_0035_sad,pair_0035,09,02,02,01,sad,pair_0035_happy,1,direct_cumulative_18_23,audio_v_edge,"[18, 19, 20, 21, 22, 23]",-4.2842607498168945,-3.8910512924194336,-4.354846000671387,0.39320945739746094,-0.07058525085449219,0.4637947082519531,-4.354846000671387
pair_0036_happy,pair_0036,10,01,01,01,happy,pair_0036_sad,-1,direct_block_18,audio_v_edge,[18],-4.150804042816162,-4.149046897888184,-4.019261837005615,-0.0017571449279785156,-0.13154220581054688,0.12978506088256836,-3.4419379234313965
pair_0036_happy,pair_0036,10,01,01,01,happy,pair_0036_sad,-1,direct_block_19,audio_v_edge,[19],-4.150804042816162,-4.149046897888184,-4.146393299102783,-0.0017571449279785156,-0.004410743713378906,0.0026535987854003906,-3.4419379234313965
pair_0036_happy,pair_0036,10,01,01,01,happy,pair_0036_sad,-1,direct_block_20,audio_v_edge,[20],-4.150804042816162,-4.149046897888184,-4.118210792541504,-0.0017571449279785156,-0.0325932502746582,0.030836105346679688,-3.4419379234313965
pair_0036_happy,pair_0036,10,01,01,01,happy,pair_0036_sad,-1,direct_block_21,audio_v_edge,[21],-4.150804042816162,-4.149046897888184,-3.824856758117676,-0.0017571449279785156,-0.32594728469848633,0.3241901397705078,-3.4419379234313965
pair_0036_happy,pair_0036,10,01,01,01,happy,pair_0036_sad,-1,direct_block_22,audio_v_edge,[22],-4.150804042816162,-4.149046897888184,-3.988182544708252,-0.0017571449279785156,-0.16262149810791016,0.16086435317993164,-3.4419379234313965
pair_0036_happy,pair_0036,10,01,01,01,happy,pair_0036_sad,-1,direct_block_23,audio_v_edge,[23],-4.150804042816162,-4.149046897888184,-4.177987575531006,-0.0017571449279785156,0.02718353271484375,-0.028940677642822266,-3.4419379234313965
pair_0036_happy,pair_0036,10,01,01,01,happy,pair_0036_sad,-1,direct_cumulative_18_19,audio_v_edge,"[18, 19]",-4.150804042816162,-4.149046897888184,-4.023609161376953,-0.0017571449279785156,-0.12719488143920898,0.12543773651123047,-3.4419379234313965
pair_0036_happy,pair_0036,10,01,01,01,happy,pair_0036_sad,-1,direct_cumulative_18_20,audio_v_edge,"[18, 19, 20]",-4.150804042816162,-4.149046897888184,-3.97802472114563,-0.0017571449279785156,-0.17277932167053223,0.1710221767425537,-3.4419379234313965
pair_0036_happy,pair_0036,10,01,01,01,happy,pair_0036_sad,-1,direct_cumulative_18_21,audio_v_edge,"[18, 19, 20, 21]",-4.150804042816162,-4.149046897888184,-3.5862321853637695,-0.0017571449279785156,-0.5645718574523926,0.5628147125244141,-3.4419379234313965
pair_0036_happy,pair_0036,10,01,01,01,happy,pair_0036_sad,-1,direct_cumulative_18_22,audio_v_edge,"[18, 19, 20, 21, 22]",-4.150804042816162,-4.149046897888184,-3.403714179992676,-0.0017571449279785156,-0.7470898628234863,0.7453327178955078,-3.4419379234313965
pair_0036_happy,pair_0036,10,01,01,01,happy,pair_0036_sad,-1,direct_cumulative_18_23,audio_v_edge,"[18, 19, 20, 21, 22, 23]",-4.150804042816162,-4.149046897888184,-3.4419379234313965,-0.0017571449279785156,-0.7088661193847656,0.7071089744567871,-3.4419379234313965
pair_0036_sad,pair_0036,10,01,01,01,sad,pair_0036_happy,1,direct_block_18,audio_v_edge,[18],-4.659658908843994,-4.682612419128418,-4.76920223236084,-0.022953510284423828,-0.1095433235168457,0.08658981323242188,-4.254607200622559
pair_0036_sad,pair_0036,10,01,01,01,sad,pair_0036_happy,1,direct_block_19,audio_v_edge,[19],-4.659658908843994,-4.682612419128418,-4.6881842613220215,-0.022953510284423828,-0.028525352478027344,0.005571842193603516,-4.254607200622559
pair_0036_sad,pair_0036,10,01,01,01,sad,pair_0036_happy,1,direct_block_20,audio_v_edge,[20],-4.659658908843994,-4.682612419128418,-4.655012130737305,-0.022953510284423828,0.004646778106689453,-0.02760028839111328,-4.254607200622559
pair_0036_sad,pair_0036,10,01,01,01,sad,pair_0036_happy,1,direct_block_21,audio_v_edge,[21],-4.659658908843994,-4.682612419128418,-4.279273986816406,-0.022953510284423828,0.3803849220275879,-0.4033384323120117,-4.254607200622559
pair_0036_sad,pair_0036,10,01,01,01,sad,pair_0036_happy,1,direct_block_22,audio_v_edge,[22],-4.659658908843994,-4.682612419128418,-4.710580825805664,-0.022953510284423828,-0.05092191696166992,0.027968406677246094,-4.254607200622559
pair_0036_sad,pair_0036,10,01,01,01,sad,pair_0036_happy,1,direct_block_23,audio_v_edge,[23],-4.659658908843994,-4.682612419128418,-4.6483564376831055,-0.022953510284423828,0.011302471160888672,-0.0342559814453125,-4.254607200622559
pair_0036_sad,pair_0036,10,01,01,01,sad,pair_0036_happy,1,direct_cumulative_18_19,audio_v_edge,"[18, 19]",-4.659658908843994,-4.682612419128418,-4.776467323303223,-0.022953510284423828,-0.11680841445922852,0.09385490417480469,-4.254607200622559
pair_0036_sad,pair_0036,10,01,01,01,sad,pair_0036_happy,1,direct_cumulative_18_20,audio_v_edge,"[18, 19, 20]",-4.659658908843994,-4.682612419128418,-4.730972766876221,-0.022953510284423828,-0.07131385803222656,0.048360347747802734,-4.254607200622559
pair_0036_sad,pair_0036,10,01,01,01,sad,pair_0036_happy,1,direct_cumulative_18_21,audio_v_edge,"[18, 19, 20, 21]",-4.659658908843994,-4.682612419128418,-4.2602667808532715,-0.022953510284423828,0.39939212799072266,-0.4223456382751465,-4.254607200622559
pair_0036_sad,pair_0036,10,01,01,01,sad,pair_0036_happy,1,direct_cumulative_18_22,audio_v_edge,"[18, 19, 20, 21, 22]",-4.659658908843994,-4.682612419128418,-4.299903869628906,-0.022953510284423828,0.3597550392150879,-0.3827085494995117,-4.254607200622559
pair_0036_sad,pair_0036,10,01,01,01,sad,pair_0036_happy,1,direct_cumulative_18_23,audio_v_edge,"[18, 19, 20, 21, 22, 23]",-4.659658908843994,-4.682612419128418,-4.254607200622559,-0.022953510284423828,0.40505170822143555,-0.4280052185058594,-4.254607200622559
pair_0037_happy,pair_0037,10,01,02,01,happy,pair_0037_sad,-1,direct_block_18,audio_v_edge,[18],-4.401796817779541,-4.521239757537842,-4.489914894104004,0.11944293975830078,0.08811807632446289,0.03132486343383789,-4.441866397857666
pair_0037_happy,pair_0037,10,01,02,01,happy,pair_0037_sad,-1,direct_block_19,audio_v_edge,[19],-4.401796817779541,-4.521239757537842,-4.534763336181641,0.11944293975830078,0.1329665184020996,-0.013523578643798828,-4.441866397857666
pair_0037_happy,pair_0037,10,01,02,01,happy,pair_0037_sad,-1,direct_block_20,audio_v_edge,[20],-4.401796817779541,-4.521239757537842,-4.511981964111328,0.11944293975830078,0.11018514633178711,0.009257793426513672,-4.441866397857666
pair_0037_happy,pair_0037,10,01,02,01,happy,pair_0037_sad,-1,direct_block_21,audio_v_edge,[21],-4.401796817779541,-4.521239757537842,-4.385902404785156,0.11944293975830078,-0.015894412994384766,0.13533735275268555,-4.441866397857666
pair_0037_happy,pair_0037,10,01,02,01,happy,pair_0037_sad,-1,direct_block_22,audio_v_edge,[22],-4.401796817779541,-4.521239757537842,-4.585423946380615,0.11944293975830078,0.18362712860107422,-0.06418418884277344,-4.441866397857666
pair_0037_happy,pair_0037,10,01,02,01,happy,pair_0037_sad,-1,direct_block_23,audio_v_edge,[23],-4.401796817779541,-4.521239757537842,-4.53191614151001,0.11944293975830078,0.13011932373046875,-0.010676383972167969,-4.441866397857666
pair_0037_happy,pair_0037,10,01,02,01,happy,pair_0037_sad,-1,direct_cumulative_18_19,audio_v_edge,"[18, 19]",-4.401796817779541,-4.521239757537842,-4.504817008972168,0.11944293975830078,0.10302019119262695,0.016422748565673828,-4.441866397857666
pair_0037_happy,pair_0037,10,01,02,01,happy,pair_0037_sad,-1,direct_cumulative_18_20,audio_v_edge,"[18, 19, 20]",-4.401796817779541,-4.521239757537842,-4.496049880981445,0.11944293975830078,0.0942530632019043,0.025189876556396484,-4.441866397857666
pair_0037_happy,pair_0037,10,01,02,01,happy,pair_0037_sad,-1,direct_cumulative_18_21,audio_v_edge,"[18, 19, 20, 21]",-4.401796817779541,-4.521239757537842,-4.363357067108154,0.11944293975830078,-0.03843975067138672,0.1578826904296875,-4.441866397857666
pair_0037_happy,pair_0037,10,01,02,01,happy,pair_0037_sad,-1,direct_cumulative_18_22,audio_v_edge,"[18, 19, 20, 21, 22]",-4.401796817779541,-4.521239757537842,-4.432515621185303,0.11944293975830078,0.03071880340576172,0.08872413635253906,-4.441866397857666
pair_0037_happy,pair_0037,10,01,02,01,happy,pair_0037_sad,-1,direct_cumulative_18_23,audio_v_edge,"[18, 19, 20, 21, 22, 23]",-4.401796817779541,-4.521239757537842,-4.441866397857666,0.11944293975830078,0.040069580078125,0.07937335968017578,-4.441866397857666
pair_0037_sad,pair_0037,10,01,02,01,sad,pair_0037_happy,1,direct_block_18,audio_v_edge,[18],-4.394583225250244,-4.290423393249512,-4.28555154800415,0.10415983200073242,0.10903167724609375,-0.004871845245361328,-4.296192169189453
pair_0037_sad,pair_0037,10,01,02,01,sad,pair_0037_happy,1,direct_block_19,audio_v_edge,[19],-4.394583225250244,-4.290423393249512,-4.297876834869385,0.10415983200073242,0.09670639038085938,0.007453441619873047,-4.296192169189453
pair_0037_sad,pair_0037,10,01,02,01,sad,pair_0037_happy,1,direct_block_20,audio_v_edge,[20],-4.394583225250244,-4.290423393249512,-4.2443013191223145,0.10415983200073242,0.1502819061279297,-0.046122074127197266,-4.296192169189453
pair_0037_sad,pair_0037,10,01,02,01,sad,pair_0037_happy,1,direct_block_21,audio_v_edge,[21],-4.394583225250244,-4.290423393249512,-4.3452558517456055,0.10415983200073242,0.04932737350463867,0.05483245849609375,-4.296192169189453
pair_0037_sad,pair_0037,10,01,02,01,sad,pair_0037_happy,1,direct_block_22,audio_v_edge,[22],-4.394583225250244,-4.290423393249512,-4.27000617980957,0.10415983200073242,0.12457704544067383,-0.020417213439941406,-4.296192169189453
pair_0037_sad,pair_0037,10,01,02,01,sad,pair_0037_happy,1,direct_block_23,audio_v_edge,[23],-4.394583225250244,-4.290423393249512,-4.291084289550781,0.10415983200073242,0.10349893569946289,0.0006608963012695312,-4.296192169189453
pair_0037_sad,pair_0037,10,01,02,01,sad,pair_0037_happy,1,direct_cumulative_18_19,audio_v_edge,"[18, 19]",-4.394583225250244,-4.290423393249512,-4.293928146362305,0.10415983200073242,0.10065507888793945,0.0035047531127929688,-4.296192169189453
pair_0037_sad,pair_0037,10,01,02,01,sad,pair_0037_happy,1,direct_cumulative_18_20,audio_v_edge,"[18, 19, 20]",-4.394583225250244,-4.290423393249512,-4.248351097106934,0.10415983200073242,0.14623212814331055,-0.042072296142578125,-4.296192169189453
pair_0037_sad,pair_0037,10,01,02,01,sad,pair_0037_happy,1,direct_cumulative_18_21,audio_v_edge,"[18, 19, 20, 21]",-4.394583225250244,-4.290423393249512,-4.311286926269531,0.10415983200073242,0.08329629898071289,0.02086353302001953,-4.296192169189453
pair_0037_sad,pair_0037,10,01,02,01,sad,pair_0037_happy,1,direct_cumulative_18_22,audio_v_edge,"[18, 19, 20, 21, 22]",-4.394583225250244,-4.290423393249512,-4.294527053833008,0.10415983200073242,0.10005617141723633,0.004103660583496094,-4.296192169189453
pair_0037_sad,pair_0037,10,01,02,01,sad,pair_0037_happy,1,direct_cumulative_18_23,audio_v_edge,"[18, 19, 20, 21, 22, 23]",-4.394583225250244,-4.290423393249512,-4.296192169189453,0.10415983200073242,0.09839105606079102,0.005768775939941406,-4.296192169189453
pair_0038_happy,pair_0038,10,02,01,01,happy,pair_0038_sad,-1,direct_block_18,audio_v_edge,[18],-3.654942512512207,-3.5874266624450684,-3.6755075454711914,-0.06751585006713867,0.020565032958984375,-0.08808088302612305,-3.187164783477783
pair_0038_happy,pair_0038,10,02,01,01,happy,pair_0038_sad,-1,direct_block_19,audio_v_edge,[19],-3.654942512512207,-3.5874266624450684,-3.5483815670013428,-0.06751585006713867,-0.10656094551086426,0.039045095443725586,-3.187164783477783
pair_0038_happy,pair_0038,10,02,01,01,happy,pair_0038_sad,-1,direct_block_20,audio_v_edge,[20],-3.654942512512207,-3.5874266624450684,-3.5252437591552734,-0.06751585006713867,-0.1296987533569336,0.06218290328979492,-3.187164783477783
pair_0038_happy,pair_0038,10,02,01,01,happy,pair_0038_sad,-1,direct_block_21,audio_v_edge,[21],-3.654942512512207,-3.5874266624450684,-3.5048506259918213,-0.06751585006713867,-0.15009188652038574,0.08257603645324707,-3.187164783477783
pair_0038_happy,pair_0038,10,02,01,01,happy,pair_0038_sad,-1,direct_block_22,audio_v_edge,[22],-3.654942512512207,-3.5874266624450684,-3.252340316772461,-0.06751585006713867,-0.4026021957397461,0.3350863456726074,-3.187164783477783
pair_0038_happy,pair_0038,10,02,01,01,happy,pair_0038_sad,-1,direct_block_23,audio_v_edge,[23],-3.654942512512207,-3.5874266624450684,-3.640781879425049,-0.06751585006713867,-0.014160633087158203,-0.05335521697998047,-3.187164783477783
pair_0038_happy,pair_0038,10,02,01,01,happy,pair_0038_sad,-1,direct_cumulative_18_19,audio_v_edge,"[18, 19]",-3.654942512512207,-3.5874266624450684,-3.6248888969421387,-0.06751585006713867,-0.03005361557006836,-0.03746223449707031,-3.187164783477783
pair_0038_happy,pair_0038,10,02,01,01,happy,pair_0038_sad,-1,direct_cumulative_18_20,audio_v_edge,"[18, 19, 20]",-3.654942512512207,-3.5874266624450684,-3.5620718002319336,-0.06751585006713867,-0.09287071228027344,0.025354862213134766,-3.187164783477783
pair_0038_happy,pair_0038,10,02,01,01,happy,pair_0038_sad,-1,direct_cumulative_18_21,audio_v_edge,"[18, 19, 20, 21]",-3.654942512512207,-3.5874266624450684,-3.4697065353393555,-0.06751585006713867,-0.18523597717285156,0.11772012710571289,-3.187164783477783
pair_0038_happy,pair_0038,10,02,01,01,happy,pair_0038_sad,-1,direct_cumulative_18_22,audio_v_edge,"[18, 19, 20, 21, 22]",-3.654942512512207,-3.5874266624450684,-3.1318016052246094,-0.06751585006713867,-0.5231409072875977,0.455625057220459,-3.187164783477783
pair_0038_happy,pair_0038,10,02,01,01,happy,pair_0038_sad,-1,direct_cumulative_18_23,audio_v_edge,"[18, 19, 20, 21, 22, 23]",-3.654942512512207,-3.5874266624450684,-3.187164783477783,-0.06751585006713867,-0.46777772903442383,0.40026187896728516,-3.187164783477783
pair_0038_sad,pair_0038,10,02,01,01,sad,pair_0038_happy,1,direct_block_18,audio_v_edge,[18],-2.569734573364258,-2.663546085357666,-2.7686922550201416,-0.0938115119934082,-0.1989576816558838,0.10514616966247559,-2.8345882892608643
pair_0038_sad,pair_0038,10,02,01,01,sad,pair_0038_happy,1,direct_block_19,audio_v_edge,[19],-2.569734573364258,-2.663546085357666,-2.7275333404541016,-0.0938115119934082,-0.15779876708984375,0.06398725509643555,-2.8345882892608643
pair_0038_sad,pair_0038,10,02,01,01,sad,pair_0038_happy,1,direct_block_20,audio_v_edge,[20],-2.569734573364258,-2.663546085357666,-2.7174081802368164,-0.0938115119934082,-0.1476736068725586,0.05386209487915039,-2.8345882892608643
pair_0038_sad,pair_0038,10,02,01,01,sad,pair_0038_happy,1,direct_block_21,audio_v_edge,[21],-2.569734573364258,-2.663546085357666,-2.7960963249206543,-0.0938115119934082,-0.22636175155639648,0.13255023956298828,-2.8345882892608643
pair_0038_sad,pair_0038,10,02,01,01,sad,pair_0038_happy,1,direct_block_22,audio_v_edge,[22],-2.569734573364258,-2.663546085357666,-2.3914389610290527,-0.0938115119934082,0.17829561233520508,-0.2721071243286133,-2.8345882892608643
pair_0038_sad,pair_0038,10,02,01,01,sad,pair_0038_happy,1,direct_block_23,audio_v_edge,[23],-2.569734573364258,-2.663546085357666,-2.7345097064971924,-0.0938115119934082,-0.16477513313293457,0.07096362113952637,-2.8345882892608643
pair_0038_sad,pair_0038,10,02,01,01,sad,pair_0038_happy,1,direct_cumulative_18_19,audio_v_edge,"[18, 19]",-2.569734573364258,-2.663546085357666,-2.843691110610962,-0.0938115119934082,-0.2739565372467041,0.1801450252532959,-2.8345882892608643
pair_0038_sad,pair_0038,10,02,01,01,sad,pair_0038_happy,1,direct_cumulative_18_20,audio_v_edge,"[18, 19, 20]",-2.569734573364258,-2.663546085357666,-2.9071578979492188,-0.0938115119934082,-0.33742332458496094,0.24361181259155273,-2.8345882892608643
pair_0038_sad,pair_0038,10,02,01,01,sad,pair_0038_happy,1,direct_cumulative_18_21,audio_v_edge,"[18, 19, 20, 21]",-2.569734573364258,-2.663546085357666,-3.039350986480713,-0.0938115119934082,-0.4696164131164551,0.3758049011230469,-2.8345882892608643
pair_0038_sad,pair_0038,10,02,01,01,sad,pair_0038_happy,1,direct_cumulative_18_22,audio_v_edge,"[18, 19, 20, 21, 22]",-2.569734573364258,-2.663546085357666,-2.759124279022217,-0.0938115119934082,-0.18938970565795898,0.09557819366455078,-2.8345882892608643
pair_0038_sad,pair_0038,10,02,01,01,sad,pair_0038_happy,1,direct_cumulative_18_23,audio_v_edge,"[18, 19, 20, 21, 22, 23]",-2.569734573364258,-2.663546085357666,-2.8345882892608643,-0.0938115119934082,-0.26485371589660645,0.17104220390319824,-2.8345882892608643
pair_0039_happy,pair_0039,10,02,02,01,happy,pair_0039_sad,-1,direct_block_18,audio_v_edge,[18],-3.5496907234191895,-3.4663476943969727,-3.341318130493164,-0.0833430290222168,-0.2083725929260254,0.1250295639038086,-3.2622625827789307
pair_0039_happy,pair_0039,10,02,02,01,happy,pair_0039_sad,-1,direct_block_19,audio_v_edge,[19],-3.5496907234191895,-3.4663476943969727,-3.2785539627075195,-0.0833430290222168,-0.2711367607116699,0.18779373168945312,-3.2622625827789307
pair_0039_happy,pair_0039,10,02,02,01,happy,pair_0039_sad,-1,direct_block_20,audio_v_edge,[20],-3.5496907234191895,-3.4663476943969727,-3.4240188598632812,-0.0833430290222168,-0.1256718635559082,0.042328834533691406,-3.2622625827789307
pair_0039_happy,pair_0039,10,02,02,01,happy,pair_0039_sad,-1,direct_block_21,audio_v_edge,[21],-3.5496907234191895,-3.4663476943969727,-3.478847026824951,-0.0833430290222168,-0.07084369659423828,-0.012499332427978516,-3.2622625827789307
pair_0039_happy,pair_0039,10,02,02,01,happy,pair_0039_sad,-1,direct_block_22,audio_v_edge,[22],-3.5496907234191895,-3.4663476943969727,-3.3716275691986084,-0.0833430290222168,-0.17806315422058105,0.09472012519836426,-3.2622625827789307
pair_0039_happy,pair_0039,10,02,02,01,happy,pair_0039_sad,-1,direct_block_23,audio_v_edge,[23],-3.5496907234191895,-3.4663476943969727,-3.699354887008667,-0.0833430290222168,0.14966416358947754,-0.23300719261169434,-3.2622625827789307
pair_0039_happy,pair_0039,10,02,02,01,happy,pair_0039_sad,-1,direct_cumulative_18_19,audio_v_edge,"[18, 19]",-3.5496907234191895,-3.4663476943969727,-3.147047519683838,-0.0833430290222168,-0.40264320373535156,0.31930017471313477,-3.2622625827789307
pair_0039_happy,pair_0039,10,02,02,01,happy,pair_0039_sad,-1,direct_cumulative_18_20,audio_v_edge,"[18, 19, 20]",-3.5496907234191895,-3.4663476943969727,-3.106306552886963,-0.0833430290222168,-0.44338417053222656,0.36004114151000977,-3.2622625827789307
pair_0039_happy,pair_0039,10,02,02,01,happy,pair_0039_sad,-1,direct_cumulative_18_21,audio_v_edge,"[18, 19, 20, 21]",-3.5496907234191895,-3.4663476943969727,-3.113314628601074,-0.0833430290222168,-0.43637609481811523,0.35303306579589844,-3.2622625827789307
pair_0039_happy,pair_0039,10,02,02,01,happy,pair_0039_sad,-1,direct_cumulative_18_22,audio_v_edge,"[18, 19, 20, 21, 22]",-3.5496907234191895,-3.4663476943969727,-3.024050712585449,-0.0833430290222168,-0.5256400108337402,0.44229698181152344,-3.2622625827789307
pair_0039_happy,pair_0039,10,02,02,01,happy,pair_0039_sad,-1,direct_cumulative_18_23,audio_v_edge,"[18, 19, 20, 21, 22, 23]",-3.5496907234191895,-3.4663476943969727,-3.2622625827789307,-0.0833430290222168,-0.2874281406402588,0.204085111618042,-3.2622625827789307
pair_0039_sad,pair_0039,10,02,02,01,sad,pair_0039_happy,1,direct_block_18,audio_v_edge,[18],-3.347115993499756,-3.4358701705932617,-3.439798355102539,-0.08875417709350586,-0.0926823616027832,0.003928184509277344,-3.108130931854248
pair_0039_sad,pair_0039,10,02,02,01,sad,pair_0039_happy,1,direct_block_19,audio_v_edge,[19],-3.347115993499756,-3.4358701705932617,-3.4395551681518555,-0.08875417709350586,-0.09243917465209961,0.00368499755859375,-3.108130931854248
pair_0039_sad,pair_0039,10,02,02,01,sad,pair_0039_happy,1,direct_block_20,audio_v_edge,[20],-3.347115993499756,-3.4358701705932617,-3.469564914703369,-0.08875417709350586,-0.12244892120361328,0.03369474411010742,-3.108130931854248
pair_0039_sad,pair_0039,10,02,02,01,sad,pair_0039_happy,1,direct_block_21,audio_v_edge,[21],-3.347115993499756,-3.4358701705932617,-3.360412836074829,-0.08875417709350586,-0.013296842575073242,-0.07545733451843262,-3.108130931854248
pair_0039_sad,pair_0039,10,02,02,01,sad,pair_0039_happy,1,direct_block_22,audio_v_edge,[22],-3.347115993499756,-3.4358701705932617,-3.1579954624176025,-0.08875417709350586,0.18912053108215332,-0.2778747081756592,-3.108130931854248
pair_0039_sad,pair_0039,10,02,02,01,sad,pair_0039_happy,1,direct_block_23,audio_v_edge,[23],-3.347115993499756,-3.4358701705932617,-3.442842960357666,-0.08875417709350586,-0.09572696685791016,0.006972789764404297,-3.108130931854248
pair_0039_sad,pair_0039,10,02,02,01,sad,pair_0039_happy,1,direct_cumulative_18_19,audio_v_edge,"[18, 19]",-3.347115993499756,-3.4358701705932617,-3.427952289581299,-0.08875417709350586,-0.08083629608154297,-0.00791788101196289,-3.108130931854248
pair_0039_sad,pair_0039,10,02,02,01,sad,pair_0039_happy,1,direct_cumulative_18_20,audio_v_edge,"[18, 19, 20]",-3.347115993499756,-3.4358701705932617,-3.4593145847320557,-0.08875417709350586,-0.1121985912322998,0.023444414138793945,-3.108130931854248
pair_0039_sad,pair_0039,10,02,02,01,sad,pair_0039_happy,1,direct_cumulative_18_21,audio_v_edge,"[18, 19, 20, 21]",-3.347115993499756,-3.4358701705932617,-3.382673501968384,-0.08875417709350586,-0.03555750846862793,-0.05319666862487793,-3.108130931854248
pair_0039_sad,pair_0039,10,02,02,01,sad,pair_0039_happy,1,direct_cumulative_18_22,audio_v_edge,"[18, 19, 20, 21, 22]",-3.347115993499756,-3.4358701705932617,-3.0983502864837646,-0.08875417709350586,0.2487657070159912,-0.33751988410949707,-3.108130931854248
pair_0039_sad,pair_0039,10,02,02,01,sad,pair_0039_happy,1,direct_cumulative_18_23,audio_v_edge,"[18, 19, 20, 21, 22, 23]",-3.347115993499756,-3.4358701705932617,-3.108130931854248,-0.08875417709350586,0.2389850616455078,-0.32773923873901367,-3.108130931854248
pair_0040_happy,pair_0040,11,01,01,01,happy,pair_0040_sad,-1,direct_block_18,audio_v_edge,[18],-4.2292304039001465,-4.460176944732666,-4.37834358215332,0.23094654083251953,0.14911317825317383,0.0818333625793457,-4.156054973602295
pair_0040_happy,pair_0040,11,01,01,01,happy,pair_0040_sad,-1,direct_block_19,audio_v_edge,[19],-4.2292304039001465,-4.460176944732666,-4.3956298828125,0.23094654083251953,0.16639947891235352,0.06454706192016602,-4.156054973602295
pair_0040_happy,pair_0040,11,01,01,01,happy,pair_0040_sad,-1,direct_block_20,audio_v_edge,[20],-4.2292304039001465,-4.460176944732666,-4.49064826965332,0.23094654083251953,0.26141786575317383,-0.030471324920654297,-4.156054973602295
pair_0040_happy,pair_0040,11,01,01,01,happy,pair_0040_sad,-1,direct_block_21,audio_v_edge,[21],-4.2292304039001465,-4.460176944732666,-4.336857795715332,0.23094654083251953,0.10762739181518555,0.12331914901733398,-4.156054973602295
pair_0040_happy,pair_0040,11,01,01,01,happy,pair_0040_sad,-1,direct_block_22,audio_v_edge,[22],-4.2292304039001465,-4.460176944732666,-4.415090560913086,0.23094654083251953,0.18586015701293945,0.04508638381958008,-4.156054973602295
pair_0040_happy,pair_0040,11,01,01,01,happy,pair_0040_sad,-1,direct_block_23,audio_v_edge,[23],-4.2292304039001465,-4.460176944732666,-4.448653697967529,0.23094654083251953,0.2194232940673828,0.011523246765136719,-4.156054973602295
pair_0040_happy,pair_0040,11,01,01,01,happy,pair_0040_sad,-1,direct_cumulative_18_19,audio_v_edge,"[18, 19]",-4.2292304039001465,-4.460176944732666,-4.310957908630371,0.23094654083251953,0.08172750473022461,0.14921903610229492,-4.156054973602295
pair_0040_happy,pair_0040,11,01,01,01,happy,pair_0040_sad,-1,direct_cumulative_18_20,audio_v_edge,"[18, 19, 20]",-4.2292304039001465,-4.460176944732666,-4.340504169464111,0.23094654083251953,0.11127376556396484,0.11967277526855469,-4.156054973602295
pair_0040_happy,pair_0040,11,01,01,01,happy,pair_0040_sad,-1,direct_cumulative_18_21,audio_v_edge,"[18, 19, 20, 21]",-4.2292304039001465,-4.460176944732666,-4.215088844299316,0.23094654083251953,-0.014141559600830078,0.2450881004333496,-4.156054973602295
pair_0040_happy,pair_0040,11,01,01,01,happy,pair_0040_sad,-1,direct_cumulative_18_22,audio_v_edge,"[18, 19, 20, 21, 22]",-4.2292304039001465,-4.460176944732666,-4.167368412017822,0.23094654083251953,-0.06186199188232422,0.29280853271484375,-4.156054973602295
pair_0040_happy,pair_0040,11,01,01,01,happy,pair_0040_sad,-1,direct_cumulative_18_23,audio_v_edge,"[18, 19, 20, 21, 22, 23]",-4.2292304039001465,-4.460176944732666,-4.156054973602295,0.23094654083251953,-0.07317543029785156,0.3041219711303711,-4.156054973602295
pair_0040_sad,pair_0040,11,01,01,01,sad,pair_0040_happy,1,direct_block_18,audio_v_edge,[18],-4.656558036804199,-4.432704925537109,-4.409882068634033,0.22385311126708984,0.24667596817016602,-0.022822856903076172,-4.631943702697754
pair_0040_sad,pair_0040,11,01,01,01,sad,pair_0040_happy,1,direct_block_19,audio_v_edge,[19],-4.656558036804199,-4.432704925537109,-4.711276054382324,0.22385311126708984,-0.054718017578125,0.27857112884521484,-4.631943702697754
pair_0040_sad,pair_0040,11,01,01,01,sad,pair_0040_happy,1,direct_block_20,audio_v_edge,[20],-4.656558036804199,-4.432704925537109,-4.4250168800354,0.22385311126708984,0.23154115676879883,-0.007688045501708984,-4.631943702697754
pair_0040_sad,pair_0040,11,01,01,01,sad,pair_0040_happy,1,direct_block_21,audio_v_edge,[21],-4.656558036804199,-4.432704925537109,-4.454455852508545,0.22385311126708984,0.2021021842956543,0.021750926971435547,-4.631943702697754
pair_0040_sad,pair_0040,11,01,01,01,sad,pair_0040_happy,1,direct_block_22,audio_v_edge,[22],-4.656558036804199,-4.432704925537109,-4.32078742980957,0.22385311126708984,0.3357706069946289,-0.11191749572753906,-4.631943702697754
pair_0040_sad,pair_0040,11,01,01,01,sad,pair_0040_happy,1,direct_block_23,audio_v_edge,[23],-4.656558036804199,-4.432704925537109,-4.467360973358154,0.22385311126708984,0.18919706344604492,0.03465604782104492,-4.631943702697754
pair_0040_sad,pair_0040,11,01,01,01,sad,pair_0040_happy,1,direct_cumulative_18_19,audio_v_edge,"[18, 19]",-4.656558036804199,-4.432704925537109,-4.693167686462402,0.22385311126708984,-0.036609649658203125,0.26046276092529297,-4.631943702697754
pair_0040_sad,pair_0040,11,01,01,01,sad,pair_0040_happy,1,direct_cumulative_18_20,audio_v_edge,"[18, 19, 20]",-4.656558036804199,-4.432704925537109,-4.6842803955078125,0.22385311126708984,-0.02772235870361328,0.2515754699707031,-4.631943702697754
pair_0040_sad,pair_0040,11,01,01,01,sad,pair_0040_happy,1,direct_cumulative_18_21,audio_v_edge,"[18, 19, 20, 21]",-4.656558036804199,-4.432704925537109,-4.708791732788086,0.22385311126708984,-0.05223369598388672,0.27608680725097656,-4.631943702697754
pair_0040_sad,pair_0040,11,01,01,01,sad,pair_0040_happy,1,direct_cumulative_18_22,audio_v_edge,"[18, 19, 20, 21, 22]",-4.656558036804199,-4.432704925537109,-4.5949249267578125,0.22385311126708984,0.06163311004638672,0.16222000122070312,-4.631943702697754
pair_0040_sad,pair_0040,11,01,01,01,sad,pair_0040_happy,1,direct_cumulative_18_23,audio_v_edge,"[18, 19, 20, 21, 22, 23]",-4.656558036804199,-4.432704925537109,-4.631943702697754,0.22385311126708984,0.024614334106445312,0.19923877716064453,-4.631943702697754
pair_0041_happy,pair_0041,11,01,02,01,happy,pair_0041_sad,-1,direct_block_18,audio_v_edge,[18],-4.719845771789551,-4.7550458908081055,-4.793428897857666,0.03520011901855469,0.07358312606811523,-0.03838300704956055,-4.479767799377441
pair_0041_happy,pair_0041,11,01,02,01,happy,pair_0041_sad,-1,direct_block_19,audio_v_edge,[19],-4.719845771789551,-4.7550458908081055,-4.760280132293701,0.03520011901855469,0.04043436050415039,-0.005234241485595703,-4.479767799377441
pair_0041_happy,pair_0041,11,01,02,01,happy,pair_0041_sad,-1,direct_block_20,audio_v_edge,[20],-4.719845771789551,-4.7550458908081055,-4.789299488067627,0.03520011901855469,0.06945371627807617,-0.034253597259521484,-4.479767799377441
pair_0041_happy,pair_0041,11,01,02,01,happy,pair_0041_sad,-1,direct_block_21,audio_v_edge,[21],-4.719845771789551,-4.7550458908081055,-4.526703834533691,0.03520011901855469,-0.19314193725585938,0.22834205627441406,-4.479767799377441
pair_0041_happy,pair_0041,11,01,02,01,happy,pair_0041_sad,-1,direct_block_22,audio_v_edge,[22],-4.719845771789551,-4.7550458908081055,-4.629968643188477,0.03520011901855469,-0.08987712860107422,0.1250772476196289,-4.479767799377441
pair_0041_happy,pair_0041,11,01,02,01,happy,pair_0041_sad,-1,direct_block_23,audio_v_edge,[23],-4.719845771789551,-4.7550458908081055,-4.779125690460205,0.03520011901855469,0.0592799186706543,-0.02407979965209961,-4.479767799377441
pair_0041_happy,pair_0041,11,01,02,01,happy,pair_0041_sad,-1,direct_cumulative_18_19,audio_v_edge,"[18, 19]",-4.719845771789551,-4.7550458908081055,-4.799871921539307,0.03520011901855469,0.08002614974975586,-0.04482603073120117,-4.479767799377441
pair_0041_happy,pair_0041,11,01,02,01,happy,pair_0041_sad,-1,direct_cumulative_18_20,audio_v_edge,"[18, 19, 20]",-4.719845771789551,-4.7550458908081055,-4.830329895019531,0.03520011901855469,0.11048412322998047,-0.07528400421142578,-4.479767799377441
pair_0041_happy,pair_0041,11,01,02,01,happy,pair_0041_sad,-1,direct_cumulative_18_21,audio_v_edge,"[18, 19, 20, 21]",-4.719845771789551,-4.7550458908081055,-4.5896501541137695,0.03520011901855469,-0.13019561767578125,0.16539573669433594,-4.479767799377441
pair_0041_happy,pair_0041,11,01,02,01,happy,pair_0041_sad,-1,direct_cumulative_18_22,audio_v_edge,"[18, 19, 20, 21, 22]",-4.719845771789551,-4.7550458908081055,-4.454812049865723,0.03520011901855469,-0.2650337219238281,0.3002338409423828,-4.479767799377441
pair_0041_happy,pair_0041,11,01,02,01,happy,pair_0041_sad,-1,direct_cumulative_18_23,audio_v_edge,"[18, 19, 20, 21, 22, 23]",-4.719845771789551,-4.7550458908081055,-4.479767799377441,0.03520011901855469,-0.24007797241210938,0.27527809143066406,-4.479767799377441
pair_0041_sad,pair_0041,11,01,02,01,sad,pair_0041_happy,1,direct_block_18,audio_v_edge,[18],-4.9697065353393555,-4.9467878341674805,-4.72225284576416,0.022918701171875,0.2474536895751953,-0.2245349884033203,-4.72470760345459
pair_0041_sad,pair_0041,11,01,02,01,sad,pair_0041_happy,1,direct_block_19,audio_v_edge,[19],-4.9697065353393555,-4.9467878341674805,-5.083916664123535,0.022918701171875,-0.11421012878417969,0.1371288299560547,-4.72470760345459
pair_0041_sad,pair_0041,11,01,02,01,sad,pair_0041_happy,1,direct_block_20,audio_v_edge,[20],-4.9697065353393555,-4.9467878341674805,-5.023311138153076,0.022918701171875,-0.0536046028137207,0.0765233039855957,-4.72470760345459
pair_0041_sad,pair_0041,11,01,02,01,sad,pair_0041_happy,1,direct_block_21,audio_v_edge,[21],-4.9697065353393555,-4.9467878341674805,-4.845654010772705,0.022918701171875,0.12405252456665039,-0.10113382339477539,-4.72470760345459
pair_0041_sad,pair_0041,11,01,02,01,sad,pair_0041_happy,1,direct_block_22,audio_v_edge,[22],-4.9697065353393555,-4.9467878341674805,-4.852266311645508,0.022918701171875,0.11744022369384766,-0.09452152252197266,-4.72470760345459
pair_0041_sad,pair_0041,11,01,02,01,sad,pair_0041_happy,1,direct_block_23,audio_v_edge,[23],-4.9697065353393555,-4.9467878341674805,-4.9223198890686035,0.022918701171875,0.04738664627075195,-0.024467945098876953,-4.72470760345459
pair_0041_sad,pair_0041,11,01,02,01,sad,pair_0041_happy,1,direct_cumulative_18_19,audio_v_edge,"[18, 19]",-4.9697065353393555,-4.9467878341674805,-4.8623504638671875,0.022918701171875,0.10735607147216797,-0.08443737030029297,-4.72470760345459
pair_0041_sad,pair_0041,11,01,02,01,sad,pair_0041_happy,1,direct_cumulative_18_20,audio_v_edge,"[18, 19, 20]",-4.9697065353393555,-4.9467878341674805,-4.936844825744629,0.022918701171875,0.03286170959472656,-0.009943008422851562,-4.72470760345459
pair_0041_sad,pair_0041,11,01,02,01,sad,pair_0041_happy,1,direct_cumulative_18_21,audio_v_edge,"[18, 19, 20, 21]",-4.9697065353393555,-4.9467878341674805,-4.844648361206055,0.022918701171875,0.12505817413330078,-0.10213947296142578,-4.72470760345459
pair_0041_sad,pair_0041,11,01,02,01,sad,pair_0041_happy,1,direct_cumulative_18_22,audio_v_edge,"[18, 19, 20, 21, 22]",-4.9697065353393555,-4.9467878341674805,-4.748274803161621,0.022918701171875,0.22143173217773438,-0.19851303100585938,-4.72470760345459
pair_0041_sad,pair_0041,11,01,02,01,sad,pair_0041_happy,1,direct_cumulative_18_23,audio_v_edge,"[18, 19, 20, 21, 22, 23]",-4.9697065353393555,-4.9467878341674805,-4.72470760345459,0.022918701171875,0.24499893188476562,-0.22208023071289062,-4.72470760345459
pair_0042_happy,pair_0042,11,02,01,01,happy,pair_0042_sad,-1,direct_block_18,audio_v_edge,[18],-3.600306987762451,-3.6985583305358887,-3.61407470703125,0.0982513427734375,0.013767719268798828,0.08448362350463867,-3.0588998794555664
pair_0042_happy,pair_0042,11,02,01,01,happy,pair_0042_sad,-1,direct_block_19,audio_v_edge,[19],-3.600306987762451,-3.6985583305358887,-3.4979474544525146,0.0982513427734375,-0.10235953330993652,0.20061087608337402,-3.0588998794555664
pair_0042_happy,pair_0042,11,02,01,01,happy,pair_0042_sad,-1,direct_block_20,audio_v_edge,[20],-3.600306987762451,-3.6985583305358887,-3.6794230937957764,0.0982513427734375,0.0791161060333252,0.019135236740112305,-3.0588998794555664
pair_0042_happy,pair_0042,11,02,01,01,happy,pair_0042_sad,-1,direct_block_21,audio_v_edge,[21],-3.600306987762451,-3.6985583305358887,-3.6497907638549805,0.0982513427734375,0.0494837760925293,0.0487675666809082,-3.0588998794555664
pair_0042_happy,pair_0042,11,02,01,01,happy,pair_0042_sad,-1,direct_block_22,audio_v_edge,[22],-3.600306987762451,-3.6985583305358887,-3.424785614013672,0.0982513427734375,-0.1755213737487793,0.2737727165222168,-3.0588998794555664
pair_0042_happy,pair_0042,11,02,01,01,happy,pair_0042_sad,-1,direct_block_23,audio_v_edge,[23],-3.600306987762451,-3.6985583305358887,-3.6801092624664307,0.0982513427734375,0.07980227470397949,0.018449068069458008,-3.0588998794555664
pair_0042_happy,pair_0042,11,02,01,01,happy,pair_0042_sad,-1,direct_cumulative_18_19,audio_v_edge,"[18, 19]",-3.600306987762451,-3.6985583305358887,-3.4172675609588623,0.0982513427734375,-0.18303942680358887,0.28129076957702637,-3.0588998794555664
pair_0042_happy,pair_0042,11,02,01,01,happy,pair_0042_sad,-1,direct_cumulative_18_20,audio_v_edge,"[18, 19, 20]",-3.600306987762451,-3.6985583305358887,-3.3990402221679688,0.0982513427734375,-0.20126676559448242,0.2995181083679199,-3.0588998794555664
pair_0042_happy,pair_0042,11,02,01,01,happy,pair_0042_sad,-1,direct_cumulative_18_21,audio_v_edge,"[18, 19, 20, 21]",-3.600306987762451,-3.6985583305358887,-3.3449292182922363,0.0982513427734375,-0.25537776947021484,0.35362911224365234,-3.0588998794555664
pair_0042_happy,pair_0042,11,02,01,01,happy,pair_0042_sad,-1,direct_cumulative_18_22,audio_v_edge,"[18, 19, 20, 21, 22]",-3.600306987762451,-3.6985583305358887,-3.074274778366089,0.0982513427734375,-0.5260322093963623,0.6242835521697998,-3.0588998794555664
pair_0042_happy,pair_0042,11,02,01,01,happy,pair_0042_sad,-1,direct_cumulative_18_23,audio_v_edge,"[18, 19, 20, 21, 22, 23]",-3.600306987762451,-3.6985583305358887,-3.0588998794555664,0.0982513427734375,-0.5414071083068848,0.6396584510803223,-3.0588998794555664
pair_0042_sad,pair_0042,11,02,01,01,sad,pair_0042_happy,1,direct_block_18,audio_v_edge,[18],-3.4869284629821777,-3.396007537841797,-3.373279333114624,0.09092092514038086,0.11364912986755371,-0.02272820472717285,-3.36729097366333
pair_0042_sad,pair_0042,11,02,01,01,sad,pair_0042_happy,1,direct_block_19,audio_v_edge,[19],-3.4869284629821777,-3.396007537841797,-3.602747917175293,0.09092092514038086,-0.11581945419311523,0.2067403793334961,-3.36729097366333
pair_0042_sad,pair_0042,11,02,01,01,sad,pair_0042_happy,1,direct_block_20,audio_v_edge,[20],-3.4869284629821777,-3.396007537841797,-3.4462928771972656,0.09092092514038086,0.04063558578491211,0.05028533935546875,-3.36729097366333
pair_0042_sad,pair_0042,11,02,01,01,sad,pair_0042_happy,1,direct_block_21,audio_v_edge,[21],-3.4869284629821777,-3.396007537841797,-3.3592724800109863,0.09092092514038086,0.1276559829711914,-0.03673505783081055,-3.36729097366333
pair_0042_sad,pair_0042,11,02,01,01,sad,pair_0042_happy,1,direct_block_22,audio_v_edge,[22],-3.4869284629821777,-3.396007537841797,-3.101341485977173,0.09092092514038086,0.3855869770050049,-0.294666051864624,-3.36729097366333
pair_0042_sad,pair_0042,11,02,01,01,sad,pair_0042_happy,1,direct_block_23,audio_v_edge,[23],-3.4869284629821777,-3.396007537841797,-3.484283447265625,0.09092092514038086,0.0026450157165527344,0.08827590942382812,-3.36729097366333
pair_0042_sad,pair_0042,11,02,01,01,sad,pair_0042_happy,1,direct_cumulative_18_19,audio_v_edge,"[18, 19]",-3.4869284629821777,-3.396007537841797,-3.5484378337860107,0.09092092514038086,-0.06150937080383301,0.15243029594421387,-3.36729097366333
pair_0042_sad,pair_0042,11,02,01,01,sad,pair_0042_happy,1,direct_cumulative_18_20,audio_v_edge,"[18, 19, 20]",-3.4869284629821777,-3.396007537841797,-3.601933717727661,0.09092092514038086,-0.1150052547454834,0.20592617988586426,-3.36729097366333
pair_0042_sad,pair_0042,11,02,01,01,sad,pair_0042_happy,1,direct_cumulative_18_21,audio_v_edge,"[18, 19, 20, 21]",-3.4869284629821777,-3.396007537841797,-3.5651893615722656,0.09092092514038086,-0.07826089859008789,0.16918182373046875,-3.36729097366333
pair_0042_sad,pair_0042,11,02,01,01,sad,pair_0042_happy,1,direct_cumulative_18_22,audio_v_edge,"[18, 19, 20, 21, 22]",-3.4869284629821777,-3.396007537841797,-3.274731397628784,0.09092092514038086,0.21219706535339355,-0.1212761402130127,-3.36729097366333
pair_0042_sad,pair_0042,11,02,01,01,sad,pair_0042_happy,1,direct_cumulative_18_23,audio_v_edge,"[18, 19, 20, 21, 22, 23]",-3.4869284629821777,-3.396007537841797,-3.36729097366333,0.09092092514038086,0.11963748931884766,-0.028716564178466797,-3.36729097366333
pair_0043_happy,pair_0043,11,02,02,01,happy,pair_0043_sad,-1,direct_block_18,audio_v_edge,[18],-3.6370222568511963,-3.6647069454193115,-3.651837110519409,0.027684688568115234,0.01481485366821289,0.012869834899902344,-3.233825206756592
pair_0043_happy,pair_0043,11,02,02,01,happy,pair_0043_sad,-1,direct_block_19,audio_v_edge,[19],-3.6370222568511963,-3.6647069454193115,-3.4658093452453613,0.027684688568115234,-0.17121291160583496,0.1988976001739502,-3.233825206756592
pair_0043_happy,pair_0043,11,02,02,01,happy,pair_0043_sad,-1,direct_block_20,audio_v_edge,[20],-3.6370222568511963,-3.6647069454193115,-3.684779405593872,0.027684688568115234,0.04775714874267578,-0.020072460174560547,-3.233825206756592
pair_0043_happy,pair_0043,11,02,02,01,happy,pair_0043_sad,-1,direct_block_21,audio_v_edge,[21],-3.6370222568511963,-3.6647069454193115,-3.6373143196105957,0.027684688568115234,0.00029206275939941406,0.02739262580871582,-3.233825206756592
pair_0043_happy,pair_0043,11,02,02,01,happy,pair_0043_sad,-1,direct_block_22,audio_v_edge,[22],-3.6370222568511963,-3.6647069454193115,-3.455371141433716,0.027684688568115234,-0.18165111541748047,0.2093358039855957,-3.233825206756592
pair_0043_happy,pair_0043,11,02,02,01,happy,pair_0043_sad,-1,direct_block_23,audio_v_edge,[23],-3.6370222568511963,-3.6647069454193115,-3.6467154026031494,0.027684688568115234,0.009693145751953125,0.01799154281616211,-3.233825206756592
pair_0043_happy,pair_0043,11,02,02,01,happy,pair_0043_sad,-1,direct_cumulative_18_19,audio_v_edge,"[18, 19]",-3.6370222568511963,-3.6647069454193115,-3.464611530303955,0.027684688568115234,-0.1724107265472412,0.20009541511535645,-3.233825206756592
pair_0043_happy,pair_0043,11,02,02,01,happy,pair_0043_sad,-1,direct_cumulative_18_20,audio_v_edge,"[18, 19, 20]",-3.6370222568511963,-3.6647069454193115,-3.48728609085083,0.027684688568115234,-0.1497361660003662,0.17742085456848145,-3.233825206756592
pair_0043_happy,pair_0043,11,02,02,01,happy,pair_0043_sad,-1,direct_cumulative_18_21,audio_v_edge,"[18, 19, 20, 21]",-3.6370222568511963,-3.6647069454193115,-3.457427978515625,0.027684688568115234,-0.1795942783355713,0.20727896690368652,-3.233825206756592
pair_0043_happy,pair_0043,11,02,02,01,happy,pair_0043_sad,-1,direct_cumulative_18_22,audio_v_edge,"[18, 19, 20, 21, 22]",-3.6370222568511963,-3.6647069454193115,-3.2504122257232666,0.027684688568115234,-0.3866100311279297,0.4142947196960449,-3.233825206756592
pair_0043_happy,pair_0043,11,02,02,01,happy,pair_0043_sad,-1,direct_cumulative_18_23,audio_v_edge,"[18, 19, 20, 21, 22, 23]",-3.6370222568511963,-3.6647069454193115,-3.233825206756592,0.027684688568115234,-0.4031970500946045,0.4308817386627197,-3.233825206756592
pair_0043_sad,pair_0043,11,02,02,01,sad,pair_0043_happy,1,direct_block_18,audio_v_edge,[18],-3.4830188751220703,-3.4553022384643555,-3.5074687004089355,0.027716636657714844,-0.024449825286865234,0.05216646194458008,-3.34877347946167
pair_0043_sad,pair_0043,11,02,02,01,sad,pair_0043_happy,1,direct_block_19,audio_v_edge,[19],-3.4830188751220703,-3.4553022384643555,-3.5870423316955566,0.027716636657714844,-0.10402345657348633,0.13174009323120117,-3.34877347946167
pair_0043_sad,pair_0043,11,02,02,01,sad,pair_0043_happy,1,direct_block_20,audio_v_edge,[20],-3.4830188751220703,-3.4553022384643555,-3.4714598655700684,0.027716636657714844,0.011559009552001953,0.01615762710571289,-3.34877347946167
pair_0043_sad,pair_0043,11,02,02,01,sad,pair_0043_happy,1,direct_block_21,audio_v_edge,[21],-3.4830188751220703,-3.4553022384643555,-3.4254989624023438,0.027716636657714844,0.05751991271972656,-0.02980327606201172,-3.34877347946167
pair_0043_sad,pair_0043,11,02,02,01,sad,pair_0043_happy,1,direct_block_22,audio_v_edge,[22],-3.4830188751220703,-3.4553022384643555,-3.165469169616699,0.027716636657714844,0.3175497055053711,-0.28983306884765625,-3.34877347946167
pair_0043_sad,pair_0043,11,02,02,01,sad,pair_0043_happy,1,direct_block_23,audio_v_edge,[23],-3.4830188751220703,-3.4553022384643555,-3.4858694076538086,0.027716636657714844,-0.0028505325317382812,0.030567169189453125,-3.34877347946167
pair_0043_sad,pair_0043,11,02,02,01,sad,pair_0043_happy,1,direct_cumulative_18_19,audio_v_edge,"[18, 19]",-3.4830188751220703,-3.4553022384643555,-3.629805326461792,0.027716636657714844,-0.14678645133972168,0.17450308799743652,-3.34877347946167
pair_0043_sad,pair_0043,11,02,02,01,sad,pair_0043_happy,1,direct_cumulative_18_20,audio_v_edge,"[18, 19, 20]",-3.4830188751220703,-3.4553022384643555,-3.6459789276123047,0.027716636657714844,-0.16296005249023438,0.19067668914794922,-3.34877347946167
pair_0043_sad,pair_0043,11,02,02,01,sad,pair_0043_happy,1,direct_cumulative_18_21,audio_v_edge,"[18, 19, 20, 21]",-3.4830188751220703,-3.4553022384643555,-3.619331121444702,0.027716636657714844,-0.13631224632263184,0.16402888298034668,-3.34877347946167
pair_0043_sad,pair_0043,11,02,02,01,sad,pair_0043_happy,1,direct_cumulative_18_22,audio_v_edge,"[18, 19, 20, 21, 22]",-3.4830188751220703,-3.4553022384643555,-3.3180062770843506,0.027716636657714844,0.16501259803771973,-0.13729596138000488,-3.34877347946167
pair_0043_sad,pair_0043,11,02,02,01,sad,pair_0043_happy,1,direct_cumulative_18_23,audio_v_edge,"[18, 19, 20, 21, 22, 23]",-3.4830188751220703,-3.4553022384643555,-3.34877347946167,0.027716636657714844,0.1342453956604004,-0.10652875900268555,-3.34877347946167
pair_0044_happy,pair_0044,12,01,01,01,happy,pair_0044_sad,-1,direct_block_18,audio_v_edge,[18],-4.7307024002075195,-4.83748722076416,-4.808738708496094,0.10678482055664062,0.07803630828857422,0.028748512268066406,-4.728374481201172
pair_0044_happy,pair_0044,12,01,01,01,happy,pair_0044_sad,-1,direct_block_19,audio_v_edge,[19],-4.7307024002075195,-4.83748722076416,-4.828567028045654,0.10678482055664062,0.09786462783813477,0.00892019271850586,-4.728374481201172
pair_0044_happy,pair_0044,12,01,01,01,happy,pair_0044_sad,-1,direct_block_20,audio_v_edge,[20],-4.7307024002075195,-4.83748722076416,-4.83683967590332,0.10678482055664062,0.10613727569580078,0.0006475448608398438,-4.728374481201172
pair_0044_happy,pair_0044,12,01,01,01,happy,pair_0044_sad,-1,direct_block_21,audio_v_edge,[21],-4.7307024002075195,-4.83748722076416,-4.776305675506592,0.10678482055664062,0.045603275299072266,0.06118154525756836,-4.728374481201172
pair_0044_happy,pair_0044,12,01,01,01,happy,pair_0044_sad,-1,direct_block_22,audio_v_edge,[22],-4.7307024002075195,-4.83748722076416,-4.836803436279297,0.10678482055664062,0.10610103607177734,0.0006837844848632812,-4.728374481201172
pair_0044_happy,pair_0044,12,01,01,01,happy,pair_0044_sad,-1,direct_block_23,audio_v_edge,[23],-4.7307024002075195,-4.83748722076416,-4.828457355499268,0.10678482055664062,0.09775495529174805,0.009029865264892578,-4.728374481201172
pair_0044_happy,pair_0044,12,01,01,01,happy,pair_0044_sad,-1,direct_cumulative_18_19,audio_v_edge,"[18, 19]",-4.7307024002075195,-4.83748722076416,-4.798718452453613,0.10678482055664062,0.06801605224609375,0.038768768310546875,-4.728374481201172
pair_0044_happy,pair_0044,12,01,01,01,happy,pair_0044_sad,-1,direct_cumulative_18_20,audio_v_edge,"[18, 19, 20]",-4.7307024002075195,-4.83748722076416,-4.798295021057129,0.10678482055664062,0.06759262084960938,0.03919219970703125,-4.728374481201172
pair_0044_happy,pair_0044,12,01,01,01,happy,pair_0044_sad,-1,direct_cumulative_18_21,audio_v_edge,"[18, 19, 20, 21]",-4.7307024002075195,-4.83748722076416,-4.736093997955322,0.10678482055664062,0.005391597747802734,0.10139322280883789,-4.728374481201172
pair_0044_happy,pair_0044,12,01,01,01,happy,pair_0044_sad,-1,direct_cumulative_18_22,audio_v_edge,"[18, 19, 20, 21, 22]",-4.7307024002075195,-4.83748722076416,-4.737783432006836,0.10678482055664062,0.007081031799316406,0.09970378875732422,-4.728374481201172
pair_0044_happy,pair_0044,12,01,01,01,happy,pair_0044_sad,-1,direct_cumulative_18_23,audio_v_edge,"[18, 19, 20, 21, 22, 23]",-4.7307024002075195,-4.83748722076416,-4.728374481201172,0.10678482055664062,-0.0023279190063476562,0.10911273956298828,-4.728374481201172
pair_0044_sad,pair_0044,12,01,01,01,sad,pair_0044_happy,1,direct_block_18,audio_v_edge,[18],-4.494531631469727,-4.381080150604248,-4.412076473236084,0.11345148086547852,0.08245515823364258,0.030996322631835938,-4.430362224578857
pair_0044_sad,pair_0044,12,01,01,01,sad,pair_0044_happy,1,direct_block_19,audio_v_edge,[19],-4.494531631469727,-4.381080150604248,-4.373819351196289,0.11345148086547852,0.1207122802734375,-0.007260799407958984,-4.430362224578857
pair_0044_sad,pair_0044,12,01,01,01,sad,pair_0044_happy,1,direct_block_20,audio_v_edge,[20],-4.494531631469727,-4.381080150604248,-4.392426490783691,0.11345148086547852,0.10210514068603516,0.01134634017944336,-4.430362224578857
pair_0044_sad,pair_0044,12,01,01,01,sad,pair_0044_happy,1,direct_block_21,audio_v_edge,[21],-4.494531631469727,-4.381080150604248,-4.383187770843506,0.11345148086547852,0.1113438606262207,0.0021076202392578125,-4.430362224578857
pair_0044_sad,pair_0044,12,01,01,01,sad,pair_0044_happy,1,direct_block_22,audio_v_edge,[22],-4.494531631469727,-4.381080150604248,-4.387720108032227,0.11345148086547852,0.1068115234375,0.006639957427978516,-4.430362224578857
pair_0044_sad,pair_0044,12,01,01,01,sad,pair_0044_happy,1,direct_block_23,audio_v_edge,[23],-4.494531631469727,-4.381080150604248,-4.385490417480469,0.11345148086547852,0.10904121398925781,0.004410266876220703,-4.430362224578857
pair_0044_sad,pair_0044,12,01,01,01,sad,pair_0044_happy,1,direct_cumulative_18_19,audio_v_edge,"[18, 19]",-4.494531631469727,-4.381080150604248,-4.4037370681762695,0.11345148086547852,0.09079456329345703,0.022656917572021484,-4.430362224578857
pair_0044_sad,pair_0044,12,01,01,01,sad,pair_0044_happy,1,direct_cumulative_18_20,audio_v_edge,"[18, 19, 20]",-4.494531631469727,-4.381080150604248,-4.416062355041504,0.11345148086547852,0.07846927642822266,0.03498220443725586,-4.430362224578857
pair_0044_sad,pair_0044,12,01,01,01,sad,pair_0044_happy,1,direct_cumulative_18_21,audio_v_edge,"[18, 19, 20, 21]",-4.494531631469727,-4.381080150604248,-4.419450283050537,0.11345148086547852,0.07508134841918945,0.03837013244628906,-4.430362224578857
pair_0044_sad,pair_0044,12,01,01,01,sad,pair_0044_happy,1,direct_cumulative_18_22,audio_v_edge,"[18, 19, 20, 21, 22]",-4.494531631469727,-4.381080150604248,-4.425865650177002,0.11345148086547852,0.06866598129272461,0.044785499572753906,-4.430362224578857
pair_0044_sad,pair_0044,12,01,01,01,sad,pair_0044_happy,1,direct_cumulative_18_23,audio_v_edge,"[18, 19, 20, 21, 22, 23]",-4.494531631469727,-4.381080150604248,-4.430362224578857,0.11345148086547852,0.06416940689086914,0.049282073974609375,-4.430362224578857
pair_0045_happy,pair_0045,12,01,02,01,happy,pair_0045_sad,-1,direct_block_18,audio_v_edge,[18],-4.397916316986084,-4.457061767578125,-4.506879806518555,0.059145450592041016,0.1089634895324707,-0.04981803894042969,-4.510028839111328
pair_0045_happy,pair_0045,12,01,02,01,happy,pair_0045_sad,-1,direct_block_19,audio_v_edge,[19],-4.397916316986084,-4.457061767578125,-4.434739112854004,0.059145450592041016,0.03682279586791992,0.022322654724121094,-4.510028839111328
pair_0045_happy,pair_0045,12,01,02,01,happy,pair_0045_sad,-1,direct_block_20,audio_v_edge,[20],-4.397916316986084,-4.457061767578125,-4.4439239501953125,0.059145450592041016,0.046007633209228516,0.0131378173828125,-4.510028839111328
pair_0045_happy,pair_0045,12,01,02,01,happy,pair_0045_sad,-1,direct_block_21,audio_v_edge,[21],-4.397916316986084,-4.457061767578125,-4.426433086395264,0.059145450592041016,0.028516769409179688,0.030628681182861328,-4.510028839111328
pair_0045_happy,pair_0045,12,01,02,01,happy,pair_0045_sad,-1,direct_block_22,audio_v_edge,[22],-4.397916316986084,-4.457061767578125,-4.498102188110352,0.059145450592041016,0.10018587112426758,-0.04104042053222656,-4.510028839111328
pair_0045_happy,pair_0045,12,01,02,01,happy,pair_0045_sad,-1,direct_block_23,audio_v_edge,[23],-4.397916316986084,-4.457061767578125,-4.487001419067383,0.059145450592041016,0.08908510208129883,-0.029939651489257812,-4.510028839111328
pair_0045_happy,pair_0045,12,01,02,01,happy,pair_0045_sad,-1,direct_cumulative_18_19,audio_v_edge,"[18, 19]",-4.397916316986084,-4.457061767578125,-4.4843525886535645,0.059145450592041016,0.08643627166748047,-0.027290821075439453,-4.510028839111328
pair_0045_happy,pair_0045,12,01,02,01,happy,pair_0045_sad,-1,direct_cumulative_18_20,audio_v_edge,"[18, 19, 20]",-4.397916316986084,-4.457061767578125,-4.470466613769531,0.059145450592041016,0.07255029678344727,-0.01340484619140625,-4.510028839111328
pair_0045_happy,pair_0045,12,01,02,01,happy,pair_0045_sad,-1,direct_cumulative_18_21,audio_v_edge,"[18, 19, 20, 21]",-4.397916316986084,-4.457061767578125,-4.439981460571289,0.059145450592041016,0.04206514358520508,0.017080307006835938,-4.510028839111328
pair_0045_happy,pair_0045,12,01,02,01,happy,pair_0045_sad,-1,direct_cumulative_18_22,audio_v_edge,"[18, 19, 20, 21, 22]",-4.397916316986084,-4.457061767578125,-4.4800872802734375,0.059145450592041016,0.08217096328735352,-0.0230255126953125,-4.510028839111328
pair_0045_happy,pair_0045,12,01,02,01,happy,pair_0045_sad,-1,direct_cumulative_18_23,audio_v_edge,"[18, 19, 20, 21, 22, 23]",-4.397916316986084,-4.457061767578125,-4.510028839111328,0.059145450592041016,0.11211252212524414,-0.052967071533203125,-4.510028839111328
pair_0045_sad,pair_0045,12,01,02,01,sad,pair_0045_happy,1,direct_block_18,audio_v_edge,[18],-4.50814151763916,-4.443633079528809,-4.455862998962402,0.06450843811035156,0.05227851867675781,0.01222991943359375,-4.539079666137695
pair_0045_sad,pair_0045,12,01,02,01,sad,pair_0045_happy,1,direct_block_19,audio_v_edge,[19],-4.50814151763916,-4.443633079528809,-4.445465087890625,0.06450843811035156,0.06267642974853516,0.0018320083618164062,-4.539079666137695
pair_0045_sad,pair_0045,12,01,02,01,sad,pair_0045_happy,1,direct_block_20,audio_v_edge,[20],-4.50814151763916,-4.443633079528809,-4.477984428405762,0.06450843811035156,0.030157089233398438,0.034351348876953125,-4.539079666137695
pair_0045_sad,pair_0045,12,01,02,01,sad,pair_0045_happy,1,direct_block_21,audio_v_edge,[21],-4.50814151763916,-4.443633079528809,-4.521939754486084,0.06450843811035156,-0.013798236846923828,0.07830667495727539,-4.539079666137695
pair_0045_sad,pair_0045,12,01,02,01,sad,pair_0045_happy,1,direct_block_22,audio_v_edge,[22],-4.50814151763916,-4.443633079528809,-4.430846214294434,0.06450843811035156,0.07729530334472656,-0.012786865234375,-4.539079666137695
pair_0045_sad,pair_0045,12,01,02,01,sad,pair_0045_happy,1,direct_block_23,audio_v_edge,[23],-4.50814151763916,-4.443633079528809,-4.416653633117676,0.06450843811035156,0.09148788452148438,-0.026979446411132812,-4.539079666137695
pair_0045_sad,pair_0045,12,01,02,01,sad,pair_0045_happy,1,direct_cumulative_18_19,audio_v_edge,"[18, 19]",-4.50814151763916,-4.443633079528809,-4.4594926834106445,0.06450843811035156,0.048648834228515625,0.015859603881835938,-4.539079666137695
pair_0045_sad,pair_0045,12,01,02,01,sad,pair_0045_happy,1,direct_cumulative_18_20,audio_v_edge,"[18, 19, 20]",-4.50814151763916,-4.443633079528809,-4.493887424468994,0.06450843811035156,0.014254093170166016,0.05025434494018555,-4.539079666137695
pair_0045_sad,pair_0045,12,01,02,01,sad,pair_0045_happy,1,direct_cumulative_18_21,audio_v_edge,"[18, 19, 20, 21]",-4.50814151763916,-4.443633079528809,-4.577617645263672,0.06450843811035156,-0.06947612762451172,0.13398456573486328,-4.539079666137695
pair_0045_sad,pair_0045,12,01,02,01,sad,pair_0045_happy,1,direct_cumulative_18_22,audio_v_edge,"[18, 19, 20, 21, 22]",-4.50814151763916,-4.443633079528809,-4.566039562225342,0.06450843811035156,-0.05789804458618164,0.1224064826965332,-4.539079666137695
pair_0045_sad,pair_0045,12,01,02,01,sad,pair_0045_happy,1,direct_cumulative_18_23,audio_v_edge,"[18, 19, 20, 21, 22, 23]",-4.50814151763916,-4.443633079528809,-4.539079666137695,0.06450843811035156,-0.030938148498535156,0.09544658660888672,-4.539079666137695
pair_0046_happy,pair_0046,12,02,01,01,happy,pair_0046_sad,-1,direct_block_18,audio_v_edge,[18],-3.426363945007324,-3.4606823921203613,-3.3609702587127686,0.03431844711303711,-0.06539368629455566,0.09971213340759277,-2.7878403663635254
pair_0046_happy,pair_0046,12,02,01,01,happy,pair_0046_sad,-1,direct_block_19,audio_v_edge,[19],-3.426363945007324,-3.4606823921203613,-3.325047254562378,0.03431844711303711,-0.10131669044494629,0.1356351375579834,-2.7878403663635254
pair_0046_happy,pair_0046,12,02,01,01,happy,pair_0046_sad,-1,direct_block_20,audio_v_edge,[20],-3.426363945007324,-3.4606823921203613,-3.5237929821014404,0.03431844711303711,0.09742903709411621,-0.0631105899810791,-2.7878403663635254
pair_0046_happy,pair_0046,12,02,01,01,happy,pair_0046_sad,-1,direct_block_21,audio_v_edge,[21],-3.426363945007324,-3.4606823921203613,-3.3534774780273438,0.03431844711303711,-0.07288646697998047,0.10720491409301758,-2.7878403663635254
pair_0046_happy,pair_0046,12,02,01,01,happy,pair_0046_sad,-1,direct_block_22,audio_v_edge,[22],-3.426363945007324,-3.4606823921203613,-3.0100319385528564,0.03431844711303711,-0.4163320064544678,0.4506504535675049,-2.7878403663635254
pair_0046_happy,pair_0046,12,02,01,01,happy,pair_0046_sad,-1,direct_block_23,audio_v_edge,[23],-3.426363945007324,-3.4606823921203613,-3.554851770401001,0.03431844711303711,0.12848782539367676,-0.09416937828063965,-2.7878403663635254
pair_0046_happy,pair_0046,12,02,01,01,happy,pair_0046_sad,-1,direct_cumulative_18_19,audio_v_edge,"[18, 19]",-3.426363945007324,-3.4606823921203613,-3.228416919708252,0.03431844711303711,-0.19794702529907227,0.23226547241210938,-2.7878403663635254
pair_0046_happy,pair_0046,12,02,01,01,happy,pair_0046_sad,-1,direct_cumulative_18_20,audio_v_edge,"[18, 19, 20]",-3.426363945007324,-3.4606823921203613,-3.2947683334350586,0.03431844711303711,-0.13159561157226562,0.16591405868530273,-2.7878403663635254
pair_0046_happy,pair_0046,12,02,01,01,happy,pair_0046_sad,-1,direct_cumulative_18_21,audio_v_edge,"[18, 19, 20, 21]",-3.426363945007324,-3.4606823921203613,-3.1778154373168945,0.03431844711303711,-0.2485485076904297,0.2828669548034668,-2.7878403663635254
pair_0046_happy,pair_0046,12,02,01,01,happy,pair_0046_sad,-1,direct_cumulative_18_22,audio_v_edge,"[18, 19, 20, 21, 22]",-3.426363945007324,-3.4606823921203613,-2.7102103233337402,0.03431844711303711,-0.716153621673584,0.7504720687866211,-2.7878403663635254
pair_0046_happy,pair_0046,12,02,01,01,happy,pair_0046_sad,-1,direct_cumulative_18_23,audio_v_edge,"[18, 19, 20, 21, 22, 23]",-3.426363945007324,-3.4606823921203613,-2.7878403663635254,0.03431844711303711,-0.6385235786437988,0.6728420257568359,-2.7878403663635254
pair_0046_sad,pair_0046,12,02,01,01,sad,pair_0046_happy,1,direct_block_18,audio_v_edge,[18],-3.8467795848846436,-3.8177061080932617,-3.782754898071289,0.029073476791381836,0.06402468681335449,-0.034951210021972656,-4.165656089782715
pair_0046_sad,pair_0046,12,02,01,01,sad,pair_0046_happy,1,direct_block_19,audio_v_edge,[19],-3.8467795848846436,-3.8177061080932617,-3.882330894470215,0.029073476791381836,-0.03555130958557129,0.06462478637695312,-4.165656089782715
pair_0046_sad,pair_0046,12,02,01,01,sad,pair_0046_happy,1,direct_block_20,audio_v_edge,[20],-3.8467795848846436,-3.8177061080932617,-3.760683536529541,0.029073476791381836,0.08609604835510254,-0.0570225715637207,-4.165656089782715
pair_0046_sad,pair_0046,12,02,01,01,sad,pair_0046_happy,1,direct_block_21,audio_v_edge,[21],-3.8467795848846436,-3.8177061080932617,-3.774628162384033,0.029073476791381836,0.07215142250061035,-0.043077945709228516,-4.165656089782715
pair_0046_sad,pair_0046,12,02,01,01,sad,pair_0046_happy,1,direct_block_22,audio_v_edge,[22],-3.8467795848846436,-3.8177061080932617,-3.9169692993164062,0.029073476791381836,-0.0701897144317627,0.09926319122314453,-4.165656089782715
pair_0046_sad,pair_0046,12,02,01,01,sad,pair_0046_happy,1,direct_block_23,audio_v_edge,[23],-3.8467795848846436,-3.8177061080932617,-4.144681930541992,0.029073476791381836,-0.29790234565734863,0.32697582244873047,-4.165656089782715
pair_0046_sad,pair_0046,12,02,01,01,sad,pair_0046_happy,1,direct_cumulative_18_19,audio_v_edge,"[18, 19]",-3.8467795848846436,-3.8177061080932617,-3.8502354621887207,0.029073476791381836,-0.0034558773040771484,0.032529354095458984,-4.165656089782715
pair_0046_sad,pair_0046,12,02,01,01,sad,pair_0046_happy,1,direct_cumulative_18_20,audio_v_edge,"[18, 19, 20]",-3.8467795848846436,-3.8177061080932617,-3.7914154529571533,0.029073476791381836,0.055364131927490234,-0.0262906551361084,-4.165656089782715
pair_0046_sad,pair_0046,12,02,01,01,sad,pair_0046_happy,1,direct_cumulative_18_21,audio_v_edge,"[18, 19, 20, 21]",-3.8467795848846436,-3.8177061080932617,-3.7452709674835205,0.029073476791381836,0.10150861740112305,-0.07243514060974121,-4.165656089782715
pair_0046_sad,pair_0046,12,02,01,01,sad,pair_0046_happy,1,direct_cumulative_18_22,audio_v_edge,"[18, 19, 20, 21, 22]",-3.8467795848846436,-3.8177061080932617,-3.8364269733428955,0.029073476791381836,0.010352611541748047,0.01872086524963379,-4.165656089782715
pair_0046_sad,pair_0046,12,02,01,01,sad,pair_0046_happy,1,direct_cumulative_18_23,audio_v_edge,"[18, 19, 20, 21, 22, 23]",-3.8467795848846436,-3.8177061080932617,-4.165656089782715,0.029073476791381836,-0.3188765048980713,0.3479499816894531,-4.165656089782715
pair_0047_happy,pair_0047,12,02,02,01,happy,pair_0047_sad,-1,direct_block_18,audio_v_edge,[18],-3.49416446685791,-3.3186612129211426,-3.3322155475616455,-0.17550325393676758,-0.16194891929626465,-0.01355433464050293,-3.6320760250091553
pair_0047_happy,pair_0047,12,02,02,01,happy,pair_0047_sad,-1,direct_block_19,audio_v_edge,[19],-3.49416446685791,-3.3186612129211426,-3.407038450241089,-0.17550325393676758,-0.08712601661682129,-0.08837723731994629,-3.6320760250091553
pair_0047_happy,pair_0047,12,02,02,01,happy,pair_0047_sad,-1,direct_block_20,audio_v_edge,[20],-3.49416446685791,-3.3186612129211426,-3.370664119720459,-0.17550325393676758,-0.12350034713745117,-0.052002906799316406,-3.6320760250091553
pair_0047_happy,pair_0047,12,02,02,01,happy,pair_0047_sad,-1,direct_block_21,audio_v_edge,[21],-3.49416446685791,-3.3186612129211426,-3.343468189239502,-0.17550325393676758,-0.1506962776184082,-0.024806976318359375,-3.6320760250091553
pair_0047_happy,pair_0047,12,02,02,01,happy,pair_0047_sad,-1,direct_block_22,audio_v_edge,[22],-3.49416446685791,-3.3186612129211426,-3.34226655960083,-0.17550325393676758,-0.15189790725708008,-0.0236053466796875,-3.6320760250091553
pair_0047_happy,pair_0047,12,02,02,01,happy,pair_0047_sad,-1,direct_block_23,audio_v_edge,[23],-3.49416446685791,-3.3186612129211426,-3.4278359413146973,-0.17550325393676758,-0.06632852554321289,-0.10917472839355469,-3.6320760250091553
pair_0047_happy,pair_0047,12,02,02,01,happy,pair_0047_sad,-1,direct_cumulative_18_19,audio_v_edge,"[18, 19]",-3.49416446685791,-3.3186612129211426,-3.4205667972564697,-0.17550325393676758,-0.07359766960144043,-0.10190558433532715,-3.6320760250091553
pair_0047_happy,pair_0047,12,02,02,01,happy,pair_0047_sad,-1,direct_cumulative_18_20,audio_v_edge,"[18, 19, 20]",-3.49416446685791,-3.3186612129211426,-3.4741923809051514,-0.17550325393676758,-0.01997208595275879,-0.1555311679840088,-3.6320760250091553
pair_0047_happy,pair_0047,12,02,02,01,happy,pair_0047_sad,-1,direct_cumulative_18_21,audio_v_edge,"[18, 19, 20, 21]",-3.49416446685791,-3.3186612129211426,-3.4995267391204834,-0.17550325393676758,0.005362272262573242,-0.18086552619934082,-3.6320760250091553
pair_0047_happy,pair_0047,12,02,02,01,happy,pair_0047_sad,-1,direct_cumulative_18_22,audio_v_edge,"[18, 19, 20, 21, 22]",-3.49416446685791,-3.3186612129211426,-3.5236172676086426,-0.17550325393676758,0.029452800750732422,-0.2049560546875,-3.6320760250091553
pair_0047_happy,pair_0047,12,02,02,01,happy,pair_0047_sad,-1,direct_cumulative_18_23,audio_v_edge,"[18, 19, 20, 21, 22, 23]",-3.49416446685791,-3.3186612129211426,-3.6320760250091553,-0.17550325393676758,0.13791155815124512,-0.3134148120880127,-3.6320760250091553
pair_0047_sad,pair_0047,12,02,02,01,sad,pair_0047_happy,1,direct_block_18,audio_v_edge,[18],-3.7190966606140137,-3.896900177001953,-3.85296630859375,-0.17780351638793945,-0.13386964797973633,-0.043933868408203125,-3.325474262237549
pair_0047_sad,pair_0047,12,02,02,01,sad,pair_0047_happy,1,direct_block_19,audio_v_edge,[19],-3.7190966606140137,-3.896900177001953,-3.85609769821167,-0.17780351638793945,-0.13700103759765625,-0.0408024787902832,-3.325474262237549
pair_0047_sad,pair_0047,12,02,02,01,sad,pair_0047_happy,1,direct_block_20,audio_v_edge,[20],-3.7190966606140137,-3.896900177001953,-3.891728639602661,-0.17780351638793945,-0.17263197898864746,-0.005171537399291992,-3.325474262237549
pair_0047_sad,pair_0047,12,02,02,01,sad,pair_0047_happy,1,direct_block_21,audio_v_edge,[21],-3.7190966606140137,-3.896900177001953,-3.821155309677124,-0.17780351638793945,-0.10205864906311035,-0.0757448673248291,-3.325474262237549
pair_0047_sad,pair_0047,12,02,02,01,sad,pair_0047_happy,1,direct_block_22,audio_v_edge,[22],-3.7190966606140137,-3.896900177001953,-3.5925581455230713,-0.17780351638793945,0.12653851509094238,-0.30434203147888184,-3.325474262237549
pair_0047_sad,pair_0047,12,02,02,01,sad,pair_0047_happy,1,direct_block_23,audio_v_edge,[23],-3.7190966606140137,-3.896900177001953,-3.8178679943084717,-0.17780351638793945,-0.09877133369445801,-0.07903218269348145,-3.325474262237549
pair_0047_sad,pair_0047,12,02,02,01,sad,pair_0047_happy,1,direct_cumulative_18_19,audio_v_edge,"[18, 19]",-3.7190966606140137,-3.896900177001953,-3.8163669109344482,-0.17780351638793945,-0.09727025032043457,-0.08053326606750488,-3.325474262237549
pair_0047_sad,pair_0047,12,02,02,01,sad,pair_0047_happy,1,direct_cumulative_18_20,audio_v_edge,"[18, 19, 20]",-3.7190966606140137,-3.896900177001953,-3.8126370906829834,-0.17780351638793945,-0.09354043006896973,-0.08426308631896973,-3.325474262237549
pair_0047_sad,pair_0047,12,02,02,01,sad,pair_0047_happy,1,direct_cumulative_18_21,audio_v_edge,"[18, 19, 20, 21]",-3.7190966606140137,-3.896900177001953,-3.7308409214019775,-0.17780351638793945,-0.011744260787963867,-0.16605925559997559,-3.325474262237549
pair_0047_sad,pair_0047,12,02,02,01,sad,pair_0047_happy,1,direct_cumulative_18_22,audio_v_edge,"[18, 19, 20, 21, 22]",-3.7190966606140137,-3.896900177001953,-3.405557632446289,-0.17780351638793945,0.3135390281677246,-0.49134254455566406,-3.325474262237549
pair_0047_sad,pair_0047,12,02,02,01,sad,pair_0047_happy,1,direct_cumulative_18_23,audio_v_edge,"[18, 19, 20, 21, 22, 23]",-3.7190966606140137,-3.896900177001953,-3.325474262237549,-0.17780351638793945,0.39362239837646484,-0.5714259147644043,-3.325474262237549
pair_0048_happy,pair_0048,13,01,01,01,happy,pair_0048_sad,-1,direct_block_18,audio_v_edge,[18],-4.344440460205078,-4.308212757110596,-4.310183525085449,-0.03622770309448242,-0.034256935119628906,-0.0019707679748535156,-4.265704154968262
pair_0048_happy,pair_0048,13,01,01,01,happy,pair_0048_sad,-1,direct_block_19,audio_v_edge,[19],-4.344440460205078,-4.308212757110596,-4.360537528991699,-0.03622770309448242,0.016097068786621094,-0.052324771881103516,-4.265704154968262
pair_0048_happy,pair_0048,13,01,01,01,happy,pair_0048_sad,-1,direct_block_20,audio_v_edge,[20],-4.344440460205078,-4.308212757110596,-4.349609851837158,-0.03622770309448242,0.005169391632080078,-0.0413970947265625,-4.265704154968262
pair_0048_happy,pair_0048,13,01,01,01,happy,pair_0048_sad,-1,direct_block_21,audio_v_edge,[21],-4.344440460205078,-4.308212757110596,-4.20974063873291,-0.03622770309448242,-0.13469982147216797,0.09847211837768555,-4.265704154968262
pair_0048_happy,pair_0048,13,01,01,01,happy,pair_0048_sad,-1,direct_block_22,audio_v_edge,[22],-4.344440460205078,-4.308212757110596,-4.273840427398682,-0.03622770309448242,-0.07060003280639648,0.03437232971191406,-4.265704154968262
pair_0048_happy,pair_0048,13,01,01,01,happy,pair_0048_sad,-1,direct_block_23,audio_v_edge,[23],-4.344440460205078,-4.308212757110596,-4.306428909301758,-0.03622770309448242,-0.03801155090332031,0.0017838478088378906,-4.265704154968262
pair_0048_happy,pair_0048,13,01,01,01,happy,pair_0048_sad,-1,direct_cumulative_18_19,audio_v_edge,"[18, 19]",-4.344440460205078,-4.308212757110596,-4.361976623535156,-0.03622770309448242,0.017536163330078125,-0.05376386642456055,-4.265704154968262
pair_0048_happy,pair_0048,13,01,01,01,happy,pair_0048_sad,-1,direct_cumulative_18_20,audio_v_edge,"[18, 19, 20]",-4.344440460205078,-4.308212757110596,-4.40347957611084,-0.03622770309448242,0.05903911590576172,-0.09526681900024414,-4.265704154968262
pair_0048_happy,pair_0048,13,01,01,01,happy,pair_0048_sad,-1,direct_cumulative_18_21,audio_v_edge,"[18, 19, 20, 21]",-4.344440460205078,-4.308212757110596,-4.3016204833984375,-0.03622770309448242,-0.042819976806640625,0.006592273712158203,-4.265704154968262
pair_0048_happy,pair_0048,13,01,01,01,happy,pair_0048_sad,-1,direct_cumulative_18_22,audio_v_edge,"[18, 19, 20, 21, 22]",-4.344440460205078,-4.308212757110596,-4.2661237716674805,-0.03622770309448242,-0.07831668853759766,0.042088985443115234,-4.265704154968262
pair_0048_happy,pair_0048,13,01,01,01,happy,pair_0048_sad,-1,direct_cumulative_18_23,audio_v_edge,"[18, 19, 20, 21, 22, 23]",-4.344440460205078,-4.308212757110596,-4.265704154968262,-0.03622770309448242,-0.0787363052368164,0.042508602142333984,-4.265704154968262
pair_0048_sad,pair_0048,13,01,01,01,sad,pair_0048_happy,1,direct_block_18,audio_v_edge,[18],-4.3860063552856445,-4.423280715942383,-4.39707612991333,-0.03727436065673828,-0.011069774627685547,-0.026204586029052734,-4.570744514465332
pair_0048_sad,pair_0048,13,01,01,01,sad,pair_0048_happy,1,direct_block_19,audio_v_edge,[19],-4.3860063552856445,-4.423280715942383,-4.44158935546875,-0.03727436065673828,-0.05558300018310547,0.018308639526367188,-4.570744514465332
pair_0048_sad,pair_0048,13,01,01,01,sad,pair_0048_happy,1,direct_block_20,audio_v_edge,[20],-4.3860063552856445,-4.423280715942383,-4.42474365234375,-0.03727436065673828,-0.03873729705810547,0.0014629364013671875,-4.570744514465332
pair_0048_sad,pair_0048,13,01,01,01,sad,pair_0048_happy,1,direct_block_21,audio_v_edge,[21],-4.3860063552856445,-4.423280715942383,-4.407646179199219,-0.03727436065673828,-0.02163982391357422,-0.015634536743164062,-4.570744514465332
pair_0048_sad,pair_0048,13,01,01,01,sad,pair_0048_happy,1,direct_block_22,audio_v_edge,[22],-4.3860063552856445,-4.423280715942383,-4.5269365310668945,-0.03727436065673828,-0.14093017578125,0.10365581512451172,-4.570744514465332
pair_0048_sad,pair_0048,13,01,01,01,sad,pair_0048_happy,1,direct_block_23,audio_v_edge,[23],-4.3860063552856445,-4.423280715942383,-4.48092794418335,-0.03727436065673828,-0.09492158889770508,0.0576472282409668,-4.570744514465332
pair_0048_sad,pair_0048,13,01,01,01,sad,pair_0048_happy,1,direct_cumulative_18_19,audio_v_edge,"[18, 19]",-4.3860063552856445,-4.423280715942383,-4.416022300720215,-0.03727436065673828,-0.030015945434570312,-0.007258415222167969,-4.570744514465332
pair_0048_sad,pair_0048,13,01,01,01,sad,pair_0048_happy,1,direct_cumulative_18_20,audio_v_edge,"[18, 19, 20]",-4.3860063552856445,-4.423280715942383,-4.419553279876709,-0.03727436065673828,-0.03354692459106445,-0.003727436065673828,-4.570744514465332
pair_0048_sad,pair_0048,13,01,01,01,sad,pair_0048_happy,1,direct_cumulative_18_21,audio_v_edge,"[18, 19, 20, 21]",-4.3860063552856445,-4.423280715942383,-4.405217170715332,-0.03727436065673828,-0.0192108154296875,-0.01806354522705078,-4.570744514465332
pair_0048_sad,pair_0048,13,01,01,01,sad,pair_0048_happy,1,direct_cumulative_18_22,audio_v_edge,"[18, 19, 20, 21, 22]",-4.3860063552856445,-4.423280715942383,-4.513209342956543,-0.03727436065673828,-0.12720298767089844,0.08992862701416016,-4.570744514465332
pair_0048_sad,pair_0048,13,01,01,01,sad,pair_0048_happy,1,direct_cumulative_18_23,audio_v_edge,"[18, 19, 20, 21, 22, 23]",-4.3860063552856445,-4.423280715942383,-4.570744514465332,-0.03727436065673828,-0.1847381591796875,0.14746379852294922,-4.570744514465332
pair_0049_happy,pair_0049,13,01,02,01,happy,pair_0049_sad,-1,direct_block_18,audio_v_edge,[18],-4.29490327835083,-4.407992839813232,-4.278835296630859,0.11308956146240234,-0.016067981719970703,0.12915754318237305,-4.014802932739258
pair_0049_happy,pair_0049,13,01,02,01,happy,pair_0049_sad,-1,direct_block_19,audio_v_edge,[19],-4.29490327835083,-4.407992839813232,-4.363405704498291,0.11308956146240234,0.06850242614746094,0.044587135314941406,-4.014802932739258
pair_0049_happy,pair_0049,13,01,02,01,happy,pair_0049_sad,-1,direct_block_20,audio_v_edge,[20],-4.29490327835083,-4.407992839813232,-4.451938629150391,0.11308956146240234,0.15703535079956055,-0.0439457893371582,-4.014802932739258
pair_0049_happy,pair_0049,13,01,02,01,happy,pair_0049_sad,-1,direct_block_21,audio_v_edge,[21],-4.29490327835083,-4.407992839813232,-4.361417770385742,0.11308956146240234,0.06651449203491211,0.046575069427490234,-4.014802932739258
pair_0049_happy,pair_0049,13,01,02,01,happy,pair_0049_sad,-1,direct_block_22,audio_v_edge,[22],-4.29490327835083,-4.407992839813232,-4.219644546508789,0.11308956146240234,-0.07525873184204102,0.18834829330444336,-4.014802932739258
pair_0049_happy,pair_0049,13,01,02,01,happy,pair_0049_sad,-1,direct_block_23,audio_v_edge,[23],-4.29490327835083,-4.407992839813232,-4.391137599945068,0.11308956146240234,0.09623432159423828,0.016855239868164062,-4.014802932739258
pair_0049_happy,pair_0049,13,01,02,01,happy,pair_0049_sad,-1,direct_cumulative_18_19,audio_v_edge,"[18, 19]",-4.29490327835083,-4.407992839813232,-4.2377610206604,0.11308956146240234,-0.05714225769042969,0.17023181915283203,-4.014802932739258
pair_0049_happy,pair_0049,13,01,02,01,happy,pair_0049_sad,-1,direct_cumulative_18_20,audio_v_edge,"[18, 19, 20]",-4.29490327835083,-4.407992839813232,-4.280246734619141,0.11308956146240234,-0.014656543731689453,0.1277461051940918,-4.014802932739258
pair_0049_happy,pair_0049,13,01,02,01,happy,pair_0049_sad,-1,direct_cumulative_18_21,audio_v_edge,"[18, 19, 20, 21]",-4.29490327835083,-4.407992839813232,-4.225522518157959,0.11308956146240234,-0.0693807601928711,0.18247032165527344,-4.014802932739258
pair_0049_happy,pair_0049,13,01,02,01,happy,pair_0049_sad,-1,direct_cumulative_18_22,audio_v_edge,"[18, 19, 20, 21, 22]",-4.29490327835083,-4.407992839813232,-4.030668258666992,0.11308956146240234,-0.2642350196838379,0.37732458114624023,-4.014802932739258
pair_0049_happy,pair_0049,13,01,02,01,happy,pair_0049_sad,-1,direct_cumulative_18_23,audio_v_edge,"[18, 19, 20, 21, 22, 23]",-4.29490327835083,-4.407992839813232,-4.014802932739258,0.11308956146240234,-0.28010034561157227,0.3931899070739746,-4.014802932739258
pair_0049_sad,pair_0049,13,01,02,01,sad,pair_0049_happy,1,direct_block_18,audio_v_edge,[18],-4.50346565246582,-4.403670310974121,-4.465999126434326,0.09979534149169922,0.03746652603149414,0.06232881546020508,-4.699826717376709
pair_0049_sad,pair_0049,13,01,02,01,sad,pair_0049_happy,1,direct_block_19,audio_v_edge,[19],-4.50346565246582,-4.403670310974121,-4.623234272003174,0.09979534149169922,-0.11976861953735352,0.21956396102905273,-4.699826717376709
pair_0049_sad,pair_0049,13,01,02,01,sad,pair_0049_happy,1,direct_block_20,audio_v_edge,[20],-4.50346565246582,-4.403670310974121,-4.41307258605957,0.09979534149169922,0.09039306640625,0.009402275085449219,-4.699826717376709
pair_0049_sad,pair_0049,13,01,02,01,sad,pair_0049_happy,1,direct_block_21,audio_v_edge,[21],-4.50346565246582,-4.403670310974121,-4.328455448150635,0.09979534149169922,0.17501020431518555,-0.07521486282348633,-4.699826717376709
pair_0049_sad,pair_0049,13,01,02,01,sad,pair_0049_happy,1,direct_block_22,audio_v_edge,[22],-4.50346565246582,-4.403670310974121,-4.453381538391113,0.09979534149169922,0.05008411407470703,0.04971122741699219,-4.699826717376709
pair_0049_sad,pair_0049,13,01,02,01,sad,pair_0049_happy,1,direct_block_23,audio_v_edge,[23],-4.50346565246582,-4.403670310974121,-4.418736934661865,0.09979534149169922,0.08472871780395508,0.01506662368774414,-4.699826717376709
pair_0049_sad,pair_0049,13,01,02,01,sad,pair_0049_happy,1,direct_cumulative_18_19,audio_v_edge,"[18, 19]",-4.50346565246582,-4.403670310974121,-4.6844482421875,0.09979534149169922,-0.1809825897216797,0.2807779312133789,-4.699826717376709
pair_0049_sad,pair_0049,13,01,02,01,sad,pair_0049_happy,1,direct_cumulative_18_20,audio_v_edge,"[18, 19, 20]",-4.50346565246582,-4.403670310974121,-4.693415641784668,0.09979534149169922,-0.18994998931884766,0.2897453308105469,-4.699826717376709
pair_0049_sad,pair_0049,13,01,02,01,sad,pair_0049_happy,1,direct_cumulative_18_21,audio_v_edge,"[18, 19, 20, 21]",-4.50346565246582,-4.403670310974121,-4.628762722015381,0.09979534149169922,-0.12529706954956055,0.22509241104125977,-4.699826717376709
pair_0049_sad,pair_0049,13,01,02,01,sad,pair_0049_happy,1,direct_cumulative_18_22,audio_v_edge,"[18, 19, 20, 21, 22]",-4.50346565246582,-4.403670310974121,-4.682207107543945,0.09979534149169922,-0.178741455078125,0.2785367965698242,-4.699826717376709
pair_0049_sad,pair_0049,13,01,02,01,sad,pair_0049_happy,1,direct_cumulative_18_23,audio_v_edge,"[18, 19, 20, 21, 22, 23]",-4.50346565246582,-4.403670310974121,-4.699826717376709,0.09979534149169922,-0.19636106491088867,0.2961564064025879,-4.699826717376709
pair_0050_happy,pair_0050,13,02,01,01,happy,pair_0050_sad,-1,direct_block_18,audio_v_edge,[18],-3.187375545501709,-3.1652517318725586,-3.0625791549682617,-0.02212381362915039,-0.12479639053344727,0.10267257690429688,-2.619035243988037
pair_0050_happy,pair_0050,13,02,01,01,happy,pair_0050_sad,-1,direct_block_19,audio_v_edge,[19],-3.187375545501709,-3.1652517318725586,-2.9751648902893066,-0.02212381362915039,-0.21221065521240234,0.19008684158325195,-2.619035243988037
pair_0050_happy,pair_0050,13,02,01,01,happy,pair_0050_sad,-1,direct_block_20,audio_v_edge,[20],-3.187375545501709,-3.1652517318725586,-3.1731386184692383,-0.02212381362915039,-0.014236927032470703,-0.007886886596679688,-2.619035243988037
pair_0050_happy,pair_0050,13,02,01,01,happy,pair_0050_sad,-1,direct_block_21,audio_v_edge,[21],-3.187375545501709,-3.1652517318725586,-3.1025378704071045,-0.02212381362915039,-0.08483767509460449,0.0627138614654541,-2.619035243988037
pair_0050_happy,pair_0050,13,02,01,01,happy,pair_0050_sad,-1,direct_block_22,audio_v_edge,[22],-3.187375545501709,-3.1652517318725586,-2.950385093688965,-0.02212381362915039,-0.23699045181274414,0.21486663818359375,-2.619035243988037
pair_0050_happy,pair_0050,13,02,01,01,happy,pair_0050_sad,-1,direct_block_23,audio_v_edge,[23],-3.187375545501709,-3.1652517318725586,-3.1719393730163574,-0.02212381362915039,-0.015436172485351562,-0.006687641143798828,-2.619035243988037
pair_0050_happy,pair_0050,13,02,01,01,happy,pair_0050_sad,-1,direct_cumulative_18_19,audio_v_edge,"[18, 19]",-3.187375545501709,-3.1652517318725586,-2.8779637813568115,-0.02212381362915039,-0.30941176414489746,0.28728795051574707,-2.619035243988037
pair_0050_happy,pair_0050,13,02,01,01,happy,pair_0050_sad,-1,direct_cumulative_18_20,audio_v_edge,"[18, 19, 20]",-3.187375545501709,-3.1652517318725586,-2.8864080905914307,-0.02212381362915039,-0.3009674549102783,0.27884364128112793,-2.619035243988037
pair_0050_happy,pair_0050,13,02,01,01,happy,pair_0050_sad,-1,direct_cumulative_18_21,audio_v_edge,"[18, 19, 20, 21]",-3.187375545501709,-3.1652517318725586,-2.821364402770996,-0.02212381362915039,-0.3660111427307129,0.3438873291015625,-2.619035243988037
pair_0050_happy,pair_0050,13,02,01,01,happy,pair_0050_sad,-1,direct_cumulative_18_22,audio_v_edge,"[18, 19, 20, 21, 22]",-3.187375545501709,-3.1652517318725586,-2.611514091491699,-0.02212381362915039,-0.5758614540100098,0.5537376403808594,-2.619035243988037
pair_0050_happy,pair_0050,13,02,01,01,happy,pair_0050_sad,-1,direct_cumulative_18_23,audio_v_edge,"[18, 19, 20, 21, 22, 23]",-3.187375545501709,-3.1652517318725586,-2.619035243988037,-0.02212381362915039,-0.5683403015136719,0.5462164878845215,-2.619035243988037
pair_0050_sad,pair_0050,13,02,01,01,sad,pair_0050_happy,1,direct_block_18,audio_v_edge,[18],-3.3296210765838623,-3.3485107421875,-3.394350290298462,-0.018889665603637695,-0.06472921371459961,0.045839548110961914,-3.4074535369873047
pair_0050_sad,pair_0050,13,02,01,01,sad,pair_0050_happy,1,direct_block_19,audio_v_edge,[19],-3.3296210765838623,-3.3485107421875,-3.3799047470092773,-0.018889665603637695,-0.05028367042541504,0.031394004821777344,-3.4074535369873047
pair_0050_sad,pair_0050,13,02,01,01,sad,pair_0050_happy,1,direct_block_20,audio_v_edge,[20],-3.3296210765838623,-3.3485107421875,-3.4072158336639404,-0.018889665603637695,-0.07759475708007812,0.05870509147644043,-3.4074535369873047
pair_0050_sad,pair_0050,13,02,01,01,sad,pair_0050_happy,1,direct_block_21,audio_v_edge,[21],-3.3296210765838623,-3.3485107421875,-3.3472039699554443,-0.018889665603637695,-0.01758289337158203,-0.001306772232055664,-3.4074535369873047
pair_0050_sad,pair_0050,13,02,01,01,sad,pair_0050_happy,1,direct_block_22,audio_v_edge,[22],-3.3296210765838623,-3.3485107421875,-3.2813141345977783,-0.018889665603637695,0.048306941986083984,-0.06719660758972168,-3.4074535369873047
pair_0050_sad,pair_0050,13,02,01,01,sad,pair_0050_happy,1,direct_block_23,audio_v_edge,[23],-3.3296210765838623,-3.3485107421875,-3.351818799972534,-0.018889665603637695,-0.022197723388671875,0.0033080577850341797,-3.4074535369873047
pair_0050_sad,pair_0050,13,02,01,01,sad,pair_0050_happy,1,direct_cumulative_18_19,audio_v_edge,"[18, 19]",-3.3296210765838623,-3.3485107421875,-3.40737247467041,-0.018889665603637695,-0.07775139808654785,0.058861732482910156,-3.4074535369873047
pair_0050_sad,pair_0050,13,02,01,01,sad,pair_0050_happy,1,direct_cumulative_18_20,audio_v_edge,"[18, 19, 20]",-3.3296210765838623,-3.3485107421875,-3.4688403606414795,-0.018889665603637695,-0.1392192840576172,0.12032961845397949,-3.4074535369873047
pair_0050_sad,pair_0050,13,02,01,01,sad,pair_0050_happy,1,direct_cumulative_18_21,audio_v_edge,"[18, 19, 20, 21]",-3.3296210765838623,-3.3485107421875,-3.4698562622070312,-0.018889665603637695,-0.14023518562316895,0.12134552001953125,-3.4074535369873047
pair_0050_sad,pair_0050,13,02,01,01,sad,pair_0050_happy,1,direct_cumulative_18_22,audio_v_edge,"[18, 19, 20, 21, 22]",-3.3296210765838623,-3.3485107421875,-3.4049763679504395,-0.018889665603637695,-0.07535529136657715,0.05646562576293945,-3.4074535369873047
pair_0050_sad,pair_0050,13,02,01,01,sad,pair_0050_happy,1,direct_cumulative_18_23,audio_v_edge,"[18, 19, 20, 21, 22, 23]",-3.3296210765838623,-3.3485107421875,-3.4074535369873047,-0.018889665603637695,-0.07783246040344238,0.05894279479980469,-3.4074535369873047
pair_0051_happy,pair_0051,13,02,02,01,happy,pair_0051_sad,-1,direct_block_18,audio_v_edge,[18],-3.448737621307373,-3.4490039348602295,-3.5367445945739746,0.0002663135528564453,0.08800697326660156,-0.08774065971374512,-3.195547580718994
pair_0051_happy,pair_0051,13,02,02,01,happy,pair_0051_sad,-1,direct_block_19,audio_v_edge,[19],-3.448737621307373,-3.4490039348602295,-3.368560791015625,0.0002663135528564453,-0.08017683029174805,0.08044314384460449,-3.195547580718994
pair_0051_happy,pair_0051,13,02,02,01,happy,pair_0051_sad,-1,direct_block_20,audio_v_edge,[20],-3.448737621307373,-3.4490039348602295,-3.4700937271118164,0.0002663135528564453,0.02135610580444336,-0.021089792251586914,-3.195547580718994
pair_0051_happy,pair_0051,13,02,02,01,happy,pair_0051_sad,-1,direct_block_21,audio_v_edge,[21],-3.448737621307373,-3.4490039348602295,-3.401080369949341,0.0002663135528564453,-0.04765725135803223,0.04792356491088867,-3.195547580718994
pair_0051_happy,pair_0051,13,02,02,01,happy,pair_0051_sad,-1,direct_block_22,audio_v_edge,[22],-3.448737621307373,-3.4490039348602295,-3.271153450012207,0.0002663135528564453,-0.17758417129516602,0.17785048484802246,-3.195547580718994
pair_0051_happy,pair_0051,13,02,02,01,happy,pair_0051_sad,-1,direct_block_23,audio_v_edge,[23],-3.448737621307373,-3.4490039348602295,-3.397313117980957,0.0002663135528564453,-0.051424503326416016,0.05169081687927246,-3.195547580718994
pair_0051_happy,pair_0051,13,02,02,01,happy,pair_0051_sad,-1,direct_cumulative_18_19,audio_v_edge,"[18, 19]",-3.448737621307373,-3.4490039348602295,-3.4623348712921143,0.0002663135528564453,0.013597249984741211,-0.013330936431884766,-3.195547580718994
pair_0051_happy,pair_0051,13,02,02,01,happy,pair_0051_sad,-1,direct_cumulative_18_20,audio_v_edge,"[18, 19, 20]",-3.448737621307373,-3.4490039348602295,-3.4843368530273438,0.0002663135528564453,0.0355992317199707,-0.03533291816711426,-3.195547580718994
pair_0051_happy,pair_0051,13,02,02,01,happy,pair_0051_sad,-1,direct_cumulative_18_21,audio_v_edge,"[18, 19, 20, 21]",-3.448737621307373,-3.4490039348602295,-3.4328675270080566,0.0002663135528564453,-0.015870094299316406,0.01613640785217285,-3.195547580718994
pair_0051_happy,pair_0051,13,02,02,01,happy,pair_0051_sad,-1,direct_cumulative_18_22,audio_v_edge,"[18, 19, 20, 21, 22]",-3.448737621307373,-3.4490039348602295,-3.247187376022339,0.0002663135528564453,-0.20155024528503418,0.20181655883789062,-3.195547580718994
pair_0051_happy,pair_0051,13,02,02,01,happy,pair_0051_sad,-1,direct_cumulative_18_23,audio_v_edge,"[18, 19, 20, 21, 22, 23]",-3.448737621307373,-3.4490039348602295,-3.195547580718994,0.0002663135528564453,-0.2531900405883789,0.25345635414123535,-3.195547580718994
pair_0051_sad,pair_0051,13,02,02,01,sad,pair_0051_happy,1,direct_block_18,audio_v_edge,[18],-3.277841091156006,-3.2824442386627197,-3.142566680908203,-0.004603147506713867,0.13527441024780273,-0.1398775577545166,-3.1936135292053223
pair_0051_sad,pair_0051,13,02,02,01,sad,pair_0051_happy,1,direct_block_19,audio_v_edge,[19],-3.277841091156006,-3.2824442386627197,-3.3879616260528564,-0.004603147506713867,-0.11012053489685059,0.10551738739013672,-3.1936135292053223
pair_0051_sad,pair_0051,13,02,02,01,sad,pair_0051_happy,1,direct_block_20,audio_v_edge,[20],-3.277841091156006,-3.2824442386627197,-3.297553777694702,-0.004603147506713867,-0.01971268653869629,0.015109539031982422,-3.1936135292053223
pair_0051_sad,pair_0051,13,02,02,01,sad,pair_0051_happy,1,direct_block_21,audio_v_edge,[21],-3.277841091156006,-3.2824442386627197,-3.275045394897461,-0.004603147506713867,0.002795696258544922,-0.007398843765258789,-3.1936135292053223
pair_0051_sad,pair_0051,13,02,02,01,sad,pair_0051_happy,1,direct_block_22,audio_v_edge,[22],-3.277841091156006,-3.2824442386627197,-3.1346595287323,-0.004603147506713867,0.14318156242370605,-0.14778470993041992,-3.1936135292053223
pair_0051_sad,pair_0051,13,02,02,01,sad,pair_0051_happy,1,direct_block_23,audio_v_edge,[23],-3.277841091156006,-3.2824442386627197,-3.3669257164001465,-0.004603147506713867,-0.08908462524414062,0.08448147773742676,-3.1936135292053223
pair_0051_sad,pair_0051,13,02,02,01,sad,pair_0051_happy,1,direct_cumulative_18_19,audio_v_edge,"[18, 19]",-3.277841091156006,-3.2824442386627197,-3.2462501525878906,-0.004603147506713867,0.031590938568115234,-0.0361940860748291,-3.1936135292053223
pair_0051_sad,pair_0051,13,02,02,01,sad,pair_0051_happy,1,direct_cumulative_18_20,audio_v_edge,"[18, 19, 20]",-3.277841091156006,-3.2824442386627197,-3.263631820678711,-0.004603147506713867,0.014209270477294922,-0.01881241798400879,-3.1936135292053223
pair_0051_sad,pair_0051,13,02,02,01,sad,pair_0051_happy,1,direct_cumulative_18_21,audio_v_edge,"[18, 19, 20, 21]",-3.277841091156006,-3.2824442386627197,-3.2575409412384033,-0.004603147506713867,0.02030014991760254,-0.024903297424316406,-3.1936135292053223
pair_0051_sad,pair_0051,13,02,02,01,sad,pair_0051_happy,1,direct_cumulative_18_22,audio_v_edge,"[18, 19, 20, 21, 22]",-3.277841091156006,-3.2824442386627197,-3.109452724456787,-0.004603147506713867,0.16838836669921875,-0.17299151420593262,-3.1936135292053223
pair_0051_sad,pair_0051,13,02,02,01,sad,pair_0051_happy,1,direct_cumulative_18_23,audio_v_edge,"[18, 19, 20, 21, 22, 23]",-3.277841091156006,-3.2824442386627197,-3.1936135292053223,-0.004603147506713867,0.0842275619506836,-0.08883070945739746,-3.1936135292053223
pair_0052_happy,pair_0052,14,01,01,01,happy,pair_0052_sad,-1,direct_block_18,audio_v_edge,[18],-4.171508312225342,-4.161243438720703,-4.176268577575684,-0.010264873504638672,0.004760265350341797,-0.015025138854980469,-4.272115707397461
pair_0052_happy,pair_0052,14,01,01,01,happy,pair_0052_sad,-1,direct_block_19,audio_v_edge,[19],-4.171508312225342,-4.161243438720703,-4.1024627685546875,-0.010264873504638672,-0.0690455436706543,0.058780670166015625,-4.272115707397461
pair_0052_happy,pair_0052,14,01,01,01,happy,pair_0052_sad,-1,direct_block_20,audio_v_edge,[20],-4.171508312225342,-4.161243438720703,-4.175677299499512,-0.010264873504638672,0.004168987274169922,-0.014433860778808594,-4.272115707397461
pair_0052_happy,pair_0052,14,01,01,01,happy,pair_0052_sad,-1,direct_block_21,audio_v_edge,[21],-4.171508312225342,-4.161243438720703,-4.205337047576904,-0.010264873504638672,0.0338287353515625,-0.04409360885620117,-4.272115707397461
pair_0052_happy,pair_0052,14,01,01,01,happy,pair_0052_sad,-1,direct_block_22,audio_v_edge,[22],-4.171508312225342,-4.161243438720703,-4.245208740234375,-0.010264873504638672,0.0737004280090332,-0.08396530151367188,-4.272115707397461
pair_0052_happy,pair_0052,14,01,01,01,happy,pair_0052_sad,-1,direct_block_23,audio_v_edge,[23],-4.171508312225342,-4.161243438720703,-4.167428970336914,-0.010264873504638672,-0.004079341888427734,-0.0061855316162109375,-4.272115707397461
pair_0052_happy,pair_0052,14,01,01,01,happy,pair_0052_sad,-1,direct_cumulative_18_19,audio_v_edge,"[18, 19]",-4.171508312225342,-4.161243438720703,-4.118484973907471,-0.010264873504638672,-0.053023338317871094,0.04275846481323242,-4.272115707397461
pair_0052_happy,pair_0052,14,01,01,01,happy,pair_0052_sad,-1,direct_cumulative_18_20,audio_v_edge,"[18, 19, 20]",-4.171508312225342,-4.161243438720703,-4.133511543273926,-0.010264873504638672,-0.037996768951416016,0.027731895446777344,-4.272115707397461
pair_0052_happy,pair_0052,14,01,01,01,happy,pair_0052_sad,-1,direct_cumulative_18_21,audio_v_edge,"[18, 19, 20, 21]",-4.171508312225342,-4.161243438720703,-4.177759170532227,-0.010264873504638672,0.006250858306884766,-0.016515731811523438,-4.272115707397461
pair_0052_happy,pair_0052,14,01,01,01,happy,pair_0052_sad,-1,direct_cumulative_18_22,audio_v_edge,"[18, 19, 20, 21, 22]",-4.171508312225342,-4.161243438720703,-4.266116619110107,-0.010264873504638672,0.09460830688476562,-0.1048731803894043,-4.272115707397461
pair_0052_happy,pair_0052,14,01,01,01,happy,pair_0052_sad,-1,direct_cumulative_18_23,audio_v_edge,"[18, 19, 20, 21, 22, 23]",-4.171508312225342,-4.161243438720703,-4.272115707397461,-0.010264873504638672,0.10060739517211914,-0.11087226867675781,-4.272115707397461
pair_0052_sad,pair_0052,14,01,01,01,sad,pair_0052_happy,1,direct_block_18,audio_v_edge,[18],-4.786404132843018,-4.817407131195068,-4.814914226531982,-0.03100299835205078,-0.028510093688964844,-0.0024929046630859375,-4.83261251449585
pair_0052_sad,pair_0052,14,01,01,01,sad,pair_0052_happy,1,direct_block_19,audio_v_edge,[19],-4.786404132843018,-4.817407131195068,-4.878303527832031,-0.03100299835205078,-0.09189939498901367,0.06089639663696289,-4.83261251449585
pair_0052_sad,pair_0052,14,01,01,01,sad,pair_0052_happy,1,direct_block_20,audio_v_edge,[20],-4.786404132843018,-4.817407131195068,-4.803829669952393,-0.03100299835205078,-0.017425537109375,-0.013577461242675781,-4.83261251449585
pair_0052_sad,pair_0052,14,01,01,01,sad,pair_0052_happy,1,direct_block_21,audio_v_edge,[21],-4.786404132843018,-4.817407131195068,-4.805785179138184,-0.03100299835205078,-0.019381046295166016,-0.011621952056884766,-4.83261251449585
pair_0052_sad,pair_0052,14,01,01,01,sad,pair_0052_happy,1,direct_block_22,audio_v_edge,[22],-4.786404132843018,-4.817407131195068,-4.797031879425049,-0.03100299835205078,-0.01062774658203125,-0.02037525177001953,-4.83261251449585
pair_0052_sad,pair_0052,14,01,01,01,sad,pair_0052_happy,1,direct_block_23,audio_v_edge,[23],-4.786404132843018,-4.817407131195068,-4.821163177490234,-0.03100299835205078,-0.0347590446472168,0.0037560462951660156,-4.83261251449585
pair_0052_sad,pair_0052,14,01,01,01,sad,pair_0052_happy,1,direct_cumulative_18_19,audio_v_edge,"[18, 19]",-4.786404132843018,-4.817407131195068,-4.8761749267578125,-0.03100299835205078,-0.08977079391479492,0.05876779556274414,-4.83261251449585
pair_0052_sad,pair_0052,14,01,01,01,sad,pair_0052_happy,1,direct_cumulative_18_20,audio_v_edge,"[18, 19, 20]",-4.786404132843018,-4.817407131195068,-4.863095283508301,-0.03100299835205078,-0.0766911506652832,0.04568815231323242,-4.83261251449585
pair_0052_sad,pair_0052,14,01,01,01,sad,pair_0052_happy,1,direct_cumulative_18_21,audio_v_edge,"[18, 19, 20, 21]",-4.786404132843018,-4.817407131195068,-4.850222110748291,-0.03100299835205078,-0.06381797790527344,0.032814979553222656,-4.83261251449585
pair_0052_sad,pair_0052,14,01,01,01,sad,pair_0052_happy,1,direct_cumulative_18_22,audio_v_edge,"[18, 19, 20, 21, 22]",-4.786404132843018,-4.817407131195068,-4.829593658447266,-0.03100299835205078,-0.04318952560424805,0.012186527252197266,-4.83261251449585
pair_0052_sad,pair_0052,14,01,01,01,sad,pair_0052_happy,1,direct_cumulative_18_23,audio_v_edge,"[18, 19, 20, 21, 22, 23]",-4.786404132843018,-4.817407131195068,-4.83261251449585,-0.03100299835205078,-0.04620838165283203,0.01520538330078125,-4.83261251449585
pair_0053_happy,pair_0053,14,01,02,01,happy,pair_0053_sad,-1,direct_block_18,audio_v_edge,[18],-4.112044811248779,-4.207479476928711,-4.103801250457764,0.09543466567993164,-0.008243560791015625,0.10367822647094727,-4.068620204925537
pair_0053_happy,pair_0053,14,01,02,01,happy,pair_0053_sad,-1,direct_block_19,audio_v_edge,[19],-4.112044811248779,-4.207479476928711,-4.18966817855835,0.09543466567993164,0.07762336730957031,0.017811298370361328,-4.068620204925537
pair_0053_happy,pair_0053,14,01,02,01,happy,pair_0053_sad,-1,direct_block_20,audio_v_edge,[20],-4.112044811248779,-4.207479476928711,-4.188264846801758,0.09543466567993164,0.07622003555297852,0.019214630126953125,-4.068620204925537
pair_0053_happy,pair_0053,14,01,02,01,happy,pair_0053_sad,-1,direct_block_21,audio_v_edge,[21],-4.112044811248779,-4.207479476928711,-4.300817966461182,0.09543466567993164,0.18877315521240234,-0.0933384895324707,-4.068620204925537
pair_0053_happy,pair_0053,14,01,02,01,happy,pair_0053_sad,-1,direct_block_22,audio_v_edge,[22],-4.112044811248779,-4.207479476928711,-4.145713806152344,0.09543466567993164,0.03366899490356445,0.06176567077636719,-4.068620204925537
pair_0053_happy,pair_0053,14,01,02,01,happy,pair_0053_sad,-1,direct_block_23,audio_v_edge,[23],-4.112044811248779,-4.207479476928711,-4.17645788192749,0.09543466567993164,0.06441307067871094,0.031021595001220703,-4.068620204925537
pair_0053_happy,pair_0053,14,01,02,01,happy,pair_0053_sad,-1,direct_cumulative_18_19,audio_v_edge,"[18, 19]",-4.112044811248779,-4.207479476928711,-4.0859904289245605,0.09543466567993164,-0.02605438232421875,0.12148904800415039,-4.068620204925537
pair_0053_happy,pair_0053,14,01,02,01,happy,pair_0053_sad,-1,direct_cumulative_18_20,audio_v_edge,"[18, 19, 20]",-4.112044811248779,-4.207479476928711,-4.067929267883301,0.09543466567993164,-0.044115543365478516,0.13955020904541016,-4.068620204925537
pair_0053_happy,pair_0053,14,01,02,01,happy,pair_0053_sad,-1,direct_cumulative_18_21,audio_v_edge,"[18, 19, 20, 21]",-4.112044811248779,-4.207479476928711,-4.162731170654297,0.09543466567993164,0.05068635940551758,0.04474830627441406,-4.068620204925537
pair_0053_happy,pair_0053,14,01,02,01,happy,pair_0053_sad,-1,direct_cumulative_18_22,audio_v_edge,"[18, 19, 20, 21, 22]",-4.112044811248779,-4.207479476928711,-4.1008710861206055,0.09543466567993164,-0.011173725128173828,0.10660839080810547,-4.068620204925537
pair_0053_happy,pair_0053,14,01,02,01,happy,pair_0053_sad,-1,direct_cumulative_18_23,audio_v_edge,"[18, 19, 20, 21, 22, 23]",-4.112044811248779,-4.207479476928711,-4.068620204925537,0.09543466567993164,-0.04342460632324219,0.13885927200317383,-4.068620204925537
pair_0053_sad,pair_0053,14,01,02,01,sad,pair_0053_happy,1,direct_block_18,audio_v_edge,[18],-4.676085948944092,-4.569714546203613,-4.68670129776001,0.10637140274047852,-0.010615348815917969,0.11698675155639648,-4.731095790863037
pair_0053_sad,pair_0053,14,01,02,01,sad,pair_0053_happy,1,direct_block_19,audio_v_edge,[19],-4.676085948944092,-4.569714546203613,-4.576807022094727,0.10637140274047852,0.09927892684936523,0.007092475891113281,-4.731095790863037
pair_0053_sad,pair_0053,14,01,02,01,sad,pair_0053_happy,1,direct_block_20,audio_v_edge,[20],-4.676085948944092,-4.569714546203613,-4.595615386962891,0.10637140274047852,0.08047056198120117,0.025900840759277344,-4.731095790863037
pair_0053_sad,pair_0053,14,01,02,01,sad,pair_0053_happy,1,direct_block_21,audio_v_edge,[21],-4.676085948944092,-4.569714546203613,-4.517519950866699,0.10637140274047852,0.15856599807739258,-0.05219459533691406,-4.731095790863037
pair_0053_sad,pair_0053,14,01,02,01,sad,pair_0053_happy,1,direct_block_22,audio_v_edge,[22],-4.676085948944092,-4.569714546203613,-4.6092963218688965,0.10637140274047852,0.06678962707519531,0.0395817756652832,-4.731095790863037
pair_0053_sad,pair_0053,14,01,02,01,sad,pair_0053_happy,1,direct_block_23,audio_v_edge,[23],-4.676085948944092,-4.569714546203613,-4.592646598815918,0.10637140274047852,0.08343935012817383,0.022932052612304688,-4.731095790863037
pair_0053_sad,pair_0053,14,01,02,01,sad,pair_0053_happy,1,direct_cumulative_18_19,audio_v_edge,"[18, 19]",-4.676085948944092,-4.569714546203613,-4.693708419799805,0.10637140274047852,-0.01762247085571289,0.1239938735961914,-4.731095790863037
pair_0053_sad,pair_0053,14,01,02,01,sad,pair_0053_happy,1,direct_cumulative_18_20,audio_v_edge,"[18, 19, 20]",-4.676085948944092,-4.569714546203613,-4.720099449157715,0.10637140274047852,-0.04401350021362305,0.15038490295410156,-4.731095790863037
pair_0053_sad,pair_0053,14,01,02,01,sad,pair_0053_happy,1,direct_cumulative_18_21,audio_v_edge,"[18, 19, 20, 21]",-4.676085948944092,-4.569714546203613,-4.668024063110352,0.10637140274047852,0.008061885833740234,0.09830951690673828,-4.731095790863037
pair_0053_sad,pair_0053,14,01,02,01,sad,pair_0053_happy,1,direct_cumulative_18_22,audio_v_edge,"[18, 19, 20, 21, 22]",-4.676085948944092,-4.569714546203613,-4.708730697631836,0.10637140274047852,-0.03264474868774414,0.13901615142822266,-4.731095790863037
pair_0053_sad,pair_0053,14,01,02,01,sad,pair_0053_happy,1,direct_cumulative_18_23,audio_v_edge,"[18, 19, 20, 21, 22, 23]",-4.676085948944092,-4.569714546203613,-4.731095790863037,0.10637140274047852,-0.05500984191894531,0.16138124465942383,-4.731095790863037
pair_0054_happy,pair_0054,14,02,01,01,happy,pair_0054_sad,-1,direct_block_18,audio_v_edge,[18],-3.5748958587646484,-3.6116995811462402,-3.5879592895507812,0.0368037223815918,0.013063430786132812,0.023740291595458984,-3.458961009979248
pair_0054_happy,pair_0054,14,02,01,01,happy,pair_0054_sad,-1,direct_block_19,audio_v_edge,[19],-3.5748958587646484,-3.6116995811462402,-3.545689105987549,0.0368037223815918,-0.02920675277709961,0.0660104751586914,-3.458961009979248
pair_0054_happy,pair_0054,14,02,01,01,happy,pair_0054_sad,-1,direct_block_20,audio_v_edge,[20],-3.5748958587646484,-3.6116995811462402,-3.6382970809936523,0.0368037223815918,0.0634012222290039,-0.02659749984741211,-3.458961009979248
pair_0054_happy,pair_0054,14,02,01,01,happy,pair_0054_sad,-1,direct_block_21,audio_v_edge,[21],-3.5748958587646484,-3.6116995811462402,-3.671104669570923,0.0368037223815918,0.09620881080627441,-0.05940508842468262,-3.458961009979248
pair_0054_happy,pair_0054,14,02,01,01,happy,pair_0054_sad,-1,direct_block_22,audio_v_edge,[22],-3.5748958587646484,-3.6116995811462402,-3.5127177238464355,0.0368037223815918,-0.06217813491821289,0.09898185729980469,-3.458961009979248
pair_0054_happy,pair_0054,14,02,01,01,happy,pair_0054_sad,-1,direct_block_23,audio_v_edge,[23],-3.5748958587646484,-3.6116995811462402,-3.551868438720703,0.0368037223815918,-0.023027420043945312,0.05983114242553711,-3.458961009979248
pair_0054_happy,pair_0054,14,02,01,01,happy,pair_0054_sad,-1,direct_cumulative_18_19,audio_v_edge,"[18, 19]",-3.5748958587646484,-3.6116995811462402,-3.526299238204956,0.0368037223815918,-0.04859662055969238,0.08540034294128418,-3.458961009979248
pair_0054_happy,pair_0054,14,02,01,01,happy,pair_0054_sad,-1,direct_cumulative_18_20,audio_v_edge,"[18, 19, 20]",-3.5748958587646484,-3.6116995811462402,-3.5548219680786133,0.0368037223815918,-0.020073890686035156,0.05687761306762695,-3.458961009979248
pair_0054_happy,pair_0054,14,02,01,01,happy,pair_0054_sad,-1,direct_cumulative_18_21,audio_v_edge,"[18, 19, 20, 21]",-3.5748958587646484,-3.6116995811462402,-3.6104178428649902,0.0368037223815918,0.0355219841003418,0.00128173828125,-3.458961009979248
pair_0054_happy,pair_0054,14,02,01,01,happy,pair_0054_sad,-1,direct_cumulative_18_22,audio_v_edge,"[18, 19, 20, 21, 22]",-3.5748958587646484,-3.6116995811462402,-3.517526626586914,0.0368037223815918,-0.057369232177734375,0.09417295455932617,-3.458961009979248
pair_0054_happy,pair_0054,14,02,01,01,happy,pair_0054_sad,-1,direct_cumulative_18_23,audio_v_edge,"[18, 19, 20, 21, 22, 23]",-3.5748958587646484,-3.6116995811462402,-3.458961009979248,0.0368037223815918,-0.11593484878540039,0.1527385711669922,-3.458961009979248
pair_0054_sad,pair_0054,14,02,01,01,sad,pair_0054_happy,1,direct_block_18,audio_v_edge,[18],-3.768885374069214,-3.7494192123413086,-3.829657554626465,0.019466161727905273,-0.06077218055725098,0.08023834228515625,-3.89802622795105
pair_0054_sad,pair_0054,14,02,01,01,sad,pair_0054_happy,1,direct_block_19,audio_v_edge,[19],-3.768885374069214,-3.7494192123413086,-3.81068754196167,0.019466161727905273,-0.041802167892456055,0.06126832962036133,-3.89802622795105
pair_0054_sad,pair_0054,14,02,01,01,sad,pair_0054_happy,1,direct_block_20,audio_v_edge,[20],-3.768885374069214,-3.7494192123413086,-3.783151149749756,0.019466161727905273,-0.014265775680541992,0.033731937408447266,-3.89802622795105
pair_0054_sad,pair_0054,14,02,01,01,sad,pair_0054_happy,1,direct_block_21,audio_v_edge,[21],-3.768885374069214,-3.7494192123413086,-3.693920612335205,0.019466161727905273,0.07496476173400879,-0.055498600006103516,-3.89802622795105
pair_0054_sad,pair_0054,14,02,01,01,sad,pair_0054_happy,1,direct_block_22,audio_v_edge,[22],-3.768885374069214,-3.7494192123413086,-3.679359197616577,0.019466161727905273,0.08952617645263672,-0.07006001472473145,-3.89802622795105
pair_0054_sad,pair_0054,14,02,01,01,sad,pair_0054_happy,1,direct_block_23,audio_v_edge,[23],-3.768885374069214,-3.7494192123413086,-3.8513262271881104,0.019466161727905273,-0.08244085311889648,0.10190701484680176,-3.89802622795105
pair_0054_sad,pair_0054,14,02,01,01,sad,pair_0054_happy,1,direct_cumulative_18_19,audio_v_edge,"[18, 19]",-3.768885374069214,-3.7494192123413086,-3.888453245162964,0.019466161727905273,-0.11956787109375,0.13903403282165527,-3.89802622795105
pair_0054_sad,pair_0054,14,02,01,01,sad,pair_0054_happy,1,direct_cumulative_18_20,audio_v_edge,"[18, 19, 20]",-3.768885374069214,-3.7494192123413086,-3.924253463745117,0.019466161727905273,-0.15536808967590332,0.1748342514038086,-3.89802622795105
pair_0054_sad,pair_0054,14,02,01,01,sad,pair_0054_happy,1,direct_cumulative_18_21,audio_v_edge,"[18, 19, 20, 21]",-3.768885374069214,-3.7494192123413086,-3.8707315921783447,0.019466161727905273,-0.10184621810913086,0.12131237983703613,-3.89802622795105
pair_0054_sad,pair_0054,14,02,01,01,sad,pair_0054_happy,1,direct_cumulative_18_22,audio_v_edge,"[18, 19, 20, 21, 22]",-3.768885374069214,-3.7494192123413086,-3.794617176055908,0.019466161727905273,-0.025731801986694336,0.04519796371459961,-3.89802622795105
pair_0054_sad,pair_0054,14,02,01,01,sad,pair_0054_happy,1,direct_cumulative_18_23,audio_v_edge,"[18, 19, 20, 21, 22, 23]",-3.768885374069214,-3.7494192123413086,-3.89802622795105,0.019466161727905273,-0.12914085388183594,0.1486070156097412,-3.89802622795105
pair_0055_happy,pair_0055,14,02,02,01,happy,pair_0055_sad,-1,direct_block_18,audio_v_edge,[18],-3.3426270484924316,-3.5281014442443848,-3.529433250427246,0.18547439575195312,0.18680620193481445,-0.0013318061828613281,-3.2260425090789795
pair_0055_happy,pair_0055,14,02,02,01,happy,pair_0055_sad,-1,direct_block_19,audio_v_edge,[19],-3.3426270484924316,-3.5281014442443848,-3.3594794273376465,0.18547439575195312,0.016852378845214844,0.16862201690673828,-3.2260425090789795
pair_0055_happy,pair_0055,14,02,02,01,happy,pair_0055_sad,-1,direct_block_20,audio_v_edge,[20],-3.3426270484924316,-3.5281014442443848,-3.5354321002960205,0.18547439575195312,0.19280505180358887,-0.007330656051635742,-3.2260425090789795
pair_0055_happy,pair_0055,14,02,02,01,happy,pair_0055_sad,-1,direct_block_21,audio_v_edge,[21],-3.3426270484924316,-3.5281014442443848,-3.472081422805786,0.18547439575195312,0.1294543743133545,0.05602002143859863,-3.2260425090789795
pair_0055_happy,pair_0055,14,02,02,01,happy,pair_0055_sad,-1,direct_block_22,audio_v_edge,[22],-3.3426270484924316,-3.5281014442443848,-3.469074249267578,0.18547439575195312,0.12644720077514648,0.05902719497680664,-3.2260425090789795
pair_0055_happy,pair_0055,14,02,02,01,happy,pair_0055_sad,-1,direct_block_23,audio_v_edge,[23],-3.3426270484924316,-3.5281014442443848,-3.482194185256958,0.18547439575195312,0.13956713676452637,0.04590725898742676,-3.2260425090789795
pair_0055_happy,pair_0055,14,02,02,01,happy,pair_0055_sad,-1,direct_cumulative_18_19,audio_v_edge,"[18, 19]",-3.3426270484924316,-3.5281014442443848,-3.3675966262817383,0.18547439575195312,0.02496957778930664,0.16050481796264648,-3.2260425090789795
pair_0055_happy,pair_0055,14,02,02,01,happy,pair_0055_sad,-1,direct_cumulative_18_20,audio_v_edge,"[18, 19, 20]",-3.3426270484924316,-3.5281014442443848,-3.375441074371338,0.18547439575195312,0.03281402587890625,0.15266036987304688,-3.2260425090789795
pair_0055_happy,pair_0055,14,02,02,01,happy,pair_0055_sad,-1,direct_cumulative_18_21,audio_v_edge,"[18, 19, 20, 21]",-3.3426270484924316,-3.5281014442443848,-3.322812080383301,0.18547439575195312,-0.01981496810913086,0.20528936386108398,-3.2260425090789795
pair_0055_happy,pair_0055,14,02,02,01,happy,pair_0055_sad,-1,direct_cumulative_18_22,audio_v_edge,"[18, 19, 20, 21, 22]",-3.3426270484924316,-3.5281014442443848,-3.270966053009033,0.18547439575195312,-0.07166099548339844,0.25713539123535156,-3.2260425090789795
pair_0055_happy,pair_0055,14,02,02,01,happy,pair_0055_sad,-1,direct_cumulative_18_23,audio_v_edge,"[18, 19, 20, 21, 22, 23]",-3.3426270484924316,-3.5281014442443848,-3.2260425090789795,0.18547439575195312,-0.11658453941345215,0.3020589351654053,-3.2260425090789795
pair_0055_sad,pair_0055,14,02,02,01,sad,pair_0055_happy,1,direct_block_18,audio_v_edge,[18],-3.8608345985412598,-3.674555778503418,-3.711580514907837,0.1862788200378418,0.14925408363342285,0.037024736404418945,-3.8568708896636963
pair_0055_sad,pair_0055,14,02,02,01,sad,pair_0055_happy,1,direct_block_19,audio_v_edge,[19],-3.8608345985412598,-3.674555778503418,-3.8308753967285156,0.1862788200378418,0.02995920181274414,0.15631961822509766,-3.8568708896636963
pair_0055_sad,pair_0055,14,02,02,01,sad,pair_0055_happy,1,direct_block_20,audio_v_edge,[20],-3.8608345985412598,-3.674555778503418,-3.690366268157959,0.1862788200378418,0.17046833038330078,0.015810489654541016,-3.8568708896636963
pair_0055_sad,pair_0055,14,02,02,01,sad,pair_0055_happy,1,direct_block_21,audio_v_edge,[21],-3.8608345985412598,-3.674555778503418,-3.691467046737671,0.1862788200378418,0.16936755180358887,0.01691126823425293,-3.8568708896636963
pair_0055_sad,pair_0055,14,02,02,01,sad,pair_0055_happy,1,direct_block_22,audio_v_edge,[22],-3.8608345985412598,-3.674555778503418,-3.5875744819641113,0.1862788200378418,0.27326011657714844,-0.08698129653930664,-3.8568708896636963
pair_0055_sad,pair_0055,14,02,02,01,sad,pair_0055_happy,1,direct_block_23,audio_v_edge,[23],-3.8608345985412598,-3.674555778503418,-3.7112889289855957,0.1862788200378418,0.14954566955566406,0.036733150482177734,-3.8568708896636963
pair_0055_sad,pair_0055,14,02,02,01,sad,pair_0055_happy,1,direct_cumulative_18_19,audio_v_edge,"[18, 19]",-3.8608345985412598,-3.674555778503418,-3.870171070098877,0.1862788200378418,-0.009336471557617188,0.19561529159545898,-3.8568708896636963
pair_0055_sad,pair_0055,14,02,02,01,sad,pair_0055_happy,1,direct_cumulative_18_20,audio_v_edge,"[18, 19, 20]",-3.8608345985412598,-3.674555778503418,-3.884770631790161,0.1862788200378418,-0.023936033248901367,0.21021485328674316,-3.8568708896636963
pair_0055_sad,pair_0055,14,02,02,01,sad,pair_0055_happy,1,direct_cumulative_18_21,audio_v_edge,"[18, 19, 20, 21]",-3.8608345985412598,-3.674555778503418,-3.902656078338623,0.1862788200378418,-0.04182147979736328,0.22810029983520508,-3.8568708896636963
pair_0055_sad,pair_0055,14,02,02,01,sad,pair_0055_happy,1,direct_cumulative_18_22,audio_v_edge,"[18, 19, 20, 21, 22]",-3.8608345985412598,-3.674555778503418,-3.8199281692504883,0.1862788200378418,0.040906429290771484,0.1453723907470703,-3.8568708896636963
pair_0055_sad,pair_0055,14,02,02,01,sad,pair_0055_happy,1,direct_cumulative_18_23,audio_v_edge,"[18, 19, 20, 21, 22, 23]",-3.8608345985412598,-3.674555778503418,-3.8568708896636963,0.1862788200378418,0.0039637088775634766,0.18231511116027832,-3.8568708896636963
pair_0056_happy,pair_0056,15,01,01,01,happy,pair_0056_sad,-1,direct_block_18,audio_v_edge,[18],-4.230840682983398,-4.03121280670166,-4.137362957000732,-0.19962787628173828,-0.09347772598266602,-0.10615015029907227,-4.113583564758301
pair_0056_happy,pair_0056,15,01,01,01,happy,pair_0056_sad,-1,direct_block_19,audio_v_edge,[19],-4.230840682983398,-4.03121280670166,-4.041093349456787,-0.19962787628173828,-0.18974733352661133,-0.009880542755126953,-4.113583564758301
pair_0056_happy,pair_0056,15,01,01,01,happy,pair_0056_sad,-1,direct_block_20,audio_v_edge,[20],-4.230840682983398,-4.03121280670166,-4.100836277008057,-0.19962787628173828,-0.1300044059753418,-0.06962347030639648,-4.113583564758301
pair_0056_happy,pair_0056,15,01,01,01,happy,pair_0056_sad,-1,direct_block_21,audio_v_edge,[21],-4.230840682983398,-4.03121280670166,-4.034136772155762,-0.19962787628173828,-0.19670391082763672,-0.0029239654541015625,-4.113583564758301
pair_0056_happy,pair_0056,15,01,01,01,happy,pair_0056_sad,-1,direct_block_22,audio_v_edge,[22],-4.230840682983398,-4.03121280670166,-3.947779417037964,-0.19962787628173828,-0.28306126594543457,0.08343338966369629,-4.113583564758301
pair_0056_happy,pair_0056,15,01,01,01,happy,pair_0056_sad,-1,direct_block_23,audio_v_edge,[23],-4.230840682983398,-4.03121280670166,-4.009274959564209,-0.19962787628173828,-0.22156572341918945,0.021937847137451172,-4.113583564758301
pair_0056_happy,pair_0056,15,01,01,01,happy,pair_0056_sad,-1,direct_cumulative_18_19,audio_v_edge,"[18, 19]",-4.230840682983398,-4.03121280670166,-4.146446228027344,-0.19962787628173828,-0.08439445495605469,-0.1152334213256836,-4.113583564758301
pair_0056_happy,pair_0056,15,01,01,01,happy,pair_0056_sad,-1,direct_cumulative_18_20,audio_v_edge,"[18, 19, 20]",-4.230840682983398,-4.03121280670166,-4.2175211906433105,-0.19962787628173828,-0.01331949234008789,-0.1863083839416504,-4.113583564758301
pair_0056_happy,pair_0056,15,01,01,01,happy,pair_0056_sad,-1,direct_cumulative_18_21,audio_v_edge,"[18, 19, 20, 21]",-4.230840682983398,-4.03121280670166,-4.21935510635376,-0.19962787628173828,-0.011485576629638672,-0.1881422996520996,-4.113583564758301
pair_0056_happy,pair_0056,15,01,01,01,happy,pair_0056_sad,-1,direct_cumulative_18_22,audio_v_edge,"[18, 19, 20, 21, 22]",-4.230840682983398,-4.03121280670166,-4.134990215301514,-0.19962787628173828,-0.09585046768188477,-0.10377740859985352,-4.113583564758301
pair_0056_happy,pair_0056,15,01,01,01,happy,pair_0056_sad,-1,direct_cumulative_18_23,audio_v_edge,"[18, 19, 20, 21, 22, 23]",-4.230840682983398,-4.03121280670166,-4.113583564758301,-0.19962787628173828,-0.11725711822509766,-0.08237075805664062,-4.113583564758301
pair_0056_sad,pair_0056,15,01,01,01,sad,pair_0056_happy,1,direct_block_18,audio_v_edge,[18],-3.936347484588623,-4.121422290802002,-4.0562615394592285,-0.1850748062133789,-0.11991405487060547,-0.06516075134277344,-3.9706387519836426
pair_0056_sad,pair_0056,15,01,01,01,sad,pair_0056_happy,1,direct_block_19,audio_v_edge,[19],-3.936347484588623,-4.121422290802002,-4.098189353942871,-0.1850748062133789,-0.16184186935424805,-0.02323293685913086,-3.9706387519836426
pair_0056_sad,pair_0056,15,01,01,01,sad,pair_0056_happy,1,direct_block_20,audio_v_edge,[20],-3.936347484588623,-4.121422290802002,-4.084931373596191,-0.1850748062133789,-0.14858388900756836,-0.03649091720581055,-3.9706387519836426
pair_0056_sad,pair_0056,15,01,01,01,sad,pair_0056_happy,1,direct_block_21,audio_v_edge,[21],-3.936347484588623,-4.121422290802002,-4.053780555725098,-0.1850748062133789,-0.11743307113647461,-0.0676417350769043,-3.9706387519836426
pair_0056_sad,pair_0056,15,01,01,01,sad,pair_0056_happy,1,direct_block_22,audio_v_edge,[22],-3.936347484588623,-4.121422290802002,-4.146659851074219,-0.1850748062133789,-0.2103123664855957,0.025237560272216797,-3.9706387519836426
pair_0056_sad,pair_0056,15,01,01,01,sad,pair_0056_happy,1,direct_block_23,audio_v_edge,[23],-3.936347484588623,-4.121422290802002,-4.1347246170043945,-0.1850748062133789,-0.19837713241577148,0.013302326202392578,-3.9706387519836426
pair_0056_sad,pair_0056,15,01,01,01,sad,pair_0056_happy,1,direct_cumulative_18_19,audio_v_edge,"[18, 19]",-3.936347484588623,-4.121422290802002,-4.033029556274414,-0.1850748062133789,-0.09668207168579102,-0.08839273452758789,-3.9706387519836426
pair_0056_sad,pair_0056,15,01,01,01,sad,pair_0056_happy,1,direct_cumulative_18_20,audio_v_edge,"[18, 19, 20]",-3.936347484588623,-4.121422290802002,-3.995699405670166,-0.1850748062133789,-0.05935192108154297,-0.12572288513183594,-3.9706387519836426
pair_0056_sad,pair_0056,15,01,01,01,sad,pair_0056_happy,1,direct_cumulative_18_21,audio_v_edge,"[18, 19, 20, 21]",-3.936347484588623,-4.121422290802002,-3.92927885055542,-0.1850748062133789,0.007068634033203125,-0.19214344024658203,-3.9706387519836426
pair_0056_sad,pair_0056,15,01,01,01,sad,pair_0056_happy,1,direct_cumulative_18_22,audio_v_edge,"[18, 19, 20, 21, 22]",-3.936347484588623,-4.121422290802002,-3.9564669132232666,-0.1850748062133789,-0.020119428634643555,-0.16495537757873535,-3.9706387519836426
pair_0056_sad,pair_0056,15,01,01,01,sad,pair_0056_happy,1,direct_cumulative_18_23,audio_v_edge,"[18, 19, 20, 21, 22, 23]",-3.936347484588623,-4.121422290802002,-3.9706387519836426,-0.1850748062133789,-0.03429126739501953,-0.15078353881835938,-3.9706387519836426
pair_0057_happy,pair_0057,15,01,02,01,happy,pair_0057_sad,-1,direct_block_18,audio_v_edge,[18],-4.441137313842773,-4.458919048309326,-4.410940170288086,0.017781734466552734,-0.0301971435546875,0.047978878021240234,-4.424574851989746
pair_0057_happy,pair_0057,15,01,02,01,happy,pair_0057_sad,-1,direct_block_19,audio_v_edge,[19],-4.441137313842773,-4.458919048309326,-4.433441162109375,0.017781734466552734,-0.0076961517333984375,0.025477886199951172,-4.424574851989746
pair_0057_happy,pair_0057,15,01,02,01,happy,pair_0057_sad,-1,direct_block_20,audio_v_edge,[20],-4.441137313842773,-4.458919048309326,-4.472676753997803,0.017781734466552734,0.0315394401550293,-0.013757705688476562,-4.424574851989746
pair_0057_happy,pair_0057,15,01,02,01,happy,pair_0057_sad,-1,direct_block_21,audio_v_edge,[21],-4.441137313842773,-4.458919048309326,-4.497914791107178,0.017781734466552734,0.0567774772644043,-0.03899574279785156,-4.424574851989746
pair_0057_happy,pair_0057,15,01,02,01,happy,pair_0057_sad,-1,direct_block_22,audio_v_edge,[22],-4.441137313842773,-4.458919048309326,-4.4488935470581055,0.017781734466552734,0.007756233215332031,0.010025501251220703,-4.424574851989746
pair_0057_happy,pair_0057,15,01,02,01,happy,pair_0057_sad,-1,direct_block_23,audio_v_edge,[23],-4.441137313842773,-4.458919048309326,-4.455482006072998,0.017781734466552734,0.01434469223022461,0.003437042236328125,-4.424574851989746
pair_0057_happy,pair_0057,15,01,02,01,happy,pair_0057_sad,-1,direct_cumulative_18_19,audio_v_edge,"[18, 19]",-4.441137313842773,-4.458919048309326,-4.386369705200195,0.017781734466552734,-0.054767608642578125,0.07254934310913086,-4.424574851989746
pair_0057_happy,pair_0057,15,01,02,01,happy,pair_0057_sad,-1,direct_cumulative_18_20,audio_v_edge,"[18, 19, 20]",-4.441137313842773,-4.458919048309326,-4.399728775024414,0.017781734466552734,-0.041408538818359375,0.05919027328491211,-4.424574851989746
pair_0057_happy,pair_0057,15,01,02,01,happy,pair_0057_sad,-1,direct_cumulative_18_21,audio_v_edge,"[18, 19, 20, 21]",-4.441137313842773,-4.458919048309326,-4.43840217590332,0.017781734466552734,-0.002735137939453125,0.02051687240600586,-4.424574851989746
pair_0057_happy,pair_0057,15,01,02,01,happy,pair_0057_sad,-1,direct_cumulative_18_22,audio_v_edge,"[18, 19, 20, 21, 22]",-4.441137313842773,-4.458919048309326,-4.428169250488281,0.017781734466552734,-0.012968063354492188,0.030749797821044922,-4.424574851989746
pair_0057_happy,pair_0057,15,01,02,01,happy,pair_0057_sad,-1,direct_cumulative_18_23,audio_v_edge,"[18, 19, 20, 21, 22, 23]",-4.441137313842773,-4.458919048309326,-4.424574851989746,0.017781734466552734,-0.016562461853027344,0.03434419631958008,-4.424574851989746
pair_0057_sad,pair_0057,15,01,02,01,sad,pair_0057_happy,1,direct_block_18,audio_v_edge,[18],-4.258543014526367,-4.245214462280273,-4.295938014984131,0.01332855224609375,-0.03739500045776367,0.05072355270385742,-4.34576416015625
pair_0057_sad,pair_0057,15,01,02,01,sad,pair_0057_happy,1,direct_block_19,audio_v_edge,[19],-4.258543014526367,-4.245214462280273,-4.271556854248047,0.01332855224609375,-0.013013839721679688,0.026342391967773438,-4.34576416015625
pair_0057_sad,pair_0057,15,01,02,01,sad,pair_0057_happy,1,direct_block_20,audio_v_edge,[20],-4.258543014526367,-4.245214462280273,-4.239175796508789,0.01332855224609375,0.019367218017578125,-0.006038665771484375,-4.34576416015625
pair_0057_sad,pair_0057,15,01,02,01,sad,pair_0057_happy,1,direct_block_21,audio_v_edge,[21],-4.258543014526367,-4.245214462280273,-4.179279327392578,0.01332855224609375,0.07926368713378906,-0.06593513488769531,-4.34576416015625
pair_0057_sad,pair_0057,15,01,02,01,sad,pair_0057_happy,1,direct_block_22,audio_v_edge,[22],-4.258543014526367,-4.245214462280273,-4.339422225952148,0.01332855224609375,-0.08087921142578125,0.094207763671875,-4.34576416015625
pair_0057_sad,pair_0057,15,01,02,01,sad,pair_0057_happy,1,direct_block_23,audio_v_edge,[23],-4.258543014526367,-4.245214462280273,-4.244852066040039,0.01332855224609375,0.013690948486328125,-0.000362396240234375,-4.34576416015625
pair_0057_sad,pair_0057,15,01,02,01,sad,pair_0057_happy,1,direct_cumulative_18_19,audio_v_edge,"[18, 19]",-4.258543014526367,-4.245214462280273,-4.322185516357422,0.01332855224609375,-0.06364250183105469,0.07697105407714844,-4.34576416015625
pair_0057_sad,pair_0057,15,01,02,01,sad,pair_0057_happy,1,direct_cumulative_18_20,audio_v_edge,"[18, 19, 20]",-4.258543014526367,-4.245214462280273,-4.315454959869385,0.01332855224609375,-0.05691194534301758,0.07024049758911133,-4.34576416015625
pair_0057_sad,pair_0057,15,01,02,01,sad,pair_0057_happy,1,direct_cumulative_18_21,audio_v_edge,"[18, 19, 20, 21]",-4.258543014526367,-4.245214462280273,-4.248922348022461,0.01332855224609375,0.00962066650390625,0.0037078857421875,-4.34576416015625
pair_0057_sad,pair_0057,15,01,02,01,sad,pair_0057_happy,1,direct_cumulative_18_22,audio_v_edge,"[18, 19, 20, 21, 22]",-4.258543014526367,-4.245214462280273,-4.346045017242432,0.01332855224609375,-0.08750200271606445,0.1008305549621582,-4.34576416015625
pair_0057_sad,pair_0057,15,01,02,01,sad,pair_0057_happy,1,direct_cumulative_18_23,audio_v_edge,"[18, 19, 20, 21, 22, 23]",-4.258543014526367,-4.245214462280273,-4.34576416015625,0.01332855224609375,-0.08722114562988281,0.10054969787597656,-4.34576416015625
pair_0058_happy,pair_0058,15,02,01,01,happy,pair_0058_sad,-1,direct_block_18,audio_v_edge,[18],-3.800013780593872,-3.7979488372802734,-3.8041608333587646,-0.002064943313598633,0.004147052764892578,-0.006211996078491211,-3.795041561126709
pair_0058_happy,pair_0058,15,02,01,01,happy,pair_0058_sad,-1,direct_block_19,audio_v_edge,[19],-3.800013780593872,-3.7979488372802734,-3.837338924407959,-0.002064943313598633,0.037325143814086914,-0.03939008712768555,-3.795041561126709
pair_0058_happy,pair_0058,15,02,01,01,happy,pair_0058_sad,-1,direct_block_20,audio_v_edge,[20],-3.800013780593872,-3.7979488372802734,-3.769047737121582,-0.002064943313598633,-0.03096604347229004,0.028901100158691406,-3.795041561126709
pair_0058_happy,pair_0058,15,02,01,01,happy,pair_0058_sad,-1,direct_block_21,audio_v_edge,[21],-3.800013780593872,-3.7979488372802734,-3.760734796524048,-0.002064943313598633,-0.03927898406982422,0.037214040756225586,-3.795041561126709
pair_0058_happy,pair_0058,15,02,01,01,happy,pair_0058_sad,-1,direct_block_22,audio_v_edge,[22],-3.800013780593872,-3.7979488372802734,-3.7969515323638916,-0.002064943313598633,-0.0030622482299804688,0.000997304916381836,-3.795041561126709
pair_0058_happy,pair_0058,15,02,01,01,happy,pair_0058_sad,-1,direct_block_23,audio_v_edge,[23],-3.800013780593872,-3.7979488372802734,-3.8169445991516113,-0.002064943313598633,0.016930818557739258,-0.01899576187133789,-3.795041561126709
pair_0058_happy,pair_0058,15,02,01,01,happy,pair_0058_sad,-1,direct_cumulative_18_19,audio_v_edge,"[18, 19]",-3.800013780593872,-3.7979488372802734,-3.8440866470336914,-0.002064943313598633,0.044072866439819336,-0.04613780975341797,-3.795041561126709
pair_0058_happy,pair_0058,15,02,01,01,happy,pair_0058_sad,-1,direct_cumulative_18_20,audio_v_edge,"[18, 19, 20]",-3.800013780593872,-3.7979488372802734,-3.814913511276245,-0.002064943313598633,0.014899730682373047,-0.01696467399597168,-3.795041561126709
pair_0058_happy,pair_0058,15,02,01,01,happy,pair_0058_sad,-1,direct_cumulative_18_21,audio_v_edge,"[18, 19, 20, 21]",-3.800013780593872,-3.7979488372802734,-3.778200626373291,-0.002064943313598633,-0.021813154220581055,0.019748210906982422,-3.795041561126709
pair_0058_happy,pair_0058,15,02,01,01,happy,pair_0058_sad,-1,direct_cumulative_18_22,audio_v_edge,"[18, 19, 20, 21, 22]",-3.800013780593872,-3.7979488372802734,-3.7762434482574463,-0.002064943313598633,-0.02377033233642578,0.02170538902282715,-3.795041561126709
pair_0058_happy,pair_0058,15,02,01,01,happy,pair_0058_sad,-1,direct_cumulative_18_23,audio_v_edge,"[18, 19, 20, 21, 22, 23]",-3.800013780593872,-3.7979488372802734,-3.795041561126709,-0.002064943313598633,-0.004972219467163086,0.002907276153564453,-3.795041561126709
pair_0058_sad,pair_0058,15,02,01,01,sad,pair_0058_happy,1,direct_block_18,audio_v_edge,[18],-3.390519142150879,-3.3902595043182373,-3.3577585220336914,0.00025963783264160156,0.0327606201171875,-0.0325009822845459,-3.3489928245544434
pair_0058_sad,pair_0058,15,02,01,01,sad,pair_0058_happy,1,direct_block_19,audio_v_edge,[19],-3.390519142150879,-3.3902595043182373,-3.338239908218384,0.00025963783264160156,0.05227923393249512,-0.052019596099853516,-3.3489928245544434
pair_0058_sad,pair_0058,15,02,01,01,sad,pair_0058_happy,1,direct_block_20,audio_v_edge,[20],-3.390519142150879,-3.3902595043182373,-3.4160537719726562,0.00025963783264160156,-0.025534629821777344,0.025794267654418945,-3.3489928245544434
pair_0058_sad,pair_0058,15,02,01,01,sad,pair_0058_happy,1,direct_block_21,audio_v_edge,[21],-3.390519142150879,-3.3902595043182373,-3.3895933628082275,0.00025963783264160156,0.0009257793426513672,-0.0006661415100097656,-3.3489928245544434
pair_0058_sad,pair_0058,15,02,01,01,sad,pair_0058_happy,1,direct_block_22,audio_v_edge,[22],-3.390519142150879,-3.3902595043182373,-3.4160571098327637,0.00025963783264160156,-0.025537967681884766,0.025797605514526367,-3.3489928245544434
pair_0058_sad,pair_0058,15,02,01,01,sad,pair_0058_happy,1,direct_block_23,audio_v_edge,[23],-3.390519142150879,-3.3902595043182373,-3.3827764987945557,0.00025963783264160156,0.007742643356323242,-0.007483005523681641,-3.3489928245544434
pair_0058_sad,pair_0058,15,02,01,01,sad,pair_0058_happy,1,direct_cumulative_18_19,audio_v_edge,"[18, 19]",-3.390519142150879,-3.3902595043182373,-3.3060035705566406,0.00025963783264160156,0.08451557159423828,-0.08425593376159668,-3.3489928245544434
pair_0058_sad,pair_0058,15,02,01,01,sad,pair_0058_happy,1,direct_cumulative_18_20,audio_v_edge,"[18, 19, 20]",-3.390519142150879,-3.3902595043182373,-3.3317599296569824,0.00025963783264160156,0.058759212493896484,-0.05849957466125488,-3.3489928245544434
pair_0058_sad,pair_0058,15,02,01,01,sad,pair_0058_happy,1,direct_cumulative_18_21,audio_v_edge,"[18, 19, 20, 21]",-3.390519142150879,-3.3902595043182373,-3.3307571411132812,0.00025963783264160156,0.059762001037597656,-0.059502363204956055,-3.3489928245544434
pair_0058_sad,pair_0058,15,02,01,01,sad,pair_0058_happy,1,direct_cumulative_18_22,audio_v_edge,"[18, 19, 20, 21, 22]",-3.390519142150879,-3.3902595043182373,-3.3565831184387207,0.00025963783264160156,0.0339360237121582,-0.0336763858795166,-3.3489928245544434
pair_0058_sad,pair_0058,15,02,01,01,sad,pair_0058_happy,1,direct_cumulative_18_23,audio_v_edge,"[18, 19, 20, 21, 22, 23]",-3.390519142150879,-3.3902595043182373,-3.3489928245544434,0.00025963783264160156,0.04152631759643555,-0.041266679763793945,-3.3489928245544434
pair_0059_happy,pair_0059,15,02,02,01,happy,pair_0059_sad,-1,direct_block_18,audio_v_edge,[18],-3.5927512645721436,-3.7416224479675293,-3.717391014099121,0.14887118339538574,0.12463974952697754,0.024231433868408203,-3.900325298309326
pair_0059_happy,pair_0059,15,02,02,01,happy,pair_0059_sad,-1,direct_block_19,audio_v_edge,[19],-3.5927512645721436,-3.7416224479675293,-3.7878565788269043,0.14887118339538574,0.19510531425476074,-0.046234130859375,-3.900325298309326
pair_0059_happy,pair_0059,15,02,02,01,happy,pair_0059_sad,-1,direct_block_20,audio_v_edge,[20],-3.5927512645721436,-3.7416224479675293,-3.7019283771514893,0.14887118339538574,0.1091771125793457,0.03969407081604004,-3.900325298309326
pair_0059_happy,pair_0059,15,02,02,01,happy,pair_0059_sad,-1,direct_block_21,audio_v_edge,[21],-3.5927512645721436,-3.7416224479675293,-3.807222604751587,0.14887118339538574,0.21447134017944336,-0.06560015678405762,-3.900325298309326
pair_0059_happy,pair_0059,15,02,02,01,happy,pair_0059_sad,-1,direct_block_22,audio_v_edge,[22],-3.5927512645721436,-3.7416224479675293,-3.796560287475586,0.14887118339538574,0.20380902290344238,-0.05493783950805664,-3.900325298309326
pair_0059_happy,pair_0059,15,02,02,01,happy,pair_0059_sad,-1,direct_block_23,audio_v_edge,[23],-3.5927512645721436,-3.7416224479675293,-3.7939629554748535,0.14887118339538574,0.20121169090270996,-0.05234050750732422,-3.900325298309326
pair_0059_happy,pair_0059,15,02,02,01,happy,pair_0059_sad,-1,direct_cumulative_18_19,audio_v_edge,"[18, 19]",-3.5927512645721436,-3.7416224479675293,-3.766103982925415,0.14887118339538574,0.17335271835327148,-0.024481534957885742,-3.900325298309326
pair_0059_happy,pair_0059,15,02,02,01,happy,pair_0059_sad,-1,direct_cumulative_18_20,audio_v_edge,"[18, 19, 20]",-3.5927512645721436,-3.7416224479675293,-3.729285955429077,0.14887118339538574,0.1365346908569336,0.012336492538452148,-3.900325298309326
pair_0059_happy,pair_0059,15,02,02,01,happy,pair_0059_sad,-1,direct_cumulative_18_21,audio_v_edge,"[18, 19, 20, 21]",-3.5927512645721436,-3.7416224479675293,-3.7982025146484375,0.14887118339538574,0.20545125007629395,-0.0565800666809082,-3.900325298309326
pair_0059_happy,pair_0059,15,02,02,01,happy,pair_0059_sad,-1,direct_cumulative_18_22,audio_v_edge,"[18, 19, 20, 21, 22]",-3.5927512645721436,-3.7416224479675293,-3.860544204711914,0.14887118339538574,0.2677929401397705,-0.11892175674438477,-3.900325298309326
pair_0059_happy,pair_0059,15,02,02,01,happy,pair_0059_sad,-1,direct_cumulative_18_23,audio_v_edge,"[18, 19, 20, 21, 22, 23]",-3.5927512645721436,-3.7416224479675293,-3.900325298309326,0.14887118339538574,0.3075740337371826,-0.15870285034179688,-3.900325298309326
pair_0059_sad,pair_0059,15,02,02,01,sad,pair_0059_happy,1,direct_block_18,audio_v_edge,[18],-4.272625923156738,-4.128354549407959,-4.129939556121826,0.1442713737487793,0.1426863670349121,0.0015850067138671875,-3.868910551071167
pair_0059_sad,pair_0059,15,02,02,01,sad,pair_0059_happy,1,direct_block_19,audio_v_edge,[19],-4.272625923156738,-4.128354549407959,-4.121230125427246,0.1442713737487793,0.1513957977294922,-0.007124423980712891,-3.868910551071167
pair_0059_sad,pair_0059,15,02,02,01,sad,pair_0059_happy,1,direct_block_20,audio_v_edge,[20],-4.272625923156738,-4.128354549407959,-4.088944911956787,0.1442713737487793,0.18368101119995117,-0.039409637451171875,-3.868910551071167
pair_0059_sad,pair_0059,15,02,02,01,sad,pair_0059_happy,1,direct_block_21,audio_v_edge,[21],-4.272625923156738,-4.128354549407959,-4.028676509857178,0.1442713737487793,0.24394941329956055,-0.09967803955078125,-3.868910551071167
pair_0059_sad,pair_0059,15,02,02,01,sad,pair_0059_happy,1,direct_block_22,audio_v_edge,[22],-4.272625923156738,-4.128354549407959,-3.990797996520996,0.1442713737487793,0.2818279266357422,-0.1375565528869629,-3.868910551071167
pair_0059_sad,pair_0059,15,02,02,01,sad,pair_0059_happy,1,direct_block_23,audio_v_edge,[23],-4.272625923156738,-4.128354549407959,-4.163666725158691,0.1442713737487793,0.10895919799804688,0.03531217575073242,-3.868910551071167
pair_0059_sad,pair_0059,15,02,02,01,sad,pair_0059_happy,1,direct_cumulative_18_19,audio_v_edge,"[18, 19]",-4.272625923156738,-4.128354549407959,-4.126618385314941,0.1442713737487793,0.14600753784179688,-0.0017361640930175781,-3.868910551071167
pair_0059_sad,pair_0059,15,02,02,01,sad,pair_0059_happy,1,direct_cumulative_18_20,audio_v_edge,"[18, 19, 20]",-4.272625923156738,-4.128354549407959,-4.088906288146973,0.1442713737487793,0.18371963500976562,-0.03944826126098633,-3.868910551071167
pair_0059_sad,pair_0059,15,02,02,01,sad,pair_0059_happy,1,direct_cumulative_18_21,audio_v_edge,"[18, 19, 20, 21]",-4.272625923156738,-4.128354549407959,-3.979193687438965,0.1442713737487793,0.29343223571777344,-0.14916086196899414,-3.868910551071167
pair_0059_sad,pair_0059,15,02,02,01,sad,pair_0059_happy,1,direct_cumulative_18_22,audio_v_edge,"[18, 19, 20, 21, 22]",-4.272625923156738,-4.128354549407959,-3.8399980068206787,0.1442713737487793,0.43262791633605957,-0.2883565425872803,-3.868910551071167
pair_0059_sad,pair_0059,15,02,02,01,sad,pair_0059_happy,1,direct_cumulative_18_23,audio_v_edge,"[18, 19, 20, 21, 22, 23]",-4.272625923156738,-4.128354549407959,-3.868910551071167,0.1442713737487793,0.4037153720855713,-0.259443998336792,-3.868910551071167
pair_0060_happy,pair_0060,16,01,01,01,happy,pair_0060_sad,-1,direct_block_18,audio_v_edge,[18],-4.752762794494629,-4.84613037109375,-4.826198577880859,0.0933675765991211,0.07343578338623047,0.019931793212890625,-4.7390031814575195
pair_0060_happy,pair_0060,16,01,01,01,happy,pair_0060_sad,-1,direct_block_19,audio_v_edge,[19],-4.752762794494629,-4.84613037109375,-4.855186462402344,0.0933675765991211,0.10242366790771484,-0.00905609130859375,-4.7390031814575195
pair_0060_happy,pair_0060,16,01,01,01,happy,pair_0060_sad,-1,direct_block_20,audio_v_edge,[20],-4.752762794494629,-4.84613037109375,-4.858072757720947,0.0933675765991211,0.10530996322631836,-0.011942386627197266,-4.7390031814575195
pair_0060_happy,pair_0060,16,01,01,01,happy,pair_0060_sad,-1,direct_block_21,audio_v_edge,[21],-4.752762794494629,-4.84613037109375,-4.774500846862793,0.0933675765991211,0.021738052368164062,0.07162952423095703,-4.7390031814575195
pair_0060_happy,pair_0060,16,01,01,01,happy,pair_0060_sad,-1,direct_block_22,audio_v_edge,[22],-4.752762794494629,-4.84613037109375,-4.813445091247559,0.0933675765991211,0.06068229675292969,0.032685279846191406,-4.7390031814575195
pair_0060_happy,pair_0060,16,01,01,01,happy,pair_0060_sad,-1,direct_block_23,audio_v_edge,[23],-4.752762794494629,-4.84613037109375,-4.841400146484375,0.0933675765991211,0.0886373519897461,0.004730224609375,-4.7390031814575195
pair_0060_happy,pair_0060,16,01,01,01,happy,pair_0060_sad,-1,direct_cumulative_18_19,audio_v_edge,"[18, 19]",-4.752762794494629,-4.84613037109375,-4.836769104003906,0.0933675765991211,0.08400630950927734,0.00936126708984375,-4.7390031814575195
pair_0060_happy,pair_0060,16,01,01,01,happy,pair_0060_sad,-1,direct_cumulative_18_20,audio_v_edge,"[18, 19, 20]",-4.752762794494629,-4.84613037109375,-4.849273681640625,0.0933675765991211,0.0965108871459961,-0.003143310546875,-4.7390031814575195
pair_0060_happy,pair_0060,16,01,01,01,happy,pair_0060_sad,-1,direct_cumulative_18_21,audio_v_edge,"[18, 19, 20, 21]",-4.752762794494629,-4.84613037109375,-4.777141571044922,0.0933675765991211,0.02437877655029297,0.06898880004882812,-4.7390031814575195
pair_0060_happy,pair_0060,16,01,01,01,happy,pair_0060_sad,-1,direct_cumulative_18_22,audio_v_edge,"[18, 19, 20, 21, 22]",-4.752762794494629,-4.84613037109375,-4.743836879730225,0.0933675765991211,-0.008925914764404297,0.10229349136352539,-4.7390031814575195
pair_0060_happy,pair_0060,16,01,01,01,happy,pair_0060_sad,-1,direct_cumulative_18_23,audio_v_edge,"[18, 19, 20, 21, 22, 23]",-4.752762794494629,-4.84613037109375,-4.7390031814575195,0.0933675765991211,-0.013759613037109375,0.10712718963623047,-4.7390031814575195
pair_0060_sad,pair_0060,16,01,01,01,sad,pair_0060_happy,1,direct_block_18,audio_v_edge,[18],-4.683334827423096,-4.596906661987305,-4.623181343078613,0.08642816543579102,0.06015348434448242,0.026274681091308594,-4.6860127449035645
pair_0060_sad,pair_0060,16,01,01,01,sad,pair_0060_happy,1,direct_block_19,audio_v_edge,[19],-4.683334827423096,-4.596906661987305,-4.600139617919922,0.08642816543579102,0.08319520950317383,0.0032329559326171875,-4.6860127449035645
pair_0060_sad,pair_0060,16,01,01,01,sad,pair_0060_happy,1,direct_block_20,audio_v_edge,[20],-4.683334827423096,-4.596906661987305,-4.592153072357178,0.08642816543579102,0.09118175506591797,-0.004753589630126953,-4.6860127449035645
pair_0060_sad,pair_0060,16,01,01,01,sad,pair_0060_happy,1,direct_block_21,audio_v_edge,[21],-4.683334827423096,-4.596906661987305,-4.646178245544434,0.08642816543579102,0.03715658187866211,0.049271583557128906,-4.6860127449035645
pair_0060_sad,pair_0060,16,01,01,01,sad,pair_0060_happy,1,direct_block_22,audio_v_edge,[22],-4.683334827423096,-4.596906661987305,-4.608139991760254,0.08642816543579102,0.0751948356628418,0.011233329772949219,-4.6860127449035645
pair_0060_sad,pair_0060,16,01,01,01,sad,pair_0060_happy,1,direct_block_23,audio_v_edge,[23],-4.683334827423096,-4.596906661987305,-4.5986247062683105,0.08642816543579102,0.08471012115478516,0.0017180442810058594,-4.6860127449035645
pair_0060_sad,pair_0060,16,01,01,01,sad,pair_0060_happy,1,direct_cumulative_18_19,audio_v_edge,"[18, 19]",-4.683334827423096,-4.596906661987305,-4.627438068389893,0.08642816543579102,0.055896759033203125,0.03053140640258789,-4.6860127449035645
pair_0060_sad,pair_0060,16,01,01,01,sad,pair_0060_happy,1,direct_cumulative_18_20,audio_v_edge,"[18, 19, 20]",-4.683334827423096,-4.596906661987305,-4.623785972595215,0.08642816543579102,0.05954885482788086,0.026879310607910156,-4.6860127449035645
pair_0060_sad,pair_0060,16,01,01,01,sad,pair_0060_happy,1,direct_cumulative_18_21,audio_v_edge,"[18, 19, 20, 21]",-4.683334827423096,-4.596906661987305,-4.673218727111816,0.08642816543579102,0.010116100311279297,0.07631206512451172,-4.6860127449035645
pair_0060_sad,pair_0060,16,01,01,01,sad,pair_0060_happy,1,direct_cumulative_18_22,audio_v_edge,"[18, 19, 20, 21, 22]",-4.683334827423096,-4.596906661987305,-4.68424129486084,0.08642816543579102,-0.0009064674377441406,0.08733463287353516,-4.6860127449035645
pair_0060_sad,pair_0060,16,01,01,01,sad,pair_0060_happy,1,direct_cumulative_18_23,audio_v_edge,"[18, 19, 20, 21, 22, 23]",-4.683334827423096,-4.596906661987305,-4.6860127449035645,0.08642816543579102,-0.00267791748046875,0.08910608291625977,-4.6860127449035645
pair_0061_happy,pair_0061,16,01,02,01,happy,pair_0061_sad,-1,direct_block_18,audio_v_edge,[18],-4.656552314758301,-4.779184818267822,-4.741090774536133,0.12263250350952148,0.08453845977783203,0.03809404373168945,-4.697682857513428
pair_0061_happy,pair_0061,16,01,02,01,happy,pair_0061_sad,-1,direct_block_19,audio_v_edge,[19],-4.656552314758301,-4.779184818267822,-4.737115859985352,0.12263250350952148,0.08056354522705078,0.0420689582824707,-4.697682857513428
pair_0061_happy,pair_0061,16,01,02,01,happy,pair_0061_sad,-1,direct_block_20,audio_v_edge,[20],-4.656552314758301,-4.779184818267822,-4.8057379722595215,0.12263250350952148,0.1491856575012207,-0.02655315399169922,-4.697682857513428
pair_0061_happy,pair_0061,16,01,02,01,happy,pair_0061_sad,-1,direct_block_21,audio_v_edge,[21],-4.656552314758301,-4.779184818267822,-4.752142906188965,0.12263250350952148,0.09559059143066406,0.027041912078857422,-4.697682857513428
pair_0061_happy,pair_0061,16,01,02,01,happy,pair_0061_sad,-1,direct_block_22,audio_v_edge,[22],-4.656552314758301,-4.779184818267822,-4.794952392578125,0.12263250350952148,0.13840007781982422,-0.015767574310302734,-4.697682857513428
pair_0061_happy,pair_0061,16,01,02,01,happy,pair_0061_sad,-1,direct_block_23,audio_v_edge,[23],-4.656552314758301,-4.779184818267822,-4.76409387588501,0.12263250350952148,0.10754156112670898,0.0150909423828125,-4.697682857513428
pair_0061_happy,pair_0061,16,01,02,01,happy,pair_0061_sad,-1,direct_cumulative_18_19,audio_v_edge,"[18, 19]",-4.656552314758301,-4.779184818267822,-4.699202537536621,0.12263250350952148,0.04265022277832031,0.07998228073120117,-4.697682857513428
pair_0061_happy,pair_0061,16,01,02,01,happy,pair_0061_sad,-1,direct_cumulative_18_20,audio_v_edge,"[18, 19, 20]",-4.656552314758301,-4.779184818267822,-4.726570129394531,0.12263250350952148,0.07001781463623047,0.052614688873291016,-4.697682857513428
pair_0061_happy,pair_0061,16,01,02,01,happy,pair_0061_sad,-1,direct_cumulative_18_21,audio_v_edge,"[18, 19, 20, 21]",-4.656552314758301,-4.779184818267822,-4.697699069976807,0.12263250350952148,0.04114675521850586,0.08148574829101562,-4.697682857513428
pair_0061_happy,pair_0061,16,01,02,01,happy,pair_0061_sad,-1,direct_cumulative_18_22,audio_v_edge,"[18, 19, 20, 21, 22]",-4.656552314758301,-4.779184818267822,-4.712632179260254,0.12263250350952148,0.056079864501953125,0.06655263900756836,-4.697682857513428
pair_0061_happy,pair_0061,16,01,02,01,happy,pair_0061_sad,-1,direct_cumulative_18_23,audio_v_edge,"[18, 19, 20, 21, 22, 23]",-4.656552314758301,-4.779184818267822,-4.697682857513428,0.12263250350952148,0.04113054275512695,0.08150196075439453,-4.697682857513428
pair_0061_sad,pair_0061,16,01,02,01,sad,pair_0061_happy,1,direct_block_18,audio_v_edge,[18],-4.103060722351074,-3.9733777046203613,-4.047408103942871,0.1296830177307129,0.055652618408203125,0.07403039932250977,-4.060547351837158
pair_0061_sad,pair_0061,16,01,02,01,sad,pair_0061_happy,1,direct_block_19,audio_v_edge,[19],-4.103060722351074,-3.9733777046203613,-4.000365257263184,0.1296830177307129,0.10269546508789062,0.026987552642822266,-4.060547351837158
pair_0061_sad,pair_0061,16,01,02,01,sad,pair_0061_happy,1,direct_block_20,audio_v_edge,[20],-4.103060722351074,-3.9733777046203613,-4.003597259521484,0.1296830177307129,0.09946346282958984,0.030219554901123047,-4.060547351837158
pair_0061_sad,pair_0061,16,01,02,01,sad,pair_0061_happy,1,direct_block_21,audio_v_edge,[21],-4.103060722351074,-3.9733777046203613,-3.8940162658691406,0.1296830177307129,0.2090444564819336,-0.0793614387512207,-4.060547351837158
pair_0061_sad,pair_0061,16,01,02,01,sad,pair_0061_happy,1,direct_block_22,audio_v_edge,[22],-4.103060722351074,-3.9733777046203613,-3.9291515350341797,0.1296830177307129,0.17390918731689453,-0.04422616958618164,-4.060547351837158
pair_0061_sad,pair_0061,16,01,02,01,sad,pair_0061_happy,1,direct_block_23,audio_v_edge,[23],-4.103060722351074,-3.9733777046203613,-4.051275253295898,0.1296830177307129,0.05178546905517578,0.07789754867553711,-4.060547351837158
pair_0061_sad,pair_0061,16,01,02,01,sad,pair_0061_happy,1,direct_cumulative_18_19,audio_v_edge,"[18, 19]",-4.103060722351074,-3.9733777046203613,-4.07540225982666,0.1296830177307129,0.027658462524414062,0.10202455520629883,-4.060547351837158
pair_0061_sad,pair_0061,16,01,02,01,sad,pair_0061_happy,1,direct_cumulative_18_20,audio_v_edge,"[18, 19, 20]",-4.103060722351074,-3.9733777046203613,-4.108454704284668,0.1296830177307129,-0.00539398193359375,0.13507699966430664,-4.060547351837158
pair_0061_sad,pair_0061,16,01,02,01,sad,pair_0061_happy,1,direct_cumulative_18_21,audio_v_edge,"[18, 19, 20, 21]",-4.103060722351074,-3.9733777046203613,-4.0265212059021,0.1296830177307129,0.07653951644897461,0.05314350128173828,-4.060547351837158
pair_0061_sad,pair_0061,16,01,02,01,sad,pair_0061_happy,1,direct_cumulative_18_22,audio_v_edge,"[18, 19, 20, 21, 22]",-4.103060722351074,-3.9733777046203613,-3.976229190826416,0.1296830177307129,0.1268315315246582,0.0028514862060546875,-4.060547351837158
pair_0061_sad,pair_0061,16,01,02,01,sad,pair_0061_happy,1,direct_cumulative_18_23,audio_v_edge,"[18, 19, 20, 21, 22, 23]",-4.103060722351074,-3.9733777046203613,-4.060547351837158,0.1296830177307129,0.042513370513916016,0.08716964721679688,-4.060547351837158
pair_0062_happy,pair_0062,16,02,01,01,happy,pair_0062_sad,-1,direct_block_18,audio_v_edge,[18],-3.5628504753112793,-3.5412092208862305,-3.5956172943115234,-0.021641254425048828,0.03276681900024414,-0.05440807342529297,-3.591087818145752
pair_0062_happy,pair_0062,16,02,01,01,happy,pair_0062_sad,-1,direct_block_19,audio_v_edge,[19],-3.5628504753112793,-3.5412092208862305,-3.7142491340637207,-0.021641254425048828,0.1513986587524414,-0.17303991317749023,-3.591087818145752
pair_0062_happy,pair_0062,16,02,01,01,happy,pair_0062_sad,-1,direct_block_20,audio_v_edge,[20],-3.5628504753112793,-3.5412092208862305,-3.599581003189087,-0.021641254425048828,0.03673052787780762,-0.058371782302856445,-3.591087818145752
pair_0062_happy,pair_0062,16,02,01,01,happy,pair_0062_sad,-1,direct_block_21,audio_v_edge,[21],-3.5628504753112793,-3.5412092208862305,-3.500288248062134,-0.021641254425048828,-0.06256222724914551,0.04092097282409668,-3.591087818145752
pair_0062_happy,pair_0062,16,02,01,01,happy,pair_0062_sad,-1,direct_block_22,audio_v_edge,[22],-3.5628504753112793,-3.5412092208862305,-3.35929536819458,-0.021641254425048828,-0.20355510711669922,0.1819138526916504,-3.591087818145752
pair_0062_happy,pair_0062,16,02,01,01,happy,pair_0062_sad,-1,direct_block_23,audio_v_edge,[23],-3.5628504753112793,-3.5412092208862305,-3.5259101390838623,-0.021641254425048828,-0.03694033622741699,0.015299081802368164,-3.591087818145752
pair_0062_happy,pair_0062,16,02,01,01,happy,pair_0062_sad,-1,direct_cumulative_18_19,audio_v_edge,"[18, 19]",-3.5628504753112793,-3.5412092208862305,-3.755974531173706,-0.021641254425048828,0.19312405586242676,-0.21476531028747559,-3.591087818145752
pair_0062_happy,pair_0062,16,02,01,01,happy,pair_0062_sad,-1,direct_cumulative_18_20,audio_v_edge,"[18, 19, 20]",-3.5628504753112793,-3.5412092208862305,-3.816348075866699,-0.021641254425048828,0.2534976005554199,-0.27513885498046875,-3.591087818145752
pair_0062_happy,pair_0062,16,02,01,01,happy,pair_0062_sad,-1,direct_cumulative_18_21,audio_v_edge,"[18, 19, 20, 21]",-3.5628504753112793,-3.5412092208862305,-3.778529167175293,-0.021641254425048828,0.21567869186401367,-0.2373199462890625,-3.591087818145752
pair_0062_happy,pair_0062,16,02,01,01,happy,pair_0062_sad,-1,direct_cumulative_18_22,audio_v_edge,"[18, 19, 20, 21, 22]",-3.5628504753112793,-3.5412092208862305,-3.6057381629943848,-0.021641254425048828,0.04288768768310547,-0.0645289421081543,-3.591087818145752
pair_0062_happy,pair_0062,16,02,01,01,happy,pair_0062_sad,-1,direct_cumulative_18_23,audio_v_edge,"[18, 19, 20, 21, 22, 23]",-3.5628504753112793,-3.5412092208862305,-3.591087818145752,-0.021641254425048828,0.028237342834472656,-0.049878597259521484,-3.591087818145752
pair_0062_sad,pair_0062,16,02,01,01,sad,pair_0062_happy,1,direct_block_18,audio_v_edge,[18],-3.5368704795837402,-3.5656228065490723,-3.5143046379089355,-0.02875232696533203,0.022565841674804688,-0.05131816864013672,-3.392773389816284
pair_0062_sad,pair_0062,16,02,01,01,sad,pair_0062_happy,1,direct_block_19,audio_v_edge,[19],-3.5368704795837402,-3.5656228065490723,-3.415163516998291,-0.02875232696533203,0.12170696258544922,-0.15045928955078125,-3.392773389816284
pair_0062_sad,pair_0062,16,02,01,01,sad,pair_0062_happy,1,direct_block_20,audio_v_edge,[20],-3.5368704795837402,-3.5656228065490723,-3.551910877227783,-0.02875232696533203,-0.015040397644042969,-0.013711929321289062,-3.392773389816284
pair_0062_sad,pair_0062,16,02,01,01,sad,pair_0062_happy,1,direct_block_21,audio_v_edge,[21],-3.5368704795837402,-3.5656228065490723,-3.5776965618133545,-0.02875232696533203,-0.04082608222961426,0.012073755264282227,-3.392773389816284
pair_0062_sad,pair_0062,16,02,01,01,sad,pair_0062_happy,1,direct_block_22,audio_v_edge,[22],-3.5368704795837402,-3.5656228065490723,-3.555452823638916,-0.02875232696533203,-0.01858234405517578,-0.01016998291015625,-3.392773389816284
pair_0062_sad,pair_0062,16,02,01,01,sad,pair_0062_happy,1,direct_block_23,audio_v_edge,[23],-3.5368704795837402,-3.5656228065490723,-3.6048645973205566,-0.02875232696533203,-0.0679941177368164,0.039241790771484375,-3.392773389816284
pair_0062_sad,pair_0062,16,02,01,01,sad,pair_0062_happy,1,direct_cumulative_18_19,audio_v_edge,"[18, 19]",-3.5368704795837402,-3.5656228065490723,-3.363985061645508,-0.02875232696533203,0.17288541793823242,-0.20163774490356445,-3.392773389816284
pair_0062_sad,pair_0062,16,02,01,01,sad,pair_0062_happy,1,direct_cumulative_18_20,audio_v_edge,"[18, 19, 20]",-3.5368704795837402,-3.5656228065490723,-3.352820634841919,-0.02875232696533203,0.1840498447418213,-0.21280217170715332,-3.392773389816284
pair_0062_sad,pair_0062,16,02,01,01,sad,pair_0062_happy,1,direct_cumulative_18_21,audio_v_edge,"[18, 19, 20, 21]",-3.5368704795837402,-3.5656228065490723,-3.3620166778564453,-0.02875232696533203,0.17485380172729492,-0.20360612869262695,-3.392773389816284
pair_0062_sad,pair_0062,16,02,01,01,sad,pair_0062_happy,1,direct_cumulative_18_22,audio_v_edge,"[18, 19, 20, 21, 22]",-3.5368704795837402,-3.5656228065490723,-3.3521270751953125,-0.02875232696533203,0.18474340438842773,-0.21349573135375977,-3.392773389816284
pair_0062_sad,pair_0062,16,02,01,01,sad,pair_0062_happy,1,direct_cumulative_18_23,audio_v_edge,"[18, 19, 20, 21, 22, 23]",-3.5368704795837402,-3.5656228065490723,-3.392773389816284,-0.02875232696533203,0.14409708976745605,-0.17284941673278809,-3.392773389816284
pair_0063_happy,pair_0063,16,02,02,01,happy,pair_0063_sad,-1,direct_block_18,audio_v_edge,[18],-3.247852325439453,-3.387946128845215,-3.370299816131592,0.14009380340576172,0.12244749069213867,0.017646312713623047,-3.244478702545166
pair_0063_happy,pair_0063,16,02,02,01,happy,pair_0063_sad,-1,direct_block_19,audio_v_edge,[19],-3.247852325439453,-3.387946128845215,-3.423691749572754,0.14009380340576172,0.17583942413330078,-0.03574562072753906,-3.244478702545166
pair_0063_happy,pair_0063,16,02,02,01,happy,pair_0063_sad,-1,direct_block_20,audio_v_edge,[20],-3.247852325439453,-3.387946128845215,-3.433131694793701,0.14009380340576172,0.18527936935424805,-0.04518556594848633,-3.244478702545166
pair_0063_happy,pair_0063,16,02,02,01,happy,pair_0063_sad,-1,direct_block_21,audio_v_edge,[21],-3.247852325439453,-3.387946128845215,-3.346790075302124,0.14009380340576172,0.0989377498626709,0.04115605354309082,-3.244478702545166
pair_0063_happy,pair_0063,16,02,02,01,happy,pair_0063_sad,-1,direct_block_22,audio_v_edge,[22],-3.247852325439453,-3.387946128845215,-3.269317626953125,0.14009380340576172,0.021465301513671875,0.11862850189208984,-3.244478702545166
pair_0063_happy,pair_0063,16,02,02,01,happy,pair_0063_sad,-1,direct_block_23,audio_v_edge,[23],-3.247852325439453,-3.387946128845215,-3.3365492820739746,0.14009380340576172,0.08869695663452148,0.051396846771240234,-3.244478702545166
pair_0063_happy,pair_0063,16,02,02,01,happy,pair_0063_sad,-1,direct_cumulative_18_19,audio_v_edge,"[18, 19]",-3.247852325439453,-3.387946128845215,-3.40631103515625,0.14009380340576172,0.15845870971679688,-0.018364906311035156,-3.244478702545166
pair_0063_happy,pair_0063,16,02,02,01,happy,pair_0063_sad,-1,direct_cumulative_18_20,audio_v_edge,"[18, 19, 20]",-3.247852325439453,-3.387946128845215,-3.4523980617523193,0.14009380340576172,0.2045457363128662,-0.06445193290710449,-3.244478702545166
pair_0063_happy,pair_0063,16,02,02,01,happy,pair_0063_sad,-1,direct_cumulative_18_21,audio_v_edge,"[18, 19, 20, 21]",-3.247852325439453,-3.387946128845215,-3.4123659133911133,0.14009380340576172,0.16451358795166016,-0.024419784545898438,-3.244478702545166
pair_0063_happy,pair_0063,16,02,02,01,happy,pair_0063_sad,-1,direct_cumulative_18_22,audio_v_edge,"[18, 19, 20, 21, 22]",-3.247852325439453,-3.387946128845215,-3.2961225509643555,0.14009380340576172,0.048270225524902344,0.09182357788085938,-3.244478702545166
pair_0063_happy,pair_0063,16,02,02,01,happy,pair_0063_sad,-1,direct_cumulative_18_23,audio_v_edge,"[18, 19, 20, 21, 22, 23]",-3.247852325439453,-3.387946128845215,-3.244478702545166,0.14009380340576172,-0.0033736228942871094,0.14346742630004883,-3.244478702545166
pair_0063_sad,pair_0063,16,02,02,01,sad,pair_0063_happy,1,direct_block_18,audio_v_edge,[18],-3.712739944458008,-3.5777673721313477,-3.547529935836792,0.13497257232666016,0.16521000862121582,-0.030237436294555664,-3.5926766395568848
pair_0063_sad,pair_0063,16,02,02,01,sad,pair_0063_happy,1,direct_block_19,audio_v_edge,[19],-3.712739944458008,-3.5777673721313477,-3.5570831298828125,0.13497257232666016,0.1556568145751953,-0.020684242248535156,-3.5926766395568848
pair_0063_sad,pair_0063,16,02,02,01,sad,pair_0063_happy,1,direct_block_20,audio_v_edge,[20],-3.712739944458008,-3.5777673721313477,-3.5567879676818848,0.13497257232666016,0.15595197677612305,-0.02097940444946289,-3.5926766395568848
pair_0063_sad,pair_0063,16,02,02,01,sad,pair_0063_happy,1,direct_block_21,audio_v_edge,[21],-3.712739944458008,-3.5777673721313477,-3.6168720722198486,0.13497257232666016,0.09586787223815918,0.03910470008850098,-3.5926766395568848
pair_0063_sad,pair_0063,16,02,02,01,sad,pair_0063_happy,1,direct_block_22,audio_v_edge,[22],-3.712739944458008,-3.5777673721313477,-3.589111804962158,0.13497257232666016,0.12362813949584961,0.011344432830810547,-3.5926766395568848
pair_0063_sad,pair_0063,16,02,02,01,sad,pair_0063_happy,1,direct_block_23,audio_v_edge,[23],-3.712739944458008,-3.5777673721313477,-3.6113014221191406,0.13497257232666016,0.10143852233886719,0.03353404998779297,-3.5926766395568848
pair_0063_sad,pair_0063,16,02,02,01,sad,pair_0063_happy,1,direct_cumulative_18_19,audio_v_edge,"[18, 19]",-3.712739944458008,-3.5777673721313477,-3.528237819671631,0.13497257232666016,0.18450212478637695,-0.0495295524597168,-3.5926766395568848
pair_0063_sad,pair_0063,16,02,02,01,sad,pair_0063_happy,1,direct_cumulative_18_20,audio_v_edge,"[18, 19, 20]",-3.712739944458008,-3.5777673721313477,-3.507408618927002,0.13497257232666016,0.20533132553100586,-0.0703587532043457,-3.5926766395568848
pair_0063_sad,pair_0063,16,02,02,01,sad,pair_0063_happy,1,direct_cumulative_18_21,audio_v_edge,"[18, 19, 20, 21]",-3.712739944458008,-3.5777673721313477,-3.547964096069336,0.13497257232666016,0.16477584838867188,-0.02980327606201172,-3.5926766395568848
pair_0063_sad,pair_0063,16,02,02,01,sad,pair_0063_happy,1,direct_cumulative_18_22,audio_v_edge,"[18, 19, 20, 21, 22]",-3.712739944458008,-3.5777673721313477,-3.559751033782959,0.13497257232666016,0.15298891067504883,-0.018016338348388672,-3.5926766395568848
pair_0063_sad,pair_0063,16,02,02,01,sad,pair_0063_happy,1,direct_cumulative_18_23,audio_v_edge,"[18, 19, 20, 21, 22, 23]",-3.712739944458008,-3.5777673721313477,-3.5926766395568848,0.13497257232666016,0.12006330490112305,0.01490926742553711,-3.5926766395568848
pair_0064_happy,pair_0064,17,01,01,01,happy,pair_0064_sad,-1,direct_block_18,audio_v_edge,[18],-4.453313827514648,-4.359231948852539,-4.342245578765869,-0.09408187866210938,-0.1110682487487793,0.016986370086669922,-4.453042984008789
pair_0064_happy,pair_0064,17,01,01,01,happy,pair_0064_sad,-1,direct_block_19,audio_v_edge,[19],-4.453313827514648,-4.359231948852539,-4.42252254486084,-0.09408187866210938,-0.030791282653808594,-0.06329059600830078,-4.453042984008789
pair_0064_happy,pair_0064,17,01,01,01,happy,pair_0064_sad,-1,direct_block_20,audio_v_edge,[20],-4.453313827514648,-4.359231948852539,-4.370030879974365,-0.09408187866210938,-0.0832829475402832,-0.010798931121826172,-4.453042984008789
pair_0064_happy,pair_0064,17,01,01,01,happy,pair_0064_sad,-1,direct_block_21,audio_v_edge,[21],-4.453313827514648,-4.359231948852539,-4.410745620727539,-0.09408187866210938,-0.042568206787109375,-0.051513671875,-4.453042984008789
pair_0064_happy,pair_0064,17,01,01,01,happy,pair_0064_sad,-1,direct_block_22,audio_v_edge,[22],-4.453313827514648,-4.359231948852539,-4.363411903381348,-0.09408187866210938,-0.08990192413330078,-0.004179954528808594,-4.453042984008789
pair_0064_happy,pair_0064,17,01,01,01,happy,pair_0064_sad,-1,direct_block_23,audio_v_edge,[23],-4.453313827514648,-4.359231948852539,-4.342051982879639,-0.09408187866210938,-0.11126184463500977,0.01717996597290039,-4.453042984008789
pair_0064_happy,pair_0064,17,01,01,01,happy,pair_0064_sad,-1,direct_cumulative_18_19,audio_v_edge,"[18, 19]",-4.453313827514648,-4.359231948852539,-4.405249118804932,-0.09408187866210938,-0.0480647087097168,-0.04601716995239258,-4.453042984008789
pair_0064_happy,pair_0064,17,01,01,01,happy,pair_0064_sad,-1,direct_cumulative_18_20,audio_v_edge,"[18, 19, 20]",-4.453313827514648,-4.359231948852539,-4.415348529815674,-0.09408187866210938,-0.03796529769897461,-0.056116580963134766,-4.453042984008789
pair_0064_happy,pair_0064,17,01,01,01,happy,pair_0064_sad,-1,direct_cumulative_18_21,audio_v_edge,"[18, 19, 20, 21]",-4.453313827514648,-4.359231948852539,-4.466393947601318,-0.09408187866210938,0.013080120086669922,-0.1071619987487793,-4.453042984008789
pair_0064_happy,pair_0064,17,01,01,01,happy,pair_0064_sad,-1,direct_cumulative_18_22,audio_v_edge,"[18, 19, 20, 21, 22]",-4.453313827514648,-4.359231948852539,-4.470564842224121,-0.09408187866210938,0.017251014709472656,-0.11133289337158203,-4.453042984008789
pair_0064_happy,pair_0064,17,01,01,01,happy,pair_0064_sad,-1,direct_cumulative_18_23,audio_v_edge,"[18, 19, 20, 21, 22, 23]",-4.453313827514648,-4.359231948852539,-4.453042984008789,-0.09408187866210938,-0.000270843505859375,-0.09381103515625,-4.453042984008789
pair_0064_sad,pair_0064,17,01,01,01,sad,pair_0064_happy,1,direct_block_18,audio_v_edge,[18],-4.434425354003906,-4.532279014587402,-4.535355567932129,-0.0978536605834961,-0.10093021392822266,0.0030765533447265625,-4.383179664611816
pair_0064_sad,pair_0064,17,01,01,01,sad,pair_0064_happy,1,direct_block_19,audio_v_edge,[19],-4.434425354003906,-4.532279014587402,-4.4474897384643555,-0.0978536605834961,-0.013064384460449219,-0.08478927612304688,-4.383179664611816
pair_0064_sad,pair_0064,17,01,01,01,sad,pair_0064_happy,1,direct_block_20,audio_v_edge,[20],-4.434425354003906,-4.532279014587402,-4.530730247497559,-0.0978536605834961,-0.09630489349365234,-0.00154876708984375,-4.383179664611816
pair_0064_sad,pair_0064,17,01,01,01,sad,pair_0064_happy,1,direct_block_21,audio_v_edge,[21],-4.434425354003906,-4.532279014587402,-4.467865943908691,-0.0978536605834961,-0.033440589904785156,-0.06441307067871094,-4.383179664611816
pair_0064_sad,pair_0064,17,01,01,01,sad,pair_0064_happy,1,direct_block_22,audio_v_edge,[22],-4.434425354003906,-4.532279014587402,-4.513283729553223,-0.0978536605834961,-0.0788583755493164,-0.018995285034179688,-4.383179664611816
pair_0064_sad,pair_0064,17,01,01,01,sad,pair_0064_happy,1,direct_block_23,audio_v_edge,[23],-4.434425354003906,-4.532279014587402,-4.550958633422852,-0.0978536605834961,-0.11653327941894531,0.01867961883544922,-4.383179664611816
pair_0064_sad,pair_0064,17,01,01,01,sad,pair_0064_happy,1,direct_cumulative_18_19,audio_v_edge,"[18, 19]",-4.434425354003906,-4.532279014587402,-4.450650215148926,-0.0978536605834961,-0.01622486114501953,-0.08162879943847656,-4.383179664611816
pair_0064_sad,pair_0064,17,01,01,01,sad,pair_0064_happy,1,direct_cumulative_18_20,audio_v_edge,"[18, 19, 20]",-4.434425354003906,-4.532279014587402,-4.448742866516113,-0.0978536605834961,-0.014317512512207031,-0.08353614807128906,-4.383179664611816
pair_0064_sad,pair_0064,17,01,01,01,sad,pair_0064_happy,1,direct_cumulative_18_21,audio_v_edge,"[18, 19, 20, 21]",-4.434425354003906,-4.532279014587402,-4.383945465087891,-0.0978536605834961,0.050479888916015625,-0.14833354949951172,-4.383179664611816
pair_0064_sad,pair_0064,17,01,01,01,sad,pair_0064_happy,1,direct_cumulative_18_22,audio_v_edge,"[18, 19, 20, 21, 22]",-4.434425354003906,-4.532279014587402,-4.364454746246338,-0.0978536605834961,0.06997060775756836,-0.16782426834106445,-4.383179664611816
pair_0064_sad,pair_0064,17,01,01,01,sad,pair_0064_happy,1,direct_cumulative_18_23,audio_v_edge,"[18, 19, 20, 21, 22, 23]",-4.434425354003906,-4.532279014587402,-4.383179664611816,-0.0978536605834961,0.051245689392089844,-0.14909934997558594,-4.383179664611816
pair_0065_happy,pair_0065,17,01,02,01,happy,pair_0065_sad,-1,direct_block_18,audio_v_edge,[18],-4.348764419555664,-4.385673522949219,-4.35596227645874,0.03690910339355469,0.007197856903076172,0.029711246490478516,-4.376187324523926
pair_0065_happy,pair_0065,17,01,02,01,happy,pair_0065_sad,-1,direct_block_19,audio_v_edge,[19],-4.348764419555664,-4.385673522949219,-4.429752349853516,0.03690910339355469,0.08098793029785156,-0.044078826904296875,-4.376187324523926
pair_0065_happy,pair_0065,17,01,02,01,happy,pair_0065_sad,-1,direct_block_20,audio_v_edge,[20],-4.348764419555664,-4.385673522949219,-4.393238067626953,0.03690910339355469,0.04447364807128906,-0.007564544677734375,-4.376187324523926
pair_0065_happy,pair_0065,17,01,02,01,happy,pair_0065_sad,-1,direct_block_21,audio_v_edge,[21],-4.348764419555664,-4.385673522949219,-4.385491371154785,0.03690910339355469,0.036726951599121094,0.00018215179443359375,-4.376187324523926
pair_0065_happy,pair_0065,17,01,02,01,happy,pair_0065_sad,-1,direct_block_22,audio_v_edge,[22],-4.348764419555664,-4.385673522949219,-4.362085342407227,0.03690910339355469,0.0133209228515625,0.023588180541992188,-4.376187324523926
pair_0065_happy,pair_0065,17,01,02,01,happy,pair_0065_sad,-1,direct_block_23,audio_v_edge,[23],-4.348764419555664,-4.385673522949219,-4.3778977394104,0.03690910339355469,0.029133319854736328,0.007775783538818359,-4.376187324523926
pair_0065_happy,pair_0065,17,01,02,01,happy,pair_0065_sad,-1,direct_cumulative_18_19,audio_v_edge,"[18, 19]",-4.348764419555664,-4.385673522949219,-4.401108741760254,0.03690910339355469,0.052344322204589844,-0.015435218811035156,-4.376187324523926
pair_0065_happy,pair_0065,17,01,02,01,happy,pair_0065_sad,-1,direct_cumulative_18_20,audio_v_edge,"[18, 19, 20]",-4.348764419555664,-4.385673522949219,-4.409132480621338,0.03690910339355469,0.06036806106567383,-0.02345895767211914,-4.376187324523926
pair_0065_happy,pair_0065,17,01,02,01,happy,pair_0065_sad,-1,direct_cumulative_18_21,audio_v_edge,"[18, 19, 20, 21]",-4.348764419555664,-4.385673522949219,-4.408203601837158,0.03690910339355469,0.05943918228149414,-0.022530078887939453,-4.376187324523926
pair_0065_happy,pair_0065,17,01,02,01,happy,pair_0065_sad,-1,direct_cumulative_18_22,audio_v_edge,"[18, 19, 20, 21, 22]",-4.348764419555664,-4.385673522949219,-4.384062767028809,0.03690910339355469,0.03529834747314453,0.0016107559204101562,-4.376187324523926
pair_0065_happy,pair_0065,17,01,02,01,happy,pair_0065_sad,-1,direct_cumulative_18_23,audio_v_edge,"[18, 19, 20, 21, 22, 23]",-4.348764419555664,-4.385673522949219,-4.376187324523926,0.03690910339355469,0.02742290496826172,0.009486198425292969,-4.376187324523926
pair_0065_sad,pair_0065,17,01,02,01,sad,pair_0065_happy,1,direct_block_18,audio_v_edge,[18],-4.28976583480835,-4.276329517364502,-4.254194259643555,0.013436317443847656,0.03557157516479492,-0.022135257720947266,-4.268947124481201
pair_0065_sad,pair_0065,17,01,02,01,sad,pair_0065_happy,1,direct_block_19,audio_v_edge,[19],-4.28976583480835,-4.276329517364502,-4.2311577796936035,0.013436317443847656,0.058608055114746094,-0.04517173767089844,-4.268947124481201
pair_0065_sad,pair_0065,17,01,02,01,sad,pair_0065_happy,1,direct_block_20,audio_v_edge,[20],-4.28976583480835,-4.276329517364502,-4.280374526977539,0.013436317443847656,0.009391307830810547,0.004045009613037109,-4.268947124481201
pair_0065_sad,pair_0065,17,01,02,01,sad,pair_0065_happy,1,direct_block_21,audio_v_edge,[21],-4.28976583480835,-4.276329517364502,-4.29594612121582,0.013436317443847656,-0.006180286407470703,0.01961660385131836,-4.268947124481201
pair_0065_sad,pair_0065,17,01,02,01,sad,pair_0065_happy,1,direct_block_22,audio_v_edge,[22],-4.28976583480835,-4.276329517364502,-4.3057451248168945,0.013436317443847656,-0.015979290008544922,0.029415607452392578,-4.268947124481201
pair_0065_sad,pair_0065,17,01,02,01,sad,pair_0065_happy,1,direct_block_23,audio_v_edge,[23],-4.28976583480835,-4.276329517364502,-4.2843122482299805,0.013436317443847656,0.005453586578369141,0.007982730865478516,-4.268947124481201
pair_0065_sad,pair_0065,17,01,02,01,sad,pair_0065_happy,1,direct_cumulative_18_19,audio_v_edge,"[18, 19]",-4.28976583480835,-4.276329517364502,-4.208756446838379,0.013436317443847656,0.0810093879699707,-0.06757307052612305,-4.268947124481201
pair_0065_sad,pair_0065,17,01,02,01,sad,pair_0065_happy,1,direct_cumulative_18_20,audio_v_edge,"[18, 19, 20]",-4.28976583480835,-4.276329517364502,-4.213066577911377,0.013436317443847656,0.07669925689697266,-0.063262939453125,-4.268947124481201
pair_0065_sad,pair_0065,17,01,02,01,sad,pair_0065_happy,1,direct_cumulative_18_21,audio_v_edge,"[18, 19, 20, 21]",-4.28976583480835,-4.276329517364502,-4.231990814208984,0.013436317443847656,0.057775020599365234,-0.04433870315551758,-4.268947124481201
pair_0065_sad,pair_0065,17,01,02,01,sad,pair_0065_happy,1,direct_cumulative_18_22,audio_v_edge,"[18, 19, 20, 21, 22]",-4.28976583480835,-4.276329517364502,-4.261113166809082,0.013436317443847656,0.028652667999267578,-0.015216350555419922,-4.268947124481201
pair_0065_sad,pair_0065,17,01,02,01,sad,pair_0065_happy,1,direct_cumulative_18_23,audio_v_edge,"[18, 19, 20, 21, 22, 23]",-4.28976583480835,-4.276329517364502,-4.268947124481201,0.013436317443847656,0.020818710327148438,-0.007382392883300781,-4.268947124481201
pair_0066_happy,pair_0066,17,02,01,01,happy,pair_0066_sad,-1,direct_block_18,audio_v_edge,[18],-3.9196739196777344,-3.9631686210632324,-3.9573235511779785,0.04349470138549805,0.03764963150024414,0.005845069885253906,-3.7850561141967773
pair_0066_happy,pair_0066,17,02,01,01,happy,pair_0066_sad,-1,direct_block_19,audio_v_edge,[19],-3.9196739196777344,-3.9631686210632324,-3.9098987579345703,0.04349470138549805,-0.009775161743164062,0.05326986312866211,-3.7850561141967773
pair_0066_happy,pair_0066,17,02,01,01,happy,pair_0066_sad,-1,direct_block_20,audio_v_edge,[20],-3.9196739196777344,-3.9631686210632324,-3.90655517578125,0.04349470138549805,-0.013118743896484375,0.05661344528198242,-3.7850561141967773
pair_0066_happy,pair_0066,17,02,01,01,happy,pair_0066_sad,-1,direct_block_21,audio_v_edge,[21],-3.9196739196777344,-3.9631686210632324,-3.9339282512664795,0.04349470138549805,0.014254331588745117,0.02924036979675293,-3.7850561141967773
pair_0066_happy,pair_0066,17,02,01,01,happy,pair_0066_sad,-1,direct_block_22,audio_v_edge,[22],-3.9196739196777344,-3.9631686210632324,-3.7463815212249756,0.04349470138549805,-0.1732923984527588,0.21678709983825684,-3.7850561141967773
pair_0066_happy,pair_0066,17,02,01,01,happy,pair_0066_sad,-1,direct_block_23,audio_v_edge,[23],-3.9196739196777344,-3.9631686210632324,-4.149641990661621,0.04349470138549805,0.22996807098388672,-0.18647336959838867,-3.7850561141967773
pair_0066_happy,pair_0066,17,02,01,01,happy,pair_0066_sad,-1,direct_cumulative_18_19,audio_v_edge,"[18, 19]",-3.9196739196777344,-3.9631686210632324,-3.903731346130371,0.04349470138549805,-0.01594257354736328,0.05943727493286133,-3.7850561141967773
pair_0066_happy,pair_0066,17,02,01,01,happy,pair_0066_sad,-1,direct_cumulative_18_20,audio_v_edge,"[18, 19, 20]",-3.9196739196777344,-3.9631686210632324,-3.8477699756622314,0.04349470138549805,-0.07190394401550293,0.11539864540100098,-3.7850561141967773
pair_0066_happy,pair_0066,17,02,01,01,happy,pair_0066_sad,-1,direct_cumulative_18_21,audio_v_edge,"[18, 19, 20, 21]",-3.9196739196777344,-3.9631686210632324,-3.8161470890045166,0.04349470138549805,-0.10352683067321777,0.14702153205871582,-3.7850561141967773
pair_0066_happy,pair_0066,17,02,01,01,happy,pair_0066_sad,-1,direct_cumulative_18_22,audio_v_edge,"[18, 19, 20, 21, 22]",-3.9196739196777344,-3.9631686210632324,-3.599691867828369,0.04349470138549805,-0.31998205184936523,0.3634767532348633,-3.7850561141967773
pair_0066_happy,pair_0066,17,02,01,01,happy,pair_0066_sad,-1,direct_cumulative_18_23,audio_v_edge,"[18, 19, 20, 21, 22, 23]",-3.9196739196777344,-3.9631686210632324,-3.7850561141967773,0.04349470138549805,-0.13461780548095703,0.17811250686645508,-3.7850561141967773
pair_0066_sad,pair_0066,17,02,01,01,sad,pair_0066_happy,1,direct_block_18,audio_v_edge,[18],-4.150018215179443,-4.110444068908691,-4.069057464599609,0.03957414627075195,0.08096075057983398,-0.04138660430908203,-3.9308431148529053
pair_0066_sad,pair_0066,17,02,01,01,sad,pair_0066_happy,1,direct_block_19,audio_v_edge,[19],-4.150018215179443,-4.110444068908691,-4.155848503112793,0.03957414627075195,-0.005830287933349609,0.04540443420410156,-3.9308431148529053
pair_0066_sad,pair_0066,17,02,01,01,sad,pair_0066_happy,1,direct_block_20,audio_v_edge,[20],-4.150018215179443,-4.110444068908691,-4.137143135070801,0.03957414627075195,0.012875080108642578,0.026699066162109375,-3.9308431148529053
pair_0066_sad,pair_0066,17,02,01,01,sad,pair_0066_happy,1,direct_block_21,audio_v_edge,[21],-4.150018215179443,-4.110444068908691,-4.0619916915893555,0.03957414627075195,0.08802652359008789,-0.04845237731933594,-3.9308431148529053
pair_0066_sad,pair_0066,17,02,01,01,sad,pair_0066_happy,1,direct_block_22,audio_v_edge,[22],-4.150018215179443,-4.110444068908691,-4.0453104972839355,0.03957414627075195,0.10470771789550781,-0.06513357162475586,-3.9308431148529053
pair_0066_sad,pair_0066,17,02,01,01,sad,pair_0066_happy,1,direct_block_23,audio_v_edge,[23],-4.150018215179443,-4.110444068908691,-4.014860153198242,0.03957414627075195,0.13515806198120117,-0.09558391571044922,-3.9308431148529053
pair_0066_sad,pair_0066,17,02,01,01,sad,pair_0066_happy,1,direct_cumulative_18_19,audio_v_edge,"[18, 19]",-4.150018215179443,-4.110444068908691,-4.113729476928711,0.03957414627075195,0.03628873825073242,0.0032854080200195312,-3.9308431148529053
pair_0066_sad,pair_0066,17,02,01,01,sad,pair_0066_happy,1,direct_cumulative_18_20,audio_v_edge,"[18, 19, 20]",-4.150018215179443,-4.110444068908691,-4.140843391418457,0.03957414627075195,0.009174823760986328,0.030399322509765625,-3.9308431148529053
pair_0066_sad,pair_0066,17,02,01,01,sad,pair_0066_happy,1,direct_cumulative_18_21,audio_v_edge,"[18, 19, 20, 21]",-4.150018215179443,-4.110444068908691,-4.092016220092773,0.03957414627075195,0.05800199508666992,-0.01842784881591797,-3.9308431148529053
pair_0066_sad,pair_0066,17,02,01,01,sad,pair_0066_happy,1,direct_cumulative_18_22,audio_v_edge,"[18, 19, 20, 21, 22]",-4.150018215179443,-4.110444068908691,-4.0267839431762695,0.03957414627075195,0.12323427200317383,-0.08366012573242188,-3.9308431148529053
pair_0066_sad,pair_0066,17,02,01,01,sad,pair_0066_happy,1,direct_cumulative_18_23,audio_v_edge,"[18, 19, 20, 21, 22, 23]",-4.150018215179443,-4.110444068908691,-3.9308431148529053,0.03957414627075195,0.21917510032653809,-0.17960095405578613,-3.9308431148529053
pair_0067_happy,pair_0067,17,02,02,01,happy,pair_0067_sad,-1,direct_block_18,audio_v_edge,[18],-3.8223073482513428,-3.756615400314331,-3.7803664207458496,-0.06569194793701172,-0.041940927505493164,-0.023751020431518555,-3.8766274452209473
pair_0067_happy,pair_0067,17,02,02,01,happy,pair_0067_sad,-1,direct_block_19,audio_v_edge,[19],-3.8223073482513428,-3.756615400314331,-3.7932815551757812,-0.06569194793701172,-0.029025793075561523,-0.036666154861450195,-3.8766274452209473
pair_0067_happy,pair_0067,17,02,02,01,happy,pair_0067_sad,-1,direct_block_20,audio_v_edge,[20],-3.8223073482513428,-3.756615400314331,-3.7279720306396484,-0.06569194793701172,-0.09433531761169434,0.028643369674682617,-3.8766274452209473
pair_0067_happy,pair_0067,17,02,02,01,happy,pair_0067_sad,-1,direct_block_21,audio_v_edge,[21],-3.8223073482513428,-3.756615400314331,-3.775979518890381,-0.06569194793701172,-0.046327829360961914,-0.019364118576049805,-3.8766274452209473
pair_0067_happy,pair_0067,17,02,02,01,happy,pair_0067_sad,-1,direct_block_22,audio_v_edge,[22],-3.8223073482513428,-3.756615400314331,-3.796679973602295,-0.06569194793701172,-0.02562737464904785,-0.04006457328796387,-3.8766274452209473
pair_0067_happy,pair_0067,17,02,02,01,happy,pair_0067_sad,-1,direct_block_23,audio_v_edge,[23],-3.8223073482513428,-3.756615400314331,-3.7852323055267334,-0.06569194793701172,-0.037075042724609375,-0.028616905212402344,-3.8766274452209473
pair_0067_happy,pair_0067,17,02,02,01,happy,pair_0067_sad,-1,direct_cumulative_18_19,audio_v_edge,"[18, 19]",-3.8223073482513428,-3.756615400314331,-3.816635847091675,-0.06569194793701172,-0.005671501159667969,-0.06002044677734375,-3.8766274452209473
pair_0067_happy,pair_0067,17,02,02,01,happy,pair_0067_sad,-1,direct_cumulative_18_20,audio_v_edge,"[18, 19, 20]",-3.8223073482513428,-3.756615400314331,-3.788053512573242,-0.06569194793701172,-0.034253835678100586,-0.03143811225891113,-3.8766274452209473
pair_0067_happy,pair_0067,17,02,02,01,happy,pair_0067_sad,-1,direct_cumulative_18_21,audio_v_edge,"[18, 19, 20, 21]",-3.8223073482513428,-3.756615400314331,-3.8092501163482666,-0.06569194793701172,-0.013057231903076172,-0.05263471603393555,-3.8766274452209473
pair_0067_happy,pair_0067,17,02,02,01,happy,pair_0067_sad,-1,direct_cumulative_18_22,audio_v_edge,"[18, 19, 20, 21, 22]",-3.8223073482513428,-3.756615400314331,-3.8467001914978027,-0.06569194793701172,0.02439284324645996,-0.09008479118347168,-3.8766274452209473
pair_0067_happy,pair_0067,17,02,02,01,happy,pair_0067_sad,-1,direct_cumulative_18_23,audio_v_edge,"[18, 19, 20, 21, 22, 23]",-3.8223073482513428,-3.756615400314331,-3.8766274452209473,-0.06569194793701172,0.05432009696960449,-0.12001204490661621,-3.8766274452209473
pair_0067_sad,pair_0067,17,02,02,01,sad,pair_0067_happy,1,direct_block_18,audio_v_edge,[18],-3.4964675903320312,-3.553893566131592,-3.553057909011841,-0.05742597579956055,-0.05659031867980957,-0.0008356571197509766,-3.4538443088531494
pair_0067_sad,pair_0067,17,02,02,01,sad,pair_0067_happy,1,direct_block_19,audio_v_edge,[19],-3.4964675903320312,-3.553893566131592,-3.510068655014038,-0.05742597579956055,-0.013601064682006836,-0.04382491111755371,-3.4538443088531494
pair_0067_sad,pair_0067,17,02,02,01,sad,pair_0067_happy,1,direct_block_20,audio_v_edge,[20],-3.4964675903320312,-3.553893566131592,-3.5914406776428223,-0.05742597579956055,-0.09497308731079102,0.03754711151123047,-3.4538443088531494
pair_0067_sad,pair_0067,17,02,02,01,sad,pair_0067_happy,1,direct_block_21,audio_v_edge,[21],-3.4964675903320312,-3.553893566131592,-3.5125527381896973,-0.05742597579956055,-0.016085147857666016,-0.04134082794189453,-3.4538443088531494
pair_0067_sad,pair_0067,17,02,02,01,sad,pair_0067_happy,1,direct_block_22,audio_v_edge,[22],-3.4964675903320312,-3.553893566131592,-3.518536329269409,-0.05742597579956055,-0.02206873893737793,-0.03535723686218262,-3.4538443088531494
pair_0067_sad,pair_0067,17,02,02,01,sad,pair_0067_happy,1,direct_block_23,audio_v_edge,[23],-3.4964675903320312,-3.553893566131592,-3.5368690490722656,-0.05742597579956055,-0.040401458740234375,-0.017024517059326172,-3.4538443088531494
pair_0067_sad,pair_0067,17,02,02,01,sad,pair_0067_happy,1,direct_cumulative_18_19,audio_v_edge,"[18, 19]",-3.4964675903320312,-3.553893566131592,-3.508697509765625,-0.05742597579956055,-0.01222991943359375,-0.0451960563659668,-3.4538443088531494
pair_0067_sad,pair_0067,17,02,02,01,sad,pair_0067_happy,1,direct_cumulative_18_20,audio_v_edge,"[18, 19, 20]",-3.4964675903320312,-3.553893566131592,-3.5464582443237305,-0.05742597579956055,-0.04999065399169922,-0.007435321807861328,-3.4538443088531494
pair_0067_sad,pair_0067,17,02,02,01,sad,pair_0067_happy,1,direct_cumulative_18_21,audio_v_edge,"[18, 19, 20, 21]",-3.4964675903320312,-3.553893566131592,-3.507338523864746,-0.05742597579956055,-0.010870933532714844,-0.0465550422668457,-3.4538443088531494
pair_0067_sad,pair_0067,17,02,02,01,sad,pair_0067_happy,1,direct_cumulative_18_22,audio_v_edge,"[18, 19, 20, 21, 22]",-3.4964675903320312,-3.553893566131592,-3.469748020172119,-0.05742597579956055,0.02671957015991211,-0.08414554595947266,-3.4538443088531494
pair_0067_sad,pair_0067,17,02,02,01,sad,pair_0067_happy,1,direct_cumulative_18_23,audio_v_edge,"[18, 19, 20, 21, 22, 23]",-3.4964675903320312,-3.553893566131592,-3.4538443088531494,-0.05742597579956055,0.042623281478881836,-0.10004925727844238,-3.4538443088531494
pair_0068_happy,pair_0068,18,01,01,01,happy,pair_0068_sad,-1,direct_block_18,audio_v_edge,[18],-4.009371280670166,-3.7416162490844727,-3.863126277923584,-0.26775503158569336,-0.14624500274658203,-0.12151002883911133,-3.932710647583008
pair_0068_happy,pair_0068,18,01,01,01,happy,pair_0068_sad,-1,direct_block_19,audio_v_edge,[19],-4.009371280670166,-3.7416162490844727,-3.851827621459961,-0.26775503158569336,-0.15754365921020508,-0.11021137237548828,-3.932710647583008
pair_0068_happy,pair_0068,18,01,01,01,happy,pair_0068_sad,-1,direct_block_20,audio_v_edge,[20],-4.009371280670166,-3.7416162490844727,-3.8076775074005127,-0.26775503158569336,-0.20169377326965332,-0.06606125831604004,-3.932710647583008
pair_0068_happy,pair_0068,18,01,01,01,happy,pair_0068_sad,-1,direct_block_21,audio_v_edge,[21],-4.009371280670166,-3.7416162490844727,-3.7011985778808594,-0.26775503158569336,-0.30817270278930664,0.04041767120361328,-3.932710647583008
pair_0068_happy,pair_0068,18,01,01,01,happy,pair_0068_sad,-1,direct_block_22,audio_v_edge,[22],-4.009371280670166,-3.7416162490844727,-3.738403797149658,-0.26775503158569336,-0.2709674835205078,0.003212451934814453,-3.932710647583008
pair_0068_happy,pair_0068,18,01,01,01,happy,pair_0068_sad,-1,direct_block_23,audio_v_edge,[23],-4.009371280670166,-3.7416162490844727,-3.6773030757904053,-0.26775503158569336,-0.33206820487976074,0.06431317329406738,-3.932710647583008
pair_0068_happy,pair_0068,18,01,01,01,happy,pair_0068_sad,-1,direct_cumulative_18_19,audio_v_edge,"[18, 19]",-4.009371280670166,-3.7416162490844727,-3.9737191200256348,-0.26775503158569336,-0.03565216064453125,-0.2321028709411621,-3.932710647583008
pair_0068_happy,pair_0068,18,01,01,01,happy,pair_0068_sad,-1,direct_cumulative_18_20,audio_v_edge,"[18, 19, 20]",-4.009371280670166,-3.7416162490844727,-4.039547920227051,-0.26775503158569336,0.030176639556884766,-0.2979316711425781,-3.932710647583008
pair_0068_happy,pair_0068,18,01,01,01,happy,pair_0068_sad,-1,direct_cumulative_18_21,audio_v_edge,"[18, 19, 20, 21]",-4.009371280670166,-3.7416162490844727,-4.000308036804199,-0.26775503158569336,-0.009063243865966797,-0.25869178771972656,-3.932710647583008
pair_0068_happy,pair_0068,18,01,01,01,happy,pair_0068_sad,-1,direct_cumulative_18_22,audio_v_edge,"[18, 19, 20, 21, 22]",-4.009371280670166,-3.7416162490844727,-3.996145009994507,-0.26775503158569336,-0.01322627067565918,-0.2545287609100342,-3.932710647583008
pair_0068_happy,pair_0068,18,01,01,01,happy,pair_0068_sad,-1,direct_cumulative_18_23,audio_v_edge,"[18, 19, 20, 21, 22, 23]",-4.009371280670166,-3.7416162490844727,-3.932710647583008,-0.26775503158569336,-0.0766606330871582,-0.19109439849853516,-3.932710647583008
pair_0068_sad,pair_0068,18,01,01,01,sad,pair_0068_happy,1,direct_block_18,audio_v_edge,[18],-4.21242618560791,-4.486167907714844,-4.415101051330566,-0.2737417221069336,-0.20267486572265625,-0.07106685638427734,-4.261665344238281
pair_0068_sad,pair_0068,18,01,01,01,sad,pair_0068_happy,1,direct_block_19,audio_v_edge,[19],-4.21242618560791,-4.486167907714844,-4.365754127502441,-0.2737417221069336,-0.15332794189453125,-0.12041378021240234,-4.261665344238281
pair_0068_sad,pair_0068,18,01,01,01,sad,pair_0068_happy,1,direct_block_20,audio_v_edge,[20],-4.21242618560791,-4.486167907714844,-4.484976291656494,-0.2737417221069336,-0.272550106048584,-0.0011916160583496094,-4.261665344238281
pair_0068_sad,pair_0068,18,01,01,01,sad,pair_0068_happy,1,direct_block_21,audio_v_edge,[21],-4.21242618560791,-4.486167907714844,-4.443453788757324,-0.2737417221069336,-0.23102760314941406,-0.04271411895751953,-4.261665344238281
pair_0068_sad,pair_0068,18,01,01,01,sad,pair_0068_happy,1,direct_block_22,audio_v_edge,[22],-4.21242618560791,-4.486167907714844,-4.479276657104492,-0.2737417221069336,-0.26685047149658203,-0.0068912506103515625,-4.261665344238281
pair_0068_sad,pair_0068,18,01,01,01,sad,pair_0068_happy,1,direct_block_23,audio_v_edge,[23],-4.21242618560791,-4.486167907714844,-4.502445697784424,-0.2737417221069336,-0.29001951217651367,0.016277790069580078,-4.261665344238281
pair_0068_sad,pair_0068,18,01,01,01,sad,pair_0068_happy,1,direct_cumulative_18_19,audio_v_edge,"[18, 19]",-4.21242618560791,-4.486167907714844,-4.295314788818359,-0.2737417221069336,-0.08288860321044922,-0.19085311889648438,-4.261665344238281
pair_0068_sad,pair_0068,18,01,01,01,sad,pair_0068_happy,1,direct_cumulative_18_20,audio_v_edge,"[18, 19, 20]",-4.21242618560791,-4.486167907714844,-4.294561386108398,-0.2737417221069336,-0.08213520050048828,-0.1916065216064453,-4.261665344238281
pair_0068_sad,pair_0068,18,01,01,01,sad,pair_0068_happy,1,direct_cumulative_18_21,audio_v_edge,"[18, 19, 20, 21]",-4.21242618560791,-4.486167907714844,-4.2498297691345215,-0.2737417221069336,-0.03740358352661133,-0.23633813858032227,-4.261665344238281
pair_0068_sad,pair_0068,18,01,01,01,sad,pair_0068_happy,1,direct_cumulative_18_22,audio_v_edge,"[18, 19, 20, 21, 22]",-4.21242618560791,-4.486167907714844,-4.242659091949463,-0.2737417221069336,-0.030232906341552734,-0.24350881576538086,-4.261665344238281
pair_0068_sad,pair_0068,18,01,01,01,sad,pair_0068_happy,1,direct_cumulative_18_23,audio_v_edge,"[18, 19, 20, 21, 22, 23]",-4.21242618560791,-4.486167907714844,-4.261665344238281,-0.2737417221069336,-0.049239158630371094,-0.2245025634765625,-4.261665344238281
pair_0069_happy,pair_0069,18,01,02,01,happy,pair_0069_sad,-1,direct_block_18,audio_v_edge,[18],-3.73952054977417,-3.616150379180908,-3.5020999908447266,-0.12337017059326172,-0.23742055892944336,0.11405038833618164,-3.53977108001709
pair_0069_happy,pair_0069,18,01,02,01,happy,pair_0069_sad,-1,direct_block_19,audio_v_edge,[19],-3.73952054977417,-3.616150379180908,-3.6685473918914795,-0.12337017059326172,-0.07097315788269043,-0.05239701271057129,-3.53977108001709
pair_0069_happy,pair_0069,18,01,02,01,happy,pair_0069_sad,-1,direct_block_20,audio_v_edge,[20],-3.73952054977417,-3.616150379180908,-3.7480034828186035,-0.12337017059326172,0.008482933044433594,-0.1318531036376953,-3.53977108001709
pair_0069_happy,pair_0069,18,01,02,01,happy,pair_0069_sad,-1,direct_block_21,audio_v_edge,[21],-3.73952054977417,-3.616150379180908,-3.597494602203369,-0.12337017059326172,-0.14202594757080078,0.018655776977539062,-3.53977108001709
pair_0069_happy,pair_0069,18,01,02,01,happy,pair_0069_sad,-1,direct_block_22,audio_v_edge,[22],-3.73952054977417,-3.616150379180908,-3.50889253616333,-0.12337017059326172,-0.23062801361083984,0.10725784301757812,-3.53977108001709
pair_0069_happy,pair_0069,18,01,02,01,happy,pair_0069_sad,-1,direct_block_23,audio_v_edge,[23],-3.73952054977417,-3.616150379180908,-3.621910572052002,-0.12337017059326172,-0.11760997772216797,-0.00576019287109375,-3.53977108001709
pair_0069_happy,pair_0069,18,01,02,01,happy,pair_0069_sad,-1,direct_cumulative_18_19,audio_v_edge,"[18, 19]",-3.73952054977417,-3.616150379180908,-3.5550038814544678,-0.12337017059326172,-0.18451666831970215,0.06114649772644043,-3.53977108001709
pair_0069_happy,pair_0069,18,01,02,01,happy,pair_0069_sad,-1,direct_cumulative_18_20,audio_v_edge,"[18, 19, 20]",-3.73952054977417,-3.616150379180908,-3.6841187477111816,-0.12337017059326172,-0.05540180206298828,-0.06796836853027344,-3.53977108001709
pair_0069_happy,pair_0069,18,01,02,01,happy,pair_0069_sad,-1,direct_cumulative_18_21,audio_v_edge,"[18, 19, 20, 21]",-3.73952054977417,-3.616150379180908,-3.667288303375244,-0.12337017059326172,-0.07223224639892578,-0.05113792419433594,-3.53977108001709
pair_0069_happy,pair_0069,18,01,02,01,happy,pair_0069_sad,-1,direct_cumulative_18_22,audio_v_edge,"[18, 19, 20, 21, 22]",-3.73952054977417,-3.616150379180908,-3.533555030822754,-0.12337017059326172,-0.20596551895141602,0.0825953483581543,-3.53977108001709
pair_0069_happy,pair_0069,18,01,02,01,happy,pair_0069_sad,-1,direct_cumulative_18_23,audio_v_edge,"[18, 19, 20, 21, 22, 23]",-3.73952054977417,-3.616150379180908,-3.53977108001709,-0.12337017059326172,-0.19974946975708008,0.07637929916381836,-3.53977108001709
pair_0069_sad,pair_0069,18,01,02,01,sad,pair_0069_happy,1,direct_block_18,audio_v_edge,[18],-4.420629501342773,-4.5316691398620605,-4.448529243469238,-0.11103963851928711,-0.027899742126464844,-0.08313989639282227,-4.526686191558838
pair_0069_sad,pair_0069,18,01,02,01,sad,pair_0069_happy,1,direct_block_19,audio_v_edge,[19],-4.420629501342773,-4.5316691398620605,-4.493406295776367,-0.11103963851928711,-0.07277679443359375,-0.03826284408569336,-4.526686191558838
pair_0069_sad,pair_0069,18,01,02,01,sad,pair_0069_happy,1,direct_block_20,audio_v_edge,[20],-4.420629501342773,-4.5316691398620605,-4.5006818771362305,-0.11103963851928711,-0.08005237579345703,-0.030987262725830078,-4.526686191558838
pair_0069_sad,pair_0069,18,01,02,01,sad,pair_0069_happy,1,direct_block_21,audio_v_edge,[21],-4.420629501342773,-4.5316691398620605,-4.423856258392334,-0.11103963851928711,-0.003226757049560547,-0.10781288146972656,-4.526686191558838
pair_0069_sad,pair_0069,18,01,02,01,sad,pair_0069_happy,1,direct_block_22,audio_v_edge,[22],-4.420629501342773,-4.5316691398620605,-4.703516006469727,-0.11103963851928711,-0.2828865051269531,0.17184686660766602,-4.526686191558838
pair_0069_sad,pair_0069,18,01,02,01,sad,pair_0069_happy,1,direct_block_23,audio_v_edge,[23],-4.420629501342773,-4.5316691398620605,-4.614968299865723,-0.11103963851928711,-0.19433879852294922,0.08329916000366211,-4.526686191558838
pair_0069_sad,pair_0069,18,01,02,01,sad,pair_0069_happy,1,direct_cumulative_18_19,audio_v_edge,"[18, 19]",-4.420629501342773,-4.5316691398620605,-4.410524368286133,-0.11103963851928711,0.010105133056640625,-0.12114477157592773,-4.526686191558838
pair_0069_sad,pair_0069,18,01,02,01,sad,pair_0069_happy,1,direct_cumulative_18_20,audio_v_edge,"[18, 19, 20]",-4.420629501342773,-4.5316691398620605,-4.380498886108398,-0.11103963851928711,0.040130615234375,-0.1511702537536621,-4.526686191558838
pair_0069_sad,pair_0069,18,01,02,01,sad,pair_0069_happy,1,direct_cumulative_18_21,audio_v_edge,"[18, 19, 20, 21]",-4.420629501342773,-4.5316691398620605,-4.2774505615234375,-0.11103963851928711,0.14317893981933594,-0.25421857833862305,-4.526686191558838
pair_0069_sad,pair_0069,18,01,02,01,sad,pair_0069_happy,1,direct_cumulative_18_22,audio_v_edge,"[18, 19, 20, 21, 22]",-4.420629501342773,-4.5316691398620605,-4.438375473022461,-0.11103963851928711,-0.0177459716796875,-0.09329366683959961,-4.526686191558838
pair_0069_sad,pair_0069,18,01,02,01,sad,pair_0069_happy,1,direct_cumulative_18_23,audio_v_edge,"[18, 19, 20, 21, 22, 23]",-4.420629501342773,-4.5316691398620605,-4.526686191558838,-0.11103963851928711,-0.10605669021606445,-0.004982948303222656,-4.526686191558838
pair_0070_happy,pair_0070,18,02,01,01,happy,pair_0070_sad,-1,direct_block_18,audio_v_edge,[18],-3.849033832550049,-3.7826974391937256,-3.8158607482910156,-0.06633639335632324,-0.0331730842590332,-0.03316330909729004,-3.6949052810668945
pair_0070_happy,pair_0070,18,02,01,01,happy,pair_0070_sad,-1,direct_block_19,audio_v_edge,[19],-3.849033832550049,-3.7826974391937256,-3.8075575828552246,-0.06633639335632324,-0.04147624969482422,-0.024860143661499023,-3.6949052810668945
pair_0070_happy,pair_0070,18,02,01,01,happy,pair_0070_sad,-1,direct_block_20,audio_v_edge,[20],-3.849033832550049,-3.7826974391937256,-3.7974374294281006,-0.06633639335632324,-0.05159640312194824,-0.014739990234375,-3.6949052810668945
pair_0070_happy,pair_0070,18,02,01,01,happy,pair_0070_sad,-1,direct_block_21,audio_v_edge,[21],-3.849033832550049,-3.7826974391937256,-3.753357172012329,-0.06633639335632324,-0.09567666053771973,0.029340267181396484,-3.6949052810668945
pair_0070_happy,pair_0070,18,02,01,01,happy,pair_0070_sad,-1,direct_block_22,audio_v_edge,[22],-3.849033832550049,-3.7826974391937256,-3.7191596031188965,-0.06633639335632324,-0.12987422943115234,0.0635378360748291,-3.6949052810668945
pair_0070_happy,pair_0070,18,02,01,01,happy,pair_0070_sad,-1,direct_block_23,audio_v_edge,[23],-3.849033832550049,-3.7826974391937256,-3.7092208862304688,-0.06633639335632324,-0.13981294631958008,0.07347655296325684,-3.6949052810668945
pair_0070_happy,pair_0070,18,02,01,01,happy,pair_0070_sad,-1,direct_cumulative_18_19,audio_v_edge,"[18, 19]",-3.849033832550049,-3.7826974391937256,-3.8427090644836426,-0.06633639335632324,-0.00632476806640625,-0.06001162528991699,-3.6949052810668945
pair_0070_happy,pair_0070,18,02,01,01,happy,pair_0070_sad,-1,direct_cumulative_18_20,audio_v_edge,"[18, 19, 20]",-3.849033832550049,-3.7826974391937256,-3.857485055923462,-0.06633639335632324,0.008451223373413086,-0.07478761672973633,-3.6949052810668945
pair_0070_happy,pair_0070,18,02,01,01,happy,pair_0070_sad,-1,direct_cumulative_18_21,audio_v_edge,"[18, 19, 20, 21]",-3.849033832550049,-3.7826974391937256,-3.828871011734009,-0.06633639335632324,-0.02016282081604004,-0.0461735725402832,-3.6949052810668945
pair_0070_happy,pair_0070,18,02,01,01,happy,pair_0070_sad,-1,direct_cumulative_18_22,audio_v_edge,"[18, 19, 20, 21, 22]",-3.849033832550049,-3.7826974391937256,-3.7680628299713135,-0.06633639335632324,-0.08097100257873535,0.01463460922241211,-3.6949052810668945
pair_0070_happy,pair_0070,18,02,01,01,happy,pair_0070_sad,-1,direct_cumulative_18_23,audio_v_edge,"[18, 19, 20, 21, 22, 23]",-3.849033832550049,-3.7826974391937256,-3.6949052810668945,-0.06633639335632324,-0.1541285514831543,0.08779215812683105,-3.6949052810668945
pair_0070_sad,pair_0070,18,02,01,01,sad,pair_0070_happy,1,direct_block_18,audio_v_edge,[18],-4.095071792602539,-4.133852958679199,-4.124370098114014,-0.038781166076660156,-0.02929830551147461,-0.009482860565185547,-4.140209674835205
pair_0070_sad,pair_0070,18,02,01,01,sad,pair_0070_happy,1,direct_block_19,audio_v_edge,[19],-4.095071792602539,-4.133852958679199,-4.1299238204956055,-0.038781166076660156,-0.034852027893066406,-0.00392913818359375,-4.140209674835205
pair_0070_sad,pair_0070,18,02,01,01,sad,pair_0070_happy,1,direct_block_20,audio_v_edge,[20],-4.095071792602539,-4.133852958679199,-4.133213996887207,-0.038781166076660156,-0.03814220428466797,-0.0006389617919921875,-4.140209674835205
pair_0070_sad,pair_0070,18,02,01,01,sad,pair_0070_happy,1,direct_block_21,audio_v_edge,[21],-4.095071792602539,-4.133852958679199,-4.15908145904541,-0.038781166076660156,-0.0640096664428711,0.025228500366210938,-4.140209674835205
pair_0070_sad,pair_0070,18,02,01,01,sad,pair_0070_happy,1,direct_block_22,audio_v_edge,[22],-4.095071792602539,-4.133852958679199,-4.057129383087158,-0.038781166076660156,0.03794240951538086,-0.07672357559204102,-4.140209674835205
pair_0070_sad,pair_0070,18,02,01,01,sad,pair_0070_happy,1,direct_block_23,audio_v_edge,[23],-4.095071792602539,-4.133852958679199,-4.207454681396484,-0.038781166076660156,-0.11238288879394531,0.07360172271728516,-4.140209674835205
pair_0070_sad,pair_0070,18,02,01,01,sad,pair_0070_happy,1,direct_cumulative_18_19,audio_v_edge,"[18, 19]",-4.095071792602539,-4.133852958679199,-4.122949600219727,-0.038781166076660156,-0.0278778076171875,-0.010903358459472656,-4.140209674835205
pair_0070_sad,pair_0070,18,02,01,01,sad,pair_0070_happy,1,direct_cumulative_18_20,audio_v_edge,"[18, 19, 20]",-4.095071792602539,-4.133852958679199,-4.122264862060547,-0.038781166076660156,-0.027193069458007812,-0.011588096618652344,-4.140209674835205
pair_0070_sad,pair_0070,18,02,01,01,sad,pair_0070_happy,1,direct_cumulative_18_21,audio_v_edge,"[18, 19, 20, 21]",-4.095071792602539,-4.133852958679199,-4.1471662521362305,-0.038781166076660156,-0.052094459533691406,0.01331329345703125,-4.140209674835205
pair_0070_sad,pair_0070,18,02,01,01,sad,pair_0070_happy,1,direct_cumulative_18_22,audio_v_edge,"[18, 19, 20, 21, 22]",-4.095071792602539,-4.133852958679199,-4.066475868225098,-0.038781166076660156,0.028595924377441406,-0.06737709045410156,-4.140209674835205
pair_0070_sad,pair_0070,18,02,01,01,sad,pair_0070_happy,1,direct_cumulative_18_23,audio_v_edge,"[18, 19, 20, 21, 22, 23]",-4.095071792602539,-4.133852958679199,-4.140209674835205,-0.038781166076660156,-0.045137882232666016,0.006356716156005859,-4.140209674835205
pair_0071_happy,pair_0071,18,02,02,01,happy,pair_0071_sad,-1,direct_block_18,audio_v_edge,[18],-4.281855583190918,-4.744826793670654,-4.402064800262451,0.46297121047973633,0.1202092170715332,0.3427619934082031,-4.184079647064209
pair_0071_happy,pair_0071,18,02,02,01,happy,pair_0071_sad,-1,direct_block_19,audio_v_edge,[19],-4.281855583190918,-4.744826793670654,-4.770793437957764,0.46297121047973633,0.4889378547668457,-0.025966644287109375,-4.184079647064209
pair_0071_happy,pair_0071,18,02,02,01,happy,pair_0071_sad,-1,direct_block_20,audio_v_edge,[20],-4.281855583190918,-4.744826793670654,-4.799655437469482,0.46297121047973633,0.5177998542785645,-0.054828643798828125,-4.184079647064209
pair_0071_happy,pair_0071,18,02,02,01,happy,pair_0071_sad,-1,direct_block_21,audio_v_edge,[21],-4.281855583190918,-4.744826793670654,-4.697056293487549,0.46297121047973633,0.41520071029663086,0.04777050018310547,-4.184079647064209
pair_0071_happy,pair_0071,18,02,02,01,happy,pair_0071_sad,-1,direct_block_22,audio_v_edge,[22],-4.281855583190918,-4.744826793670654,-4.3960466384887695,0.46297121047973633,0.11419105529785156,0.34878015518188477,-4.184079647064209
pair_0071_happy,pair_0071,18,02,02,01,happy,pair_0071_sad,-1,direct_block_23,audio_v_edge,[23],-4.281855583190918,-4.744826793670654,-5.0422682762146,0.46297121047973633,0.7604126930236816,-0.2974414825439453,-4.184079647064209
pair_0071_happy,pair_0071,18,02,02,01,happy,pair_0071_sad,-1,direct_cumulative_18_19,audio_v_edge,"[18, 19]",-4.281855583190918,-4.744826793670654,-4.460064888000488,0.46297121047973633,0.1782093048095703,0.284761905670166,-4.184079647064209
pair_0071_happy,pair_0071,18,02,02,01,happy,pair_0071_sad,-1,direct_cumulative_18_20,audio_v_edge,"[18, 19, 20]",-4.281855583190918,-4.744826793670654,-4.520150184631348,0.46297121047973633,0.2382946014404297,0.22467660903930664,-4.184079647064209
pair_0071_happy,pair_0071,18,02,02,01,happy,pair_0071_sad,-1,direct_cumulative_18_21,audio_v_edge,"[18, 19, 20, 21]",-4.281855583190918,-4.744826793670654,-4.458898067474365,0.46297121047973633,0.17704248428344727,0.28592872619628906,-4.184079647064209
pair_0071_happy,pair_0071,18,02,02,01,happy,pair_0071_sad,-1,direct_cumulative_18_22,audio_v_edge,"[18, 19, 20, 21, 22]",-4.281855583190918,-4.744826793670654,-3.9185447692871094,0.46297121047973633,-0.3633108139038086,0.8262820243835449,-4.184079647064209
pair_0071_happy,pair_0071,18,02,02,01,happy,pair_0071_sad,-1,direct_cumulative_18_23,audio_v_edge,"[18, 19, 20, 21, 22, 23]",-4.281855583190918,-4.744826793670654,-4.184079647064209,0.46297121047973633,-0.09777593612670898,0.5607471466064453,-4.184079647064209
pair_0071_sad,pair_0071,18,02,02,01,sad,pair_0071_happy,1,direct_block_18,audio_v_edge,[18],-3.8288536071777344,-3.5870842933654785,-3.6273369789123535,0.24176931381225586,0.20151662826538086,0.040252685546875,-3.9569897651672363
pair_0071_sad,pair_0071,18,02,02,01,sad,pair_0071_happy,1,direct_block_19,audio_v_edge,[19],-3.8288536071777344,-3.5870842933654785,-3.6756043434143066,0.24176931381225586,0.15324926376342773,0.08852005004882812,-3.9569897651672363
pair_0071_sad,pair_0071,18,02,02,01,sad,pair_0071_happy,1,direct_block_20,audio_v_edge,[20],-3.8288536071777344,-3.5870842933654785,-3.6487367153167725,0.24176931381225586,0.18011689186096191,0.061652421951293945,-3.9569897651672363
pair_0071_sad,pair_0071,18,02,02,01,sad,pair_0071_happy,1,direct_block_21,audio_v_edge,[21],-3.8288536071777344,-3.5870842933654785,-3.5568196773529053,0.24176931381225586,0.2720339298248291,-0.030264616012573242,-3.9569897651672363
pair_0071_sad,pair_0071,18,02,02,01,sad,pair_0071_happy,1,direct_block_22,audio_v_edge,[22],-3.8288536071777344,-3.5870842933654785,-3.785944700241089,0.24176931381225586,0.04290890693664551,0.19886040687561035,-3.9569897651672363
pair_0071_sad,pair_0071,18,02,02,01,sad,pair_0071_happy,1,direct_block_23,audio_v_edge,[23],-3.8288536071777344,-3.5870842933654785,-3.593275308609009,0.24176931381225586,0.23557829856872559,0.0061910152435302734,-3.9569897651672363
pair_0071_sad,pair_0071,18,02,02,01,sad,pair_0071_happy,1,direct_cumulative_18_19,audio_v_edge,"[18, 19]",-3.8288536071777344,-3.5870842933654785,-3.7173640727996826,0.24176931381225586,0.11148953437805176,0.1302797794342041,-3.9569897651672363
pair_0071_sad,pair_0071,18,02,02,01,sad,pair_0071_happy,1,direct_cumulative_18_20,audio_v_edge,"[18, 19, 20]",-3.8288536071777344,-3.5870842933654785,-3.784362554550171,0.24176931381225586,0.04449105262756348,0.19727826118469238,-3.9569897651672363
pair_0071_sad,pair_0071,18,02,02,01,sad,pair_0071_happy,1,direct_cumulative_18_21,audio_v_edge,"[18, 19, 20, 21]",-3.8288536071777344,-3.5870842933654785,-3.763195514678955,0.24176931381225586,0.0656580924987793,0.17611122131347656,-3.9569897651672363
pair_0071_sad,pair_0071,18,02,02,01,sad,pair_0071_happy,1,direct_cumulative_18_22,audio_v_edge,"[18, 19, 20, 21, 22]",-3.8288536071777344,-3.5870842933654785,-3.949770450592041,0.24176931381225586,-0.12091684341430664,0.3626861572265625,-3.9569897651672363
pair_0071_sad,pair_0071,18,02,02,01,sad,pair_0071_happy,1,direct_cumulative_18_23,audio_v_edge,"[18, 19, 20, 21, 22, 23]",-3.8288536071777344,-3.5870842933654785,-3.9569897651672363,0.24176931381225586,-0.12813615798950195,0.3699054718017578,-3.9569897651672363
pair_0072_happy,pair_0072,19,01,01,01,happy,pair_0072_sad,-1,direct_block_18,audio_v_edge,[18],-4.446919918060303,-4.636791229248047,-4.516278266906738,0.18987131118774414,0.06935834884643555,0.1205129623413086,-4.484574317932129
pair_0072_happy,pair_0072,19,01,01,01,happy,pair_0072_sad,-1,direct_block_19,audio_v_edge,[19],-4.446919918060303,-4.636791229248047,-4.687054634094238,0.18987131118774414,0.24013471603393555,-0.050263404846191406,-4.484574317932129
pair_0072_happy,pair_0072,19,01,01,01,happy,pair_0072_sad,-1,direct_block_20,audio_v_edge,[20],-4.446919918060303,-4.636791229248047,-4.660883903503418,0.18987131118774414,0.21396398544311523,-0.024092674255371094,-4.484574317932129
pair_0072_happy,pair_0072,19,01,01,01,happy,pair_0072_sad,-1,direct_block_21,audio_v_edge,[21],-4.446919918060303,-4.636791229248047,-4.603367328643799,0.18987131118774414,0.1564474105834961,0.03342390060424805,-4.484574317932129
pair_0072_happy,pair_0072,19,01,01,01,happy,pair_0072_sad,-1,direct_block_22,audio_v_edge,[22],-4.446919918060303,-4.636791229248047,-4.543839931488037,0.18987131118774414,0.09692001342773438,0.09295129776000977,-4.484574317932129
pair_0072_happy,pair_0072,19,01,01,01,happy,pair_0072_sad,-1,direct_block_23,audio_v_edge,[23],-4.446919918060303,-4.636791229248047,-4.652151107788086,0.18987131118774414,0.2052311897277832,-0.015359878540039062,-4.484574317932129
pair_0072_happy,pair_0072,19,01,01,01,happy,pair_0072_sad,-1,direct_cumulative_18_19,audio_v_edge,"[18, 19]",-4.446919918060303,-4.636791229248047,-4.5698676109313965,0.18987131118774414,0.12294769287109375,0.06692361831665039,-4.484574317932129
pair_0072_happy,pair_0072,19,01,01,01,happy,pair_0072_sad,-1,direct_cumulative_18_20,audio_v_edge,"[18, 19, 20]",-4.446919918060303,-4.636791229248047,-4.596782207489014,0.18987131118774414,0.14986228942871094,0.0400090217590332,-4.484574317932129
pair_0072_happy,pair_0072,19,01,01,01,happy,pair_0072_sad,-1,direct_cumulative_18_21,audio_v_edge,"[18, 19, 20, 21]",-4.446919918060303,-4.636791229248047,-4.5622148513793945,0.18987131118774414,0.1152949333190918,0.07457637786865234,-4.484574317932129
pair_0072_happy,pair_0072,19,01,01,01,happy,pair_0072_sad,-1,direct_cumulative_18_22,audio_v_edge,"[18, 19, 20, 21, 22]",-4.446919918060303,-4.636791229248047,-4.4693193435668945,0.18987131118774414,0.022399425506591797,0.16747188568115234,-4.484574317932129
pair_0072_happy,pair_0072,19,01,01,01,happy,pair_0072_sad,-1,direct_cumulative_18_23,audio_v_edge,"[18, 19, 20, 21, 22, 23]",-4.446919918060303,-4.636791229248047,-4.484574317932129,0.18987131118774414,0.03765439987182617,0.15221691131591797,-4.484574317932129
pair_0072_sad,pair_0072,19,01,01,01,sad,pair_0072_happy,1,direct_block_18,audio_v_edge,[18],-4.709850788116455,-4.5379109382629395,-4.564682483673096,0.17193984985351562,0.14516830444335938,0.02677154541015625,-4.675952911376953
pair_0072_sad,pair_0072,19,01,01,01,sad,pair_0072_happy,1,direct_block_19,audio_v_edge,[19],-4.709850788116455,-4.5379109382629395,-4.560266017913818,0.17193984985351562,0.14958477020263672,0.022355079650878906,-4.675952911376953
pair_0072_sad,pair_0072,19,01,01,01,sad,pair_0072_happy,1,direct_block_20,audio_v_edge,[20],-4.709850788116455,-4.5379109382629395,-4.548977851867676,0.17193984985351562,0.1608729362487793,0.011066913604736328,-4.675952911376953
pair_0072_sad,pair_0072,19,01,01,01,sad,pair_0072_happy,1,direct_block_21,audio_v_edge,[21],-4.709850788116455,-4.5379109382629395,-4.510961532592773,0.17193984985351562,0.19888925552368164,-0.026949405670166016,-4.675952911376953
pair_0072_sad,pair_0072,19,01,01,01,sad,pair_0072_happy,1,direct_block_22,audio_v_edge,[22],-4.709850788116455,-4.5379109382629395,-4.660388946533203,0.17193984985351562,0.04946184158325195,0.12247800827026367,-4.675952911376953
pair_0072_sad,pair_0072,19,01,01,01,sad,pair_0072_happy,1,direct_block_23,audio_v_edge,[23],-4.709850788116455,-4.5379109382629395,-4.516530513763428,0.17193984985351562,0.19332027435302734,-0.02138042449951172,-4.675952911376953
pair_0072_sad,pair_0072,19,01,01,01,sad,pair_0072_happy,1,direct_cumulative_18_19,audio_v_edge,"[18, 19]",-4.709850788116455,-4.5379109382629395,-4.587226390838623,0.17193984985351562,0.12262439727783203,0.049315452575683594,-4.675952911376953
pair_0072_sad,pair_0072,19,01,01,01,sad,pair_0072_happy,1,direct_cumulative_18_20,audio_v_edge,"[18, 19, 20]",-4.709850788116455,-4.5379109382629395,-4.5967864990234375,0.17193984985351562,0.11306428909301758,0.05887556076049805,-4.675952911376953
pair_0072_sad,pair_0072,19,01,01,01,sad,pair_0072_happy,1,direct_cumulative_18_21,audio_v_edge,"[18, 19, 20, 21]",-4.709850788116455,-4.5379109382629395,-4.570537567138672,0.17193984985351562,0.1393132209777832,0.03262662887573242,-4.675952911376953
pair_0072_sad,pair_0072,19,01,01,01,sad,pair_0072_happy,1,direct_cumulative_18_22,audio_v_edge,"[18, 19, 20, 21, 22]",-4.709850788116455,-4.5379109382629395,-4.698788642883301,0.17193984985351562,0.011062145233154297,0.16087770462036133,-4.675952911376953
pair_0072_sad,pair_0072,19,01,01,01,sad,pair_0072_happy,1,direct_cumulative_18_23,audio_v_edge,"[18, 19, 20, 21, 22, 23]",-4.709850788116455,-4.5379109382629395,-4.675952911376953,0.17193984985351562,0.03389787673950195,0.13804197311401367,-4.675952911376953
pair_0073_happy,pair_0073,19,01,02,01,happy,pair_0073_sad,-1,direct_block_18,audio_v_edge,[18],-4.707800388336182,-5.014750957489014,-4.969740867614746,0.30695056915283203,0.26194047927856445,0.04501008987426758,-4.78372049331665
pair_0073_happy,pair_0073,19,01,02,01,happy,pair_0073_sad,-1,direct_block_19,audio_v_edge,[19],-4.707800388336182,-5.014750957489014,-4.983989238739014,0.30695056915283203,0.27618885040283203,0.03076171875,-4.78372049331665
pair_0073_happy,pair_0073,19,01,02,01,happy,pair_0073_sad,-1,direct_block_20,audio_v_edge,[20],-4.707800388336182,-5.014750957489014,-4.977779865264893,0.30695056915283203,0.26997947692871094,0.036971092224121094,-4.78372049331665
pair_0073_happy,pair_0073,19,01,02,01,happy,pair_0073_sad,-1,direct_block_21,audio_v_edge,[21],-4.707800388336182,-5.014750957489014,-4.99036979675293,0.30695056915283203,0.28256940841674805,0.024381160736083984,-4.78372049331665
pair_0073_happy,pair_0073,19,01,02,01,happy,pair_0073_sad,-1,direct_block_22,audio_v_edge,[22],-4.707800388336182,-5.014750957489014,-4.939721584320068,0.30695056915283203,0.23192119598388672,0.07502937316894531,-4.78372049331665
pair_0073_happy,pair_0073,19,01,02,01,happy,pair_0073_sad,-1,direct_block_23,audio_v_edge,[23],-4.707800388336182,-5.014750957489014,-4.9923553466796875,0.30695056915283203,0.28455495834350586,0.022395610809326172,-4.78372049331665
pair_0073_happy,pair_0073,19,01,02,01,happy,pair_0073_sad,-1,direct_cumulative_18_19,audio_v_edge,"[18, 19]",-4.707800388336182,-5.014750957489014,-4.940306663513184,0.30695056915283203,0.23250627517700195,0.07444429397583008,-4.78372049331665
pair_0073_happy,pair_0073,19,01,02,01,happy,pair_0073_sad,-1,direct_cumulative_18_20,audio_v_edge,"[18, 19, 20]",-4.707800388336182,-5.014750957489014,-4.904255390167236,0.30695056915283203,0.1964550018310547,0.11049556732177734,-4.78372049331665
pair_0073_happy,pair_0073,19,01,02,01,happy,pair_0073_sad,-1,direct_cumulative_18_21,audio_v_edge,"[18, 19, 20, 21]",-4.707800388336182,-5.014750957489014,-4.8791961669921875,0.30695056915283203,0.17139577865600586,0.13555479049682617,-4.78372049331665
pair_0073_happy,pair_0073,19,01,02,01,happy,pair_0073_sad,-1,direct_cumulative_18_22,audio_v_edge,"[18, 19, 20, 21, 22]",-4.707800388336182,-5.014750957489014,-4.807923793792725,0.30695056915283203,0.10012340545654297,0.20682716369628906,-4.78372049331665
pair_0073_happy,pair_0073,19,01,02,01,happy,pair_0073_sad,-1,direct_cumulative_18_23,audio_v_edge,"[18, 19, 20, 21, 22, 23]",-4.707800388336182,-5.014750957489014,-4.78372049331665,0.30695056915283203,0.07592010498046875,0.23103046417236328,-4.78372049331665
pair_0073_sad,pair_0073,19,01,02,01,sad,pair_0073_happy,1,direct_block_18,audio_v_edge,[18],-4.421672344207764,-4.122769355773926,-4.254237651824951,0.2989029884338379,0.1674346923828125,0.1314682960510254,-4.397428035736084
pair_0073_sad,pair_0073,19,01,02,01,sad,pair_0073_happy,1,direct_block_19,audio_v_edge,[19],-4.421672344207764,-4.122769355773926,-4.129919052124023,0.2989029884338379,0.29175329208374023,0.007149696350097656,-4.397428035736084
pair_0073_sad,pair_0073,19,01,02,01,sad,pair_0073_happy,1,direct_block_20,audio_v_edge,[20],-4.421672344207764,-4.122769355773926,-4.214000701904297,0.2989029884338379,0.2076716423034668,0.0912313461303711,-4.397428035736084
pair_0073_sad,pair_0073,19,01,02,01,sad,pair_0073_happy,1,direct_block_21,audio_v_edge,[21],-4.421672344207764,-4.122769355773926,-4.023765563964844,0.2989029884338379,0.3979067802429199,-0.09900379180908203,-4.397428035736084
pair_0073_sad,pair_0073,19,01,02,01,sad,pair_0073_happy,1,direct_block_22,audio_v_edge,[22],-4.421672344207764,-4.122769355773926,-4.231057167053223,0.2989029884338379,0.19061517715454102,0.10828781127929688,-4.397428035736084
pair_0073_sad,pair_0073,19,01,02,01,sad,pair_0073_happy,1,direct_block_23,audio_v_edge,[23],-4.421672344207764,-4.122769355773926,-4.148627281188965,0.2989029884338379,0.27304506301879883,0.025857925415039062,-4.397428035736084
pair_0073_sad,pair_0073,19,01,02,01,sad,pair_0073_happy,1,direct_cumulative_18_19,audio_v_edge,"[18, 19]",-4.421672344207764,-4.122769355773926,-4.262074947357178,0.2989029884338379,0.15959739685058594,0.13930559158325195,-4.397428035736084
pair_0073_sad,pair_0073,19,01,02,01,sad,pair_0073_happy,1,direct_cumulative_18_20,audio_v_edge,"[18, 19, 20]",-4.421672344207764,-4.122769355773926,-4.352322578430176,0.2989029884338379,0.06934976577758789,0.22955322265625,-4.397428035736084
pair_0073_sad,pair_0073,19,01,02,01,sad,pair_0073_happy,1,direct_cumulative_18_21,audio_v_edge,"[18, 19, 20, 21]",-4.421672344207764,-4.122769355773926,-4.254324436187744,0.2989029884338379,0.16734790802001953,0.13155508041381836,-4.397428035736084
pair_0073_sad,pair_0073,19,01,02,01,sad,pair_0073_happy,1,direct_cumulative_18_22,audio_v_edge,"[18, 19, 20, 21, 22]",-4.421672344207764,-4.122769355773926,-4.366272449493408,0.2989029884338379,0.05539989471435547,0.24350309371948242,-4.397428035736084
pair_0073_sad,pair_0073,19,01,02,01,sad,pair_0073_happy,1,direct_cumulative_18_23,audio_v_edge,"[18, 19, 20, 21, 22, 23]",-4.421672344207764,-4.122769355773926,-4.397428035736084,0.2989029884338379,0.024244308471679688,0.2746586799621582,-4.397428035736084
pair_0074_happy,pair_0074,19,02,01,01,happy,pair_0074_sad,-1,direct_block_18,audio_v_edge,[18],-4.120583534240723,-4.641165733337402,-4.683008193969727,0.5205821990966797,0.5624246597290039,-0.04184246063232422,-4.244952201843262
pair_0074_happy,pair_0074,19,02,01,01,happy,pair_0074_sad,-1,direct_block_19,audio_v_edge,[19],-4.120583534240723,-4.641165733337402,-4.576877117156982,0.5205821990966797,0.45629358291625977,0.06428861618041992,-4.244952201843262
pair_0074_happy,pair_0074,19,02,01,01,happy,pair_0074_sad,-1,direct_block_20,audio_v_edge,[20],-4.120583534240723,-4.641165733337402,-4.654281139373779,0.5205821990966797,0.5336976051330566,-0.013115406036376953,-4.244952201843262
pair_0074_happy,pair_0074,19,02,01,01,happy,pair_0074_sad,-1,direct_block_21,audio_v_edge,[21],-4.120583534240723,-4.641165733337402,-4.573766708374023,0.5205821990966797,0.4531831741333008,0.0673990249633789,-4.244952201843262
pair_0074_happy,pair_0074,19,02,01,01,happy,pair_0074_sad,-1,direct_block_22,audio_v_edge,[22],-4.120583534240723,-4.641165733337402,-4.3767571449279785,0.5205821990966797,0.25617361068725586,0.26440858840942383,-4.244952201843262
pair_0074_happy,pair_0074,19,02,01,01,happy,pair_0074_sad,-1,direct_block_23,audio_v_edge,[23],-4.120583534240723,-4.641165733337402,-4.582729339599609,0.5205821990966797,0.4621458053588867,0.05843639373779297,-4.244952201843262
pair_0074_happy,pair_0074,19,02,01,01,happy,pair_0074_sad,-1,direct_cumulative_18_19,audio_v_edge,"[18, 19]",-4.120583534240723,-4.641165733337402,-4.6203107833862305,0.5205821990966797,0.4997272491455078,0.020854949951171875,-4.244952201843262
pair_0074_happy,pair_0074,19,02,01,01,happy,pair_0074_sad,-1,direct_cumulative_18_20,audio_v_edge,"[18, 19, 20]",-4.120583534240723,-4.641165733337402,-4.635203838348389,0.5205821990966797,0.514620304107666,0.005961894989013672,-4.244952201843262
pair_0074_happy,pair_0074,19,02,01,01,happy,pair_0074_sad,-1,direct_cumulative_18_21,audio_v_edge,"[18, 19, 20, 21]",-4.120583534240723,-4.641165733337402,-4.573514938354492,0.5205821990966797,0.45293140411376953,0.06765079498291016,-4.244952201843262
pair_0074_happy,pair_0074,19,02,01,01,happy,pair_0074_sad,-1,direct_cumulative_18_22,audio_v_edge,"[18, 19, 20, 21, 22]",-4.120583534240723,-4.641165733337402,-4.305478572845459,0.5205821990966797,0.18489503860473633,0.33568716049194336,-4.244952201843262
pair_0074_happy,pair_0074,19,02,01,01,happy,pair_0074_sad,-1,direct_cumulative_18_23,audio_v_edge,"[18, 19, 20, 21, 22, 23]",-4.120583534240723,-4.641165733337402,-4.244952201843262,0.5205821990966797,0.12436866760253906,0.3962135314941406,-4.244952201843262
pair_0074_sad,pair_0074,19,02,01,01,sad,pair_0074_happy,1,direct_block_18,audio_v_edge,[18],-5.197248458862305,-4.663185119628906,-4.6658549308776855,0.5340633392333984,0.5313935279846191,0.002669811248779297,-5.215044021606445
pair_0074_sad,pair_0074,19,02,01,01,sad,pair_0074_happy,1,direct_block_19,audio_v_edge,[19],-5.197248458862305,-4.663185119628906,-4.82425594329834,0.5340633392333984,0.37299251556396484,0.1610708236694336,-5.215044021606445
pair_0074_sad,pair_0074,19,02,01,01,sad,pair_0074_happy,1,direct_block_20,audio_v_edge,[20],-5.197248458862305,-4.663185119628906,-4.676585674285889,0.5340633392333984,0.520662784576416,0.013400554656982422,-5.215044021606445
pair_0074_sad,pair_0074,19,02,01,01,sad,pair_0074_happy,1,direct_block_21,audio_v_edge,[21],-5.197248458862305,-4.663185119628906,-4.681960105895996,0.5340633392333984,0.5152883529663086,0.018774986267089844,-5.215044021606445
pair_0074_sad,pair_0074,19,02,01,01,sad,pair_0074_happy,1,direct_block_22,audio_v_edge,[22],-5.197248458862305,-4.663185119628906,-4.933967590332031,0.5340633392333984,0.26328086853027344,0.270782470703125,-5.215044021606445
pair_0074_sad,pair_0074,19,02,01,01,sad,pair_0074_happy,1,direct_block_23,audio_v_edge,[23],-5.197248458862305,-4.663185119628906,-4.7392258644104,0.5340633392333984,0.4580225944519043,0.07604074478149414,-5.215044021606445
pair_0074_sad,pair_0074,19,02,01,01,sad,pair_0074_happy,1,direct_cumulative_18_19,audio_v_edge,"[18, 19]",-5.197248458862305,-4.663185119628906,-4.8284101486206055,0.5340633392333984,0.3688383102416992,0.16522502899169922,-5.215044021606445
pair_0074_sad,pair_0074,19,02,01,01,sad,pair_0074_happy,1,direct_cumulative_18_20,audio_v_edge,"[18, 19, 20]",-5.197248458862305,-4.663185119628906,-4.842829704284668,0.5340633392333984,0.3544187545776367,0.17964458465576172,-5.215044021606445
pair_0074_sad,pair_0074,19,02,01,01,sad,pair_0074_happy,1,direct_cumulative_18_21,audio_v_edge,"[18, 19, 20, 21]",-5.197248458862305,-4.663185119628906,-4.86170768737793,0.5340633392333984,0.335540771484375,0.19852256774902344,-5.215044021606445
pair_0074_sad,pair_0074,19,02,01,01,sad,pair_0074_happy,1,direct_cumulative_18_22,audio_v_edge,"[18, 19, 20, 21, 22]",-5.197248458862305,-4.663185119628906,-5.140440940856934,0.5340633392333984,0.056807518005371094,0.47725582122802734,-5.215044021606445
pair_0074_sad,pair_0074,19,02,01,01,sad,pair_0074_happy,1,direct_cumulative_18_23,audio_v_edge,"[18, 19, 20, 21, 22, 23]",-5.197248458862305,-4.663185119628906,-5.215044021606445,0.5340633392333984,-0.017795562744140625,0.5518589019775391,-5.215044021606445
pair_0075_happy,pair_0075,19,02,02,01,happy,pair_0075_sad,-1,direct_block_18,audio_v_edge,[18],-3.303211212158203,-3.6547489166259766,-3.454678535461426,0.35153770446777344,0.15146732330322266,0.20007038116455078,-2.9298155307769775
pair_0075_happy,pair_0075,19,02,02,01,happy,pair_0075_sad,-1,direct_block_19,audio_v_edge,[19],-3.303211212158203,-3.6547489166259766,-3.4668521881103516,0.35153770446777344,0.16364097595214844,0.187896728515625,-2.9298155307769775
pair_0075_happy,pair_0075,19,02,02,01,happy,pair_0075_sad,-1,direct_block_20,audio_v_edge,[20],-3.303211212158203,-3.6547489166259766,-3.692525863647461,0.35153770446777344,0.3893146514892578,-0.037776947021484375,-2.9298155307769775
pair_0075_happy,pair_0075,19,02,02,01,happy,pair_0075_sad,-1,direct_block_21,audio_v_edge,[21],-3.303211212158203,-3.6547489166259766,-3.6062324047088623,0.35153770446777344,0.3030211925506592,0.04851651191711426,-2.9298155307769775
pair_0075_happy,pair_0075,19,02,02,01,happy,pair_0075_sad,-1,direct_block_22,audio_v_edge,[22],-3.303211212158203,-3.6547489166259766,-3.3613295555114746,0.35153770446777344,0.058118343353271484,0.29341936111450195,-2.9298155307769775
pair_0075_happy,pair_0075,19,02,02,01,happy,pair_0075_sad,-1,direct_block_23,audio_v_edge,[23],-3.303211212158203,-3.6547489166259766,-3.6163628101348877,0.35153770446777344,0.31315159797668457,0.03838610649108887,-2.9298155307769775
pair_0075_happy,pair_0075,19,02,02,01,happy,pair_0075_sad,-1,direct_cumulative_18_19,audio_v_edge,"[18, 19]",-3.303211212158203,-3.6547489166259766,-3.27221417427063,0.35153770446777344,-0.030997037887573242,0.3825347423553467,-2.9298155307769775
pair_0075_happy,pair_0075,19,02,02,01,happy,pair_0075_sad,-1,direct_cumulative_18_20,audio_v_edge,"[18, 19, 20]",-3.303211212158203,-3.6547489166259766,-3.314209461212158,0.35153770446777344,0.010998249053955078,0.34053945541381836,-2.9298155307769775
pair_0075_happy,pair_0075,19,02,02,01,happy,pair_0075_sad,-1,direct_cumulative_18_21,audio_v_edge,"[18, 19, 20, 21]",-3.303211212158203,-3.6547489166259766,-3.2593600749969482,0.35153770446777344,-0.04385113716125488,0.3953888416290283,-2.9298155307769775
pair_0075_happy,pair_0075,19,02,02,01,happy,pair_0075_sad,-1,direct_cumulative_18_22,audio_v_edge,"[18, 19, 20, 21, 22]",-3.303211212158203,-3.6547489166259766,-2.9674010276794434,0.35153770446777344,-0.33581018447875977,0.6873478889465332,-2.9298155307769775
pair_0075_happy,pair_0075,19,02,02,01,happy,pair_0075_sad,-1,direct_cumulative_18_23,audio_v_edge,"[18, 19, 20, 21, 22, 23]",-3.303211212158203,-3.6547489166259766,-2.9298155307769775,0.35153770446777344,-0.3733956813812256,0.724933385848999,-2.9298155307769775
pair_0075_sad,pair_0075,19,02,02,01,sad,pair_0075_happy,1,direct_block_18,audio_v_edge,[18],-3.246274471282959,-2.8785276412963867,-3.018544912338257,0.36774682998657227,0.22772955894470215,0.14001727104187012,-3.0122780799865723
pair_0075_sad,pair_0075,19,02,02,01,sad,pair_0075_happy,1,direct_block_19,audio_v_edge,[19],-3.246274471282959,-2.8785276412963867,-3.0123746395111084,0.36774682998657227,0.23389983177185059,0.13384699821472168,-3.0122780799865723
pair_0075_sad,pair_0075,19,02,02,01,sad,pair_0075_happy,1,direct_block_20,audio_v_edge,[20],-3.246274471282959,-2.8785276412963867,-2.8989038467407227,0.36774682998657227,0.34737062454223633,0.020376205444335938,-3.0122780799865723
pair_0075_sad,pair_0075,19,02,02,01,sad,pair_0075_happy,1,direct_block_21,audio_v_edge,[21],-3.246274471282959,-2.8785276412963867,-2.9224367141723633,0.36774682998657227,0.3238377571105957,0.04390907287597656,-3.0122780799865723
pair_0075_sad,pair_0075,19,02,02,01,sad,pair_0075_happy,1,direct_block_22,audio_v_edge,[22],-3.246274471282959,-2.8785276412963867,-2.649771213531494,0.36774682998657227,0.5965032577514648,-0.22875642776489258,-3.0122780799865723
pair_0075_sad,pair_0075,19,02,02,01,sad,pair_0075_happy,1,direct_block_23,audio_v_edge,[23],-3.246274471282959,-2.8785276412963867,-2.922813892364502,0.36774682998657227,0.32346057891845703,0.044286251068115234,-3.0122780799865723
pair_0075_sad,pair_0075,19,02,02,01,sad,pair_0075_happy,1,direct_cumulative_18_19,audio_v_edge,"[18, 19]",-3.246274471282959,-2.8785276412963867,-3.1296868324279785,0.36774682998657227,0.11658763885498047,0.2511591911315918,-3.0122780799865723
pair_0075_sad,pair_0075,19,02,02,01,sad,pair_0075_happy,1,direct_cumulative_18_20,audio_v_edge,"[18, 19, 20]",-3.246274471282959,-2.8785276412963867,-3.1489036083221436,0.36774682998657227,0.09737086296081543,0.27037596702575684,-3.0122780799865723
pair_0075_sad,pair_0075,19,02,02,01,sad,pair_0075_happy,1,direct_cumulative_18_21,audio_v_edge,"[18, 19, 20, 21]",-3.246274471282959,-2.8785276412963867,-3.2016093730926514,0.36774682998657227,0.04466509819030762,0.32308173179626465,-3.0122780799865723
pair_0075_sad,pair_0075,19,02,02,01,sad,pair_0075_happy,1,direct_cumulative_18_22,audio_v_edge,"[18, 19, 20, 21, 22]",-3.246274471282959,-2.8785276412963867,-2.9655842781066895,0.36774682998657227,0.28069019317626953,0.08705663681030273,-3.0122780799865723
pair_0075_sad,pair_0075,19,02,02,01,sad,pair_0075_happy,1,direct_cumulative_18_23,audio_v_edge,"[18, 19, 20, 21, 22, 23]",-3.246274471282959,-2.8785276412963867,-3.0122780799865723,0.36774682998657227,0.23399639129638672,0.13375043869018555,-3.0122780799865723
pair_0076_happy,pair_0076,20,01,01,01,happy,pair_0076_sad,-1,direct_block_18,audio_v_edge,[18],-4.545580863952637,-4.655696868896484,-4.657774448394775,0.11011600494384766,0.11219358444213867,-0.0020775794982910156,-4.5512189865112305
pair_0076_happy,pair_0076,20,01,01,01,happy,pair_0076_sad,-1,direct_block_19,audio_v_edge,[19],-4.545580863952637,-4.655696868896484,-4.668784141540527,0.11011600494384766,0.12320327758789062,-0.013087272644042969,-4.5512189865112305
pair_0076_happy,pair_0076,20,01,01,01,happy,pair_0076_sad,-1,direct_block_20,audio_v_edge,[20],-4.545580863952637,-4.655696868896484,-4.68862247467041,0.11011600494384766,0.14304161071777344,-0.03292560577392578,-4.5512189865112305
pair_0076_happy,pair_0076,20,01,01,01,happy,pair_0076_sad,-1,direct_block_21,audio_v_edge,[21],-4.545580863952637,-4.655696868896484,-4.413890361785889,0.11011600494384766,-0.13169050216674805,0.2418065071105957,-4.5512189865112305
pair_0076_happy,pair_0076,20,01,01,01,happy,pair_0076_sad,-1,direct_block_22,audio_v_edge,[22],-4.545580863952637,-4.655696868896484,-4.75521183013916,0.11011600494384766,0.20963096618652344,-0.09951496124267578,-4.5512189865112305
pair_0076_happy,pair_0076,20,01,01,01,happy,pair_0076_sad,-1,direct_block_23,audio_v_edge,[23],-4.545580863952637,-4.655696868896484,-4.645204544067383,0.11011600494384766,0.0996236801147461,0.010492324829101562,-4.5512189865112305
pair_0076_happy,pair_0076,20,01,01,01,happy,pair_0076_sad,-1,direct_cumulative_18_19,audio_v_edge,"[18, 19]",-4.545580863952637,-4.655696868896484,-4.674034118652344,0.11011600494384766,0.12845325469970703,-0.018337249755859375,-4.5512189865112305
pair_0076_happy,pair_0076,20,01,01,01,happy,pair_0076_sad,-1,direct_cumulative_18_20,audio_v_edge,"[18, 19, 20]",-4.545580863952637,-4.655696868896484,-4.703759670257568,0.11011600494384766,0.15817880630493164,-0.048062801361083984,-4.5512189865112305
pair_0076_happy,pair_0076,20,01,01,01,happy,pair_0076_sad,-1,direct_cumulative_18_21,audio_v_edge,"[18, 19, 20, 21]",-4.545580863952637,-4.655696868896484,-4.4532647132873535,0.11011600494384766,-0.0923161506652832,0.20243215560913086,-4.5512189865112305
pair_0076_happy,pair_0076,20,01,01,01,happy,pair_0076_sad,-1,direct_cumulative_18_22,audio_v_edge,"[18, 19, 20, 21, 22]",-4.545580863952637,-4.655696868896484,-4.563916206359863,0.11011600494384766,0.018335342407226562,0.0917806625366211,-4.5512189865112305
pair_0076_happy,pair_0076,20,01,01,01,happy,pair_0076_sad,-1,direct_cumulative_18_23,audio_v_edge,"[18, 19, 20, 21, 22, 23]",-4.545580863952637,-4.655696868896484,-4.5512189865112305,0.11011600494384766,0.00563812255859375,0.1044778823852539,-4.5512189865112305
pair_0076_sad,pair_0076,20,01,01,01,sad,pair_0076_happy,1,direct_block_18,audio_v_edge,[18],-4.708176612854004,-4.603972434997559,-4.595149040222168,0.10420417785644531,0.11302757263183594,-0.008823394775390625,-4.468608856201172
pair_0076_sad,pair_0076,20,01,01,01,sad,pair_0076_happy,1,direct_block_19,audio_v_edge,[19],-4.708176612854004,-4.603972434997559,-4.609696865081787,0.10420417785644531,0.0984797477722168,0.005724430084228516,-4.468608856201172
pair_0076_sad,pair_0076,20,01,01,01,sad,pair_0076_happy,1,direct_block_20,audio_v_edge,[20],-4.708176612854004,-4.603972434997559,-4.580048084259033,0.10420417785644531,0.1281285285949707,-0.02392435073852539,-4.468608856201172
pair_0076_sad,pair_0076,20,01,01,01,sad,pair_0076_happy,1,direct_block_21,audio_v_edge,[21],-4.708176612854004,-4.603972434997559,-4.6948394775390625,0.10420417785644531,0.013337135314941406,0.0908670425415039,-4.468608856201172
pair_0076_sad,pair_0076,20,01,01,01,sad,pair_0076_happy,1,direct_block_22,audio_v_edge,[22],-4.708176612854004,-4.603972434997559,-4.39383602142334,0.10420417785644531,0.31434059143066406,-0.21013641357421875,-4.468608856201172
pair_0076_sad,pair_0076,20,01,01,01,sad,pair_0076_happy,1,direct_block_23,audio_v_edge,[23],-4.708176612854004,-4.603972434997559,-4.639350891113281,0.10420417785644531,0.06882572174072266,0.035378456115722656,-4.468608856201172
pair_0076_sad,pair_0076,20,01,01,01,sad,pair_0076_happy,1,direct_cumulative_18_19,audio_v_edge,"[18, 19]",-4.708176612854004,-4.603972434997559,-4.598926544189453,0.10420417785644531,0.10925006866455078,-0.005045890808105469,-4.468608856201172
pair_0076_sad,pair_0076,20,01,01,01,sad,pair_0076_happy,1,direct_cumulative_18_20,audio_v_edge,"[18, 19, 20]",-4.708176612854004,-4.603972434997559,-4.575831413269043,0.10420417785644531,0.13234519958496094,-0.028141021728515625,-4.468608856201172
pair_0076_sad,pair_0076,20,01,01,01,sad,pair_0076_happy,1,direct_cumulative_18_21,audio_v_edge,"[18, 19, 20, 21]",-4.708176612854004,-4.603972434997559,-4.662935256958008,0.10420417785644531,0.045241355895996094,0.05896282196044922,-4.468608856201172
pair_0076_sad,pair_0076,20,01,01,01,sad,pair_0076_happy,1,direct_cumulative_18_22,audio_v_edge,"[18, 19, 20, 21, 22]",-4.708176612854004,-4.603972434997559,-4.429261207580566,0.10420417785644531,0.2789154052734375,-0.1747112274169922,-4.468608856201172
pair_0076_sad,pair_0076,20,01,01,01,sad,pair_0076_happy,1,direct_cumulative_18_23,audio_v_edge,"[18, 19, 20, 21, 22, 23]",-4.708176612854004,-4.603972434997559,-4.468608856201172,0.10420417785644531,0.23956775665283203,-0.13536357879638672,-4.468608856201172
pair_0077_happy,pair_0077,20,01,02,01,happy,pair_0077_sad,-1,direct_block_18,audio_v_edge,[18],-4.142257213592529,-4.136240482330322,-4.130527496337891,-0.006016731262207031,-0.011729717254638672,0.005712985992431641,-4.054676055908203
pair_0077_happy,pair_0077,20,01,02,01,happy,pair_0077_sad,-1,direct_block_19,audio_v_edge,[19],-4.142257213592529,-4.136240482330322,-4.073030471801758,-0.006016731262207031,-0.06922674179077148,0.06321001052856445,-4.054676055908203
pair_0077_happy,pair_0077,20,01,02,01,happy,pair_0077_sad,-1,direct_block_20,audio_v_edge,[20],-4.142257213592529,-4.136240482330322,-4.0870866775512695,-0.006016731262207031,-0.055170536041259766,0.049153804779052734,-4.054676055908203
pair_0077_happy,pair_0077,20,01,02,01,happy,pair_0077_sad,-1,direct_block_21,audio_v_edge,[21],-4.142257213592529,-4.136240482330322,-4.020389556884766,-0.006016731262207031,-0.12186765670776367,0.11585092544555664,-4.054676055908203
pair_0077_happy,pair_0077,20,01,02,01,happy,pair_0077_sad,-1,direct_block_22,audio_v_edge,[22],-4.142257213592529,-4.136240482330322,-4.263008117675781,-0.006016731262207031,0.12075090408325195,-0.12676763534545898,-4.054676055908203
pair_0077_happy,pair_0077,20,01,02,01,happy,pair_0077_sad,-1,direct_block_23,audio_v_edge,[23],-4.142257213592529,-4.136240482330322,-4.156954288482666,-0.006016731262207031,0.014697074890136719,-0.02071380615234375,-4.054676055908203
pair_0077_happy,pair_0077,20,01,02,01,happy,pair_0077_sad,-1,direct_cumulative_18_19,audio_v_edge,"[18, 19]",-4.142257213592529,-4.136240482330322,-4.069542407989502,-0.006016731262207031,-0.07271480560302734,0.06669807434082031,-4.054676055908203
pair_0077_happy,pair_0077,20,01,02,01,happy,pair_0077_sad,-1,direct_cumulative_18_20,audio_v_edge,"[18, 19, 20]",-4.142257213592529,-4.136240482330322,-4.020953178405762,-0.006016731262207031,-0.12130403518676758,0.11528730392456055,-4.054676055908203
pair_0077_happy,pair_0077,20,01,02,01,happy,pair_0077_sad,-1,direct_cumulative_18_21,audio_v_edge,"[18, 19, 20, 21]",-4.142257213592529,-4.136240482330322,-3.9059157371520996,-0.006016731262207031,-0.2363414764404297,0.23032474517822266,-4.054676055908203
pair_0077_happy,pair_0077,20,01,02,01,happy,pair_0077_sad,-1,direct_cumulative_18_22,audio_v_edge,"[18, 19, 20, 21, 22]",-4.142257213592529,-4.136240482330322,-4.031798362731934,-0.006016731262207031,-0.1104588508605957,0.10444211959838867,-4.054676055908203
pair_0077_happy,pair_0077,20,01,02,01,happy,pair_0077_sad,-1,direct_cumulative_18_23,audio_v_edge,"[18, 19, 20, 21, 22, 23]",-4.142257213592529,-4.136240482330322,-4.054676055908203,-0.006016731262207031,-0.08758115768432617,0.08156442642211914,-4.054676055908203
pair_0077_sad,pair_0077,20,01,02,01,sad,pair_0077_happy,1,direct_block_18,audio_v_edge,[18],-4.00131893157959,-4.030500888824463,-4.0706915855407715,-0.029181957244873047,-0.06937265396118164,0.040190696716308594,-4.151206016540527
pair_0077_sad,pair_0077,20,01,02,01,sad,pair_0077_happy,1,direct_block_19,audio_v_edge,[19],-4.00131893157959,-4.030500888824463,-3.9919967651367188,-0.029181957244873047,0.009322166442871094,-0.03850412368774414,-4.151206016540527
pair_0077_sad,pair_0077,20,01,02,01,sad,pair_0077_happy,1,direct_block_20,audio_v_edge,[20],-4.00131893157959,-4.030500888824463,-4.176333427429199,-0.029181957244873047,-0.17501449584960938,0.14583253860473633,-4.151206016540527
pair_0077_sad,pair_0077,20,01,02,01,sad,pair_0077_happy,1,direct_block_21,audio_v_edge,[21],-4.00131893157959,-4.030500888824463,-4.180245399475098,-0.029181957244873047,-0.1789264678955078,0.14974451065063477,-4.151206016540527
pair_0077_sad,pair_0077,20,01,02,01,sad,pair_0077_happy,1,direct_block_22,audio_v_edge,[22],-4.00131893157959,-4.030500888824463,-3.86704421043396,-0.029181957244873047,0.13427472114562988,-0.16345667839050293,-4.151206016540527
pair_0077_sad,pair_0077,20,01,02,01,sad,pair_0077_happy,1,direct_block_23,audio_v_edge,[23],-4.00131893157959,-4.030500888824463,-4.009328842163086,-0.029181957244873047,-0.008009910583496094,-0.021172046661376953,-4.151206016540527
pair_0077_sad,pair_0077,20,01,02,01,sad,pair_0077_happy,1,direct_cumulative_18_19,audio_v_edge,"[18, 19]",-4.00131893157959,-4.030500888824463,-4.036419868469238,-0.029181957244873047,-0.03510093688964844,0.005918979644775391,-4.151206016540527
pair_0077_sad,pair_0077,20,01,02,01,sad,pair_0077_happy,1,direct_cumulative_18_20,audio_v_edge,"[18, 19, 20]",-4.00131893157959,-4.030500888824463,-4.180078506469727,-0.029181957244873047,-0.17875957489013672,0.14957761764526367,-4.151206016540527
pair_0077_sad,pair_0077,20,01,02,01,sad,pair_0077_happy,1,direct_cumulative_18_21,audio_v_edge,"[18, 19, 20, 21]",-4.00131893157959,-4.030500888824463,-4.342877388000488,-0.029181957244873047,-0.34155845642089844,0.3123764991760254,-4.151206016540527
pair_0077_sad,pair_0077,20,01,02,01,sad,pair_0077_happy,1,direct_cumulative_18_22,audio_v_edge,"[18, 19, 20, 21, 22]",-4.00131893157959,-4.030500888824463,-4.1722588539123535,-0.029181957244873047,-0.17093992233276367,0.14175796508789062,-4.151206016540527
pair_0077_sad,pair_0077,20,01,02,01,sad,pair_0077_happy,1,direct_cumulative_18_23,audio_v_edge,"[18, 19, 20, 21, 22, 23]",-4.00131893157959,-4.030500888824463,-4.151206016540527,-0.029181957244873047,-0.1498870849609375,0.12070512771606445,-4.151206016540527
pair_0078_happy,pair_0078,20,02,01,01,happy,pair_0078_sad,-1,direct_block_18,audio_v_edge,[18],-3.5017380714416504,-3.1785728931427,-3.2788589000701904,-0.3231651782989502,-0.22287917137145996,-0.10028600692749023,-3.5479440689086914
pair_0078_happy,pair_0078,20,02,01,01,happy,pair_0078_sad,-1,direct_block_19,audio_v_edge,[19],-3.5017380714416504,-3.1785728931427,-3.235262155532837,-0.3231651782989502,-0.2664759159088135,-0.05668926239013672,-3.5479440689086914
pair_0078_happy,pair_0078,20,02,01,01,happy,pair_0078_sad,-1,direct_block_20,audio_v_edge,[20],-3.5017380714416504,-3.1785728931427,-3.2202391624450684,-0.3231651782989502,-0.28149890899658203,-0.041666269302368164,-3.5479440689086914
pair_0078_happy,pair_0078,20,02,01,01,happy,pair_0078_sad,-1,direct_block_21,audio_v_edge,[21],-3.5017380714416504,-3.1785728931427,-3.2685017585754395,-0.3231651782989502,-0.23323631286621094,-0.08992886543273926,-3.5479440689086914
pair_0078_happy,pair_0078,20,02,01,01,happy,pair_0078_sad,-1,direct_block_22,audio_v_edge,[22],-3.5017380714416504,-3.1785728931427,-3.540961980819702,-0.3231651782989502,0.03922390937805176,-0.36238908767700195,-3.5479440689086914
pair_0078_happy,pair_0078,20,02,01,01,happy,pair_0078_sad,-1,direct_block_23,audio_v_edge,[23],-3.5017380714416504,-3.1785728931427,-2.9662704467773438,-0.3231651782989502,-0.5354676246643066,0.21230244636535645,-3.5479440689086914
pair_0078_happy,pair_0078,20,02,01,01,happy,pair_0078_sad,-1,direct_cumulative_18_19,audio_v_edge,"[18, 19]",-3.5017380714416504,-3.1785728931427,-3.3261051177978516,-0.3231651782989502,-0.17563295364379883,-0.14753222465515137,-3.5479440689086914
pair_0078_happy,pair_0078,20,02,01,01,happy,pair_0078_sad,-1,direct_cumulative_18_20,audio_v_edge,"[18, 19, 20]",-3.5017380714416504,-3.1785728931427,-3.360825300216675,-0.3231651782989502,-0.14091277122497559,-0.1822524070739746,-3.5479440689086914
pair_0078_happy,pair_0078,20,02,01,01,happy,pair_0078_sad,-1,direct_cumulative_18_21,audio_v_edge,"[18, 19, 20, 21]",-3.5017380714416504,-3.1785728931427,-3.4296326637268066,-0.3231651782989502,-0.07210540771484375,-0.25105977058410645,-3.5479440689086914
pair_0078_happy,pair_0078,20,02,01,01,happy,pair_0078_sad,-1,direct_cumulative_18_22,audio_v_edge,"[18, 19, 20, 21, 22]",-3.5017380714416504,-3.1785728931427,-3.7559409141540527,-0.3231651782989502,0.25420284271240234,-0.5773680210113525,-3.5479440689086914
pair_0078_happy,pair_0078,20,02,01,01,happy,pair_0078_sad,-1,direct_cumulative_18_23,audio_v_edge,"[18, 19, 20, 21, 22, 23]",-3.5017380714416504,-3.1785728931427,-3.5479440689086914,-0.3231651782989502,0.046205997467041016,-0.3693711757659912,-3.5479440689086914
pair_0078_sad,pair_0078,20,02,01,01,sad,pair_0078_happy,1,direct_block_18,audio_v_edge,[18],-3.4527485370635986,-4.002635955810547,-3.934114933013916,-0.5498874187469482,-0.4813663959503174,-0.06852102279663086,-3.6720986366271973
pair_0078_sad,pair_0078,20,02,01,01,sad,pair_0078_happy,1,direct_block_19,audio_v_edge,[19],-3.4527485370635986,-4.002635955810547,-4.006386756896973,-0.5498874187469482,-0.553638219833374,0.0037508010864257812,-3.6720986366271973
pair_0078_sad,pair_0078,20,02,01,01,sad,pair_0078_happy,1,direct_block_20,audio_v_edge,[20],-3.4527485370635986,-4.002635955810547,-4.016338348388672,-0.5498874187469482,-0.5635898113250732,0.013702392578125,-3.6720986366271973
pair_0078_sad,pair_0078,20,02,01,01,sad,pair_0078_happy,1,direct_block_21,audio_v_edge,[21],-3.4527485370635986,-4.002635955810547,-4.026453018188477,-0.5498874187469482,-0.5737044811248779,0.023817062377929688,-3.6720986366271973
pair_0078_sad,pair_0078,20,02,01,01,sad,pair_0078_happy,1,direct_block_22,audio_v_edge,[22],-3.4527485370635986,-4.002635955810547,-3.531790256500244,-0.5498874187469482,-0.07904171943664551,-0.47084569931030273,-3.6720986366271973
pair_0078_sad,pair_0078,20,02,01,01,sad,pair_0078_happy,1,direct_block_23,audio_v_edge,[23],-3.4527485370635986,-4.002635955810547,-4.280388832092285,-0.5498874187469482,-0.8276402950286865,0.2777528762817383,-3.6720986366271973
pair_0078_sad,pair_0078,20,02,01,01,sad,pair_0078_happy,1,direct_cumulative_18_19,audio_v_edge,"[18, 19]",-3.4527485370635986,-4.002635955810547,-3.9333324432373047,-0.5498874187469482,-0.48058390617370605,-0.06930351257324219,-3.6720986366271973
pair_0078_sad,pair_0078,20,02,01,01,sad,pair_0078_happy,1,direct_cumulative_18_20,audio_v_edge,"[18, 19, 20]",-3.4527485370635986,-4.002635955810547,-3.9439334869384766,-0.5498874187469482,-0.49118494987487793,-0.05870246887207031,-3.6720986366271973
pair_0078_sad,pair_0078,20,02,01,01,sad,pair_0078_happy,1,direct_cumulative_18_21,audio_v_edge,"[18, 19, 20, 21]",-3.4527485370635986,-4.002635955810547,-3.939777374267578,-0.5498874187469482,-0.4870288372039795,-0.06285858154296875,-3.6720986366271973
pair_0078_sad,pair_0078,20,02,01,01,sad,pair_0078_happy,1,direct_cumulative_18_22,audio_v_edge,"[18, 19, 20, 21, 22]",-3.4527485370635986,-4.002635955810547,-3.398927688598633,-0.5498874187469482,0.05382084846496582,-0.6037082672119141,-3.6720986366271973
pair_0078_sad,pair_0078,20,02,01,01,sad,pair_0078_happy,1,direct_cumulative_18_23,audio_v_edge,"[18, 19, 20, 21, 22, 23]",-3.4527485370635986,-4.002635955810547,-3.6720986366271973,-0.5498874187469482,-0.21935009956359863,-0.3305373191833496,-3.6720986366271973
pair_0079_happy,pair_0079,20,02,02,01,happy,pair_0079_sad,-1,direct_block_18,audio_v_edge,[18],-3.864936590194702,-3.762904167175293,-3.7093148231506348,-0.10203242301940918,-0.15562176704406738,0.0535893440246582,-3.497063636779785
pair_0079_happy,pair_0079,20,02,02,01,happy,pair_0079_sad,-1,direct_block_19,audio_v_edge,[19],-3.864936590194702,-3.762904167175293,-3.7782957553863525,-0.10203242301940918,-0.08664083480834961,-0.01539158821105957,-3.497063636779785
pair_0079_happy,pair_0079,20,02,02,01,happy,pair_0079_sad,-1,direct_block_20,audio_v_edge,[20],-3.864936590194702,-3.762904167175293,-3.734841823577881,-0.10203242301940918,-0.1300947666168213,0.02806234359741211,-3.497063636779785
pair_0079_happy,pair_0079,20,02,02,01,happy,pair_0079_sad,-1,direct_block_21,audio_v_edge,[21],-3.864936590194702,-3.762904167175293,-3.664565086364746,-0.10203242301940918,-0.20037150382995605,0.09833908081054688,-3.497063636779785
pair_0079_happy,pair_0079,20,02,02,01,happy,pair_0079_sad,-1,direct_block_22,audio_v_edge,[22],-3.864936590194702,-3.762904167175293,-3.6467278003692627,-0.10203242301940918,-0.21820878982543945,0.11617636680603027,-3.497063636779785
pair_0079_happy,pair_0079,20,02,02,01,happy,pair_0079_sad,-1,direct_block_23,audio_v_edge,[23],-3.864936590194702,-3.762904167175293,-3.7870383262634277,-0.10203242301940918,-0.07789826393127441,-0.024134159088134766,-3.497063636779785
pair_0079_happy,pair_0079,20,02,02,01,happy,pair_0079_sad,-1,direct_cumulative_18_19,audio_v_edge,"[18, 19]",-3.864936590194702,-3.762904167175293,-3.7243752479553223,-0.10203242301940918,-0.14056134223937988,0.0385289192199707,-3.497063636779785
pair_0079_happy,pair_0079,20,02,02,01,happy,pair_0079_sad,-1,direct_cumulative_18_20,audio_v_edge,"[18, 19, 20]",-3.864936590194702,-3.762904167175293,-3.696268081665039,-0.10203242301940918,-0.16866850852966309,0.0666360855102539,-3.497063636779785
pair_0079_happy,pair_0079,20,02,02,01,happy,pair_0079_sad,-1,direct_cumulative_18_21,audio_v_edge,"[18, 19, 20, 21]",-3.864936590194702,-3.762904167175293,-3.5919559001922607,-0.10203242301940918,-0.2729806900024414,0.17094826698303223,-3.497063636779785
pair_0079_happy,pair_0079,20,02,02,01,happy,pair_0079_sad,-1,direct_cumulative_18_22,audio_v_edge,"[18, 19, 20, 21, 22]",-3.864936590194702,-3.762904167175293,-3.473374605178833,-0.10203242301940918,-0.39156198501586914,0.28952956199645996,-3.497063636779785
pair_0079_happy,pair_0079,20,02,02,01,happy,pair_0079_sad,-1,direct_cumulative_18_23,audio_v_edge,"[18, 19, 20, 21, 22, 23]",-3.864936590194702,-3.762904167175293,-3.497063636779785,-0.10203242301940918,-0.367872953414917,0.2658405303955078,-3.497063636779785
pair_0079_sad,pair_0079,20,02,02,01,sad,pair_0079_happy,1,direct_block_18,audio_v_edge,[18],-3.65761661529541,-3.7423558235168457,-3.5779190063476562,-0.08473920822143555,0.0796976089477539,-0.16443681716918945,-4.017358303070068
pair_0079_sad,pair_0079,20,02,02,01,sad,pair_0079_happy,1,direct_block_19,audio_v_edge,[19],-3.65761661529541,-3.7423558235168457,-3.720712423324585,-0.08473920822143555,-0.0630958080291748,-0.021643400192260742,-4.017358303070068
pair_0079_sad,pair_0079,20,02,02,01,sad,pair_0079_happy,1,direct_block_20,audio_v_edge,[20],-3.65761661529541,-3.7423558235168457,-3.6595120429992676,-0.08473920822143555,-0.0018954277038574219,-0.08284378051757812,-4.017358303070068
pair_0079_sad,pair_0079,20,02,02,01,sad,pair_0079_happy,1,direct_block_21,audio_v_edge,[21],-3.65761661529541,-3.7423558235168457,-3.6036324501037598,-0.08473920822143555,0.05398416519165039,-0.13872337341308594,-4.017358303070068
pair_0079_sad,pair_0079,20,02,02,01,sad,pair_0079_happy,1,direct_block_22,audio_v_edge,[22],-3.65761661529541,-3.7423558235168457,-4.024106979370117,-0.08473920822143555,-0.36649036407470703,0.2817511558532715,-4.017358303070068
pair_0079_sad,pair_0079,20,02,02,01,sad,pair_0079_happy,1,direct_block_23,audio_v_edge,[23],-3.65761661529541,-3.7423558235168457,-4.105525493621826,-0.08473920822143555,-0.447908878326416,0.36316967010498047,-4.017358303070068
pair_0079_sad,pair_0079,20,02,02,01,sad,pair_0079_happy,1,direct_cumulative_18_19,audio_v_edge,"[18, 19]",-3.65761661529541,-3.7423558235168457,-3.555619716644287,-0.08473920822143555,0.10199689865112305,-0.1867361068725586,-4.017358303070068
pair_0079_sad,pair_0079,20,02,02,01,sad,pair_0079_happy,1,direct_cumulative_18_20,audio_v_edge,"[18, 19, 20]",-3.65761661529541,-3.7423558235168457,-3.4809532165527344,-0.08473920822143555,0.17666339874267578,-0.26140260696411133,-4.017358303070068
pair_0079_sad,pair_0079,20,02,02,01,sad,pair_0079_happy,1,direct_cumulative_18_21,audio_v_edge,"[18, 19, 20, 21]",-3.65761661529541,-3.7423558235168457,-3.3044915199279785,-0.08473920822143555,0.35312509536743164,-0.4378643035888672,-4.017358303070068
pair_0079_sad,pair_0079,20,02,02,01,sad,pair_0079_happy,1,direct_cumulative_18_22,audio_v_edge,"[18, 19, 20, 21, 22]",-3.65761661529541,-3.7423558235168457,-3.6748876571655273,-0.08473920822143555,-0.017271041870117188,-0.06746816635131836,-4.017358303070068
pair_0079_sad,pair_0079,20,02,02,01,sad,pair_0079_happy,1,direct_cumulative_18_23,audio_v_edge,"[18, 19, 20, 21, 22, 23]",-3.65761661529541,-3.7423558235168457,-4.017358303070068,-0.08473920822143555,-0.3597416877746582,0.27500247955322266,-4.017358303070068
pair_0080_happy,pair_0080,21,01,01,01,happy,pair_0080_sad,-1,direct_block_18,audio_v_edge,[18],-4.269933223724365,-4.354708194732666,-4.334228038787842,0.08477497100830078,0.06429481506347656,0.02048015594482422,-4.118407726287842
pair_0080_happy,pair_0080,21,01,01,01,happy,pair_0080_sad,-1,direct_block_19,audio_v_edge,[19],-4.269933223724365,-4.354708194732666,-4.375583648681641,0.08477497100830078,0.10565042495727539,-0.02087545394897461,-4.118407726287842
pair_0080_happy,pair_0080,21,01,01,01,happy,pair_0080_sad,-1,direct_block_20,audio_v_edge,[20],-4.269933223724365,-4.354708194732666,-4.361197471618652,0.08477497100830078,0.09126424789428711,-0.006489276885986328,-4.118407726287842
pair_0080_happy,pair_0080,21,01,01,01,happy,pair_0080_sad,-1,direct_block_21,audio_v_edge,[21],-4.269933223724365,-4.354708194732666,-4.301030158996582,0.08477497100830078,0.031096935272216797,0.053678035736083984,-4.118407726287842
pair_0080_happy,pair_0080,21,01,01,01,happy,pair_0080_sad,-1,direct_block_22,audio_v_edge,[22],-4.269933223724365,-4.354708194732666,-4.178330898284912,0.08477497100830078,-0.09160232543945312,0.1763772964477539,-4.118407726287842
pair_0080_happy,pair_0080,21,01,01,01,happy,pair_0080_sad,-1,direct_block_23,audio_v_edge,[23],-4.269933223724365,-4.354708194732666,-4.360881805419922,0.08477497100830078,0.09094858169555664,-0.006173610687255859,-4.118407726287842
pair_0080_happy,pair_0080,21,01,01,01,happy,pair_0080_sad,-1,direct_cumulative_18_19,audio_v_edge,"[18, 19]",-4.269933223724365,-4.354708194732666,-4.351781845092773,0.08477497100830078,0.0818486213684082,0.002926349639892578,-4.118407726287842
pair_0080_happy,pair_0080,21,01,01,01,happy,pair_0080_sad,-1,direct_cumulative_18_20,audio_v_edge,"[18, 19, 20]",-4.269933223724365,-4.354708194732666,-4.355691432952881,0.08477497100830078,0.08575820922851562,-0.0009832382202148438,-4.118407726287842
pair_0080_happy,pair_0080,21,01,01,01,happy,pair_0080_sad,-1,direct_cumulative_18_21,audio_v_edge,"[18, 19, 20, 21]",-4.269933223724365,-4.354708194732666,-4.29483699798584,0.08477497100830078,0.02490377426147461,0.05987119674682617,-4.118407726287842
pair_0080_happy,pair_0080,21,01,01,01,happy,pair_0080_sad,-1,direct_cumulative_18_22,audio_v_edge,"[18, 19, 20, 21, 22]",-4.269933223724365,-4.354708194732666,-4.109440326690674,0.08477497100830078,-0.1604928970336914,0.2452678680419922,-4.118407726287842
pair_0080_happy,pair_0080,21,01,01,01,happy,pair_0080_sad,-1,direct_cumulative_18_23,audio_v_edge,"[18, 19, 20, 21, 22, 23]",-4.269933223724365,-4.354708194732666,-4.118407726287842,0.08477497100830078,-0.15152549743652344,0.23630046844482422,-4.118407726287842
pair_0080_sad,pair_0080,21,01,01,01,sad,pair_0080_happy,1,direct_block_18,audio_v_edge,[18],-4.09474515914917,-3.9923691749572754,-3.987243175506592,0.10237598419189453,0.10750198364257812,-0.005125999450683594,-4.300954818725586
pair_0080_sad,pair_0080,21,01,01,01,sad,pair_0080_happy,1,direct_block_19,audio_v_edge,[19],-4.09474515914917,-3.9923691749572754,-4.065697193145752,0.10237598419189453,0.02904796600341797,0.07332801818847656,-4.300954818725586
pair_0080_sad,pair_0080,21,01,01,01,sad,pair_0080_happy,1,direct_block_20,audio_v_edge,[20],-4.09474515914917,-3.9923691749572754,-4.10798454284668,0.10237598419189453,-0.013239383697509766,0.1156153678894043,-4.300954818725586
pair_0080_sad,pair_0080,21,01,01,01,sad,pair_0080_happy,1,direct_block_21,audio_v_edge,[21],-4.09474515914917,-3.9923691749572754,-4.015711784362793,0.10237598419189453,0.07903337478637695,0.023342609405517578,-4.300954818725586
pair_0080_sad,pair_0080,21,01,01,01,sad,pair_0080_happy,1,direct_block_22,audio_v_edge,[22],-4.09474515914917,-3.9923691749572754,-4.089843273162842,0.10237598419189453,0.004901885986328125,0.0974740982055664,-4.300954818725586
pair_0080_sad,pair_0080,21,01,01,01,sad,pair_0080_happy,1,direct_block_23,audio_v_edge,[23],-4.09474515914917,-3.9923691749572754,-3.9891116619110107,0.10237598419189453,0.10563349723815918,-0.0032575130462646484,-4.300954818725586
pair_0080_sad,pair_0080,21,01,01,01,sad,pair_0080_happy,1,direct_cumulative_18_19,audio_v_edge,"[18, 19]",-4.09474515914917,-3.9923691749572754,-4.0670976638793945,0.10237598419189453,0.02764749526977539,0.07472848892211914,-4.300954818725586
pair_0080_sad,pair_0080,21,01,01,01,sad,pair_0080_happy,1,direct_cumulative_18_20,audio_v_edge,"[18, 19, 20]",-4.09474515914917,-3.9923691749572754,-4.193074703216553,0.10237598419189453,-0.09832954406738281,0.20070552825927734,-4.300954818725586
pair_0080_sad,pair_0080,21,01,01,01,sad,pair_0080_happy,1,direct_cumulative_18_21,audio_v_edge,"[18, 19, 20, 21]",-4.09474515914917,-3.9923691749572754,-4.214742183685303,0.10237598419189453,-0.11999702453613281,0.22237300872802734,-4.300954818725586
pair_0080_sad,pair_0080,21,01,01,01,sad,pair_0080_happy,1,direct_cumulative_18_22,audio_v_edge,"[18, 19, 20, 21, 22]",-4.09474515914917,-3.9923691749572754,-4.3048200607299805,0.10237598419189453,-0.21007490158081055,0.3124508857727051,-4.300954818725586
pair_0080_sad,pair_0080,21,01,01,01,sad,pair_0080_happy,1,direct_cumulative_18_23,audio_v_edge,"[18, 19, 20, 21, 22, 23]",-4.09474515914917,-3.9923691749572754,-4.300954818725586,0.10237598419189453,-0.20620965957641602,0.30858564376831055,-4.300954818725586
pair_0081_happy,pair_0081,21,01,02,01,happy,pair_0081_sad,-1,direct_block_18,audio_v_edge,[18],-4.222221374511719,-4.390861988067627,-4.209349632263184,0.1686406135559082,-0.012871742248535156,0.18151235580444336,-3.9362642765045166
pair_0081_happy,pair_0081,21,01,02,01,happy,pair_0081_sad,-1,direct_block_19,audio_v_edge,[19],-4.222221374511719,-4.390861988067627,-4.428706169128418,0.1686406135559082,0.20648479461669922,-0.037844181060791016,-3.9362642765045166
pair_0081_happy,pair_0081,21,01,02,01,happy,pair_0081_sad,-1,direct_block_20,audio_v_edge,[20],-4.222221374511719,-4.390861988067627,-4.42457389831543,0.1686406135559082,0.20235252380371094,-0.033711910247802734,-3.9362642765045166
pair_0081_happy,pair_0081,21,01,02,01,happy,pair_0081_sad,-1,direct_block_21,audio_v_edge,[21],-4.222221374511719,-4.390861988067627,-4.256810188293457,0.1686406135559082,0.03458881378173828,0.13405179977416992,-3.9362642765045166
pair_0081_happy,pair_0081,21,01,02,01,happy,pair_0081_sad,-1,direct_block_22,audio_v_edge,[22],-4.222221374511719,-4.390861988067627,-4.181047439575195,0.1686406135559082,-0.04117393493652344,0.20981454849243164,-3.9362642765045166
pair_0081_happy,pair_0081,21,01,02,01,happy,pair_0081_sad,-1,direct_block_23,audio_v_edge,[23],-4.222221374511719,-4.390861988067627,-4.4145917892456055,0.1686406135559082,0.19237041473388672,-0.023729801177978516,-3.9362642765045166
pair_0081_happy,pair_0081,21,01,02,01,happy,pair_0081_sad,-1,direct_cumulative_18_19,audio_v_edge,"[18, 19]",-4.222221374511719,-4.390861988067627,-4.242988109588623,0.1686406135559082,0.020766735076904297,0.1478738784790039,-3.9362642765045166
pair_0081_happy,pair_0081,21,01,02,01,happy,pair_0081_sad,-1,direct_cumulative_18_20,audio_v_edge,"[18, 19, 20]",-4.222221374511719,-4.390861988067627,-4.274956703186035,0.1686406135559082,0.052735328674316406,0.1159052848815918,-3.9362642765045166
pair_0081_happy,pair_0081,21,01,02,01,happy,pair_0081_sad,-1,direct_cumulative_18_21,audio_v_edge,"[18, 19, 20, 21]",-4.222221374511719,-4.390861988067627,-4.1325836181640625,0.1686406135559082,-0.08963775634765625,0.25827836990356445,-3.9362642765045166
pair_0081_happy,pair_0081,21,01,02,01,happy,pair_0081_sad,-1,direct_cumulative_18_22,audio_v_edge,"[18, 19, 20, 21, 22]",-4.222221374511719,-4.390861988067627,-3.905667781829834,0.1686406135559082,-0.31655359268188477,0.48519420623779297,-3.9362642765045166
pair_0081_happy,pair_0081,21,01,02,01,happy,pair_0081_sad,-1,direct_cumulative_18_23,audio_v_edge,"[18, 19, 20, 21, 22, 23]",-4.222221374511719,-4.390861988067627,-3.9362642765045166,0.1686406135559082,-0.28595709800720215,0.45459771156311035,-3.9362642765045166
pair_0081_sad,pair_0081,21,01,02,01,sad,pair_0081_happy,1,direct_block_18,audio_v_edge,[18],-4.20202112197876,-4.035709857940674,-4.206315517425537,0.16631126403808594,-0.004294395446777344,0.17060565948486328,-4.337002277374268
pair_0081_sad,pair_0081,21,01,02,01,sad,pair_0081_happy,1,direct_block_19,audio_v_edge,[19],-4.20202112197876,-4.035709857940674,-4.07649040222168,0.16631126403808594,0.12553071975708008,0.04078054428100586,-4.337002277374268
pair_0081_sad,pair_0081,21,01,02,01,sad,pair_0081_happy,1,direct_block_20,audio_v_edge,[20],-4.20202112197876,-4.035709857940674,-4.141336441040039,0.16631126403808594,0.0606846809387207,0.10562658309936523,-4.337002277374268
pair_0081_sad,pair_0081,21,01,02,01,sad,pair_0081_happy,1,direct_block_21,audio_v_edge,[21],-4.20202112197876,-4.035709857940674,-3.901010751724243,0.16631126403808594,0.3010103702545166,-0.13469910621643066,-4.337002277374268
pair_0081_sad,pair_0081,21,01,02,01,sad,pair_0081_happy,1,direct_block_22,audio_v_edge,[22],-4.20202112197876,-4.035709857940674,-4.173116683959961,0.16631126403808594,0.028904438018798828,0.1374068260192871,-4.337002277374268
pair_0081_sad,pair_0081,21,01,02,01,sad,pair_0081_happy,1,direct_block_23,audio_v_edge,[23],-4.20202112197876,-4.035709857940674,-4.041115760803223,0.16631126403808594,0.1609053611755371,0.005405902862548828,-4.337002277374268
pair_0081_sad,pair_0081,21,01,02,01,sad,pair_0081_happy,1,direct_cumulative_18_19,audio_v_edge,"[18, 19]",-4.20202112197876,-4.035709857940674,-4.248889923095703,0.16631126403808594,-0.04686880111694336,0.2131800651550293,-4.337002277374268
pair_0081_sad,pair_0081,21,01,02,01,sad,pair_0081_happy,1,direct_cumulative_18_20,audio_v_edge,"[18, 19, 20]",-4.20202112197876,-4.035709857940674,-4.351195812225342,0.16631126403808594,-0.14917469024658203,0.31548595428466797,-4.337002277374268
pair_0081_sad,pair_0081,21,01,02,01,sad,pair_0081_happy,1,direct_cumulative_18_21,audio_v_edge,"[18, 19, 20, 21]",-4.20202112197876,-4.035709857940674,-4.20342493057251,0.16631126403808594,-0.00140380859375,0.16771507263183594,-4.337002277374268
pair_0081_sad,pair_0081,21,01,02,01,sad,pair_0081_happy,1,direct_cumulative_18_22,audio_v_edge,"[18, 19, 20, 21, 22]",-4.20202112197876,-4.035709857940674,-4.3334150314331055,0.16631126403808594,-0.1313939094543457,0.29770517349243164,-4.337002277374268
pair_0081_sad,pair_0081,21,01,02,01,sad,pair_0081_happy,1,direct_cumulative_18_23,audio_v_edge,"[18, 19, 20, 21, 22, 23]",-4.20202112197876,-4.035709857940674,-4.337002277374268,0.16631126403808594,-0.1349811553955078,0.30129241943359375,-4.337002277374268
pair_0082_happy,pair_0082,21,02,01,01,happy,pair_0082_sad,-1,direct_block_18,audio_v_edge,[18],-3.776475191116333,-3.802028179168701,-3.735077381134033,0.025552988052368164,-0.041397809982299805,0.06695079803466797,-3.565776824951172
pair_0082_happy,pair_0082,21,02,01,01,happy,pair_0082_sad,-1,direct_block_19,audio_v_edge,[19],-3.776475191116333,-3.802028179168701,-3.6687960624694824,0.025552988052368164,-0.10767912864685059,0.13323211669921875,-3.565776824951172
pair_0082_happy,pair_0082,21,02,01,01,happy,pair_0082_sad,-1,direct_block_20,audio_v_edge,[20],-3.776475191116333,-3.802028179168701,-3.782038688659668,0.025552988052368164,0.005563497543334961,0.019989490509033203,-3.565776824951172
pair_0082_happy,pair_0082,21,02,01,01,happy,pair_0082_sad,-1,direct_block_21,audio_v_edge,[21],-3.776475191116333,-3.802028179168701,-3.755030632019043,0.025552988052368164,-0.02144455909729004,0.0469975471496582,-3.565776824951172
pair_0082_happy,pair_0082,21,02,01,01,happy,pair_0082_sad,-1,direct_block_22,audio_v_edge,[22],-3.776475191116333,-3.802028179168701,-3.755615711212158,0.025552988052368164,-0.020859479904174805,0.04641246795654297,-3.565776824951172
pair_0082_happy,pair_0082,21,02,01,01,happy,pair_0082_sad,-1,direct_block_23,audio_v_edge,[23],-3.776475191116333,-3.802028179168701,-3.875002384185791,0.025552988052368164,0.09852719306945801,-0.07297420501708984,-3.565776824951172
pair_0082_happy,pair_0082,21,02,01,01,happy,pair_0082_sad,-1,direct_cumulative_18_19,audio_v_edge,"[18, 19]",-3.776475191116333,-3.802028179168701,-3.603564739227295,0.025552988052368164,-0.17291045188903809,0.19846343994140625,-3.565776824951172
pair_0082_happy,pair_0082,21,02,01,01,happy,pair_0082_sad,-1,direct_cumulative_18_20,audio_v_edge,"[18, 19, 20]",-3.776475191116333,-3.802028179168701,-3.582307815551758,0.025552988052368164,-0.1941673755645752,0.21972036361694336,-3.565776824951172
pair_0082_happy,pair_0082,21,02,01,01,happy,pair_0082_sad,-1,direct_cumulative_18_21,audio_v_edge,"[18, 19, 20, 21]",-3.776475191116333,-3.802028179168701,-3.531373977661133,0.025552988052368164,-0.2451012134552002,0.27065420150756836,-3.565776824951172
pair_0082_happy,pair_0082,21,02,01,01,happy,pair_0082_sad,-1,direct_cumulative_18_22,audio_v_edge,"[18, 19, 20, 21, 22]",-3.776475191116333,-3.802028179168701,-3.4937262535095215,0.025552988052368164,-0.2827489376068115,0.3083019256591797,-3.565776824951172
pair_0082_happy,pair_0082,21,02,01,01,happy,pair_0082_sad,-1,direct_cumulative_18_23,audio_v_edge,"[18, 19, 20, 21, 22, 23]",-3.776475191116333,-3.802028179168701,-3.565776824951172,0.025552988052368164,-0.21069836616516113,0.2362513542175293,-3.565776824951172
pair_0082_sad,pair_0082,21,02,01,01,sad,pair_0082_happy,1,direct_block_18,audio_v_edge,[18],-3.3417794704437256,-3.295318603515625,-3.4209673404693604,0.046460866928100586,-0.07918787002563477,0.12564873695373535,-3.2067911624908447
pair_0082_sad,pair_0082,21,02,01,01,sad,pair_0082_happy,1,direct_block_19,audio_v_edge,[19],-3.3417794704437256,-3.295318603515625,-3.394015312194824,0.046460866928100586,-0.05223584175109863,0.09869670867919922,-3.2067911624908447
pair_0082_sad,pair_0082,21,02,01,01,sad,pair_0082_happy,1,direct_block_20,audio_v_edge,[20],-3.3417794704437256,-3.295318603515625,-3.3744869232177734,0.046460866928100586,-0.03270745277404785,0.07916831970214844,-3.2067911624908447
pair_0082_sad,pair_0082,21,02,01,01,sad,pair_0082_happy,1,direct_block_21,audio_v_edge,[21],-3.3417794704437256,-3.295318603515625,-3.3056864738464355,0.046460866928100586,0.03609299659729004,0.010367870330810547,-3.2067911624908447
pair_0082_sad,pair_0082,21,02,01,01,sad,pair_0082_happy,1,direct_block_22,audio_v_edge,[22],-3.3417794704437256,-3.295318603515625,-2.9640936851501465,0.046460866928100586,0.3776857852935791,-0.3312249183654785,-3.2067911624908447
pair_0082_sad,pair_0082,21,02,01,01,sad,pair_0082_happy,1,direct_block_23,audio_v_edge,[23],-3.3417794704437256,-3.295318603515625,-3.243237257003784,0.046460866928100586,0.0985422134399414,-0.05208134651184082,-3.2067911624908447
pair_0082_sad,pair_0082,21,02,01,01,sad,pair_0082_happy,1,direct_cumulative_18_19,audio_v_edge,"[18, 19]",-3.3417794704437256,-3.295318603515625,-3.5088725090026855,0.046460866928100586,-0.16709303855895996,0.21355390548706055,-3.2067911624908447
pair_0082_sad,pair_0082,21,02,01,01,sad,pair_0082_happy,1,direct_cumulative_18_20,audio_v_edge,"[18, 19, 20]",-3.3417794704437256,-3.295318603515625,-3.5924582481384277,0.046460866928100586,-0.25067877769470215,0.29713964462280273,-3.2067911624908447
pair_0082_sad,pair_0082,21,02,01,01,sad,pair_0082_happy,1,direct_cumulative_18_21,audio_v_edge,"[18, 19, 20, 21]",-3.3417794704437256,-3.295318603515625,-3.606290578842163,0.046460866928100586,-0.2645111083984375,0.3109719753265381,-3.2067911624908447
pair_0082_sad,pair_0082,21,02,01,01,sad,pair_0082_happy,1,direct_cumulative_18_22,audio_v_edge,"[18, 19, 20, 21, 22]",-3.3417794704437256,-3.295318603515625,-3.257322311401367,0.046460866928100586,0.0844571590423584,-0.03799629211425781,-3.2067911624908447
pair_0082_sad,pair_0082,21,02,01,01,sad,pair_0082_happy,1,direct_cumulative_18_23,audio_v_edge,"[18, 19, 20, 21, 22, 23]",-3.3417794704437256,-3.295318603515625,-3.2067911624908447,0.046460866928100586,0.13498830795288086,-0.08852744102478027,-3.2067911624908447
pair_0083_happy,pair_0083,21,02,02,01,happy,pair_0083_sad,-1,direct_block_18,audio_v_edge,[18],-3.3170056343078613,-3.2713019847869873,-3.238084554672241,-0.04570364952087402,-0.07892107963562012,0.033217430114746094,-2.985673427581787
pair_0083_happy,pair_0083,21,02,02,01,happy,pair_0083_sad,-1,direct_block_19,audio_v_edge,[19],-3.3170056343078613,-3.2713019847869873,-3.0159010887145996,-0.04570364952087402,-0.3011045455932617,0.2554008960723877,-2.985673427581787
pair_0083_happy,pair_0083,21,02,02,01,happy,pair_0083_sad,-1,direct_block_20,audio_v_edge,[20],-3.3170056343078613,-3.2713019847869873,-3.2550582885742188,-0.04570364952087402,-0.06194734573364258,0.016243696212768555,-2.985673427581787
pair_0083_happy,pair_0083,21,02,02,01,happy,pair_0083_sad,-1,direct_block_21,audio_v_edge,[21],-3.3170056343078613,-3.2713019847869873,-3.2993874549865723,-0.04570364952087402,-0.017618179321289062,-0.02808547019958496,-2.985673427581787
pair_0083_happy,pair_0083,21,02,02,01,happy,pair_0083_sad,-1,direct_block_22,audio_v_edge,[22],-3.3170056343078613,-3.2713019847869873,-3.1310105323791504,-0.04570364952087402,-0.18599510192871094,0.14029145240783691,-2.985673427581787
pair_0083_happy,pair_0083,21,02,02,01,happy,pair_0083_sad,-1,direct_block_23,audio_v_edge,[23],-3.3170056343078613,-3.2713019847869873,-3.3802411556243896,-0.04570364952087402,0.06323552131652832,-0.10893917083740234,-2.985673427581787
pair_0083_happy,pair_0083,21,02,02,01,happy,pair_0083_sad,-1,direct_cumulative_18_19,audio_v_edge,"[18, 19]",-3.3170056343078613,-3.2713019847869873,-2.9905264377593994,-0.04570364952087402,-0.3264791965484619,0.2807755470275879,-2.985673427581787
pair_0083_happy,pair_0083,21,02,02,01,happy,pair_0083_sad,-1,direct_cumulative_18_20,audio_v_edge,"[18, 19, 20]",-3.3170056343078613,-3.2713019847869873,-2.9772539138793945,-0.04570364952087402,-0.3397517204284668,0.2940480709075928,-2.985673427581787
pair_0083_happy,pair_0083,21,02,02,01,happy,pair_0083_sad,-1,direct_cumulative_18_21,audio_v_edge,"[18, 19, 20, 21]",-3.3170056343078613,-3.2713019847869873,-3.00468373298645,-0.04570364952087402,-0.31232190132141113,0.2666182518005371,-2.985673427581787
pair_0083_happy,pair_0083,21,02,02,01,happy,pair_0083_sad,-1,direct_cumulative_18_22,audio_v_edge,"[18, 19, 20, 21, 22]",-3.3170056343078613,-3.2713019847869873,-2.8769965171813965,-0.04570364952087402,-0.44000911712646484,0.3943054676055908,-2.985673427581787
pair_0083_happy,pair_0083,21,02,02,01,happy,pair_0083_sad,-1,direct_cumulative_18_23,audio_v_edge,"[18, 19, 20, 21, 22, 23]",-3.3170056343078613,-3.2713019847869873,-2.985673427581787,-0.04570364952087402,-0.3313322067260742,0.2856285572052002,-2.985673427581787
pair_0083_sad,pair_0083,21,02,02,01,sad,pair_0083_happy,1,direct_block_18,audio_v_edge,[18],-3.4587490558624268,-3.4975616931915283,-3.465165376663208,-0.03881263732910156,-0.00641632080078125,-0.03239631652832031,-3.3787407875061035
pair_0083_sad,pair_0083,21,02,02,01,sad,pair_0083_happy,1,direct_block_19,audio_v_edge,[19],-3.4587490558624268,-3.4975616931915283,-3.624814748764038,-0.03881263732910156,-0.16606569290161133,0.12725305557250977,-3.3787407875061035
pair_0083_sad,pair_0083,21,02,02,01,sad,pair_0083_happy,1,direct_block_20,audio_v_edge,[20],-3.4587490558624268,-3.4975616931915283,-3.556881904602051,-0.03881263732910156,-0.09813284873962402,0.05932021141052246,-3.3787407875061035
pair_0083_sad,pair_0083,21,02,02,01,sad,pair_0083_happy,1,direct_block_21,audio_v_edge,[21],-3.4587490558624268,-3.4975616931915283,-3.4543020725250244,-0.03881263732910156,0.004446983337402344,-0.043259620666503906,-3.3787407875061035
pair_0083_sad,pair_0083,21,02,02,01,sad,pair_0083_happy,1,direct_block_22,audio_v_edge,[22],-3.4587490558624268,-3.4975616931915283,-3.3335695266723633,-0.03881263732910156,0.12517952919006348,-0.16399216651916504,-3.3787407875061035
pair_0083_sad,pair_0083,21,02,02,01,sad,pair_0083_happy,1,direct_block_23,audio_v_edge,[23],-3.4587490558624268,-3.4975616931915283,-3.453192949295044,-0.03881263732910156,0.0055561065673828125,-0.044368743896484375,-3.3787407875061035
pair_0083_sad,pair_0083,21,02,02,01,sad,pair_0083_happy,1,direct_cumulative_18_19,audio_v_edge,"[18, 19]",-3.4587490558624268,-3.4975616931915283,-3.5868797302246094,-0.03881263732910156,-0.12813067436218262,0.08931803703308105,-3.3787407875061035
pair_0083_sad,pair_0083,21,02,02,01,sad,pair_0083_happy,1,direct_cumulative_18_20,audio_v_edge,"[18, 19, 20]",-3.4587490558624268,-3.4975616931915283,-3.647181749343872,-0.03881263732910156,-0.1884326934814453,0.14962005615234375,-3.3787407875061035
pair_0083_sad,pair_0083,21,02,02,01,sad,pair_0083_happy,1,direct_cumulative_18_21,audio_v_edge,"[18, 19, 20, 21]",-3.4587490558624268,-3.4975616931915283,-3.6022326946258545,-0.03881263732910156,-0.14348363876342773,0.10467100143432617,-3.3787407875061035
pair_0083_sad,pair_0083,21,02,02,01,sad,pair_0083_happy,1,direct_cumulative_18_22,audio_v_edge,"[18, 19, 20, 21, 22]",-3.4587490558624268,-3.4975616931915283,-3.4254727363586426,-0.03881263732910156,0.03327631950378418,-0.07208895683288574,-3.3787407875061035
pair_0083_sad,pair_0083,21,02,02,01,sad,pair_0083_happy,1,direct_cumulative_18_23,audio_v_edge,"[18, 19, 20, 21, 22, 23]",-3.4587490558624268,-3.4975616931915283,-3.3787407875061035,-0.03881263732910156,0.08000826835632324,-0.1188209056854248,-3.3787407875061035
pair_0084_happy,pair_0084,22,01,01,01,happy,pair_0084_sad,-1,direct_block_18,audio_v_edge,[18],-4.489823341369629,-4.508843421936035,-4.53025484085083,0.01902008056640625,0.04043149948120117,-0.021411418914794922,-4.627988815307617
pair_0084_happy,pair_0084,22,01,01,01,happy,pair_0084_sad,-1,direct_block_19,audio_v_edge,[19],-4.489823341369629,-4.508843421936035,-4.5331830978393555,0.01902008056640625,0.04335975646972656,-0.024339675903320312,-4.627988815307617
pair_0084_happy,pair_0084,22,01,01,01,happy,pair_0084_sad,-1,direct_block_20,audio_v_edge,[20],-4.489823341369629,-4.508843421936035,-4.528329849243164,0.01902008056640625,0.038506507873535156,-0.019486427307128906,-4.627988815307617
pair_0084_happy,pair_0084,22,01,01,01,happy,pair_0084_sad,-1,direct_block_21,audio_v_edge,[21],-4.489823341369629,-4.508843421936035,-4.557579517364502,0.01902008056640625,0.06775617599487305,-0.0487360954284668,-4.627988815307617
pair_0084_happy,pair_0084,22,01,01,01,happy,pair_0084_sad,-1,direct_block_22,audio_v_edge,[22],-4.489823341369629,-4.508843421936035,-4.5346598625183105,0.01902008056640625,0.04483652114868164,-0.02581644058227539,-4.627988815307617
pair_0084_happy,pair_0084,22,01,01,01,happy,pair_0084_sad,-1,direct_block_23,audio_v_edge,[23],-4.489823341369629,-4.508843421936035,-4.4846272468566895,0.01902008056640625,-0.005196094512939453,0.024216175079345703,-4.627988815307617
pair_0084_happy,pair_0084,22,01,01,01,happy,pair_0084_sad,-1,direct_cumulative_18_19,audio_v_edge,"[18, 19]",-4.489823341369629,-4.508843421936035,-4.5561652183532715,0.01902008056640625,0.06634187698364258,-0.04732179641723633,-4.627988815307617
pair_0084_happy,pair_0084,22,01,01,01,happy,pair_0084_sad,-1,direct_cumulative_18_20,audio_v_edge,"[18, 19, 20]",-4.489823341369629,-4.508843421936035,-4.575667858123779,0.01902008056640625,0.08584451675415039,-0.06682443618774414,-4.627988815307617
pair_0084_happy,pair_0084,22,01,01,01,happy,pair_0084_sad,-1,direct_cumulative_18_21,audio_v_edge,"[18, 19, 20, 21]",-4.489823341369629,-4.508843421936035,-4.625573635101318,0.01902008056640625,0.13575029373168945,-0.1167302131652832,-4.627988815307617
pair_0084_happy,pair_0084,22,01,01,01,happy,pair_0084_sad,-1,direct_cumulative_18_22,audio_v_edge,"[18, 19, 20, 21, 22]",-4.489823341369629,-4.508843421936035,-4.653070449829102,0.01902008056640625,0.16324710845947266,-0.1442270278930664,-4.627988815307617
pair_0084_happy,pair_0084,22,01,01,01,happy,pair_0084_sad,-1,direct_cumulative_18_23,audio_v_edge,"[18, 19, 20, 21, 22, 23]",-4.489823341369629,-4.508843421936035,-4.627988815307617,0.01902008056640625,0.13816547393798828,-0.11914539337158203,-4.627988815307617
pair_0084_sad,pair_0084,22,01,01,01,sad,pair_0084_happy,1,direct_block_18,audio_v_edge,[18],-4.763824462890625,-4.7529215812683105,-4.773079872131348,0.010902881622314453,-0.009255409240722656,0.02015829086303711,-4.7270636558532715
pair_0084_sad,pair_0084,22,01,01,01,sad,pair_0084_happy,1,direct_block_19,audio_v_edge,[19],-4.763824462890625,-4.7529215812683105,-4.717884063720703,0.010902881622314453,0.045940399169921875,-0.03503751754760742,-4.7270636558532715
pair_0084_sad,pair_0084,22,01,01,01,sad,pair_0084_happy,1,direct_block_20,audio_v_edge,[20],-4.763824462890625,-4.7529215812683105,-4.743658542633057,0.010902881622314453,0.02016592025756836,-0.009263038635253906,-4.7270636558532715
pair_0084_sad,pair_0084,22,01,01,01,sad,pair_0084_happy,1,direct_block_21,audio_v_edge,[21],-4.763824462890625,-4.7529215812683105,-4.679257392883301,0.010902881622314453,0.08456707000732422,-0.07366418838500977,-4.7270636558532715
pair_0084_sad,pair_0084,22,01,01,01,sad,pair_0084_happy,1,direct_block_22,audio_v_edge,[22],-4.763824462890625,-4.7529215812683105,-4.782695770263672,0.010902881622314453,-0.018871307373046875,0.029774188995361328,-4.7270636558532715
pair_0084_sad,pair_0084,22,01,01,01,sad,pair_0084_happy,1,direct_block_23,audio_v_edge,[23],-4.763824462890625,-4.7529215812683105,-4.796797752380371,0.010902881622314453,-0.032973289489746094,0.04387617111206055,-4.7270636558532715
pair_0084_sad,pair_0084,22,01,01,01,sad,pair_0084_happy,1,direct_cumulative_18_19,audio_v_edge,"[18, 19]",-4.763824462890625,-4.7529215812683105,-4.736168384552002,0.010902881622314453,0.027656078338623047,-0.016753196716308594,-4.7270636558532715
pair_0084_sad,pair_0084,22,01,01,01,sad,pair_0084_happy,1,direct_cumulative_18_20,audio_v_edge,"[18, 19, 20]",-4.763824462890625,-4.7529215812683105,-4.726946830749512,0.010902881622314453,0.03687763214111328,-0.025974750518798828,-4.7270636558532715
pair_0084_sad,pair_0084,22,01,01,01,sad,pair_0084_happy,1,direct_cumulative_18_21,audio_v_edge,"[18, 19, 20, 21]",-4.763824462890625,-4.7529215812683105,-4.652299404144287,0.010902881622314453,0.11152505874633789,-0.10062217712402344,-4.7270636558532715
pair_0084_sad,pair_0084,22,01,01,01,sad,pair_0084_happy,1,direct_cumulative_18_22,audio_v_edge,"[18, 19, 20, 21, 22]",-4.763824462890625,-4.7529215812683105,-4.682285308837891,0.010902881622314453,0.08153915405273438,-0.07063627243041992,-4.7270636558532715
pair_0084_sad,pair_0084,22,01,01,01,sad,pair_0084_happy,1,direct_cumulative_18_23,audio_v_edge,"[18, 19, 20, 21, 22, 23]",-4.763824462890625,-4.7529215812683105,-4.7270636558532715,0.010902881622314453,0.036760807037353516,-0.025857925415039062,-4.7270636558532715
pair_0085_happy,pair_0085,22,01,02,01,happy,pair_0085_sad,-1,direct_block_18,audio_v_edge,[18],-4.036124229431152,-4.28157377243042,-4.296571731567383,0.24544954299926758,0.26044750213623047,-0.01499795913696289,-4.058185577392578
pair_0085_happy,pair_0085,22,01,02,01,happy,pair_0085_sad,-1,direct_block_19,audio_v_edge,[19],-4.036124229431152,-4.28157377243042,-4.332120418548584,0.24544954299926758,0.29599618911743164,-0.05054664611816406,-4.058185577392578
pair_0085_happy,pair_0085,22,01,02,01,happy,pair_0085_sad,-1,direct_block_20,audio_v_edge,[20],-4.036124229431152,-4.28157377243042,-4.294242858886719,0.24544954299926758,0.2581186294555664,-0.012669086456298828,-4.058185577392578
pair_0085_happy,pair_0085,22,01,02,01,happy,pair_0085_sad,-1,direct_block_21,audio_v_edge,[21],-4.036124229431152,-4.28157377243042,-4.0443196296691895,0.24544954299926758,0.00819540023803711,0.23725414276123047,-4.058185577392578
pair_0085_happy,pair_0085,22,01,02,01,happy,pair_0085_sad,-1,direct_block_22,audio_v_edge,[22],-4.036124229431152,-4.28157377243042,-4.250058174133301,0.24544954299926758,0.21393394470214844,0.03151559829711914,-4.058185577392578
pair_0085_happy,pair_0085,22,01,02,01,happy,pair_0085_sad,-1,direct_block_23,audio_v_edge,[23],-4.036124229431152,-4.28157377243042,-4.24972677230835,0.24544954299926758,0.21360254287719727,0.03184700012207031,-4.058185577392578
pair_0085_happy,pair_0085,22,01,02,01,happy,pair_0085_sad,-1,direct_cumulative_18_19,audio_v_edge,"[18, 19]",-4.036124229431152,-4.28157377243042,-4.3509368896484375,0.24544954299926758,0.31481266021728516,-0.06936311721801758,-4.058185577392578
pair_0085_happy,pair_0085,22,01,02,01,happy,pair_0085_sad,-1,direct_cumulative_18_20,audio_v_edge,"[18, 19, 20]",-4.036124229431152,-4.28157377243042,-4.361940860748291,0.24544954299926758,0.32581663131713867,-0.0803670883178711,-4.058185577392578
pair_0085_happy,pair_0085,22,01,02,01,happy,pair_0085_sad,-1,direct_cumulative_18_21,audio_v_edge,"[18, 19, 20, 21]",-4.036124229431152,-4.28157377243042,-4.120265960693359,0.24544954299926758,0.08414173126220703,0.16130781173706055,-4.058185577392578
pair_0085_happy,pair_0085,22,01,02,01,happy,pair_0085_sad,-1,direct_cumulative_18_22,audio_v_edge,"[18, 19, 20, 21, 22]",-4.036124229431152,-4.28157377243042,-4.092345237731934,0.24544954299926758,0.05622100830078125,0.18922853469848633,-4.058185577392578
pair_0085_happy,pair_0085,22,01,02,01,happy,pair_0085_sad,-1,direct_cumulative_18_23,audio_v_edge,"[18, 19, 20, 21, 22, 23]",-4.036124229431152,-4.28157377243042,-4.058185577392578,0.24544954299926758,0.02206134796142578,0.2233881950378418,-4.058185577392578
pair_0085_sad,pair_0085,22,01,02,01,sad,pair_0085_happy,1,direct_block_18,audio_v_edge,[18],-4.4401750564575195,-4.222349643707275,-4.195234775543213,0.21782541275024414,0.24494028091430664,-0.0271148681640625,-4.2569122314453125
pair_0085_sad,pair_0085,22,01,02,01,sad,pair_0085_happy,1,direct_block_19,audio_v_edge,[19],-4.4401750564575195,-4.222349643707275,-4.278246879577637,0.21782541275024414,0.1619281768798828,0.05589723587036133,-4.2569122314453125
pair_0085_sad,pair_0085,22,01,02,01,sad,pair_0085_happy,1,direct_block_20,audio_v_edge,[20],-4.4401750564575195,-4.222349643707275,-4.256344795227051,0.21782541275024414,0.18383026123046875,0.03399515151977539,-4.2569122314453125
pair_0085_sad,pair_0085,22,01,02,01,sad,pair_0085_happy,1,direct_block_21,audio_v_edge,[21],-4.4401750564575195,-4.222349643707275,-4.230473518371582,0.21782541275024414,0.2097015380859375,0.00812387466430664,-4.2569122314453125
pair_0085_sad,pair_0085,22,01,02,01,sad,pair_0085_happy,1,direct_block_22,audio_v_edge,[22],-4.4401750564575195,-4.222349643707275,-4.119826316833496,0.21782541275024414,0.32034873962402344,-0.1025233268737793,-4.2569122314453125
pair_0085_sad,pair_0085,22,01,02,01,sad,pair_0085_happy,1,direct_block_23,audio_v_edge,[23],-4.4401750564575195,-4.222349643707275,-4.276861667633057,0.21782541275024414,0.1633133888244629,0.05451202392578125,-4.2569122314453125
pair_0085_sad,pair_0085,22,01,02,01,sad,pair_0085_happy,1,direct_cumulative_18_19,audio_v_edge,"[18, 19]",-4.4401750564575195,-4.222349643707275,-4.250576972961426,0.21782541275024414,0.18959808349609375,0.02822732925415039,-4.2569122314453125
pair_0085_sad,pair_0085,22,01,02,01,sad,pair_0085_happy,1,direct_cumulative_18_20,audio_v_edge,"[18, 19, 20]",-4.4401750564575195,-4.222349643707275,-4.280370712280273,0.21782541275024414,0.1598043441772461,0.05802106857299805,-4.2569122314453125
pair_0085_sad,pair_0085,22,01,02,01,sad,pair_0085_happy,1,direct_cumulative_18_21,audio_v_edge,"[18, 19, 20, 21]",-4.4401750564575195,-4.222349643707275,-4.296868801116943,0.21782541275024414,0.14330625534057617,0.07451915740966797,-4.2569122314453125
pair_0085_sad,pair_0085,22,01,02,01,sad,pair_0085_happy,1,direct_cumulative_18_22,audio_v_edge,"[18, 19, 20, 21, 22]",-4.4401750564575195,-4.222349643707275,-4.1973490715026855,0.21782541275024414,0.24282598495483398,-0.025000572204589844,-4.2569122314453125
pair_0085_sad,pair_0085,22,01,02,01,sad,pair_0085_happy,1,direct_cumulative_18_23,audio_v_edge,"[18, 19, 20, 21, 22, 23]",-4.4401750564575195,-4.222349643707275,-4.2569122314453125,0.21782541275024414,0.18326282501220703,0.03456258773803711,-4.2569122314453125
pair_0086_happy,pair_0086,22,02,01,01,happy,pair_0086_sad,-1,direct_block_18,audio_v_edge,[18],-3.6062417030334473,-3.687047004699707,-3.6263842582702637,0.08080530166625977,0.020142555236816406,0.06066274642944336,-3.4068596363067627
pair_0086_happy,pair_0086,22,02,01,01,happy,pair_0086_sad,-1,direct_block_19,audio_v_edge,[19],-3.6062417030334473,-3.687047004699707,-3.5887105464935303,0.08080530166625977,-0.017531156539916992,0.09833645820617676,-3.4068596363067627
pair_0086_happy,pair_0086,22,02,01,01,happy,pair_0086_sad,-1,direct_block_20,audio_v_edge,[20],-3.6062417030334473,-3.687047004699707,-3.697396755218506,0.08080530166625977,0.0911550521850586,-0.010349750518798828,-3.4068596363067627
pair_0086_happy,pair_0086,22,02,01,01,happy,pair_0086_sad,-1,direct_block_21,audio_v_edge,[21],-3.6062417030334473,-3.687047004699707,-3.673788547515869,0.08080530166625977,0.06754684448242188,0.01325845718383789,-3.4068596363067627
pair_0086_happy,pair_0086,22,02,01,01,happy,pair_0086_sad,-1,direct_block_22,audio_v_edge,[22],-3.6062417030334473,-3.687047004699707,-3.589672088623047,0.08080530166625977,-0.01656961441040039,0.09737491607666016,-3.4068596363067627
pair_0086_happy,pair_0086,22,02,01,01,happy,pair_0086_sad,-1,direct_block_23,audio_v_edge,[23],-3.6062417030334473,-3.687047004699707,-3.657501220703125,0.08080530166625977,0.051259517669677734,0.02954578399658203,-3.4068596363067627
pair_0086_happy,pair_0086,22,02,01,01,happy,pair_0086_sad,-1,direct_cumulative_18_19,audio_v_edge,"[18, 19]",-3.6062417030334473,-3.687047004699707,-3.5319933891296387,0.08080530166625977,-0.0742483139038086,0.15505361557006836,-3.4068596363067627
pair_0086_happy,pair_0086,22,02,01,01,happy,pair_0086_sad,-1,direct_cumulative_18_20,audio_v_edge,"[18, 19, 20]",-3.6062417030334473,-3.687047004699707,-3.543884754180908,0.08080530166625977,-0.06235694885253906,0.14316225051879883,-3.4068596363067627
pair_0086_happy,pair_0086,22,02,01,01,happy,pair_0086_sad,-1,direct_cumulative_18_21,audio_v_edge,"[18, 19, 20, 21]",-3.6062417030334473,-3.687047004699707,-3.528902292251587,0.08080530166625977,-0.07733941078186035,0.15814471244812012,-3.4068596363067627
pair_0086_happy,pair_0086,22,02,01,01,happy,pair_0086_sad,-1,direct_cumulative_18_22,audio_v_edge,"[18, 19, 20, 21, 22]",-3.6062417030334473,-3.687047004699707,-3.43664813041687,0.08080530166625977,-0.16959357261657715,0.2503988742828369,-3.4068596363067627
pair_0086_happy,pair_0086,22,02,01,01,happy,pair_0086_sad,-1,direct_cumulative_18_23,audio_v_edge,"[18, 19, 20, 21, 22, 23]",-3.6062417030334473,-3.687047004699707,-3.4068596363067627,0.08080530166625977,-0.19938206672668457,0.28018736839294434,-3.4068596363067627
pair_0086_sad,pair_0086,22,02,01,01,sad,pair_0086_happy,1,direct_block_18,audio_v_edge,[18],-3.6647796630859375,-3.586930513381958,-3.602118492126465,0.07784914970397949,0.06266117095947266,0.015187978744506836,-3.4780161380767822
pair_0086_sad,pair_0086,22,02,01,01,sad,pair_0086_happy,1,direct_block_19,audio_v_edge,[19],-3.6647796630859375,-3.586930513381958,-3.6622586250305176,0.07784914970397949,0.002521038055419922,0.07532811164855957,-3.4780161380767822
pair_0086_sad,pair_0086,22,02,01,01,sad,pair_0086_happy,1,direct_block_20,audio_v_edge,[20],-3.6647796630859375,-3.586930513381958,-3.6057279109954834,0.07784914970397949,0.0590517520904541,0.01879739761352539,-3.4780161380767822
pair_0086_sad,pair_0086,22,02,01,01,sad,pair_0086_happy,1,direct_block_21,audio_v_edge,[21],-3.6647796630859375,-3.586930513381958,-3.5278077125549316,0.07784914970397949,0.13697195053100586,-0.05912280082702637,-3.4780161380767822
pair_0086_sad,pair_0086,22,02,01,01,sad,pair_0086_happy,1,direct_block_22,audio_v_edge,[22],-3.6647796630859375,-3.586930513381958,-3.4037060737609863,0.07784914970397949,0.26107358932495117,-0.18322443962097168,-3.4780161380767822
pair_0086_sad,pair_0086,22,02,01,01,sad,pair_0086_happy,1,direct_block_23,audio_v_edge,[23],-3.6647796630859375,-3.586930513381958,-3.6096763610839844,0.07784914970397949,0.055103302001953125,0.022745847702026367,-3.4780161380767822
pair_0086_sad,pair_0086,22,02,01,01,sad,pair_0086_happy,1,direct_cumulative_18_19,audio_v_edge,"[18, 19]",-3.6647796630859375,-3.586930513381958,-3.680408477783203,0.07784914970397949,-0.015628814697265625,0.09347796440124512,-3.4780161380767822
pair_0086_sad,pair_0086,22,02,01,01,sad,pair_0086_happy,1,direct_cumulative_18_20,audio_v_edge,"[18, 19, 20]",-3.6647796630859375,-3.586930513381958,-3.6997029781341553,0.07784914970397949,-0.03492331504821777,0.11277246475219727,-3.4780161380767822
pair_0086_sad,pair_0086,22,02,01,01,sad,pair_0086_happy,1,direct_cumulative_18_21,audio_v_edge,"[18, 19, 20, 21]",-3.6647796630859375,-3.586930513381958,-3.643106698989868,0.07784914970397949,0.021672964096069336,0.056176185607910156,-3.4780161380767822
pair_0086_sad,pair_0086,22,02,01,01,sad,pair_0086_happy,1,direct_cumulative_18_22,audio_v_edge,"[18, 19, 20, 21, 22]",-3.6647796630859375,-3.586930513381958,-3.4532690048217773,0.07784914970397949,0.21151065826416016,-0.13366150856018066,-3.4780161380767822
pair_0086_sad,pair_0086,22,02,01,01,sad,pair_0086_happy,1,direct_cumulative_18_23,audio_v_edge,"[18, 19, 20, 21, 22, 23]",-3.6647796630859375,-3.586930513381958,-3.4780161380767822,0.07784914970397949,0.18676352500915527,-0.10891437530517578,-3.4780161380767822
pair_0087_happy,pair_0087,22,02,02,01,happy,pair_0087_sad,-1,direct_block_18,audio_v_edge,[18],-3.63923716545105,-3.514237403869629,-3.4238221645355225,-0.1249997615814209,-0.21541500091552734,0.09041523933410645,-3.2145981788635254
pair_0087_happy,pair_0087,22,02,02,01,happy,pair_0087_sad,-1,direct_block_19,audio_v_edge,[19],-3.63923716545105,-3.514237403869629,-3.552666664123535,-0.1249997615814209,-0.08657050132751465,-0.03842926025390625,-3.2145981788635254
pair_0087_happy,pair_0087,22,02,02,01,happy,pair_0087_sad,-1,direct_block_20,audio_v_edge,[20],-3.63923716545105,-3.514237403869629,-3.530927896499634,-0.1249997615814209,-0.10830926895141602,-0.016690492630004883,-3.2145981788635254
pair_0087_happy,pair_0087,22,02,02,01,happy,pair_0087_sad,-1,direct_block_21,audio_v_edge,[21],-3.63923716545105,-3.514237403869629,-3.4576499462127686,-0.1249997615814209,-0.18158721923828125,0.05658745765686035,-3.2145981788635254
pair_0087_happy,pair_0087,22,02,02,01,happy,pair_0087_sad,-1,direct_block_22,audio_v_edge,[22],-3.63923716545105,-3.514237403869629,-3.360229969024658,-0.1249997615814209,-0.2790071964263916,0.1540074348449707,-3.2145981788635254
pair_0087_happy,pair_0087,22,02,02,01,happy,pair_0087_sad,-1,direct_block_23,audio_v_edge,[23],-3.63923716545105,-3.514237403869629,-3.468604326248169,-0.1249997615814209,-0.17063283920288086,0.04563307762145996,-3.2145981788635254
pair_0087_happy,pair_0087,22,02,02,01,happy,pair_0087_sad,-1,direct_cumulative_18_19,audio_v_edge,"[18, 19]",-3.63923716545105,-3.514237403869629,-3.46301007270813,-0.1249997615814209,-0.17622709274291992,0.05122733116149902,-3.2145981788635254
pair_0087_happy,pair_0087,22,02,02,01,happy,pair_0087_sad,-1,direct_cumulative_18_20,audio_v_edge,"[18, 19, 20]",-3.63923716545105,-3.514237403869629,-3.4776699542999268,-0.1249997615814209,-0.16156721115112305,0.03656744956970215,-3.2145981788635254
pair_0087_happy,pair_0087,22,02,02,01,happy,pair_0087_sad,-1,direct_cumulative_18_21,audio_v_edge,"[18, 19, 20, 21]",-3.63923716545105,-3.514237403869629,-3.416121006011963,-0.1249997615814209,-0.22311615943908691,0.09811639785766602,-3.2145981788635254
pair_0087_happy,pair_0087,22,02,02,01,happy,pair_0087_sad,-1,direct_cumulative_18_22,audio_v_edge,"[18, 19, 20, 21, 22]",-3.63923716545105,-3.514237403869629,-3.2620716094970703,-0.1249997615814209,-0.3771655559539795,0.2521657943725586,-3.2145981788635254
pair_0087_happy,pair_0087,22,02,02,01,happy,pair_0087_sad,-1,direct_cumulative_18_23,audio_v_edge,"[18, 19, 20, 21, 22, 23]",-3.63923716545105,-3.514237403869629,-3.2145981788635254,-0.1249997615814209,-0.4246389865875244,0.2996392250061035,-3.2145981788635254
pair_0087_sad,pair_0087,22,02,02,01,sad,pair_0087_happy,1,direct_block_18,audio_v_edge,[18],-3.512509346008301,-3.6104135513305664,-3.6288373470306396,-0.09790420532226562,-0.11632800102233887,0.018423795700073242,-3.4897961616516113
pair_0087_sad,pair_0087,22,02,02,01,sad,pair_0087_happy,1,direct_block_19,audio_v_edge,[19],-3.512509346008301,-3.6104135513305664,-3.6209444999694824,-0.09790420532226562,-0.10843515396118164,0.010530948638916016,-3.4897961616516113
pair_0087_sad,pair_0087,22,02,02,01,sad,pair_0087_happy,1,direct_block_20,audio_v_edge,[20],-3.512509346008301,-3.6104135513305664,-3.5726535320281982,-0.09790420532226562,-0.06014418601989746,-0.037760019302368164,-3.4897961616516113
pair_0087_sad,pair_0087,22,02,02,01,sad,pair_0087_happy,1,direct_block_21,audio_v_edge,[21],-3.512509346008301,-3.6104135513305664,-3.63840913772583,-0.09790420532226562,-0.1258997917175293,0.027995586395263672,-3.4897961616516113
pair_0087_sad,pair_0087,22,02,02,01,sad,pair_0087_happy,1,direct_block_22,audio_v_edge,[22],-3.512509346008301,-3.6104135513305664,-3.282637119293213,-0.09790420532226562,0.2298722267150879,-0.3277764320373535,-3.4897961616516113
pair_0087_sad,pair_0087,22,02,02,01,sad,pair_0087_happy,1,direct_block_23,audio_v_edge,[23],-3.512509346008301,-3.6104135513305664,-3.8024301528930664,-0.09790420532226562,-0.2899208068847656,0.1920166015625,-3.4897961616516113
pair_0087_sad,pair_0087,22,02,02,01,sad,pair_0087_happy,1,direct_cumulative_18_19,audio_v_edge,"[18, 19]",-3.512509346008301,-3.6104135513305664,-3.642184257507324,-0.09790420532226562,-0.12967491149902344,0.03177070617675781,-3.4897961616516113
pair_0087_sad,pair_0087,22,02,02,01,sad,pair_0087_happy,1,direct_cumulative_18_20,audio_v_edge,"[18, 19, 20]",-3.512509346008301,-3.6104135513305664,-3.600611925125122,-0.09790420532226562,-0.08810257911682129,-0.009801626205444336,-3.4897961616516113
pair_0087_sad,pair_0087,22,02,02,01,sad,pair_0087_happy,1,direct_cumulative_18_21,audio_v_edge,"[18, 19, 20, 21]",-3.512509346008301,-3.6104135513305664,-3.632503032684326,-0.09790420532226562,-0.11999368667602539,0.022089481353759766,-3.4897961616516113
pair_0087_sad,pair_0087,22,02,02,01,sad,pair_0087_happy,1,direct_cumulative_18_22,audio_v_edge,"[18, 19, 20, 21, 22]",-3.512509346008301,-3.6104135513305664,-3.298980951309204,-0.09790420532226562,0.21352839469909668,-0.3114326000213623,-3.4897961616516113
pair_0087_sad,pair_0087,22,02,02,01,sad,pair_0087_happy,1,direct_cumulative_18_23,audio_v_edge,"[18, 19, 20, 21, 22, 23]",-3.512509346008301,-3.6104135513305664,-3.4897961616516113,-0.09790420532226562,0.022713184356689453,-0.12061738967895508,-3.4897961616516113
pair_0088_happy,pair_0088,23,01,01,01,happy,pair_0088_sad,-1,direct_block_18,audio_v_edge,[18],-4.401366233825684,-4.624745845794678,-4.539550304412842,0.22337961196899414,0.1381840705871582,0.08519554138183594,-4.514469146728516
pair_0088_happy,pair_0088,23,01,01,01,happy,pair_0088_sad,-1,direct_block_19,audio_v_edge,[19],-4.401366233825684,-4.624745845794678,-4.598097801208496,0.22337961196899414,0.1967315673828125,0.02664804458618164,-4.514469146728516
pair_0088_happy,pair_0088,23,01,01,01,happy,pair_0088_sad,-1,direct_block_20,audio_v_edge,[20],-4.401366233825684,-4.624745845794678,-4.654119968414307,0.22337961196899414,0.25275373458862305,-0.029374122619628906,-4.514469146728516
pair_0088_happy,pair_0088,23,01,01,01,happy,pair_0088_sad,-1,direct_block_21,audio_v_edge,[21],-4.401366233825684,-4.624745845794678,-4.568626880645752,0.22337961196899414,0.16726064682006836,0.05611896514892578,-4.514469146728516
pair_0088_happy,pair_0088,23,01,01,01,happy,pair_0088_sad,-1,direct_block_22,audio_v_edge,[22],-4.401366233825684,-4.624745845794678,-4.622646331787109,0.22337961196899414,0.22128009796142578,0.0020995140075683594,-4.514469146728516
pair_0088_happy,pair_0088,23,01,01,01,happy,pair_0088_sad,-1,direct_block_23,audio_v_edge,[23],-4.401366233825684,-4.624745845794678,-4.64644718170166,0.22337961196899414,0.24508094787597656,-0.021701335906982422,-4.514469146728516
pair_0088_happy,pair_0088,23,01,01,01,happy,pair_0088_sad,-1,direct_cumulative_18_19,audio_v_edge,"[18, 19]",-4.401366233825684,-4.624745845794678,-4.518994331359863,0.22337961196899414,0.11762809753417969,0.10575151443481445,-4.514469146728516
pair_0088_happy,pair_0088,23,01,01,01,happy,pair_0088_sad,-1,direct_cumulative_18_20,audio_v_edge,"[18, 19, 20]",-4.401366233825684,-4.624745845794678,-4.547605037689209,0.22337961196899414,0.1462388038635254,0.07714080810546875,-4.514469146728516
pair_0088_happy,pair_0088,23,01,01,01,happy,pair_0088_sad,-1,direct_cumulative_18_21,audio_v_edge,"[18, 19, 20, 21]",-4.401366233825684,-4.624745845794678,-4.489945411682129,0.22337961196899414,0.08857917785644531,0.13480043411254883,-4.514469146728516
pair_0088_happy,pair_0088,23,01,01,01,happy,pair_0088_sad,-1,direct_cumulative_18_22,audio_v_edge,"[18, 19, 20, 21, 22]",-4.401366233825684,-4.624745845794678,-4.4907546043396,0.22337961196899414,0.08938837051391602,0.13399124145507812,-4.514469146728516
pair_0088_happy,pair_0088,23,01,01,01,happy,pair_0088_sad,-1,direct_cumulative_18_23,audio_v_edge,"[18, 19, 20, 21, 22, 23]",-4.401366233825684,-4.624745845794678,-4.514469146728516,0.22337961196899414,0.11310291290283203,0.11027669906616211,-4.514469146728516
pair_0088_sad,pair_0088,23,01,01,01,sad,pair_0088_happy,1,direct_block_18,audio_v_edge,[18],-4.017239093780518,-3.822612762451172,-3.805711507797241,0.1946263313293457,0.21152758598327637,-0.016901254653930664,-3.9420862197875977
pair_0088_sad,pair_0088,23,01,01,01,sad,pair_0088_happy,1,direct_block_19,audio_v_edge,[19],-4.017239093780518,-3.822612762451172,-3.908691644668579,0.1946263313293457,0.10854744911193848,0.08607888221740723,-3.9420862197875977
pair_0088_sad,pair_0088,23,01,01,01,sad,pair_0088_happy,1,direct_block_20,audio_v_edge,[20],-4.017239093780518,-3.822612762451172,-3.844414472579956,0.1946263313293457,0.17282462120056152,0.02180171012878418,-3.9420862197875977
pair_0088_sad,pair_0088,23,01,01,01,sad,pair_0088_happy,1,direct_block_21,audio_v_edge,[21],-4.017239093780518,-3.822612762451172,-3.9259326457977295,0.1946263313293457,0.09130644798278809,0.10331988334655762,-3.9420862197875977
pair_0088_sad,pair_0088,23,01,01,01,sad,pair_0088_happy,1,direct_block_22,audio_v_edge,[22],-4.017239093780518,-3.822612762451172,-3.7800183296203613,0.1946263313293457,0.23722076416015625,-0.04259443283081055,-3.9420862197875977
pair_0088_sad,pair_0088,23,01,01,01,sad,pair_0088_happy,1,direct_block_23,audio_v_edge,[23],-4.017239093780518,-3.822612762451172,-3.801042079925537,0.1946263313293457,0.21619701385498047,-0.021570682525634766,-3.9420862197875977
pair_0088_sad,pair_0088,23,01,01,01,sad,pair_0088_happy,1,direct_cumulative_18_19,audio_v_edge,"[18, 19]",-4.017239093780518,-3.822612762451172,-3.8897266387939453,0.1946263313293457,0.12751245498657227,0.06711387634277344,-3.9420862197875977
pair_0088_sad,pair_0088,23,01,01,01,sad,pair_0088_happy,1,direct_cumulative_18_20,audio_v_edge,"[18, 19, 20]",-4.017239093780518,-3.822612762451172,-3.9065279960632324,0.1946263313293457,0.11071109771728516,0.08391523361206055,-3.9420862197875977
pair_0088_sad,pair_0088,23,01,01,01,sad,pair_0088_happy,1,direct_cumulative_18_21,audio_v_edge,"[18, 19, 20, 21]",-4.017239093780518,-3.822612762451172,-4.011188507080078,0.1946263313293457,0.006050586700439453,0.18857574462890625,-3.9420862197875977
pair_0088_sad,pair_0088,23,01,01,01,sad,pair_0088_happy,1,direct_cumulative_18_22,audio_v_edge,"[18, 19, 20, 21, 22]",-4.017239093780518,-3.822612762451172,-3.9638824462890625,0.1946263313293457,0.05335664749145508,0.14126968383789062,-3.9420862197875977
pair_0088_sad,pair_0088,23,01,01,01,sad,pair_0088_happy,1,direct_cumulative_18_23,audio_v_edge,"[18, 19, 20, 21, 22, 23]",-4.017239093780518,-3.822612762451172,-3.9420862197875977,0.1946263313293457,0.07515287399291992,0.11947345733642578,-3.9420862197875977
pair_0089_happy,pair_0089,23,01,02,01,happy,pair_0089_sad,-1,direct_block_18,audio_v_edge,[18],-4.488677501678467,-4.563165187835693,-4.551573753356934,0.07448768615722656,0.0628962516784668,0.011591434478759766,-4.381070137023926
pair_0089_happy,pair_0089,23,01,02,01,happy,pair_0089_sad,-1,direct_block_19,audio_v_edge,[19],-4.488677501678467,-4.563165187835693,-4.531216621398926,0.07448768615722656,0.042539119720458984,0.03194856643676758,-4.381070137023926
pair_0089_happy,pair_0089,23,01,02,01,happy,pair_0089_sad,-1,direct_block_20,audio_v_edge,[20],-4.488677501678467,-4.563165187835693,-4.661170959472656,0.07448768615722656,0.17249345779418945,-0.09800577163696289,-4.381070137023926
pair_0089_happy,pair_0089,23,01,02,01,happy,pair_0089_sad,-1,direct_block_21,audio_v_edge,[21],-4.488677501678467,-4.563165187835693,-4.438697338104248,0.07448768615722656,-0.04998016357421875,0.12446784973144531,-4.381070137023926
pair_0089_happy,pair_0089,23,01,02,01,happy,pair_0089_sad,-1,direct_block_22,audio_v_edge,[22],-4.488677501678467,-4.563165187835693,-4.46303129196167,0.07448768615722656,-0.025646209716796875,0.10013389587402344,-4.381070137023926
pair_0089_happy,pair_0089,23,01,02,01,happy,pair_0089_sad,-1,direct_block_23,audio_v_edge,[23],-4.488677501678467,-4.563165187835693,-4.5911993980407715,0.07448768615722656,0.10252189636230469,-0.028034210205078125,-4.381070137023926
pair_0089_happy,pair_0089,23,01,02,01,happy,pair_0089_sad,-1,direct_cumulative_18_19,audio_v_edge,"[18, 19]",-4.488677501678467,-4.563165187835693,-4.511990070343018,0.07448768615722656,0.02331256866455078,0.05117511749267578,-4.381070137023926
pair_0089_happy,pair_0089,23,01,02,01,happy,pair_0089_sad,-1,direct_cumulative_18_20,audio_v_edge,"[18, 19, 20]",-4.488677501678467,-4.563165187835693,-4.60478401184082,0.07448768615722656,0.11610651016235352,-0.04161882400512695,-4.381070137023926
pair_0089_happy,pair_0089,23,01,02,01,happy,pair_0089_sad,-1,direct_cumulative_18_21,audio_v_edge,"[18, 19, 20, 21]",-4.488677501678467,-4.563165187835693,-4.450013160705566,0.07448768615722656,-0.03866434097290039,0.11315202713012695,-4.381070137023926
pair_0089_happy,pair_0089,23,01,02,01,happy,pair_0089_sad,-1,direct_cumulative_18_22,audio_v_edge,"[18, 19, 20, 21, 22]",-4.488677501678467,-4.563165187835693,-4.3465986251831055,0.07448768615722656,-0.14207887649536133,0.2165665626525879,-4.381070137023926
pair_0089_happy,pair_0089,23,01,02,01,happy,pair_0089_sad,-1,direct_cumulative_18_23,audio_v_edge,"[18, 19, 20, 21, 22, 23]",-4.488677501678467,-4.563165187835693,-4.381070137023926,0.07448768615722656,-0.10760736465454102,0.18209505081176758,-4.381070137023926
pair_0089_sad,pair_0089,23,01,02,01,sad,pair_0089_happy,1,direct_block_18,audio_v_edge,[18],-4.4080986976623535,-4.341941833496094,-4.255023002624512,0.06615686416625977,0.1530756950378418,-0.08691883087158203,-4.338389873504639
pair_0089_sad,pair_0089,23,01,02,01,sad,pair_0089_happy,1,direct_block_19,audio_v_edge,[19],-4.4080986976623535,-4.341941833496094,-4.468194007873535,0.06615686416625977,-0.06009531021118164,0.1262521743774414,-4.338389873504639
pair_0089_sad,pair_0089,23,01,02,01,sad,pair_0089_happy,1,direct_block_20,audio_v_edge,[20],-4.4080986976623535,-4.341941833496094,-4.368157863616943,0.06615686416625977,0.039940834045410156,0.02621603012084961,-4.338389873504639
pair_0089_sad,pair_0089,23,01,02,01,sad,pair_0089_happy,1,direct_block_21,audio_v_edge,[21],-4.4080986976623535,-4.341941833496094,-4.213893890380859,0.06615686416625977,0.19420480728149414,-0.12804794311523438,-4.338389873504639
pair_0089_sad,pair_0089,23,01,02,01,sad,pair_0089_happy,1,direct_block_22,audio_v_edge,[22],-4.4080986976623535,-4.341941833496094,-4.387022495269775,0.06615686416625977,0.021076202392578125,0.04508066177368164,-4.338389873504639
pair_0089_sad,pair_0089,23,01,02,01,sad,pair_0089_happy,1,direct_block_23,audio_v_edge,[23],-4.4080986976623535,-4.341941833496094,-4.3514862060546875,0.06615686416625977,0.056612491607666016,0.00954437255859375,-4.338389873504639
pair_0089_sad,pair_0089,23,01,02,01,sad,pair_0089_happy,1,direct_cumulative_18_19,audio_v_edge,"[18, 19]",-4.4080986976623535,-4.341941833496094,-4.386727333068848,0.06615686416625977,0.02137136459350586,0.044785499572753906,-4.338389873504639
pair_0089_sad,pair_0089,23,01,02,01,sad,pair_0089_happy,1,direct_cumulative_18_20,audio_v_edge,"[18, 19, 20]",-4.4080986976623535,-4.341941833496094,-4.410463333129883,0.06615686416625977,-0.002364635467529297,0.06852149963378906,-4.338389873504639
pair_0089_sad,pair_0089,23,01,02,01,sad,pair_0089_happy,1,direct_cumulative_18_21,audio_v_edge,"[18, 19, 20, 21]",-4.4080986976623535,-4.341941833496094,-4.265613079071045,0.06615686416625977,0.1424856185913086,-0.07632875442504883,-4.338389873504639
pair_0089_sad,pair_0089,23,01,02,01,sad,pair_0089_happy,1,direct_cumulative_18_22,audio_v_edge,"[18, 19, 20, 21, 22]",-4.4080986976623535,-4.341941833496094,-4.320335865020752,0.06615686416625977,0.08776283264160156,-0.021605968475341797,-4.338389873504639
pair_0089_sad,pair_0089,23,01,02,01,sad,pair_0089_happy,1,direct_cumulative_18_23,audio_v_edge,"[18, 19, 20, 21, 22, 23]",-4.4080986976623535,-4.341941833496094,-4.338389873504639,0.06615686416625977,0.06970882415771484,-0.003551959991455078,-4.338389873504639
pair_0090_happy,pair_0090,23,02,01,01,happy,pair_0090_sad,-1,direct_block_18,audio_v_edge,[18],-3.967418670654297,-3.891331195831299,-3.9002010822296143,-0.07608747482299805,-0.06721758842468262,-0.00886988639831543,-3.681373119354248
pair_0090_happy,pair_0090,23,02,01,01,happy,pair_0090_sad,-1,direct_block_19,audio_v_edge,[19],-3.967418670654297,-3.891331195831299,-3.7061147689819336,-0.07608747482299805,-0.2613039016723633,0.18521642684936523,-3.681373119354248
pair_0090_happy,pair_0090,23,02,01,01,happy,pair_0090_sad,-1,direct_block_20,audio_v_edge,[20],-3.967418670654297,-3.891331195831299,-3.908297061920166,-0.07608747482299805,-0.05912160873413086,-0.016965866088867188,-3.681373119354248
pair_0090_happy,pair_0090,23,02,01,01,happy,pair_0090_sad,-1,direct_block_21,audio_v_edge,[21],-3.967418670654297,-3.891331195831299,-3.890695571899414,-0.07608747482299805,-0.07672309875488281,0.0006356239318847656,-3.681373119354248
pair_0090_happy,pair_0090,23,02,01,01,happy,pair_0090_sad,-1,direct_block_22,audio_v_edge,[22],-3.967418670654297,-3.891331195831299,-3.684720277786255,-0.07608747482299805,-0.282698392868042,0.20661091804504395,-3.681373119354248
pair_0090_happy,pair_0090,23,02,01,01,happy,pair_0090_sad,-1,direct_block_23,audio_v_edge,[23],-3.967418670654297,-3.891331195831299,-4.023537635803223,-0.07608747482299805,0.05611896514892578,-0.13220643997192383,-3.681373119354248
pair_0090_happy,pair_0090,23,02,01,01,happy,pair_0090_sad,-1,direct_cumulative_18_19,audio_v_edge,"[18, 19]",-3.967418670654297,-3.891331195831299,-3.7244606018066406,-0.07608747482299805,-0.24295806884765625,0.1668705940246582,-3.681373119354248
pair_0090_happy,pair_0090,23,02,01,01,happy,pair_0090_sad,-1,direct_cumulative_18_20,audio_v_edge,"[18, 19, 20]",-3.967418670654297,-3.891331195831299,-3.7433016300201416,-0.07608747482299805,-0.22411704063415527,0.14802956581115723,-3.681373119354248
pair_0090_happy,pair_0090,23,02,01,01,happy,pair_0090_sad,-1,direct_cumulative_18_21,audio_v_edge,"[18, 19, 20, 21]",-3.967418670654297,-3.891331195831299,-3.7402188777923584,-0.07608747482299805,-0.22719979286193848,0.15111231803894043,-3.681373119354248
pair_0090_happy,pair_0090,23,02,01,01,happy,pair_0090_sad,-1,direct_cumulative_18_22,audio_v_edge,"[18, 19, 20, 21, 22]",-3.967418670654297,-3.891331195831299,-3.5480055809020996,-0.07608747482299805,-0.41941308975219727,0.3433256149291992,-3.681373119354248
pair_0090_happy,pair_0090,23,02,01,01,happy,pair_0090_sad,-1,direct_cumulative_18_23,audio_v_edge,"[18, 19, 20, 21, 22, 23]",-3.967418670654297,-3.891331195831299,-3.681373119354248,-0.07608747482299805,-0.28604555130004883,0.20995807647705078,-3.681373119354248
pair_0090_sad,pair_0090,23,02,01,01,sad,pair_0090_happy,1,direct_block_18,audio_v_edge,[18],-3.457728862762451,-3.4706244468688965,-3.535679340362549,-0.012895584106445312,-0.07795047760009766,0.06505489349365234,-3.4649178981781006
pair_0090_sad,pair_0090,23,02,01,01,sad,pair_0090_happy,1,direct_block_19,audio_v_edge,[19],-3.457728862762451,-3.4706244468688965,-3.671689748764038,-0.012895584106445312,-0.21396088600158691,0.2010653018951416,-3.4649178981781006
pair_0090_sad,pair_0090,23,02,01,01,sad,pair_0090_happy,1,direct_block_20,audio_v_edge,[20],-3.457728862762451,-3.4706244468688965,-3.545274496078491,-0.012895584106445312,-0.08754563331604004,0.07465004920959473,-3.4649178981781006
pair_0090_sad,pair_0090,23,02,01,01,sad,pair_0090_happy,1,direct_block_21,audio_v_edge,[21],-3.457728862762451,-3.4706244468688965,-3.4979302883148193,-0.012895584106445312,-0.040201425552368164,0.02730584144592285,-3.4649178981781006
pair_0090_sad,pair_0090,23,02,01,01,sad,pair_0090_happy,1,direct_block_22,audio_v_edge,[22],-3.457728862762451,-3.4706244468688965,-3.180777072906494,-0.012895584106445312,0.27695178985595703,-0.28984737396240234,-3.4649178981781006
pair_0090_sad,pair_0090,23,02,01,01,sad,pair_0090_happy,1,direct_block_23,audio_v_edge,[23],-3.457728862762451,-3.4706244468688965,-3.409281015396118,-0.012895584106445312,0.04844784736633301,-0.06134343147277832,-3.4649178981781006
pair_0090_sad,pair_0090,23,02,01,01,sad,pair_0090_happy,1,direct_cumulative_18_19,audio_v_edge,"[18, 19]",-3.457728862762451,-3.4706244468688965,-3.7132792472839355,-0.012895584106445312,-0.2555503845214844,0.24265480041503906,-3.4649178981781006
pair_0090_sad,pair_0090,23,02,01,01,sad,pair_0090_happy,1,direct_cumulative_18_20,audio_v_edge,"[18, 19, 20]",-3.457728862762451,-3.4706244468688965,-3.788911819458008,-0.012895584106445312,-0.33118295669555664,0.31828737258911133,-3.4649178981781006
pair_0090_sad,pair_0090,23,02,01,01,sad,pair_0090_happy,1,direct_cumulative_18_21,audio_v_edge,"[18, 19, 20, 21]",-3.457728862762451,-3.4706244468688965,-3.831146240234375,-0.012895584106445312,-0.37341737747192383,0.3605217933654785,-3.4649178981781006
pair_0090_sad,pair_0090,23,02,01,01,sad,pair_0090_happy,1,direct_cumulative_18_22,audio_v_edge,"[18, 19, 20, 21, 22]",-3.457728862762451,-3.4706244468688965,-3.5258285999298096,-0.012895584106445312,-0.0680997371673584,0.055204153060913086,-3.4649178981781006
pair_0090_sad,pair_0090,23,02,01,01,sad,pair_0090_happy,1,direct_cumulative_18_23,audio_v_edge,"[18, 19, 20, 21, 22, 23]",-3.457728862762451,-3.4706244468688965,-3.4649178981781006,-0.012895584106445312,-0.007189035415649414,-0.0057065486907958984,-3.4649178981781006
pair_0091_happy,pair_0091,23,02,02,01,happy,pair_0091_sad,-1,direct_block_18,audio_v_edge,[18],-3.599268674850464,-3.772993564605713,-3.7128491401672363,0.17372488975524902,0.11358046531677246,0.06014442443847656,-3.5980634689331055
pair_0091_happy,pair_0091,23,02,02,01,happy,pair_0091_sad,-1,direct_block_19,audio_v_edge,[19],-3.599268674850464,-3.772993564605713,-3.6427419185638428,0.17372488975524902,0.043473243713378906,0.13025164604187012,-3.5980634689331055
pair_0091_happy,pair_0091,23,02,02,01,happy,pair_0091_sad,-1,direct_block_20,audio_v_edge,[20],-3.599268674850464,-3.772993564605713,-3.7933130264282227,0.17372488975524902,0.1940443515777588,-0.020319461822509766,-3.5980634689331055
pair_0091_happy,pair_0091,23,02,02,01,happy,pair_0091_sad,-1,direct_block_21,audio_v_edge,[21],-3.599268674850464,-3.772993564605713,-3.81048583984375,0.17372488975524902,0.21121716499328613,-0.03749227523803711,-3.5980634689331055
pair_0091_happy,pair_0091,23,02,02,01,happy,pair_0091_sad,-1,direct_block_22,audio_v_edge,[22],-3.599268674850464,-3.772993564605713,-3.586195230484009,0.17372488975524902,-0.013073444366455078,0.1867983341217041,-3.5980634689331055
pair_0091_happy,pair_0091,23,02,02,01,happy,pair_0091_sad,-1,direct_block_23,audio_v_edge,[23],-3.599268674850464,-3.772993564605713,-3.9213404655456543,0.17372488975524902,0.32207179069519043,-0.1483469009399414,-3.5980634689331055
pair_0091_happy,pair_0091,23,02,02,01,happy,pair_0091_sad,-1,direct_cumulative_18_19,audio_v_edge,"[18, 19]",-3.599268674850464,-3.772993564605713,-3.5792038440704346,0.17372488975524902,-0.020064830780029297,0.19378972053527832,-3.5980634689331055
pair_0091_happy,pair_0091,23,02,02,01,happy,pair_0091_sad,-1,direct_cumulative_18_20,audio_v_edge,"[18, 19, 20]",-3.599268674850464,-3.772993564605713,-3.606401205062866,0.17372488975524902,0.007132530212402344,0.16659235954284668,-3.5980634689331055
pair_0091_happy,pair_0091,23,02,02,01,happy,pair_0091_sad,-1,direct_cumulative_18_21,audio_v_edge,"[18, 19, 20, 21]",-3.599268674850464,-3.772993564605713,-3.6459503173828125,0.17372488975524902,0.04668164253234863,0.1270432472229004,-3.5980634689331055
pair_0091_happy,pair_0091,23,02,02,01,happy,pair_0091_sad,-1,direct_cumulative_18_22,audio_v_edge,"[18, 19, 20, 21, 22]",-3.599268674850464,-3.772993564605713,-3.4502882957458496,0.17372488975524902,-0.14898037910461426,0.3227052688598633,-3.5980634689331055
pair_0091_happy,pair_0091,23,02,02,01,happy,pair_0091_sad,-1,direct_cumulative_18_23,audio_v_edge,"[18, 19, 20, 21, 22, 23]",-3.599268674850464,-3.772993564605713,-3.5980634689331055,0.17372488975524902,-0.0012052059173583984,0.17493009567260742,-3.5980634689331055
pair_0091_sad,pair_0091,23,02,02,01,sad,pair_0091_happy,1,direct_block_18,audio_v_edge,[18],-3.179276704788208,-2.9972052574157715,-3.101569890975952,0.18207144737243652,0.07770681381225586,0.10436463356018066,-3.08272385597229
pair_0091_sad,pair_0091,23,02,02,01,sad,pair_0091_happy,1,direct_block_19,audio_v_edge,[19],-3.179276704788208,-2.9972052574157715,-3.1203935146331787,0.18207144737243652,0.0588831901550293,0.12318825721740723,-3.08272385597229
pair_0091_sad,pair_0091,23,02,02,01,sad,pair_0091_happy,1,direct_block_20,audio_v_edge,[20],-3.179276704788208,-2.9972052574157715,-3.053500175476074,0.18207144737243652,0.1257765293121338,0.056294918060302734,-3.08272385597229
pair_0091_sad,pair_0091,23,02,02,01,sad,pair_0091_happy,1,direct_block_21,audio_v_edge,[21],-3.179276704788208,-2.9972052574157715,-3.008746862411499,0.18207144737243652,0.17052984237670898,0.011541604995727539,-3.08272385597229
pair_0091_sad,pair_0091,23,02,02,01,sad,pair_0091_happy,1,direct_block_22,audio_v_edge,[22],-3.179276704788208,-2.9972052574157715,-2.7884602546691895,0.18207144737243652,0.39081645011901855,-0.20874500274658203,-3.08272385597229
pair_0091_sad,pair_0091,23,02,02,01,sad,pair_0091_happy,1,direct_block_23,audio_v_edge,[23],-3.179276704788208,-2.9972052574157715,-2.986481189727783,0.18207144737243652,0.1927955150604248,-0.010724067687988281,-3.08272385597229
pair_0091_sad,pair_0091,23,02,02,01,sad,pair_0091_happy,1,direct_cumulative_18_19,audio_v_edge,"[18, 19]",-3.179276704788208,-2.9972052574157715,-3.2124273777008057,0.18207144737243652,-0.033150672912597656,0.21522212028503418,-3.08272385597229
pair_0091_sad,pair_0091,23,02,02,01,sad,pair_0091_happy,1,direct_cumulative_18_20,audio_v_edge,"[18, 19, 20]",-3.179276704788208,-2.9972052574157715,-3.2731263637542725,0.18207144737243652,-0.09384965896606445,0.275921106338501,-3.08272385597229
pair_0091_sad,pair_0091,23,02,02,01,sad,pair_0091_happy,1,direct_cumulative_18_21,audio_v_edge,"[18, 19, 20, 21]",-3.179276704788208,-2.9972052574157715,-3.2953317165374756,0.18207144737243652,-0.11605501174926758,0.2981264591217041,-3.08272385597229
pair_0091_sad,pair_0091,23,02,02,01,sad,pair_0091_happy,1,direct_cumulative_18_22,audio_v_edge,"[18, 19, 20, 21, 22]",-3.179276704788208,-2.9972052574157715,-3.0889649391174316,0.18207144737243652,0.09031176567077637,0.09175968170166016,-3.08272385597229
pair_0091_sad,pair_0091,23,02,02,01,sad,pair_0091_happy,1,direct_cumulative_18_23,audio_v_edge,"[18, 19, 20, 21, 22, 23]",-3.179276704788208,-2.9972052574157715,-3.08272385597229,0.18207144737243652,0.09655284881591797,0.08551859855651855,-3.08272385597229
pair_0092_happy,pair_0092,24,01,01,01,happy,pair_0092_sad,-1,direct_block_18,audio_v_edge,[18],-4.097404479980469,-4.409200191497803,-4.484555721282959,0.311795711517334,0.38715124130249023,-0.07535552978515625,-4.243330478668213
pair_0092_happy,pair_0092,24,01,01,01,happy,pair_0092_sad,-1,direct_block_19,audio_v_edge,[19],-4.097404479980469,-4.409200191497803,-4.4456281661987305,0.311795711517334,0.3482236862182617,-0.036427974700927734,-4.243330478668213
pair_0092_happy,pair_0092,24,01,01,01,happy,pair_0092_sad,-1,direct_block_20,audio_v_edge,[20],-4.097404479980469,-4.409200191497803,-4.4080352783203125,0.311795711517334,0.31063079833984375,0.0011649131774902344,-4.243330478668213
pair_0092_happy,pair_0092,24,01,01,01,happy,pair_0092_sad,-1,direct_block_21,audio_v_edge,[21],-4.097404479980469,-4.409200191497803,-4.276951313018799,0.311795711517334,0.17954683303833008,0.1322488784790039,-4.243330478668213
pair_0092_happy,pair_0092,24,01,01,01,happy,pair_0092_sad,-1,direct_block_22,audio_v_edge,[22],-4.097404479980469,-4.409200191497803,-4.297666549682617,0.311795711517334,0.20026206970214844,0.11153364181518555,-4.243330478668213
pair_0092_happy,pair_0092,24,01,01,01,happy,pair_0092_sad,-1,direct_block_23,audio_v_edge,[23],-4.097404479980469,-4.409200191497803,-4.393444061279297,0.311795711517334,0.2960395812988281,0.01575613021850586,-4.243330478668213
pair_0092_happy,pair_0092,24,01,01,01,happy,pair_0092_sad,-1,direct_cumulative_18_19,audio_v_edge,"[18, 19]",-4.097404479980469,-4.409200191497803,-4.516984462738037,0.311795711517334,0.41957998275756836,-0.10778427124023438,-4.243330478668213
pair_0092_happy,pair_0092,24,01,01,01,happy,pair_0092_sad,-1,direct_cumulative_18_20,audio_v_edge,"[18, 19, 20]",-4.097404479980469,-4.409200191497803,-4.514021873474121,0.311795711517334,0.41661739349365234,-0.10482168197631836,-4.243330478668213
pair_0092_happy,pair_0092,24,01,01,01,happy,pair_0092_sad,-1,direct_cumulative_18_21,audio_v_edge,"[18, 19, 20, 21]",-4.097404479980469,-4.409200191497803,-4.376155853271484,0.311795711517334,0.2787513732910156,0.03304433822631836,-4.243330478668213
pair_0092_happy,pair_0092,24,01,01,01,happy,pair_0092_sad,-1,direct_cumulative_18_22,audio_v_edge,"[18, 19, 20, 21, 22]",-4.097404479980469,-4.409200191497803,-4.2588043212890625,0.311795711517334,0.16139984130859375,0.15039587020874023,-4.243330478668213
pair_0092_happy,pair_0092,24,01,01,01,happy,pair_0092_sad,-1,direct_cumulative_18_23,audio_v_edge,"[18, 19, 20, 21, 22, 23]",-4.097404479980469,-4.409200191497803,-4.243330478668213,0.311795711517334,0.14592599868774414,0.16586971282958984,-4.243330478668213
pair_0092_sad,pair_0092,24,01,01,01,sad,pair_0092_happy,1,direct_block_18,audio_v_edge,[18],-4.705519676208496,-4.402122974395752,-4.456935882568359,0.30339670181274414,0.24858379364013672,0.05481290817260742,-4.674335479736328
pair_0092_sad,pair_0092,24,01,01,01,sad,pair_0092_happy,1,direct_block_19,audio_v_edge,[19],-4.705519676208496,-4.402122974395752,-4.588839530944824,0.30339670181274414,0.11668014526367188,0.18671655654907227,-4.674335479736328
pair_0092_sad,pair_0092,24,01,01,01,sad,pair_0092_happy,1,direct_block_20,audio_v_edge,[20],-4.705519676208496,-4.402122974395752,-4.4740519523620605,0.30339670181274414,0.23146772384643555,0.0719289779663086,-4.674335479736328
pair_0092_sad,pair_0092,24,01,01,01,sad,pair_0092_happy,1,direct_block_21,audio_v_edge,[21],-4.705519676208496,-4.402122974395752,-4.455880641937256,0.30339670181274414,0.24963903427124023,0.053757667541503906,-4.674335479736328
pair_0092_sad,pair_0092,24,01,01,01,sad,pair_0092_happy,1,direct_block_22,audio_v_edge,[22],-4.705519676208496,-4.402122974395752,-4.278757095336914,0.30339670181274414,0.42676258087158203,-0.12336587905883789,-4.674335479736328
pair_0092_sad,pair_0092,24,01,01,01,sad,pair_0092_happy,1,direct_block_23,audio_v_edge,[23],-4.705519676208496,-4.402122974395752,-4.4329376220703125,0.30339670181274414,0.2725820541381836,0.030814647674560547,-4.674335479736328
pair_0092_sad,pair_0092,24,01,01,01,sad,pair_0092_happy,1,direct_cumulative_18_19,audio_v_edge,"[18, 19]",-4.705519676208496,-4.402122974395752,-4.64630651473999,0.30339670181274414,0.05921316146850586,0.24418354034423828,-4.674335479736328
pair_0092_sad,pair_0092,24,01,01,01,sad,pair_0092_happy,1,direct_cumulative_18_20,audio_v_edge,"[18, 19, 20]",-4.705519676208496,-4.402122974395752,-4.717273712158203,0.30339670181274414,-0.011754035949707031,0.31515073776245117,-4.674335479736328
pair_0092_sad,pair_0092,24,01,01,01,sad,pair_0092_happy,1,direct_cumulative_18_21,audio_v_edge,"[18, 19, 20, 21]",-4.705519676208496,-4.402122974395752,-4.771116256713867,0.30339670181274414,-0.0655965805053711,0.36899328231811523,-4.674335479736328
pair_0092_sad,pair_0092,24,01,01,01,sad,pair_0092_happy,1,direct_cumulative_18_22,audio_v_edge,"[18, 19, 20, 21, 22]",-4.705519676208496,-4.402122974395752,-4.643589973449707,0.30339670181274414,0.06192970275878906,0.24146699905395508,-4.674335479736328
pair_0092_sad,pair_0092,24,01,01,01,sad,pair_0092_happy,1,direct_cumulative_18_23,audio_v_edge,"[18, 19, 20, 21, 22, 23]",-4.705519676208496,-4.402122974395752,-4.674335479736328,0.30339670181274414,0.03118419647216797,0.27221250534057617,-4.674335479736328
pair_0093_happy,pair_0093,24,01,02,01,happy,pair_0093_sad,-1,direct_block_18,audio_v_edge,[18],-4.184145927429199,-4.463172912597656,-4.59021520614624,0.27902698516845703,0.406069278717041,-0.12704229354858398,-4.307590961456299
pair_0093_happy,pair_0093,24,01,02,01,happy,pair_0093_sad,-1,direct_block_19,audio_v_edge,[19],-4.184145927429199,-4.463172912597656,-4.387012958526611,0.27902698516845703,0.2028670310974121,0.07615995407104492,-4.307590961456299
pair_0093_happy,pair_0093,24,01,02,01,happy,pair_0093_sad,-1,direct_block_20,audio_v_edge,[20],-4.184145927429199,-4.463172912597656,-4.458907604217529,0.27902698516845703,0.2747616767883301,0.004265308380126953,-4.307590961456299
pair_0093_happy,pair_0093,24,01,02,01,happy,pair_0093_sad,-1,direct_block_21,audio_v_edge,[21],-4.184145927429199,-4.463172912597656,-4.378544807434082,0.27902698516845703,0.1943988800048828,0.08462810516357422,-4.307590961456299
pair_0093_happy,pair_0093,24,01,02,01,happy,pair_0093_sad,-1,direct_block_22,audio_v_edge,[22],-4.184145927429199,-4.463172912597656,-4.37201452255249,0.27902698516845703,0.18786859512329102,0.09115839004516602,-4.307590961456299
pair_0093_happy,pair_0093,24,01,02,01,happy,pair_0093_sad,-1,direct_block_23,audio_v_edge,[23],-4.184145927429199,-4.463172912597656,-4.445918083190918,0.27902698516845703,0.26177215576171875,0.01725482940673828,-4.307590961456299
pair_0093_happy,pair_0093,24,01,02,01,happy,pair_0093_sad,-1,direct_cumulative_18_19,audio_v_edge,"[18, 19]",-4.184145927429199,-4.463172912597656,-4.514983177185059,0.27902698516845703,0.3308372497558594,-0.051810264587402344,-4.307590961456299
pair_0093_happy,pair_0093,24,01,02,01,happy,pair_0093_sad,-1,direct_cumulative_18_20,audio_v_edge,"[18, 19, 20]",-4.184145927429199,-4.463172912597656,-4.508942604064941,0.27902698516845703,0.3247966766357422,-0.045769691467285156,-4.307590961456299
pair_0093_happy,pair_0093,24,01,02,01,happy,pair_0093_sad,-1,direct_cumulative_18_21,audio_v_edge,"[18, 19, 20, 21]",-4.184145927429199,-4.463172912597656,-4.422491073608398,0.27902698516845703,0.23834514617919922,0.04068183898925781,-4.307590961456299
pair_0093_happy,pair_0093,24,01,02,01,happy,pair_0093_sad,-1,direct_cumulative_18_22,audio_v_edge,"[18, 19, 20, 21, 22]",-4.184145927429199,-4.463172912597656,-4.3261871337890625,0.27902698516845703,0.14204120635986328,0.13698577880859375,-4.307590961456299
pair_0093_happy,pair_0093,24,01,02,01,happy,pair_0093_sad,-1,direct_cumulative_18_23,audio_v_edge,"[18, 19, 20, 21, 22, 23]",-4.184145927429199,-4.463172912597656,-4.307590961456299,0.27902698516845703,0.12344503402709961,0.15558195114135742,-4.307590961456299
pair_0093_sad,pair_0093,24,01,02,01,sad,pair_0093_happy,1,direct_block_18,audio_v_edge,[18],-4.5940375328063965,-4.3245930671691895,-4.322506427764893,0.26944446563720703,0.2715311050415039,-0.002086639404296875,-4.585171699523926
pair_0093_sad,pair_0093,24,01,02,01,sad,pair_0093_happy,1,direct_block_19,audio_v_edge,[19],-4.5940375328063965,-4.3245930671691895,-4.407961368560791,0.26944446563720703,0.18607616424560547,0.08336830139160156,-4.585171699523926
pair_0093_sad,pair_0093,24,01,02,01,sad,pair_0093_happy,1,direct_block_20,audio_v_edge,[20],-4.5940375328063965,-4.3245930671691895,-4.384498596191406,0.26944446563720703,0.20953893661499023,0.0599055290222168,-4.585171699523926
pair_0093_sad,pair_0093,24,01,02,01,sad,pair_0093_happy,1,direct_block_21,audio_v_edge,[21],-4.5940375328063965,-4.3245930671691895,-4.394297122955322,0.26944446563720703,0.19974040985107422,0.06970405578613281,-4.585171699523926
pair_0093_sad,pair_0093,24,01,02,01,sad,pair_0093_happy,1,direct_block_22,audio_v_edge,[22],-4.5940375328063965,-4.3245930671691895,-4.352471828460693,0.26944446563720703,0.24156570434570312,0.027878761291503906,-4.585171699523926
pair_0093_sad,pair_0093,24,01,02,01,sad,pair_0093_happy,1,direct_block_23,audio_v_edge,[23],-4.5940375328063965,-4.3245930671691895,-4.343837738037109,0.26944446563720703,0.2501997947692871,0.019244670867919922,-4.585171699523926
pair_0093_sad,pair_0093,24,01,02,01,sad,pair_0093_happy,1,direct_cumulative_18_19,audio_v_edge,"[18, 19]",-4.5940375328063965,-4.3245930671691895,-4.4059038162231445,0.26944446563720703,0.18813371658325195,0.08131074905395508,-4.585171699523926
pair_0093_sad,pair_0093,24,01,02,01,sad,pair_0093_happy,1,direct_cumulative_18_20,audio_v_edge,"[18, 19, 20]",-4.5940375328063965,-4.3245930671691895,-4.466830253601074,0.26944446563720703,0.12720727920532227,0.14223718643188477,-4.585171699523926
pair_0093_sad,pair_0093,24,01,02,01,sad,pair_0093_happy,1,direct_cumulative_18_21,audio_v_edge,"[18, 19, 20, 21]",-4.5940375328063965,-4.3245930671691895,-4.538900375366211,0.26944446563720703,0.05513715744018555,0.21430730819702148,-4.585171699523926
pair_0093_sad,pair_0093,24,01,02,01,sad,pair_0093_happy,1,direct_cumulative_18_22,audio_v_edge,"[18, 19, 20, 21, 22]",-4.5940375328063965,-4.3245930671691895,-4.566596984863281,0.26944446563720703,0.027440547943115234,0.2420039176940918,-4.585171699523926
pair_0093_sad,pair_0093,24,01,02,01,sad,pair_0093_happy,1,direct_cumulative_18_23,audio_v_edge,"[18, 19, 20, 21, 22, 23]",-4.5940375328063965,-4.3245930671691895,-4.585171699523926,0.26944446563720703,0.008865833282470703,0.26057863235473633,-4.585171699523926
pair_0094_happy,pair_0094,24,02,01,01,happy,pair_0094_sad,-1,direct_block_18,audio_v_edge,[18],-3.719454050064087,-3.8926382064819336,-3.8484013080596924,0.17318415641784668,0.12894725799560547,0.04423689842224121,-3.5672123432159424
pair_0094_happy,pair_0094,24,02,01,01,happy,pair_0094_sad,-1,direct_block_19,audio_v_edge,[19],-3.719454050064087,-3.8926382064819336,-3.9346070289611816,0.17318415641784668,0.21515297889709473,-0.04196882247924805,-3.5672123432159424
pair_0094_happy,pair_0094,24,02,01,01,happy,pair_0094_sad,-1,direct_block_20,audio_v_edge,[20],-3.719454050064087,-3.8926382064819336,-3.8289573192596436,0.17318415641784668,0.10950326919555664,0.06368088722229004,-3.5672123432159424
pair_0094_happy,pair_0094,24,02,01,01,happy,pair_0094_sad,-1,direct_block_21,audio_v_edge,[21],-3.719454050064087,-3.8926382064819336,-3.9364068508148193,0.17318415641784668,0.21695280075073242,-0.04376864433288574,-3.5672123432159424
pair_0094_happy,pair_0094,24,02,01,01,happy,pair_0094_sad,-1,direct_block_22,audio_v_edge,[22],-3.719454050064087,-3.8926382064819336,-3.615307331085205,0.17318415641784668,-0.10414671897888184,0.2773308753967285,-3.5672123432159424
pair_0094_happy,pair_0094,24,02,01,01,happy,pair_0094_sad,-1,direct_block_23,audio_v_edge,[23],-3.719454050064087,-3.8926382064819336,-3.8723456859588623,0.17318415641784668,0.1528916358947754,0.02029252052307129,-3.5672123432159424
pair_0094_happy,pair_0094,24,02,01,01,happy,pair_0094_sad,-1,direct_cumulative_18_19,audio_v_edge,"[18, 19]",-3.719454050064087,-3.8926382064819336,-3.8898489475250244,0.17318415641784668,0.1703948974609375,0.0027892589569091797,-3.5672123432159424
pair_0094_happy,pair_0094,24,02,01,01,happy,pair_0094_sad,-1,direct_cumulative_18_20,audio_v_edge,"[18, 19, 20]",-3.719454050064087,-3.8926382064819336,-3.825437068939209,0.17318415641784668,0.10598301887512207,0.06720113754272461,-3.5672123432159424
pair_0094_happy,pair_0094,24,02,01,01,happy,pair_0094_sad,-1,direct_cumulative_18_21,audio_v_edge,"[18, 19, 20, 21]",-3.719454050064087,-3.8926382064819336,-3.8699705600738525,0.17318415641784668,0.15051651000976562,0.022667646408081055,-3.5672123432159424
pair_0094_happy,pair_0094,24,02,01,01,happy,pair_0094_sad,-1,direct_cumulative_18_22,audio_v_edge,"[18, 19, 20, 21, 22]",-3.719454050064087,-3.8926382064819336,-3.587352752685547,0.17318415641784668,-0.13210129737854004,0.3052854537963867,-3.5672123432159424
pair_0094_happy,pair_0094,24,02,01,01,happy,pair_0094_sad,-1,direct_cumulative_18_23,audio_v_edge,"[18, 19, 20, 21, 22, 23]",-3.719454050064087,-3.8926382064819336,-3.5672123432159424,0.17318415641784668,-0.15224170684814453,0.3254258632659912,-3.5672123432159424
pair_0094_sad,pair_0094,24,02,01,01,sad,pair_0094_happy,1,direct_block_18,audio_v_edge,[18],-3.6296300888061523,-3.4297218322753906,-3.360616445541382,0.19990825653076172,0.2690136432647705,-0.06910538673400879,-2.9223179817199707
pair_0094_sad,pair_0094,24,02,01,01,sad,pair_0094_happy,1,direct_block_19,audio_v_edge,[19],-3.6296300888061523,-3.4297218322753906,-3.37459397315979,0.19990825653076172,0.2550361156463623,-0.055127859115600586,-2.9223179817199707
pair_0094_sad,pair_0094,24,02,01,01,sad,pair_0094_happy,1,direct_block_20,audio_v_edge,[20],-3.6296300888061523,-3.4297218322753906,-3.5063202381134033,0.19990825653076172,0.12330985069274902,0.0765984058380127,-2.9223179817199707
pair_0094_sad,pair_0094,24,02,01,01,sad,pair_0094_happy,1,direct_block_21,audio_v_edge,[21],-3.6296300888061523,-3.4297218322753906,-3.352405309677124,0.19990825653076172,0.2772247791290283,-0.0773165225982666,-2.9223179817199707
pair_0094_sad,pair_0094,24,02,01,01,sad,pair_0094_happy,1,direct_block_22,audio_v_edge,[22],-3.6296300888061523,-3.4297218322753906,-3.078457832336426,0.19990825653076172,0.5511722564697266,-0.35126399993896484,-2.9223179817199707
pair_0094_sad,pair_0094,24,02,01,01,sad,pair_0094_happy,1,direct_block_23,audio_v_edge,[23],-3.6296300888061523,-3.4297218322753906,-3.3988699913024902,0.19990825653076172,0.2307600975036621,-0.03085184097290039,-2.9223179817199707
pair_0094_sad,pair_0094,24,02,01,01,sad,pair_0094_happy,1,direct_cumulative_18_19,audio_v_edge,"[18, 19]",-3.6296300888061523,-3.4297218322753906,-3.3050930500030518,0.19990825653076172,0.3245370388031006,-0.12462878227233887,-2.9223179817199707
pair_0094_sad,pair_0094,24,02,01,01,sad,pair_0094_happy,1,direct_cumulative_18_20,audio_v_edge,"[18, 19, 20]",-3.6296300888061523,-3.4297218322753906,-3.381579875946045,0.19990825653076172,0.24805021286010742,-0.0481419563293457,-2.9223179817199707
pair_0094_sad,pair_0094,24,02,01,01,sad,pair_0094_happy,1,direct_cumulative_18_21,audio_v_edge,"[18, 19, 20, 21]",-3.6296300888061523,-3.4297218322753906,-3.3049838542938232,0.19990825653076172,0.3246462345123291,-0.12473797798156738,-2.9223179817199707
pair_0094_sad,pair_0094,24,02,01,01,sad,pair_0094_happy,1,direct_cumulative_18_22,audio_v_edge,"[18, 19, 20, 21, 22]",-3.6296300888061523,-3.4297218322753906,-2.954434394836426,0.19990825653076172,0.6751956939697266,-0.47528743743896484,-2.9223179817199707
pair_0094_sad,pair_0094,24,02,01,01,sad,pair_0094_happy,1,direct_cumulative_18_23,audio_v_edge,"[18, 19, 20, 21, 22, 23]",-3.6296300888061523,-3.4297218322753906,-2.9223179817199707,0.19990825653076172,0.7073121070861816,-0.5074038505554199,-2.9223179817199707
pair_0095_happy,pair_0095,24,02,02,01,happy,pair_0095_sad,-1,direct_block_18,audio_v_edge,[18],-3.743422269821167,-3.665682792663574,-3.585400342941284,-0.07773947715759277,-0.1580219268798828,0.08028244972229004,-3.331991195678711
pair_0095_happy,pair_0095,24,02,02,01,happy,pair_0095_sad,-1,direct_block_19,audio_v_edge,[19],-3.743422269821167,-3.665682792663574,-3.5529143810272217,-0.07773947715759277,-0.1905078887939453,0.11276841163635254,-3.331991195678711
pair_0095_happy,pair_0095,24,02,02,01,happy,pair_0095_sad,-1,direct_block_20,audio_v_edge,[20],-3.743422269821167,-3.665682792663574,-3.670691967010498,-0.07773947715759277,-0.07273030281066895,-0.005009174346923828,-3.331991195678711
pair_0095_happy,pair_0095,24,02,02,01,happy,pair_0095_sad,-1,direct_block_21,audio_v_edge,[21],-3.743422269821167,-3.665682792663574,-3.637627124786377,-0.07773947715759277,-0.10579514503479004,0.028055667877197266,-3.331991195678711
pair_0095_happy,pair_0095,24,02,02,01,happy,pair_0095_sad,-1,direct_block_22,audio_v_edge,[22],-3.743422269821167,-3.665682792663574,-3.548309564590454,-0.07773947715759277,-0.1951127052307129,0.11737322807312012,-3.331991195678711
pair_0095_happy,pair_0095,24,02,02,01,happy,pair_0095_sad,-1,direct_block_23,audio_v_edge,[23],-3.743422269821167,-3.665682792663574,-3.662217140197754,-0.07773947715759277,-0.08120512962341309,0.0034656524658203125,-3.331991195678711
pair_0095_happy,pair_0095,24,02,02,01,happy,pair_0095_sad,-1,direct_cumulative_18_19,audio_v_edge,"[18, 19]",-3.743422269821167,-3.665682792663574,-3.4783051013946533,-0.07773947715759277,-0.26511716842651367,0.1873776912689209,-3.331991195678711
pair_0095_happy,pair_0095,24,02,02,01,happy,pair_0095_sad,-1,direct_cumulative_18_20,audio_v_edge,"[18, 19, 20]",-3.743422269821167,-3.665682792663574,-3.4828736782073975,-0.07773947715759277,-0.26054859161376953,0.18280911445617676,-3.331991195678711
pair_0095_happy,pair_0095,24,02,02,01,happy,pair_0095_sad,-1,direct_cumulative_18_21,audio_v_edge,"[18, 19, 20, 21]",-3.743422269821167,-3.665682792663574,-3.4522528648376465,-0.07773947715759277,-0.2911694049835205,0.21342992782592773,-3.331991195678711
pair_0095_happy,pair_0095,24,02,02,01,happy,pair_0095_sad,-1,direct_cumulative_18_22,audio_v_edge,"[18, 19, 20, 21, 22]",-3.743422269821167,-3.665682792663574,-3.3360064029693604,-0.07773947715759277,-0.40741586685180664,0.32967638969421387,-3.331991195678711
pair_0095_happy,pair_0095,24,02,02,01,happy,pair_0095_sad,-1,direct_cumulative_18_23,audio_v_edge,"[18, 19, 20, 21, 22, 23]",-3.743422269821167,-3.665682792663574,-3.331991195678711,-0.07773947715759277,-0.41143107414245605,0.3336915969848633,-3.331991195678711
pair_0095_sad,pair_0095,24,02,02,01,sad,pair_0095_happy,1,direct_block_18,audio_v_edge,[18],-3.626431703567505,-3.7099478244781494,-3.7222886085510254,-0.08351612091064453,-0.09585690498352051,0.012340784072875977,-3.4111976623535156
pair_0095_sad,pair_0095,24,02,02,01,sad,pair_0095_happy,1,direct_block_19,audio_v_edge,[19],-3.626431703567505,-3.7099478244781494,-3.7800443172454834,-0.08351612091064453,-0.15361261367797852,0.07009649276733398,-3.4111976623535156
pair_0095_sad,pair_0095,24,02,02,01,sad,pair_0095_happy,1,direct_block_20,audio_v_edge,[20],-3.626431703567505,-3.7099478244781494,-3.737304210662842,-0.08351612091064453,-0.11087250709533691,0.027356386184692383,-3.4111976623535156
pair_0095_sad,pair_0095,24,02,02,01,sad,pair_0095_happy,1,direct_block_21,audio_v_edge,[21],-3.626431703567505,-3.7099478244781494,-3.704401969909668,-0.08351612091064453,-0.07797026634216309,-0.005545854568481445,-3.4111976623535156
pair_0095_sad,pair_0095,24,02,02,01,sad,pair_0095_happy,1,direct_block_22,audio_v_edge,[22],-3.626431703567505,-3.7099478244781494,-3.311182975769043,-0.08351612091064453,0.3152487277984619,-0.39876484870910645,-3.4111976623535156
pair_0095_sad,pair_0095,24,02,02,01,sad,pair_0095_happy,1,direct_block_23,audio_v_edge,[23],-3.626431703567505,-3.7099478244781494,-3.7068819999694824,-0.08351612091064453,-0.08045029640197754,-0.003065824508666992,-3.4111976623535156
pair_0095_sad,pair_0095,24,02,02,01,sad,pair_0095_happy,1,direct_cumulative_18_19,audio_v_edge,"[18, 19]",-3.626431703567505,-3.7099478244781494,-3.790257453918457,-0.08351612091064453,-0.16382575035095215,0.08030962944030762,-3.4111976623535156
pair_0095_sad,pair_0095,24,02,02,01,sad,pair_0095_happy,1,direct_cumulative_18_20,audio_v_edge,"[18, 19, 20]",-3.626431703567505,-3.7099478244781494,-3.8176217079162598,-0.08351612091064453,-0.19119000434875488,0.10767388343811035,-3.4111976623535156
pair_0095_sad,pair_0095,24,02,02,01,sad,pair_0095_happy,1,direct_cumulative_18_21,audio_v_edge,"[18, 19, 20, 21]",-3.626431703567505,-3.7099478244781494,-3.8161187171936035,-0.08351612091064453,-0.18968701362609863,0.1061708927154541,-3.4111976623535156
pair_0095_sad,pair_0095,24,02,02,01,sad,pair_0095_happy,1,direct_cumulative_18_22,audio_v_edge,"[18, 19, 20, 21, 22]",-3.626431703567505,-3.7099478244781494,-3.4133968353271484,-0.08351612091064453,0.21303486824035645,-0.296550989151001,-3.4111976623535156
pair_0095_sad,pair_0095,24,02,02,01,sad,pair_0095_happy,1,direct_cumulative_18_23,audio_v_edge,"[18, 19, 20, 21, 22, 23]",-3.626431703567505,-3.7099478244781494,-3.4111976623535156,-0.08351612091064453,0.21523404121398926,-0.2987501621246338,-3.4111976623535156
