endpoint,condition,fold,actor,statement,n_train,n_test,accuracy,roc_auc
block6,clean,actor_1001_statement_DFA,1001,DFA,174,2,0.5,1.0
block6,clean,actor_1001_statement_IOM,1001,IOM,174,2,1.0,1.0
block6,clean,actor_1001_statement_ITH,1001,ITH,174,2,1.0,1.0
block6,clean,actor_1001_statement_ITS,1001,ITS,174,2,1.0,1.0
block6,clean,actor_1001_statement_IWL,1001,IWL,174,2,1.0,1.0
block6,clean,actor_1001_statement_IWW,1001,IWW,174,2,0.5,1.0
block6,clean,actor_1001_statement_MTI,1001,MTI,174,2,0.5,1.0
block6,clean,actor_1001_statement_TAI,1001,TAI,174,2,1.0,1.0
block6,clean,actor_1001_statement_TIE,1001,TIE,174,2,0.5,1.0
block6,clean,actor_1001_statement_TSI,1001,TSI,174,2,0.5,1.0
block6,clean,actor_1001_statement_WSI,1001,WSI,174,2,1.0,1.0
block6,clean,actor_1002_statement_DFA,1002,DFA,174,2,1.0,1.0
block6,clean,actor_1002_statement_IOM,1002,IOM,174,2,0.5,0.0
block6,clean,actor_1002_statement_ITH,1002,ITH,174,2,0.5,1.0
block6,clean,actor_1002_statement_ITS,1002,ITS,174,2,0.5,1.0
block6,clean,actor_1002_statement_IWL,1002,IWL,174,2,1.0,1.0
block6,clean,actor_1002_statement_IWW,1002,IWW,174,2,0.5,1.0
block6,clean,actor_1002_statement_MTI,1002,MTI,174,2,1.0,1.0
block6,clean,actor_1002_statement_TAI,1002,TAI,174,2,1.0,1.0
block6,clean,actor_1002_statement_TIE,1002,TIE,174,2,0.5,1.0
block6,clean,actor_1002_statement_TSI,1002,TSI,174,2,0.5,1.0
block6,clean,actor_1002_statement_WSI,1002,WSI,174,2,1.0,1.0
block6,clean,actor_1003_statement_DFA,1003,DFA,174,2,0.5,1.0
block6,clean,actor_1003_statement_IOM,1003,IOM,174,2,1.0,1.0
block6,clean,actor_1003_statement_ITH,1003,ITH,174,2,0.5,1.0
block6,clean,actor_1003_statement_ITS,1003,ITS,174,2,0.5,1.0
block6,clean,actor_1003_statement_IWL,1003,IWL,174,2,0.5,1.0
block6,clean,actor_1003_statement_IWW,1003,IWW,174,2,1.0,1.0
block6,clean,actor_1003_statement_MTI,1003,MTI,174,2,1.0,1.0
block6,clean,actor_1003_statement_TAI,1003,TAI,174,2,0.5,1.0
block6,clean,actor_1003_statement_TIE,1003,TIE,174,2,0.5,0.0
block6,clean,actor_1003_statement_TSI,1003,TSI,174,2,0.5,1.0
block6,clean,actor_1003_statement_WSI,1003,WSI,174,2,1.0,1.0
block6,clean,actor_1004_statement_DFA,1004,DFA,174,2,1.0,1.0
block6,clean,actor_1004_statement_IOM,1004,IOM,174,2,1.0,1.0
block6,clean,actor_1004_statement_ITH,1004,ITH,174,2,1.0,1.0
block6,clean,actor_1004_statement_ITS,1004,ITS,174,2,1.0,1.0
block6,clean,actor_1004_statement_IWL,1004,IWL,174,2,0.0,0.0
block6,clean,actor_1004_statement_IWW,1004,IWW,174,2,1.0,1.0
block6,clean,actor_1004_statement_MTI,1004,MTI,174,2,0.5,1.0
block6,clean,actor_1004_statement_TAI,1004,TAI,174,2,0.5,1.0
block6,clean,actor_1004_statement_TIE,1004,TIE,174,2,1.0,1.0
block6,clean,actor_1004_statement_TSI,1004,TSI,174,2,1.0,1.0
block6,clean,actor_1004_statement_WSI,1004,WSI,174,2,1.0,1.0
block6,clean,actor_1005_statement_DFA,1005,DFA,174,2,1.0,1.0
block6,clean,actor_1005_statement_IOM,1005,IOM,174,2,1.0,1.0
block6,clean,actor_1005_statement_ITH,1005,ITH,174,2,1.0,1.0
block6,clean,actor_1005_statement_ITS,1005,ITS,174,2,0.5,1.0
block6,clean,actor_1005_statement_IWL,1005,IWL,174,2,1.0,1.0
block6,clean,actor_1005_statement_IWW,1005,IWW,174,2,1.0,1.0
block6,clean,actor_1005_statement_MTI,1005,MTI,174,2,0.5,1.0
block6,clean,actor_1005_statement_TAI,1005,TAI,174,2,0.5,1.0
block6,clean,actor_1005_statement_TIE,1005,TIE,174,2,0.5,1.0
block6,clean,actor_1005_statement_TSI,1005,TSI,174,2,1.0,1.0
block6,clean,actor_1005_statement_WSI,1005,WSI,174,2,0.5,1.0
block6,clean,actor_1006_statement_DFA,1006,DFA,174,2,1.0,1.0
block6,clean,actor_1006_statement_IOM,1006,IOM,174,2,1.0,1.0
block6,clean,actor_1006_statement_ITH,1006,ITH,174,2,1.0,1.0
block6,clean,actor_1006_statement_ITS,1006,ITS,174,2,1.0,1.0
block6,clean,actor_1006_statement_IWL,1006,IWL,174,2,0.5,0.0
block6,clean,actor_1006_statement_IWW,1006,IWW,174,2,0.5,0.0
block6,clean,actor_1006_statement_MTI,1006,MTI,174,2,1.0,1.0
block6,clean,actor_1006_statement_TAI,1006,TAI,174,2,1.0,1.0
block6,clean,actor_1006_statement_TIE,1006,TIE,174,2,1.0,1.0
block6,clean,actor_1006_statement_TSI,1006,TSI,174,2,1.0,1.0
block6,clean,actor_1006_statement_WSI,1006,WSI,174,2,1.0,1.0
block6,clean,actor_1007_statement_DFA,1007,DFA,174,2,1.0,1.0
block6,clean,actor_1007_statement_IOM,1007,IOM,174,2,0.5,0.0
block6,clean,actor_1007_statement_ITH,1007,ITH,174,2,0.5,1.0
block6,clean,actor_1007_statement_ITS,1007,ITS,174,2,0.5,0.0
block6,clean,actor_1007_statement_IWL,1007,IWL,174,2,1.0,1.0
block6,clean,actor_1007_statement_IWW,1007,IWW,174,2,0.5,1.0
block6,clean,actor_1007_statement_MTI,1007,MTI,174,2,0.5,1.0
block6,clean,actor_1007_statement_TAI,1007,TAI,174,2,0.5,1.0
block6,clean,actor_1007_statement_TIE,1007,TIE,174,2,0.5,1.0
block6,clean,actor_1007_statement_TSI,1007,TSI,174,2,1.0,1.0
block6,clean,actor_1007_statement_WSI,1007,WSI,174,2,0.5,1.0
block6,clean,actor_1010_statement_DFA,1010,DFA,174,2,1.0,1.0
block6,clean,actor_1010_statement_IOM,1010,IOM,174,2,1.0,1.0
block6,clean,actor_1010_statement_ITH,1010,ITH,174,2,0.5,1.0
block6,clean,actor_1010_statement_ITS,1010,ITS,174,2,0.5,1.0
block6,clean,actor_1010_statement_IWL,1010,IWL,174,2,1.0,1.0
block6,clean,actor_1010_statement_IWW,1010,IWW,174,2,0.5,1.0
block6,clean,actor_1010_statement_MTI,1010,MTI,174,2,0.5,1.0
block6,clean,actor_1010_statement_TAI,1010,TAI,174,2,1.0,1.0
block6,clean,actor_1010_statement_TIE,1010,TIE,174,2,0.5,1.0
block6,clean,actor_1010_statement_TSI,1010,TSI,174,2,1.0,1.0
block6,clean,actor_1010_statement_WSI,1010,WSI,174,2,1.0,1.0
block6,clean,actor_1011_statement_DFA,1011,DFA,174,2,1.0,1.0
block6,clean,actor_1011_statement_IOM,1011,IOM,174,2,1.0,1.0
block6,clean,actor_1011_statement_ITH,1011,ITH,174,2,1.0,1.0
block6,clean,actor_1011_statement_ITS,1011,ITS,174,2,1.0,1.0
block6,clean,actor_1011_statement_IWL,1011,IWL,174,2,1.0,1.0
block6,clean,actor_1011_statement_IWW,1011,IWW,174,2,0.5,1.0
block6,clean,actor_1011_statement_MTI,1011,MTI,174,2,0.5,1.0
block6,clean,actor_1011_statement_TAI,1011,TAI,174,2,0.5,1.0
block6,clean,actor_1011_statement_TIE,1011,TIE,174,2,1.0,1.0
block6,clean,actor_1011_statement_TSI,1011,TSI,174,2,1.0,1.0
block6,clean,actor_1011_statement_WSI,1011,WSI,174,2,1.0,1.0
block6,clean,actor_1012_statement_DFA,1012,DFA,174,2,1.0,1.0
block6,clean,actor_1012_statement_IOM,1012,IOM,174,2,0.5,0.0
block6,clean,actor_1012_statement_ITH,1012,ITH,174,2,1.0,1.0
block6,clean,actor_1012_statement_ITS,1012,ITS,174,2,1.0,1.0
block6,clean,actor_1012_statement_IWL,1012,IWL,174,2,1.0,1.0
block6,clean,actor_1012_statement_IWW,1012,IWW,174,2,0.5,1.0
block6,clean,actor_1012_statement_MTI,1012,MTI,174,2,0.5,0.0
block6,clean,actor_1012_statement_TAI,1012,TAI,174,2,0.5,1.0
block6,clean,actor_1012_statement_TIE,1012,TIE,174,2,1.0,1.0
block6,clean,actor_1012_statement_TSI,1012,TSI,174,2,1.0,1.0
block6,clean,actor_1012_statement_WSI,1012,WSI,174,2,1.0,1.0
block6,clean,actor_1013_statement_DFA,1013,DFA,174,2,1.0,1.0
block6,clean,actor_1013_statement_IOM,1013,IOM,174,2,0.5,1.0
block6,clean,actor_1013_statement_ITH,1013,ITH,174,2,0.5,1.0
block6,clean,actor_1013_statement_ITS,1013,ITS,174,2,1.0,1.0
block6,clean,actor_1013_statement_IWL,1013,IWL,174,2,1.0,1.0
block6,clean,actor_1013_statement_IWW,1013,IWW,174,2,1.0,1.0
block6,clean,actor_1013_statement_MTI,1013,MTI,174,2,1.0,1.0
block6,clean,actor_1013_statement_TAI,1013,TAI,174,2,1.0,1.0
block6,clean,actor_1013_statement_TIE,1013,TIE,174,2,1.0,1.0
block6,clean,actor_1013_statement_TSI,1013,TSI,174,2,1.0,1.0
block6,clean,actor_1013_statement_WSI,1013,WSI,174,2,1.0,1.0
block6,clean,actor_1014_statement_DFA,1014,DFA,174,2,1.0,1.0
block6,clean,actor_1014_statement_IOM,1014,IOM,174,2,1.0,1.0
block6,clean,actor_1014_statement_ITH,1014,ITH,174,2,1.0,1.0
block6,clean,actor_1014_statement_ITS,1014,ITS,174,2,1.0,1.0
block6,clean,actor_1014_statement_IWL,1014,IWL,174,2,1.0,1.0
block6,clean,actor_1014_statement_IWW,1014,IWW,174,2,1.0,1.0
block6,clean,actor_1014_statement_MTI,1014,MTI,174,2,0.5,0.0
block6,clean,actor_1014_statement_TAI,1014,TAI,174,2,1.0,1.0
block6,clean,actor_1014_statement_TIE,1014,TIE,174,2,1.0,1.0
block6,clean,actor_1014_statement_TSI,1014,TSI,174,2,1.0,1.0
block6,clean,actor_1014_statement_WSI,1014,WSI,174,2,0.0,0.0
block6,clean,actor_1015_statement_DFA,1015,DFA,174,2,0.5,1.0
block6,clean,actor_1015_statement_IOM,1015,IOM,174,2,1.0,1.0
block6,clean,actor_1015_statement_ITH,1015,ITH,174,2,1.0,1.0
block6,clean,actor_1015_statement_ITS,1015,ITS,174,2,1.0,1.0
block6,clean,actor_1015_statement_IWL,1015,IWL,174,2,1.0,1.0
block6,clean,actor_1015_statement_IWW,1015,IWW,174,2,1.0,1.0
block6,clean,actor_1015_statement_MTI,1015,MTI,174,2,1.0,1.0
block6,clean,actor_1015_statement_TAI,1015,TAI,174,2,1.0,1.0
block6,clean,actor_1015_statement_TIE,1015,TIE,174,2,0.5,1.0
block6,clean,actor_1015_statement_TSI,1015,TSI,174,2,1.0,1.0
block6,clean,actor_1015_statement_WSI,1015,WSI,174,2,1.0,1.0
block6,clean,actor_1016_statement_DFA,1016,DFA,174,2,1.0,1.0
block6,clean,actor_1016_statement_IOM,1016,IOM,174,2,1.0,1.0
block6,clean,actor_1016_statement_ITH,1016,ITH,174,2,1.0,1.0
block6,clean,actor_1016_statement_ITS,1016,ITS,174,2,1.0,1.0
block6,clean,actor_1016_statement_IWL,1016,IWL,174,2,1.0,1.0
block6,clean,actor_1016_statement_IWW,1016,IWW,174,2,1.0,1.0
block6,clean,actor_1016_statement_MTI,1016,MTI,174,2,1.0,1.0
block6,clean,actor_1016_statement_TAI,1016,TAI,174,2,1.0,1.0
block6,clean,actor_1016_statement_TIE,1016,TIE,174,2,1.0,1.0
block6,clean,actor_1016_statement_TSI,1016,TSI,174,2,1.0,1.0
block6,clean,actor_1016_statement_WSI,1016,WSI,174,2,1.0,1.0
block6,clean,actor_1017_statement_DFA,1017,DFA,174,2,1.0,1.0
block6,clean,actor_1017_statement_IOM,1017,IOM,174,2,1.0,1.0
block6,clean,actor_1017_statement_ITH,1017,ITH,174,2,1.0,1.0
block6,clean,actor_1017_statement_ITS,1017,ITS,174,2,1.0,1.0
block6,clean,actor_1017_statement_IWL,1017,IWL,174,2,1.0,1.0
block6,clean,actor_1017_statement_IWW,1017,IWW,174,2,0.5,1.0
block6,clean,actor_1017_statement_MTI,1017,MTI,174,2,1.0,1.0
block6,clean,actor_1017_statement_TAI,1017,TAI,174,2,1.0,1.0
block6,clean,actor_1017_statement_TIE,1017,TIE,174,2,1.0,1.0
block6,clean,actor_1017_statement_TSI,1017,TSI,174,2,1.0,1.0
block6,clean,actor_1017_statement_WSI,1017,WSI,174,2,0.5,1.0
block6,clean,actor_1018_statement_DFA,1018,DFA,174,2,1.0,1.0
block6,clean,actor_1018_statement_IOM,1018,IOM,174,2,0.5,1.0
block6,clean,actor_1018_statement_ITH,1018,ITH,174,2,1.0,1.0
block6,clean,actor_1018_statement_ITS,1018,ITS,174,2,0.5,1.0
block6,clean,actor_1018_statement_IWL,1018,IWL,174,2,1.0,1.0
block6,clean,actor_1018_statement_IWW,1018,IWW,174,2,0.5,1.0
block6,clean,actor_1018_statement_MTI,1018,MTI,174,2,1.0,1.0
block6,clean,actor_1018_statement_TAI,1018,TAI,174,2,1.0,1.0
block6,clean,actor_1018_statement_TIE,1018,TIE,174,2,1.0,1.0
block6,clean,actor_1018_statement_TSI,1018,TSI,174,2,1.0,1.0
block6,clean,actor_1018_statement_WSI,1018,WSI,174,2,1.0,1.0
block6,clean,actor_1020_statement_DFA,1020,DFA,174,2,1.0,1.0
block6,clean,actor_1020_statement_IOM,1020,IOM,174,2,1.0,1.0
block6,clean,actor_1020_statement_ITH,1020,ITH,174,2,1.0,1.0
block6,clean,actor_1020_statement_ITS,1020,ITS,174,2,1.0,1.0
block6,clean,actor_1020_statement_IWL,1020,IWL,174,2,1.0,1.0
block6,clean,actor_1020_statement_IWW,1020,IWW,174,2,0.5,1.0
block6,clean,actor_1020_statement_MTI,1020,MTI,174,2,0.5,1.0
block6,clean,actor_1020_statement_TAI,1020,TAI,174,2,1.0,1.0
block6,clean,actor_1020_statement_TIE,1020,TIE,174,2,1.0,1.0
block6,clean,actor_1020_statement_TSI,1020,TSI,174,2,0.5,1.0
block6,clean,actor_1020_statement_WSI,1020,WSI,174,2,1.0,1.0
block6,clean,actor_1021_statement_DFA,1021,DFA,174,2,1.0,1.0
block6,clean,actor_1021_statement_IOM,1021,IOM,174,2,1.0,1.0
block6,clean,actor_1021_statement_ITH,1021,ITH,174,2,0.5,1.0
block6,clean,actor_1021_statement_ITS,1021,ITS,174,2,1.0,1.0
block6,clean,actor_1021_statement_IWL,1021,IWL,174,2,1.0,1.0
block6,clean,actor_1021_statement_IWW,1021,IWW,174,2,1.0,1.0
block6,clean,actor_1021_statement_MTI,1021,MTI,174,2,0.5,0.0
block6,clean,actor_1021_statement_TAI,1021,TAI,174,2,0.5,1.0
block6,clean,actor_1021_statement_TIE,1021,TIE,174,2,0.5,1.0
block6,clean,actor_1021_statement_TSI,1021,TSI,174,2,0.5,1.0
block6,clean,actor_1021_statement_WSI,1021,WSI,174,2,0.5,1.0
block6,clean,actor_1022_statement_DFA,1022,DFA,174,2,1.0,1.0
block6,clean,actor_1022_statement_IOM,1022,IOM,174,2,1.0,1.0
block6,clean,actor_1022_statement_ITH,1022,ITH,174,2,1.0,1.0
block6,clean,actor_1022_statement_ITS,1022,ITS,174,2,1.0,1.0
block6,clean,actor_1022_statement_IWL,1022,IWL,174,2,0.5,1.0
block6,clean,actor_1022_statement_IWW,1022,IWW,174,2,0.5,1.0
block6,clean,actor_1022_statement_MTI,1022,MTI,174,2,0.5,1.0
block6,clean,actor_1022_statement_TAI,1022,TAI,174,2,1.0,1.0
block6,clean,actor_1022_statement_TIE,1022,TIE,174,2,1.0,1.0
block6,clean,actor_1022_statement_TSI,1022,TSI,174,2,1.0,1.0
block6,clean,actor_1022_statement_WSI,1022,WSI,174,2,1.0,1.0
block6,clean,actor_1023_statement_DFA,1023,DFA,174,2,1.0,1.0
block6,clean,actor_1023_statement_IOM,1023,IOM,174,2,1.0,1.0
block6,clean,actor_1023_statement_ITH,1023,ITH,174,2,1.0,1.0
block6,clean,actor_1023_statement_ITS,1023,ITS,174,2,1.0,1.0
block6,clean,actor_1023_statement_IWL,1023,IWL,174,2,1.0,1.0
block6,clean,actor_1023_statement_IWW,1023,IWW,174,2,1.0,1.0
block6,clean,actor_1023_statement_MTI,1023,MTI,174,2,1.0,1.0
block6,clean,actor_1023_statement_TAI,1023,TAI,174,2,0.5,1.0
block6,clean,actor_1023_statement_TIE,1023,TIE,174,2,1.0,1.0
block6,clean,actor_1023_statement_TSI,1023,TSI,174,2,1.0,1.0
block6,clean,actor_1023_statement_WSI,1023,WSI,174,2,1.0,1.0
block6,clean,actor_1024_statement_DFA,1024,DFA,174,2,0.5,1.0
block6,clean,actor_1024_statement_IOM,1024,IOM,174,2,1.0,1.0
block6,clean,actor_1024_statement_ITH,1024,ITH,174,2,1.0,1.0
block6,clean,actor_1024_statement_ITS,1024,ITS,174,2,1.0,1.0
block6,clean,actor_1024_statement_IWL,1024,IWL,174,2,1.0,1.0
block6,clean,actor_1024_statement_IWW,1024,IWW,174,2,0.5,0.0
block6,clean,actor_1024_statement_MTI,1024,MTI,174,2,1.0,1.0
block6,clean,actor_1024_statement_TAI,1024,TAI,174,2,0.5,0.0
block6,clean,actor_1024_statement_TIE,1024,TIE,174,2,0.5,0.0
block6,clean,actor_1024_statement_TSI,1024,TSI,174,2,1.0,1.0
block6,clean,actor_1024_statement_WSI,1024,WSI,174,2,1.0,1.0
block6,clean,actor_1025_statement_DFA,1025,DFA,174,2,1.0,1.0
block6,clean,actor_1025_statement_IOM,1025,IOM,174,2,1.0,1.0
block6,clean,actor_1025_statement_ITH,1025,ITH,174,2,1.0,1.0
block6,clean,actor_1025_statement_ITS,1025,ITS,174,2,0.5,0.0
block6,clean,actor_1025_statement_IWL,1025,IWL,174,2,1.0,1.0
block6,clean,actor_1025_statement_IWW,1025,IWW,174,2,1.0,1.0
block6,clean,actor_1025_statement_MTI,1025,MTI,174,2,1.0,1.0
block6,clean,actor_1025_statement_TAI,1025,TAI,174,2,1.0,1.0
block6,clean,actor_1025_statement_TIE,1025,TIE,174,2,1.0,1.0
block6,clean,actor_1025_statement_TSI,1025,TSI,174,2,0.5,1.0
block6,clean,actor_1025_statement_WSI,1025,WSI,174,2,0.5,1.0
block6,clean,actor_1026_statement_DFA,1026,DFA,174,2,1.0,1.0
block6,clean,actor_1026_statement_IOM,1026,IOM,174,2,1.0,1.0
block6,clean,actor_1026_statement_ITH,1026,ITH,174,2,1.0,1.0
block6,clean,actor_1026_statement_ITS,1026,ITS,174,2,1.0,1.0
block6,clean,actor_1026_statement_IWL,1026,IWL,174,2,1.0,1.0
block6,clean,actor_1026_statement_IWW,1026,IWW,174,2,1.0,1.0
block6,clean,actor_1026_statement_MTI,1026,MTI,174,2,1.0,1.0
block6,clean,actor_1026_statement_TAI,1026,TAI,174,2,1.0,1.0
block6,clean,actor_1026_statement_TIE,1026,TIE,174,2,1.0,1.0
block6,clean,actor_1026_statement_TSI,1026,TSI,174,2,0.5,1.0
block6,clean,actor_1026_statement_WSI,1026,WSI,174,2,1.0,1.0
block6,clean,actor_1027_statement_DFA,1027,DFA,174,2,1.0,1.0
block6,clean,actor_1027_statement_IOM,1027,IOM,174,2,1.0,1.0
block6,clean,actor_1027_statement_ITH,1027,ITH,174,2,1.0,1.0
block6,clean,actor_1027_statement_ITS,1027,ITS,174,2,1.0,1.0
block6,clean,actor_1027_statement_IWL,1027,IWL,174,2,0.5,1.0
block6,clean,actor_1027_statement_IWW,1027,IWW,174,2,0.5,1.0
block6,clean,actor_1027_statement_MTI,1027,MTI,174,2,1.0,1.0
block6,clean,actor_1027_statement_TAI,1027,TAI,174,2,1.0,1.0
block6,clean,actor_1027_statement_TIE,1027,TIE,174,2,0.5,0.0
block6,clean,actor_1027_statement_TSI,1027,TSI,174,2,1.0,1.0
block6,clean,actor_1027_statement_WSI,1027,WSI,174,2,1.0,1.0
block6,clean,actor_1028_statement_DFA,1028,DFA,174,2,0.5,1.0
block6,clean,actor_1028_statement_IOM,1028,IOM,174,2,1.0,1.0
block6,clean,actor_1028_statement_ITH,1028,ITH,174,2,0.5,0.0
block6,clean,actor_1028_statement_ITS,1028,ITS,174,2,0.5,1.0
block6,clean,actor_1028_statement_IWL,1028,IWL,174,2,1.0,1.0
block6,clean,actor_1028_statement_IWW,1028,IWW,174,2,0.5,0.0
block6,clean,actor_1028_statement_MTI,1028,MTI,174,2,1.0,1.0
block6,clean,actor_1028_statement_TAI,1028,TAI,174,2,0.5,1.0
block6,clean,actor_1028_statement_TIE,1028,TIE,174,2,0.5,1.0
block6,clean,actor_1028_statement_TSI,1028,TSI,174,2,0.5,1.0
block6,clean,actor_1028_statement_WSI,1028,WSI,174,2,1.0,1.0
block6,clean,actor_1029_statement_DFA,1029,DFA,174,2,0.5,1.0
block6,clean,actor_1029_statement_IOM,1029,IOM,174,2,1.0,1.0
block6,clean,actor_1029_statement_ITH,1029,ITH,174,2,1.0,1.0
block6,clean,actor_1029_statement_ITS,1029,ITS,174,2,0.5,1.0
block6,clean,actor_1029_statement_IWL,1029,IWL,174,2,1.0,1.0
block6,clean,actor_1029_statement_IWW,1029,IWW,174,2,1.0,1.0
block6,clean,actor_1029_statement_MTI,1029,MTI,174,2,1.0,1.0
block6,clean,actor_1029_statement_TAI,1029,TAI,174,2,1.0,1.0
block6,clean,actor_1029_statement_TIE,1029,TIE,174,2,1.0,1.0
block6,clean,actor_1029_statement_TSI,1029,TSI,174,2,1.0,1.0
block6,clean,actor_1029_statement_WSI,1029,WSI,174,2,0.5,1.0
block6,clean,actor_1030_statement_DFA,1030,DFA,174,2,1.0,1.0
block6,clean,actor_1030_statement_IOM,1030,IOM,174,2,0.5,1.0
block6,clean,actor_1030_statement_ITH,1030,ITH,174,2,1.0,1.0
block6,clean,actor_1030_statement_ITS,1030,ITS,174,2,1.0,1.0
block6,clean,actor_1030_statement_IWL,1030,IWL,174,2,1.0,1.0
block6,clean,actor_1030_statement_IWW,1030,IWW,174,2,0.5,1.0
block6,clean,actor_1030_statement_MTI,1030,MTI,174,2,1.0,1.0
block6,clean,actor_1030_statement_TAI,1030,TAI,174,2,1.0,1.0
block6,clean,actor_1030_statement_TIE,1030,TIE,174,2,1.0,1.0
block6,clean,actor_1030_statement_TSI,1030,TSI,174,2,1.0,1.0
block6,clean,actor_1030_statement_WSI,1030,WSI,174,2,1.0,1.0
block6,clean,actor_1031_statement_DFA,1031,DFA,174,2,0.5,1.0
block6,clean,actor_1031_statement_IOM,1031,IOM,174,2,0.5,0.0
block6,clean,actor_1031_statement_ITH,1031,ITH,174,2,1.0,1.0
block6,clean,actor_1031_statement_ITS,1031,ITS,174,2,0.5,1.0
block6,clean,actor_1031_statement_IWL,1031,IWL,174,2,0.5,1.0
block6,clean,actor_1031_statement_IWW,1031,IWW,174,2,1.0,1.0
block6,clean,actor_1031_statement_MTI,1031,MTI,174,2,1.0,1.0
block6,clean,actor_1031_statement_TAI,1031,TAI,174,2,1.0,1.0
block6,clean,actor_1031_statement_TIE,1031,TIE,174,2,1.0,1.0
block6,clean,actor_1031_statement_TSI,1031,TSI,174,2,1.0,1.0
block6,clean,actor_1031_statement_WSI,1031,WSI,174,2,0.5,0.0
block6,clean,actor_1032_statement_DFA,1032,DFA,174,2,1.0,1.0
block6,clean,actor_1032_statement_IOM,1032,IOM,174,2,0.5,1.0
block6,clean,actor_1032_statement_ITH,1032,ITH,174,2,1.0,1.0
block6,clean,actor_1032_statement_ITS,1032,ITS,174,2,1.0,1.0
block6,clean,actor_1032_statement_IWL,1032,IWL,174,2,1.0,1.0
block6,clean,actor_1032_statement_IWW,1032,IWW,174,2,0.5,1.0
block6,clean,actor_1032_statement_MTI,1032,MTI,174,2,0.5,1.0
block6,clean,actor_1032_statement_TAI,1032,TAI,174,2,0.5,1.0
block6,clean,actor_1032_statement_TIE,1032,TIE,174,2,0.5,1.0
block6,clean,actor_1032_statement_TSI,1032,TSI,174,2,1.0,1.0
block6,clean,actor_1032_statement_WSI,1032,WSI,174,2,0.5,0.0
block6,clean,actor_1033_statement_DFA,1033,DFA,174,2,1.0,1.0
block6,clean,actor_1033_statement_IOM,1033,IOM,174,2,1.0,1.0
block6,clean,actor_1033_statement_ITH,1033,ITH,174,2,1.0,1.0
block6,clean,actor_1033_statement_ITS,1033,ITS,174,2,0.5,1.0
block6,clean,actor_1033_statement_IWL,1033,IWL,174,2,1.0,1.0
block6,clean,actor_1033_statement_IWW,1033,IWW,174,2,1.0,1.0
block6,clean,actor_1033_statement_MTI,1033,MTI,174,2,1.0,1.0
block6,clean,actor_1033_statement_TAI,1033,TAI,174,2,1.0,1.0
block6,clean,actor_1033_statement_TIE,1033,TIE,174,2,1.0,1.0
block6,clean,actor_1033_statement_TSI,1033,TSI,174,2,1.0,1.0
block6,clean,actor_1033_statement_WSI,1033,WSI,174,2,0.5,1.0
block6,clean,actor_1034_statement_DFA,1034,DFA,174,2,1.0,1.0
block6,clean,actor_1034_statement_IOM,1034,IOM,174,2,0.5,1.0
block6,clean,actor_1034_statement_ITH,1034,ITH,174,2,0.5,1.0
block6,clean,actor_1034_statement_ITS,1034,ITS,174,2,0.5,0.0
block6,clean,actor_1034_statement_IWL,1034,IWL,174,2,0.5,1.0
block6,clean,actor_1034_statement_IWW,1034,IWW,174,2,1.0,1.0
block6,clean,actor_1034_statement_MTI,1034,MTI,174,2,0.5,1.0
block6,clean,actor_1034_statement_TAI,1034,TAI,174,2,1.0,1.0
block6,clean,actor_1034_statement_TIE,1034,TIE,174,2,0.5,1.0
block6,clean,actor_1034_statement_TSI,1034,TSI,174,2,1.0,1.0
block6,clean,actor_1034_statement_WSI,1034,WSI,174,2,1.0,1.0
block6,clean,actor_1035_statement_DFA,1035,DFA,174,2,1.0,1.0
block6,clean,actor_1035_statement_IOM,1035,IOM,174,2,1.0,1.0
block6,clean,actor_1035_statement_ITH,1035,ITH,174,2,0.5,1.0
block6,clean,actor_1035_statement_ITS,1035,ITS,174,2,0.5,1.0
block6,clean,actor_1035_statement_IWL,1035,IWL,174,2,1.0,1.0
block6,clean,actor_1035_statement_IWW,1035,IWW,174,2,0.5,0.0
block6,clean,actor_1035_statement_MTI,1035,MTI,174,2,1.0,1.0
block6,clean,actor_1035_statement_TAI,1035,TAI,174,2,1.0,1.0
block6,clean,actor_1035_statement_TIE,1035,TIE,174,2,1.0,1.0
block6,clean,actor_1035_statement_TSI,1035,TSI,174,2,1.0,1.0
block6,clean,actor_1035_statement_WSI,1035,WSI,174,2,1.0,1.0
block6,clean,actor_1036_statement_DFA,1036,DFA,174,2,0.5,0.0
block6,clean,actor_1036_statement_IOM,1036,IOM,174,2,1.0,1.0
block6,clean,actor_1036_statement_ITH,1036,ITH,174,2,0.0,0.0
block6,clean,actor_1036_statement_ITS,1036,ITS,174,2,0.5,1.0
block6,clean,actor_1036_statement_IWL,1036,IWL,174,2,1.0,1.0
block6,clean,actor_1036_statement_IWW,1036,IWW,174,2,0.5,1.0
block6,clean,actor_1036_statement_MTI,1036,MTI,174,2,0.5,1.0
block6,clean,actor_1036_statement_TAI,1036,TAI,174,2,0.5,1.0
block6,clean,actor_1036_statement_TIE,1036,TIE,174,2,1.0,1.0
block6,clean,actor_1036_statement_TSI,1036,TSI,174,2,1.0,1.0
block6,clean,actor_1036_statement_WSI,1036,WSI,174,2,0.5,1.0
block6,clean,actor_1037_statement_DFA,1037,DFA,174,2,1.0,1.0
block6,clean,actor_1037_statement_IOM,1037,IOM,174,2,1.0,1.0
block6,clean,actor_1037_statement_ITH,1037,ITH,174,2,1.0,1.0
block6,clean,actor_1037_statement_ITS,1037,ITS,174,2,1.0,1.0
block6,clean,actor_1037_statement_IWL,1037,IWL,174,2,1.0,1.0
block6,clean,actor_1037_statement_IWW,1037,IWW,174,2,0.5,0.0
block6,clean,actor_1037_statement_MTI,1037,MTI,174,2,0.5,0.0
block6,clean,actor_1037_statement_TAI,1037,TAI,174,2,1.0,1.0
block6,clean,actor_1037_statement_TIE,1037,TIE,174,2,1.0,1.0
block6,clean,actor_1037_statement_TSI,1037,TSI,174,2,1.0,1.0
block6,clean,actor_1037_statement_WSI,1037,WSI,174,2,0.5,1.0
block6,clean,actor_1038_statement_DFA,1038,DFA,174,2,1.0,1.0
block6,clean,actor_1038_statement_IOM,1038,IOM,174,2,1.0,1.0
block6,clean,actor_1038_statement_ITH,1038,ITH,174,2,1.0,1.0
block6,clean,actor_1038_statement_ITS,1038,ITS,174,2,1.0,1.0
block6,clean,actor_1038_statement_IWL,1038,IWL,174,2,0.5,1.0
block6,clean,actor_1038_statement_IWW,1038,IWW,174,2,0.5,0.0
block6,clean,actor_1038_statement_MTI,1038,MTI,174,2,1.0,1.0
block6,clean,actor_1038_statement_TAI,1038,TAI,174,2,1.0,1.0
block6,clean,actor_1038_statement_TIE,1038,TIE,174,2,1.0,1.0
block6,clean,actor_1038_statement_TSI,1038,TSI,174,2,1.0,1.0
block6,clean,actor_1038_statement_WSI,1038,WSI,174,2,0.5,1.0
block6,clean,actor_1039_statement_DFA,1039,DFA,174,2,1.0,1.0
block6,clean,actor_1039_statement_IOM,1039,IOM,174,2,1.0,1.0
block6,clean,actor_1039_statement_ITH,1039,ITH,174,2,1.0,1.0
block6,clean,actor_1039_statement_ITS,1039,ITS,174,2,1.0,1.0
block6,clean,actor_1039_statement_IWL,1039,IWL,174,2,1.0,1.0
block6,clean,actor_1039_statement_IWW,1039,IWW,174,2,1.0,1.0
block6,clean,actor_1039_statement_MTI,1039,MTI,174,2,1.0,1.0
block6,clean,actor_1039_statement_TAI,1039,TAI,174,2,1.0,1.0
block6,clean,actor_1039_statement_TIE,1039,TIE,174,2,1.0,1.0
block6,clean,actor_1039_statement_TSI,1039,TSI,174,2,0.5,1.0
block6,clean,actor_1039_statement_WSI,1039,WSI,174,2,1.0,1.0
block6,clean,actor_1040_statement_DFA,1040,DFA,174,2,0.5,1.0
block6,clean,actor_1040_statement_IOM,1040,IOM,174,2,1.0,1.0
block6,clean,actor_1040_statement_ITH,1040,ITH,174,2,0.5,1.0
block6,clean,actor_1040_statement_ITS,1040,ITS,174,2,1.0,1.0
block6,clean,actor_1040_statement_IWL,1040,IWL,174,2,0.5,1.0
block6,clean,actor_1040_statement_IWW,1040,IWW,174,2,0.5,1.0
block6,clean,actor_1040_statement_MTI,1040,MTI,174,2,1.0,1.0
block6,clean,actor_1040_statement_TAI,1040,TAI,174,2,1.0,1.0
block6,clean,actor_1040_statement_TIE,1040,TIE,174,2,0.5,1.0
block6,clean,actor_1040_statement_TSI,1040,TSI,174,2,0.5,1.0
block6,clean,actor_1040_statement_WSI,1040,WSI,174,2,0.5,1.0
block6,clean,actor_1041_statement_DFA,1041,DFA,174,2,1.0,1.0
block6,clean,actor_1041_statement_IOM,1041,IOM,174,2,1.0,1.0
block6,clean,actor_1041_statement_ITH,1041,ITH,174,2,1.0,1.0
block6,clean,actor_1041_statement_ITS,1041,ITS,174,2,1.0,1.0
block6,clean,actor_1041_statement_IWL,1041,IWL,174,2,1.0,1.0
block6,clean,actor_1041_statement_IWW,1041,IWW,174,2,0.5,1.0
block6,clean,actor_1041_statement_MTI,1041,MTI,174,2,1.0,1.0
block6,clean,actor_1041_statement_TAI,1041,TAI,174,2,1.0,1.0
block6,clean,actor_1041_statement_TIE,1041,TIE,174,2,1.0,1.0
block6,clean,actor_1041_statement_TSI,1041,TSI,174,2,1.0,1.0
block6,clean,actor_1041_statement_WSI,1041,WSI,174,2,0.5,1.0
block6,clean,actor_1042_statement_DFA,1042,DFA,174,2,1.0,1.0
block6,clean,actor_1042_statement_IOM,1042,IOM,174,2,1.0,1.0
block6,clean,actor_1042_statement_ITH,1042,ITH,174,2,1.0,1.0
block6,clean,actor_1042_statement_ITS,1042,ITS,174,2,0.5,0.0
block6,clean,actor_1042_statement_IWL,1042,IWL,174,2,1.0,1.0
block6,clean,actor_1042_statement_IWW,1042,IWW,174,2,0.5,1.0
block6,clean,actor_1042_statement_MTI,1042,MTI,174,2,0.5,1.0
block6,clean,actor_1042_statement_TAI,1042,TAI,174,2,0.5,1.0
block6,clean,actor_1042_statement_TIE,1042,TIE,174,2,1.0,1.0
block6,clean,actor_1042_statement_TSI,1042,TSI,174,2,1.0,1.0
block6,clean,actor_1042_statement_WSI,1042,WSI,174,2,1.0,1.0
block6,clean,actor_1043_statement_DFA,1043,DFA,174,2,1.0,1.0
block6,clean,actor_1043_statement_IOM,1043,IOM,174,2,0.5,1.0
block6,clean,actor_1043_statement_ITH,1043,ITH,174,2,1.0,1.0
block6,clean,actor_1043_statement_ITS,1043,ITS,174,2,1.0,1.0
block6,clean,actor_1043_statement_IWL,1043,IWL,174,2,1.0,1.0
block6,clean,actor_1043_statement_IWW,1043,IWW,174,2,1.0,1.0
block6,clean,actor_1043_statement_MTI,1043,MTI,174,2,1.0,1.0
block6,clean,actor_1043_statement_TAI,1043,TAI,174,2,1.0,1.0
block6,clean,actor_1043_statement_TIE,1043,TIE,174,2,0.5,1.0
block6,clean,actor_1043_statement_TSI,1043,TSI,174,2,1.0,1.0
block6,clean,actor_1043_statement_WSI,1043,WSI,174,2,1.0,1.0
block6,clean,actor_1044_statement_DFA,1044,DFA,174,2,1.0,1.0
block6,clean,actor_1044_statement_IOM,1044,IOM,174,2,1.0,1.0
block6,clean,actor_1044_statement_ITH,1044,ITH,174,2,1.0,1.0
block6,clean,actor_1044_statement_ITS,1044,ITS,174,2,1.0,1.0
block6,clean,actor_1044_statement_IWL,1044,IWL,174,2,1.0,1.0
block6,clean,actor_1044_statement_IWW,1044,IWW,174,2,0.0,0.0
block6,clean,actor_1044_statement_MTI,1044,MTI,174,2,1.0,1.0
block6,clean,actor_1044_statement_TAI,1044,TAI,174,2,1.0,1.0
block6,clean,actor_1044_statement_TIE,1044,TIE,174,2,1.0,1.0
block6,clean,actor_1044_statement_TSI,1044,TSI,174,2,1.0,1.0
block6,clean,actor_1044_statement_WSI,1044,WSI,174,2,0.5,1.0
block6,clean,actor_1045_statement_DFA,1045,DFA,174,2,1.0,1.0
block6,clean,actor_1045_statement_IOM,1045,IOM,174,2,1.0,1.0
block6,clean,actor_1045_statement_ITH,1045,ITH,174,2,1.0,1.0
block6,clean,actor_1045_statement_ITS,1045,ITS,174,2,1.0,1.0
block6,clean,actor_1045_statement_IWL,1045,IWL,174,2,1.0,1.0
block6,clean,actor_1045_statement_IWW,1045,IWW,174,2,1.0,1.0
block6,clean,actor_1045_statement_MTI,1045,MTI,174,2,1.0,1.0
block6,clean,actor_1045_statement_TAI,1045,TAI,174,2,0.5,1.0
block6,clean,actor_1045_statement_TIE,1045,TIE,174,2,0.5,1.0
block6,clean,actor_1045_statement_TSI,1045,TSI,174,2,1.0,1.0
block6,clean,actor_1045_statement_WSI,1045,WSI,174,2,1.0,1.0
block6,clean,actor_1046_statement_DFA,1046,DFA,174,2,1.0,1.0
block6,clean,actor_1046_statement_IOM,1046,IOM,174,2,1.0,1.0
block6,clean,actor_1046_statement_ITH,1046,ITH,174,2,1.0,1.0
block6,clean,actor_1046_statement_ITS,1046,ITS,174,2,1.0,1.0
block6,clean,actor_1046_statement_IWL,1046,IWL,174,2,1.0,1.0
block6,clean,actor_1046_statement_IWW,1046,IWW,174,2,1.0,1.0
block6,clean,actor_1046_statement_MTI,1046,MTI,174,2,1.0,1.0
block6,clean,actor_1046_statement_TAI,1046,TAI,174,2,0.5,1.0
block6,clean,actor_1046_statement_TIE,1046,TIE,174,2,0.5,1.0
block6,clean,actor_1046_statement_TSI,1046,TSI,174,2,0.5,1.0
block6,clean,actor_1046_statement_WSI,1046,WSI,174,2,0.5,1.0
block6,clean,actor_1047_statement_DFA,1047,DFA,174,2,1.0,1.0
block6,clean,actor_1047_statement_IOM,1047,IOM,174,2,1.0,1.0
block6,clean,actor_1047_statement_ITH,1047,ITH,174,2,1.0,1.0
block6,clean,actor_1047_statement_ITS,1047,ITS,174,2,1.0,1.0
block6,clean,actor_1047_statement_IWL,1047,IWL,174,2,1.0,1.0
block6,clean,actor_1047_statement_IWW,1047,IWW,174,2,0.5,1.0
block6,clean,actor_1047_statement_MTI,1047,MTI,174,2,0.5,1.0
block6,clean,actor_1047_statement_TAI,1047,TAI,174,2,1.0,1.0
block6,clean,actor_1047_statement_TIE,1047,TIE,174,2,1.0,1.0
block6,clean,actor_1047_statement_TSI,1047,TSI,174,2,1.0,1.0
block6,clean,actor_1047_statement_WSI,1047,WSI,174,2,1.0,1.0
block6,clean,actor_1048_statement_DFA,1048,DFA,174,2,1.0,1.0
block6,clean,actor_1048_statement_IOM,1048,IOM,174,2,1.0,1.0
block6,clean,actor_1048_statement_ITH,1048,ITH,174,2,1.0,1.0
block6,clean,actor_1048_statement_ITS,1048,ITS,174,2,1.0,1.0
block6,clean,actor_1048_statement_IWL,1048,IWL,174,2,0.5,0.0
block6,clean,actor_1048_statement_IWW,1048,IWW,174,2,0.0,0.0
block6,clean,actor_1048_statement_MTI,1048,MTI,174,2,0.5,1.0
block6,clean,actor_1048_statement_TAI,1048,TAI,174,2,0.5,1.0
block6,clean,actor_1048_statement_TIE,1048,TIE,174,2,0.5,1.0
block6,clean,actor_1048_statement_TSI,1048,TSI,174,2,1.0,1.0
block6,clean,actor_1048_statement_WSI,1048,WSI,174,2,1.0,1.0
block6,clean,actor_1049_statement_DFA,1049,DFA,174,2,1.0,1.0
block6,clean,actor_1049_statement_IOM,1049,IOM,174,2,1.0,1.0
block6,clean,actor_1049_statement_ITH,1049,ITH,174,2,1.0,1.0
block6,clean,actor_1049_statement_ITS,1049,ITS,174,2,0.5,1.0
block6,clean,actor_1049_statement_IWL,1049,IWL,174,2,0.5,1.0
block6,clean,actor_1049_statement_IWW,1049,IWW,174,2,1.0,1.0
block6,clean,actor_1049_statement_MTI,1049,MTI,174,2,1.0,1.0
block6,clean,actor_1049_statement_TAI,1049,TAI,174,2,1.0,1.0
block6,clean,actor_1049_statement_TIE,1049,TIE,174,2,1.0,1.0
block6,clean,actor_1049_statement_TSI,1049,TSI,174,2,1.0,1.0
block6,clean,actor_1049_statement_WSI,1049,WSI,174,2,1.0,1.0
block6,clean,actor_1050_statement_DFA,1050,DFA,174,2,0.5,1.0
block6,clean,actor_1050_statement_IOM,1050,IOM,174,2,1.0,1.0
block6,clean,actor_1050_statement_ITH,1050,ITH,174,2,0.5,1.0
block6,clean,actor_1050_statement_ITS,1050,ITS,174,2,1.0,1.0
block6,clean,actor_1050_statement_IWL,1050,IWL,174,2,1.0,1.0
block6,clean,actor_1050_statement_IWW,1050,IWW,174,2,0.0,0.0
block6,clean,actor_1050_statement_MTI,1050,MTI,174,2,0.5,1.0
block6,clean,actor_1050_statement_TAI,1050,TAI,174,2,0.5,1.0
block6,clean,actor_1050_statement_TIE,1050,TIE,174,2,1.0,1.0
block6,clean,actor_1050_statement_TSI,1050,TSI,174,2,0.5,0.0
block6,clean,actor_1050_statement_WSI,1050,WSI,174,2,1.0,1.0
block6,clean,actor_1051_statement_DFA,1051,DFA,174,2,1.0,1.0
block6,clean,actor_1051_statement_IOM,1051,IOM,174,2,1.0,1.0
block6,clean,actor_1051_statement_ITH,1051,ITH,174,2,1.0,1.0
block6,clean,actor_1051_statement_ITS,1051,ITS,174,2,0.5,1.0
block6,clean,actor_1051_statement_IWL,1051,IWL,174,2,1.0,1.0
block6,clean,actor_1051_statement_IWW,1051,IWW,174,2,1.0,1.0
block6,clean,actor_1051_statement_MTI,1051,MTI,174,2,1.0,1.0
block6,clean,actor_1051_statement_TAI,1051,TAI,174,2,0.5,1.0
block6,clean,actor_1051_statement_TIE,1051,TIE,174,2,0.5,1.0
block6,clean,actor_1051_statement_TSI,1051,TSI,174,2,1.0,1.0
block6,clean,actor_1051_statement_WSI,1051,WSI,174,2,0.5,1.0
block6,clean,actor_1052_statement_DFA,1052,DFA,174,2,1.0,1.0
block6,clean,actor_1052_statement_IOM,1052,IOM,174,2,1.0,1.0
block6,clean,actor_1052_statement_ITH,1052,ITH,174,2,1.0,1.0
block6,clean,actor_1052_statement_ITS,1052,ITS,174,2,1.0,1.0
block6,clean,actor_1052_statement_IWL,1052,IWL,174,2,1.0,1.0
block6,clean,actor_1052_statement_IWW,1052,IWW,174,2,0.5,1.0
block6,clean,actor_1052_statement_MTI,1052,MTI,174,2,0.5,1.0
block6,clean,actor_1052_statement_TAI,1052,TAI,174,2,1.0,1.0
block6,clean,actor_1052_statement_TIE,1052,TIE,174,2,1.0,1.0
block6,clean,actor_1052_statement_TSI,1052,TSI,174,2,1.0,1.0
block6,clean,actor_1052_statement_WSI,1052,WSI,174,2,1.0,1.0
block6,clean,actor_1053_statement_DFA,1053,DFA,174,2,1.0,1.0
block6,clean,actor_1053_statement_IOM,1053,IOM,174,2,1.0,1.0
block6,clean,actor_1053_statement_ITH,1053,ITH,174,2,0.5,1.0
block6,clean,actor_1053_statement_ITS,1053,ITS,174,2,1.0,1.0
block6,clean,actor_1053_statement_IWL,1053,IWL,174,2,1.0,1.0
block6,clean,actor_1053_statement_IWW,1053,IWW,174,2,1.0,1.0
block6,clean,actor_1053_statement_MTI,1053,MTI,174,2,1.0,1.0
block6,clean,actor_1053_statement_TAI,1053,TAI,174,2,0.5,1.0
block6,clean,actor_1053_statement_TIE,1053,TIE,174,2,1.0,1.0
block6,clean,actor_1053_statement_TSI,1053,TSI,174,2,0.5,1.0
block6,clean,actor_1053_statement_WSI,1053,WSI,174,2,1.0,1.0
block6,clean,actor_1054_statement_DFA,1054,DFA,174,2,1.0,1.0
block6,clean,actor_1054_statement_IOM,1054,IOM,174,2,1.0,1.0
block6,clean,actor_1054_statement_ITH,1054,ITH,174,2,1.0,1.0
block6,clean,actor_1054_statement_ITS,1054,ITS,174,2,1.0,1.0
block6,clean,actor_1054_statement_IWL,1054,IWL,174,2,0.5,1.0
block6,clean,actor_1054_statement_IWW,1054,IWW,174,2,1.0,1.0
block6,clean,actor_1054_statement_MTI,1054,MTI,174,2,1.0,1.0
block6,clean,actor_1054_statement_TAI,1054,TAI,174,2,1.0,1.0
block6,clean,actor_1054_statement_TIE,1054,TIE,174,2,1.0,1.0
block6,clean,actor_1054_statement_TSI,1054,TSI,174,2,1.0,1.0
block6,clean,actor_1054_statement_WSI,1054,WSI,174,2,1.0,1.0
block6,clean,actor_1055_statement_DFA,1055,DFA,174,2,1.0,1.0
block6,clean,actor_1055_statement_IOM,1055,IOM,174,2,1.0,1.0
block6,clean,actor_1055_statement_ITH,1055,ITH,174,2,0.5,0.0
block6,clean,actor_1055_statement_ITS,1055,ITS,174,2,1.0,1.0
block6,clean,actor_1055_statement_IWL,1055,IWL,174,2,1.0,1.0
block6,clean,actor_1055_statement_IWW,1055,IWW,174,2,1.0,1.0
block6,clean,actor_1055_statement_MTI,1055,MTI,174,2,1.0,1.0
block6,clean,actor_1055_statement_TAI,1055,TAI,174,2,1.0,1.0
block6,clean,actor_1055_statement_TIE,1055,TIE,174,2,1.0,1.0
block6,clean,actor_1055_statement_TSI,1055,TSI,174,2,1.0,1.0
block6,clean,actor_1055_statement_WSI,1055,WSI,174,2,1.0,1.0
block6,clean,actor_1056_statement_DFA,1056,DFA,174,2,1.0,1.0
block6,clean,actor_1056_statement_IOM,1056,IOM,174,2,1.0,1.0
block6,clean,actor_1056_statement_ITH,1056,ITH,174,2,1.0,1.0
block6,clean,actor_1056_statement_ITS,1056,ITS,174,2,0.5,1.0
block6,clean,actor_1056_statement_IWL,1056,IWL,174,2,1.0,1.0
block6,clean,actor_1056_statement_IWW,1056,IWW,174,2,1.0,1.0
block6,clean,actor_1056_statement_MTI,1056,MTI,174,2,0.5,1.0
block6,clean,actor_1056_statement_TAI,1056,TAI,174,2,1.0,1.0
block6,clean,actor_1056_statement_TIE,1056,TIE,174,2,0.5,0.0
block6,clean,actor_1056_statement_TSI,1056,TSI,174,2,0.5,1.0
block6,clean,actor_1056_statement_WSI,1056,WSI,174,2,1.0,1.0
block6,clean,actor_1057_statement_DFA,1057,DFA,174,2,0.5,0.0
block6,clean,actor_1057_statement_IOM,1057,IOM,174,2,0.5,1.0
block6,clean,actor_1057_statement_ITH,1057,ITH,174,2,1.0,1.0
block6,clean,actor_1057_statement_ITS,1057,ITS,174,2,1.0,1.0
block6,clean,actor_1057_statement_IWL,1057,IWL,174,2,1.0,1.0
block6,clean,actor_1057_statement_IWW,1057,IWW,174,2,0.5,1.0
block6,clean,actor_1057_statement_MTI,1057,MTI,174,2,1.0,1.0
block6,clean,actor_1057_statement_TAI,1057,TAI,174,2,0.5,1.0
block6,clean,actor_1057_statement_TIE,1057,TIE,174,2,1.0,1.0
block6,clean,actor_1057_statement_TSI,1057,TSI,174,2,0.5,1.0
block6,clean,actor_1057_statement_WSI,1057,WSI,174,2,0.5,1.0
block6,clean,actor_1058_statement_DFA,1058,DFA,174,2,1.0,1.0
block6,clean,actor_1058_statement_IOM,1058,IOM,174,2,1.0,1.0
block6,clean,actor_1058_statement_ITH,1058,ITH,174,2,0.5,1.0
block6,clean,actor_1058_statement_ITS,1058,ITS,174,2,1.0,1.0
block6,clean,actor_1058_statement_IWL,1058,IWL,174,2,1.0,1.0
block6,clean,actor_1058_statement_IWW,1058,IWW,174,2,1.0,1.0
block6,clean,actor_1058_statement_MTI,1058,MTI,174,2,1.0,1.0
block6,clean,actor_1058_statement_TAI,1058,TAI,174,2,1.0,1.0
block6,clean,actor_1058_statement_TIE,1058,TIE,174,2,0.5,0.0
block6,clean,actor_1058_statement_TSI,1058,TSI,174,2,1.0,1.0
block6,clean,actor_1058_statement_WSI,1058,WSI,174,2,1.0,1.0
block6,clean,actor_1059_statement_DFA,1059,DFA,174,2,1.0,1.0
block6,clean,actor_1059_statement_IOM,1059,IOM,174,2,1.0,1.0
block6,clean,actor_1059_statement_ITH,1059,ITH,174,2,0.5,1.0
block6,clean,actor_1059_statement_ITS,1059,ITS,174,2,1.0,1.0
block6,clean,actor_1059_statement_IWL,1059,IWL,174,2,0.5,1.0
block6,clean,actor_1059_statement_IWW,1059,IWW,174,2,0.5,1.0
block6,clean,actor_1059_statement_MTI,1059,MTI,174,2,0.5,1.0
block6,clean,actor_1059_statement_TAI,1059,TAI,174,2,0.5,1.0
block6,clean,actor_1059_statement_TIE,1059,TIE,174,2,0.5,1.0
block6,clean,actor_1059_statement_TSI,1059,TSI,174,2,1.0,1.0
block6,clean,actor_1059_statement_WSI,1059,WSI,174,2,1.0,1.0
block6,clean,actor_1060_statement_DFA,1060,DFA,174,2,1.0,1.0
block6,clean,actor_1060_statement_IOM,1060,IOM,174,2,1.0,1.0
block6,clean,actor_1060_statement_ITH,1060,ITH,174,2,1.0,1.0
block6,clean,actor_1060_statement_ITS,1060,ITS,174,2,0.5,1.0
block6,clean,actor_1060_statement_IWL,1060,IWL,174,2,1.0,1.0
block6,clean,actor_1060_statement_IWW,1060,IWW,174,2,0.5,1.0
block6,clean,actor_1060_statement_MTI,1060,MTI,174,2,0.5,0.0
block6,clean,actor_1060_statement_TAI,1060,TAI,174,2,0.5,1.0
block6,clean,actor_1060_statement_TIE,1060,TIE,174,2,1.0,1.0
block6,clean,actor_1060_statement_TSI,1060,TSI,174,2,0.5,1.0
block6,clean,actor_1060_statement_WSI,1060,WSI,174,2,0.5,1.0
block6,clean,actor_1061_statement_DFA,1061,DFA,174,2,1.0,1.0
block6,clean,actor_1061_statement_IOM,1061,IOM,174,2,1.0,1.0
block6,clean,actor_1061_statement_ITH,1061,ITH,174,2,0.5,1.0
block6,clean,actor_1061_statement_ITS,1061,ITS,174,2,1.0,1.0
block6,clean,actor_1061_statement_IWL,1061,IWL,174,2,1.0,1.0
block6,clean,actor_1061_statement_IWW,1061,IWW,174,2,1.0,1.0
block6,clean,actor_1061_statement_MTI,1061,MTI,174,2,1.0,1.0
block6,clean,actor_1061_statement_TAI,1061,TAI,174,2,1.0,1.0
block6,clean,actor_1061_statement_TIE,1061,TIE,174,2,1.0,1.0
block6,clean,actor_1061_statement_TSI,1061,TSI,174,2,1.0,1.0
block6,clean,actor_1061_statement_WSI,1061,WSI,174,2,0.5,1.0
block6,clean,actor_1062_statement_DFA,1062,DFA,174,2,1.0,1.0
block6,clean,actor_1062_statement_IOM,1062,IOM,174,2,0.5,1.0
block6,clean,actor_1062_statement_ITH,1062,ITH,174,2,1.0,1.0
block6,clean,actor_1062_statement_ITS,1062,ITS,174,2,1.0,1.0
block6,clean,actor_1062_statement_IWL,1062,IWL,174,2,1.0,1.0
block6,clean,actor_1062_statement_IWW,1062,IWW,174,2,0.0,0.0
block6,clean,actor_1062_statement_MTI,1062,MTI,174,2,1.0,1.0
block6,clean,actor_1062_statement_TAI,1062,TAI,174,2,1.0,1.0
block6,clean,actor_1062_statement_TIE,1062,TIE,174,2,1.0,1.0
block6,clean,actor_1062_statement_TSI,1062,TSI,174,2,1.0,1.0
block6,clean,actor_1062_statement_WSI,1062,WSI,174,2,1.0,1.0
block6,clean,actor_1063_statement_DFA,1063,DFA,174,2,1.0,1.0
block6,clean,actor_1063_statement_IOM,1063,IOM,174,2,1.0,1.0
block6,clean,actor_1063_statement_ITH,1063,ITH,174,2,1.0,1.0
block6,clean,actor_1063_statement_ITS,1063,ITS,174,2,1.0,1.0
block6,clean,actor_1063_statement_IWL,1063,IWL,174,2,1.0,1.0
block6,clean,actor_1063_statement_IWW,1063,IWW,174,2,1.0,1.0
block6,clean,actor_1063_statement_MTI,1063,MTI,174,2,1.0,1.0
block6,clean,actor_1063_statement_TAI,1063,TAI,174,2,1.0,1.0
block6,clean,actor_1063_statement_TIE,1063,TIE,174,2,1.0,1.0
block6,clean,actor_1063_statement_TSI,1063,TSI,174,2,1.0,1.0
block6,clean,actor_1063_statement_WSI,1063,WSI,174,2,1.0,1.0
block6,clean,actor_1064_statement_DFA,1064,DFA,174,2,0.5,1.0
block6,clean,actor_1064_statement_IOM,1064,IOM,174,2,1.0,1.0
block6,clean,actor_1064_statement_ITH,1064,ITH,174,2,1.0,1.0
block6,clean,actor_1064_statement_ITS,1064,ITS,174,2,1.0,1.0
block6,clean,actor_1064_statement_IWL,1064,IWL,174,2,0.5,1.0
block6,clean,actor_1064_statement_IWW,1064,IWW,174,2,0.0,0.0
block6,clean,actor_1064_statement_MTI,1064,MTI,174,2,1.0,1.0
block6,clean,actor_1064_statement_TAI,1064,TAI,174,2,1.0,1.0
block6,clean,actor_1064_statement_TIE,1064,TIE,174,2,0.5,0.0
block6,clean,actor_1064_statement_TSI,1064,TSI,174,2,1.0,1.0
block6,clean,actor_1064_statement_WSI,1064,WSI,174,2,1.0,1.0
block6,clean,actor_1065_statement_DFA,1065,DFA,174,2,0.0,0.0
block6,clean,actor_1065_statement_IOM,1065,IOM,174,2,1.0,1.0
block6,clean,actor_1065_statement_ITH,1065,ITH,174,2,1.0,1.0
block6,clean,actor_1065_statement_ITS,1065,ITS,174,2,0.5,1.0
block6,clean,actor_1065_statement_IWL,1065,IWL,174,2,1.0,1.0
block6,clean,actor_1065_statement_IWW,1065,IWW,174,2,1.0,1.0
block6,clean,actor_1065_statement_MTI,1065,MTI,174,2,1.0,1.0
block6,clean,actor_1065_statement_TAI,1065,TAI,174,2,0.5,1.0
block6,clean,actor_1065_statement_TIE,1065,TIE,174,2,0.5,1.0
block6,clean,actor_1065_statement_TSI,1065,TSI,174,2,1.0,1.0
block6,clean,actor_1065_statement_WSI,1065,WSI,174,2,0.5,1.0
block6,clean,actor_1066_statement_DFA,1066,DFA,174,2,1.0,1.0
block6,clean,actor_1066_statement_IOM,1066,IOM,174,2,1.0,1.0
block6,clean,actor_1066_statement_ITH,1066,ITH,174,2,1.0,1.0
block6,clean,actor_1066_statement_ITS,1066,ITS,174,2,1.0,1.0
block6,clean,actor_1066_statement_IWL,1066,IWL,174,2,0.5,0.0
block6,clean,actor_1066_statement_IWW,1066,IWW,174,2,0.5,0.0
block6,clean,actor_1066_statement_MTI,1066,MTI,174,2,0.5,0.0
block6,clean,actor_1066_statement_TAI,1066,TAI,174,2,1.0,1.0
block6,clean,actor_1066_statement_TIE,1066,TIE,174,2,1.0,1.0
block6,clean,actor_1066_statement_TSI,1066,TSI,174,2,1.0,1.0
block6,clean,actor_1066_statement_WSI,1066,WSI,174,2,0.5,0.0
block6,clean,actor_1067_statement_DFA,1067,DFA,174,2,1.0,1.0
block6,clean,actor_1067_statement_IOM,1067,IOM,174,2,0.5,0.0
block6,clean,actor_1067_statement_ITH,1067,ITH,174,2,1.0,1.0
block6,clean,actor_1067_statement_ITS,1067,ITS,174,2,0.5,0.0
block6,clean,actor_1067_statement_IWL,1067,IWL,174,2,1.0,1.0
block6,clean,actor_1067_statement_IWW,1067,IWW,174,2,0.0,0.0
block6,clean,actor_1067_statement_MTI,1067,MTI,174,2,1.0,1.0
block6,clean,actor_1067_statement_TAI,1067,TAI,174,2,0.5,1.0
block6,clean,actor_1067_statement_TIE,1067,TIE,174,2,1.0,1.0
block6,clean,actor_1067_statement_TSI,1067,TSI,174,2,0.5,1.0
block6,clean,actor_1067_statement_WSI,1067,WSI,174,2,0.5,1.0
block6,clean,actor_1068_statement_DFA,1068,DFA,174,2,1.0,1.0
block6,clean,actor_1068_statement_IOM,1068,IOM,174,2,1.0,1.0
block6,clean,actor_1068_statement_ITH,1068,ITH,174,2,0.5,1.0
block6,clean,actor_1068_statement_ITS,1068,ITS,174,2,1.0,1.0
block6,clean,actor_1068_statement_IWL,1068,IWL,174,2,0.5,1.0
block6,clean,actor_1068_statement_IWW,1068,IWW,174,2,1.0,1.0
block6,clean,actor_1068_statement_MTI,1068,MTI,174,2,0.5,1.0
block6,clean,actor_1068_statement_TAI,1068,TAI,174,2,1.0,1.0
block6,clean,actor_1068_statement_TIE,1068,TIE,174,2,1.0,1.0
block6,clean,actor_1068_statement_TSI,1068,TSI,174,2,0.5,1.0
block6,clean,actor_1068_statement_WSI,1068,WSI,174,2,1.0,1.0
block6,clean,actor_1069_statement_DFA,1069,DFA,174,2,1.0,1.0
block6,clean,actor_1069_statement_IOM,1069,IOM,174,2,1.0,1.0
block6,clean,actor_1069_statement_ITH,1069,ITH,174,2,1.0,1.0
block6,clean,actor_1069_statement_ITS,1069,ITS,174,2,1.0,1.0
block6,clean,actor_1069_statement_IWL,1069,IWL,174,2,1.0,1.0
block6,clean,actor_1069_statement_IWW,1069,IWW,174,2,0.5,1.0
block6,clean,actor_1069_statement_MTI,1069,MTI,174,2,1.0,1.0
block6,clean,actor_1069_statement_TAI,1069,TAI,174,2,1.0,1.0
block6,clean,actor_1069_statement_TIE,1069,TIE,174,2,0.5,1.0
block6,clean,actor_1069_statement_TSI,1069,TSI,174,2,0.5,1.0
block6,clean,actor_1069_statement_WSI,1069,WSI,174,2,0.5,1.0
block6,clean,actor_1070_statement_DFA,1070,DFA,174,2,0.5,1.0
block6,clean,actor_1070_statement_IOM,1070,IOM,174,2,1.0,1.0
block6,clean,actor_1070_statement_ITH,1070,ITH,174,2,0.5,1.0
block6,clean,actor_1070_statement_ITS,1070,ITS,174,2,0.5,1.0
block6,clean,actor_1070_statement_IWL,1070,IWL,174,2,0.5,1.0
block6,clean,actor_1070_statement_IWW,1070,IWW,174,2,1.0,1.0
block6,clean,actor_1070_statement_MTI,1070,MTI,174,2,1.0,1.0
block6,clean,actor_1070_statement_TAI,1070,TAI,174,2,0.5,0.0
block6,clean,actor_1070_statement_TIE,1070,TIE,174,2,1.0,1.0
block6,clean,actor_1070_statement_TSI,1070,TSI,174,2,0.5,1.0
block6,clean,actor_1070_statement_WSI,1070,WSI,174,2,0.5,1.0
block6,clean,actor_1071_statement_DFA,1071,DFA,174,2,1.0,1.0
block6,clean,actor_1071_statement_IOM,1071,IOM,174,2,1.0,1.0
block6,clean,actor_1071_statement_ITH,1071,ITH,174,2,1.0,1.0
block6,clean,actor_1071_statement_ITS,1071,ITS,174,2,1.0,1.0
block6,clean,actor_1071_statement_IWL,1071,IWL,174,2,1.0,1.0
block6,clean,actor_1071_statement_IWW,1071,IWW,174,2,1.0,1.0
block6,clean,actor_1071_statement_MTI,1071,MTI,174,2,0.5,1.0
block6,clean,actor_1071_statement_TAI,1071,TAI,174,2,1.0,1.0
block6,clean,actor_1071_statement_TIE,1071,TIE,174,2,0.5,1.0
block6,clean,actor_1071_statement_TSI,1071,TSI,174,2,1.0,1.0
block6,clean,actor_1071_statement_WSI,1071,WSI,174,2,1.0,1.0
block6,clean,actor_1072_statement_DFA,1072,DFA,174,2,1.0,1.0
block6,clean,actor_1072_statement_IOM,1072,IOM,174,2,1.0,1.0
block6,clean,actor_1072_statement_ITH,1072,ITH,174,2,1.0,1.0
block6,clean,actor_1072_statement_ITS,1072,ITS,174,2,0.5,1.0
block6,clean,actor_1072_statement_IWL,1072,IWL,174,2,1.0,1.0
block6,clean,actor_1072_statement_IWW,1072,IWW,174,2,0.5,0.0
block6,clean,actor_1072_statement_MTI,1072,MTI,174,2,0.5,1.0
block6,clean,actor_1072_statement_TAI,1072,TAI,174,2,1.0,1.0
block6,clean,actor_1072_statement_TIE,1072,TIE,174,2,1.0,1.0
block6,clean,actor_1072_statement_TSI,1072,TSI,174,2,0.5,1.0
block6,clean,actor_1072_statement_WSI,1072,WSI,174,2,0.5,0.0
block6,clean,actor_1073_statement_DFA,1073,DFA,174,2,0.5,1.0
block6,clean,actor_1073_statement_IOM,1073,IOM,174,2,1.0,1.0
block6,clean,actor_1073_statement_ITH,1073,ITH,174,2,0.5,1.0
block6,clean,actor_1073_statement_ITS,1073,ITS,174,2,0.5,1.0
block6,clean,actor_1073_statement_IWL,1073,IWL,174,2,1.0,1.0
block6,clean,actor_1073_statement_IWW,1073,IWW,174,2,0.5,1.0
block6,clean,actor_1073_statement_MTI,1073,MTI,174,2,0.0,0.0
block6,clean,actor_1073_statement_TAI,1073,TAI,174,2,1.0,1.0
block6,clean,actor_1073_statement_TIE,1073,TIE,174,2,0.5,1.0
block6,clean,actor_1073_statement_TSI,1073,TSI,174,2,1.0,1.0
block6,clean,actor_1073_statement_WSI,1073,WSI,174,2,1.0,1.0
block6,clean,actor_1074_statement_DFA,1074,DFA,174,2,1.0,1.0
block6,clean,actor_1074_statement_IOM,1074,IOM,174,2,1.0,1.0
block6,clean,actor_1074_statement_ITH,1074,ITH,174,2,0.5,1.0
block6,clean,actor_1074_statement_ITS,1074,ITS,174,2,1.0,1.0
block6,clean,actor_1074_statement_IWL,1074,IWL,174,2,0.5,1.0
block6,clean,actor_1074_statement_IWW,1074,IWW,174,2,0.0,0.0
block6,clean,actor_1074_statement_MTI,1074,MTI,174,2,1.0,1.0
block6,clean,actor_1074_statement_TAI,1074,TAI,174,2,1.0,1.0
block6,clean,actor_1074_statement_TIE,1074,TIE,174,2,1.0,1.0
block6,clean,actor_1074_statement_TSI,1074,TSI,174,2,1.0,1.0
block6,clean,actor_1074_statement_WSI,1074,WSI,174,2,0.5,1.0
block6,clean,actor_1075_statement_DFA,1075,DFA,174,2,1.0,1.0
block6,clean,actor_1075_statement_IOM,1075,IOM,174,2,1.0,1.0
block6,clean,actor_1075_statement_ITH,1075,ITH,174,2,1.0,1.0
block6,clean,actor_1075_statement_ITS,1075,ITS,174,2,1.0,1.0
block6,clean,actor_1075_statement_IWL,1075,IWL,174,2,1.0,1.0
block6,clean,actor_1075_statement_IWW,1075,IWW,174,2,1.0,1.0
block6,clean,actor_1075_statement_MTI,1075,MTI,174,2,1.0,1.0
block6,clean,actor_1075_statement_TAI,1075,TAI,174,2,1.0,1.0
block6,clean,actor_1075_statement_TIE,1075,TIE,174,2,0.5,1.0
block6,clean,actor_1075_statement_TSI,1075,TSI,174,2,1.0,1.0
block6,clean,actor_1075_statement_WSI,1075,WSI,174,2,1.0,1.0
block6,clean,actor_1076_statement_DFA,1076,DFA,174,2,1.0,1.0
block6,clean,actor_1076_statement_IOM,1076,IOM,174,2,1.0,1.0
block6,clean,actor_1076_statement_ITH,1076,ITH,174,2,1.0,1.0
block6,clean,actor_1076_statement_ITS,1076,ITS,174,2,0.5,1.0
block6,clean,actor_1076_statement_IWL,1076,IWL,174,2,0.5,1.0
block6,clean,actor_1076_statement_IWW,1076,IWW,174,2,0.5,1.0
block6,clean,actor_1076_statement_MTI,1076,MTI,174,2,0.5,0.0
block6,clean,actor_1076_statement_TAI,1076,TAI,174,2,1.0,1.0
block6,clean,actor_1076_statement_TIE,1076,TIE,174,2,0.5,1.0
block6,clean,actor_1076_statement_TSI,1076,TSI,174,2,1.0,1.0
block6,clean,actor_1076_statement_WSI,1076,WSI,174,2,1.0,1.0
block6,clean,actor_1077_statement_DFA,1077,DFA,174,2,1.0,1.0
block6,clean,actor_1077_statement_IOM,1077,IOM,174,2,1.0,1.0
block6,clean,actor_1077_statement_ITH,1077,ITH,174,2,0.5,0.0
block6,clean,actor_1077_statement_ITS,1077,ITS,174,2,0.5,1.0
block6,clean,actor_1077_statement_IWL,1077,IWL,174,2,1.0,1.0
block6,clean,actor_1077_statement_IWW,1077,IWW,174,2,0.5,1.0
block6,clean,actor_1077_statement_MTI,1077,MTI,174,2,1.0,1.0
block6,clean,actor_1077_statement_TAI,1077,TAI,174,2,1.0,1.0
block6,clean,actor_1077_statement_TIE,1077,TIE,174,2,0.5,1.0
block6,clean,actor_1077_statement_TSI,1077,TSI,174,2,0.5,1.0
block6,clean,actor_1077_statement_WSI,1077,WSI,174,2,0.5,1.0
block6,clean,actor_1078_statement_DFA,1078,DFA,174,2,1.0,1.0
block6,clean,actor_1078_statement_IOM,1078,IOM,174,2,1.0,1.0
block6,clean,actor_1078_statement_ITH,1078,ITH,174,2,1.0,1.0
block6,clean,actor_1078_statement_ITS,1078,ITS,174,2,1.0,1.0
block6,clean,actor_1078_statement_IWL,1078,IWL,174,2,1.0,1.0
block6,clean,actor_1078_statement_IWW,1078,IWW,174,2,0.5,1.0
block6,clean,actor_1078_statement_MTI,1078,MTI,174,2,1.0,1.0
block6,clean,actor_1078_statement_TAI,1078,TAI,174,2,1.0,1.0
block6,clean,actor_1078_statement_TIE,1078,TIE,174,2,1.0,1.0
block6,clean,actor_1078_statement_TSI,1078,TSI,174,2,1.0,1.0
block6,clean,actor_1078_statement_WSI,1078,WSI,174,2,1.0,1.0
block6,clean,actor_1079_statement_DFA,1079,DFA,174,2,1.0,1.0
block6,clean,actor_1079_statement_IOM,1079,IOM,174,2,1.0,1.0
block6,clean,actor_1079_statement_ITH,1079,ITH,174,2,1.0,1.0
block6,clean,actor_1079_statement_ITS,1079,ITS,174,2,1.0,1.0
block6,clean,actor_1079_statement_IWL,1079,IWL,174,2,0.5,1.0
block6,clean,actor_1079_statement_IWW,1079,IWW,174,2,1.0,1.0
block6,clean,actor_1079_statement_MTI,1079,MTI,174,2,1.0,1.0
block6,clean,actor_1079_statement_TAI,1079,TAI,174,2,1.0,1.0
block6,clean,actor_1079_statement_TIE,1079,TIE,174,2,1.0,1.0
block6,clean,actor_1079_statement_TSI,1079,TSI,174,2,0.5,1.0
block6,clean,actor_1079_statement_WSI,1079,WSI,174,2,0.5,1.0
block6,clean,actor_1080_statement_DFA,1080,DFA,174,2,1.0,1.0
block6,clean,actor_1080_statement_IOM,1080,IOM,174,2,1.0,1.0
block6,clean,actor_1080_statement_ITH,1080,ITH,174,2,1.0,1.0
block6,clean,actor_1080_statement_ITS,1080,ITS,174,2,0.5,1.0
block6,clean,actor_1080_statement_IWL,1080,IWL,174,2,0.5,1.0
block6,clean,actor_1080_statement_IWW,1080,IWW,174,2,1.0,1.0
block6,clean,actor_1080_statement_MTI,1080,MTI,174,2,1.0,1.0
block6,clean,actor_1080_statement_TAI,1080,TAI,174,2,1.0,1.0
block6,clean,actor_1080_statement_TIE,1080,TIE,174,2,1.0,1.0
block6,clean,actor_1080_statement_TSI,1080,TSI,174,2,1.0,1.0
block6,clean,actor_1080_statement_WSI,1080,WSI,174,2,1.0,1.0
block6,clean,actor_1081_statement_DFA,1081,DFA,174,2,1.0,1.0
block6,clean,actor_1081_statement_IOM,1081,IOM,174,2,1.0,1.0
block6,clean,actor_1081_statement_ITH,1081,ITH,174,2,1.0,1.0
block6,clean,actor_1081_statement_ITS,1081,ITS,174,2,1.0,1.0
block6,clean,actor_1081_statement_IWL,1081,IWL,174,2,1.0,1.0
block6,clean,actor_1081_statement_IWW,1081,IWW,174,2,1.0,1.0
block6,clean,actor_1081_statement_MTI,1081,MTI,174,2,1.0,1.0
block6,clean,actor_1081_statement_TAI,1081,TAI,174,2,1.0,1.0
block6,clean,actor_1081_statement_TIE,1081,TIE,174,2,1.0,1.0
block6,clean,actor_1081_statement_TSI,1081,TSI,174,2,1.0,1.0
block6,clean,actor_1081_statement_WSI,1081,WSI,174,2,1.0,1.0
block6,clean,actor_1082_statement_DFA,1082,DFA,174,2,0.5,1.0
block6,clean,actor_1082_statement_IOM,1082,IOM,174,2,1.0,1.0
block6,clean,actor_1082_statement_ITH,1082,ITH,174,2,1.0,1.0
block6,clean,actor_1082_statement_ITS,1082,ITS,174,2,0.5,1.0
block6,clean,actor_1082_statement_IWL,1082,IWL,174,2,0.5,1.0
block6,clean,actor_1082_statement_IWW,1082,IWW,174,2,1.0,1.0
block6,clean,actor_1082_statement_MTI,1082,MTI,174,2,1.0,1.0
block6,clean,actor_1082_statement_TAI,1082,TAI,174,2,0.5,1.0
block6,clean,actor_1082_statement_TIE,1082,TIE,174,2,1.0,1.0
block6,clean,actor_1082_statement_TSI,1082,TSI,174,2,1.0,1.0
block6,clean,actor_1082_statement_WSI,1082,WSI,174,2,0.5,1.0
block6,clean,actor_1083_statement_DFA,1083,DFA,174,2,0.5,0.0
block6,clean,actor_1083_statement_IOM,1083,IOM,174,2,1.0,1.0
block6,clean,actor_1083_statement_ITH,1083,ITH,174,2,1.0,1.0
block6,clean,actor_1083_statement_ITS,1083,ITS,174,2,1.0,1.0
block6,clean,actor_1083_statement_IWL,1083,IWL,174,2,1.0,1.0
block6,clean,actor_1083_statement_IWW,1083,IWW,174,2,1.0,1.0
block6,clean,actor_1083_statement_MTI,1083,MTI,174,2,1.0,1.0
block6,clean,actor_1083_statement_TAI,1083,TAI,174,2,0.5,1.0
block6,clean,actor_1083_statement_TIE,1083,TIE,174,2,1.0,1.0
block6,clean,actor_1083_statement_TSI,1083,TSI,174,2,0.5,1.0
block6,clean,actor_1083_statement_WSI,1083,WSI,174,2,0.5,1.0
block6,clean,actor_1084_statement_DFA,1084,DFA,174,2,0.5,1.0
block6,clean,actor_1084_statement_IOM,1084,IOM,174,2,1.0,1.0
block6,clean,actor_1084_statement_ITH,1084,ITH,174,2,1.0,1.0
block6,clean,actor_1084_statement_ITS,1084,ITS,174,2,0.5,1.0
block6,clean,actor_1084_statement_IWL,1084,IWL,174,2,1.0,1.0
block6,clean,actor_1084_statement_IWW,1084,IWW,174,2,1.0,1.0
block6,clean,actor_1084_statement_MTI,1084,MTI,174,2,0.5,1.0
block6,clean,actor_1084_statement_TAI,1084,TAI,174,2,0.5,1.0
block6,clean,actor_1084_statement_TIE,1084,TIE,174,2,1.0,1.0
block6,clean,actor_1084_statement_TSI,1084,TSI,174,2,1.0,1.0
block6,clean,actor_1084_statement_WSI,1084,WSI,174,2,0.5,0.0
block6,clean,actor_1085_statement_DFA,1085,DFA,174,2,1.0,1.0
block6,clean,actor_1085_statement_IOM,1085,IOM,174,2,1.0,1.0
block6,clean,actor_1085_statement_ITH,1085,ITH,174,2,1.0,1.0
block6,clean,actor_1085_statement_ITS,1085,ITS,174,2,1.0,1.0
block6,clean,actor_1085_statement_IWL,1085,IWL,174,2,1.0,1.0
block6,clean,actor_1085_statement_IWW,1085,IWW,174,2,1.0,1.0
block6,clean,actor_1085_statement_MTI,1085,MTI,174,2,1.0,1.0
block6,clean,actor_1085_statement_TAI,1085,TAI,174,2,1.0,1.0
block6,clean,actor_1085_statement_TIE,1085,TIE,174,2,1.0,1.0
block6,clean,actor_1085_statement_TSI,1085,TSI,174,2,1.0,1.0
block6,clean,actor_1085_statement_WSI,1085,WSI,174,2,1.0,1.0
block6,clean,actor_1086_statement_DFA,1086,DFA,174,2,0.5,1.0
block6,clean,actor_1086_statement_IOM,1086,IOM,174,2,1.0,1.0
block6,clean,actor_1086_statement_ITH,1086,ITH,174,2,1.0,1.0
block6,clean,actor_1086_statement_ITS,1086,ITS,174,2,1.0,1.0
block6,clean,actor_1086_statement_IWL,1086,IWL,174,2,0.5,1.0
block6,clean,actor_1086_statement_IWW,1086,IWW,174,2,1.0,1.0
block6,clean,actor_1086_statement_MTI,1086,MTI,174,2,1.0,1.0
block6,clean,actor_1086_statement_TAI,1086,TAI,174,2,1.0,1.0
block6,clean,actor_1086_statement_TIE,1086,TIE,174,2,1.0,1.0
block6,clean,actor_1086_statement_TSI,1086,TSI,174,2,0.5,1.0
block6,clean,actor_1086_statement_WSI,1086,WSI,174,2,0.5,1.0
block6,clean,actor_1087_statement_DFA,1087,DFA,174,2,1.0,1.0
block6,clean,actor_1087_statement_IOM,1087,IOM,174,2,0.5,1.0
block6,clean,actor_1087_statement_ITH,1087,ITH,174,2,1.0,1.0
block6,clean,actor_1087_statement_ITS,1087,ITS,174,2,1.0,1.0
block6,clean,actor_1087_statement_IWL,1087,IWL,174,2,0.5,0.0
block6,clean,actor_1087_statement_IWW,1087,IWW,174,2,1.0,1.0
block6,clean,actor_1087_statement_MTI,1087,MTI,174,2,0.5,0.0
block6,clean,actor_1087_statement_TAI,1087,TAI,174,2,1.0,1.0
block6,clean,actor_1087_statement_TIE,1087,TIE,174,2,1.0,1.0
block6,clean,actor_1087_statement_TSI,1087,TSI,174,2,1.0,1.0
block6,clean,actor_1087_statement_WSI,1087,WSI,174,2,1.0,1.0
block6,clean,actor_1088_statement_DFA,1088,DFA,174,2,1.0,1.0
block6,clean,actor_1088_statement_IOM,1088,IOM,174,2,1.0,1.0
block6,clean,actor_1088_statement_ITH,1088,ITH,174,2,1.0,1.0
block6,clean,actor_1088_statement_ITS,1088,ITS,174,2,0.5,1.0
block6,clean,actor_1088_statement_IWL,1088,IWL,174,2,1.0,1.0
block6,clean,actor_1088_statement_IWW,1088,IWW,174,2,1.0,1.0
block6,clean,actor_1088_statement_MTI,1088,MTI,174,2,0.5,1.0
block6,clean,actor_1088_statement_TAI,1088,TAI,174,2,0.5,0.0
block6,clean,actor_1088_statement_TIE,1088,TIE,174,2,0.5,1.0
block6,clean,actor_1088_statement_TSI,1088,TSI,174,2,0.5,1.0
block6,clean,actor_1088_statement_WSI,1088,WSI,174,2,0.5,1.0
block6,clean,actor_1089_statement_DFA,1089,DFA,174,2,1.0,1.0
block6,clean,actor_1089_statement_IOM,1089,IOM,174,2,1.0,1.0
block6,clean,actor_1089_statement_ITH,1089,ITH,174,2,1.0,1.0
block6,clean,actor_1089_statement_ITS,1089,ITS,174,2,1.0,1.0
block6,clean,actor_1089_statement_IWL,1089,IWL,174,2,1.0,1.0
block6,clean,actor_1089_statement_IWW,1089,IWW,174,2,1.0,1.0
block6,clean,actor_1089_statement_MTI,1089,MTI,174,2,1.0,1.0
block6,clean,actor_1089_statement_TAI,1089,TAI,174,2,1.0,1.0
block6,clean,actor_1089_statement_TIE,1089,TIE,174,2,1.0,1.0
block6,clean,actor_1089_statement_TSI,1089,TSI,174,2,1.0,1.0
block6,clean,actor_1089_statement_WSI,1089,WSI,174,2,0.5,1.0
block6,clean,actor_1090_statement_DFA,1090,DFA,174,2,1.0,1.0
block6,clean,actor_1090_statement_IOM,1090,IOM,174,2,1.0,1.0
block6,clean,actor_1090_statement_ITH,1090,ITH,174,2,1.0,1.0
block6,clean,actor_1090_statement_ITS,1090,ITS,174,2,0.5,0.0
block6,clean,actor_1090_statement_IWL,1090,IWL,174,2,0.5,0.0
block6,clean,actor_1090_statement_IWW,1090,IWW,174,2,1.0,1.0
block6,clean,actor_1090_statement_MTI,1090,MTI,174,2,1.0,1.0
block6,clean,actor_1090_statement_TAI,1090,TAI,174,2,1.0,1.0
block6,clean,actor_1090_statement_TIE,1090,TIE,174,2,1.0,1.0
block6,clean,actor_1090_statement_TSI,1090,TSI,174,2,1.0,1.0
block6,clean,actor_1090_statement_WSI,1090,WSI,174,2,1.0,1.0
block6,clean,actor_1091_statement_DFA,1091,DFA,174,2,1.0,1.0
block6,clean,actor_1091_statement_IOM,1091,IOM,174,2,1.0,1.0
block6,clean,actor_1091_statement_ITH,1091,ITH,174,2,0.5,1.0
block6,clean,actor_1091_statement_ITS,1091,ITS,174,2,0.5,1.0
block6,clean,actor_1091_statement_IWL,1091,IWL,174,2,1.0,1.0
block6,clean,actor_1091_statement_IWW,1091,IWW,174,2,0.5,1.0
block6,clean,actor_1091_statement_MTI,1091,MTI,174,2,1.0,1.0
block6,clean,actor_1091_statement_TAI,1091,TAI,174,2,1.0,1.0
block6,clean,actor_1091_statement_TIE,1091,TIE,174,2,0.5,1.0
block6,clean,actor_1091_statement_TSI,1091,TSI,174,2,1.0,1.0
block6,clean,actor_1091_statement_WSI,1091,WSI,174,2,1.0,1.0
block6,no_attn,actor_1001_statement_DFA,1001,DFA,174,2,1.0,1.0
block6,no_attn,actor_1001_statement_IOM,1001,IOM,174,2,1.0,1.0
block6,no_attn,actor_1001_statement_ITH,1001,ITH,174,2,1.0,1.0
block6,no_attn,actor_1001_statement_ITS,1001,ITS,174,2,0.5,1.0
block6,no_attn,actor_1001_statement_IWL,1001,IWL,174,2,1.0,1.0
block6,no_attn,actor_1001_statement_IWW,1001,IWW,174,2,0.5,1.0
block6,no_attn,actor_1001_statement_MTI,1001,MTI,174,2,1.0,1.0
block6,no_attn,actor_1001_statement_TAI,1001,TAI,174,2,0.5,1.0
block6,no_attn,actor_1001_statement_TIE,1001,TIE,174,2,1.0,1.0
block6,no_attn,actor_1001_statement_TSI,1001,TSI,174,2,1.0,1.0
block6,no_attn,actor_1001_statement_WSI,1001,WSI,174,2,1.0,1.0
block6,no_attn,actor_1002_statement_DFA,1002,DFA,174,2,0.5,1.0
block6,no_attn,actor_1002_statement_IOM,1002,IOM,174,2,1.0,1.0
block6,no_attn,actor_1002_statement_ITH,1002,ITH,174,2,0.5,1.0
block6,no_attn,actor_1002_statement_ITS,1002,ITS,174,2,1.0,1.0
block6,no_attn,actor_1002_statement_IWL,1002,IWL,174,2,0.5,1.0
block6,no_attn,actor_1002_statement_IWW,1002,IWW,174,2,1.0,1.0
block6,no_attn,actor_1002_statement_MTI,1002,MTI,174,2,1.0,1.0
block6,no_attn,actor_1002_statement_TAI,1002,TAI,174,2,1.0,1.0
block6,no_attn,actor_1002_statement_TIE,1002,TIE,174,2,0.5,1.0
block6,no_attn,actor_1002_statement_TSI,1002,TSI,174,2,1.0,1.0
block6,no_attn,actor_1002_statement_WSI,1002,WSI,174,2,1.0,1.0
block6,no_attn,actor_1003_statement_DFA,1003,DFA,174,2,0.5,1.0
block6,no_attn,actor_1003_statement_IOM,1003,IOM,174,2,0.5,1.0
block6,no_attn,actor_1003_statement_ITH,1003,ITH,174,2,1.0,1.0
block6,no_attn,actor_1003_statement_ITS,1003,ITS,174,2,0.5,1.0
block6,no_attn,actor_1003_statement_IWL,1003,IWL,174,2,1.0,1.0
block6,no_attn,actor_1003_statement_IWW,1003,IWW,174,2,1.0,1.0
block6,no_attn,actor_1003_statement_MTI,1003,MTI,174,2,1.0,1.0
block6,no_attn,actor_1003_statement_TAI,1003,TAI,174,2,0.5,1.0
block6,no_attn,actor_1003_statement_TIE,1003,TIE,174,2,0.5,1.0
block6,no_attn,actor_1003_statement_TSI,1003,TSI,174,2,1.0,1.0
block6,no_attn,actor_1003_statement_WSI,1003,WSI,174,2,0.5,1.0
block6,no_attn,actor_1004_statement_DFA,1004,DFA,174,2,1.0,1.0
block6,no_attn,actor_1004_statement_IOM,1004,IOM,174,2,1.0,1.0
block6,no_attn,actor_1004_statement_ITH,1004,ITH,174,2,0.5,1.0
block6,no_attn,actor_1004_statement_ITS,1004,ITS,174,2,1.0,1.0
block6,no_attn,actor_1004_statement_IWL,1004,IWL,174,2,0.5,0.0
block6,no_attn,actor_1004_statement_IWW,1004,IWW,174,2,1.0,1.0
block6,no_attn,actor_1004_statement_MTI,1004,MTI,174,2,1.0,1.0
block6,no_attn,actor_1004_statement_TAI,1004,TAI,174,2,1.0,1.0
block6,no_attn,actor_1004_statement_TIE,1004,TIE,174,2,0.5,1.0
block6,no_attn,actor_1004_statement_TSI,1004,TSI,174,2,0.5,1.0
block6,no_attn,actor_1004_statement_WSI,1004,WSI,174,2,1.0,1.0
block6,no_attn,actor_1005_statement_DFA,1005,DFA,174,2,1.0,1.0
block6,no_attn,actor_1005_statement_IOM,1005,IOM,174,2,1.0,1.0
block6,no_attn,actor_1005_statement_ITH,1005,ITH,174,2,1.0,1.0
block6,no_attn,actor_1005_statement_ITS,1005,ITS,174,2,0.5,1.0
block6,no_attn,actor_1005_statement_IWL,1005,IWL,174,2,0.5,1.0
block6,no_attn,actor_1005_statement_IWW,1005,IWW,174,2,1.0,1.0
block6,no_attn,actor_1005_statement_MTI,1005,MTI,174,2,1.0,1.0
block6,no_attn,actor_1005_statement_TAI,1005,TAI,174,2,1.0,1.0
block6,no_attn,actor_1005_statement_TIE,1005,TIE,174,2,1.0,1.0
block6,no_attn,actor_1005_statement_TSI,1005,TSI,174,2,1.0,1.0
block6,no_attn,actor_1005_statement_WSI,1005,WSI,174,2,0.5,1.0
block6,no_attn,actor_1006_statement_DFA,1006,DFA,174,2,1.0,1.0
block6,no_attn,actor_1006_statement_IOM,1006,IOM,174,2,1.0,1.0
block6,no_attn,actor_1006_statement_ITH,1006,ITH,174,2,1.0,1.0
block6,no_attn,actor_1006_statement_ITS,1006,ITS,174,2,1.0,1.0
block6,no_attn,actor_1006_statement_IWL,1006,IWL,174,2,1.0,1.0
block6,no_attn,actor_1006_statement_IWW,1006,IWW,174,2,1.0,1.0
block6,no_attn,actor_1006_statement_MTI,1006,MTI,174,2,1.0,1.0
block6,no_attn,actor_1006_statement_TAI,1006,TAI,174,2,1.0,1.0
block6,no_attn,actor_1006_statement_TIE,1006,TIE,174,2,0.5,1.0
block6,no_attn,actor_1006_statement_TSI,1006,TSI,174,2,1.0,1.0
block6,no_attn,actor_1006_statement_WSI,1006,WSI,174,2,1.0,1.0
block6,no_attn,actor_1007_statement_DFA,1007,DFA,174,2,1.0,1.0
block6,no_attn,actor_1007_statement_IOM,1007,IOM,174,2,0.5,1.0
block6,no_attn,actor_1007_statement_ITH,1007,ITH,174,2,0.5,1.0
block6,no_attn,actor_1007_statement_ITS,1007,ITS,174,2,1.0,1.0
block6,no_attn,actor_1007_statement_IWL,1007,IWL,174,2,0.5,1.0
block6,no_attn,actor_1007_statement_IWW,1007,IWW,174,2,0.5,1.0
block6,no_attn,actor_1007_statement_MTI,1007,MTI,174,2,1.0,1.0
block6,no_attn,actor_1007_statement_TAI,1007,TAI,174,2,0.5,0.0
block6,no_attn,actor_1007_statement_TIE,1007,TIE,174,2,1.0,1.0
block6,no_attn,actor_1007_statement_TSI,1007,TSI,174,2,1.0,1.0
block6,no_attn,actor_1007_statement_WSI,1007,WSI,174,2,0.5,1.0
block6,no_attn,actor_1010_statement_DFA,1010,DFA,174,2,1.0,1.0
block6,no_attn,actor_1010_statement_IOM,1010,IOM,174,2,1.0,1.0
block6,no_attn,actor_1010_statement_ITH,1010,ITH,174,2,1.0,1.0
block6,no_attn,actor_1010_statement_ITS,1010,ITS,174,2,1.0,1.0
block6,no_attn,actor_1010_statement_IWL,1010,IWL,174,2,1.0,1.0
block6,no_attn,actor_1010_statement_IWW,1010,IWW,174,2,1.0,1.0
block6,no_attn,actor_1010_statement_MTI,1010,MTI,174,2,1.0,1.0
block6,no_attn,actor_1010_statement_TAI,1010,TAI,174,2,1.0,1.0
block6,no_attn,actor_1010_statement_TIE,1010,TIE,174,2,0.5,1.0
block6,no_attn,actor_1010_statement_TSI,1010,TSI,174,2,1.0,1.0
block6,no_attn,actor_1010_statement_WSI,1010,WSI,174,2,1.0,1.0
block6,no_attn,actor_1011_statement_DFA,1011,DFA,174,2,1.0,1.0
block6,no_attn,actor_1011_statement_IOM,1011,IOM,174,2,1.0,1.0
block6,no_attn,actor_1011_statement_ITH,1011,ITH,174,2,1.0,1.0
block6,no_attn,actor_1011_statement_ITS,1011,ITS,174,2,0.5,1.0
block6,no_attn,actor_1011_statement_IWL,1011,IWL,174,2,1.0,1.0
block6,no_attn,actor_1011_statement_IWW,1011,IWW,174,2,1.0,1.0
block6,no_attn,actor_1011_statement_MTI,1011,MTI,174,2,1.0,1.0
block6,no_attn,actor_1011_statement_TAI,1011,TAI,174,2,1.0,1.0
block6,no_attn,actor_1011_statement_TIE,1011,TIE,174,2,1.0,1.0
block6,no_attn,actor_1011_statement_TSI,1011,TSI,174,2,1.0,1.0
block6,no_attn,actor_1011_statement_WSI,1011,WSI,174,2,1.0,1.0
block6,no_attn,actor_1012_statement_DFA,1012,DFA,174,2,1.0,1.0
block6,no_attn,actor_1012_statement_IOM,1012,IOM,174,2,0.5,1.0
block6,no_attn,actor_1012_statement_ITH,1012,ITH,174,2,1.0,1.0
block6,no_attn,actor_1012_statement_ITS,1012,ITS,174,2,1.0,1.0
block6,no_attn,actor_1012_statement_IWL,1012,IWL,174,2,1.0,1.0
block6,no_attn,actor_1012_statement_IWW,1012,IWW,174,2,0.5,1.0
block6,no_attn,actor_1012_statement_MTI,1012,MTI,174,2,0.5,1.0
block6,no_attn,actor_1012_statement_TAI,1012,TAI,174,2,0.5,1.0
block6,no_attn,actor_1012_statement_TIE,1012,TIE,174,2,1.0,1.0
block6,no_attn,actor_1012_statement_TSI,1012,TSI,174,2,0.5,1.0
block6,no_attn,actor_1012_statement_WSI,1012,WSI,174,2,1.0,1.0
block6,no_attn,actor_1013_statement_DFA,1013,DFA,174,2,0.5,1.0
block6,no_attn,actor_1013_statement_IOM,1013,IOM,174,2,1.0,1.0
block6,no_attn,actor_1013_statement_ITH,1013,ITH,174,2,1.0,1.0
block6,no_attn,actor_1013_statement_ITS,1013,ITS,174,2,1.0,1.0
block6,no_attn,actor_1013_statement_IWL,1013,IWL,174,2,1.0,1.0
block6,no_attn,actor_1013_statement_IWW,1013,IWW,174,2,1.0,1.0
block6,no_attn,actor_1013_statement_MTI,1013,MTI,174,2,1.0,1.0
block6,no_attn,actor_1013_statement_TAI,1013,TAI,174,2,1.0,1.0
block6,no_attn,actor_1013_statement_TIE,1013,TIE,174,2,1.0,1.0
block6,no_attn,actor_1013_statement_TSI,1013,TSI,174,2,1.0,1.0
block6,no_attn,actor_1013_statement_WSI,1013,WSI,174,2,1.0,1.0
block6,no_attn,actor_1014_statement_DFA,1014,DFA,174,2,1.0,1.0
block6,no_attn,actor_1014_statement_IOM,1014,IOM,174,2,1.0,1.0
block6,no_attn,actor_1014_statement_ITH,1014,ITH,174,2,1.0,1.0
block6,no_attn,actor_1014_statement_ITS,1014,ITS,174,2,1.0,1.0
block6,no_attn,actor_1014_statement_IWL,1014,IWL,174,2,1.0,1.0
block6,no_attn,actor_1014_statement_IWW,1014,IWW,174,2,1.0,1.0
block6,no_attn,actor_1014_statement_MTI,1014,MTI,174,2,0.5,1.0
block6,no_attn,actor_1014_statement_TAI,1014,TAI,174,2,1.0,1.0
block6,no_attn,actor_1014_statement_TIE,1014,TIE,174,2,1.0,1.0
block6,no_attn,actor_1014_statement_TSI,1014,TSI,174,2,1.0,1.0
block6,no_attn,actor_1014_statement_WSI,1014,WSI,174,2,1.0,1.0
block6,no_attn,actor_1015_statement_DFA,1015,DFA,174,2,1.0,1.0
block6,no_attn,actor_1015_statement_IOM,1015,IOM,174,2,1.0,1.0
block6,no_attn,actor_1015_statement_ITH,1015,ITH,174,2,1.0,1.0
block6,no_attn,actor_1015_statement_ITS,1015,ITS,174,2,1.0,1.0
block6,no_attn,actor_1015_statement_IWL,1015,IWL,174,2,1.0,1.0
block6,no_attn,actor_1015_statement_IWW,1015,IWW,174,2,1.0,1.0
block6,no_attn,actor_1015_statement_MTI,1015,MTI,174,2,1.0,1.0
block6,no_attn,actor_1015_statement_TAI,1015,TAI,174,2,1.0,1.0
block6,no_attn,actor_1015_statement_TIE,1015,TIE,174,2,0.5,0.0
block6,no_attn,actor_1015_statement_TSI,1015,TSI,174,2,1.0,1.0
block6,no_attn,actor_1015_statement_WSI,1015,WSI,174,2,0.5,0.0
block6,no_attn,actor_1016_statement_DFA,1016,DFA,174,2,1.0,1.0
block6,no_attn,actor_1016_statement_IOM,1016,IOM,174,2,0.5,1.0
block6,no_attn,actor_1016_statement_ITH,1016,ITH,174,2,1.0,1.0
block6,no_attn,actor_1016_statement_ITS,1016,ITS,174,2,1.0,1.0
block6,no_attn,actor_1016_statement_IWL,1016,IWL,174,2,1.0,1.0
block6,no_attn,actor_1016_statement_IWW,1016,IWW,174,2,1.0,1.0
block6,no_attn,actor_1016_statement_MTI,1016,MTI,174,2,1.0,1.0
block6,no_attn,actor_1016_statement_TAI,1016,TAI,174,2,1.0,1.0
block6,no_attn,actor_1016_statement_TIE,1016,TIE,174,2,1.0,1.0
block6,no_attn,actor_1016_statement_TSI,1016,TSI,174,2,0.5,1.0
block6,no_attn,actor_1016_statement_WSI,1016,WSI,174,2,0.5,1.0
block6,no_attn,actor_1017_statement_DFA,1017,DFA,174,2,1.0,1.0
block6,no_attn,actor_1017_statement_IOM,1017,IOM,174,2,1.0,1.0
block6,no_attn,actor_1017_statement_ITH,1017,ITH,174,2,1.0,1.0
block6,no_attn,actor_1017_statement_ITS,1017,ITS,174,2,1.0,1.0
block6,no_attn,actor_1017_statement_IWL,1017,IWL,174,2,1.0,1.0
block6,no_attn,actor_1017_statement_IWW,1017,IWW,174,2,1.0,1.0
block6,no_attn,actor_1017_statement_MTI,1017,MTI,174,2,1.0,1.0
block6,no_attn,actor_1017_statement_TAI,1017,TAI,174,2,1.0,1.0
block6,no_attn,actor_1017_statement_TIE,1017,TIE,174,2,1.0,1.0
block6,no_attn,actor_1017_statement_TSI,1017,TSI,174,2,1.0,1.0
block6,no_attn,actor_1017_statement_WSI,1017,WSI,174,2,1.0,1.0
block6,no_attn,actor_1018_statement_DFA,1018,DFA,174,2,1.0,1.0
block6,no_attn,actor_1018_statement_IOM,1018,IOM,174,2,1.0,1.0
block6,no_attn,actor_1018_statement_ITH,1018,ITH,174,2,1.0,1.0
block6,no_attn,actor_1018_statement_ITS,1018,ITS,174,2,1.0,1.0
block6,no_attn,actor_1018_statement_IWL,1018,IWL,174,2,0.5,1.0
block6,no_attn,actor_1018_statement_IWW,1018,IWW,174,2,1.0,1.0
block6,no_attn,actor_1018_statement_MTI,1018,MTI,174,2,1.0,1.0
block6,no_attn,actor_1018_statement_TAI,1018,TAI,174,2,1.0,1.0
block6,no_attn,actor_1018_statement_TIE,1018,TIE,174,2,1.0,1.0
block6,no_attn,actor_1018_statement_TSI,1018,TSI,174,2,0.5,1.0
block6,no_attn,actor_1018_statement_WSI,1018,WSI,174,2,1.0,1.0
block6,no_attn,actor_1020_statement_DFA,1020,DFA,174,2,1.0,1.0
block6,no_attn,actor_1020_statement_IOM,1020,IOM,174,2,1.0,1.0
block6,no_attn,actor_1020_statement_ITH,1020,ITH,174,2,1.0,1.0
block6,no_attn,actor_1020_statement_ITS,1020,ITS,174,2,1.0,1.0
block6,no_attn,actor_1020_statement_IWL,1020,IWL,174,2,1.0,1.0
block6,no_attn,actor_1020_statement_IWW,1020,IWW,174,2,1.0,1.0
block6,no_attn,actor_1020_statement_MTI,1020,MTI,174,2,1.0,1.0
block6,no_attn,actor_1020_statement_TAI,1020,TAI,174,2,1.0,1.0
block6,no_attn,actor_1020_statement_TIE,1020,TIE,174,2,1.0,1.0
block6,no_attn,actor_1020_statement_TSI,1020,TSI,174,2,1.0,1.0
block6,no_attn,actor_1020_statement_WSI,1020,WSI,174,2,1.0,1.0
block6,no_attn,actor_1021_statement_DFA,1021,DFA,174,2,1.0,1.0
block6,no_attn,actor_1021_statement_IOM,1021,IOM,174,2,1.0,1.0
block6,no_attn,actor_1021_statement_ITH,1021,ITH,174,2,0.5,1.0
block6,no_attn,actor_1021_statement_ITS,1021,ITS,174,2,1.0,1.0
block6,no_attn,actor_1021_statement_IWL,1021,IWL,174,2,1.0,1.0
block6,no_attn,actor_1021_statement_IWW,1021,IWW,174,2,1.0,1.0
block6,no_attn,actor_1021_statement_MTI,1021,MTI,174,2,0.5,1.0
block6,no_attn,actor_1021_statement_TAI,1021,TAI,174,2,0.5,1.0
block6,no_attn,actor_1021_statement_TIE,1021,TIE,174,2,1.0,1.0
block6,no_attn,actor_1021_statement_TSI,1021,TSI,174,2,0.5,1.0
block6,no_attn,actor_1021_statement_WSI,1021,WSI,174,2,1.0,1.0
block6,no_attn,actor_1022_statement_DFA,1022,DFA,174,2,0.5,1.0
block6,no_attn,actor_1022_statement_IOM,1022,IOM,174,2,1.0,1.0
block6,no_attn,actor_1022_statement_ITH,1022,ITH,174,2,1.0,1.0
block6,no_attn,actor_1022_statement_ITS,1022,ITS,174,2,1.0,1.0
block6,no_attn,actor_1022_statement_IWL,1022,IWL,174,2,1.0,1.0
block6,no_attn,actor_1022_statement_IWW,1022,IWW,174,2,1.0,1.0
block6,no_attn,actor_1022_statement_MTI,1022,MTI,174,2,1.0,1.0
block6,no_attn,actor_1022_statement_TAI,1022,TAI,174,2,1.0,1.0
block6,no_attn,actor_1022_statement_TIE,1022,TIE,174,2,1.0,1.0
block6,no_attn,actor_1022_statement_TSI,1022,TSI,174,2,1.0,1.0
block6,no_attn,actor_1022_statement_WSI,1022,WSI,174,2,1.0,1.0
block6,no_attn,actor_1023_statement_DFA,1023,DFA,174,2,1.0,1.0
block6,no_attn,actor_1023_statement_IOM,1023,IOM,174,2,1.0,1.0
block6,no_attn,actor_1023_statement_ITH,1023,ITH,174,2,1.0,1.0
block6,no_attn,actor_1023_statement_ITS,1023,ITS,174,2,1.0,1.0
block6,no_attn,actor_1023_statement_IWL,1023,IWL,174,2,1.0,1.0
block6,no_attn,actor_1023_statement_IWW,1023,IWW,174,2,1.0,1.0
block6,no_attn,actor_1023_statement_MTI,1023,MTI,174,2,1.0,1.0
block6,no_attn,actor_1023_statement_TAI,1023,TAI,174,2,0.5,1.0
block6,no_attn,actor_1023_statement_TIE,1023,TIE,174,2,1.0,1.0
block6,no_attn,actor_1023_statement_TSI,1023,TSI,174,2,1.0,1.0
block6,no_attn,actor_1023_statement_WSI,1023,WSI,174,2,1.0,1.0
block6,no_attn,actor_1024_statement_DFA,1024,DFA,174,2,0.5,1.0
block6,no_attn,actor_1024_statement_IOM,1024,IOM,174,2,1.0,1.0
block6,no_attn,actor_1024_statement_ITH,1024,ITH,174,2,1.0,1.0
block6,no_attn,actor_1024_statement_ITS,1024,ITS,174,2,1.0,1.0
block6,no_attn,actor_1024_statement_IWL,1024,IWL,174,2,1.0,1.0
block6,no_attn,actor_1024_statement_IWW,1024,IWW,174,2,0.5,1.0
block6,no_attn,actor_1024_statement_MTI,1024,MTI,174,2,1.0,1.0
block6,no_attn,actor_1024_statement_TAI,1024,TAI,174,2,1.0,1.0
block6,no_attn,actor_1024_statement_TIE,1024,TIE,174,2,1.0,1.0
block6,no_attn,actor_1024_statement_TSI,1024,TSI,174,2,1.0,1.0
block6,no_attn,actor_1024_statement_WSI,1024,WSI,174,2,1.0,1.0
block6,no_attn,actor_1025_statement_DFA,1025,DFA,174,2,1.0,1.0
block6,no_attn,actor_1025_statement_IOM,1025,IOM,174,2,0.5,1.0
block6,no_attn,actor_1025_statement_ITH,1025,ITH,174,2,1.0,1.0
block6,no_attn,actor_1025_statement_ITS,1025,ITS,174,2,0.5,1.0
block6,no_attn,actor_1025_statement_IWL,1025,IWL,174,2,1.0,1.0
block6,no_attn,actor_1025_statement_IWW,1025,IWW,174,2,1.0,1.0
block6,no_attn,actor_1025_statement_MTI,1025,MTI,174,2,1.0,1.0
block6,no_attn,actor_1025_statement_TAI,1025,TAI,174,2,1.0,1.0
block6,no_attn,actor_1025_statement_TIE,1025,TIE,174,2,0.5,1.0
block6,no_attn,actor_1025_statement_TSI,1025,TSI,174,2,1.0,1.0
block6,no_attn,actor_1025_statement_WSI,1025,WSI,174,2,1.0,1.0
block6,no_attn,actor_1026_statement_DFA,1026,DFA,174,2,1.0,1.0
block6,no_attn,actor_1026_statement_IOM,1026,IOM,174,2,1.0,1.0
block6,no_attn,actor_1026_statement_ITH,1026,ITH,174,2,1.0,1.0
block6,no_attn,actor_1026_statement_ITS,1026,ITS,174,2,1.0,1.0
block6,no_attn,actor_1026_statement_IWL,1026,IWL,174,2,1.0,1.0
block6,no_attn,actor_1026_statement_IWW,1026,IWW,174,2,1.0,1.0
block6,no_attn,actor_1026_statement_MTI,1026,MTI,174,2,1.0,1.0
block6,no_attn,actor_1026_statement_TAI,1026,TAI,174,2,1.0,1.0
block6,no_attn,actor_1026_statement_TIE,1026,TIE,174,2,0.5,1.0
block6,no_attn,actor_1026_statement_TSI,1026,TSI,174,2,1.0,1.0
block6,no_attn,actor_1026_statement_WSI,1026,WSI,174,2,1.0,1.0
block6,no_attn,actor_1027_statement_DFA,1027,DFA,174,2,1.0,1.0
block6,no_attn,actor_1027_statement_IOM,1027,IOM,174,2,1.0,1.0
block6,no_attn,actor_1027_statement_ITH,1027,ITH,174,2,1.0,1.0
block6,no_attn,actor_1027_statement_ITS,1027,ITS,174,2,1.0,1.0
block6,no_attn,actor_1027_statement_IWL,1027,IWL,174,2,1.0,1.0
block6,no_attn,actor_1027_statement_IWW,1027,IWW,174,2,1.0,1.0
block6,no_attn,actor_1027_statement_MTI,1027,MTI,174,2,1.0,1.0
block6,no_attn,actor_1027_statement_TAI,1027,TAI,174,2,1.0,1.0
block6,no_attn,actor_1027_statement_TIE,1027,TIE,174,2,0.0,0.0
block6,no_attn,actor_1027_statement_TSI,1027,TSI,174,2,1.0,1.0
block6,no_attn,actor_1027_statement_WSI,1027,WSI,174,2,1.0,1.0
block6,no_attn,actor_1028_statement_DFA,1028,DFA,174,2,1.0,1.0
block6,no_attn,actor_1028_statement_IOM,1028,IOM,174,2,0.5,1.0
block6,no_attn,actor_1028_statement_ITH,1028,ITH,174,2,0.5,1.0
block6,no_attn,actor_1028_statement_ITS,1028,ITS,174,2,1.0,1.0
block6,no_attn,actor_1028_statement_IWL,1028,IWL,174,2,1.0,1.0
block6,no_attn,actor_1028_statement_IWW,1028,IWW,174,2,0.5,1.0
block6,no_attn,actor_1028_statement_MTI,1028,MTI,174,2,1.0,1.0
block6,no_attn,actor_1028_statement_TAI,1028,TAI,174,2,1.0,1.0
block6,no_attn,actor_1028_statement_TIE,1028,TIE,174,2,1.0,1.0
block6,no_attn,actor_1028_statement_TSI,1028,TSI,174,2,0.5,1.0
block6,no_attn,actor_1028_statement_WSI,1028,WSI,174,2,1.0,1.0
block6,no_attn,actor_1029_statement_DFA,1029,DFA,174,2,0.5,1.0
block6,no_attn,actor_1029_statement_IOM,1029,IOM,174,2,1.0,1.0
block6,no_attn,actor_1029_statement_ITH,1029,ITH,174,2,0.5,1.0
block6,no_attn,actor_1029_statement_ITS,1029,ITS,174,2,1.0,1.0
block6,no_attn,actor_1029_statement_IWL,1029,IWL,174,2,1.0,1.0
block6,no_attn,actor_1029_statement_IWW,1029,IWW,174,2,1.0,1.0
block6,no_attn,actor_1029_statement_MTI,1029,MTI,174,2,0.5,1.0
block6,no_attn,actor_1029_statement_TAI,1029,TAI,174,2,1.0,1.0
block6,no_attn,actor_1029_statement_TIE,1029,TIE,174,2,1.0,1.0
block6,no_attn,actor_1029_statement_TSI,1029,TSI,174,2,0.5,1.0
block6,no_attn,actor_1029_statement_WSI,1029,WSI,174,2,1.0,1.0
block6,no_attn,actor_1030_statement_DFA,1030,DFA,174,2,0.5,1.0
block6,no_attn,actor_1030_statement_IOM,1030,IOM,174,2,1.0,1.0
block6,no_attn,actor_1030_statement_ITH,1030,ITH,174,2,1.0,1.0
block6,no_attn,actor_1030_statement_ITS,1030,ITS,174,2,1.0,1.0
block6,no_attn,actor_1030_statement_IWL,1030,IWL,174,2,1.0,1.0
block6,no_attn,actor_1030_statement_IWW,1030,IWW,174,2,1.0,1.0
block6,no_attn,actor_1030_statement_MTI,1030,MTI,174,2,1.0,1.0
block6,no_attn,actor_1030_statement_TAI,1030,TAI,174,2,1.0,1.0
block6,no_attn,actor_1030_statement_TIE,1030,TIE,174,2,1.0,1.0
block6,no_attn,actor_1030_statement_TSI,1030,TSI,174,2,1.0,1.0
block6,no_attn,actor_1030_statement_WSI,1030,WSI,174,2,0.5,1.0
block6,no_attn,actor_1031_statement_DFA,1031,DFA,174,2,0.5,1.0
block6,no_attn,actor_1031_statement_IOM,1031,IOM,174,2,0.5,1.0
block6,no_attn,actor_1031_statement_ITH,1031,ITH,174,2,0.5,1.0
block6,no_attn,actor_1031_statement_ITS,1031,ITS,174,2,1.0,1.0
block6,no_attn,actor_1031_statement_IWL,1031,IWL,174,2,1.0,1.0
block6,no_attn,actor_1031_statement_IWW,1031,IWW,174,2,1.0,1.0
block6,no_attn,actor_1031_statement_MTI,1031,MTI,174,2,1.0,1.0
block6,no_attn,actor_1031_statement_TAI,1031,TAI,174,2,0.5,0.0
block6,no_attn,actor_1031_statement_TIE,1031,TIE,174,2,1.0,1.0
block6,no_attn,actor_1031_statement_TSI,1031,TSI,174,2,0.5,1.0
block6,no_attn,actor_1031_statement_WSI,1031,WSI,174,2,1.0,1.0
block6,no_attn,actor_1032_statement_DFA,1032,DFA,174,2,1.0,1.0
block6,no_attn,actor_1032_statement_IOM,1032,IOM,174,2,0.5,0.0
block6,no_attn,actor_1032_statement_ITH,1032,ITH,174,2,1.0,1.0
block6,no_attn,actor_1032_statement_ITS,1032,ITS,174,2,1.0,1.0
block6,no_attn,actor_1032_statement_IWL,1032,IWL,174,2,1.0,1.0
block6,no_attn,actor_1032_statement_IWW,1032,IWW,174,2,1.0,1.0
block6,no_attn,actor_1032_statement_MTI,1032,MTI,174,2,1.0,1.0
block6,no_attn,actor_1032_statement_TAI,1032,TAI,174,2,0.5,1.0
block6,no_attn,actor_1032_statement_TIE,1032,TIE,174,2,1.0,1.0
block6,no_attn,actor_1032_statement_TSI,1032,TSI,174,2,1.0,1.0
block6,no_attn,actor_1032_statement_WSI,1032,WSI,174,2,1.0,1.0
block6,no_attn,actor_1033_statement_DFA,1033,DFA,174,2,1.0,1.0
block6,no_attn,actor_1033_statement_IOM,1033,IOM,174,2,1.0,1.0
block6,no_attn,actor_1033_statement_ITH,1033,ITH,174,2,0.5,1.0
block6,no_attn,actor_1033_statement_ITS,1033,ITS,174,2,1.0,1.0
block6,no_attn,actor_1033_statement_IWL,1033,IWL,174,2,1.0,1.0
block6,no_attn,actor_1033_statement_IWW,1033,IWW,174,2,1.0,1.0
block6,no_attn,actor_1033_statement_MTI,1033,MTI,174,2,0.5,1.0
block6,no_attn,actor_1033_statement_TAI,1033,TAI,174,2,1.0,1.0
block6,no_attn,actor_1033_statement_TIE,1033,TIE,174,2,1.0,1.0
block6,no_attn,actor_1033_statement_TSI,1033,TSI,174,2,1.0,1.0
block6,no_attn,actor_1033_statement_WSI,1033,WSI,174,2,1.0,1.0
block6,no_attn,actor_1034_statement_DFA,1034,DFA,174,2,1.0,1.0
block6,no_attn,actor_1034_statement_IOM,1034,IOM,174,2,1.0,1.0
block6,no_attn,actor_1034_statement_ITH,1034,ITH,174,2,1.0,1.0
block6,no_attn,actor_1034_statement_ITS,1034,ITS,174,2,1.0,1.0
block6,no_attn,actor_1034_statement_IWL,1034,IWL,174,2,0.5,1.0
block6,no_attn,actor_1034_statement_IWW,1034,IWW,174,2,1.0,1.0
block6,no_attn,actor_1034_statement_MTI,1034,MTI,174,2,0.5,1.0
block6,no_attn,actor_1034_statement_TAI,1034,TAI,174,2,1.0,1.0
block6,no_attn,actor_1034_statement_TIE,1034,TIE,174,2,1.0,1.0
block6,no_attn,actor_1034_statement_TSI,1034,TSI,174,2,0.5,1.0
block6,no_attn,actor_1034_statement_WSI,1034,WSI,174,2,1.0,1.0
block6,no_attn,actor_1035_statement_DFA,1035,DFA,174,2,1.0,1.0
block6,no_attn,actor_1035_statement_IOM,1035,IOM,174,2,1.0,1.0
block6,no_attn,actor_1035_statement_ITH,1035,ITH,174,2,1.0,1.0
block6,no_attn,actor_1035_statement_ITS,1035,ITS,174,2,0.5,1.0
block6,no_attn,actor_1035_statement_IWL,1035,IWL,174,2,0.5,0.0
block6,no_attn,actor_1035_statement_IWW,1035,IWW,174,2,1.0,1.0
block6,no_attn,actor_1035_statement_MTI,1035,MTI,174,2,1.0,1.0
block6,no_attn,actor_1035_statement_TAI,1035,TAI,174,2,1.0,1.0
block6,no_attn,actor_1035_statement_TIE,1035,TIE,174,2,0.5,1.0
block6,no_attn,actor_1035_statement_TSI,1035,TSI,174,2,1.0,1.0
block6,no_attn,actor_1035_statement_WSI,1035,WSI,174,2,1.0,1.0
block6,no_attn,actor_1036_statement_DFA,1036,DFA,174,2,0.5,1.0
block6,no_attn,actor_1036_statement_IOM,1036,IOM,174,2,0.0,0.0
block6,no_attn,actor_1036_statement_ITH,1036,ITH,174,2,0.5,1.0
block6,no_attn,actor_1036_statement_ITS,1036,ITS,174,2,0.5,1.0
block6,no_attn,actor_1036_statement_IWL,1036,IWL,174,2,0.5,1.0
block6,no_attn,actor_1036_statement_IWW,1036,IWW,174,2,1.0,1.0
block6,no_attn,actor_1036_statement_MTI,1036,MTI,174,2,1.0,1.0
block6,no_attn,actor_1036_statement_TAI,1036,TAI,174,2,0.5,1.0
block6,no_attn,actor_1036_statement_TIE,1036,TIE,174,2,1.0,1.0
block6,no_attn,actor_1036_statement_TSI,1036,TSI,174,2,0.5,0.0
block6,no_attn,actor_1036_statement_WSI,1036,WSI,174,2,0.5,1.0
block6,no_attn,actor_1037_statement_DFA,1037,DFA,174,2,1.0,1.0
block6,no_attn,actor_1037_statement_IOM,1037,IOM,174,2,1.0,1.0
block6,no_attn,actor_1037_statement_ITH,1037,ITH,174,2,1.0,1.0
block6,no_attn,actor_1037_statement_ITS,1037,ITS,174,2,1.0,1.0
block6,no_attn,actor_1037_statement_IWL,1037,IWL,174,2,1.0,1.0
block6,no_attn,actor_1037_statement_IWW,1037,IWW,174,2,0.5,0.0
block6,no_attn,actor_1037_statement_MTI,1037,MTI,174,2,1.0,1.0
block6,no_attn,actor_1037_statement_TAI,1037,TAI,174,2,0.5,1.0
block6,no_attn,actor_1037_statement_TIE,1037,TIE,174,2,1.0,1.0
block6,no_attn,actor_1037_statement_TSI,1037,TSI,174,2,1.0,1.0
block6,no_attn,actor_1037_statement_WSI,1037,WSI,174,2,1.0,1.0
block6,no_attn,actor_1038_statement_DFA,1038,DFA,174,2,1.0,1.0
block6,no_attn,actor_1038_statement_IOM,1038,IOM,174,2,1.0,1.0
block6,no_attn,actor_1038_statement_ITH,1038,ITH,174,2,1.0,1.0
block6,no_attn,actor_1038_statement_ITS,1038,ITS,174,2,1.0,1.0
block6,no_attn,actor_1038_statement_IWL,1038,IWL,174,2,1.0,1.0
block6,no_attn,actor_1038_statement_IWW,1038,IWW,174,2,0.5,1.0
block6,no_attn,actor_1038_statement_MTI,1038,MTI,174,2,0.5,1.0
block6,no_attn,actor_1038_statement_TAI,1038,TAI,174,2,0.5,1.0
block6,no_attn,actor_1038_statement_TIE,1038,TIE,174,2,1.0,1.0
block6,no_attn,actor_1038_statement_TSI,1038,TSI,174,2,1.0,1.0
block6,no_attn,actor_1038_statement_WSI,1038,WSI,174,2,1.0,1.0
block6,no_attn,actor_1039_statement_DFA,1039,DFA,174,2,1.0,1.0
block6,no_attn,actor_1039_statement_IOM,1039,IOM,174,2,1.0,1.0
block6,no_attn,actor_1039_statement_ITH,1039,ITH,174,2,1.0,1.0
block6,no_attn,actor_1039_statement_ITS,1039,ITS,174,2,1.0,1.0
block6,no_attn,actor_1039_statement_IWL,1039,IWL,174,2,1.0,1.0
block6,no_attn,actor_1039_statement_IWW,1039,IWW,174,2,1.0,1.0
block6,no_attn,actor_1039_statement_MTI,1039,MTI,174,2,1.0,1.0
block6,no_attn,actor_1039_statement_TAI,1039,TAI,174,2,1.0,1.0
block6,no_attn,actor_1039_statement_TIE,1039,TIE,174,2,1.0,1.0
block6,no_attn,actor_1039_statement_TSI,1039,TSI,174,2,1.0,1.0
block6,no_attn,actor_1039_statement_WSI,1039,WSI,174,2,1.0,1.0
block6,no_attn,actor_1040_statement_DFA,1040,DFA,174,2,1.0,1.0
block6,no_attn,actor_1040_statement_IOM,1040,IOM,174,2,0.5,1.0
block6,no_attn,actor_1040_statement_ITH,1040,ITH,174,2,0.5,1.0
block6,no_attn,actor_1040_statement_ITS,1040,ITS,174,2,1.0,1.0
block6,no_attn,actor_1040_statement_IWL,1040,IWL,174,2,1.0,1.0
block6,no_attn,actor_1040_statement_IWW,1040,IWW,174,2,0.5,1.0
block6,no_attn,actor_1040_statement_MTI,1040,MTI,174,2,1.0,1.0
block6,no_attn,actor_1040_statement_TAI,1040,TAI,174,2,1.0,1.0
block6,no_attn,actor_1040_statement_TIE,1040,TIE,174,2,1.0,1.0
block6,no_attn,actor_1040_statement_TSI,1040,TSI,174,2,1.0,1.0
block6,no_attn,actor_1040_statement_WSI,1040,WSI,174,2,0.5,1.0
block6,no_attn,actor_1041_statement_DFA,1041,DFA,174,2,1.0,1.0
block6,no_attn,actor_1041_statement_IOM,1041,IOM,174,2,1.0,1.0
block6,no_attn,actor_1041_statement_ITH,1041,ITH,174,2,1.0,1.0
block6,no_attn,actor_1041_statement_ITS,1041,ITS,174,2,1.0,1.0
block6,no_attn,actor_1041_statement_IWL,1041,IWL,174,2,1.0,1.0
block6,no_attn,actor_1041_statement_IWW,1041,IWW,174,2,0.5,1.0
block6,no_attn,actor_1041_statement_MTI,1041,MTI,174,2,1.0,1.0
block6,no_attn,actor_1041_statement_TAI,1041,TAI,174,2,1.0,1.0
block6,no_attn,actor_1041_statement_TIE,1041,TIE,174,2,1.0,1.0
block6,no_attn,actor_1041_statement_TSI,1041,TSI,174,2,1.0,1.0
block6,no_attn,actor_1041_statement_WSI,1041,WSI,174,2,1.0,1.0
block6,no_attn,actor_1042_statement_DFA,1042,DFA,174,2,1.0,1.0
block6,no_attn,actor_1042_statement_IOM,1042,IOM,174,2,1.0,1.0
block6,no_attn,actor_1042_statement_ITH,1042,ITH,174,2,1.0,1.0
block6,no_attn,actor_1042_statement_ITS,1042,ITS,174,2,0.5,1.0
block6,no_attn,actor_1042_statement_IWL,1042,IWL,174,2,0.5,1.0
block6,no_attn,actor_1042_statement_IWW,1042,IWW,174,2,1.0,1.0
block6,no_attn,actor_1042_statement_MTI,1042,MTI,174,2,0.5,1.0
block6,no_attn,actor_1042_statement_TAI,1042,TAI,174,2,0.5,1.0
block6,no_attn,actor_1042_statement_TIE,1042,TIE,174,2,1.0,1.0
block6,no_attn,actor_1042_statement_TSI,1042,TSI,174,2,0.5,1.0
block6,no_attn,actor_1042_statement_WSI,1042,WSI,174,2,1.0,1.0
block6,no_attn,actor_1043_statement_DFA,1043,DFA,174,2,1.0,1.0
block6,no_attn,actor_1043_statement_IOM,1043,IOM,174,2,1.0,1.0
block6,no_attn,actor_1043_statement_ITH,1043,ITH,174,2,1.0,1.0
block6,no_attn,actor_1043_statement_ITS,1043,ITS,174,2,1.0,1.0
block6,no_attn,actor_1043_statement_IWL,1043,IWL,174,2,0.5,1.0
block6,no_attn,actor_1043_statement_IWW,1043,IWW,174,2,1.0,1.0
block6,no_attn,actor_1043_statement_MTI,1043,MTI,174,2,1.0,1.0
block6,no_attn,actor_1043_statement_TAI,1043,TAI,174,2,1.0,1.0
block6,no_attn,actor_1043_statement_TIE,1043,TIE,174,2,1.0,1.0
block6,no_attn,actor_1043_statement_TSI,1043,TSI,174,2,1.0,1.0
block6,no_attn,actor_1043_statement_WSI,1043,WSI,174,2,0.5,1.0
block6,no_attn,actor_1044_statement_DFA,1044,DFA,174,2,1.0,1.0
block6,no_attn,actor_1044_statement_IOM,1044,IOM,174,2,1.0,1.0
block6,no_attn,actor_1044_statement_ITH,1044,ITH,174,2,1.0,1.0
block6,no_attn,actor_1044_statement_ITS,1044,ITS,174,2,1.0,1.0
block6,no_attn,actor_1044_statement_IWL,1044,IWL,174,2,1.0,1.0
block6,no_attn,actor_1044_statement_IWW,1044,IWW,174,2,0.5,1.0
block6,no_attn,actor_1044_statement_MTI,1044,MTI,174,2,1.0,1.0
block6,no_attn,actor_1044_statement_TAI,1044,TAI,174,2,1.0,1.0
block6,no_attn,actor_1044_statement_TIE,1044,TIE,174,2,1.0,1.0
block6,no_attn,actor_1044_statement_TSI,1044,TSI,174,2,0.5,1.0
block6,no_attn,actor_1044_statement_WSI,1044,WSI,174,2,1.0,1.0
block6,no_attn,actor_1045_statement_DFA,1045,DFA,174,2,1.0,1.0
block6,no_attn,actor_1045_statement_IOM,1045,IOM,174,2,1.0,1.0
block6,no_attn,actor_1045_statement_ITH,1045,ITH,174,2,1.0,1.0
block6,no_attn,actor_1045_statement_ITS,1045,ITS,174,2,1.0,1.0
block6,no_attn,actor_1045_statement_IWL,1045,IWL,174,2,1.0,1.0
block6,no_attn,actor_1045_statement_IWW,1045,IWW,174,2,1.0,1.0
block6,no_attn,actor_1045_statement_MTI,1045,MTI,174,2,1.0,1.0
block6,no_attn,actor_1045_statement_TAI,1045,TAI,174,2,1.0,1.0
block6,no_attn,actor_1045_statement_TIE,1045,TIE,174,2,0.5,1.0
block6,no_attn,actor_1045_statement_TSI,1045,TSI,174,2,1.0,1.0
block6,no_attn,actor_1045_statement_WSI,1045,WSI,174,2,1.0,1.0
block6,no_attn,actor_1046_statement_DFA,1046,DFA,174,2,1.0,1.0
block6,no_attn,actor_1046_statement_IOM,1046,IOM,174,2,1.0,1.0
block6,no_attn,actor_1046_statement_ITH,1046,ITH,174,2,0.5,0.0
block6,no_attn,actor_1046_statement_ITS,1046,ITS,174,2,1.0,1.0
block6,no_attn,actor_1046_statement_IWL,1046,IWL,174,2,1.0,1.0
block6,no_attn,actor_1046_statement_IWW,1046,IWW,174,2,1.0,1.0
block6,no_attn,actor_1046_statement_MTI,1046,MTI,174,2,0.5,0.0
block6,no_attn,actor_1046_statement_TAI,1046,TAI,174,2,1.0,1.0
block6,no_attn,actor_1046_statement_TIE,1046,TIE,174,2,0.5,1.0
block6,no_attn,actor_1046_statement_TSI,1046,TSI,174,2,1.0,1.0
block6,no_attn,actor_1046_statement_WSI,1046,WSI,174,2,1.0,1.0
block6,no_attn,actor_1047_statement_DFA,1047,DFA,174,2,1.0,1.0
block6,no_attn,actor_1047_statement_IOM,1047,IOM,174,2,0.5,1.0
block6,no_attn,actor_1047_statement_ITH,1047,ITH,174,2,1.0,1.0
block6,no_attn,actor_1047_statement_ITS,1047,ITS,174,2,1.0,1.0
block6,no_attn,actor_1047_statement_IWL,1047,IWL,174,2,1.0,1.0
block6,no_attn,actor_1047_statement_IWW,1047,IWW,174,2,1.0,1.0
block6,no_attn,actor_1047_statement_MTI,1047,MTI,174,2,1.0,1.0
block6,no_attn,actor_1047_statement_TAI,1047,TAI,174,2,1.0,1.0
block6,no_attn,actor_1047_statement_TIE,1047,TIE,174,2,1.0,1.0
block6,no_attn,actor_1047_statement_TSI,1047,TSI,174,2,1.0,1.0
block6,no_attn,actor_1047_statement_WSI,1047,WSI,174,2,1.0,1.0
block6,no_attn,actor_1048_statement_DFA,1048,DFA,174,2,1.0,1.0
block6,no_attn,actor_1048_statement_IOM,1048,IOM,174,2,1.0,1.0
block6,no_attn,actor_1048_statement_ITH,1048,ITH,174,2,1.0,1.0
block6,no_attn,actor_1048_statement_ITS,1048,ITS,174,2,1.0,1.0
block6,no_attn,actor_1048_statement_IWL,1048,IWL,174,2,0.5,1.0
block6,no_attn,actor_1048_statement_IWW,1048,IWW,174,2,1.0,1.0
block6,no_attn,actor_1048_statement_MTI,1048,MTI,174,2,1.0,1.0
block6,no_attn,actor_1048_statement_TAI,1048,TAI,174,2,1.0,1.0
block6,no_attn,actor_1048_statement_TIE,1048,TIE,174,2,1.0,1.0
block6,no_attn,actor_1048_statement_TSI,1048,TSI,174,2,1.0,1.0
block6,no_attn,actor_1048_statement_WSI,1048,WSI,174,2,1.0,1.0
block6,no_attn,actor_1049_statement_DFA,1049,DFA,174,2,1.0,1.0
block6,no_attn,actor_1049_statement_IOM,1049,IOM,174,2,1.0,1.0
block6,no_attn,actor_1049_statement_ITH,1049,ITH,174,2,1.0,1.0
block6,no_attn,actor_1049_statement_ITS,1049,ITS,174,2,1.0,1.0
block6,no_attn,actor_1049_statement_IWL,1049,IWL,174,2,1.0,1.0
block6,no_attn,actor_1049_statement_IWW,1049,IWW,174,2,1.0,1.0
block6,no_attn,actor_1049_statement_MTI,1049,MTI,174,2,0.5,1.0
block6,no_attn,actor_1049_statement_TAI,1049,TAI,174,2,1.0,1.0
block6,no_attn,actor_1049_statement_TIE,1049,TIE,174,2,0.5,1.0
block6,no_attn,actor_1049_statement_TSI,1049,TSI,174,2,0.5,1.0
block6,no_attn,actor_1049_statement_WSI,1049,WSI,174,2,1.0,1.0
block6,no_attn,actor_1050_statement_DFA,1050,DFA,174,2,0.5,0.0
block6,no_attn,actor_1050_statement_IOM,1050,IOM,174,2,1.0,1.0
block6,no_attn,actor_1050_statement_ITH,1050,ITH,174,2,0.5,1.0
block6,no_attn,actor_1050_statement_ITS,1050,ITS,174,2,1.0,1.0
block6,no_attn,actor_1050_statement_IWL,1050,IWL,174,2,0.5,1.0
block6,no_attn,actor_1050_statement_IWW,1050,IWW,174,2,1.0,1.0
block6,no_attn,actor_1050_statement_MTI,1050,MTI,174,2,1.0,1.0
block6,no_attn,actor_1050_statement_TAI,1050,TAI,174,2,0.5,1.0
block6,no_attn,actor_1050_statement_TIE,1050,TIE,174,2,1.0,1.0
block6,no_attn,actor_1050_statement_TSI,1050,TSI,174,2,0.5,1.0
block6,no_attn,actor_1050_statement_WSI,1050,WSI,174,2,1.0,1.0
block6,no_attn,actor_1051_statement_DFA,1051,DFA,174,2,1.0,1.0
block6,no_attn,actor_1051_statement_IOM,1051,IOM,174,2,1.0,1.0
block6,no_attn,actor_1051_statement_ITH,1051,ITH,174,2,1.0,1.0
block6,no_attn,actor_1051_statement_ITS,1051,ITS,174,2,1.0,1.0
block6,no_attn,actor_1051_statement_IWL,1051,IWL,174,2,1.0,1.0
block6,no_attn,actor_1051_statement_IWW,1051,IWW,174,2,1.0,1.0
block6,no_attn,actor_1051_statement_MTI,1051,MTI,174,2,1.0,1.0
block6,no_attn,actor_1051_statement_TAI,1051,TAI,174,2,0.5,0.0
block6,no_attn,actor_1051_statement_TIE,1051,TIE,174,2,1.0,1.0
block6,no_attn,actor_1051_statement_TSI,1051,TSI,174,2,0.5,1.0
block6,no_attn,actor_1051_statement_WSI,1051,WSI,174,2,1.0,1.0
block6,no_attn,actor_1052_statement_DFA,1052,DFA,174,2,1.0,1.0
block6,no_attn,actor_1052_statement_IOM,1052,IOM,174,2,1.0,1.0
block6,no_attn,actor_1052_statement_ITH,1052,ITH,174,2,1.0,1.0
block6,no_attn,actor_1052_statement_ITS,1052,ITS,174,2,1.0,1.0
block6,no_attn,actor_1052_statement_IWL,1052,IWL,174,2,1.0,1.0
block6,no_attn,actor_1052_statement_IWW,1052,IWW,174,2,0.5,1.0
block6,no_attn,actor_1052_statement_MTI,1052,MTI,174,2,1.0,1.0
block6,no_attn,actor_1052_statement_TAI,1052,TAI,174,2,1.0,1.0
block6,no_attn,actor_1052_statement_TIE,1052,TIE,174,2,0.5,1.0
block6,no_attn,actor_1052_statement_TSI,1052,TSI,174,2,0.5,1.0
block6,no_attn,actor_1052_statement_WSI,1052,WSI,174,2,1.0,1.0
block6,no_attn,actor_1053_statement_DFA,1053,DFA,174,2,1.0,1.0
block6,no_attn,actor_1053_statement_IOM,1053,IOM,174,2,1.0,1.0
block6,no_attn,actor_1053_statement_ITH,1053,ITH,174,2,1.0,1.0
block6,no_attn,actor_1053_statement_ITS,1053,ITS,174,2,1.0,1.0
block6,no_attn,actor_1053_statement_IWL,1053,IWL,174,2,1.0,1.0
block6,no_attn,actor_1053_statement_IWW,1053,IWW,174,2,1.0,1.0
block6,no_attn,actor_1053_statement_MTI,1053,MTI,174,2,1.0,1.0
block6,no_attn,actor_1053_statement_TAI,1053,TAI,174,2,1.0,1.0
block6,no_attn,actor_1053_statement_TIE,1053,TIE,174,2,1.0,1.0
block6,no_attn,actor_1053_statement_TSI,1053,TSI,174,2,1.0,1.0
block6,no_attn,actor_1053_statement_WSI,1053,WSI,174,2,1.0,1.0
block6,no_attn,actor_1054_statement_DFA,1054,DFA,174,2,1.0,1.0
block6,no_attn,actor_1054_statement_IOM,1054,IOM,174,2,0.0,0.0
block6,no_attn,actor_1054_statement_ITH,1054,ITH,174,2,1.0,1.0
block6,no_attn,actor_1054_statement_ITS,1054,ITS,174,2,1.0,1.0
block6,no_attn,actor_1054_statement_IWL,1054,IWL,174,2,1.0,1.0
block6,no_attn,actor_1054_statement_IWW,1054,IWW,174,2,1.0,1.0
block6,no_attn,actor_1054_statement_MTI,1054,MTI,174,2,0.5,1.0
block6,no_attn,actor_1054_statement_TAI,1054,TAI,174,2,1.0,1.0
block6,no_attn,actor_1054_statement_TIE,1054,TIE,174,2,1.0,1.0
block6,no_attn,actor_1054_statement_TSI,1054,TSI,174,2,0.5,1.0
block6,no_attn,actor_1054_statement_WSI,1054,WSI,174,2,1.0,1.0
block6,no_attn,actor_1055_statement_DFA,1055,DFA,174,2,1.0,1.0
block6,no_attn,actor_1055_statement_IOM,1055,IOM,174,2,1.0,1.0
block6,no_attn,actor_1055_statement_ITH,1055,ITH,174,2,1.0,1.0
block6,no_attn,actor_1055_statement_ITS,1055,ITS,174,2,1.0,1.0
block6,no_attn,actor_1055_statement_IWL,1055,IWL,174,2,1.0,1.0
block6,no_attn,actor_1055_statement_IWW,1055,IWW,174,2,1.0,1.0
block6,no_attn,actor_1055_statement_MTI,1055,MTI,174,2,1.0,1.0
block6,no_attn,actor_1055_statement_TAI,1055,TAI,174,2,1.0,1.0
block6,no_attn,actor_1055_statement_TIE,1055,TIE,174,2,0.5,1.0
block6,no_attn,actor_1055_statement_TSI,1055,TSI,174,2,0.5,1.0
block6,no_attn,actor_1055_statement_WSI,1055,WSI,174,2,1.0,1.0
block6,no_attn,actor_1056_statement_DFA,1056,DFA,174,2,1.0,1.0
block6,no_attn,actor_1056_statement_IOM,1056,IOM,174,2,1.0,1.0
block6,no_attn,actor_1056_statement_ITH,1056,ITH,174,2,1.0,1.0
block6,no_attn,actor_1056_statement_ITS,1056,ITS,174,2,1.0,1.0
block6,no_attn,actor_1056_statement_IWL,1056,IWL,174,2,1.0,1.0
block6,no_attn,actor_1056_statement_IWW,1056,IWW,174,2,1.0,1.0
block6,no_attn,actor_1056_statement_MTI,1056,MTI,174,2,0.5,1.0
block6,no_attn,actor_1056_statement_TAI,1056,TAI,174,2,0.5,1.0
block6,no_attn,actor_1056_statement_TIE,1056,TIE,174,2,1.0,1.0
block6,no_attn,actor_1056_statement_TSI,1056,TSI,174,2,1.0,1.0
block6,no_attn,actor_1056_statement_WSI,1056,WSI,174,2,1.0,1.0
block6,no_attn,actor_1057_statement_DFA,1057,DFA,174,2,0.5,1.0
block6,no_attn,actor_1057_statement_IOM,1057,IOM,174,2,1.0,1.0
block6,no_attn,actor_1057_statement_ITH,1057,ITH,174,2,1.0,1.0
block6,no_attn,actor_1057_statement_ITS,1057,ITS,174,2,0.5,1.0
block6,no_attn,actor_1057_statement_IWL,1057,IWL,174,2,1.0,1.0
block6,no_attn,actor_1057_statement_IWW,1057,IWW,174,2,0.5,1.0
block6,no_attn,actor_1057_statement_MTI,1057,MTI,174,2,1.0,1.0
block6,no_attn,actor_1057_statement_TAI,1057,TAI,174,2,1.0,1.0
block6,no_attn,actor_1057_statement_TIE,1057,TIE,174,2,1.0,1.0
block6,no_attn,actor_1057_statement_TSI,1057,TSI,174,2,1.0,1.0
block6,no_attn,actor_1057_statement_WSI,1057,WSI,174,2,1.0,1.0
block6,no_attn,actor_1058_statement_DFA,1058,DFA,174,2,1.0,1.0
block6,no_attn,actor_1058_statement_IOM,1058,IOM,174,2,1.0,1.0
block6,no_attn,actor_1058_statement_ITH,1058,ITH,174,2,0.5,1.0
block6,no_attn,actor_1058_statement_ITS,1058,ITS,174,2,1.0,1.0
block6,no_attn,actor_1058_statement_IWL,1058,IWL,174,2,1.0,1.0
block6,no_attn,actor_1058_statement_IWW,1058,IWW,174,2,1.0,1.0
block6,no_attn,actor_1058_statement_MTI,1058,MTI,174,2,1.0,1.0
block6,no_attn,actor_1058_statement_TAI,1058,TAI,174,2,1.0,1.0
block6,no_attn,actor_1058_statement_TIE,1058,TIE,174,2,1.0,1.0
block6,no_attn,actor_1058_statement_TSI,1058,TSI,174,2,1.0,1.0
block6,no_attn,actor_1058_statement_WSI,1058,WSI,174,2,1.0,1.0
block6,no_attn,actor_1059_statement_DFA,1059,DFA,174,2,1.0,1.0
block6,no_attn,actor_1059_statement_IOM,1059,IOM,174,2,1.0,1.0
block6,no_attn,actor_1059_statement_ITH,1059,ITH,174,2,1.0,1.0
block6,no_attn,actor_1059_statement_ITS,1059,ITS,174,2,1.0,1.0
block6,no_attn,actor_1059_statement_IWL,1059,IWL,174,2,1.0,1.0
block6,no_attn,actor_1059_statement_IWW,1059,IWW,174,2,1.0,1.0
block6,no_attn,actor_1059_statement_MTI,1059,MTI,174,2,0.5,1.0
block6,no_attn,actor_1059_statement_TAI,1059,TAI,174,2,1.0,1.0
block6,no_attn,actor_1059_statement_TIE,1059,TIE,174,2,0.5,0.0
block6,no_attn,actor_1059_statement_TSI,1059,TSI,174,2,0.5,1.0
block6,no_attn,actor_1059_statement_WSI,1059,WSI,174,2,0.5,1.0
block6,no_attn,actor_1060_statement_DFA,1060,DFA,174,2,0.5,1.0
block6,no_attn,actor_1060_statement_IOM,1060,IOM,174,2,1.0,1.0
block6,no_attn,actor_1060_statement_ITH,1060,ITH,174,2,0.5,1.0
block6,no_attn,actor_1060_statement_ITS,1060,ITS,174,2,1.0,1.0
block6,no_attn,actor_1060_statement_IWL,1060,IWL,174,2,0.5,1.0
block6,no_attn,actor_1060_statement_IWW,1060,IWW,174,2,1.0,1.0
block6,no_attn,actor_1060_statement_MTI,1060,MTI,174,2,0.5,0.0
block6,no_attn,actor_1060_statement_TAI,1060,TAI,174,2,1.0,1.0
block6,no_attn,actor_1060_statement_TIE,1060,TIE,174,2,1.0,1.0
block6,no_attn,actor_1060_statement_TSI,1060,TSI,174,2,1.0,1.0
block6,no_attn,actor_1060_statement_WSI,1060,WSI,174,2,1.0,1.0
block6,no_attn,actor_1061_statement_DFA,1061,DFA,174,2,1.0,1.0
block6,no_attn,actor_1061_statement_IOM,1061,IOM,174,2,1.0,1.0
block6,no_attn,actor_1061_statement_ITH,1061,ITH,174,2,1.0,1.0
block6,no_attn,actor_1061_statement_ITS,1061,ITS,174,2,0.5,1.0
block6,no_attn,actor_1061_statement_IWL,1061,IWL,174,2,0.5,1.0
block6,no_attn,actor_1061_statement_IWW,1061,IWW,174,2,1.0,1.0
block6,no_attn,actor_1061_statement_MTI,1061,MTI,174,2,0.0,0.0
block6,no_attn,actor_1061_statement_TAI,1061,TAI,174,2,0.0,0.0
block6,no_attn,actor_1061_statement_TIE,1061,TIE,174,2,1.0,1.0
block6,no_attn,actor_1061_statement_TSI,1061,TSI,174,2,1.0,1.0
block6,no_attn,actor_1061_statement_WSI,1061,WSI,174,2,1.0,1.0
block6,no_attn,actor_1062_statement_DFA,1062,DFA,174,2,1.0,1.0
block6,no_attn,actor_1062_statement_IOM,1062,IOM,174,2,1.0,1.0
block6,no_attn,actor_1062_statement_ITH,1062,ITH,174,2,1.0,1.0
block6,no_attn,actor_1062_statement_ITS,1062,ITS,174,2,1.0,1.0
block6,no_attn,actor_1062_statement_IWL,1062,IWL,174,2,0.5,1.0
block6,no_attn,actor_1062_statement_IWW,1062,IWW,174,2,0.5,0.0
block6,no_attn,actor_1062_statement_MTI,1062,MTI,174,2,0.5,1.0
block6,no_attn,actor_1062_statement_TAI,1062,TAI,174,2,1.0,1.0
block6,no_attn,actor_1062_statement_TIE,1062,TIE,174,2,1.0,1.0
block6,no_attn,actor_1062_statement_TSI,1062,TSI,174,2,0.5,1.0
block6,no_attn,actor_1062_statement_WSI,1062,WSI,174,2,1.0,1.0
block6,no_attn,actor_1063_statement_DFA,1063,DFA,174,2,1.0,1.0
block6,no_attn,actor_1063_statement_IOM,1063,IOM,174,2,1.0,1.0
block6,no_attn,actor_1063_statement_ITH,1063,ITH,174,2,1.0,1.0
block6,no_attn,actor_1063_statement_ITS,1063,ITS,174,2,1.0,1.0
block6,no_attn,actor_1063_statement_IWL,1063,IWL,174,2,1.0,1.0
block6,no_attn,actor_1063_statement_IWW,1063,IWW,174,2,1.0,1.0
block6,no_attn,actor_1063_statement_MTI,1063,MTI,174,2,0.5,1.0
block6,no_attn,actor_1063_statement_TAI,1063,TAI,174,2,1.0,1.0
block6,no_attn,actor_1063_statement_TIE,1063,TIE,174,2,1.0,1.0
block6,no_attn,actor_1063_statement_TSI,1063,TSI,174,2,0.5,1.0
block6,no_attn,actor_1063_statement_WSI,1063,WSI,174,2,1.0,1.0
block6,no_attn,actor_1064_statement_DFA,1064,DFA,174,2,1.0,1.0
block6,no_attn,actor_1064_statement_IOM,1064,IOM,174,2,1.0,1.0
block6,no_attn,actor_1064_statement_ITH,1064,ITH,174,2,1.0,1.0
block6,no_attn,actor_1064_statement_ITS,1064,ITS,174,2,0.5,1.0
block6,no_attn,actor_1064_statement_IWL,1064,IWL,174,2,0.5,1.0
block6,no_attn,actor_1064_statement_IWW,1064,IWW,174,2,0.5,1.0
block6,no_attn,actor_1064_statement_MTI,1064,MTI,174,2,1.0,1.0
block6,no_attn,actor_1064_statement_TAI,1064,TAI,174,2,0.5,1.0
block6,no_attn,actor_1064_statement_TIE,1064,TIE,174,2,1.0,1.0
block6,no_attn,actor_1064_statement_TSI,1064,TSI,174,2,1.0,1.0
block6,no_attn,actor_1064_statement_WSI,1064,WSI,174,2,0.5,1.0
block6,no_attn,actor_1065_statement_DFA,1065,DFA,174,2,1.0,1.0
block6,no_attn,actor_1065_statement_IOM,1065,IOM,174,2,0.5,1.0
block6,no_attn,actor_1065_statement_ITH,1065,ITH,174,2,1.0,1.0
block6,no_attn,actor_1065_statement_ITS,1065,ITS,174,2,1.0,1.0
block6,no_attn,actor_1065_statement_IWL,1065,IWL,174,2,1.0,1.0
block6,no_attn,actor_1065_statement_IWW,1065,IWW,174,2,1.0,1.0
block6,no_attn,actor_1065_statement_MTI,1065,MTI,174,2,1.0,1.0
block6,no_attn,actor_1065_statement_TAI,1065,TAI,174,2,0.5,1.0
block6,no_attn,actor_1065_statement_TIE,1065,TIE,174,2,0.5,1.0
block6,no_attn,actor_1065_statement_TSI,1065,TSI,174,2,1.0,1.0
block6,no_attn,actor_1065_statement_WSI,1065,WSI,174,2,0.5,1.0
block6,no_attn,actor_1066_statement_DFA,1066,DFA,174,2,1.0,1.0
block6,no_attn,actor_1066_statement_IOM,1066,IOM,174,2,1.0,1.0
block6,no_attn,actor_1066_statement_ITH,1066,ITH,174,2,1.0,1.0
block6,no_attn,actor_1066_statement_ITS,1066,ITS,174,2,1.0,1.0
block6,no_attn,actor_1066_statement_IWL,1066,IWL,174,2,0.5,1.0
block6,no_attn,actor_1066_statement_IWW,1066,IWW,174,2,0.5,1.0
block6,no_attn,actor_1066_statement_MTI,1066,MTI,174,2,1.0,1.0
block6,no_attn,actor_1066_statement_TAI,1066,TAI,174,2,1.0,1.0
block6,no_attn,actor_1066_statement_TIE,1066,TIE,174,2,1.0,1.0
block6,no_attn,actor_1066_statement_TSI,1066,TSI,174,2,1.0,1.0
block6,no_attn,actor_1066_statement_WSI,1066,WSI,174,2,0.5,1.0
block6,no_attn,actor_1067_statement_DFA,1067,DFA,174,2,0.5,1.0
block6,no_attn,actor_1067_statement_IOM,1067,IOM,174,2,1.0,1.0
block6,no_attn,actor_1067_statement_ITH,1067,ITH,174,2,1.0,1.0
block6,no_attn,actor_1067_statement_ITS,1067,ITS,174,2,0.5,1.0
block6,no_attn,actor_1067_statement_IWL,1067,IWL,174,2,0.5,0.0
block6,no_attn,actor_1067_statement_IWW,1067,IWW,174,2,0.5,0.0
block6,no_attn,actor_1067_statement_MTI,1067,MTI,174,2,1.0,1.0
block6,no_attn,actor_1067_statement_TAI,1067,TAI,174,2,0.5,0.0
block6,no_attn,actor_1067_statement_TIE,1067,TIE,174,2,0.5,0.0
block6,no_attn,actor_1067_statement_TSI,1067,TSI,174,2,0.5,1.0
block6,no_attn,actor_1067_statement_WSI,1067,WSI,174,2,0.5,1.0
block6,no_attn,actor_1068_statement_DFA,1068,DFA,174,2,0.5,1.0
block6,no_attn,actor_1068_statement_IOM,1068,IOM,174,2,1.0,1.0
block6,no_attn,actor_1068_statement_ITH,1068,ITH,174,2,1.0,1.0
block6,no_attn,actor_1068_statement_ITS,1068,ITS,174,2,1.0,1.0
block6,no_attn,actor_1068_statement_IWL,1068,IWL,174,2,1.0,1.0
block6,no_attn,actor_1068_statement_IWW,1068,IWW,174,2,1.0,1.0
block6,no_attn,actor_1068_statement_MTI,1068,MTI,174,2,1.0,1.0
block6,no_attn,actor_1068_statement_TAI,1068,TAI,174,2,1.0,1.0
block6,no_attn,actor_1068_statement_TIE,1068,TIE,174,2,1.0,1.0
block6,no_attn,actor_1068_statement_TSI,1068,TSI,174,2,1.0,1.0
block6,no_attn,actor_1068_statement_WSI,1068,WSI,174,2,1.0,1.0
block6,no_attn,actor_1069_statement_DFA,1069,DFA,174,2,1.0,1.0
block6,no_attn,actor_1069_statement_IOM,1069,IOM,174,2,1.0,1.0
block6,no_attn,actor_1069_statement_ITH,1069,ITH,174,2,0.5,1.0
block6,no_attn,actor_1069_statement_ITS,1069,ITS,174,2,1.0,1.0
block6,no_attn,actor_1069_statement_IWL,1069,IWL,174,2,1.0,1.0
block6,no_attn,actor_1069_statement_IWW,1069,IWW,174,2,1.0,1.0
block6,no_attn,actor_1069_statement_MTI,1069,MTI,174,2,0.5,1.0
block6,no_attn,actor_1069_statement_TAI,1069,TAI,174,2,1.0,1.0
block6,no_attn,actor_1069_statement_TIE,1069,TIE,174,2,1.0,1.0
block6,no_attn,actor_1069_statement_TSI,1069,TSI,174,2,0.5,1.0
block6,no_attn,actor_1069_statement_WSI,1069,WSI,174,2,1.0,1.0
block6,no_attn,actor_1070_statement_DFA,1070,DFA,174,2,1.0,1.0
block6,no_attn,actor_1070_statement_IOM,1070,IOM,174,2,0.5,1.0
block6,no_attn,actor_1070_statement_ITH,1070,ITH,174,2,1.0,1.0
block6,no_attn,actor_1070_statement_ITS,1070,ITS,174,2,1.0,1.0
block6,no_attn,actor_1070_statement_IWL,1070,IWL,174,2,0.5,1.0
block6,no_attn,actor_1070_statement_IWW,1070,IWW,174,2,1.0,1.0
block6,no_attn,actor_1070_statement_MTI,1070,MTI,174,2,1.0,1.0
block6,no_attn,actor_1070_statement_TAI,1070,TAI,174,2,0.5,1.0
block6,no_attn,actor_1070_statement_TIE,1070,TIE,174,2,1.0,1.0
block6,no_attn,actor_1070_statement_TSI,1070,TSI,174,2,0.5,1.0
block6,no_attn,actor_1070_statement_WSI,1070,WSI,174,2,0.5,1.0
block6,no_attn,actor_1071_statement_DFA,1071,DFA,174,2,1.0,1.0
block6,no_attn,actor_1071_statement_IOM,1071,IOM,174,2,1.0,1.0
block6,no_attn,actor_1071_statement_ITH,1071,ITH,174,2,1.0,1.0
block6,no_attn,actor_1071_statement_ITS,1071,ITS,174,2,1.0,1.0
block6,no_attn,actor_1071_statement_IWL,1071,IWL,174,2,1.0,1.0
block6,no_attn,actor_1071_statement_IWW,1071,IWW,174,2,0.5,1.0
block6,no_attn,actor_1071_statement_MTI,1071,MTI,174,2,1.0,1.0
block6,no_attn,actor_1071_statement_TAI,1071,TAI,174,2,0.5,1.0
block6,no_attn,actor_1071_statement_TIE,1071,TIE,174,2,1.0,1.0
block6,no_attn,actor_1071_statement_TSI,1071,TSI,174,2,1.0,1.0
block6,no_attn,actor_1071_statement_WSI,1071,WSI,174,2,1.0,1.0
block6,no_attn,actor_1072_statement_DFA,1072,DFA,174,2,0.5,1.0
block6,no_attn,actor_1072_statement_IOM,1072,IOM,174,2,0.5,1.0
block6,no_attn,actor_1072_statement_ITH,1072,ITH,174,2,1.0,1.0
block6,no_attn,actor_1072_statement_ITS,1072,ITS,174,2,0.5,1.0
block6,no_attn,actor_1072_statement_IWL,1072,IWL,174,2,1.0,1.0
block6,no_attn,actor_1072_statement_IWW,1072,IWW,174,2,1.0,1.0
block6,no_attn,actor_1072_statement_MTI,1072,MTI,174,2,0.5,1.0
block6,no_attn,actor_1072_statement_TAI,1072,TAI,174,2,0.5,1.0
block6,no_attn,actor_1072_statement_TIE,1072,TIE,174,2,1.0,1.0
block6,no_attn,actor_1072_statement_TSI,1072,TSI,174,2,0.5,1.0
block6,no_attn,actor_1072_statement_WSI,1072,WSI,174,2,1.0,1.0
block6,no_attn,actor_1073_statement_DFA,1073,DFA,174,2,1.0,1.0
block6,no_attn,actor_1073_statement_IOM,1073,IOM,174,2,1.0,1.0
block6,no_attn,actor_1073_statement_ITH,1073,ITH,174,2,0.5,1.0
block6,no_attn,actor_1073_statement_ITS,1073,ITS,174,2,1.0,1.0
block6,no_attn,actor_1073_statement_IWL,1073,IWL,174,2,1.0,1.0
block6,no_attn,actor_1073_statement_IWW,1073,IWW,174,2,1.0,1.0
block6,no_attn,actor_1073_statement_MTI,1073,MTI,174,2,1.0,1.0
block6,no_attn,actor_1073_statement_TAI,1073,TAI,174,2,0.5,0.0
block6,no_attn,actor_1073_statement_TIE,1073,TIE,174,2,1.0,1.0
block6,no_attn,actor_1073_statement_TSI,1073,TSI,174,2,1.0,1.0
block6,no_attn,actor_1073_statement_WSI,1073,WSI,174,2,1.0,1.0
block6,no_attn,actor_1074_statement_DFA,1074,DFA,174,2,1.0,1.0
block6,no_attn,actor_1074_statement_IOM,1074,IOM,174,2,1.0,1.0
block6,no_attn,actor_1074_statement_ITH,1074,ITH,174,2,1.0,1.0
block6,no_attn,actor_1074_statement_ITS,1074,ITS,174,2,1.0,1.0
block6,no_attn,actor_1074_statement_IWL,1074,IWL,174,2,1.0,1.0
block6,no_attn,actor_1074_statement_IWW,1074,IWW,174,2,0.5,1.0
block6,no_attn,actor_1074_statement_MTI,1074,MTI,174,2,1.0,1.0
block6,no_attn,actor_1074_statement_TAI,1074,TAI,174,2,1.0,1.0
block6,no_attn,actor_1074_statement_TIE,1074,TIE,174,2,1.0,1.0
block6,no_attn,actor_1074_statement_TSI,1074,TSI,174,2,1.0,1.0
block6,no_attn,actor_1074_statement_WSI,1074,WSI,174,2,1.0,1.0
block6,no_attn,actor_1075_statement_DFA,1075,DFA,174,2,1.0,1.0
block6,no_attn,actor_1075_statement_IOM,1075,IOM,174,2,1.0,1.0
block6,no_attn,actor_1075_statement_ITH,1075,ITH,174,2,1.0,1.0
block6,no_attn,actor_1075_statement_ITS,1075,ITS,174,2,1.0,1.0
block6,no_attn,actor_1075_statement_IWL,1075,IWL,174,2,1.0,1.0
block6,no_attn,actor_1075_statement_IWW,1075,IWW,174,2,1.0,1.0
block6,no_attn,actor_1075_statement_MTI,1075,MTI,174,2,0.5,1.0
block6,no_attn,actor_1075_statement_TAI,1075,TAI,174,2,1.0,1.0
block6,no_attn,actor_1075_statement_TIE,1075,TIE,174,2,1.0,1.0
block6,no_attn,actor_1075_statement_TSI,1075,TSI,174,2,1.0,1.0
block6,no_attn,actor_1075_statement_WSI,1075,WSI,174,2,1.0,1.0
block6,no_attn,actor_1076_statement_DFA,1076,DFA,174,2,1.0,1.0
block6,no_attn,actor_1076_statement_IOM,1076,IOM,174,2,1.0,1.0
block6,no_attn,actor_1076_statement_ITH,1076,ITH,174,2,0.5,1.0
block6,no_attn,actor_1076_statement_ITS,1076,ITS,174,2,0.5,1.0
block6,no_attn,actor_1076_statement_IWL,1076,IWL,174,2,1.0,1.0
block6,no_attn,actor_1076_statement_IWW,1076,IWW,174,2,0.5,1.0
block6,no_attn,actor_1076_statement_MTI,1076,MTI,174,2,0.5,0.0
block6,no_attn,actor_1076_statement_TAI,1076,TAI,174,2,0.5,1.0
block6,no_attn,actor_1076_statement_TIE,1076,TIE,174,2,1.0,1.0
block6,no_attn,actor_1076_statement_TSI,1076,TSI,174,2,0.5,1.0
block6,no_attn,actor_1076_statement_WSI,1076,WSI,174,2,1.0,1.0
block6,no_attn,actor_1077_statement_DFA,1077,DFA,174,2,1.0,1.0
block6,no_attn,actor_1077_statement_IOM,1077,IOM,174,2,1.0,1.0
block6,no_attn,actor_1077_statement_ITH,1077,ITH,174,2,0.5,1.0
block6,no_attn,actor_1077_statement_ITS,1077,ITS,174,2,1.0,1.0
block6,no_attn,actor_1077_statement_IWL,1077,IWL,174,2,1.0,1.0
block6,no_attn,actor_1077_statement_IWW,1077,IWW,174,2,1.0,1.0
block6,no_attn,actor_1077_statement_MTI,1077,MTI,174,2,1.0,1.0
block6,no_attn,actor_1077_statement_TAI,1077,TAI,174,2,1.0,1.0
block6,no_attn,actor_1077_statement_TIE,1077,TIE,174,2,0.5,1.0
block6,no_attn,actor_1077_statement_TSI,1077,TSI,174,2,1.0,1.0
block6,no_attn,actor_1077_statement_WSI,1077,WSI,174,2,0.5,0.0
block6,no_attn,actor_1078_statement_DFA,1078,DFA,174,2,1.0,1.0
block6,no_attn,actor_1078_statement_IOM,1078,IOM,174,2,1.0,1.0
block6,no_attn,actor_1078_statement_ITH,1078,ITH,174,2,1.0,1.0
block6,no_attn,actor_1078_statement_ITS,1078,ITS,174,2,1.0,1.0
block6,no_attn,actor_1078_statement_IWL,1078,IWL,174,2,1.0,1.0
block6,no_attn,actor_1078_statement_IWW,1078,IWW,174,2,1.0,1.0
block6,no_attn,actor_1078_statement_MTI,1078,MTI,174,2,1.0,1.0
block6,no_attn,actor_1078_statement_TAI,1078,TAI,174,2,1.0,1.0
block6,no_attn,actor_1078_statement_TIE,1078,TIE,174,2,1.0,1.0
block6,no_attn,actor_1078_statement_TSI,1078,TSI,174,2,1.0,1.0
block6,no_attn,actor_1078_statement_WSI,1078,WSI,174,2,1.0,1.0
block6,no_attn,actor_1079_statement_DFA,1079,DFA,174,2,1.0,1.0
block6,no_attn,actor_1079_statement_IOM,1079,IOM,174,2,1.0,1.0
block6,no_attn,actor_1079_statement_ITH,1079,ITH,174,2,1.0,1.0
block6,no_attn,actor_1079_statement_ITS,1079,ITS,174,2,1.0,1.0
block6,no_attn,actor_1079_statement_IWL,1079,IWL,174,2,1.0,1.0
block6,no_attn,actor_1079_statement_IWW,1079,IWW,174,2,1.0,1.0
block6,no_attn,actor_1079_statement_MTI,1079,MTI,174,2,1.0,1.0
block6,no_attn,actor_1079_statement_TAI,1079,TAI,174,2,1.0,1.0
block6,no_attn,actor_1079_statement_TIE,1079,TIE,174,2,1.0,1.0
block6,no_attn,actor_1079_statement_TSI,1079,TSI,174,2,1.0,1.0
block6,no_attn,actor_1079_statement_WSI,1079,WSI,174,2,1.0,1.0
block6,no_attn,actor_1080_statement_DFA,1080,DFA,174,2,1.0,1.0
block6,no_attn,actor_1080_statement_IOM,1080,IOM,174,2,1.0,1.0
block6,no_attn,actor_1080_statement_ITH,1080,ITH,174,2,1.0,1.0
block6,no_attn,actor_1080_statement_ITS,1080,ITS,174,2,1.0,1.0
block6,no_attn,actor_1080_statement_IWL,1080,IWL,174,2,1.0,1.0
block6,no_attn,actor_1080_statement_IWW,1080,IWW,174,2,1.0,1.0
block6,no_attn,actor_1080_statement_MTI,1080,MTI,174,2,1.0,1.0
block6,no_attn,actor_1080_statement_TAI,1080,TAI,174,2,1.0,1.0
block6,no_attn,actor_1080_statement_TIE,1080,TIE,174,2,1.0,1.0
block6,no_attn,actor_1080_statement_TSI,1080,TSI,174,2,1.0,1.0
block6,no_attn,actor_1080_statement_WSI,1080,WSI,174,2,1.0,1.0
block6,no_attn,actor_1081_statement_DFA,1081,DFA,174,2,1.0,1.0
block6,no_attn,actor_1081_statement_IOM,1081,IOM,174,2,0.5,1.0
block6,no_attn,actor_1081_statement_ITH,1081,ITH,174,2,1.0,1.0
block6,no_attn,actor_1081_statement_ITS,1081,ITS,174,2,1.0,1.0
block6,no_attn,actor_1081_statement_IWL,1081,IWL,174,2,1.0,1.0
block6,no_attn,actor_1081_statement_IWW,1081,IWW,174,2,1.0,1.0
block6,no_attn,actor_1081_statement_MTI,1081,MTI,174,2,1.0,1.0
block6,no_attn,actor_1081_statement_TAI,1081,TAI,174,2,1.0,1.0
block6,no_attn,actor_1081_statement_TIE,1081,TIE,174,2,1.0,1.0
block6,no_attn,actor_1081_statement_TSI,1081,TSI,174,2,1.0,1.0
block6,no_attn,actor_1081_statement_WSI,1081,WSI,174,2,1.0,1.0
block6,no_attn,actor_1082_statement_DFA,1082,DFA,174,2,1.0,1.0
block6,no_attn,actor_1082_statement_IOM,1082,IOM,174,2,1.0,1.0
block6,no_attn,actor_1082_statement_ITH,1082,ITH,174,2,1.0,1.0
block6,no_attn,actor_1082_statement_ITS,1082,ITS,174,2,1.0,1.0
block6,no_attn,actor_1082_statement_IWL,1082,IWL,174,2,1.0,1.0
block6,no_attn,actor_1082_statement_IWW,1082,IWW,174,2,1.0,1.0
block6,no_attn,actor_1082_statement_MTI,1082,MTI,174,2,1.0,1.0
block6,no_attn,actor_1082_statement_TAI,1082,TAI,174,2,0.5,1.0
block6,no_attn,actor_1082_statement_TIE,1082,TIE,174,2,0.5,1.0
block6,no_attn,actor_1082_statement_TSI,1082,TSI,174,2,1.0,1.0
block6,no_attn,actor_1082_statement_WSI,1082,WSI,174,2,0.5,0.0
block6,no_attn,actor_1083_statement_DFA,1083,DFA,174,2,0.5,1.0
block6,no_attn,actor_1083_statement_IOM,1083,IOM,174,2,1.0,1.0
block6,no_attn,actor_1083_statement_ITH,1083,ITH,174,2,1.0,1.0
block6,no_attn,actor_1083_statement_ITS,1083,ITS,174,2,1.0,1.0
block6,no_attn,actor_1083_statement_IWL,1083,IWL,174,2,0.5,1.0
block6,no_attn,actor_1083_statement_IWW,1083,IWW,174,2,1.0,1.0
block6,no_attn,actor_1083_statement_MTI,1083,MTI,174,2,0.0,0.0
block6,no_attn,actor_1083_statement_TAI,1083,TAI,174,2,1.0,1.0
block6,no_attn,actor_1083_statement_TIE,1083,TIE,174,2,1.0,1.0
block6,no_attn,actor_1083_statement_TSI,1083,TSI,174,2,1.0,1.0
block6,no_attn,actor_1083_statement_WSI,1083,WSI,174,2,1.0,1.0
block6,no_attn,actor_1084_statement_DFA,1084,DFA,174,2,1.0,1.0
block6,no_attn,actor_1084_statement_IOM,1084,IOM,174,2,1.0,1.0
block6,no_attn,actor_1084_statement_ITH,1084,ITH,174,2,0.5,1.0
block6,no_attn,actor_1084_statement_ITS,1084,ITS,174,2,0.5,1.0
block6,no_attn,actor_1084_statement_IWL,1084,IWL,174,2,1.0,1.0
block6,no_attn,actor_1084_statement_IWW,1084,IWW,174,2,1.0,1.0
block6,no_attn,actor_1084_statement_MTI,1084,MTI,174,2,1.0,1.0
block6,no_attn,actor_1084_statement_TAI,1084,TAI,174,2,0.5,0.0
block6,no_attn,actor_1084_statement_TIE,1084,TIE,174,2,1.0,1.0
block6,no_attn,actor_1084_statement_TSI,1084,TSI,174,2,1.0,1.0
block6,no_attn,actor_1084_statement_WSI,1084,WSI,174,2,1.0,1.0
block6,no_attn,actor_1085_statement_DFA,1085,DFA,174,2,1.0,1.0
block6,no_attn,actor_1085_statement_IOM,1085,IOM,174,2,1.0,1.0
block6,no_attn,actor_1085_statement_ITH,1085,ITH,174,2,0.5,0.0
block6,no_attn,actor_1085_statement_ITS,1085,ITS,174,2,1.0,1.0
block6,no_attn,actor_1085_statement_IWL,1085,IWL,174,2,1.0,1.0
block6,no_attn,actor_1085_statement_IWW,1085,IWW,174,2,1.0,1.0
block6,no_attn,actor_1085_statement_MTI,1085,MTI,174,2,1.0,1.0
block6,no_attn,actor_1085_statement_TAI,1085,TAI,174,2,0.5,1.0
block6,no_attn,actor_1085_statement_TIE,1085,TIE,174,2,1.0,1.0
block6,no_attn,actor_1085_statement_TSI,1085,TSI,174,2,1.0,1.0
block6,no_attn,actor_1085_statement_WSI,1085,WSI,174,2,1.0,1.0
block6,no_attn,actor_1086_statement_DFA,1086,DFA,174,2,1.0,1.0
block6,no_attn,actor_1086_statement_IOM,1086,IOM,174,2,1.0,1.0
block6,no_attn,actor_1086_statement_ITH,1086,ITH,174,2,1.0,1.0
block6,no_attn,actor_1086_statement_ITS,1086,ITS,174,2,1.0,1.0
block6,no_attn,actor_1086_statement_IWL,1086,IWL,174,2,0.5,1.0
block6,no_attn,actor_1086_statement_IWW,1086,IWW,174,2,1.0,1.0
block6,no_attn,actor_1086_statement_MTI,1086,MTI,174,2,0.5,1.0
block6,no_attn,actor_1086_statement_TAI,1086,TAI,174,2,1.0,1.0
block6,no_attn,actor_1086_statement_TIE,1086,TIE,174,2,1.0,1.0
block6,no_attn,actor_1086_statement_TSI,1086,TSI,174,2,0.0,0.0
block6,no_attn,actor_1086_statement_WSI,1086,WSI,174,2,0.5,0.0
block6,no_attn,actor_1087_statement_DFA,1087,DFA,174,2,1.0,1.0
block6,no_attn,actor_1087_statement_IOM,1087,IOM,174,2,1.0,1.0
block6,no_attn,actor_1087_statement_ITH,1087,ITH,174,2,1.0,1.0
block6,no_attn,actor_1087_statement_ITS,1087,ITS,174,2,1.0,1.0
block6,no_attn,actor_1087_statement_IWL,1087,IWL,174,2,1.0,1.0
block6,no_attn,actor_1087_statement_IWW,1087,IWW,174,2,1.0,1.0
block6,no_attn,actor_1087_statement_MTI,1087,MTI,174,2,1.0,1.0
block6,no_attn,actor_1087_statement_TAI,1087,TAI,174,2,1.0,1.0
block6,no_attn,actor_1087_statement_TIE,1087,TIE,174,2,0.5,0.0
block6,no_attn,actor_1087_statement_TSI,1087,TSI,174,2,1.0,1.0
block6,no_attn,actor_1087_statement_WSI,1087,WSI,174,2,0.5,1.0
block6,no_attn,actor_1088_statement_DFA,1088,DFA,174,2,1.0,1.0
block6,no_attn,actor_1088_statement_IOM,1088,IOM,174,2,1.0,1.0
block6,no_attn,actor_1088_statement_ITH,1088,ITH,174,2,0.5,1.0
block6,no_attn,actor_1088_statement_ITS,1088,ITS,174,2,0.5,1.0
block6,no_attn,actor_1088_statement_IWL,1088,IWL,174,2,0.5,1.0
block6,no_attn,actor_1088_statement_IWW,1088,IWW,174,2,1.0,1.0
block6,no_attn,actor_1088_statement_MTI,1088,MTI,174,2,1.0,1.0
block6,no_attn,actor_1088_statement_TAI,1088,TAI,174,2,1.0,1.0
block6,no_attn,actor_1088_statement_TIE,1088,TIE,174,2,0.5,1.0
block6,no_attn,actor_1088_statement_TSI,1088,TSI,174,2,0.5,1.0
block6,no_attn,actor_1088_statement_WSI,1088,WSI,174,2,0.5,0.0
block6,no_attn,actor_1089_statement_DFA,1089,DFA,174,2,1.0,1.0
block6,no_attn,actor_1089_statement_IOM,1089,IOM,174,2,1.0,1.0
block6,no_attn,actor_1089_statement_ITH,1089,ITH,174,2,1.0,1.0
block6,no_attn,actor_1089_statement_ITS,1089,ITS,174,2,0.5,1.0
block6,no_attn,actor_1089_statement_IWL,1089,IWL,174,2,1.0,1.0
block6,no_attn,actor_1089_statement_IWW,1089,IWW,174,2,1.0,1.0
block6,no_attn,actor_1089_statement_MTI,1089,MTI,174,2,1.0,1.0
block6,no_attn,actor_1089_statement_TAI,1089,TAI,174,2,0.5,1.0
block6,no_attn,actor_1089_statement_TIE,1089,TIE,174,2,1.0,1.0
block6,no_attn,actor_1089_statement_TSI,1089,TSI,174,2,1.0,1.0
block6,no_attn,actor_1089_statement_WSI,1089,WSI,174,2,1.0,1.0
block6,no_attn,actor_1090_statement_DFA,1090,DFA,174,2,1.0,1.0
block6,no_attn,actor_1090_statement_IOM,1090,IOM,174,2,1.0,1.0
block6,no_attn,actor_1090_statement_ITH,1090,ITH,174,2,1.0,1.0
block6,no_attn,actor_1090_statement_ITS,1090,ITS,174,2,0.5,1.0
block6,no_attn,actor_1090_statement_IWL,1090,IWL,174,2,0.5,1.0
block6,no_attn,actor_1090_statement_IWW,1090,IWW,174,2,1.0,1.0
block6,no_attn,actor_1090_statement_MTI,1090,MTI,174,2,1.0,1.0
block6,no_attn,actor_1090_statement_TAI,1090,TAI,174,2,1.0,1.0
block6,no_attn,actor_1090_statement_TIE,1090,TIE,174,2,1.0,1.0
block6,no_attn,actor_1090_statement_TSI,1090,TSI,174,2,1.0,1.0
block6,no_attn,actor_1090_statement_WSI,1090,WSI,174,2,1.0,1.0
block6,no_attn,actor_1091_statement_DFA,1091,DFA,174,2,1.0,1.0
block6,no_attn,actor_1091_statement_IOM,1091,IOM,174,2,1.0,1.0
block6,no_attn,actor_1091_statement_ITH,1091,ITH,174,2,0.5,1.0
block6,no_attn,actor_1091_statement_ITS,1091,ITS,174,2,1.0,1.0
block6,no_attn,actor_1091_statement_IWL,1091,IWL,174,2,1.0,1.0
block6,no_attn,actor_1091_statement_IWW,1091,IWW,174,2,0.5,1.0
block6,no_attn,actor_1091_statement_MTI,1091,MTI,174,2,0.5,0.0
block6,no_attn,actor_1091_statement_TAI,1091,TAI,174,2,1.0,1.0
block6,no_attn,actor_1091_statement_TIE,1091,TIE,174,2,1.0,1.0
block6,no_attn,actor_1091_statement_TSI,1091,TSI,174,2,0.5,1.0
block6,no_attn,actor_1091_statement_WSI,1091,WSI,174,2,1.0,1.0
block6,no_mlp,actor_1001_statement_DFA,1001,DFA,174,2,0.5,1.0
block6,no_mlp,actor_1001_statement_IOM,1001,IOM,174,2,1.0,1.0
block6,no_mlp,actor_1001_statement_ITH,1001,ITH,174,2,1.0,1.0
block6,no_mlp,actor_1001_statement_ITS,1001,ITS,174,2,1.0,1.0
block6,no_mlp,actor_1001_statement_IWL,1001,IWL,174,2,1.0,1.0
block6,no_mlp,actor_1001_statement_IWW,1001,IWW,174,2,1.0,1.0
block6,no_mlp,actor_1001_statement_MTI,1001,MTI,174,2,0.5,1.0
block6,no_mlp,actor_1001_statement_TAI,1001,TAI,174,2,1.0,1.0
block6,no_mlp,actor_1001_statement_TIE,1001,TIE,174,2,1.0,1.0
block6,no_mlp,actor_1001_statement_TSI,1001,TSI,174,2,0.5,1.0
block6,no_mlp,actor_1001_statement_WSI,1001,WSI,174,2,1.0,1.0
block6,no_mlp,actor_1002_statement_DFA,1002,DFA,174,2,1.0,1.0
block6,no_mlp,actor_1002_statement_IOM,1002,IOM,174,2,0.5,1.0
block6,no_mlp,actor_1002_statement_ITH,1002,ITH,174,2,0.5,1.0
block6,no_mlp,actor_1002_statement_ITS,1002,ITS,174,2,1.0,1.0
block6,no_mlp,actor_1002_statement_IWL,1002,IWL,174,2,1.0,1.0
block6,no_mlp,actor_1002_statement_IWW,1002,IWW,174,2,1.0,1.0
block6,no_mlp,actor_1002_statement_MTI,1002,MTI,174,2,0.5,1.0
block6,no_mlp,actor_1002_statement_TAI,1002,TAI,174,2,1.0,1.0
block6,no_mlp,actor_1002_statement_TIE,1002,TIE,174,2,0.5,1.0
block6,no_mlp,actor_1002_statement_TSI,1002,TSI,174,2,1.0,1.0
block6,no_mlp,actor_1002_statement_WSI,1002,WSI,174,2,0.5,1.0
block6,no_mlp,actor_1003_statement_DFA,1003,DFA,174,2,0.5,1.0
block6,no_mlp,actor_1003_statement_IOM,1003,IOM,174,2,1.0,1.0
block6,no_mlp,actor_1003_statement_ITH,1003,ITH,174,2,1.0,1.0
block6,no_mlp,actor_1003_statement_ITS,1003,ITS,174,2,0.5,1.0
block6,no_mlp,actor_1003_statement_IWL,1003,IWL,174,2,0.5,1.0
block6,no_mlp,actor_1003_statement_IWW,1003,IWW,174,2,1.0,1.0
block6,no_mlp,actor_1003_statement_MTI,1003,MTI,174,2,1.0,1.0
block6,no_mlp,actor_1003_statement_TAI,1003,TAI,174,2,0.5,1.0
block6,no_mlp,actor_1003_statement_TIE,1003,TIE,174,2,0.5,1.0
block6,no_mlp,actor_1003_statement_TSI,1003,TSI,174,2,0.5,1.0
block6,no_mlp,actor_1003_statement_WSI,1003,WSI,174,2,1.0,1.0
block6,no_mlp,actor_1004_statement_DFA,1004,DFA,174,2,1.0,1.0
block6,no_mlp,actor_1004_statement_IOM,1004,IOM,174,2,0.5,0.0
block6,no_mlp,actor_1004_statement_ITH,1004,ITH,174,2,1.0,1.0
block6,no_mlp,actor_1004_statement_ITS,1004,ITS,174,2,0.5,1.0
block6,no_mlp,actor_1004_statement_IWL,1004,IWL,174,2,0.0,0.0
block6,no_mlp,actor_1004_statement_IWW,1004,IWW,174,2,0.5,1.0
block6,no_mlp,actor_1004_statement_MTI,1004,MTI,174,2,0.5,1.0
block6,no_mlp,actor_1004_statement_TAI,1004,TAI,174,2,0.5,0.0
block6,no_mlp,actor_1004_statement_TIE,1004,TIE,174,2,1.0,1.0
block6,no_mlp,actor_1004_statement_TSI,1004,TSI,174,2,0.5,1.0
block6,no_mlp,actor_1004_statement_WSI,1004,WSI,174,2,1.0,1.0
block6,no_mlp,actor_1005_statement_DFA,1005,DFA,174,2,1.0,1.0
block6,no_mlp,actor_1005_statement_IOM,1005,IOM,174,2,1.0,1.0
block6,no_mlp,actor_1005_statement_ITH,1005,ITH,174,2,1.0,1.0
block6,no_mlp,actor_1005_statement_ITS,1005,ITS,174,2,0.5,1.0
block6,no_mlp,actor_1005_statement_IWL,1005,IWL,174,2,1.0,1.0
block6,no_mlp,actor_1005_statement_IWW,1005,IWW,174,2,1.0,1.0
block6,no_mlp,actor_1005_statement_MTI,1005,MTI,174,2,0.5,1.0
block6,no_mlp,actor_1005_statement_TAI,1005,TAI,174,2,1.0,1.0
block6,no_mlp,actor_1005_statement_TIE,1005,TIE,174,2,0.5,1.0
block6,no_mlp,actor_1005_statement_TSI,1005,TSI,174,2,1.0,1.0
block6,no_mlp,actor_1005_statement_WSI,1005,WSI,174,2,1.0,1.0
block6,no_mlp,actor_1006_statement_DFA,1006,DFA,174,2,1.0,1.0
block6,no_mlp,actor_1006_statement_IOM,1006,IOM,174,2,1.0,1.0
block6,no_mlp,actor_1006_statement_ITH,1006,ITH,174,2,1.0,1.0
block6,no_mlp,actor_1006_statement_ITS,1006,ITS,174,2,1.0,1.0
block6,no_mlp,actor_1006_statement_IWL,1006,IWL,174,2,0.0,0.0
block6,no_mlp,actor_1006_statement_IWW,1006,IWW,174,2,0.5,0.0
block6,no_mlp,actor_1006_statement_MTI,1006,MTI,174,2,1.0,1.0
block6,no_mlp,actor_1006_statement_TAI,1006,TAI,174,2,1.0,1.0
block6,no_mlp,actor_1006_statement_TIE,1006,TIE,174,2,1.0,1.0
block6,no_mlp,actor_1006_statement_TSI,1006,TSI,174,2,1.0,1.0
block6,no_mlp,actor_1006_statement_WSI,1006,WSI,174,2,1.0,1.0
block6,no_mlp,actor_1007_statement_DFA,1007,DFA,174,2,1.0,1.0
block6,no_mlp,actor_1007_statement_IOM,1007,IOM,174,2,0.5,1.0
block6,no_mlp,actor_1007_statement_ITH,1007,ITH,174,2,0.5,1.0
block6,no_mlp,actor_1007_statement_ITS,1007,ITS,174,2,0.5,1.0
block6,no_mlp,actor_1007_statement_IWL,1007,IWL,174,2,0.5,1.0
block6,no_mlp,actor_1007_statement_IWW,1007,IWW,174,2,0.5,1.0
block6,no_mlp,actor_1007_statement_MTI,1007,MTI,174,2,1.0,1.0
block6,no_mlp,actor_1007_statement_TAI,1007,TAI,174,2,0.5,0.0
block6,no_mlp,actor_1007_statement_TIE,1007,TIE,174,2,0.5,1.0
block6,no_mlp,actor_1007_statement_TSI,1007,TSI,174,2,1.0,1.0
block6,no_mlp,actor_1007_statement_WSI,1007,WSI,174,2,1.0,1.0
block6,no_mlp,actor_1010_statement_DFA,1010,DFA,174,2,1.0,1.0
block6,no_mlp,actor_1010_statement_IOM,1010,IOM,174,2,1.0,1.0
block6,no_mlp,actor_1010_statement_ITH,1010,ITH,174,2,0.5,1.0
block6,no_mlp,actor_1010_statement_ITS,1010,ITS,174,2,1.0,1.0
block6,no_mlp,actor_1010_statement_IWL,1010,IWL,174,2,1.0,1.0
block6,no_mlp,actor_1010_statement_IWW,1010,IWW,174,2,0.5,1.0
block6,no_mlp,actor_1010_statement_MTI,1010,MTI,174,2,0.5,1.0
block6,no_mlp,actor_1010_statement_TAI,1010,TAI,174,2,1.0,1.0
block6,no_mlp,actor_1010_statement_TIE,1010,TIE,174,2,0.5,1.0
block6,no_mlp,actor_1010_statement_TSI,1010,TSI,174,2,1.0,1.0
block6,no_mlp,actor_1010_statement_WSI,1010,WSI,174,2,1.0,1.0
block6,no_mlp,actor_1011_statement_DFA,1011,DFA,174,2,1.0,1.0
block6,no_mlp,actor_1011_statement_IOM,1011,IOM,174,2,1.0,1.0
block6,no_mlp,actor_1011_statement_ITH,1011,ITH,174,2,1.0,1.0
block6,no_mlp,actor_1011_statement_ITS,1011,ITS,174,2,1.0,1.0
block6,no_mlp,actor_1011_statement_IWL,1011,IWL,174,2,1.0,1.0
block6,no_mlp,actor_1011_statement_IWW,1011,IWW,174,2,0.5,1.0
block6,no_mlp,actor_1011_statement_MTI,1011,MTI,174,2,0.5,1.0
block6,no_mlp,actor_1011_statement_TAI,1011,TAI,174,2,1.0,1.0
block6,no_mlp,actor_1011_statement_TIE,1011,TIE,174,2,1.0,1.0
block6,no_mlp,actor_1011_statement_TSI,1011,TSI,174,2,1.0,1.0
block6,no_mlp,actor_1011_statement_WSI,1011,WSI,174,2,1.0,1.0
block6,no_mlp,actor_1012_statement_DFA,1012,DFA,174,2,1.0,1.0
block6,no_mlp,actor_1012_statement_IOM,1012,IOM,174,2,0.5,0.0
block6,no_mlp,actor_1012_statement_ITH,1012,ITH,174,2,0.5,1.0
block6,no_mlp,actor_1012_statement_ITS,1012,ITS,174,2,1.0,1.0
block6,no_mlp,actor_1012_statement_IWL,1012,IWL,174,2,1.0,1.0
block6,no_mlp,actor_1012_statement_IWW,1012,IWW,174,2,0.5,1.0
block6,no_mlp,actor_1012_statement_MTI,1012,MTI,174,2,0.5,1.0
block6,no_mlp,actor_1012_statement_TAI,1012,TAI,174,2,1.0,1.0
block6,no_mlp,actor_1012_statement_TIE,1012,TIE,174,2,1.0,1.0
block6,no_mlp,actor_1012_statement_TSI,1012,TSI,174,2,1.0,1.0
block6,no_mlp,actor_1012_statement_WSI,1012,WSI,174,2,1.0,1.0
block6,no_mlp,actor_1013_statement_DFA,1013,DFA,174,2,1.0,1.0
block6,no_mlp,actor_1013_statement_IOM,1013,IOM,174,2,0.5,1.0
block6,no_mlp,actor_1013_statement_ITH,1013,ITH,174,2,1.0,1.0
block6,no_mlp,actor_1013_statement_ITS,1013,ITS,174,2,1.0,1.0
block6,no_mlp,actor_1013_statement_IWL,1013,IWL,174,2,0.5,1.0
block6,no_mlp,actor_1013_statement_IWW,1013,IWW,174,2,1.0,1.0
block6,no_mlp,actor_1013_statement_MTI,1013,MTI,174,2,1.0,1.0
block6,no_mlp,actor_1013_statement_TAI,1013,TAI,174,2,1.0,1.0
block6,no_mlp,actor_1013_statement_TIE,1013,TIE,174,2,1.0,1.0
block6,no_mlp,actor_1013_statement_TSI,1013,TSI,174,2,1.0,1.0
block6,no_mlp,actor_1013_statement_WSI,1013,WSI,174,2,1.0,1.0
block6,no_mlp,actor_1014_statement_DFA,1014,DFA,174,2,1.0,1.0
block6,no_mlp,actor_1014_statement_IOM,1014,IOM,174,2,1.0,1.0
block6,no_mlp,actor_1014_statement_ITH,1014,ITH,174,2,1.0,1.0
block6,no_mlp,actor_1014_statement_ITS,1014,ITS,174,2,1.0,1.0
block6,no_mlp,actor_1014_statement_IWL,1014,IWL,174,2,1.0,1.0
block6,no_mlp,actor_1014_statement_IWW,1014,IWW,174,2,1.0,1.0
block6,no_mlp,actor_1014_statement_MTI,1014,MTI,174,2,0.0,0.0
block6,no_mlp,actor_1014_statement_TAI,1014,TAI,174,2,1.0,1.0
block6,no_mlp,actor_1014_statement_TIE,1014,TIE,174,2,1.0,1.0
block6,no_mlp,actor_1014_statement_TSI,1014,TSI,174,2,1.0,1.0
block6,no_mlp,actor_1014_statement_WSI,1014,WSI,174,2,1.0,1.0
block6,no_mlp,actor_1015_statement_DFA,1015,DFA,174,2,1.0,1.0
block6,no_mlp,actor_1015_statement_IOM,1015,IOM,174,2,1.0,1.0
block6,no_mlp,actor_1015_statement_ITH,1015,ITH,174,2,1.0,1.0
block6,no_mlp,actor_1015_statement_ITS,1015,ITS,174,2,1.0,1.0
block6,no_mlp,actor_1015_statement_IWL,1015,IWL,174,2,1.0,1.0
block6,no_mlp,actor_1015_statement_IWW,1015,IWW,174,2,1.0,1.0
block6,no_mlp,actor_1015_statement_MTI,1015,MTI,174,2,1.0,1.0
block6,no_mlp,actor_1015_statement_TAI,1015,TAI,174,2,1.0,1.0
block6,no_mlp,actor_1015_statement_TIE,1015,TIE,174,2,0.0,0.0
block6,no_mlp,actor_1015_statement_TSI,1015,TSI,174,2,1.0,1.0
block6,no_mlp,actor_1015_statement_WSI,1015,WSI,174,2,1.0,1.0
block6,no_mlp,actor_1016_statement_DFA,1016,DFA,174,2,1.0,1.0
block6,no_mlp,actor_1016_statement_IOM,1016,IOM,174,2,1.0,1.0
block6,no_mlp,actor_1016_statement_ITH,1016,ITH,174,2,1.0,1.0
block6,no_mlp,actor_1016_statement_ITS,1016,ITS,174,2,1.0,1.0
block6,no_mlp,actor_1016_statement_IWL,1016,IWL,174,2,0.5,1.0
block6,no_mlp,actor_1016_statement_IWW,1016,IWW,174,2,0.5,1.0
block6,no_mlp,actor_1016_statement_MTI,1016,MTI,174,2,1.0,1.0
block6,no_mlp,actor_1016_statement_TAI,1016,TAI,174,2,1.0,1.0
block6,no_mlp,actor_1016_statement_TIE,1016,TIE,174,2,1.0,1.0
block6,no_mlp,actor_1016_statement_TSI,1016,TSI,174,2,1.0,1.0
block6,no_mlp,actor_1016_statement_WSI,1016,WSI,174,2,1.0,1.0
block6,no_mlp,actor_1017_statement_DFA,1017,DFA,174,2,1.0,1.0
block6,no_mlp,actor_1017_statement_IOM,1017,IOM,174,2,1.0,1.0
block6,no_mlp,actor_1017_statement_ITH,1017,ITH,174,2,1.0,1.0
block6,no_mlp,actor_1017_statement_ITS,1017,ITS,174,2,1.0,1.0
block6,no_mlp,actor_1017_statement_IWL,1017,IWL,174,2,1.0,1.0
block6,no_mlp,actor_1017_statement_IWW,1017,IWW,174,2,0.5,1.0
block6,no_mlp,actor_1017_statement_MTI,1017,MTI,174,2,1.0,1.0
block6,no_mlp,actor_1017_statement_TAI,1017,TAI,174,2,0.5,1.0
block6,no_mlp,actor_1017_statement_TIE,1017,TIE,174,2,1.0,1.0
block6,no_mlp,actor_1017_statement_TSI,1017,TSI,174,2,0.5,1.0
block6,no_mlp,actor_1017_statement_WSI,1017,WSI,174,2,1.0,1.0
block6,no_mlp,actor_1018_statement_DFA,1018,DFA,174,2,1.0,1.0
block6,no_mlp,actor_1018_statement_IOM,1018,IOM,174,2,0.5,0.0
block6,no_mlp,actor_1018_statement_ITH,1018,ITH,174,2,1.0,1.0
block6,no_mlp,actor_1018_statement_ITS,1018,ITS,174,2,1.0,1.0
block6,no_mlp,actor_1018_statement_IWL,1018,IWL,174,2,1.0,1.0
block6,no_mlp,actor_1018_statement_IWW,1018,IWW,174,2,1.0,1.0
block6,no_mlp,actor_1018_statement_MTI,1018,MTI,174,2,1.0,1.0
block6,no_mlp,actor_1018_statement_TAI,1018,TAI,174,2,1.0,1.0
block6,no_mlp,actor_1018_statement_TIE,1018,TIE,174,2,1.0,1.0
block6,no_mlp,actor_1018_statement_TSI,1018,TSI,174,2,1.0,1.0
block6,no_mlp,actor_1018_statement_WSI,1018,WSI,174,2,1.0,1.0
block6,no_mlp,actor_1020_statement_DFA,1020,DFA,174,2,1.0,1.0
block6,no_mlp,actor_1020_statement_IOM,1020,IOM,174,2,1.0,1.0
block6,no_mlp,actor_1020_statement_ITH,1020,ITH,174,2,1.0,1.0
block6,no_mlp,actor_1020_statement_ITS,1020,ITS,174,2,1.0,1.0
block6,no_mlp,actor_1020_statement_IWL,1020,IWL,174,2,1.0,1.0
block6,no_mlp,actor_1020_statement_IWW,1020,IWW,174,2,1.0,1.0
block6,no_mlp,actor_1020_statement_MTI,1020,MTI,174,2,1.0,1.0
block6,no_mlp,actor_1020_statement_TAI,1020,TAI,174,2,1.0,1.0
block6,no_mlp,actor_1020_statement_TIE,1020,TIE,174,2,1.0,1.0
block6,no_mlp,actor_1020_statement_TSI,1020,TSI,174,2,1.0,1.0
block6,no_mlp,actor_1020_statement_WSI,1020,WSI,174,2,1.0,1.0
block6,no_mlp,actor_1021_statement_DFA,1021,DFA,174,2,1.0,1.0
block6,no_mlp,actor_1021_statement_IOM,1021,IOM,174,2,1.0,1.0
block6,no_mlp,actor_1021_statement_ITH,1021,ITH,174,2,0.5,1.0
block6,no_mlp,actor_1021_statement_ITS,1021,ITS,174,2,1.0,1.0
block6,no_mlp,actor_1021_statement_IWL,1021,IWL,174,2,1.0,1.0
block6,no_mlp,actor_1021_statement_IWW,1021,IWW,174,2,1.0,1.0
block6,no_mlp,actor_1021_statement_MTI,1021,MTI,174,2,0.5,1.0
block6,no_mlp,actor_1021_statement_TAI,1021,TAI,174,2,1.0,1.0
block6,no_mlp,actor_1021_statement_TIE,1021,TIE,174,2,0.5,1.0
block6,no_mlp,actor_1021_statement_TSI,1021,TSI,174,2,0.5,1.0
block6,no_mlp,actor_1021_statement_WSI,1021,WSI,174,2,0.5,1.0
block6,no_mlp,actor_1022_statement_DFA,1022,DFA,174,2,1.0,1.0
block6,no_mlp,actor_1022_statement_IOM,1022,IOM,174,2,0.5,1.0
block6,no_mlp,actor_1022_statement_ITH,1022,ITH,174,2,1.0,1.0
block6,no_mlp,actor_1022_statement_ITS,1022,ITS,174,2,0.5,1.0
block6,no_mlp,actor_1022_statement_IWL,1022,IWL,174,2,0.5,1.0
block6,no_mlp,actor_1022_statement_IWW,1022,IWW,174,2,0.5,1.0
block6,no_mlp,actor_1022_statement_MTI,1022,MTI,174,2,0.5,1.0
block6,no_mlp,actor_1022_statement_TAI,1022,TAI,174,2,1.0,1.0
block6,no_mlp,actor_1022_statement_TIE,1022,TIE,174,2,1.0,1.0
block6,no_mlp,actor_1022_statement_TSI,1022,TSI,174,2,1.0,1.0
block6,no_mlp,actor_1022_statement_WSI,1022,WSI,174,2,0.5,1.0
block6,no_mlp,actor_1023_statement_DFA,1023,DFA,174,2,0.5,1.0
block6,no_mlp,actor_1023_statement_IOM,1023,IOM,174,2,1.0,1.0
block6,no_mlp,actor_1023_statement_ITH,1023,ITH,174,2,0.5,1.0
block6,no_mlp,actor_1023_statement_ITS,1023,ITS,174,2,1.0,1.0
block6,no_mlp,actor_1023_statement_IWL,1023,IWL,174,2,1.0,1.0
block6,no_mlp,actor_1023_statement_IWW,1023,IWW,174,2,1.0,1.0
block6,no_mlp,actor_1023_statement_MTI,1023,MTI,174,2,1.0,1.0
block6,no_mlp,actor_1023_statement_TAI,1023,TAI,174,2,1.0,1.0
block6,no_mlp,actor_1023_statement_TIE,1023,TIE,174,2,1.0,1.0
block6,no_mlp,actor_1023_statement_TSI,1023,TSI,174,2,1.0,1.0
block6,no_mlp,actor_1023_statement_WSI,1023,WSI,174,2,1.0,1.0
block6,no_mlp,actor_1024_statement_DFA,1024,DFA,174,2,0.5,1.0
block6,no_mlp,actor_1024_statement_IOM,1024,IOM,174,2,1.0,1.0
block6,no_mlp,actor_1024_statement_ITH,1024,ITH,174,2,1.0,1.0
block6,no_mlp,actor_1024_statement_ITS,1024,ITS,174,2,1.0,1.0
block6,no_mlp,actor_1024_statement_IWL,1024,IWL,174,2,1.0,1.0
block6,no_mlp,actor_1024_statement_IWW,1024,IWW,174,2,1.0,1.0
block6,no_mlp,actor_1024_statement_MTI,1024,MTI,174,2,1.0,1.0
block6,no_mlp,actor_1024_statement_TAI,1024,TAI,174,2,1.0,1.0
block6,no_mlp,actor_1024_statement_TIE,1024,TIE,174,2,0.5,1.0
block6,no_mlp,actor_1024_statement_TSI,1024,TSI,174,2,1.0,1.0
block6,no_mlp,actor_1024_statement_WSI,1024,WSI,174,2,1.0,1.0
block6,no_mlp,actor_1025_statement_DFA,1025,DFA,174,2,1.0,1.0
block6,no_mlp,actor_1025_statement_IOM,1025,IOM,174,2,1.0,1.0
block6,no_mlp,actor_1025_statement_ITH,1025,ITH,174,2,1.0,1.0
block6,no_mlp,actor_1025_statement_ITS,1025,ITS,174,2,0.5,1.0
block6,no_mlp,actor_1025_statement_IWL,1025,IWL,174,2,1.0,1.0
block6,no_mlp,actor_1025_statement_IWW,1025,IWW,174,2,1.0,1.0
block6,no_mlp,actor_1025_statement_MTI,1025,MTI,174,2,1.0,1.0
block6,no_mlp,actor_1025_statement_TAI,1025,TAI,174,2,1.0,1.0
block6,no_mlp,actor_1025_statement_TIE,1025,TIE,174,2,1.0,1.0
block6,no_mlp,actor_1025_statement_TSI,1025,TSI,174,2,1.0,1.0
block6,no_mlp,actor_1025_statement_WSI,1025,WSI,174,2,0.5,1.0
block6,no_mlp,actor_1026_statement_DFA,1026,DFA,174,2,1.0,1.0
block6,no_mlp,actor_1026_statement_IOM,1026,IOM,174,2,1.0,1.0
block6,no_mlp,actor_1026_statement_ITH,1026,ITH,174,2,1.0,1.0
block6,no_mlp,actor_1026_statement_ITS,1026,ITS,174,2,1.0,1.0
block6,no_mlp,actor_1026_statement_IWL,1026,IWL,174,2,1.0,1.0
block6,no_mlp,actor_1026_statement_IWW,1026,IWW,174,2,1.0,1.0
block6,no_mlp,actor_1026_statement_MTI,1026,MTI,174,2,1.0,1.0
block6,no_mlp,actor_1026_statement_TAI,1026,TAI,174,2,1.0,1.0
block6,no_mlp,actor_1026_statement_TIE,1026,TIE,174,2,1.0,1.0
block6,no_mlp,actor_1026_statement_TSI,1026,TSI,174,2,0.5,1.0
block6,no_mlp,actor_1026_statement_WSI,1026,WSI,174,2,1.0,1.0
block6,no_mlp,actor_1027_statement_DFA,1027,DFA,174,2,1.0,1.0
block6,no_mlp,actor_1027_statement_IOM,1027,IOM,174,2,1.0,1.0
block6,no_mlp,actor_1027_statement_ITH,1027,ITH,174,2,1.0,1.0
block6,no_mlp,actor_1027_statement_ITS,1027,ITS,174,2,1.0,1.0
block6,no_mlp,actor_1027_statement_IWL,1027,IWL,174,2,1.0,1.0
block6,no_mlp,actor_1027_statement_IWW,1027,IWW,174,2,0.5,1.0
block6,no_mlp,actor_1027_statement_MTI,1027,MTI,174,2,1.0,1.0
block6,no_mlp,actor_1027_statement_TAI,1027,TAI,174,2,1.0,1.0
block6,no_mlp,actor_1027_statement_TIE,1027,TIE,174,2,0.0,0.0
block6,no_mlp,actor_1027_statement_TSI,1027,TSI,174,2,1.0,1.0
block6,no_mlp,actor_1027_statement_WSI,1027,WSI,174,2,1.0,1.0
block6,no_mlp,actor_1028_statement_DFA,1028,DFA,174,2,0.5,1.0
block6,no_mlp,actor_1028_statement_IOM,1028,IOM,174,2,1.0,1.0
block6,no_mlp,actor_1028_statement_ITH,1028,ITH,174,2,1.0,1.0
block6,no_mlp,actor_1028_statement_ITS,1028,ITS,174,2,1.0,1.0
block6,no_mlp,actor_1028_statement_IWL,1028,IWL,174,2,1.0,1.0
block6,no_mlp,actor_1028_statement_IWW,1028,IWW,174,2,1.0,1.0
block6,no_mlp,actor_1028_statement_MTI,1028,MTI,174,2,1.0,1.0
block6,no_mlp,actor_1028_statement_TAI,1028,TAI,174,2,0.0,0.0
block6,no_mlp,actor_1028_statement_TIE,1028,TIE,174,2,0.5,1.0
block6,no_mlp,actor_1028_statement_TSI,1028,TSI,174,2,0.5,1.0
block6,no_mlp,actor_1028_statement_WSI,1028,WSI,174,2,1.0,1.0
block6,no_mlp,actor_1029_statement_DFA,1029,DFA,174,2,0.5,1.0
block6,no_mlp,actor_1029_statement_IOM,1029,IOM,174,2,1.0,1.0
block6,no_mlp,actor_1029_statement_ITH,1029,ITH,174,2,1.0,1.0
block6,no_mlp,actor_1029_statement_ITS,1029,ITS,174,2,1.0,1.0
block6,no_mlp,actor_1029_statement_IWL,1029,IWL,174,2,1.0,1.0
block6,no_mlp,actor_1029_statement_IWW,1029,IWW,174,2,0.5,1.0
block6,no_mlp,actor_1029_statement_MTI,1029,MTI,174,2,1.0,1.0
block6,no_mlp,actor_1029_statement_TAI,1029,TAI,174,2,1.0,1.0
block6,no_mlp,actor_1029_statement_TIE,1029,TIE,174,2,1.0,1.0
block6,no_mlp,actor_1029_statement_TSI,1029,TSI,174,2,0.5,1.0
block6,no_mlp,actor_1029_statement_WSI,1029,WSI,174,2,1.0,1.0
block6,no_mlp,actor_1030_statement_DFA,1030,DFA,174,2,1.0,1.0
block6,no_mlp,actor_1030_statement_IOM,1030,IOM,174,2,0.5,1.0
block6,no_mlp,actor_1030_statement_ITH,1030,ITH,174,2,1.0,1.0
block6,no_mlp,actor_1030_statement_ITS,1030,ITS,174,2,1.0,1.0
block6,no_mlp,actor_1030_statement_IWL,1030,IWL,174,2,1.0,1.0
block6,no_mlp,actor_1030_statement_IWW,1030,IWW,174,2,1.0,1.0
block6,no_mlp,actor_1030_statement_MTI,1030,MTI,174,2,1.0,1.0
block6,no_mlp,actor_1030_statement_TAI,1030,TAI,174,2,1.0,1.0
block6,no_mlp,actor_1030_statement_TIE,1030,TIE,174,2,1.0,1.0
block6,no_mlp,actor_1030_statement_TSI,1030,TSI,174,2,0.5,1.0
block6,no_mlp,actor_1030_statement_WSI,1030,WSI,174,2,1.0,1.0
block6,no_mlp,actor_1031_statement_DFA,1031,DFA,174,2,1.0,1.0
block6,no_mlp,actor_1031_statement_IOM,1031,IOM,174,2,0.5,1.0
block6,no_mlp,actor_1031_statement_ITH,1031,ITH,174,2,0.5,1.0
block6,no_mlp,actor_1031_statement_ITS,1031,ITS,174,2,0.5,1.0
block6,no_mlp,actor_1031_statement_IWL,1031,IWL,174,2,1.0,1.0
block6,no_mlp,actor_1031_statement_IWW,1031,IWW,174,2,1.0,1.0
block6,no_mlp,actor_1031_statement_MTI,1031,MTI,174,2,1.0,1.0
block6,no_mlp,actor_1031_statement_TAI,1031,TAI,174,2,1.0,1.0
block6,no_mlp,actor_1031_statement_TIE,1031,TIE,174,2,1.0,1.0
block6,no_mlp,actor_1031_statement_TSI,1031,TSI,174,2,1.0,1.0
block6,no_mlp,actor_1031_statement_WSI,1031,WSI,174,2,0.5,0.0
block6,no_mlp,actor_1032_statement_DFA,1032,DFA,174,2,1.0,1.0
block6,no_mlp,actor_1032_statement_IOM,1032,IOM,174,2,0.5,1.0
block6,no_mlp,actor_1032_statement_ITH,1032,ITH,174,2,1.0,1.0
block6,no_mlp,actor_1032_statement_ITS,1032,ITS,174,2,1.0,1.0
block6,no_mlp,actor_1032_statement_IWL,1032,IWL,174,2,1.0,1.0
block6,no_mlp,actor_1032_statement_IWW,1032,IWW,174,2,0.5,1.0
block6,no_mlp,actor_1032_statement_MTI,1032,MTI,174,2,0.5,1.0
block6,no_mlp,actor_1032_statement_TAI,1032,TAI,174,2,0.5,1.0
block6,no_mlp,actor_1032_statement_TIE,1032,TIE,174,2,0.5,0.0
block6,no_mlp,actor_1032_statement_TSI,1032,TSI,174,2,1.0,1.0
block6,no_mlp,actor_1032_statement_WSI,1032,WSI,174,2,1.0,1.0
block6,no_mlp,actor_1033_statement_DFA,1033,DFA,174,2,1.0,1.0
block6,no_mlp,actor_1033_statement_IOM,1033,IOM,174,2,1.0,1.0
block6,no_mlp,actor_1033_statement_ITH,1033,ITH,174,2,1.0,1.0
block6,no_mlp,actor_1033_statement_ITS,1033,ITS,174,2,0.5,0.0
block6,no_mlp,actor_1033_statement_IWL,1033,IWL,174,2,0.5,1.0
block6,no_mlp,actor_1033_statement_IWW,1033,IWW,174,2,1.0,1.0
block6,no_mlp,actor_1033_statement_MTI,1033,MTI,174,2,1.0,1.0
block6,no_mlp,actor_1033_statement_TAI,1033,TAI,174,2,0.5,1.0
block6,no_mlp,actor_1033_statement_TIE,1033,TIE,174,2,1.0,1.0
block6,no_mlp,actor_1033_statement_TSI,1033,TSI,174,2,1.0,1.0
block6,no_mlp,actor_1033_statement_WSI,1033,WSI,174,2,1.0,1.0
block6,no_mlp,actor_1034_statement_DFA,1034,DFA,174,2,1.0,1.0
block6,no_mlp,actor_1034_statement_IOM,1034,IOM,174,2,0.5,0.0
block6,no_mlp,actor_1034_statement_ITH,1034,ITH,174,2,0.5,1.0
block6,no_mlp,actor_1034_statement_ITS,1034,ITS,174,2,0.5,0.0
block6,no_mlp,actor_1034_statement_IWL,1034,IWL,174,2,0.5,1.0
block6,no_mlp,actor_1034_statement_IWW,1034,IWW,174,2,1.0,1.0
block6,no_mlp,actor_1034_statement_MTI,1034,MTI,174,2,0.5,1.0
block6,no_mlp,actor_1034_statement_TAI,1034,TAI,174,2,0.5,1.0
block6,no_mlp,actor_1034_statement_TIE,1034,TIE,174,2,0.5,1.0
block6,no_mlp,actor_1034_statement_TSI,1034,TSI,174,2,1.0,1.0
block6,no_mlp,actor_1034_statement_WSI,1034,WSI,174,2,1.0,1.0
block6,no_mlp,actor_1035_statement_DFA,1035,DFA,174,2,1.0,1.0
block6,no_mlp,actor_1035_statement_IOM,1035,IOM,174,2,1.0,1.0
block6,no_mlp,actor_1035_statement_ITH,1035,ITH,174,2,1.0,1.0
block6,no_mlp,actor_1035_statement_ITS,1035,ITS,174,2,0.5,1.0
block6,no_mlp,actor_1035_statement_IWL,1035,IWL,174,2,0.5,1.0
block6,no_mlp,actor_1035_statement_IWW,1035,IWW,174,2,0.0,0.0
block6,no_mlp,actor_1035_statement_MTI,1035,MTI,174,2,1.0,1.0
block6,no_mlp,actor_1035_statement_TAI,1035,TAI,174,2,1.0,1.0
block6,no_mlp,actor_1035_statement_TIE,1035,TIE,174,2,1.0,1.0
block6,no_mlp,actor_1035_statement_TSI,1035,TSI,174,2,1.0,1.0
block6,no_mlp,actor_1035_statement_WSI,1035,WSI,174,2,1.0,1.0
block6,no_mlp,actor_1036_statement_DFA,1036,DFA,174,2,0.5,0.0
block6,no_mlp,actor_1036_statement_IOM,1036,IOM,174,2,1.0,1.0
block6,no_mlp,actor_1036_statement_ITH,1036,ITH,174,2,0.5,1.0
block6,no_mlp,actor_1036_statement_ITS,1036,ITS,174,2,0.5,0.0
block6,no_mlp,actor_1036_statement_IWL,1036,IWL,174,2,1.0,1.0
block6,no_mlp,actor_1036_statement_IWW,1036,IWW,174,2,0.5,0.0
block6,no_mlp,actor_1036_statement_MTI,1036,MTI,174,2,1.0,1.0
block6,no_mlp,actor_1036_statement_TAI,1036,TAI,174,2,1.0,1.0
block6,no_mlp,actor_1036_statement_TIE,1036,TIE,174,2,1.0,1.0
block6,no_mlp,actor_1036_statement_TSI,1036,TSI,174,2,1.0,1.0
block6,no_mlp,actor_1036_statement_WSI,1036,WSI,174,2,0.5,1.0
block6,no_mlp,actor_1037_statement_DFA,1037,DFA,174,2,1.0,1.0
block6,no_mlp,actor_1037_statement_IOM,1037,IOM,174,2,1.0,1.0
block6,no_mlp,actor_1037_statement_ITH,1037,ITH,174,2,1.0,1.0
block6,no_mlp,actor_1037_statement_ITS,1037,ITS,174,2,1.0,1.0
block6,no_mlp,actor_1037_statement_IWL,1037,IWL,174,2,1.0,1.0
block6,no_mlp,actor_1037_statement_IWW,1037,IWW,174,2,0.5,0.0
block6,no_mlp,actor_1037_statement_MTI,1037,MTI,174,2,1.0,1.0
block6,no_mlp,actor_1037_statement_TAI,1037,TAI,174,2,1.0,1.0
block6,no_mlp,actor_1037_statement_TIE,1037,TIE,174,2,1.0,1.0
block6,no_mlp,actor_1037_statement_TSI,1037,TSI,174,2,1.0,1.0
block6,no_mlp,actor_1037_statement_WSI,1037,WSI,174,2,1.0,1.0
block6,no_mlp,actor_1038_statement_DFA,1038,DFA,174,2,1.0,1.0
block6,no_mlp,actor_1038_statement_IOM,1038,IOM,174,2,1.0,1.0
block6,no_mlp,actor_1038_statement_ITH,1038,ITH,174,2,1.0,1.0
block6,no_mlp,actor_1038_statement_ITS,1038,ITS,174,2,1.0,1.0
block6,no_mlp,actor_1038_statement_IWL,1038,IWL,174,2,0.5,1.0
block6,no_mlp,actor_1038_statement_IWW,1038,IWW,174,2,0.5,0.0
block6,no_mlp,actor_1038_statement_MTI,1038,MTI,174,2,1.0,1.0
block6,no_mlp,actor_1038_statement_TAI,1038,TAI,174,2,1.0,1.0
block6,no_mlp,actor_1038_statement_TIE,1038,TIE,174,2,1.0,1.0
block6,no_mlp,actor_1038_statement_TSI,1038,TSI,174,2,1.0,1.0
block6,no_mlp,actor_1038_statement_WSI,1038,WSI,174,2,1.0,1.0
block6,no_mlp,actor_1039_statement_DFA,1039,DFA,174,2,1.0,1.0
block6,no_mlp,actor_1039_statement_IOM,1039,IOM,174,2,0.5,1.0
block6,no_mlp,actor_1039_statement_ITH,1039,ITH,174,2,1.0,1.0
block6,no_mlp,actor_1039_statement_ITS,1039,ITS,174,2,1.0,1.0
block6,no_mlp,actor_1039_statement_IWL,1039,IWL,174,2,1.0,1.0
block6,no_mlp,actor_1039_statement_IWW,1039,IWW,174,2,1.0,1.0
block6,no_mlp,actor_1039_statement_MTI,1039,MTI,174,2,1.0,1.0
block6,no_mlp,actor_1039_statement_TAI,1039,TAI,174,2,1.0,1.0
block6,no_mlp,actor_1039_statement_TIE,1039,TIE,174,2,1.0,1.0
block6,no_mlp,actor_1039_statement_TSI,1039,TSI,174,2,1.0,1.0
block6,no_mlp,actor_1039_statement_WSI,1039,WSI,174,2,1.0,1.0
block6,no_mlp,actor_1040_statement_DFA,1040,DFA,174,2,0.5,1.0
block6,no_mlp,actor_1040_statement_IOM,1040,IOM,174,2,1.0,1.0
block6,no_mlp,actor_1040_statement_ITH,1040,ITH,174,2,1.0,1.0
block6,no_mlp,actor_1040_statement_ITS,1040,ITS,174,2,1.0,1.0
block6,no_mlp,actor_1040_statement_IWL,1040,IWL,174,2,0.5,1.0
block6,no_mlp,actor_1040_statement_IWW,1040,IWW,174,2,0.0,0.0
block6,no_mlp,actor_1040_statement_MTI,1040,MTI,174,2,1.0,1.0
block6,no_mlp,actor_1040_statement_TAI,1040,TAI,174,2,1.0,1.0
block6,no_mlp,actor_1040_statement_TIE,1040,TIE,174,2,0.5,1.0
block6,no_mlp,actor_1040_statement_TSI,1040,TSI,174,2,0.5,1.0
block6,no_mlp,actor_1040_statement_WSI,1040,WSI,174,2,0.5,1.0
block6,no_mlp,actor_1041_statement_DFA,1041,DFA,174,2,1.0,1.0
block6,no_mlp,actor_1041_statement_IOM,1041,IOM,174,2,1.0,1.0
block6,no_mlp,actor_1041_statement_ITH,1041,ITH,174,2,1.0,1.0
block6,no_mlp,actor_1041_statement_ITS,1041,ITS,174,2,1.0,1.0
block6,no_mlp,actor_1041_statement_IWL,1041,IWL,174,2,1.0,1.0
block6,no_mlp,actor_1041_statement_IWW,1041,IWW,174,2,1.0,1.0
block6,no_mlp,actor_1041_statement_MTI,1041,MTI,174,2,0.5,1.0
block6,no_mlp,actor_1041_statement_TAI,1041,TAI,174,2,1.0,1.0
block6,no_mlp,actor_1041_statement_TIE,1041,TIE,174,2,1.0,1.0
block6,no_mlp,actor_1041_statement_TSI,1041,TSI,174,2,1.0,1.0
block6,no_mlp,actor_1041_statement_WSI,1041,WSI,174,2,1.0,1.0
block6,no_mlp,actor_1042_statement_DFA,1042,DFA,174,2,1.0,1.0
block6,no_mlp,actor_1042_statement_IOM,1042,IOM,174,2,0.5,0.0
block6,no_mlp,actor_1042_statement_ITH,1042,ITH,174,2,1.0,1.0
block6,no_mlp,actor_1042_statement_ITS,1042,ITS,174,2,0.5,1.0
block6,no_mlp,actor_1042_statement_IWL,1042,IWL,174,2,1.0,1.0
block6,no_mlp,actor_1042_statement_IWW,1042,IWW,174,2,1.0,1.0
block6,no_mlp,actor_1042_statement_MTI,1042,MTI,174,2,1.0,1.0
block6,no_mlp,actor_1042_statement_TAI,1042,TAI,174,2,0.5,1.0
block6,no_mlp,actor_1042_statement_TIE,1042,TIE,174,2,0.5,1.0
block6,no_mlp,actor_1042_statement_TSI,1042,TSI,174,2,1.0,1.0
block6,no_mlp,actor_1042_statement_WSI,1042,WSI,174,2,1.0,1.0
block6,no_mlp,actor_1043_statement_DFA,1043,DFA,174,2,1.0,1.0
block6,no_mlp,actor_1043_statement_IOM,1043,IOM,174,2,0.5,1.0
block6,no_mlp,actor_1043_statement_ITH,1043,ITH,174,2,0.5,1.0
block6,no_mlp,actor_1043_statement_ITS,1043,ITS,174,2,0.5,1.0
block6,no_mlp,actor_1043_statement_IWL,1043,IWL,174,2,1.0,1.0
block6,no_mlp,actor_1043_statement_IWW,1043,IWW,174,2,1.0,1.0
block6,no_mlp,actor_1043_statement_MTI,1043,MTI,174,2,1.0,1.0
block6,no_mlp,actor_1043_statement_TAI,1043,TAI,174,2,1.0,1.0
block6,no_mlp,actor_1043_statement_TIE,1043,TIE,174,2,1.0,1.0
block6,no_mlp,actor_1043_statement_TSI,1043,TSI,174,2,1.0,1.0
block6,no_mlp,actor_1043_statement_WSI,1043,WSI,174,2,1.0,1.0
block6,no_mlp,actor_1044_statement_DFA,1044,DFA,174,2,1.0,1.0
block6,no_mlp,actor_1044_statement_IOM,1044,IOM,174,2,1.0,1.0
block6,no_mlp,actor_1044_statement_ITH,1044,ITH,174,2,1.0,1.0
block6,no_mlp,actor_1044_statement_ITS,1044,ITS,174,2,1.0,1.0
block6,no_mlp,actor_1044_statement_IWL,1044,IWL,174,2,1.0,1.0
block6,no_mlp,actor_1044_statement_IWW,1044,IWW,174,2,0.5,1.0
block6,no_mlp,actor_1044_statement_MTI,1044,MTI,174,2,1.0,1.0
block6,no_mlp,actor_1044_statement_TAI,1044,TAI,174,2,1.0,1.0
block6,no_mlp,actor_1044_statement_TIE,1044,TIE,174,2,1.0,1.0
block6,no_mlp,actor_1044_statement_TSI,1044,TSI,174,2,0.5,1.0
block6,no_mlp,actor_1044_statement_WSI,1044,WSI,174,2,0.5,0.0
block6,no_mlp,actor_1045_statement_DFA,1045,DFA,174,2,1.0,1.0
block6,no_mlp,actor_1045_statement_IOM,1045,IOM,174,2,1.0,1.0
block6,no_mlp,actor_1045_statement_ITH,1045,ITH,174,2,1.0,1.0
block6,no_mlp,actor_1045_statement_ITS,1045,ITS,174,2,1.0,1.0
block6,no_mlp,actor_1045_statement_IWL,1045,IWL,174,2,1.0,1.0
block6,no_mlp,actor_1045_statement_IWW,1045,IWW,174,2,1.0,1.0
block6,no_mlp,actor_1045_statement_MTI,1045,MTI,174,2,1.0,1.0
block6,no_mlp,actor_1045_statement_TAI,1045,TAI,174,2,0.0,0.0
block6,no_mlp,actor_1045_statement_TIE,1045,TIE,174,2,0.5,1.0
block6,no_mlp,actor_1045_statement_TSI,1045,TSI,174,2,1.0,1.0
block6,no_mlp,actor_1045_statement_WSI,1045,WSI,174,2,1.0,1.0
block6,no_mlp,actor_1046_statement_DFA,1046,DFA,174,2,1.0,1.0
block6,no_mlp,actor_1046_statement_IOM,1046,IOM,174,2,1.0,1.0
block6,no_mlp,actor_1046_statement_ITH,1046,ITH,174,2,1.0,1.0
block6,no_mlp,actor_1046_statement_ITS,1046,ITS,174,2,1.0,1.0
block6,no_mlp,actor_1046_statement_IWL,1046,IWL,174,2,1.0,1.0
block6,no_mlp,actor_1046_statement_IWW,1046,IWW,174,2,1.0,1.0
block6,no_mlp,actor_1046_statement_MTI,1046,MTI,174,2,0.5,1.0
block6,no_mlp,actor_1046_statement_TAI,1046,TAI,174,2,0.5,1.0
block6,no_mlp,actor_1046_statement_TIE,1046,TIE,174,2,0.5,1.0
block6,no_mlp,actor_1046_statement_TSI,1046,TSI,174,2,0.5,0.0
block6,no_mlp,actor_1046_statement_WSI,1046,WSI,174,2,0.5,1.0
block6,no_mlp,actor_1047_statement_DFA,1047,DFA,174,2,1.0,1.0
block6,no_mlp,actor_1047_statement_IOM,1047,IOM,174,2,1.0,1.0
block6,no_mlp,actor_1047_statement_ITH,1047,ITH,174,2,1.0,1.0
block6,no_mlp,actor_1047_statement_ITS,1047,ITS,174,2,1.0,1.0
block6,no_mlp,actor_1047_statement_IWL,1047,IWL,174,2,1.0,1.0
block6,no_mlp,actor_1047_statement_IWW,1047,IWW,174,2,1.0,1.0
block6,no_mlp,actor_1047_statement_MTI,1047,MTI,174,2,0.5,1.0
block6,no_mlp,actor_1047_statement_TAI,1047,TAI,174,2,1.0,1.0
block6,no_mlp,actor_1047_statement_TIE,1047,TIE,174,2,1.0,1.0
block6,no_mlp,actor_1047_statement_TSI,1047,TSI,174,2,1.0,1.0
block6,no_mlp,actor_1047_statement_WSI,1047,WSI,174,2,1.0,1.0
block6,no_mlp,actor_1048_statement_DFA,1048,DFA,174,2,1.0,1.0
block6,no_mlp,actor_1048_statement_IOM,1048,IOM,174,2,1.0,1.0
block6,no_mlp,actor_1048_statement_ITH,1048,ITH,174,2,1.0,1.0
block6,no_mlp,actor_1048_statement_ITS,1048,ITS,174,2,1.0,1.0
block6,no_mlp,actor_1048_statement_IWL,1048,IWL,174,2,0.5,0.0
block6,no_mlp,actor_1048_statement_IWW,1048,IWW,174,2,1.0,1.0
block6,no_mlp,actor_1048_statement_MTI,1048,MTI,174,2,0.5,1.0
block6,no_mlp,actor_1048_statement_TAI,1048,TAI,174,2,1.0,1.0
block6,no_mlp,actor_1048_statement_TIE,1048,TIE,174,2,1.0,1.0
block6,no_mlp,actor_1048_statement_TSI,1048,TSI,174,2,0.5,1.0
block6,no_mlp,actor_1048_statement_WSI,1048,WSI,174,2,1.0,1.0
block6,no_mlp,actor_1049_statement_DFA,1049,DFA,174,2,1.0,1.0
block6,no_mlp,actor_1049_statement_IOM,1049,IOM,174,2,1.0,1.0
block6,no_mlp,actor_1049_statement_ITH,1049,ITH,174,2,1.0,1.0
block6,no_mlp,actor_1049_statement_ITS,1049,ITS,174,2,0.5,1.0
block6,no_mlp,actor_1049_statement_IWL,1049,IWL,174,2,1.0,1.0
block6,no_mlp,actor_1049_statement_IWW,1049,IWW,174,2,1.0,1.0
block6,no_mlp,actor_1049_statement_MTI,1049,MTI,174,2,1.0,1.0
block6,no_mlp,actor_1049_statement_TAI,1049,TAI,174,2,1.0,1.0
block6,no_mlp,actor_1049_statement_TIE,1049,TIE,174,2,1.0,1.0
block6,no_mlp,actor_1049_statement_TSI,1049,TSI,174,2,1.0,1.0
block6,no_mlp,actor_1049_statement_WSI,1049,WSI,174,2,1.0,1.0
block6,no_mlp,actor_1050_statement_DFA,1050,DFA,174,2,0.5,1.0
block6,no_mlp,actor_1050_statement_IOM,1050,IOM,174,2,1.0,1.0
block6,no_mlp,actor_1050_statement_ITH,1050,ITH,174,2,0.5,1.0
block6,no_mlp,actor_1050_statement_ITS,1050,ITS,174,2,1.0,1.0
block6,no_mlp,actor_1050_statement_IWL,1050,IWL,174,2,1.0,1.0
block6,no_mlp,actor_1050_statement_IWW,1050,IWW,174,2,0.5,0.0
block6,no_mlp,actor_1050_statement_MTI,1050,MTI,174,2,1.0,1.0
block6,no_mlp,actor_1050_statement_TAI,1050,TAI,174,2,1.0,1.0
block6,no_mlp,actor_1050_statement_TIE,1050,TIE,174,2,1.0,1.0
block6,no_mlp,actor_1050_statement_TSI,1050,TSI,174,2,0.5,1.0
block6,no_mlp,actor_1050_statement_WSI,1050,WSI,174,2,1.0,1.0
block6,no_mlp,actor_1051_statement_DFA,1051,DFA,174,2,1.0,1.0
block6,no_mlp,actor_1051_statement_IOM,1051,IOM,174,2,1.0,1.0
block6,no_mlp,actor_1051_statement_ITH,1051,ITH,174,2,1.0,1.0
block6,no_mlp,actor_1051_statement_ITS,1051,ITS,174,2,0.5,1.0
block6,no_mlp,actor_1051_statement_IWL,1051,IWL,174,2,1.0,1.0
block6,no_mlp,actor_1051_statement_IWW,1051,IWW,174,2,1.0,1.0
block6,no_mlp,actor_1051_statement_MTI,1051,MTI,174,2,1.0,1.0
block6,no_mlp,actor_1051_statement_TAI,1051,TAI,174,2,1.0,1.0
block6,no_mlp,actor_1051_statement_TIE,1051,TIE,174,2,0.5,0.0
block6,no_mlp,actor_1051_statement_TSI,1051,TSI,174,2,0.5,1.0
block6,no_mlp,actor_1051_statement_WSI,1051,WSI,174,2,0.5,1.0
block6,no_mlp,actor_1052_statement_DFA,1052,DFA,174,2,1.0,1.0
block6,no_mlp,actor_1052_statement_IOM,1052,IOM,174,2,1.0,1.0
block6,no_mlp,actor_1052_statement_ITH,1052,ITH,174,2,0.5,1.0
block6,no_mlp,actor_1052_statement_ITS,1052,ITS,174,2,1.0,1.0
block6,no_mlp,actor_1052_statement_IWL,1052,IWL,174,2,0.0,0.0
block6,no_mlp,actor_1052_statement_IWW,1052,IWW,174,2,0.5,1.0
block6,no_mlp,actor_1052_statement_MTI,1052,MTI,174,2,1.0,1.0
block6,no_mlp,actor_1052_statement_TAI,1052,TAI,174,2,1.0,1.0
block6,no_mlp,actor_1052_statement_TIE,1052,TIE,174,2,1.0,1.0
block6,no_mlp,actor_1052_statement_TSI,1052,TSI,174,2,1.0,1.0
block6,no_mlp,actor_1052_statement_WSI,1052,WSI,174,2,1.0,1.0
block6,no_mlp,actor_1053_statement_DFA,1053,DFA,174,2,1.0,1.0
block6,no_mlp,actor_1053_statement_IOM,1053,IOM,174,2,0.5,1.0
block6,no_mlp,actor_1053_statement_ITH,1053,ITH,174,2,1.0,1.0
block6,no_mlp,actor_1053_statement_ITS,1053,ITS,174,2,1.0,1.0
block6,no_mlp,actor_1053_statement_IWL,1053,IWL,174,2,1.0,1.0
block6,no_mlp,actor_1053_statement_IWW,1053,IWW,174,2,1.0,1.0
block6,no_mlp,actor_1053_statement_MTI,1053,MTI,174,2,1.0,1.0
block6,no_mlp,actor_1053_statement_TAI,1053,TAI,174,2,0.5,0.0
block6,no_mlp,actor_1053_statement_TIE,1053,TIE,174,2,1.0,1.0
block6,no_mlp,actor_1053_statement_TSI,1053,TSI,174,2,0.5,1.0
block6,no_mlp,actor_1053_statement_WSI,1053,WSI,174,2,1.0,1.0
block6,no_mlp,actor_1054_statement_DFA,1054,DFA,174,2,1.0,1.0
block6,no_mlp,actor_1054_statement_IOM,1054,IOM,174,2,1.0,1.0
block6,no_mlp,actor_1054_statement_ITH,1054,ITH,174,2,1.0,1.0
block6,no_mlp,actor_1054_statement_ITS,1054,ITS,174,2,1.0,1.0
block6,no_mlp,actor_1054_statement_IWL,1054,IWL,174,2,1.0,1.0
block6,no_mlp,actor_1054_statement_IWW,1054,IWW,174,2,0.0,0.0
block6,no_mlp,actor_1054_statement_MTI,1054,MTI,174,2,0.5,1.0
block6,no_mlp,actor_1054_statement_TAI,1054,TAI,174,2,0.5,1.0
block6,no_mlp,actor_1054_statement_TIE,1054,TIE,174,2,1.0,1.0
block6,no_mlp,actor_1054_statement_TSI,1054,TSI,174,2,1.0,1.0
block6,no_mlp,actor_1054_statement_WSI,1054,WSI,174,2,0.5,1.0
block6,no_mlp,actor_1055_statement_DFA,1055,DFA,174,2,1.0,1.0
block6,no_mlp,actor_1055_statement_IOM,1055,IOM,174,2,1.0,1.0
block6,no_mlp,actor_1055_statement_ITH,1055,ITH,174,2,0.5,0.0
block6,no_mlp,actor_1055_statement_ITS,1055,ITS,174,2,1.0,1.0
block6,no_mlp,actor_1055_statement_IWL,1055,IWL,174,2,1.0,1.0
block6,no_mlp,actor_1055_statement_IWW,1055,IWW,174,2,1.0,1.0
block6,no_mlp,actor_1055_statement_MTI,1055,MTI,174,2,1.0,1.0
block6,no_mlp,actor_1055_statement_TAI,1055,TAI,174,2,0.5,1.0
block6,no_mlp,actor_1055_statement_TIE,1055,TIE,174,2,0.5,1.0
block6,no_mlp,actor_1055_statement_TSI,1055,TSI,174,2,1.0,1.0
block6,no_mlp,actor_1055_statement_WSI,1055,WSI,174,2,1.0,1.0
block6,no_mlp,actor_1056_statement_DFA,1056,DFA,174,2,1.0,1.0
block6,no_mlp,actor_1056_statement_IOM,1056,IOM,174,2,1.0,1.0
block6,no_mlp,actor_1056_statement_ITH,1056,ITH,174,2,1.0,1.0
block6,no_mlp,actor_1056_statement_ITS,1056,ITS,174,2,0.5,1.0
block6,no_mlp,actor_1056_statement_IWL,1056,IWL,174,2,1.0,1.0
block6,no_mlp,actor_1056_statement_IWW,1056,IWW,174,2,1.0,1.0
block6,no_mlp,actor_1056_statement_MTI,1056,MTI,174,2,1.0,1.0
block6,no_mlp,actor_1056_statement_TAI,1056,TAI,174,2,1.0,1.0
block6,no_mlp,actor_1056_statement_TIE,1056,TIE,174,2,0.5,0.0
block6,no_mlp,actor_1056_statement_TSI,1056,TSI,174,2,0.5,1.0
block6,no_mlp,actor_1056_statement_WSI,1056,WSI,174,2,1.0,1.0
block6,no_mlp,actor_1057_statement_DFA,1057,DFA,174,2,0.5,0.0
block6,no_mlp,actor_1057_statement_IOM,1057,IOM,174,2,1.0,1.0
block6,no_mlp,actor_1057_statement_ITH,1057,ITH,174,2,1.0,1.0
block6,no_mlp,actor_1057_statement_ITS,1057,ITS,174,2,0.5,0.0
block6,no_mlp,actor_1057_statement_IWL,1057,IWL,174,2,1.0,1.0
block6,no_mlp,actor_1057_statement_IWW,1057,IWW,174,2,1.0,1.0
block6,no_mlp,actor_1057_statement_MTI,1057,MTI,174,2,1.0,1.0
block6,no_mlp,actor_1057_statement_TAI,1057,TAI,174,2,1.0,1.0
block6,no_mlp,actor_1057_statement_TIE,1057,TIE,174,2,1.0,1.0
block6,no_mlp,actor_1057_statement_TSI,1057,TSI,174,2,1.0,1.0
block6,no_mlp,actor_1057_statement_WSI,1057,WSI,174,2,1.0,1.0
block6,no_mlp,actor_1058_statement_DFA,1058,DFA,174,2,1.0,1.0
block6,no_mlp,actor_1058_statement_IOM,1058,IOM,174,2,1.0,1.0
block6,no_mlp,actor_1058_statement_ITH,1058,ITH,174,2,1.0,1.0
block6,no_mlp,actor_1058_statement_ITS,1058,ITS,174,2,1.0,1.0
block6,no_mlp,actor_1058_statement_IWL,1058,IWL,174,2,1.0,1.0
block6,no_mlp,actor_1058_statement_IWW,1058,IWW,174,2,1.0,1.0
block6,no_mlp,actor_1058_statement_MTI,1058,MTI,174,2,1.0,1.0
block6,no_mlp,actor_1058_statement_TAI,1058,TAI,174,2,1.0,1.0
block6,no_mlp,actor_1058_statement_TIE,1058,TIE,174,2,0.5,0.0
block6,no_mlp,actor_1058_statement_TSI,1058,TSI,174,2,1.0,1.0
block6,no_mlp,actor_1058_statement_WSI,1058,WSI,174,2,1.0,1.0
block6,no_mlp,actor_1059_statement_DFA,1059,DFA,174,2,1.0,1.0
block6,no_mlp,actor_1059_statement_IOM,1059,IOM,174,2,1.0,1.0
block6,no_mlp,actor_1059_statement_ITH,1059,ITH,174,2,1.0,1.0
block6,no_mlp,actor_1059_statement_ITS,1059,ITS,174,2,1.0,1.0
block6,no_mlp,actor_1059_statement_IWL,1059,IWL,174,2,1.0,1.0
block6,no_mlp,actor_1059_statement_IWW,1059,IWW,174,2,0.5,1.0
block6,no_mlp,actor_1059_statement_MTI,1059,MTI,174,2,0.5,1.0
block6,no_mlp,actor_1059_statement_TAI,1059,TAI,174,2,1.0,1.0
block6,no_mlp,actor_1059_statement_TIE,1059,TIE,174,2,0.5,1.0
block6,no_mlp,actor_1059_statement_TSI,1059,TSI,174,2,0.5,1.0
block6,no_mlp,actor_1059_statement_WSI,1059,WSI,174,2,0.5,1.0
block6,no_mlp,actor_1060_statement_DFA,1060,DFA,174,2,1.0,1.0
block6,no_mlp,actor_1060_statement_IOM,1060,IOM,174,2,1.0,1.0
block6,no_mlp,actor_1060_statement_ITH,1060,ITH,174,2,0.5,1.0
block6,no_mlp,actor_1060_statement_ITS,1060,ITS,174,2,0.5,1.0
block6,no_mlp,actor_1060_statement_IWL,1060,IWL,174,2,1.0,1.0
block6,no_mlp,actor_1060_statement_IWW,1060,IWW,174,2,0.5,1.0
block6,no_mlp,actor_1060_statement_MTI,1060,MTI,174,2,1.0,1.0
block6,no_mlp,actor_1060_statement_TAI,1060,TAI,174,2,1.0,1.0
block6,no_mlp,actor_1060_statement_TIE,1060,TIE,174,2,0.5,1.0
block6,no_mlp,actor_1060_statement_TSI,1060,TSI,174,2,0.5,1.0
block6,no_mlp,actor_1060_statement_WSI,1060,WSI,174,2,1.0,1.0
block6,no_mlp,actor_1061_statement_DFA,1061,DFA,174,2,1.0,1.0
block6,no_mlp,actor_1061_statement_IOM,1061,IOM,174,2,1.0,1.0
block6,no_mlp,actor_1061_statement_ITH,1061,ITH,174,2,0.5,1.0
block6,no_mlp,actor_1061_statement_ITS,1061,ITS,174,2,1.0,1.0
block6,no_mlp,actor_1061_statement_IWL,1061,IWL,174,2,0.5,1.0
block6,no_mlp,actor_1061_statement_IWW,1061,IWW,174,2,1.0,1.0
block6,no_mlp,actor_1061_statement_MTI,1061,MTI,174,2,1.0,1.0
block6,no_mlp,actor_1061_statement_TAI,1061,TAI,174,2,0.5,1.0
block6,no_mlp,actor_1061_statement_TIE,1061,TIE,174,2,1.0,1.0
block6,no_mlp,actor_1061_statement_TSI,1061,TSI,174,2,1.0,1.0
block6,no_mlp,actor_1061_statement_WSI,1061,WSI,174,2,1.0,1.0
block6,no_mlp,actor_1062_statement_DFA,1062,DFA,174,2,1.0,1.0
block6,no_mlp,actor_1062_statement_IOM,1062,IOM,174,2,1.0,1.0
block6,no_mlp,actor_1062_statement_ITH,1062,ITH,174,2,1.0,1.0
block6,no_mlp,actor_1062_statement_ITS,1062,ITS,174,2,1.0,1.0
block6,no_mlp,actor_1062_statement_IWL,1062,IWL,174,2,0.5,0.0
block6,no_mlp,actor_1062_statement_IWW,1062,IWW,174,2,0.0,0.0
block6,no_mlp,actor_1062_statement_MTI,1062,MTI,174,2,1.0,1.0
block6,no_mlp,actor_1062_statement_TAI,1062,TAI,174,2,1.0,1.0
block6,no_mlp,actor_1062_statement_TIE,1062,TIE,174,2,1.0,1.0
block6,no_mlp,actor_1062_statement_TSI,1062,TSI,174,2,0.5,1.0
block6,no_mlp,actor_1062_statement_WSI,1062,WSI,174,2,1.0,1.0
block6,no_mlp,actor_1063_statement_DFA,1063,DFA,174,2,1.0,1.0
block6,no_mlp,actor_1063_statement_IOM,1063,IOM,174,2,1.0,1.0
block6,no_mlp,actor_1063_statement_ITH,1063,ITH,174,2,0.5,1.0
block6,no_mlp,actor_1063_statement_ITS,1063,ITS,174,2,1.0,1.0
block6,no_mlp,actor_1063_statement_IWL,1063,IWL,174,2,1.0,1.0
block6,no_mlp,actor_1063_statement_IWW,1063,IWW,174,2,1.0,1.0
block6,no_mlp,actor_1063_statement_MTI,1063,MTI,174,2,1.0,1.0
block6,no_mlp,actor_1063_statement_TAI,1063,TAI,174,2,1.0,1.0
block6,no_mlp,actor_1063_statement_TIE,1063,TIE,174,2,1.0,1.0
block6,no_mlp,actor_1063_statement_TSI,1063,TSI,174,2,1.0,1.0
block6,no_mlp,actor_1063_statement_WSI,1063,WSI,174,2,1.0,1.0
block6,no_mlp,actor_1064_statement_DFA,1064,DFA,174,2,0.5,1.0
block6,no_mlp,actor_1064_statement_IOM,1064,IOM,174,2,1.0,1.0
block6,no_mlp,actor_1064_statement_ITH,1064,ITH,174,2,1.0,1.0
block6,no_mlp,actor_1064_statement_ITS,1064,ITS,174,2,1.0,1.0
block6,no_mlp,actor_1064_statement_IWL,1064,IWL,174,2,0.5,1.0
block6,no_mlp,actor_1064_statement_IWW,1064,IWW,174,2,0.5,1.0
block6,no_mlp,actor_1064_statement_MTI,1064,MTI,174,2,1.0,1.0
block6,no_mlp,actor_1064_statement_TAI,1064,TAI,174,2,1.0,1.0
block6,no_mlp,actor_1064_statement_TIE,1064,TIE,174,2,0.5,1.0
block6,no_mlp,actor_1064_statement_TSI,1064,TSI,174,2,1.0,1.0
block6,no_mlp,actor_1064_statement_WSI,1064,WSI,174,2,0.5,1.0
block6,no_mlp,actor_1065_statement_DFA,1065,DFA,174,2,1.0,1.0
block6,no_mlp,actor_1065_statement_IOM,1065,IOM,174,2,1.0,1.0
block6,no_mlp,actor_1065_statement_ITH,1065,ITH,174,2,1.0,1.0
block6,no_mlp,actor_1065_statement_ITS,1065,ITS,174,2,0.5,1.0
block6,no_mlp,actor_1065_statement_IWL,1065,IWL,174,2,1.0,1.0
block6,no_mlp,actor_1065_statement_IWW,1065,IWW,174,2,1.0,1.0
block6,no_mlp,actor_1065_statement_MTI,1065,MTI,174,2,1.0,1.0
block6,no_mlp,actor_1065_statement_TAI,1065,TAI,174,2,1.0,1.0
block6,no_mlp,actor_1065_statement_TIE,1065,TIE,174,2,1.0,1.0
block6,no_mlp,actor_1065_statement_TSI,1065,TSI,174,2,1.0,1.0
block6,no_mlp,actor_1065_statement_WSI,1065,WSI,174,2,1.0,1.0
block6,no_mlp,actor_1066_statement_DFA,1066,DFA,174,2,1.0,1.0
block6,no_mlp,actor_1066_statement_IOM,1066,IOM,174,2,0.5,1.0
block6,no_mlp,actor_1066_statement_ITH,1066,ITH,174,2,1.0,1.0
block6,no_mlp,actor_1066_statement_ITS,1066,ITS,174,2,1.0,1.0
block6,no_mlp,actor_1066_statement_IWL,1066,IWL,174,2,0.5,1.0
block6,no_mlp,actor_1066_statement_IWW,1066,IWW,174,2,0.5,1.0
block6,no_mlp,actor_1066_statement_MTI,1066,MTI,174,2,0.5,1.0
block6,no_mlp,actor_1066_statement_TAI,1066,TAI,174,2,1.0,1.0
block6,no_mlp,actor_1066_statement_TIE,1066,TIE,174,2,1.0,1.0
block6,no_mlp,actor_1066_statement_TSI,1066,TSI,174,2,1.0,1.0
block6,no_mlp,actor_1066_statement_WSI,1066,WSI,174,2,0.5,0.0
block6,no_mlp,actor_1067_statement_DFA,1067,DFA,174,2,1.0,1.0
block6,no_mlp,actor_1067_statement_IOM,1067,IOM,174,2,0.0,0.0
block6,no_mlp,actor_1067_statement_ITH,1067,ITH,174,2,0.5,1.0
block6,no_mlp,actor_1067_statement_ITS,1067,ITS,174,2,1.0,1.0
block6,no_mlp,actor_1067_statement_IWL,1067,IWL,174,2,1.0,1.0
block6,no_mlp,actor_1067_statement_IWW,1067,IWW,174,2,0.0,0.0
block6,no_mlp,actor_1067_statement_MTI,1067,MTI,174,2,1.0,1.0
block6,no_mlp,actor_1067_statement_TAI,1067,TAI,174,2,0.5,1.0
block6,no_mlp,actor_1067_statement_TIE,1067,TIE,174,2,0.5,1.0
block6,no_mlp,actor_1067_statement_TSI,1067,TSI,174,2,0.0,0.0
block6,no_mlp,actor_1067_statement_WSI,1067,WSI,174,2,1.0,1.0
block6,no_mlp,actor_1068_statement_DFA,1068,DFA,174,2,1.0,1.0
block6,no_mlp,actor_1068_statement_IOM,1068,IOM,174,2,0.5,1.0
block6,no_mlp,actor_1068_statement_ITH,1068,ITH,174,2,1.0,1.0
block6,no_mlp,actor_1068_statement_ITS,1068,ITS,174,2,1.0,1.0
block6,no_mlp,actor_1068_statement_IWL,1068,IWL,174,2,1.0,1.0
block6,no_mlp,actor_1068_statement_IWW,1068,IWW,174,2,1.0,1.0
block6,no_mlp,actor_1068_statement_MTI,1068,MTI,174,2,1.0,1.0
block6,no_mlp,actor_1068_statement_TAI,1068,TAI,174,2,1.0,1.0
block6,no_mlp,actor_1068_statement_TIE,1068,TIE,174,2,1.0,1.0
block6,no_mlp,actor_1068_statement_TSI,1068,TSI,174,2,1.0,1.0
block6,no_mlp,actor_1068_statement_WSI,1068,WSI,174,2,1.0,1.0
block6,no_mlp,actor_1069_statement_DFA,1069,DFA,174,2,1.0,1.0
block6,no_mlp,actor_1069_statement_IOM,1069,IOM,174,2,1.0,1.0
block6,no_mlp,actor_1069_statement_ITH,1069,ITH,174,2,0.5,1.0
block6,no_mlp,actor_1069_statement_ITS,1069,ITS,174,2,1.0,1.0
block6,no_mlp,actor_1069_statement_IWL,1069,IWL,174,2,1.0,1.0
block6,no_mlp,actor_1069_statement_IWW,1069,IWW,174,2,0.5,1.0
block6,no_mlp,actor_1069_statement_MTI,1069,MTI,174,2,1.0,1.0
block6,no_mlp,actor_1069_statement_TAI,1069,TAI,174,2,1.0,1.0
block6,no_mlp,actor_1069_statement_TIE,1069,TIE,174,2,0.5,1.0
block6,no_mlp,actor_1069_statement_TSI,1069,TSI,174,2,0.5,1.0
block6,no_mlp,actor_1069_statement_WSI,1069,WSI,174,2,0.5,1.0
block6,no_mlp,actor_1070_statement_DFA,1070,DFA,174,2,1.0,1.0
block6,no_mlp,actor_1070_statement_IOM,1070,IOM,174,2,1.0,1.0
block6,no_mlp,actor_1070_statement_ITH,1070,ITH,174,2,0.5,1.0
block6,no_mlp,actor_1070_statement_ITS,1070,ITS,174,2,0.5,1.0
block6,no_mlp,actor_1070_statement_IWL,1070,IWL,174,2,0.5,1.0
block6,no_mlp,actor_1070_statement_IWW,1070,IWW,174,2,1.0,1.0
block6,no_mlp,actor_1070_statement_MTI,1070,MTI,174,2,1.0,1.0
block6,no_mlp,actor_1070_statement_TAI,1070,TAI,174,2,0.5,1.0
block6,no_mlp,actor_1070_statement_TIE,1070,TIE,174,2,1.0,1.0
block6,no_mlp,actor_1070_statement_TSI,1070,TSI,174,2,0.5,1.0
block6,no_mlp,actor_1070_statement_WSI,1070,WSI,174,2,0.5,1.0
block6,no_mlp,actor_1071_statement_DFA,1071,DFA,174,2,1.0,1.0
block6,no_mlp,actor_1071_statement_IOM,1071,IOM,174,2,1.0,1.0
block6,no_mlp,actor_1071_statement_ITH,1071,ITH,174,2,1.0,1.0
block6,no_mlp,actor_1071_statement_ITS,1071,ITS,174,2,1.0,1.0
block6,no_mlp,actor_1071_statement_IWL,1071,IWL,174,2,1.0,1.0
block6,no_mlp,actor_1071_statement_IWW,1071,IWW,174,2,1.0,1.0
block6,no_mlp,actor_1071_statement_MTI,1071,MTI,174,2,1.0,1.0
block6,no_mlp,actor_1071_statement_TAI,1071,TAI,174,2,1.0,1.0
block6,no_mlp,actor_1071_statement_TIE,1071,TIE,174,2,0.5,1.0
block6,no_mlp,actor_1071_statement_TSI,1071,TSI,174,2,1.0,1.0
block6,no_mlp,actor_1071_statement_WSI,1071,WSI,174,2,1.0,1.0
block6,no_mlp,actor_1072_statement_DFA,1072,DFA,174,2,1.0,1.0
block6,no_mlp,actor_1072_statement_IOM,1072,IOM,174,2,1.0,1.0
block6,no_mlp,actor_1072_statement_ITH,1072,ITH,174,2,1.0,1.0
block6,no_mlp,actor_1072_statement_ITS,1072,ITS,174,2,0.5,1.0
block6,no_mlp,actor_1072_statement_IWL,1072,IWL,174,2,1.0,1.0
block6,no_mlp,actor_1072_statement_IWW,1072,IWW,174,2,0.5,0.0
block6,no_mlp,actor_1072_statement_MTI,1072,MTI,174,2,1.0,1.0
block6,no_mlp,actor_1072_statement_TAI,1072,TAI,174,2,1.0,1.0
block6,no_mlp,actor_1072_statement_TIE,1072,TIE,174,2,1.0,1.0
block6,no_mlp,actor_1072_statement_TSI,1072,TSI,174,2,0.5,0.0
block6,no_mlp,actor_1072_statement_WSI,1072,WSI,174,2,0.5,1.0
block6,no_mlp,actor_1073_statement_DFA,1073,DFA,174,2,1.0,1.0
block6,no_mlp,actor_1073_statement_IOM,1073,IOM,174,2,1.0,1.0
block6,no_mlp,actor_1073_statement_ITH,1073,ITH,174,2,1.0,1.0
block6,no_mlp,actor_1073_statement_ITS,1073,ITS,174,2,1.0,1.0
block6,no_mlp,actor_1073_statement_IWL,1073,IWL,174,2,1.0,1.0
block6,no_mlp,actor_1073_statement_IWW,1073,IWW,174,2,0.5,1.0
block6,no_mlp,actor_1073_statement_MTI,1073,MTI,174,2,0.0,0.0
block6,no_mlp,actor_1073_statement_TAI,1073,TAI,174,2,1.0,1.0
block6,no_mlp,actor_1073_statement_TIE,1073,TIE,174,2,0.5,0.0
block6,no_mlp,actor_1073_statement_TSI,1073,TSI,174,2,1.0,1.0
block6,no_mlp,actor_1073_statement_WSI,1073,WSI,174,2,0.5,1.0
block6,no_mlp,actor_1074_statement_DFA,1074,DFA,174,2,1.0,1.0
block6,no_mlp,actor_1074_statement_IOM,1074,IOM,174,2,1.0,1.0
block6,no_mlp,actor_1074_statement_ITH,1074,ITH,174,2,1.0,1.0
block6,no_mlp,actor_1074_statement_ITS,1074,ITS,174,2,1.0,1.0
block6,no_mlp,actor_1074_statement_IWL,1074,IWL,174,2,1.0,1.0
block6,no_mlp,actor_1074_statement_IWW,1074,IWW,174,2,1.0,1.0
block6,no_mlp,actor_1074_statement_MTI,1074,MTI,174,2,0.5,1.0
block6,no_mlp,actor_1074_statement_TAI,1074,TAI,174,2,1.0,1.0
block6,no_mlp,actor_1074_statement_TIE,1074,TIE,174,2,1.0,1.0
block6,no_mlp,actor_1074_statement_TSI,1074,TSI,174,2,1.0,1.0
block6,no_mlp,actor_1074_statement_WSI,1074,WSI,174,2,1.0,1.0
block6,no_mlp,actor_1075_statement_DFA,1075,DFA,174,2,1.0,1.0
block6,no_mlp,actor_1075_statement_IOM,1075,IOM,174,2,1.0,1.0
block6,no_mlp,actor_1075_statement_ITH,1075,ITH,174,2,1.0,1.0
block6,no_mlp,actor_1075_statement_ITS,1075,ITS,174,2,0.5,1.0
block6,no_mlp,actor_1075_statement_IWL,1075,IWL,174,2,1.0,1.0
block6,no_mlp,actor_1075_statement_IWW,1075,IWW,174,2,1.0,1.0
block6,no_mlp,actor_1075_statement_MTI,1075,MTI,174,2,1.0,1.0
block6,no_mlp,actor_1075_statement_TAI,1075,TAI,174,2,1.0,1.0
block6,no_mlp,actor_1075_statement_TIE,1075,TIE,174,2,0.5,1.0
block6,no_mlp,actor_1075_statement_TSI,1075,TSI,174,2,1.0,1.0
block6,no_mlp,actor_1075_statement_WSI,1075,WSI,174,2,1.0,1.0
block6,no_mlp,actor_1076_statement_DFA,1076,DFA,174,2,1.0,1.0
block6,no_mlp,actor_1076_statement_IOM,1076,IOM,174,2,0.5,1.0
block6,no_mlp,actor_1076_statement_ITH,1076,ITH,174,2,0.5,1.0
block6,no_mlp,actor_1076_statement_ITS,1076,ITS,174,2,1.0,1.0
block6,no_mlp,actor_1076_statement_IWL,1076,IWL,174,2,1.0,1.0
block6,no_mlp,actor_1076_statement_IWW,1076,IWW,174,2,1.0,1.0
block6,no_mlp,actor_1076_statement_MTI,1076,MTI,174,2,0.5,0.0
block6,no_mlp,actor_1076_statement_TAI,1076,TAI,174,2,1.0,1.0
block6,no_mlp,actor_1076_statement_TIE,1076,TIE,174,2,1.0,1.0
block6,no_mlp,actor_1076_statement_TSI,1076,TSI,174,2,1.0,1.0
block6,no_mlp,actor_1076_statement_WSI,1076,WSI,174,2,1.0,1.0
block6,no_mlp,actor_1077_statement_DFA,1077,DFA,174,2,0.5,1.0
block6,no_mlp,actor_1077_statement_IOM,1077,IOM,174,2,0.5,1.0
block6,no_mlp,actor_1077_statement_ITH,1077,ITH,174,2,0.5,0.0
block6,no_mlp,actor_1077_statement_ITS,1077,ITS,174,2,0.5,1.0
block6,no_mlp,actor_1077_statement_IWL,1077,IWL,174,2,1.0,1.0
block6,no_mlp,actor_1077_statement_IWW,1077,IWW,174,2,0.5,0.0
block6,no_mlp,actor_1077_statement_MTI,1077,MTI,174,2,1.0,1.0
block6,no_mlp,actor_1077_statement_TAI,1077,TAI,174,2,1.0,1.0
block6,no_mlp,actor_1077_statement_TIE,1077,TIE,174,2,0.5,1.0
block6,no_mlp,actor_1077_statement_TSI,1077,TSI,174,2,1.0,1.0
block6,no_mlp,actor_1077_statement_WSI,1077,WSI,174,2,0.5,1.0
block6,no_mlp,actor_1078_statement_DFA,1078,DFA,174,2,1.0,1.0
block6,no_mlp,actor_1078_statement_IOM,1078,IOM,174,2,0.5,1.0
block6,no_mlp,actor_1078_statement_ITH,1078,ITH,174,2,1.0,1.0
block6,no_mlp,actor_1078_statement_ITS,1078,ITS,174,2,1.0,1.0
block6,no_mlp,actor_1078_statement_IWL,1078,IWL,174,2,0.5,1.0
block6,no_mlp,actor_1078_statement_IWW,1078,IWW,174,2,1.0,1.0
block6,no_mlp,actor_1078_statement_MTI,1078,MTI,174,2,0.5,1.0
block6,no_mlp,actor_1078_statement_TAI,1078,TAI,174,2,1.0,1.0
block6,no_mlp,actor_1078_statement_TIE,1078,TIE,174,2,1.0,1.0
block6,no_mlp,actor_1078_statement_TSI,1078,TSI,174,2,1.0,1.0
block6,no_mlp,actor_1078_statement_WSI,1078,WSI,174,2,1.0,1.0
block6,no_mlp,actor_1079_statement_DFA,1079,DFA,174,2,0.5,1.0
block6,no_mlp,actor_1079_statement_IOM,1079,IOM,174,2,1.0,1.0
block6,no_mlp,actor_1079_statement_ITH,1079,ITH,174,2,1.0,1.0
block6,no_mlp,actor_1079_statement_ITS,1079,ITS,174,2,1.0,1.0
block6,no_mlp,actor_1079_statement_IWL,1079,IWL,174,2,0.5,1.0
block6,no_mlp,actor_1079_statement_IWW,1079,IWW,174,2,0.5,1.0
block6,no_mlp,actor_1079_statement_MTI,1079,MTI,174,2,1.0,1.0
block6,no_mlp,actor_1079_statement_TAI,1079,TAI,174,2,1.0,1.0
block6,no_mlp,actor_1079_statement_TIE,1079,TIE,174,2,1.0,1.0
block6,no_mlp,actor_1079_statement_TSI,1079,TSI,174,2,0.5,1.0
block6,no_mlp,actor_1079_statement_WSI,1079,WSI,174,2,0.5,1.0
block6,no_mlp,actor_1080_statement_DFA,1080,DFA,174,2,1.0,1.0
block6,no_mlp,actor_1080_statement_IOM,1080,IOM,174,2,1.0,1.0
block6,no_mlp,actor_1080_statement_ITH,1080,ITH,174,2,1.0,1.0
block6,no_mlp,actor_1080_statement_ITS,1080,ITS,174,2,1.0,1.0
block6,no_mlp,actor_1080_statement_IWL,1080,IWL,174,2,1.0,1.0
block6,no_mlp,actor_1080_statement_IWW,1080,IWW,174,2,1.0,1.0
block6,no_mlp,actor_1080_statement_MTI,1080,MTI,174,2,1.0,1.0
block6,no_mlp,actor_1080_statement_TAI,1080,TAI,174,2,1.0,1.0
block6,no_mlp,actor_1080_statement_TIE,1080,TIE,174,2,1.0,1.0
block6,no_mlp,actor_1080_statement_TSI,1080,TSI,174,2,1.0,1.0
block6,no_mlp,actor_1080_statement_WSI,1080,WSI,174,2,1.0,1.0
block6,no_mlp,actor_1081_statement_DFA,1081,DFA,174,2,1.0,1.0
block6,no_mlp,actor_1081_statement_IOM,1081,IOM,174,2,0.5,1.0
block6,no_mlp,actor_1081_statement_ITH,1081,ITH,174,2,1.0,1.0
block6,no_mlp,actor_1081_statement_ITS,1081,ITS,174,2,1.0,1.0
block6,no_mlp,actor_1081_statement_IWL,1081,IWL,174,2,1.0,1.0
block6,no_mlp,actor_1081_statement_IWW,1081,IWW,174,2,1.0,1.0
block6,no_mlp,actor_1081_statement_MTI,1081,MTI,174,2,1.0,1.0
block6,no_mlp,actor_1081_statement_TAI,1081,TAI,174,2,1.0,1.0
block6,no_mlp,actor_1081_statement_TIE,1081,TIE,174,2,1.0,1.0
block6,no_mlp,actor_1081_statement_TSI,1081,TSI,174,2,1.0,1.0
block6,no_mlp,actor_1081_statement_WSI,1081,WSI,174,2,1.0,1.0
block6,no_mlp,actor_1082_statement_DFA,1082,DFA,174,2,0.5,1.0
block6,no_mlp,actor_1082_statement_IOM,1082,IOM,174,2,0.5,1.0
block6,no_mlp,actor_1082_statement_ITH,1082,ITH,174,2,1.0,1.0
block6,no_mlp,actor_1082_statement_ITS,1082,ITS,174,2,0.5,1.0
block6,no_mlp,actor_1082_statement_IWL,1082,IWL,174,2,0.5,1.0
block6,no_mlp,actor_1082_statement_IWW,1082,IWW,174,2,0.5,1.0
block6,no_mlp,actor_1082_statement_MTI,1082,MTI,174,2,0.5,0.0
block6,no_mlp,actor_1082_statement_TAI,1082,TAI,174,2,0.5,1.0
block6,no_mlp,actor_1082_statement_TIE,1082,TIE,174,2,0.5,1.0
block6,no_mlp,actor_1082_statement_TSI,1082,TSI,174,2,1.0,1.0
block6,no_mlp,actor_1082_statement_WSI,1082,WSI,174,2,0.5,1.0
block6,no_mlp,actor_1083_statement_DFA,1083,DFA,174,2,0.5,0.0
block6,no_mlp,actor_1083_statement_IOM,1083,IOM,174,2,1.0,1.0
block6,no_mlp,actor_1083_statement_ITH,1083,ITH,174,2,1.0,1.0
block6,no_mlp,actor_1083_statement_ITS,1083,ITS,174,2,1.0,1.0
block6,no_mlp,actor_1083_statement_IWL,1083,IWL,174,2,1.0,1.0
block6,no_mlp,actor_1083_statement_IWW,1083,IWW,174,2,1.0,1.0
block6,no_mlp,actor_1083_statement_MTI,1083,MTI,174,2,1.0,1.0
block6,no_mlp,actor_1083_statement_TAI,1083,TAI,174,2,0.5,0.0
block6,no_mlp,actor_1083_statement_TIE,1083,TIE,174,2,1.0,1.0
block6,no_mlp,actor_1083_statement_TSI,1083,TSI,174,2,0.5,1.0
block6,no_mlp,actor_1083_statement_WSI,1083,WSI,174,2,1.0,1.0
block6,no_mlp,actor_1084_statement_DFA,1084,DFA,174,2,0.5,1.0
block6,no_mlp,actor_1084_statement_IOM,1084,IOM,174,2,0.5,1.0
block6,no_mlp,actor_1084_statement_ITH,1084,ITH,174,2,1.0,1.0
block6,no_mlp,actor_1084_statement_ITS,1084,ITS,174,2,1.0,1.0
block6,no_mlp,actor_1084_statement_IWL,1084,IWL,174,2,1.0,1.0
block6,no_mlp,actor_1084_statement_IWW,1084,IWW,174,2,1.0,1.0
block6,no_mlp,actor_1084_statement_MTI,1084,MTI,174,2,1.0,1.0
block6,no_mlp,actor_1084_statement_TAI,1084,TAI,174,2,0.5,1.0
block6,no_mlp,actor_1084_statement_TIE,1084,TIE,174,2,0.5,1.0
block6,no_mlp,actor_1084_statement_TSI,1084,TSI,174,2,1.0,1.0
block6,no_mlp,actor_1084_statement_WSI,1084,WSI,174,2,1.0,1.0
block6,no_mlp,actor_1085_statement_DFA,1085,DFA,174,2,1.0,1.0
block6,no_mlp,actor_1085_statement_IOM,1085,IOM,174,2,1.0,1.0
block6,no_mlp,actor_1085_statement_ITH,1085,ITH,174,2,0.5,1.0
block6,no_mlp,actor_1085_statement_ITS,1085,ITS,174,2,1.0,1.0
block6,no_mlp,actor_1085_statement_IWL,1085,IWL,174,2,1.0,1.0
block6,no_mlp,actor_1085_statement_IWW,1085,IWW,174,2,0.5,1.0
block6,no_mlp,actor_1085_statement_MTI,1085,MTI,174,2,1.0,1.0
block6,no_mlp,actor_1085_statement_TAI,1085,TAI,174,2,0.5,1.0
block6,no_mlp,actor_1085_statement_TIE,1085,TIE,174,2,1.0,1.0
block6,no_mlp,actor_1085_statement_TSI,1085,TSI,174,2,1.0,1.0
block6,no_mlp,actor_1085_statement_WSI,1085,WSI,174,2,1.0,1.0
block6,no_mlp,actor_1086_statement_DFA,1086,DFA,174,2,0.5,1.0
block6,no_mlp,actor_1086_statement_IOM,1086,IOM,174,2,1.0,1.0
block6,no_mlp,actor_1086_statement_ITH,1086,ITH,174,2,0.5,1.0
block6,no_mlp,actor_1086_statement_ITS,1086,ITS,174,2,1.0,1.0
block6,no_mlp,actor_1086_statement_IWL,1086,IWL,174,2,0.5,1.0
block6,no_mlp,actor_1086_statement_IWW,1086,IWW,174,2,1.0,1.0
block6,no_mlp,actor_1086_statement_MTI,1086,MTI,174,2,1.0,1.0
block6,no_mlp,actor_1086_statement_TAI,1086,TAI,174,2,1.0,1.0
block6,no_mlp,actor_1086_statement_TIE,1086,TIE,174,2,0.5,1.0
block6,no_mlp,actor_1086_statement_TSI,1086,TSI,174,2,1.0,1.0
block6,no_mlp,actor_1086_statement_WSI,1086,WSI,174,2,0.5,1.0
block6,no_mlp,actor_1087_statement_DFA,1087,DFA,174,2,1.0,1.0
block6,no_mlp,actor_1087_statement_IOM,1087,IOM,174,2,0.5,1.0
block6,no_mlp,actor_1087_statement_ITH,1087,ITH,174,2,0.5,1.0
block6,no_mlp,actor_1087_statement_ITS,1087,ITS,174,2,1.0,1.0
block6,no_mlp,actor_1087_statement_IWL,1087,IWL,174,2,1.0,1.0
block6,no_mlp,actor_1087_statement_IWW,1087,IWW,174,2,1.0,1.0
block6,no_mlp,actor_1087_statement_MTI,1087,MTI,174,2,0.5,0.0
block6,no_mlp,actor_1087_statement_TAI,1087,TAI,174,2,1.0,1.0
block6,no_mlp,actor_1087_statement_TIE,1087,TIE,174,2,0.5,0.0
block6,no_mlp,actor_1087_statement_TSI,1087,TSI,174,2,1.0,1.0
block6,no_mlp,actor_1087_statement_WSI,1087,WSI,174,2,1.0,1.0
block6,no_mlp,actor_1088_statement_DFA,1088,DFA,174,2,1.0,1.0
block6,no_mlp,actor_1088_statement_IOM,1088,IOM,174,2,1.0,1.0
block6,no_mlp,actor_1088_statement_ITH,1088,ITH,174,2,0.5,1.0
block6,no_mlp,actor_1088_statement_ITS,1088,ITS,174,2,0.5,1.0
block6,no_mlp,actor_1088_statement_IWL,1088,IWL,174,2,1.0,1.0
block6,no_mlp,actor_1088_statement_IWW,1088,IWW,174,2,1.0,1.0
block6,no_mlp,actor_1088_statement_MTI,1088,MTI,174,2,0.0,0.0
block6,no_mlp,actor_1088_statement_TAI,1088,TAI,174,2,0.5,1.0
block6,no_mlp,actor_1088_statement_TIE,1088,TIE,174,2,0.5,1.0
block6,no_mlp,actor_1088_statement_TSI,1088,TSI,174,2,1.0,1.0
block6,no_mlp,actor_1088_statement_WSI,1088,WSI,174,2,0.5,1.0
block6,no_mlp,actor_1089_statement_DFA,1089,DFA,174,2,1.0,1.0
block6,no_mlp,actor_1089_statement_IOM,1089,IOM,174,2,1.0,1.0
block6,no_mlp,actor_1089_statement_ITH,1089,ITH,174,2,0.5,1.0
block6,no_mlp,actor_1089_statement_ITS,1089,ITS,174,2,1.0,1.0
block6,no_mlp,actor_1089_statement_IWL,1089,IWL,174,2,1.0,1.0
block6,no_mlp,actor_1089_statement_IWW,1089,IWW,174,2,0.5,1.0
block6,no_mlp,actor_1089_statement_MTI,1089,MTI,174,2,1.0,1.0
block6,no_mlp,actor_1089_statement_TAI,1089,TAI,174,2,1.0,1.0
block6,no_mlp,actor_1089_statement_TIE,1089,TIE,174,2,1.0,1.0
block6,no_mlp,actor_1089_statement_TSI,1089,TSI,174,2,1.0,1.0
block6,no_mlp,actor_1089_statement_WSI,1089,WSI,174,2,1.0,1.0
block6,no_mlp,actor_1090_statement_DFA,1090,DFA,174,2,1.0,1.0
block6,no_mlp,actor_1090_statement_IOM,1090,IOM,174,2,1.0,1.0
block6,no_mlp,actor_1090_statement_ITH,1090,ITH,174,2,1.0,1.0
block6,no_mlp,actor_1090_statement_ITS,1090,ITS,174,2,0.5,1.0
block6,no_mlp,actor_1090_statement_IWL,1090,IWL,174,2,0.0,0.0
block6,no_mlp,actor_1090_statement_IWW,1090,IWW,174,2,1.0,1.0
block6,no_mlp,actor_1090_statement_MTI,1090,MTI,174,2,1.0,1.0
block6,no_mlp,actor_1090_statement_TAI,1090,TAI,174,2,1.0,1.0
block6,no_mlp,actor_1090_statement_TIE,1090,TIE,174,2,1.0,1.0
block6,no_mlp,actor_1090_statement_TSI,1090,TSI,174,2,1.0,1.0
block6,no_mlp,actor_1090_statement_WSI,1090,WSI,174,2,1.0,1.0
block6,no_mlp,actor_1091_statement_DFA,1091,DFA,174,2,1.0,1.0
block6,no_mlp,actor_1091_statement_IOM,1091,IOM,174,2,1.0,1.0
block6,no_mlp,actor_1091_statement_ITH,1091,ITH,174,2,0.5,1.0
block6,no_mlp,actor_1091_statement_ITS,1091,ITS,174,2,0.5,1.0
block6,no_mlp,actor_1091_statement_IWL,1091,IWL,174,2,1.0,1.0
block6,no_mlp,actor_1091_statement_IWW,1091,IWW,174,2,0.5,0.0
block6,no_mlp,actor_1091_statement_MTI,1091,MTI,174,2,0.5,1.0
block6,no_mlp,actor_1091_statement_TAI,1091,TAI,174,2,1.0,1.0
block6,no_mlp,actor_1091_statement_TIE,1091,TIE,174,2,1.0,1.0
block6,no_mlp,actor_1091_statement_TSI,1091,TSI,174,2,0.5,1.0
block6,no_mlp,actor_1091_statement_WSI,1091,WSI,174,2,1.0,1.0
final_answer,clean,actor_1001_statement_DFA,1001,DFA,174,2,0.5,1.0
final_answer,clean,actor_1001_statement_IOM,1001,IOM,174,2,1.0,1.0
final_answer,clean,actor_1001_statement_ITH,1001,ITH,174,2,1.0,1.0
final_answer,clean,actor_1001_statement_ITS,1001,ITS,174,2,1.0,1.0
final_answer,clean,actor_1001_statement_IWL,1001,IWL,174,2,1.0,1.0
final_answer,clean,actor_1001_statement_IWW,1001,IWW,174,2,0.5,1.0
final_answer,clean,actor_1001_statement_MTI,1001,MTI,174,2,1.0,1.0
final_answer,clean,actor_1001_statement_TAI,1001,TAI,174,2,1.0,1.0
final_answer,clean,actor_1001_statement_TIE,1001,TIE,174,2,0.5,0.0
final_answer,clean,actor_1001_statement_TSI,1001,TSI,174,2,1.0,1.0
final_answer,clean,actor_1001_statement_WSI,1001,WSI,174,2,1.0,1.0
final_answer,clean,actor_1002_statement_DFA,1002,DFA,174,2,1.0,1.0
final_answer,clean,actor_1002_statement_IOM,1002,IOM,174,2,1.0,1.0
final_answer,clean,actor_1002_statement_ITH,1002,ITH,174,2,0.5,1.0
final_answer,clean,actor_1002_statement_ITS,1002,ITS,174,2,1.0,1.0
final_answer,clean,actor_1002_statement_IWL,1002,IWL,174,2,0.5,1.0
final_answer,clean,actor_1002_statement_IWW,1002,IWW,174,2,1.0,1.0
final_answer,clean,actor_1002_statement_MTI,1002,MTI,174,2,1.0,1.0
final_answer,clean,actor_1002_statement_TAI,1002,TAI,174,2,1.0,1.0
final_answer,clean,actor_1002_statement_TIE,1002,TIE,174,2,0.5,1.0
final_answer,clean,actor_1002_statement_TSI,1002,TSI,174,2,0.5,1.0
final_answer,clean,actor_1002_statement_WSI,1002,WSI,174,2,1.0,1.0
final_answer,clean,actor_1003_statement_DFA,1003,DFA,174,2,0.5,1.0
final_answer,clean,actor_1003_statement_IOM,1003,IOM,174,2,1.0,1.0
final_answer,clean,actor_1003_statement_ITH,1003,ITH,174,2,0.5,1.0
final_answer,clean,actor_1003_statement_ITS,1003,ITS,174,2,0.5,1.0
final_answer,clean,actor_1003_statement_IWL,1003,IWL,174,2,1.0,1.0
final_answer,clean,actor_1003_statement_IWW,1003,IWW,174,2,1.0,1.0
final_answer,clean,actor_1003_statement_MTI,1003,MTI,174,2,0.5,1.0
final_answer,clean,actor_1003_statement_TAI,1003,TAI,174,2,0.5,1.0
final_answer,clean,actor_1003_statement_TIE,1003,TIE,174,2,0.5,0.0
final_answer,clean,actor_1003_statement_TSI,1003,TSI,174,2,0.5,1.0
final_answer,clean,actor_1003_statement_WSI,1003,WSI,174,2,1.0,1.0
final_answer,clean,actor_1004_statement_DFA,1004,DFA,174,2,1.0,1.0
final_answer,clean,actor_1004_statement_IOM,1004,IOM,174,2,0.5,0.0
final_answer,clean,actor_1004_statement_ITH,1004,ITH,174,2,1.0,1.0
final_answer,clean,actor_1004_statement_ITS,1004,ITS,174,2,1.0,1.0
final_answer,clean,actor_1004_statement_IWL,1004,IWL,174,2,0.5,0.0
final_answer,clean,actor_1004_statement_IWW,1004,IWW,174,2,1.0,1.0
final_answer,clean,actor_1004_statement_MTI,1004,MTI,174,2,1.0,1.0
final_answer,clean,actor_1004_statement_TAI,1004,TAI,174,2,1.0,1.0
final_answer,clean,actor_1004_statement_TIE,1004,TIE,174,2,0.5,1.0
final_answer,clean,actor_1004_statement_TSI,1004,TSI,174,2,0.5,0.0
final_answer,clean,actor_1004_statement_WSI,1004,WSI,174,2,0.5,1.0
final_answer,clean,actor_1005_statement_DFA,1005,DFA,174,2,1.0,1.0
final_answer,clean,actor_1005_statement_IOM,1005,IOM,174,2,1.0,1.0
final_answer,clean,actor_1005_statement_ITH,1005,ITH,174,2,1.0,1.0
final_answer,clean,actor_1005_statement_ITS,1005,ITS,174,2,0.5,1.0
final_answer,clean,actor_1005_statement_IWL,1005,IWL,174,2,1.0,1.0
final_answer,clean,actor_1005_statement_IWW,1005,IWW,174,2,1.0,1.0
final_answer,clean,actor_1005_statement_MTI,1005,MTI,174,2,0.5,0.0
final_answer,clean,actor_1005_statement_TAI,1005,TAI,174,2,0.5,0.0
final_answer,clean,actor_1005_statement_TIE,1005,TIE,174,2,1.0,1.0
final_answer,clean,actor_1005_statement_TSI,1005,TSI,174,2,1.0,1.0
final_answer,clean,actor_1005_statement_WSI,1005,WSI,174,2,0.5,1.0
final_answer,clean,actor_1006_statement_DFA,1006,DFA,174,2,1.0,1.0
final_answer,clean,actor_1006_statement_IOM,1006,IOM,174,2,1.0,1.0
final_answer,clean,actor_1006_statement_ITH,1006,ITH,174,2,1.0,1.0
final_answer,clean,actor_1006_statement_ITS,1006,ITS,174,2,1.0,1.0
final_answer,clean,actor_1006_statement_IWL,1006,IWL,174,2,0.5,0.0
final_answer,clean,actor_1006_statement_IWW,1006,IWW,174,2,0.5,0.0
final_answer,clean,actor_1006_statement_MTI,1006,MTI,174,2,1.0,1.0
final_answer,clean,actor_1006_statement_TAI,1006,TAI,174,2,1.0,1.0
final_answer,clean,actor_1006_statement_TIE,1006,TIE,174,2,1.0,1.0
final_answer,clean,actor_1006_statement_TSI,1006,TSI,174,2,1.0,1.0
final_answer,clean,actor_1006_statement_WSI,1006,WSI,174,2,1.0,1.0
final_answer,clean,actor_1007_statement_DFA,1007,DFA,174,2,1.0,1.0
final_answer,clean,actor_1007_statement_IOM,1007,IOM,174,2,1.0,1.0
final_answer,clean,actor_1007_statement_ITH,1007,ITH,174,2,0.5,1.0
final_answer,clean,actor_1007_statement_ITS,1007,ITS,174,2,0.5,1.0
final_answer,clean,actor_1007_statement_IWL,1007,IWL,174,2,0.5,1.0
final_answer,clean,actor_1007_statement_IWW,1007,IWW,174,2,0.5,1.0
final_answer,clean,actor_1007_statement_MTI,1007,MTI,174,2,0.5,1.0
final_answer,clean,actor_1007_statement_TAI,1007,TAI,174,2,0.5,0.0
final_answer,clean,actor_1007_statement_TIE,1007,TIE,174,2,0.5,1.0
final_answer,clean,actor_1007_statement_TSI,1007,TSI,174,2,1.0,1.0
final_answer,clean,actor_1007_statement_WSI,1007,WSI,174,2,0.5,1.0
final_answer,clean,actor_1010_statement_DFA,1010,DFA,174,2,1.0,1.0
final_answer,clean,actor_1010_statement_IOM,1010,IOM,174,2,1.0,1.0
final_answer,clean,actor_1010_statement_ITH,1010,ITH,174,2,0.5,0.0
final_answer,clean,actor_1010_statement_ITS,1010,ITS,174,2,1.0,1.0
final_answer,clean,actor_1010_statement_IWL,1010,IWL,174,2,0.5,1.0
final_answer,clean,actor_1010_statement_IWW,1010,IWW,174,2,1.0,1.0
final_answer,clean,actor_1010_statement_MTI,1010,MTI,174,2,0.5,1.0
final_answer,clean,actor_1010_statement_TAI,1010,TAI,174,2,0.5,1.0
final_answer,clean,actor_1010_statement_TIE,1010,TIE,174,2,0.5,1.0
final_answer,clean,actor_1010_statement_TSI,1010,TSI,174,2,1.0,1.0
final_answer,clean,actor_1010_statement_WSI,1010,WSI,174,2,1.0,1.0
final_answer,clean,actor_1011_statement_DFA,1011,DFA,174,2,1.0,1.0
final_answer,clean,actor_1011_statement_IOM,1011,IOM,174,2,1.0,1.0
final_answer,clean,actor_1011_statement_ITH,1011,ITH,174,2,1.0,1.0
final_answer,clean,actor_1011_statement_ITS,1011,ITS,174,2,1.0,1.0
final_answer,clean,actor_1011_statement_IWL,1011,IWL,174,2,1.0,1.0
final_answer,clean,actor_1011_statement_IWW,1011,IWW,174,2,0.5,0.0
final_answer,clean,actor_1011_statement_MTI,1011,MTI,174,2,1.0,1.0
final_answer,clean,actor_1011_statement_TAI,1011,TAI,174,2,0.5,1.0
final_answer,clean,actor_1011_statement_TIE,1011,TIE,174,2,0.5,1.0
final_answer,clean,actor_1011_statement_TSI,1011,TSI,174,2,1.0,1.0
final_answer,clean,actor_1011_statement_WSI,1011,WSI,174,2,1.0,1.0
final_answer,clean,actor_1012_statement_DFA,1012,DFA,174,2,0.5,1.0
final_answer,clean,actor_1012_statement_IOM,1012,IOM,174,2,0.0,0.0
final_answer,clean,actor_1012_statement_ITH,1012,ITH,174,2,0.5,1.0
final_answer,clean,actor_1012_statement_ITS,1012,ITS,174,2,1.0,1.0
final_answer,clean,actor_1012_statement_IWL,1012,IWL,174,2,1.0,1.0
final_answer,clean,actor_1012_statement_IWW,1012,IWW,174,2,0.5,1.0
final_answer,clean,actor_1012_statement_MTI,1012,MTI,174,2,0.5,1.0
final_answer,clean,actor_1012_statement_TAI,1012,TAI,174,2,1.0,1.0
final_answer,clean,actor_1012_statement_TIE,1012,TIE,174,2,0.5,1.0
final_answer,clean,actor_1012_statement_TSI,1012,TSI,174,2,1.0,1.0
final_answer,clean,actor_1012_statement_WSI,1012,WSI,174,2,0.5,1.0
final_answer,clean,actor_1013_statement_DFA,1013,DFA,174,2,1.0,1.0
final_answer,clean,actor_1013_statement_IOM,1013,IOM,174,2,1.0,1.0
final_answer,clean,actor_1013_statement_ITH,1013,ITH,174,2,1.0,1.0
final_answer,clean,actor_1013_statement_ITS,1013,ITS,174,2,1.0,1.0
final_answer,clean,actor_1013_statement_IWL,1013,IWL,174,2,1.0,1.0
final_answer,clean,actor_1013_statement_IWW,1013,IWW,174,2,0.5,1.0
final_answer,clean,actor_1013_statement_MTI,1013,MTI,174,2,1.0,1.0
final_answer,clean,actor_1013_statement_TAI,1013,TAI,174,2,1.0,1.0
final_answer,clean,actor_1013_statement_TIE,1013,TIE,174,2,1.0,1.0
final_answer,clean,actor_1013_statement_TSI,1013,TSI,174,2,1.0,1.0
final_answer,clean,actor_1013_statement_WSI,1013,WSI,174,2,0.5,1.0
final_answer,clean,actor_1014_statement_DFA,1014,DFA,174,2,1.0,1.0
final_answer,clean,actor_1014_statement_IOM,1014,IOM,174,2,0.5,1.0
final_answer,clean,actor_1014_statement_ITH,1014,ITH,174,2,1.0,1.0
final_answer,clean,actor_1014_statement_ITS,1014,ITS,174,2,1.0,1.0
final_answer,clean,actor_1014_statement_IWL,1014,IWL,174,2,1.0,1.0
final_answer,clean,actor_1014_statement_IWW,1014,IWW,174,2,1.0,1.0
final_answer,clean,actor_1014_statement_MTI,1014,MTI,174,2,0.5,0.0
final_answer,clean,actor_1014_statement_TAI,1014,TAI,174,2,1.0,1.0
final_answer,clean,actor_1014_statement_TIE,1014,TIE,174,2,1.0,1.0
final_answer,clean,actor_1014_statement_TSI,1014,TSI,174,2,1.0,1.0
final_answer,clean,actor_1014_statement_WSI,1014,WSI,174,2,1.0,1.0
final_answer,clean,actor_1015_statement_DFA,1015,DFA,174,2,0.5,1.0
final_answer,clean,actor_1015_statement_IOM,1015,IOM,174,2,1.0,1.0
final_answer,clean,actor_1015_statement_ITH,1015,ITH,174,2,0.5,1.0
final_answer,clean,actor_1015_statement_ITS,1015,ITS,174,2,1.0,1.0
final_answer,clean,actor_1015_statement_IWL,1015,IWL,174,2,1.0,1.0
final_answer,clean,actor_1015_statement_IWW,1015,IWW,174,2,1.0,1.0
final_answer,clean,actor_1015_statement_MTI,1015,MTI,174,2,1.0,1.0
final_answer,clean,actor_1015_statement_TAI,1015,TAI,174,2,0.5,1.0
final_answer,clean,actor_1015_statement_TIE,1015,TIE,174,2,0.5,0.0
final_answer,clean,actor_1015_statement_TSI,1015,TSI,174,2,1.0,1.0
final_answer,clean,actor_1015_statement_WSI,1015,WSI,174,2,1.0,1.0
final_answer,clean,actor_1016_statement_DFA,1016,DFA,174,2,1.0,1.0
final_answer,clean,actor_1016_statement_IOM,1016,IOM,174,2,1.0,1.0
final_answer,clean,actor_1016_statement_ITH,1016,ITH,174,2,1.0,1.0
final_answer,clean,actor_1016_statement_ITS,1016,ITS,174,2,0.5,1.0
final_answer,clean,actor_1016_statement_IWL,1016,IWL,174,2,1.0,1.0
final_answer,clean,actor_1016_statement_IWW,1016,IWW,174,2,1.0,1.0
final_answer,clean,actor_1016_statement_MTI,1016,MTI,174,2,0.5,0.0
final_answer,clean,actor_1016_statement_TAI,1016,TAI,174,2,0.5,1.0
final_answer,clean,actor_1016_statement_TIE,1016,TIE,174,2,0.5,1.0
final_answer,clean,actor_1016_statement_TSI,1016,TSI,174,2,1.0,1.0
final_answer,clean,actor_1016_statement_WSI,1016,WSI,174,2,1.0,1.0
final_answer,clean,actor_1017_statement_DFA,1017,DFA,174,2,1.0,1.0
final_answer,clean,actor_1017_statement_IOM,1017,IOM,174,2,1.0,1.0
final_answer,clean,actor_1017_statement_ITH,1017,ITH,174,2,1.0,1.0
final_answer,clean,actor_1017_statement_ITS,1017,ITS,174,2,0.5,1.0
final_answer,clean,actor_1017_statement_IWL,1017,IWL,174,2,1.0,1.0
final_answer,clean,actor_1017_statement_IWW,1017,IWW,174,2,1.0,1.0
final_answer,clean,actor_1017_statement_MTI,1017,MTI,174,2,1.0,1.0
final_answer,clean,actor_1017_statement_TAI,1017,TAI,174,2,0.5,1.0
final_answer,clean,actor_1017_statement_TIE,1017,TIE,174,2,1.0,1.0
final_answer,clean,actor_1017_statement_TSI,1017,TSI,174,2,0.5,1.0
final_answer,clean,actor_1017_statement_WSI,1017,WSI,174,2,1.0,1.0
final_answer,clean,actor_1018_statement_DFA,1018,DFA,174,2,1.0,1.0
final_answer,clean,actor_1018_statement_IOM,1018,IOM,174,2,0.5,0.0
final_answer,clean,actor_1018_statement_ITH,1018,ITH,174,2,1.0,1.0
final_answer,clean,actor_1018_statement_ITS,1018,ITS,174,2,1.0,1.0
final_answer,clean,actor_1018_statement_IWL,1018,IWL,174,2,1.0,1.0
final_answer,clean,actor_1018_statement_IWW,1018,IWW,174,2,1.0,1.0
final_answer,clean,actor_1018_statement_MTI,1018,MTI,174,2,1.0,1.0
final_answer,clean,actor_1018_statement_TAI,1018,TAI,174,2,1.0,1.0
final_answer,clean,actor_1018_statement_TIE,1018,TIE,174,2,1.0,1.0
final_answer,clean,actor_1018_statement_TSI,1018,TSI,174,2,1.0,1.0
final_answer,clean,actor_1018_statement_WSI,1018,WSI,174,2,1.0,1.0
final_answer,clean,actor_1020_statement_DFA,1020,DFA,174,2,1.0,1.0
final_answer,clean,actor_1020_statement_IOM,1020,IOM,174,2,1.0,1.0
final_answer,clean,actor_1020_statement_ITH,1020,ITH,174,2,1.0,1.0
final_answer,clean,actor_1020_statement_ITS,1020,ITS,174,2,1.0,1.0
final_answer,clean,actor_1020_statement_IWL,1020,IWL,174,2,1.0,1.0
final_answer,clean,actor_1020_statement_IWW,1020,IWW,174,2,1.0,1.0
final_answer,clean,actor_1020_statement_MTI,1020,MTI,174,2,1.0,1.0
final_answer,clean,actor_1020_statement_TAI,1020,TAI,174,2,1.0,1.0
final_answer,clean,actor_1020_statement_TIE,1020,TIE,174,2,1.0,1.0
final_answer,clean,actor_1020_statement_TSI,1020,TSI,174,2,1.0,1.0
final_answer,clean,actor_1020_statement_WSI,1020,WSI,174,2,1.0,1.0
final_answer,clean,actor_1021_statement_DFA,1021,DFA,174,2,0.5,0.0
final_answer,clean,actor_1021_statement_IOM,1021,IOM,174,2,1.0,1.0
final_answer,clean,actor_1021_statement_ITH,1021,ITH,174,2,0.5,1.0
final_answer,clean,actor_1021_statement_ITS,1021,ITS,174,2,1.0,1.0
final_answer,clean,actor_1021_statement_IWL,1021,IWL,174,2,0.5,1.0
final_answer,clean,actor_1021_statement_IWW,1021,IWW,174,2,1.0,1.0
final_answer,clean,actor_1021_statement_MTI,1021,MTI,174,2,1.0,1.0
final_answer,clean,actor_1021_statement_TAI,1021,TAI,174,2,1.0,1.0
final_answer,clean,actor_1021_statement_TIE,1021,TIE,174,2,1.0,1.0
final_answer,clean,actor_1021_statement_TSI,1021,TSI,174,2,0.5,1.0
final_answer,clean,actor_1021_statement_WSI,1021,WSI,174,2,0.5,1.0
final_answer,clean,actor_1022_statement_DFA,1022,DFA,174,2,1.0,1.0
final_answer,clean,actor_1022_statement_IOM,1022,IOM,174,2,0.5,1.0
final_answer,clean,actor_1022_statement_ITH,1022,ITH,174,2,1.0,1.0
final_answer,clean,actor_1022_statement_ITS,1022,ITS,174,2,1.0,1.0
final_answer,clean,actor_1022_statement_IWL,1022,IWL,174,2,0.0,0.0
final_answer,clean,actor_1022_statement_IWW,1022,IWW,174,2,0.5,0.0
final_answer,clean,actor_1022_statement_MTI,1022,MTI,174,2,0.5,1.0
final_answer,clean,actor_1022_statement_TAI,1022,TAI,174,2,0.5,1.0
final_answer,clean,actor_1022_statement_TIE,1022,TIE,174,2,1.0,1.0
final_answer,clean,actor_1022_statement_TSI,1022,TSI,174,2,1.0,1.0
final_answer,clean,actor_1022_statement_WSI,1022,WSI,174,2,0.5,1.0
final_answer,clean,actor_1023_statement_DFA,1023,DFA,174,2,1.0,1.0
final_answer,clean,actor_1023_statement_IOM,1023,IOM,174,2,1.0,1.0
final_answer,clean,actor_1023_statement_ITH,1023,ITH,174,2,1.0,1.0
final_answer,clean,actor_1023_statement_ITS,1023,ITS,174,2,1.0,1.0
final_answer,clean,actor_1023_statement_IWL,1023,IWL,174,2,1.0,1.0
final_answer,clean,actor_1023_statement_IWW,1023,IWW,174,2,1.0,1.0
final_answer,clean,actor_1023_statement_MTI,1023,MTI,174,2,0.5,0.0
final_answer,clean,actor_1023_statement_TAI,1023,TAI,174,2,0.5,1.0
final_answer,clean,actor_1023_statement_TIE,1023,TIE,174,2,1.0,1.0
final_answer,clean,actor_1023_statement_TSI,1023,TSI,174,2,1.0,1.0
final_answer,clean,actor_1023_statement_WSI,1023,WSI,174,2,1.0,1.0
final_answer,clean,actor_1024_statement_DFA,1024,DFA,174,2,0.5,1.0
final_answer,clean,actor_1024_statement_IOM,1024,IOM,174,2,1.0,1.0
final_answer,clean,actor_1024_statement_ITH,1024,ITH,174,2,1.0,1.0
final_answer,clean,actor_1024_statement_ITS,1024,ITS,174,2,0.5,1.0
final_answer,clean,actor_1024_statement_IWL,1024,IWL,174,2,1.0,1.0
final_answer,clean,actor_1024_statement_IWW,1024,IWW,174,2,1.0,1.0
final_answer,clean,actor_1024_statement_MTI,1024,MTI,174,2,1.0,1.0
final_answer,clean,actor_1024_statement_TAI,1024,TAI,174,2,1.0,1.0
final_answer,clean,actor_1024_statement_TIE,1024,TIE,174,2,1.0,1.0
final_answer,clean,actor_1024_statement_TSI,1024,TSI,174,2,1.0,1.0
final_answer,clean,actor_1024_statement_WSI,1024,WSI,174,2,1.0,1.0
final_answer,clean,actor_1025_statement_DFA,1025,DFA,174,2,1.0,1.0
final_answer,clean,actor_1025_statement_IOM,1025,IOM,174,2,1.0,1.0
final_answer,clean,actor_1025_statement_ITH,1025,ITH,174,2,1.0,1.0
final_answer,clean,actor_1025_statement_ITS,1025,ITS,174,2,0.5,1.0
final_answer,clean,actor_1025_statement_IWL,1025,IWL,174,2,1.0,1.0
final_answer,clean,actor_1025_statement_IWW,1025,IWW,174,2,1.0,1.0
final_answer,clean,actor_1025_statement_MTI,1025,MTI,174,2,0.5,0.0
final_answer,clean,actor_1025_statement_TAI,1025,TAI,174,2,1.0,1.0
final_answer,clean,actor_1025_statement_TIE,1025,TIE,174,2,1.0,1.0
final_answer,clean,actor_1025_statement_TSI,1025,TSI,174,2,0.5,1.0
final_answer,clean,actor_1025_statement_WSI,1025,WSI,174,2,1.0,1.0
final_answer,clean,actor_1026_statement_DFA,1026,DFA,174,2,1.0,1.0
final_answer,clean,actor_1026_statement_IOM,1026,IOM,174,2,1.0,1.0
final_answer,clean,actor_1026_statement_ITH,1026,ITH,174,2,1.0,1.0
final_answer,clean,actor_1026_statement_ITS,1026,ITS,174,2,1.0,1.0
final_answer,clean,actor_1026_statement_IWL,1026,IWL,174,2,1.0,1.0
final_answer,clean,actor_1026_statement_IWW,1026,IWW,174,2,1.0,1.0
final_answer,clean,actor_1026_statement_MTI,1026,MTI,174,2,1.0,1.0
final_answer,clean,actor_1026_statement_TAI,1026,TAI,174,2,1.0,1.0
final_answer,clean,actor_1026_statement_TIE,1026,TIE,174,2,1.0,1.0
final_answer,clean,actor_1026_statement_TSI,1026,TSI,174,2,1.0,1.0
final_answer,clean,actor_1026_statement_WSI,1026,WSI,174,2,0.5,1.0
final_answer,clean,actor_1027_statement_DFA,1027,DFA,174,2,1.0,1.0
final_answer,clean,actor_1027_statement_IOM,1027,IOM,174,2,1.0,1.0
final_answer,clean,actor_1027_statement_ITH,1027,ITH,174,2,1.0,1.0
final_answer,clean,actor_1027_statement_ITS,1027,ITS,174,2,1.0,1.0
final_answer,clean,actor_1027_statement_IWL,1027,IWL,174,2,1.0,1.0
final_answer,clean,actor_1027_statement_IWW,1027,IWW,174,2,0.5,1.0
final_answer,clean,actor_1027_statement_MTI,1027,MTI,174,2,1.0,1.0
final_answer,clean,actor_1027_statement_TAI,1027,TAI,174,2,1.0,1.0
final_answer,clean,actor_1027_statement_TIE,1027,TIE,174,2,0.5,0.0
final_answer,clean,actor_1027_statement_TSI,1027,TSI,174,2,1.0,1.0
final_answer,clean,actor_1027_statement_WSI,1027,WSI,174,2,1.0,1.0
final_answer,clean,actor_1028_statement_DFA,1028,DFA,174,2,1.0,1.0
final_answer,clean,actor_1028_statement_IOM,1028,IOM,174,2,1.0,1.0
final_answer,clean,actor_1028_statement_ITH,1028,ITH,174,2,1.0,1.0
final_answer,clean,actor_1028_statement_ITS,1028,ITS,174,2,1.0,1.0
final_answer,clean,actor_1028_statement_IWL,1028,IWL,174,2,1.0,1.0
final_answer,clean,actor_1028_statement_IWW,1028,IWW,174,2,0.0,0.0
final_answer,clean,actor_1028_statement_MTI,1028,MTI,174,2,1.0,1.0
final_answer,clean,actor_1028_statement_TAI,1028,TAI,174,2,0.5,1.0
final_answer,clean,actor_1028_statement_TIE,1028,TIE,174,2,0.5,0.0
final_answer,clean,actor_1028_statement_TSI,1028,TSI,174,2,1.0,1.0
final_answer,clean,actor_1028_statement_WSI,1028,WSI,174,2,1.0,1.0
final_answer,clean,actor_1029_statement_DFA,1029,DFA,174,2,0.5,1.0
final_answer,clean,actor_1029_statement_IOM,1029,IOM,174,2,1.0,1.0
final_answer,clean,actor_1029_statement_ITH,1029,ITH,174,2,1.0,1.0
final_answer,clean,actor_1029_statement_ITS,1029,ITS,174,2,0.5,1.0
final_answer,clean,actor_1029_statement_IWL,1029,IWL,174,2,1.0,1.0
final_answer,clean,actor_1029_statement_IWW,1029,IWW,174,2,1.0,1.0
final_answer,clean,actor_1029_statement_MTI,1029,MTI,174,2,1.0,1.0
final_answer,clean,actor_1029_statement_TAI,1029,TAI,174,2,1.0,1.0
final_answer,clean,actor_1029_statement_TIE,1029,TIE,174,2,1.0,1.0
final_answer,clean,actor_1029_statement_TSI,1029,TSI,174,2,0.5,1.0
final_answer,clean,actor_1029_statement_WSI,1029,WSI,174,2,1.0,1.0
final_answer,clean,actor_1030_statement_DFA,1030,DFA,174,2,1.0,1.0
final_answer,clean,actor_1030_statement_IOM,1030,IOM,174,2,0.5,0.0
final_answer,clean,actor_1030_statement_ITH,1030,ITH,174,2,1.0,1.0
final_answer,clean,actor_1030_statement_ITS,1030,ITS,174,2,0.5,1.0
final_answer,clean,actor_1030_statement_IWL,1030,IWL,174,2,1.0,1.0
final_answer,clean,actor_1030_statement_IWW,1030,IWW,174,2,0.5,1.0
final_answer,clean,actor_1030_statement_MTI,1030,MTI,174,2,1.0,1.0
final_answer,clean,actor_1030_statement_TAI,1030,TAI,174,2,1.0,1.0
final_answer,clean,actor_1030_statement_TIE,1030,TIE,174,2,1.0,1.0
final_answer,clean,actor_1030_statement_TSI,1030,TSI,174,2,1.0,1.0
final_answer,clean,actor_1030_statement_WSI,1030,WSI,174,2,0.5,1.0
final_answer,clean,actor_1031_statement_DFA,1031,DFA,174,2,1.0,1.0
final_answer,clean,actor_1031_statement_IOM,1031,IOM,174,2,1.0,1.0
final_answer,clean,actor_1031_statement_ITH,1031,ITH,174,2,0.5,1.0
final_answer,clean,actor_1031_statement_ITS,1031,ITS,174,2,1.0,1.0
final_answer,clean,actor_1031_statement_IWL,1031,IWL,174,2,1.0,1.0
final_answer,clean,actor_1031_statement_IWW,1031,IWW,174,2,1.0,1.0
final_answer,clean,actor_1031_statement_MTI,1031,MTI,174,2,1.0,1.0
final_answer,clean,actor_1031_statement_TAI,1031,TAI,174,2,1.0,1.0
final_answer,clean,actor_1031_statement_TIE,1031,TIE,174,2,0.5,1.0
final_answer,clean,actor_1031_statement_TSI,1031,TSI,174,2,1.0,1.0
final_answer,clean,actor_1031_statement_WSI,1031,WSI,174,2,0.0,0.0
final_answer,clean,actor_1032_statement_DFA,1032,DFA,174,2,1.0,1.0
final_answer,clean,actor_1032_statement_IOM,1032,IOM,174,2,0.5,1.0
final_answer,clean,actor_1032_statement_ITH,1032,ITH,174,2,1.0,1.0
final_answer,clean,actor_1032_statement_ITS,1032,ITS,174,2,1.0,1.0
final_answer,clean,actor_1032_statement_IWL,1032,IWL,174,2,1.0,1.0
final_answer,clean,actor_1032_statement_IWW,1032,IWW,174,2,0.5,1.0
final_answer,clean,actor_1032_statement_MTI,1032,MTI,174,2,0.5,0.0
final_answer,clean,actor_1032_statement_TAI,1032,TAI,174,2,0.5,1.0
final_answer,clean,actor_1032_statement_TIE,1032,TIE,174,2,0.5,1.0
final_answer,clean,actor_1032_statement_TSI,1032,TSI,174,2,1.0,1.0
final_answer,clean,actor_1032_statement_WSI,1032,WSI,174,2,0.5,1.0
final_answer,clean,actor_1033_statement_DFA,1033,DFA,174,2,1.0,1.0
final_answer,clean,actor_1033_statement_IOM,1033,IOM,174,2,1.0,1.0
final_answer,clean,actor_1033_statement_ITH,1033,ITH,174,2,1.0,1.0
final_answer,clean,actor_1033_statement_ITS,1033,ITS,174,2,0.5,1.0
final_answer,clean,actor_1033_statement_IWL,1033,IWL,174,2,1.0,1.0
final_answer,clean,actor_1033_statement_IWW,1033,IWW,174,2,1.0,1.0
final_answer,clean,actor_1033_statement_MTI,1033,MTI,174,2,1.0,1.0
final_answer,clean,actor_1033_statement_TAI,1033,TAI,174,2,1.0,1.0
final_answer,clean,actor_1033_statement_TIE,1033,TIE,174,2,1.0,1.0
final_answer,clean,actor_1033_statement_TSI,1033,TSI,174,2,1.0,1.0
final_answer,clean,actor_1033_statement_WSI,1033,WSI,174,2,0.5,1.0
final_answer,clean,actor_1034_statement_DFA,1034,DFA,174,2,1.0,1.0
final_answer,clean,actor_1034_statement_IOM,1034,IOM,174,2,1.0,1.0
final_answer,clean,actor_1034_statement_ITH,1034,ITH,174,2,0.5,1.0
final_answer,clean,actor_1034_statement_ITS,1034,ITS,174,2,0.5,0.0
final_answer,clean,actor_1034_statement_IWL,1034,IWL,174,2,1.0,1.0
final_answer,clean,actor_1034_statement_IWW,1034,IWW,174,2,0.5,0.0
final_answer,clean,actor_1034_statement_MTI,1034,MTI,174,2,1.0,1.0
final_answer,clean,actor_1034_statement_TAI,1034,TAI,174,2,1.0,1.0
final_answer,clean,actor_1034_statement_TIE,1034,TIE,174,2,0.5,1.0
final_answer,clean,actor_1034_statement_TSI,1034,TSI,174,2,1.0,1.0
final_answer,clean,actor_1034_statement_WSI,1034,WSI,174,2,0.5,1.0
final_answer,clean,actor_1035_statement_DFA,1035,DFA,174,2,1.0,1.0
final_answer,clean,actor_1035_statement_IOM,1035,IOM,174,2,1.0,1.0
final_answer,clean,actor_1035_statement_ITH,1035,ITH,174,2,0.5,1.0
final_answer,clean,actor_1035_statement_ITS,1035,ITS,174,2,1.0,1.0
final_answer,clean,actor_1035_statement_IWL,1035,IWL,174,2,0.5,1.0
final_answer,clean,actor_1035_statement_IWW,1035,IWW,174,2,0.5,1.0
final_answer,clean,actor_1035_statement_MTI,1035,MTI,174,2,1.0,1.0
final_answer,clean,actor_1035_statement_TAI,1035,TAI,174,2,1.0,1.0
final_answer,clean,actor_1035_statement_TIE,1035,TIE,174,2,1.0,1.0
final_answer,clean,actor_1035_statement_TSI,1035,TSI,174,2,0.5,1.0
final_answer,clean,actor_1035_statement_WSI,1035,WSI,174,2,1.0,1.0
final_answer,clean,actor_1036_statement_DFA,1036,DFA,174,2,0.5,0.0
final_answer,clean,actor_1036_statement_IOM,1036,IOM,174,2,1.0,1.0
final_answer,clean,actor_1036_statement_ITH,1036,ITH,174,2,0.5,1.0
final_answer,clean,actor_1036_statement_ITS,1036,ITS,174,2,1.0,1.0
final_answer,clean,actor_1036_statement_IWL,1036,IWL,174,2,1.0,1.0
final_answer,clean,actor_1036_statement_IWW,1036,IWW,174,2,0.5,1.0
final_answer,clean,actor_1036_statement_MTI,1036,MTI,174,2,1.0,1.0
final_answer,clean,actor_1036_statement_TAI,1036,TAI,174,2,0.5,1.0
final_answer,clean,actor_1036_statement_TIE,1036,TIE,174,2,0.5,0.0
final_answer,clean,actor_1036_statement_TSI,1036,TSI,174,2,0.5,1.0
final_answer,clean,actor_1036_statement_WSI,1036,WSI,174,2,1.0,1.0
final_answer,clean,actor_1037_statement_DFA,1037,DFA,174,2,1.0,1.0
final_answer,clean,actor_1037_statement_IOM,1037,IOM,174,2,1.0,1.0
final_answer,clean,actor_1037_statement_ITH,1037,ITH,174,2,0.5,1.0
final_answer,clean,actor_1037_statement_ITS,1037,ITS,174,2,1.0,1.0
final_answer,clean,actor_1037_statement_IWL,1037,IWL,174,2,1.0,1.0
final_answer,clean,actor_1037_statement_IWW,1037,IWW,174,2,0.5,0.0
final_answer,clean,actor_1037_statement_MTI,1037,MTI,174,2,1.0,1.0
final_answer,clean,actor_1037_statement_TAI,1037,TAI,174,2,1.0,1.0
final_answer,clean,actor_1037_statement_TIE,1037,TIE,174,2,1.0,1.0
final_answer,clean,actor_1037_statement_TSI,1037,TSI,174,2,0.5,1.0
final_answer,clean,actor_1037_statement_WSI,1037,WSI,174,2,0.0,0.0
final_answer,clean,actor_1038_statement_DFA,1038,DFA,174,2,1.0,1.0
final_answer,clean,actor_1038_statement_IOM,1038,IOM,174,2,0.5,1.0
final_answer,clean,actor_1038_statement_ITH,1038,ITH,174,2,1.0,1.0
final_answer,clean,actor_1038_statement_ITS,1038,ITS,174,2,1.0,1.0
final_answer,clean,actor_1038_statement_IWL,1038,IWL,174,2,0.5,1.0
final_answer,clean,actor_1038_statement_IWW,1038,IWW,174,2,1.0,1.0
final_answer,clean,actor_1038_statement_MTI,1038,MTI,174,2,1.0,1.0
final_answer,clean,actor_1038_statement_TAI,1038,TAI,174,2,1.0,1.0
final_answer,clean,actor_1038_statement_TIE,1038,TIE,174,2,1.0,1.0
final_answer,clean,actor_1038_statement_TSI,1038,TSI,174,2,1.0,1.0
final_answer,clean,actor_1038_statement_WSI,1038,WSI,174,2,1.0,1.0
final_answer,clean,actor_1039_statement_DFA,1039,DFA,174,2,1.0,1.0
final_answer,clean,actor_1039_statement_IOM,1039,IOM,174,2,1.0,1.0
final_answer,clean,actor_1039_statement_ITH,1039,ITH,174,2,1.0,1.0
final_answer,clean,actor_1039_statement_ITS,1039,ITS,174,2,0.5,1.0
final_answer,clean,actor_1039_statement_IWL,1039,IWL,174,2,1.0,1.0
final_answer,clean,actor_1039_statement_IWW,1039,IWW,174,2,1.0,1.0
final_answer,clean,actor_1039_statement_MTI,1039,MTI,174,2,1.0,1.0
final_answer,clean,actor_1039_statement_TAI,1039,TAI,174,2,1.0,1.0
final_answer,clean,actor_1039_statement_TIE,1039,TIE,174,2,1.0,1.0
final_answer,clean,actor_1039_statement_TSI,1039,TSI,174,2,1.0,1.0
final_answer,clean,actor_1039_statement_WSI,1039,WSI,174,2,1.0,1.0
final_answer,clean,actor_1040_statement_DFA,1040,DFA,174,2,1.0,1.0
final_answer,clean,actor_1040_statement_IOM,1040,IOM,174,2,1.0,1.0
final_answer,clean,actor_1040_statement_ITH,1040,ITH,174,2,0.5,1.0
final_answer,clean,actor_1040_statement_ITS,1040,ITS,174,2,1.0,1.0
final_answer,clean,actor_1040_statement_IWL,1040,IWL,174,2,1.0,1.0
final_answer,clean,actor_1040_statement_IWW,1040,IWW,174,2,1.0,1.0
final_answer,clean,actor_1040_statement_MTI,1040,MTI,174,2,0.5,1.0
final_answer,clean,actor_1040_statement_TAI,1040,TAI,174,2,1.0,1.0
final_answer,clean,actor_1040_statement_TIE,1040,TIE,174,2,1.0,1.0
final_answer,clean,actor_1040_statement_TSI,1040,TSI,174,2,1.0,1.0
final_answer,clean,actor_1040_statement_WSI,1040,WSI,174,2,0.5,1.0
final_answer,clean,actor_1041_statement_DFA,1041,DFA,174,2,0.5,0.0
final_answer,clean,actor_1041_statement_IOM,1041,IOM,174,2,1.0,1.0
final_answer,clean,actor_1041_statement_ITH,1041,ITH,174,2,1.0,1.0
final_answer,clean,actor_1041_statement_ITS,1041,ITS,174,2,1.0,1.0
final_answer,clean,actor_1041_statement_IWL,1041,IWL,174,2,0.5,1.0
final_answer,clean,actor_1041_statement_IWW,1041,IWW,174,2,0.5,0.0
final_answer,clean,actor_1041_statement_MTI,1041,MTI,174,2,1.0,1.0
final_answer,clean,actor_1041_statement_TAI,1041,TAI,174,2,0.5,1.0
final_answer,clean,actor_1041_statement_TIE,1041,TIE,174,2,1.0,1.0
final_answer,clean,actor_1041_statement_TSI,1041,TSI,174,2,1.0,1.0
final_answer,clean,actor_1041_statement_WSI,1041,WSI,174,2,1.0,1.0
final_answer,clean,actor_1042_statement_DFA,1042,DFA,174,2,1.0,1.0
final_answer,clean,actor_1042_statement_IOM,1042,IOM,174,2,0.5,1.0
final_answer,clean,actor_1042_statement_ITH,1042,ITH,174,2,0.5,1.0
final_answer,clean,actor_1042_statement_ITS,1042,ITS,174,2,0.5,0.0
final_answer,clean,actor_1042_statement_IWL,1042,IWL,174,2,1.0,1.0
final_answer,clean,actor_1042_statement_IWW,1042,IWW,174,2,1.0,1.0
final_answer,clean,actor_1042_statement_MTI,1042,MTI,174,2,0.5,1.0
final_answer,clean,actor_1042_statement_TAI,1042,TAI,174,2,0.5,0.0
final_answer,clean,actor_1042_statement_TIE,1042,TIE,174,2,0.5,1.0
final_answer,clean,actor_1042_statement_TSI,1042,TSI,174,2,0.5,1.0
final_answer,clean,actor_1042_statement_WSI,1042,WSI,174,2,1.0,1.0
final_answer,clean,actor_1043_statement_DFA,1043,DFA,174,2,1.0,1.0
final_answer,clean,actor_1043_statement_IOM,1043,IOM,174,2,1.0,1.0
final_answer,clean,actor_1043_statement_ITH,1043,ITH,174,2,1.0,1.0
final_answer,clean,actor_1043_statement_ITS,1043,ITS,174,2,1.0,1.0
final_answer,clean,actor_1043_statement_IWL,1043,IWL,174,2,1.0,1.0
final_answer,clean,actor_1043_statement_IWW,1043,IWW,174,2,1.0,1.0
final_answer,clean,actor_1043_statement_MTI,1043,MTI,174,2,0.5,1.0
final_answer,clean,actor_1043_statement_TAI,1043,TAI,174,2,1.0,1.0
final_answer,clean,actor_1043_statement_TIE,1043,TIE,174,2,1.0,1.0
final_answer,clean,actor_1043_statement_TSI,1043,TSI,174,2,1.0,1.0
final_answer,clean,actor_1043_statement_WSI,1043,WSI,174,2,0.5,1.0
final_answer,clean,actor_1044_statement_DFA,1044,DFA,174,2,1.0,1.0
final_answer,clean,actor_1044_statement_IOM,1044,IOM,174,2,0.5,1.0
final_answer,clean,actor_1044_statement_ITH,1044,ITH,174,2,0.5,1.0
final_answer,clean,actor_1044_statement_ITS,1044,ITS,174,2,1.0,1.0
final_answer,clean,actor_1044_statement_IWL,1044,IWL,174,2,1.0,1.0
final_answer,clean,actor_1044_statement_IWW,1044,IWW,174,2,0.5,1.0
final_answer,clean,actor_1044_statement_MTI,1044,MTI,174,2,1.0,1.0
final_answer,clean,actor_1044_statement_TAI,1044,TAI,174,2,1.0,1.0
final_answer,clean,actor_1044_statement_TIE,1044,TIE,174,2,1.0,1.0
final_answer,clean,actor_1044_statement_TSI,1044,TSI,174,2,1.0,1.0
final_answer,clean,actor_1044_statement_WSI,1044,WSI,174,2,0.5,1.0
final_answer,clean,actor_1045_statement_DFA,1045,DFA,174,2,0.5,1.0
final_answer,clean,actor_1045_statement_IOM,1045,IOM,174,2,1.0,1.0
final_answer,clean,actor_1045_statement_ITH,1045,ITH,174,2,1.0,1.0
final_answer,clean,actor_1045_statement_ITS,1045,ITS,174,2,1.0,1.0
final_answer,clean,actor_1045_statement_IWL,1045,IWL,174,2,0.5,1.0
final_answer,clean,actor_1045_statement_IWW,1045,IWW,174,2,1.0,1.0
final_answer,clean,actor_1045_statement_MTI,1045,MTI,174,2,1.0,1.0
final_answer,clean,actor_1045_statement_TAI,1045,TAI,174,2,1.0,1.0
final_answer,clean,actor_1045_statement_TIE,1045,TIE,174,2,0.5,1.0
final_answer,clean,actor_1045_statement_TSI,1045,TSI,174,2,1.0,1.0
final_answer,clean,actor_1045_statement_WSI,1045,WSI,174,2,1.0,1.0
final_answer,clean,actor_1046_statement_DFA,1046,DFA,174,2,1.0,1.0
final_answer,clean,actor_1046_statement_IOM,1046,IOM,174,2,0.5,1.0
final_answer,clean,actor_1046_statement_ITH,1046,ITH,174,2,1.0,1.0
final_answer,clean,actor_1046_statement_ITS,1046,ITS,174,2,1.0,1.0
final_answer,clean,actor_1046_statement_IWL,1046,IWL,174,2,1.0,1.0
final_answer,clean,actor_1046_statement_IWW,1046,IWW,174,2,1.0,1.0
final_answer,clean,actor_1046_statement_MTI,1046,MTI,174,2,1.0,1.0
final_answer,clean,actor_1046_statement_TAI,1046,TAI,174,2,0.5,1.0
final_answer,clean,actor_1046_statement_TIE,1046,TIE,174,2,0.5,1.0
final_answer,clean,actor_1046_statement_TSI,1046,TSI,174,2,0.5,1.0
final_answer,clean,actor_1046_statement_WSI,1046,WSI,174,2,1.0,1.0
final_answer,clean,actor_1047_statement_DFA,1047,DFA,174,2,1.0,1.0
final_answer,clean,actor_1047_statement_IOM,1047,IOM,174,2,1.0,1.0
final_answer,clean,actor_1047_statement_ITH,1047,ITH,174,2,1.0,1.0
final_answer,clean,actor_1047_statement_ITS,1047,ITS,174,2,1.0,1.0
final_answer,clean,actor_1047_statement_IWL,1047,IWL,174,2,1.0,1.0
final_answer,clean,actor_1047_statement_IWW,1047,IWW,174,2,1.0,1.0
final_answer,clean,actor_1047_statement_MTI,1047,MTI,174,2,0.5,1.0
final_answer,clean,actor_1047_statement_TAI,1047,TAI,174,2,1.0,1.0
final_answer,clean,actor_1047_statement_TIE,1047,TIE,174,2,1.0,1.0
final_answer,clean,actor_1047_statement_TSI,1047,TSI,174,2,1.0,1.0
final_answer,clean,actor_1047_statement_WSI,1047,WSI,174,2,0.5,0.0
final_answer,clean,actor_1048_statement_DFA,1048,DFA,174,2,1.0,1.0
final_answer,clean,actor_1048_statement_IOM,1048,IOM,174,2,1.0,1.0
final_answer,clean,actor_1048_statement_ITH,1048,ITH,174,2,1.0,1.0
final_answer,clean,actor_1048_statement_ITS,1048,ITS,174,2,1.0,1.0
final_answer,clean,actor_1048_statement_IWL,1048,IWL,174,2,0.5,0.0
final_answer,clean,actor_1048_statement_IWW,1048,IWW,174,2,0.5,0.0
final_answer,clean,actor_1048_statement_MTI,1048,MTI,174,2,1.0,1.0
final_answer,clean,actor_1048_statement_TAI,1048,TAI,174,2,1.0,1.0
final_answer,clean,actor_1048_statement_TIE,1048,TIE,174,2,1.0,1.0
final_answer,clean,actor_1048_statement_TSI,1048,TSI,174,2,0.5,1.0
final_answer,clean,actor_1048_statement_WSI,1048,WSI,174,2,0.5,1.0
final_answer,clean,actor_1049_statement_DFA,1049,DFA,174,2,1.0,1.0
final_answer,clean,actor_1049_statement_IOM,1049,IOM,174,2,1.0,1.0
final_answer,clean,actor_1049_statement_ITH,1049,ITH,174,2,1.0,1.0
final_answer,clean,actor_1049_statement_ITS,1049,ITS,174,2,1.0,1.0
final_answer,clean,actor_1049_statement_IWL,1049,IWL,174,2,1.0,1.0
final_answer,clean,actor_1049_statement_IWW,1049,IWW,174,2,1.0,1.0
final_answer,clean,actor_1049_statement_MTI,1049,MTI,174,2,1.0,1.0
final_answer,clean,actor_1049_statement_TAI,1049,TAI,174,2,1.0,1.0
final_answer,clean,actor_1049_statement_TIE,1049,TIE,174,2,1.0,1.0
final_answer,clean,actor_1049_statement_TSI,1049,TSI,174,2,1.0,1.0
final_answer,clean,actor_1049_statement_WSI,1049,WSI,174,2,1.0,1.0
final_answer,clean,actor_1050_statement_DFA,1050,DFA,174,2,0.5,0.0
final_answer,clean,actor_1050_statement_IOM,1050,IOM,174,2,1.0,1.0
final_answer,clean,actor_1050_statement_ITH,1050,ITH,174,2,1.0,1.0
final_answer,clean,actor_1050_statement_ITS,1050,ITS,174,2,1.0,1.0
final_answer,clean,actor_1050_statement_IWL,1050,IWL,174,2,1.0,1.0
final_answer,clean,actor_1050_statement_IWW,1050,IWW,174,2,0.5,1.0
final_answer,clean,actor_1050_statement_MTI,1050,MTI,174,2,0.5,1.0
final_answer,clean,actor_1050_statement_TAI,1050,TAI,174,2,1.0,1.0
final_answer,clean,actor_1050_statement_TIE,1050,TIE,174,2,1.0,1.0
final_answer,clean,actor_1050_statement_TSI,1050,TSI,174,2,1.0,1.0
final_answer,clean,actor_1050_statement_WSI,1050,WSI,174,2,0.0,0.0
final_answer,clean,actor_1051_statement_DFA,1051,DFA,174,2,1.0,1.0
final_answer,clean,actor_1051_statement_IOM,1051,IOM,174,2,1.0,1.0
final_answer,clean,actor_1051_statement_ITH,1051,ITH,174,2,1.0,1.0
final_answer,clean,actor_1051_statement_ITS,1051,ITS,174,2,1.0,1.0
final_answer,clean,actor_1051_statement_IWL,1051,IWL,174,2,1.0,1.0
final_answer,clean,actor_1051_statement_IWW,1051,IWW,174,2,1.0,1.0
final_answer,clean,actor_1051_statement_MTI,1051,MTI,174,2,1.0,1.0
final_answer,clean,actor_1051_statement_TAI,1051,TAI,174,2,1.0,1.0
final_answer,clean,actor_1051_statement_TIE,1051,TIE,174,2,0.0,0.0
final_answer,clean,actor_1051_statement_TSI,1051,TSI,174,2,0.0,0.0
final_answer,clean,actor_1051_statement_WSI,1051,WSI,174,2,1.0,1.0
final_answer,clean,actor_1052_statement_DFA,1052,DFA,174,2,1.0,1.0
final_answer,clean,actor_1052_statement_IOM,1052,IOM,174,2,1.0,1.0
final_answer,clean,actor_1052_statement_ITH,1052,ITH,174,2,1.0,1.0
final_answer,clean,actor_1052_statement_ITS,1052,ITS,174,2,1.0,1.0
final_answer,clean,actor_1052_statement_IWL,1052,IWL,174,2,1.0,1.0
final_answer,clean,actor_1052_statement_IWW,1052,IWW,174,2,0.5,1.0
final_answer,clean,actor_1052_statement_MTI,1052,MTI,174,2,0.0,0.0
final_answer,clean,actor_1052_statement_TAI,1052,TAI,174,2,1.0,1.0
final_answer,clean,actor_1052_statement_TIE,1052,TIE,174,2,1.0,1.0
final_answer,clean,actor_1052_statement_TSI,1052,TSI,174,2,1.0,1.0
final_answer,clean,actor_1052_statement_WSI,1052,WSI,174,2,1.0,1.0
final_answer,clean,actor_1053_statement_DFA,1053,DFA,174,2,0.5,1.0
final_answer,clean,actor_1053_statement_IOM,1053,IOM,174,2,1.0,1.0
final_answer,clean,actor_1053_statement_ITH,1053,ITH,174,2,0.5,1.0
final_answer,clean,actor_1053_statement_ITS,1053,ITS,174,2,1.0,1.0
final_answer,clean,actor_1053_statement_IWL,1053,IWL,174,2,1.0,1.0
final_answer,clean,actor_1053_statement_IWW,1053,IWW,174,2,1.0,1.0
final_answer,clean,actor_1053_statement_MTI,1053,MTI,174,2,0.5,1.0
final_answer,clean,actor_1053_statement_TAI,1053,TAI,174,2,0.5,1.0
final_answer,clean,actor_1053_statement_TIE,1053,TIE,174,2,1.0,1.0
final_answer,clean,actor_1053_statement_TSI,1053,TSI,174,2,0.5,0.0
final_answer,clean,actor_1053_statement_WSI,1053,WSI,174,2,0.5,1.0
final_answer,clean,actor_1054_statement_DFA,1054,DFA,174,2,1.0,1.0
final_answer,clean,actor_1054_statement_IOM,1054,IOM,174,2,1.0,1.0
final_answer,clean,actor_1054_statement_ITH,1054,ITH,174,2,1.0,1.0
final_answer,clean,actor_1054_statement_ITS,1054,ITS,174,2,1.0,1.0
final_answer,clean,actor_1054_statement_IWL,1054,IWL,174,2,1.0,1.0
final_answer,clean,actor_1054_statement_IWW,1054,IWW,174,2,0.0,0.0
final_answer,clean,actor_1054_statement_MTI,1054,MTI,174,2,1.0,1.0
final_answer,clean,actor_1054_statement_TAI,1054,TAI,174,2,1.0,1.0
final_answer,clean,actor_1054_statement_TIE,1054,TIE,174,2,1.0,1.0
final_answer,clean,actor_1054_statement_TSI,1054,TSI,174,2,1.0,1.0
final_answer,clean,actor_1054_statement_WSI,1054,WSI,174,2,0.5,1.0
final_answer,clean,actor_1055_statement_DFA,1055,DFA,174,2,1.0,1.0
final_answer,clean,actor_1055_statement_IOM,1055,IOM,174,2,0.5,1.0
final_answer,clean,actor_1055_statement_ITH,1055,ITH,174,2,0.5,1.0
final_answer,clean,actor_1055_statement_ITS,1055,ITS,174,2,1.0,1.0
final_answer,clean,actor_1055_statement_IWL,1055,IWL,174,2,1.0,1.0
final_answer,clean,actor_1055_statement_IWW,1055,IWW,174,2,1.0,1.0
final_answer,clean,actor_1055_statement_MTI,1055,MTI,174,2,1.0,1.0
final_answer,clean,actor_1055_statement_TAI,1055,TAI,174,2,1.0,1.0
final_answer,clean,actor_1055_statement_TIE,1055,TIE,174,2,0.5,1.0
final_answer,clean,actor_1055_statement_TSI,1055,TSI,174,2,1.0,1.0
final_answer,clean,actor_1055_statement_WSI,1055,WSI,174,2,1.0,1.0
final_answer,clean,actor_1056_statement_DFA,1056,DFA,174,2,1.0,1.0
final_answer,clean,actor_1056_statement_IOM,1056,IOM,174,2,1.0,1.0
final_answer,clean,actor_1056_statement_ITH,1056,ITH,174,2,1.0,1.0
final_answer,clean,actor_1056_statement_ITS,1056,ITS,174,2,0.5,1.0
final_answer,clean,actor_1056_statement_IWL,1056,IWL,174,2,1.0,1.0
final_answer,clean,actor_1056_statement_IWW,1056,IWW,174,2,1.0,1.0
final_answer,clean,actor_1056_statement_MTI,1056,MTI,174,2,1.0,1.0
final_answer,clean,actor_1056_statement_TAI,1056,TAI,174,2,1.0,1.0
final_answer,clean,actor_1056_statement_TIE,1056,TIE,174,2,0.0,0.0
final_answer,clean,actor_1056_statement_TSI,1056,TSI,174,2,1.0,1.0
final_answer,clean,actor_1056_statement_WSI,1056,WSI,174,2,1.0,1.0
final_answer,clean,actor_1057_statement_DFA,1057,DFA,174,2,0.5,0.0
final_answer,clean,actor_1057_statement_IOM,1057,IOM,174,2,1.0,1.0
final_answer,clean,actor_1057_statement_ITH,1057,ITH,174,2,0.5,1.0
final_answer,clean,actor_1057_statement_ITS,1057,ITS,174,2,1.0,1.0
final_answer,clean,actor_1057_statement_IWL,1057,IWL,174,2,0.5,1.0
final_answer,clean,actor_1057_statement_IWW,1057,IWW,174,2,1.0,1.0
final_answer,clean,actor_1057_statement_MTI,1057,MTI,174,2,1.0,1.0
final_answer,clean,actor_1057_statement_TAI,1057,TAI,174,2,1.0,1.0
final_answer,clean,actor_1057_statement_TIE,1057,TIE,174,2,1.0,1.0
final_answer,clean,actor_1057_statement_TSI,1057,TSI,174,2,1.0,1.0
final_answer,clean,actor_1057_statement_WSI,1057,WSI,174,2,1.0,1.0
final_answer,clean,actor_1058_statement_DFA,1058,DFA,174,2,1.0,1.0
final_answer,clean,actor_1058_statement_IOM,1058,IOM,174,2,1.0,1.0
final_answer,clean,actor_1058_statement_ITH,1058,ITH,174,2,0.5,1.0
final_answer,clean,actor_1058_statement_ITS,1058,ITS,174,2,1.0,1.0
final_answer,clean,actor_1058_statement_IWL,1058,IWL,174,2,1.0,1.0
final_answer,clean,actor_1058_statement_IWW,1058,IWW,174,2,1.0,1.0
final_answer,clean,actor_1058_statement_MTI,1058,MTI,174,2,0.5,1.0
final_answer,clean,actor_1058_statement_TAI,1058,TAI,174,2,0.5,1.0
final_answer,clean,actor_1058_statement_TIE,1058,TIE,174,2,0.5,0.0
final_answer,clean,actor_1058_statement_TSI,1058,TSI,174,2,1.0,1.0
final_answer,clean,actor_1058_statement_WSI,1058,WSI,174,2,1.0,1.0
final_answer,clean,actor_1059_statement_DFA,1059,DFA,174,2,1.0,1.0
final_answer,clean,actor_1059_statement_IOM,1059,IOM,174,2,1.0,1.0
final_answer,clean,actor_1059_statement_ITH,1059,ITH,174,2,1.0,1.0
final_answer,clean,actor_1059_statement_ITS,1059,ITS,174,2,1.0,1.0
final_answer,clean,actor_1059_statement_IWL,1059,IWL,174,2,1.0,1.0
final_answer,clean,actor_1059_statement_IWW,1059,IWW,174,2,0.5,1.0
final_answer,clean,actor_1059_statement_MTI,1059,MTI,174,2,0.5,1.0
final_answer,clean,actor_1059_statement_TAI,1059,TAI,174,2,1.0,1.0
final_answer,clean,actor_1059_statement_TIE,1059,TIE,174,2,1.0,1.0
final_answer,clean,actor_1059_statement_TSI,1059,TSI,174,2,0.5,1.0
final_answer,clean,actor_1059_statement_WSI,1059,WSI,174,2,1.0,1.0
final_answer,clean,actor_1060_statement_DFA,1060,DFA,174,2,0.5,0.0
final_answer,clean,actor_1060_statement_IOM,1060,IOM,174,2,1.0,1.0
final_answer,clean,actor_1060_statement_ITH,1060,ITH,174,2,1.0,1.0
final_answer,clean,actor_1060_statement_ITS,1060,ITS,174,2,1.0,1.0
final_answer,clean,actor_1060_statement_IWL,1060,IWL,174,2,0.5,1.0
final_answer,clean,actor_1060_statement_IWW,1060,IWW,174,2,0.5,1.0
final_answer,clean,actor_1060_statement_MTI,1060,MTI,174,2,0.5,1.0
final_answer,clean,actor_1060_statement_TAI,1060,TAI,174,2,1.0,1.0
final_answer,clean,actor_1060_statement_TIE,1060,TIE,174,2,0.0,0.0
final_answer,clean,actor_1060_statement_TSI,1060,TSI,174,2,0.5,1.0
final_answer,clean,actor_1060_statement_WSI,1060,WSI,174,2,1.0,1.0
final_answer,clean,actor_1061_statement_DFA,1061,DFA,174,2,1.0,1.0
final_answer,clean,actor_1061_statement_IOM,1061,IOM,174,2,1.0,1.0
final_answer,clean,actor_1061_statement_ITH,1061,ITH,174,2,1.0,1.0
final_answer,clean,actor_1061_statement_ITS,1061,ITS,174,2,1.0,1.0
final_answer,clean,actor_1061_statement_IWL,1061,IWL,174,2,1.0,1.0
final_answer,clean,actor_1061_statement_IWW,1061,IWW,174,2,1.0,1.0
final_answer,clean,actor_1061_statement_MTI,1061,MTI,174,2,1.0,1.0
final_answer,clean,actor_1061_statement_TAI,1061,TAI,174,2,0.5,1.0
final_answer,clean,actor_1061_statement_TIE,1061,TIE,174,2,0.5,0.0
final_answer,clean,actor_1061_statement_TSI,1061,TSI,174,2,1.0,1.0
final_answer,clean,actor_1061_statement_WSI,1061,WSI,174,2,1.0,1.0
final_answer,clean,actor_1062_statement_DFA,1062,DFA,174,2,1.0,1.0
final_answer,clean,actor_1062_statement_IOM,1062,IOM,174,2,1.0,1.0
final_answer,clean,actor_1062_statement_ITH,1062,ITH,174,2,1.0,1.0
final_answer,clean,actor_1062_statement_ITS,1062,ITS,174,2,1.0,1.0
final_answer,clean,actor_1062_statement_IWL,1062,IWL,174,2,1.0,1.0
final_answer,clean,actor_1062_statement_IWW,1062,IWW,174,2,0.5,1.0
final_answer,clean,actor_1062_statement_MTI,1062,MTI,174,2,1.0,1.0
final_answer,clean,actor_1062_statement_TAI,1062,TAI,174,2,1.0,1.0
final_answer,clean,actor_1062_statement_TIE,1062,TIE,174,2,1.0,1.0
final_answer,clean,actor_1062_statement_TSI,1062,TSI,174,2,0.5,1.0
final_answer,clean,actor_1062_statement_WSI,1062,WSI,174,2,1.0,1.0
final_answer,clean,actor_1063_statement_DFA,1063,DFA,174,2,1.0,1.0
final_answer,clean,actor_1063_statement_IOM,1063,IOM,174,2,1.0,1.0
final_answer,clean,actor_1063_statement_ITH,1063,ITH,174,2,1.0,1.0
final_answer,clean,actor_1063_statement_ITS,1063,ITS,174,2,1.0,1.0
final_answer,clean,actor_1063_statement_IWL,1063,IWL,174,2,1.0,1.0
final_answer,clean,actor_1063_statement_IWW,1063,IWW,174,2,1.0,1.0
final_answer,clean,actor_1063_statement_MTI,1063,MTI,174,2,1.0,1.0
final_answer,clean,actor_1063_statement_TAI,1063,TAI,174,2,1.0,1.0
final_answer,clean,actor_1063_statement_TIE,1063,TIE,174,2,0.5,1.0
final_answer,clean,actor_1063_statement_TSI,1063,TSI,174,2,1.0,1.0
final_answer,clean,actor_1063_statement_WSI,1063,WSI,174,2,1.0,1.0
final_answer,clean,actor_1064_statement_DFA,1064,DFA,174,2,0.5,0.0
final_answer,clean,actor_1064_statement_IOM,1064,IOM,174,2,1.0,1.0
final_answer,clean,actor_1064_statement_ITH,1064,ITH,174,2,1.0,1.0
final_answer,clean,actor_1064_statement_ITS,1064,ITS,174,2,1.0,1.0
final_answer,clean,actor_1064_statement_IWL,1064,IWL,174,2,1.0,1.0
final_answer,clean,actor_1064_statement_IWW,1064,IWW,174,2,1.0,1.0
final_answer,clean,actor_1064_statement_MTI,1064,MTI,174,2,0.5,1.0
final_answer,clean,actor_1064_statement_TAI,1064,TAI,174,2,1.0,1.0
final_answer,clean,actor_1064_statement_TIE,1064,TIE,174,2,0.0,0.0
final_answer,clean,actor_1064_statement_TSI,1064,TSI,174,2,1.0,1.0
final_answer,clean,actor_1064_statement_WSI,1064,WSI,174,2,1.0,1.0
final_answer,clean,actor_1065_statement_DFA,1065,DFA,174,2,0.5,0.0
final_answer,clean,actor_1065_statement_IOM,1065,IOM,174,2,0.5,1.0
final_answer,clean,actor_1065_statement_ITH,1065,ITH,174,2,1.0,1.0
final_answer,clean,actor_1065_statement_ITS,1065,ITS,174,2,1.0,1.0
final_answer,clean,actor_1065_statement_IWL,1065,IWL,174,2,1.0,1.0
final_answer,clean,actor_1065_statement_IWW,1065,IWW,174,2,1.0,1.0
final_answer,clean,actor_1065_statement_MTI,1065,MTI,174,2,1.0,1.0
final_answer,clean,actor_1065_statement_TAI,1065,TAI,174,2,0.5,1.0
final_answer,clean,actor_1065_statement_TIE,1065,TIE,174,2,0.5,1.0
final_answer,clean,actor_1065_statement_TSI,1065,TSI,174,2,1.0,1.0
final_answer,clean,actor_1065_statement_WSI,1065,WSI,174,2,1.0,1.0
final_answer,clean,actor_1066_statement_DFA,1066,DFA,174,2,1.0,1.0
final_answer,clean,actor_1066_statement_IOM,1066,IOM,174,2,1.0,1.0
final_answer,clean,actor_1066_statement_ITH,1066,ITH,174,2,1.0,1.0
final_answer,clean,actor_1066_statement_ITS,1066,ITS,174,2,1.0,1.0
final_answer,clean,actor_1066_statement_IWL,1066,IWL,174,2,0.5,0.0
final_answer,clean,actor_1066_statement_IWW,1066,IWW,174,2,0.5,1.0
final_answer,clean,actor_1066_statement_MTI,1066,MTI,174,2,0.5,0.0
final_answer,clean,actor_1066_statement_TAI,1066,TAI,174,2,0.5,0.0
final_answer,clean,actor_1066_statement_TIE,1066,TIE,174,2,1.0,1.0
final_answer,clean,actor_1066_statement_TSI,1066,TSI,174,2,1.0,1.0
final_answer,clean,actor_1066_statement_WSI,1066,WSI,174,2,0.0,0.0
final_answer,clean,actor_1067_statement_DFA,1067,DFA,174,2,0.5,1.0
final_answer,clean,actor_1067_statement_IOM,1067,IOM,174,2,0.5,0.0
final_answer,clean,actor_1067_statement_ITH,1067,ITH,174,2,0.5,1.0
final_answer,clean,actor_1067_statement_ITS,1067,ITS,174,2,0.5,1.0
final_answer,clean,actor_1067_statement_IWL,1067,IWL,174,2,0.5,1.0
final_answer,clean,actor_1067_statement_IWW,1067,IWW,174,2,0.5,0.0
final_answer,clean,actor_1067_statement_MTI,1067,MTI,174,2,0.5,0.0
final_answer,clean,actor_1067_statement_TAI,1067,TAI,174,2,0.5,1.0
final_answer,clean,actor_1067_statement_TIE,1067,TIE,174,2,0.5,1.0
final_answer,clean,actor_1067_statement_TSI,1067,TSI,174,2,0.5,1.0
final_answer,clean,actor_1067_statement_WSI,1067,WSI,174,2,0.5,1.0
final_answer,clean,actor_1068_statement_DFA,1068,DFA,174,2,1.0,1.0
final_answer,clean,actor_1068_statement_IOM,1068,IOM,174,2,1.0,1.0
final_answer,clean,actor_1068_statement_ITH,1068,ITH,174,2,0.5,1.0
final_answer,clean,actor_1068_statement_ITS,1068,ITS,174,2,1.0,1.0
final_answer,clean,actor_1068_statement_IWL,1068,IWL,174,2,0.0,0.0
final_answer,clean,actor_1068_statement_IWW,1068,IWW,174,2,1.0,1.0
final_answer,clean,actor_1068_statement_MTI,1068,MTI,174,2,0.5,1.0
final_answer,clean,actor_1068_statement_TAI,1068,TAI,174,2,1.0,1.0
final_answer,clean,actor_1068_statement_TIE,1068,TIE,174,2,1.0,1.0
final_answer,clean,actor_1068_statement_TSI,1068,TSI,174,2,1.0,1.0
final_answer,clean,actor_1068_statement_WSI,1068,WSI,174,2,1.0,1.0
final_answer,clean,actor_1069_statement_DFA,1069,DFA,174,2,1.0,1.0
final_answer,clean,actor_1069_statement_IOM,1069,IOM,174,2,0.5,0.0
final_answer,clean,actor_1069_statement_ITH,1069,ITH,174,2,1.0,1.0
final_answer,clean,actor_1069_statement_ITS,1069,ITS,174,2,1.0,1.0
final_answer,clean,actor_1069_statement_IWL,1069,IWL,174,2,1.0,1.0
final_answer,clean,actor_1069_statement_IWW,1069,IWW,174,2,0.5,1.0
final_answer,clean,actor_1069_statement_MTI,1069,MTI,174,2,0.5,1.0
final_answer,clean,actor_1069_statement_TAI,1069,TAI,174,2,1.0,1.0
final_answer,clean,actor_1069_statement_TIE,1069,TIE,174,2,1.0,1.0
final_answer,clean,actor_1069_statement_TSI,1069,TSI,174,2,0.5,1.0
final_answer,clean,actor_1069_statement_WSI,1069,WSI,174,2,1.0,1.0
final_answer,clean,actor_1070_statement_DFA,1070,DFA,174,2,0.5,1.0
final_answer,clean,actor_1070_statement_IOM,1070,IOM,174,2,1.0,1.0
final_answer,clean,actor_1070_statement_ITH,1070,ITH,174,2,0.5,1.0
final_answer,clean,actor_1070_statement_ITS,1070,ITS,174,2,0.5,1.0
final_answer,clean,actor_1070_statement_IWL,1070,IWL,174,2,1.0,1.0
final_answer,clean,actor_1070_statement_IWW,1070,IWW,174,2,1.0,1.0
final_answer,clean,actor_1070_statement_MTI,1070,MTI,174,2,0.5,0.0
final_answer,clean,actor_1070_statement_TAI,1070,TAI,174,2,0.5,1.0
final_answer,clean,actor_1070_statement_TIE,1070,TIE,174,2,0.5,1.0
final_answer,clean,actor_1070_statement_TSI,1070,TSI,174,2,0.5,1.0
final_answer,clean,actor_1070_statement_WSI,1070,WSI,174,2,0.5,1.0
final_answer,clean,actor_1071_statement_DFA,1071,DFA,174,2,1.0,1.0
final_answer,clean,actor_1071_statement_IOM,1071,IOM,174,2,1.0,1.0
final_answer,clean,actor_1071_statement_ITH,1071,ITH,174,2,1.0,1.0
final_answer,clean,actor_1071_statement_ITS,1071,ITS,174,2,1.0,1.0
final_answer,clean,actor_1071_statement_IWL,1071,IWL,174,2,1.0,1.0
final_answer,clean,actor_1071_statement_IWW,1071,IWW,174,2,0.5,1.0
final_answer,clean,actor_1071_statement_MTI,1071,MTI,174,2,0.5,1.0
final_answer,clean,actor_1071_statement_TAI,1071,TAI,174,2,1.0,1.0
final_answer,clean,actor_1071_statement_TIE,1071,TIE,174,2,0.5,1.0
final_answer,clean,actor_1071_statement_TSI,1071,TSI,174,2,1.0,1.0
final_answer,clean,actor_1071_statement_WSI,1071,WSI,174,2,1.0,1.0
final_answer,clean,actor_1072_statement_DFA,1072,DFA,174,2,1.0,1.0
final_answer,clean,actor_1072_statement_IOM,1072,IOM,174,2,1.0,1.0
final_answer,clean,actor_1072_statement_ITH,1072,ITH,174,2,1.0,1.0
final_answer,clean,actor_1072_statement_ITS,1072,ITS,174,2,0.5,1.0
final_answer,clean,actor_1072_statement_IWL,1072,IWL,174,2,0.5,1.0
final_answer,clean,actor_1072_statement_IWW,1072,IWW,174,2,0.5,1.0
final_answer,clean,actor_1072_statement_MTI,1072,MTI,174,2,0.5,1.0
final_answer,clean,actor_1072_statement_TAI,1072,TAI,174,2,0.5,0.0
final_answer,clean,actor_1072_statement_TIE,1072,TIE,174,2,1.0,1.0
final_answer,clean,actor_1072_statement_TSI,1072,TSI,174,2,1.0,1.0
final_answer,clean,actor_1072_statement_WSI,1072,WSI,174,2,0.5,1.0
final_answer,clean,actor_1073_statement_DFA,1073,DFA,174,2,0.0,0.0
final_answer,clean,actor_1073_statement_IOM,1073,IOM,174,2,0.0,0.0
final_answer,clean,actor_1073_statement_ITH,1073,ITH,174,2,0.5,1.0
final_answer,clean,actor_1073_statement_ITS,1073,ITS,174,2,1.0,1.0
final_answer,clean,actor_1073_statement_IWL,1073,IWL,174,2,1.0,1.0
final_answer,clean,actor_1073_statement_IWW,1073,IWW,174,2,0.5,1.0
final_answer,clean,actor_1073_statement_MTI,1073,MTI,174,2,1.0,1.0
final_answer,clean,actor_1073_statement_TAI,1073,TAI,174,2,0.5,1.0
final_answer,clean,actor_1073_statement_TIE,1073,TIE,174,2,1.0,1.0
final_answer,clean,actor_1073_statement_TSI,1073,TSI,174,2,1.0,1.0
final_answer,clean,actor_1073_statement_WSI,1073,WSI,174,2,1.0,1.0
final_answer,clean,actor_1074_statement_DFA,1074,DFA,174,2,0.5,1.0
final_answer,clean,actor_1074_statement_IOM,1074,IOM,174,2,1.0,1.0
final_answer,clean,actor_1074_statement_ITH,1074,ITH,174,2,1.0,1.0
final_answer,clean,actor_1074_statement_ITS,1074,ITS,174,2,1.0,1.0
final_answer,clean,actor_1074_statement_IWL,1074,IWL,174,2,1.0,1.0
final_answer,clean,actor_1074_statement_IWW,1074,IWW,174,2,0.5,0.0
final_answer,clean,actor_1074_statement_MTI,1074,MTI,174,2,1.0,1.0
final_answer,clean,actor_1074_statement_TAI,1074,TAI,174,2,0.5,1.0
final_answer,clean,actor_1074_statement_TIE,1074,TIE,174,2,1.0,1.0
final_answer,clean,actor_1074_statement_TSI,1074,TSI,174,2,1.0,1.0
final_answer,clean,actor_1074_statement_WSI,1074,WSI,174,2,0.5,1.0
final_answer,clean,actor_1075_statement_DFA,1075,DFA,174,2,1.0,1.0
final_answer,clean,actor_1075_statement_IOM,1075,IOM,174,2,0.5,1.0
final_answer,clean,actor_1075_statement_ITH,1075,ITH,174,2,1.0,1.0
final_answer,clean,actor_1075_statement_ITS,1075,ITS,174,2,0.5,1.0
final_answer,clean,actor_1075_statement_IWL,1075,IWL,174,2,1.0,1.0
final_answer,clean,actor_1075_statement_IWW,1075,IWW,174,2,1.0,1.0
final_answer,clean,actor_1075_statement_MTI,1075,MTI,174,2,1.0,1.0
final_answer,clean,actor_1075_statement_TAI,1075,TAI,174,2,1.0,1.0
final_answer,clean,actor_1075_statement_TIE,1075,TIE,174,2,1.0,1.0
final_answer,clean,actor_1075_statement_TSI,1075,TSI,174,2,1.0,1.0
final_answer,clean,actor_1075_statement_WSI,1075,WSI,174,2,1.0,1.0
final_answer,clean,actor_1076_statement_DFA,1076,DFA,174,2,1.0,1.0
final_answer,clean,actor_1076_statement_IOM,1076,IOM,174,2,1.0,1.0
final_answer,clean,actor_1076_statement_ITH,1076,ITH,174,2,0.5,1.0
final_answer,clean,actor_1076_statement_ITS,1076,ITS,174,2,0.5,1.0
final_answer,clean,actor_1076_statement_IWL,1076,IWL,174,2,1.0,1.0
final_answer,clean,actor_1076_statement_IWW,1076,IWW,174,2,0.5,1.0
final_answer,clean,actor_1076_statement_MTI,1076,MTI,174,2,1.0,1.0
final_answer,clean,actor_1076_statement_TAI,1076,TAI,174,2,0.5,1.0
final_answer,clean,actor_1076_statement_TIE,1076,TIE,174,2,1.0,1.0
final_answer,clean,actor_1076_statement_TSI,1076,TSI,174,2,1.0,1.0
final_answer,clean,actor_1076_statement_WSI,1076,WSI,174,2,1.0,1.0
final_answer,clean,actor_1077_statement_DFA,1077,DFA,174,2,1.0,1.0
final_answer,clean,actor_1077_statement_IOM,1077,IOM,174,2,0.5,1.0
final_answer,clean,actor_1077_statement_ITH,1077,ITH,174,2,0.5,1.0
final_answer,clean,actor_1077_statement_ITS,1077,ITS,174,2,1.0,1.0
final_answer,clean,actor_1077_statement_IWL,1077,IWL,174,2,1.0,1.0
final_answer,clean,actor_1077_statement_IWW,1077,IWW,174,2,1.0,1.0
final_answer,clean,actor_1077_statement_MTI,1077,MTI,174,2,1.0,1.0
final_answer,clean,actor_1077_statement_TAI,1077,TAI,174,2,1.0,1.0
final_answer,clean,actor_1077_statement_TIE,1077,TIE,174,2,0.0,0.0
final_answer,clean,actor_1077_statement_TSI,1077,TSI,174,2,0.0,0.0
final_answer,clean,actor_1077_statement_WSI,1077,WSI,174,2,0.5,0.0
final_answer,clean,actor_1078_statement_DFA,1078,DFA,174,2,1.0,1.0
final_answer,clean,actor_1078_statement_IOM,1078,IOM,174,2,1.0,1.0
final_answer,clean,actor_1078_statement_ITH,1078,ITH,174,2,1.0,1.0
final_answer,clean,actor_1078_statement_ITS,1078,ITS,174,2,1.0,1.0
final_answer,clean,actor_1078_statement_IWL,1078,IWL,174,2,1.0,1.0
final_answer,clean,actor_1078_statement_IWW,1078,IWW,174,2,1.0,1.0
final_answer,clean,actor_1078_statement_MTI,1078,MTI,174,2,1.0,1.0
final_answer,clean,actor_1078_statement_TAI,1078,TAI,174,2,1.0,1.0
final_answer,clean,actor_1078_statement_TIE,1078,TIE,174,2,1.0,1.0
final_answer,clean,actor_1078_statement_TSI,1078,TSI,174,2,1.0,1.0
final_answer,clean,actor_1078_statement_WSI,1078,WSI,174,2,1.0,1.0
final_answer,clean,actor_1079_statement_DFA,1079,DFA,174,2,1.0,1.0
final_answer,clean,actor_1079_statement_IOM,1079,IOM,174,2,1.0,1.0
final_answer,clean,actor_1079_statement_ITH,1079,ITH,174,2,1.0,1.0
final_answer,clean,actor_1079_statement_ITS,1079,ITS,174,2,1.0,1.0
final_answer,clean,actor_1079_statement_IWL,1079,IWL,174,2,0.5,1.0
final_answer,clean,actor_1079_statement_IWW,1079,IWW,174,2,1.0,1.0
final_answer,clean,actor_1079_statement_MTI,1079,MTI,174,2,0.5,1.0
final_answer,clean,actor_1079_statement_TAI,1079,TAI,174,2,1.0,1.0
final_answer,clean,actor_1079_statement_TIE,1079,TIE,174,2,1.0,1.0
final_answer,clean,actor_1079_statement_TSI,1079,TSI,174,2,0.5,1.0
final_answer,clean,actor_1079_statement_WSI,1079,WSI,174,2,0.5,0.0
final_answer,clean,actor_1080_statement_DFA,1080,DFA,174,2,1.0,1.0
final_answer,clean,actor_1080_statement_IOM,1080,IOM,174,2,1.0,1.0
final_answer,clean,actor_1080_statement_ITH,1080,ITH,174,2,1.0,1.0
final_answer,clean,actor_1080_statement_ITS,1080,ITS,174,2,1.0,1.0
final_answer,clean,actor_1080_statement_IWL,1080,IWL,174,2,1.0,1.0
final_answer,clean,actor_1080_statement_IWW,1080,IWW,174,2,1.0,1.0
final_answer,clean,actor_1080_statement_MTI,1080,MTI,174,2,1.0,1.0
final_answer,clean,actor_1080_statement_TAI,1080,TAI,174,2,1.0,1.0
final_answer,clean,actor_1080_statement_TIE,1080,TIE,174,2,1.0,1.0
final_answer,clean,actor_1080_statement_TSI,1080,TSI,174,2,1.0,1.0
final_answer,clean,actor_1080_statement_WSI,1080,WSI,174,2,1.0,1.0
final_answer,clean,actor_1081_statement_DFA,1081,DFA,174,2,1.0,1.0
final_answer,clean,actor_1081_statement_IOM,1081,IOM,174,2,1.0,1.0
final_answer,clean,actor_1081_statement_ITH,1081,ITH,174,2,1.0,1.0
final_answer,clean,actor_1081_statement_ITS,1081,ITS,174,2,1.0,1.0
final_answer,clean,actor_1081_statement_IWL,1081,IWL,174,2,1.0,1.0
final_answer,clean,actor_1081_statement_IWW,1081,IWW,174,2,1.0,1.0
final_answer,clean,actor_1081_statement_MTI,1081,MTI,174,2,1.0,1.0
final_answer,clean,actor_1081_statement_TAI,1081,TAI,174,2,0.5,1.0
final_answer,clean,actor_1081_statement_TIE,1081,TIE,174,2,1.0,1.0
final_answer,clean,actor_1081_statement_TSI,1081,TSI,174,2,1.0,1.0
final_answer,clean,actor_1081_statement_WSI,1081,WSI,174,2,1.0,1.0
final_answer,clean,actor_1082_statement_DFA,1082,DFA,174,2,0.5,1.0
final_answer,clean,actor_1082_statement_IOM,1082,IOM,174,2,0.0,0.0
final_answer,clean,actor_1082_statement_ITH,1082,ITH,174,2,0.5,1.0
final_answer,clean,actor_1082_statement_ITS,1082,ITS,174,2,0.5,1.0
final_answer,clean,actor_1082_statement_IWL,1082,IWL,174,2,1.0,1.0
final_answer,clean,actor_1082_statement_IWW,1082,IWW,174,2,1.0,1.0
final_answer,clean,actor_1082_statement_MTI,1082,MTI,174,2,0.5,1.0
final_answer,clean,actor_1082_statement_TAI,1082,TAI,174,2,0.5,1.0
final_answer,clean,actor_1082_statement_TIE,1082,TIE,174,2,0.5,1.0
final_answer,clean,actor_1082_statement_TSI,1082,TSI,174,2,1.0,1.0
final_answer,clean,actor_1082_statement_WSI,1082,WSI,174,2,1.0,1.0
final_answer,clean,actor_1083_statement_DFA,1083,DFA,174,2,0.5,0.0
final_answer,clean,actor_1083_statement_IOM,1083,IOM,174,2,1.0,1.0
final_answer,clean,actor_1083_statement_ITH,1083,ITH,174,2,1.0,1.0
final_answer,clean,actor_1083_statement_ITS,1083,ITS,174,2,1.0,1.0
final_answer,clean,actor_1083_statement_IWL,1083,IWL,174,2,1.0,1.0
final_answer,clean,actor_1083_statement_IWW,1083,IWW,174,2,1.0,1.0
final_answer,clean,actor_1083_statement_MTI,1083,MTI,174,2,1.0,1.0
final_answer,clean,actor_1083_statement_TAI,1083,TAI,174,2,0.5,0.0
final_answer,clean,actor_1083_statement_TIE,1083,TIE,174,2,0.5,1.0
final_answer,clean,actor_1083_statement_TSI,1083,TSI,174,2,1.0,1.0
final_answer,clean,actor_1083_statement_WSI,1083,WSI,174,2,0.5,1.0
final_answer,clean,actor_1084_statement_DFA,1084,DFA,174,2,1.0,1.0
final_answer,clean,actor_1084_statement_IOM,1084,IOM,174,2,1.0,1.0
final_answer,clean,actor_1084_statement_ITH,1084,ITH,174,2,0.5,1.0
final_answer,clean,actor_1084_statement_ITS,1084,ITS,174,2,0.5,1.0
final_answer,clean,actor_1084_statement_IWL,1084,IWL,174,2,1.0,1.0
final_answer,clean,actor_1084_statement_IWW,1084,IWW,174,2,1.0,1.0
final_answer,clean,actor_1084_statement_MTI,1084,MTI,174,2,0.5,1.0
final_answer,clean,actor_1084_statement_TAI,1084,TAI,174,2,0.5,1.0
final_answer,clean,actor_1084_statement_TIE,1084,TIE,174,2,1.0,1.0
final_answer,clean,actor_1084_statement_TSI,1084,TSI,174,2,0.5,0.0
final_answer,clean,actor_1084_statement_WSI,1084,WSI,174,2,0.5,1.0
final_answer,clean,actor_1085_statement_DFA,1085,DFA,174,2,0.5,1.0
final_answer,clean,actor_1085_statement_IOM,1085,IOM,174,2,1.0,1.0
final_answer,clean,actor_1085_statement_ITH,1085,ITH,174,2,0.5,1.0
final_answer,clean,actor_1085_statement_ITS,1085,ITS,174,2,1.0,1.0
final_answer,clean,actor_1085_statement_IWL,1085,IWL,174,2,1.0,1.0
final_answer,clean,actor_1085_statement_IWW,1085,IWW,174,2,1.0,1.0
final_answer,clean,actor_1085_statement_MTI,1085,MTI,174,2,1.0,1.0
final_answer,clean,actor_1085_statement_TAI,1085,TAI,174,2,0.5,1.0
final_answer,clean,actor_1085_statement_TIE,1085,TIE,174,2,1.0,1.0
final_answer,clean,actor_1085_statement_TSI,1085,TSI,174,2,0.5,1.0
final_answer,clean,actor_1085_statement_WSI,1085,WSI,174,2,1.0,1.0
final_answer,clean,actor_1086_statement_DFA,1086,DFA,174,2,1.0,1.0
final_answer,clean,actor_1086_statement_IOM,1086,IOM,174,2,1.0,1.0
final_answer,clean,actor_1086_statement_ITH,1086,ITH,174,2,0.5,1.0
final_answer,clean,actor_1086_statement_ITS,1086,ITS,174,2,1.0,1.0
final_answer,clean,actor_1086_statement_IWL,1086,IWL,174,2,0.5,1.0
final_answer,clean,actor_1086_statement_IWW,1086,IWW,174,2,1.0,1.0
final_answer,clean,actor_1086_statement_MTI,1086,MTI,174,2,1.0,1.0
final_answer,clean,actor_1086_statement_TAI,1086,TAI,174,2,0.5,1.0
final_answer,clean,actor_1086_statement_TIE,1086,TIE,174,2,1.0,1.0
final_answer,clean,actor_1086_statement_TSI,1086,TSI,174,2,0.5,1.0
final_answer,clean,actor_1086_statement_WSI,1086,WSI,174,2,0.5,1.0
final_answer,clean,actor_1087_statement_DFA,1087,DFA,174,2,1.0,1.0
final_answer,clean,actor_1087_statement_IOM,1087,IOM,174,2,0.5,1.0
final_answer,clean,actor_1087_statement_ITH,1087,ITH,174,2,0.5,0.0
final_answer,clean,actor_1087_statement_ITS,1087,ITS,174,2,1.0,1.0
final_answer,clean,actor_1087_statement_IWL,1087,IWL,174,2,1.0,1.0
final_answer,clean,actor_1087_statement_IWW,1087,IWW,174,2,0.5,1.0
final_answer,clean,actor_1087_statement_MTI,1087,MTI,174,2,0.5,1.0
final_answer,clean,actor_1087_statement_TAI,1087,TAI,174,2,1.0,1.0
final_answer,clean,actor_1087_statement_TIE,1087,TIE,174,2,1.0,1.0
final_answer,clean,actor_1087_statement_TSI,1087,TSI,174,2,1.0,1.0
final_answer,clean,actor_1087_statement_WSI,1087,WSI,174,2,0.5,1.0
final_answer,clean,actor_1088_statement_DFA,1088,DFA,174,2,1.0,1.0
final_answer,clean,actor_1088_statement_IOM,1088,IOM,174,2,1.0,1.0
final_answer,clean,actor_1088_statement_ITH,1088,ITH,174,2,1.0,1.0
final_answer,clean,actor_1088_statement_ITS,1088,ITS,174,2,0.5,0.0
final_answer,clean,actor_1088_statement_IWL,1088,IWL,174,2,1.0,1.0
final_answer,clean,actor_1088_statement_IWW,1088,IWW,174,2,1.0,1.0
final_answer,clean,actor_1088_statement_MTI,1088,MTI,174,2,0.5,0.0
final_answer,clean,actor_1088_statement_TAI,1088,TAI,174,2,1.0,1.0
final_answer,clean,actor_1088_statement_TIE,1088,TIE,174,2,0.0,0.0
final_answer,clean,actor_1088_statement_TSI,1088,TSI,174,2,0.5,1.0
final_answer,clean,actor_1088_statement_WSI,1088,WSI,174,2,1.0,1.0
final_answer,clean,actor_1089_statement_DFA,1089,DFA,174,2,1.0,1.0
final_answer,clean,actor_1089_statement_IOM,1089,IOM,174,2,1.0,1.0
final_answer,clean,actor_1089_statement_ITH,1089,ITH,174,2,1.0,1.0
final_answer,clean,actor_1089_statement_ITS,1089,ITS,174,2,1.0,1.0
final_answer,clean,actor_1089_statement_IWL,1089,IWL,174,2,1.0,1.0
final_answer,clean,actor_1089_statement_IWW,1089,IWW,174,2,1.0,1.0
final_answer,clean,actor_1089_statement_MTI,1089,MTI,174,2,1.0,1.0
final_answer,clean,actor_1089_statement_TAI,1089,TAI,174,2,1.0,1.0
final_answer,clean,actor_1089_statement_TIE,1089,TIE,174,2,1.0,1.0
final_answer,clean,actor_1089_statement_TSI,1089,TSI,174,2,1.0,1.0
final_answer,clean,actor_1089_statement_WSI,1089,WSI,174,2,1.0,1.0
final_answer,clean,actor_1090_statement_DFA,1090,DFA,174,2,1.0,1.0
final_answer,clean,actor_1090_statement_IOM,1090,IOM,174,2,1.0,1.0
final_answer,clean,actor_1090_statement_ITH,1090,ITH,174,2,0.5,1.0
final_answer,clean,actor_1090_statement_ITS,1090,ITS,174,2,0.5,1.0
final_answer,clean,actor_1090_statement_IWL,1090,IWL,174,2,1.0,1.0
final_answer,clean,actor_1090_statement_IWW,1090,IWW,174,2,1.0,1.0
final_answer,clean,actor_1090_statement_MTI,1090,MTI,174,2,1.0,1.0
final_answer,clean,actor_1090_statement_TAI,1090,TAI,174,2,1.0,1.0
final_answer,clean,actor_1090_statement_TIE,1090,TIE,174,2,1.0,1.0
final_answer,clean,actor_1090_statement_TSI,1090,TSI,174,2,0.5,1.0
final_answer,clean,actor_1090_statement_WSI,1090,WSI,174,2,0.5,1.0
final_answer,clean,actor_1091_statement_DFA,1091,DFA,174,2,1.0,1.0
final_answer,clean,actor_1091_statement_IOM,1091,IOM,174,2,0.5,1.0
final_answer,clean,actor_1091_statement_ITH,1091,ITH,174,2,1.0,1.0
final_answer,clean,actor_1091_statement_ITS,1091,ITS,174,2,1.0,1.0
final_answer,clean,actor_1091_statement_IWL,1091,IWL,174,2,1.0,1.0
final_answer,clean,actor_1091_statement_IWW,1091,IWW,174,2,0.5,1.0
final_answer,clean,actor_1091_statement_MTI,1091,MTI,174,2,0.5,1.0
final_answer,clean,actor_1091_statement_TAI,1091,TAI,174,2,1.0,1.0
final_answer,clean,actor_1091_statement_TIE,1091,TIE,174,2,0.5,0.0
final_answer,clean,actor_1091_statement_TSI,1091,TSI,174,2,1.0,1.0
final_answer,clean,actor_1091_statement_WSI,1091,WSI,174,2,1.0,1.0
final_answer,no_attn,actor_1001_statement_DFA,1001,DFA,174,2,0.5,1.0
final_answer,no_attn,actor_1001_statement_IOM,1001,IOM,174,2,1.0,1.0
final_answer,no_attn,actor_1001_statement_ITH,1001,ITH,174,2,1.0,1.0
final_answer,no_attn,actor_1001_statement_ITS,1001,ITS,174,2,1.0,1.0
final_answer,no_attn,actor_1001_statement_IWL,1001,IWL,174,2,0.5,1.0
final_answer,no_attn,actor_1001_statement_IWW,1001,IWW,174,2,0.5,1.0
final_answer,no_attn,actor_1001_statement_MTI,1001,MTI,174,2,1.0,1.0
final_answer,no_attn,actor_1001_statement_TAI,1001,TAI,174,2,1.0,1.0
final_answer,no_attn,actor_1001_statement_TIE,1001,TIE,174,2,0.5,1.0
final_answer,no_attn,actor_1001_statement_TSI,1001,TSI,174,2,1.0,1.0
final_answer,no_attn,actor_1001_statement_WSI,1001,WSI,174,2,1.0,1.0
final_answer,no_attn,actor_1002_statement_DFA,1002,DFA,174,2,0.5,1.0
final_answer,no_attn,actor_1002_statement_IOM,1002,IOM,174,2,0.5,1.0
final_answer,no_attn,actor_1002_statement_ITH,1002,ITH,174,2,0.5,1.0
final_answer,no_attn,actor_1002_statement_ITS,1002,ITS,174,2,1.0,1.0
final_answer,no_attn,actor_1002_statement_IWL,1002,IWL,174,2,1.0,1.0
final_answer,no_attn,actor_1002_statement_IWW,1002,IWW,174,2,1.0,1.0
final_answer,no_attn,actor_1002_statement_MTI,1002,MTI,174,2,1.0,1.0
final_answer,no_attn,actor_1002_statement_TAI,1002,TAI,174,2,1.0,1.0
final_answer,no_attn,actor_1002_statement_TIE,1002,TIE,174,2,0.5,1.0
final_answer,no_attn,actor_1002_statement_TSI,1002,TSI,174,2,0.5,1.0
final_answer,no_attn,actor_1002_statement_WSI,1002,WSI,174,2,1.0,1.0
final_answer,no_attn,actor_1003_statement_DFA,1003,DFA,174,2,1.0,1.0
final_answer,no_attn,actor_1003_statement_IOM,1003,IOM,174,2,1.0,1.0
final_answer,no_attn,actor_1003_statement_ITH,1003,ITH,174,2,0.5,1.0
final_answer,no_attn,actor_1003_statement_ITS,1003,ITS,174,2,0.5,1.0
final_answer,no_attn,actor_1003_statement_IWL,1003,IWL,174,2,1.0,1.0
final_answer,no_attn,actor_1003_statement_IWW,1003,IWW,174,2,1.0,1.0
final_answer,no_attn,actor_1003_statement_MTI,1003,MTI,174,2,0.5,1.0
final_answer,no_attn,actor_1003_statement_TAI,1003,TAI,174,2,0.5,1.0
final_answer,no_attn,actor_1003_statement_TIE,1003,TIE,174,2,0.5,0.0
final_answer,no_attn,actor_1003_statement_TSI,1003,TSI,174,2,1.0,1.0
final_answer,no_attn,actor_1003_statement_WSI,1003,WSI,174,2,1.0,1.0
final_answer,no_attn,actor_1004_statement_DFA,1004,DFA,174,2,1.0,1.0
final_answer,no_attn,actor_1004_statement_IOM,1004,IOM,174,2,0.5,0.0
final_answer,no_attn,actor_1004_statement_ITH,1004,ITH,174,2,0.5,1.0
final_answer,no_attn,actor_1004_statement_ITS,1004,ITS,174,2,1.0,1.0
final_answer,no_attn,actor_1004_statement_IWL,1004,IWL,174,2,0.5,0.0
final_answer,no_attn,actor_1004_statement_IWW,1004,IWW,174,2,1.0,1.0
final_answer,no_attn,actor_1004_statement_MTI,1004,MTI,174,2,0.5,1.0
final_answer,no_attn,actor_1004_statement_TAI,1004,TAI,174,2,0.5,1.0
final_answer,no_attn,actor_1004_statement_TIE,1004,TIE,174,2,1.0,1.0
final_answer,no_attn,actor_1004_statement_TSI,1004,TSI,174,2,1.0,1.0
final_answer,no_attn,actor_1004_statement_WSI,1004,WSI,174,2,0.5,1.0
final_answer,no_attn,actor_1005_statement_DFA,1005,DFA,174,2,1.0,1.0
final_answer,no_attn,actor_1005_statement_IOM,1005,IOM,174,2,1.0,1.0
final_answer,no_attn,actor_1005_statement_ITH,1005,ITH,174,2,1.0,1.0
final_answer,no_attn,actor_1005_statement_ITS,1005,ITS,174,2,0.5,1.0
final_answer,no_attn,actor_1005_statement_IWL,1005,IWL,174,2,1.0,1.0
final_answer,no_attn,actor_1005_statement_IWW,1005,IWW,174,2,1.0,1.0
final_answer,no_attn,actor_1005_statement_MTI,1005,MTI,174,2,0.5,0.0
final_answer,no_attn,actor_1005_statement_TAI,1005,TAI,174,2,0.0,0.0
final_answer,no_attn,actor_1005_statement_TIE,1005,TIE,174,2,1.0,1.0
final_answer,no_attn,actor_1005_statement_TSI,1005,TSI,174,2,1.0,1.0
final_answer,no_attn,actor_1005_statement_WSI,1005,WSI,174,2,1.0,1.0
final_answer,no_attn,actor_1006_statement_DFA,1006,DFA,174,2,1.0,1.0
final_answer,no_attn,actor_1006_statement_IOM,1006,IOM,174,2,1.0,1.0
final_answer,no_attn,actor_1006_statement_ITH,1006,ITH,174,2,0.5,1.0
final_answer,no_attn,actor_1006_statement_ITS,1006,ITS,174,2,1.0,1.0
final_answer,no_attn,actor_1006_statement_IWL,1006,IWL,174,2,1.0,1.0
final_answer,no_attn,actor_1006_statement_IWW,1006,IWW,174,2,0.5,0.0
final_answer,no_attn,actor_1006_statement_MTI,1006,MTI,174,2,0.5,1.0
final_answer,no_attn,actor_1006_statement_TAI,1006,TAI,174,2,1.0,1.0
final_answer,no_attn,actor_1006_statement_TIE,1006,TIE,174,2,1.0,1.0
final_answer,no_attn,actor_1006_statement_TSI,1006,TSI,174,2,1.0,1.0
final_answer,no_attn,actor_1006_statement_WSI,1006,WSI,174,2,1.0,1.0
final_answer,no_attn,actor_1007_statement_DFA,1007,DFA,174,2,1.0,1.0
final_answer,no_attn,actor_1007_statement_IOM,1007,IOM,174,2,0.5,1.0
final_answer,no_attn,actor_1007_statement_ITH,1007,ITH,174,2,0.5,1.0
final_answer,no_attn,actor_1007_statement_ITS,1007,ITS,174,2,1.0,1.0
final_answer,no_attn,actor_1007_statement_IWL,1007,IWL,174,2,0.5,1.0
final_answer,no_attn,actor_1007_statement_IWW,1007,IWW,174,2,0.5,1.0
final_answer,no_attn,actor_1007_statement_MTI,1007,MTI,174,2,0.5,1.0
final_answer,no_attn,actor_1007_statement_TAI,1007,TAI,174,2,0.5,0.0
final_answer,no_attn,actor_1007_statement_TIE,1007,TIE,174,2,0.5,1.0
final_answer,no_attn,actor_1007_statement_TSI,1007,TSI,174,2,0.5,1.0
final_answer,no_attn,actor_1007_statement_WSI,1007,WSI,174,2,0.5,1.0
final_answer,no_attn,actor_1010_statement_DFA,1010,DFA,174,2,1.0,1.0
final_answer,no_attn,actor_1010_statement_IOM,1010,IOM,174,2,0.5,1.0
final_answer,no_attn,actor_1010_statement_ITH,1010,ITH,174,2,1.0,1.0
final_answer,no_attn,actor_1010_statement_ITS,1010,ITS,174,2,0.5,1.0
final_answer,no_attn,actor_1010_statement_IWL,1010,IWL,174,2,1.0,1.0
final_answer,no_attn,actor_1010_statement_IWW,1010,IWW,174,2,0.5,1.0
final_answer,no_attn,actor_1010_statement_MTI,1010,MTI,174,2,1.0,1.0
final_answer,no_attn,actor_1010_statement_TAI,1010,TAI,174,2,1.0,1.0
final_answer,no_attn,actor_1010_statement_TIE,1010,TIE,174,2,0.5,1.0
final_answer,no_attn,actor_1010_statement_TSI,1010,TSI,174,2,1.0,1.0
final_answer,no_attn,actor_1010_statement_WSI,1010,WSI,174,2,1.0,1.0
final_answer,no_attn,actor_1011_statement_DFA,1011,DFA,174,2,0.5,1.0
final_answer,no_attn,actor_1011_statement_IOM,1011,IOM,174,2,0.5,1.0
final_answer,no_attn,actor_1011_statement_ITH,1011,ITH,174,2,1.0,1.0
final_answer,no_attn,actor_1011_statement_ITS,1011,ITS,174,2,1.0,1.0
final_answer,no_attn,actor_1011_statement_IWL,1011,IWL,174,2,1.0,1.0
final_answer,no_attn,actor_1011_statement_IWW,1011,IWW,174,2,0.5,0.0
final_answer,no_attn,actor_1011_statement_MTI,1011,MTI,174,2,1.0,1.0
final_answer,no_attn,actor_1011_statement_TAI,1011,TAI,174,2,0.5,1.0
final_answer,no_attn,actor_1011_statement_TIE,1011,TIE,174,2,0.5,1.0
final_answer,no_attn,actor_1011_statement_TSI,1011,TSI,174,2,0.5,1.0
final_answer,no_attn,actor_1011_statement_WSI,1011,WSI,174,2,1.0,1.0
final_answer,no_attn,actor_1012_statement_DFA,1012,DFA,174,2,1.0,1.0
final_answer,no_attn,actor_1012_statement_IOM,1012,IOM,174,2,0.0,0.0
final_answer,no_attn,actor_1012_statement_ITH,1012,ITH,174,2,1.0,1.0
final_answer,no_attn,actor_1012_statement_ITS,1012,ITS,174,2,1.0,1.0
final_answer,no_attn,actor_1012_statement_IWL,1012,IWL,174,2,1.0,1.0
final_answer,no_attn,actor_1012_statement_IWW,1012,IWW,174,2,0.5,1.0
final_answer,no_attn,actor_1012_statement_MTI,1012,MTI,174,2,0.5,0.0
final_answer,no_attn,actor_1012_statement_TAI,1012,TAI,174,2,0.5,1.0
final_answer,no_attn,actor_1012_statement_TIE,1012,TIE,174,2,0.5,1.0
final_answer,no_attn,actor_1012_statement_TSI,1012,TSI,174,2,1.0,1.0
final_answer,no_attn,actor_1012_statement_WSI,1012,WSI,174,2,1.0,1.0
final_answer,no_attn,actor_1013_statement_DFA,1013,DFA,174,2,1.0,1.0
final_answer,no_attn,actor_1013_statement_IOM,1013,IOM,174,2,0.5,1.0
final_answer,no_attn,actor_1013_statement_ITH,1013,ITH,174,2,1.0,1.0
final_answer,no_attn,actor_1013_statement_ITS,1013,ITS,174,2,1.0,1.0
final_answer,no_attn,actor_1013_statement_IWL,1013,IWL,174,2,1.0,1.0
final_answer,no_attn,actor_1013_statement_IWW,1013,IWW,174,2,1.0,1.0
final_answer,no_attn,actor_1013_statement_MTI,1013,MTI,174,2,1.0,1.0
final_answer,no_attn,actor_1013_statement_TAI,1013,TAI,174,2,1.0,1.0
final_answer,no_attn,actor_1013_statement_TIE,1013,TIE,174,2,1.0,1.0
final_answer,no_attn,actor_1013_statement_TSI,1013,TSI,174,2,1.0,1.0
final_answer,no_attn,actor_1013_statement_WSI,1013,WSI,174,2,1.0,1.0
final_answer,no_attn,actor_1014_statement_DFA,1014,DFA,174,2,1.0,1.0
final_answer,no_attn,actor_1014_statement_IOM,1014,IOM,174,2,1.0,1.0
final_answer,no_attn,actor_1014_statement_ITH,1014,ITH,174,2,1.0,1.0
final_answer,no_attn,actor_1014_statement_ITS,1014,ITS,174,2,1.0,1.0
final_answer,no_attn,actor_1014_statement_IWL,1014,IWL,174,2,0.5,1.0
final_answer,no_attn,actor_1014_statement_IWW,1014,IWW,174,2,1.0,1.0
final_answer,no_attn,actor_1014_statement_MTI,1014,MTI,174,2,0.5,0.0
final_answer,no_attn,actor_1014_statement_TAI,1014,TAI,174,2,1.0,1.0
final_answer,no_attn,actor_1014_statement_TIE,1014,TIE,174,2,1.0,1.0
final_answer,no_attn,actor_1014_statement_TSI,1014,TSI,174,2,1.0,1.0
final_answer,no_attn,actor_1014_statement_WSI,1014,WSI,174,2,1.0,1.0
final_answer,no_attn,actor_1015_statement_DFA,1015,DFA,174,2,1.0,1.0
final_answer,no_attn,actor_1015_statement_IOM,1015,IOM,174,2,1.0,1.0
final_answer,no_attn,actor_1015_statement_ITH,1015,ITH,174,2,0.5,0.0
final_answer,no_attn,actor_1015_statement_ITS,1015,ITS,174,2,1.0,1.0
final_answer,no_attn,actor_1015_statement_IWL,1015,IWL,174,2,1.0,1.0
final_answer,no_attn,actor_1015_statement_IWW,1015,IWW,174,2,0.5,1.0
final_answer,no_attn,actor_1015_statement_MTI,1015,MTI,174,2,1.0,1.0
final_answer,no_attn,actor_1015_statement_TAI,1015,TAI,174,2,1.0,1.0
final_answer,no_attn,actor_1015_statement_TIE,1015,TIE,174,2,0.5,0.0
final_answer,no_attn,actor_1015_statement_TSI,1015,TSI,174,2,1.0,1.0
final_answer,no_attn,actor_1015_statement_WSI,1015,WSI,174,2,1.0,1.0
final_answer,no_attn,actor_1016_statement_DFA,1016,DFA,174,2,1.0,1.0
final_answer,no_attn,actor_1016_statement_IOM,1016,IOM,174,2,0.5,1.0
final_answer,no_attn,actor_1016_statement_ITH,1016,ITH,174,2,1.0,1.0
final_answer,no_attn,actor_1016_statement_ITS,1016,ITS,174,2,1.0,1.0
final_answer,no_attn,actor_1016_statement_IWL,1016,IWL,174,2,1.0,1.0
final_answer,no_attn,actor_1016_statement_IWW,1016,IWW,174,2,1.0,1.0
final_answer,no_attn,actor_1016_statement_MTI,1016,MTI,174,2,0.5,0.0
final_answer,no_attn,actor_1016_statement_TAI,1016,TAI,174,2,0.5,1.0
final_answer,no_attn,actor_1016_statement_TIE,1016,TIE,174,2,0.5,1.0
final_answer,no_attn,actor_1016_statement_TSI,1016,TSI,174,2,0.5,1.0
final_answer,no_attn,actor_1016_statement_WSI,1016,WSI,174,2,1.0,1.0
final_answer,no_attn,actor_1017_statement_DFA,1017,DFA,174,2,1.0,1.0
final_answer,no_attn,actor_1017_statement_IOM,1017,IOM,174,2,1.0,1.0
final_answer,no_attn,actor_1017_statement_ITH,1017,ITH,174,2,1.0,1.0
final_answer,no_attn,actor_1017_statement_ITS,1017,ITS,174,2,0.5,1.0
final_answer,no_attn,actor_1017_statement_IWL,1017,IWL,174,2,1.0,1.0
final_answer,no_attn,actor_1017_statement_IWW,1017,IWW,174,2,1.0,1.0
final_answer,no_attn,actor_1017_statement_MTI,1017,MTI,174,2,0.5,1.0
final_answer,no_attn,actor_1017_statement_TAI,1017,TAI,174,2,1.0,1.0
final_answer,no_attn,actor_1017_statement_TIE,1017,TIE,174,2,1.0,1.0
final_answer,no_attn,actor_1017_statement_TSI,1017,TSI,174,2,0.5,1.0
final_answer,no_attn,actor_1017_statement_WSI,1017,WSI,174,2,1.0,1.0
final_answer,no_attn,actor_1018_statement_DFA,1018,DFA,174,2,1.0,1.0
final_answer,no_attn,actor_1018_statement_IOM,1018,IOM,174,2,0.5,0.0
final_answer,no_attn,actor_1018_statement_ITH,1018,ITH,174,2,1.0,1.0
final_answer,no_attn,actor_1018_statement_ITS,1018,ITS,174,2,1.0,1.0
final_answer,no_attn,actor_1018_statement_IWL,1018,IWL,174,2,1.0,1.0
final_answer,no_attn,actor_1018_statement_IWW,1018,IWW,174,2,1.0,1.0
final_answer,no_attn,actor_1018_statement_MTI,1018,MTI,174,2,1.0,1.0
final_answer,no_attn,actor_1018_statement_TAI,1018,TAI,174,2,1.0,1.0
final_answer,no_attn,actor_1018_statement_TIE,1018,TIE,174,2,0.5,1.0
final_answer,no_attn,actor_1018_statement_TSI,1018,TSI,174,2,0.5,1.0
final_answer,no_attn,actor_1018_statement_WSI,1018,WSI,174,2,1.0,1.0
final_answer,no_attn,actor_1020_statement_DFA,1020,DFA,174,2,1.0,1.0
final_answer,no_attn,actor_1020_statement_IOM,1020,IOM,174,2,1.0,1.0
final_answer,no_attn,actor_1020_statement_ITH,1020,ITH,174,2,1.0,1.0
final_answer,no_attn,actor_1020_statement_ITS,1020,ITS,174,2,1.0,1.0
final_answer,no_attn,actor_1020_statement_IWL,1020,IWL,174,2,1.0,1.0
final_answer,no_attn,actor_1020_statement_IWW,1020,IWW,174,2,1.0,1.0
final_answer,no_attn,actor_1020_statement_MTI,1020,MTI,174,2,1.0,1.0
final_answer,no_attn,actor_1020_statement_TAI,1020,TAI,174,2,1.0,1.0
final_answer,no_attn,actor_1020_statement_TIE,1020,TIE,174,2,1.0,1.0
final_answer,no_attn,actor_1020_statement_TSI,1020,TSI,174,2,1.0,1.0
final_answer,no_attn,actor_1020_statement_WSI,1020,WSI,174,2,1.0,1.0
final_answer,no_attn,actor_1021_statement_DFA,1021,DFA,174,2,1.0,1.0
final_answer,no_attn,actor_1021_statement_IOM,1021,IOM,174,2,1.0,1.0
final_answer,no_attn,actor_1021_statement_ITH,1021,ITH,174,2,0.5,1.0
final_answer,no_attn,actor_1021_statement_ITS,1021,ITS,174,2,1.0,1.0
final_answer,no_attn,actor_1021_statement_IWL,1021,IWL,174,2,1.0,1.0
final_answer,no_attn,actor_1021_statement_IWW,1021,IWW,174,2,1.0,1.0
final_answer,no_attn,actor_1021_statement_MTI,1021,MTI,174,2,0.5,1.0
final_answer,no_attn,actor_1021_statement_TAI,1021,TAI,174,2,1.0,1.0
final_answer,no_attn,actor_1021_statement_TIE,1021,TIE,174,2,1.0,1.0
final_answer,no_attn,actor_1021_statement_TSI,1021,TSI,174,2,0.5,0.0
final_answer,no_attn,actor_1021_statement_WSI,1021,WSI,174,2,0.5,1.0
final_answer,no_attn,actor_1022_statement_DFA,1022,DFA,174,2,1.0,1.0
final_answer,no_attn,actor_1022_statement_IOM,1022,IOM,174,2,1.0,1.0
final_answer,no_attn,actor_1022_statement_ITH,1022,ITH,174,2,1.0,1.0
final_answer,no_attn,actor_1022_statement_ITS,1022,ITS,174,2,1.0,1.0
final_answer,no_attn,actor_1022_statement_IWL,1022,IWL,174,2,1.0,1.0
final_answer,no_attn,actor_1022_statement_IWW,1022,IWW,174,2,0.5,1.0
final_answer,no_attn,actor_1022_statement_MTI,1022,MTI,174,2,0.5,1.0
final_answer,no_attn,actor_1022_statement_TAI,1022,TAI,174,2,1.0,1.0
final_answer,no_attn,actor_1022_statement_TIE,1022,TIE,174,2,1.0,1.0
final_answer,no_attn,actor_1022_statement_TSI,1022,TSI,174,2,1.0,1.0
final_answer,no_attn,actor_1022_statement_WSI,1022,WSI,174,2,1.0,1.0
final_answer,no_attn,actor_1023_statement_DFA,1023,DFA,174,2,0.5,1.0
final_answer,no_attn,actor_1023_statement_IOM,1023,IOM,174,2,1.0,1.0
final_answer,no_attn,actor_1023_statement_ITH,1023,ITH,174,2,1.0,1.0
final_answer,no_attn,actor_1023_statement_ITS,1023,ITS,174,2,1.0,1.0
final_answer,no_attn,actor_1023_statement_IWL,1023,IWL,174,2,1.0,1.0
final_answer,no_attn,actor_1023_statement_IWW,1023,IWW,174,2,1.0,1.0
final_answer,no_attn,actor_1023_statement_MTI,1023,MTI,174,2,1.0,1.0
final_answer,no_attn,actor_1023_statement_TAI,1023,TAI,174,2,0.5,1.0
final_answer,no_attn,actor_1023_statement_TIE,1023,TIE,174,2,1.0,1.0
final_answer,no_attn,actor_1023_statement_TSI,1023,TSI,174,2,1.0,1.0
final_answer,no_attn,actor_1023_statement_WSI,1023,WSI,174,2,1.0,1.0
final_answer,no_attn,actor_1024_statement_DFA,1024,DFA,174,2,0.5,0.0
final_answer,no_attn,actor_1024_statement_IOM,1024,IOM,174,2,1.0,1.0
final_answer,no_attn,actor_1024_statement_ITH,1024,ITH,174,2,1.0,1.0
final_answer,no_attn,actor_1024_statement_ITS,1024,ITS,174,2,1.0,1.0
final_answer,no_attn,actor_1024_statement_IWL,1024,IWL,174,2,1.0,1.0
final_answer,no_attn,actor_1024_statement_IWW,1024,IWW,174,2,1.0,1.0
final_answer,no_attn,actor_1024_statement_MTI,1024,MTI,174,2,1.0,1.0
final_answer,no_attn,actor_1024_statement_TAI,1024,TAI,174,2,0.5,1.0
final_answer,no_attn,actor_1024_statement_TIE,1024,TIE,174,2,1.0,1.0
final_answer,no_attn,actor_1024_statement_TSI,1024,TSI,174,2,1.0,1.0
final_answer,no_attn,actor_1024_statement_WSI,1024,WSI,174,2,1.0,1.0
final_answer,no_attn,actor_1025_statement_DFA,1025,DFA,174,2,1.0,1.0
final_answer,no_attn,actor_1025_statement_IOM,1025,IOM,174,2,1.0,1.0
final_answer,no_attn,actor_1025_statement_ITH,1025,ITH,174,2,1.0,1.0
final_answer,no_attn,actor_1025_statement_ITS,1025,ITS,174,2,0.5,1.0
final_answer,no_attn,actor_1025_statement_IWL,1025,IWL,174,2,1.0,1.0
final_answer,no_attn,actor_1025_statement_IWW,1025,IWW,174,2,1.0,1.0
final_answer,no_attn,actor_1025_statement_MTI,1025,MTI,174,2,1.0,1.0
final_answer,no_attn,actor_1025_statement_TAI,1025,TAI,174,2,1.0,1.0
final_answer,no_attn,actor_1025_statement_TIE,1025,TIE,174,2,1.0,1.0
final_answer,no_attn,actor_1025_statement_TSI,1025,TSI,174,2,1.0,1.0
final_answer,no_attn,actor_1025_statement_WSI,1025,WSI,174,2,0.5,1.0
final_answer,no_attn,actor_1026_statement_DFA,1026,DFA,174,2,1.0,1.0
final_answer,no_attn,actor_1026_statement_IOM,1026,IOM,174,2,0.0,0.0
final_answer,no_attn,actor_1026_statement_ITH,1026,ITH,174,2,1.0,1.0
final_answer,no_attn,actor_1026_statement_ITS,1026,ITS,174,2,1.0,1.0
final_answer,no_attn,actor_1026_statement_IWL,1026,IWL,174,2,1.0,1.0
final_answer,no_attn,actor_1026_statement_IWW,1026,IWW,174,2,1.0,1.0
final_answer,no_attn,actor_1026_statement_MTI,1026,MTI,174,2,1.0,1.0
final_answer,no_attn,actor_1026_statement_TAI,1026,TAI,174,2,1.0,1.0
final_answer,no_attn,actor_1026_statement_TIE,1026,TIE,174,2,1.0,1.0
final_answer,no_attn,actor_1026_statement_TSI,1026,TSI,174,2,1.0,1.0
final_answer,no_attn,actor_1026_statement_WSI,1026,WSI,174,2,1.0,1.0
final_answer,no_attn,actor_1027_statement_DFA,1027,DFA,174,2,1.0,1.0
final_answer,no_attn,actor_1027_statement_IOM,1027,IOM,174,2,1.0,1.0
final_answer,no_attn,actor_1027_statement_ITH,1027,ITH,174,2,1.0,1.0
final_answer,no_attn,actor_1027_statement_ITS,1027,ITS,174,2,1.0,1.0
final_answer,no_attn,actor_1027_statement_IWL,1027,IWL,174,2,1.0,1.0
final_answer,no_attn,actor_1027_statement_IWW,1027,IWW,174,2,0.5,1.0
final_answer,no_attn,actor_1027_statement_MTI,1027,MTI,174,2,1.0,1.0
final_answer,no_attn,actor_1027_statement_TAI,1027,TAI,174,2,1.0,1.0
final_answer,no_attn,actor_1027_statement_TIE,1027,TIE,174,2,0.0,0.0
final_answer,no_attn,actor_1027_statement_TSI,1027,TSI,174,2,1.0,1.0
final_answer,no_attn,actor_1027_statement_WSI,1027,WSI,174,2,1.0,1.0
final_answer,no_attn,actor_1028_statement_DFA,1028,DFA,174,2,1.0,1.0
final_answer,no_attn,actor_1028_statement_IOM,1028,IOM,174,2,0.5,1.0
final_answer,no_attn,actor_1028_statement_ITH,1028,ITH,174,2,1.0,1.0
final_answer,no_attn,actor_1028_statement_ITS,1028,ITS,174,2,1.0,1.0
final_answer,no_attn,actor_1028_statement_IWL,1028,IWL,174,2,1.0,1.0
final_answer,no_attn,actor_1028_statement_IWW,1028,IWW,174,2,0.0,0.0
final_answer,no_attn,actor_1028_statement_MTI,1028,MTI,174,2,1.0,1.0
final_answer,no_attn,actor_1028_statement_TAI,1028,TAI,174,2,0.5,1.0
final_answer,no_attn,actor_1028_statement_TIE,1028,TIE,174,2,0.5,0.0
final_answer,no_attn,actor_1028_statement_TSI,1028,TSI,174,2,1.0,1.0
final_answer,no_attn,actor_1028_statement_WSI,1028,WSI,174,2,0.5,0.0
final_answer,no_attn,actor_1029_statement_DFA,1029,DFA,174,2,0.5,0.0
final_answer,no_attn,actor_1029_statement_IOM,1029,IOM,174,2,1.0,1.0
final_answer,no_attn,actor_1029_statement_ITH,1029,ITH,174,2,1.0,1.0
final_answer,no_attn,actor_1029_statement_ITS,1029,ITS,174,2,1.0,1.0
final_answer,no_attn,actor_1029_statement_IWL,1029,IWL,174,2,1.0,1.0
final_answer,no_attn,actor_1029_statement_IWW,1029,IWW,174,2,1.0,1.0
final_answer,no_attn,actor_1029_statement_MTI,1029,MTI,174,2,1.0,1.0
final_answer,no_attn,actor_1029_statement_TAI,1029,TAI,174,2,1.0,1.0
final_answer,no_attn,actor_1029_statement_TIE,1029,TIE,174,2,1.0,1.0
final_answer,no_attn,actor_1029_statement_TSI,1029,TSI,174,2,0.5,1.0
final_answer,no_attn,actor_1029_statement_WSI,1029,WSI,174,2,0.5,0.0
final_answer,no_attn,actor_1030_statement_DFA,1030,DFA,174,2,1.0,1.0
final_answer,no_attn,actor_1030_statement_IOM,1030,IOM,174,2,1.0,1.0
final_answer,no_attn,actor_1030_statement_ITH,1030,ITH,174,2,1.0,1.0
final_answer,no_attn,actor_1030_statement_ITS,1030,ITS,174,2,1.0,1.0
final_answer,no_attn,actor_1030_statement_IWL,1030,IWL,174,2,1.0,1.0
final_answer,no_attn,actor_1030_statement_IWW,1030,IWW,174,2,1.0,1.0
final_answer,no_attn,actor_1030_statement_MTI,1030,MTI,174,2,1.0,1.0
final_answer,no_attn,actor_1030_statement_TAI,1030,TAI,174,2,1.0,1.0
final_answer,no_attn,actor_1030_statement_TIE,1030,TIE,174,2,1.0,1.0
final_answer,no_attn,actor_1030_statement_TSI,1030,TSI,174,2,1.0,1.0
final_answer,no_attn,actor_1030_statement_WSI,1030,WSI,174,2,0.5,1.0
final_answer,no_attn,actor_1031_statement_DFA,1031,DFA,174,2,1.0,1.0
final_answer,no_attn,actor_1031_statement_IOM,1031,IOM,174,2,0.5,1.0
final_answer,no_attn,actor_1031_statement_ITH,1031,ITH,174,2,1.0,1.0
final_answer,no_attn,actor_1031_statement_ITS,1031,ITS,174,2,1.0,1.0
final_answer,no_attn,actor_1031_statement_IWL,1031,IWL,174,2,1.0,1.0
final_answer,no_attn,actor_1031_statement_IWW,1031,IWW,174,2,0.5,1.0
final_answer,no_attn,actor_1031_statement_MTI,1031,MTI,174,2,1.0,1.0
final_answer,no_attn,actor_1031_statement_TAI,1031,TAI,174,2,0.5,1.0
final_answer,no_attn,actor_1031_statement_TIE,1031,TIE,174,2,1.0,1.0
final_answer,no_attn,actor_1031_statement_TSI,1031,TSI,174,2,1.0,1.0
final_answer,no_attn,actor_1031_statement_WSI,1031,WSI,174,2,0.5,0.0
final_answer,no_attn,actor_1032_statement_DFA,1032,DFA,174,2,0.5,1.0
final_answer,no_attn,actor_1032_statement_IOM,1032,IOM,174,2,0.5,0.0
final_answer,no_attn,actor_1032_statement_ITH,1032,ITH,174,2,1.0,1.0
final_answer,no_attn,actor_1032_statement_ITS,1032,ITS,174,2,1.0,1.0
final_answer,no_attn,actor_1032_statement_IWL,1032,IWL,174,2,1.0,1.0
final_answer,no_attn,actor_1032_statement_IWW,1032,IWW,174,2,1.0,1.0
final_answer,no_attn,actor_1032_statement_MTI,1032,MTI,174,2,0.5,0.0
final_answer,no_attn,actor_1032_statement_TAI,1032,TAI,174,2,0.5,1.0
final_answer,no_attn,actor_1032_statement_TIE,1032,TIE,174,2,0.5,1.0
final_answer,no_attn,actor_1032_statement_TSI,1032,TSI,174,2,1.0,1.0
final_answer,no_attn,actor_1032_statement_WSI,1032,WSI,174,2,0.5,1.0
final_answer,no_attn,actor_1033_statement_DFA,1033,DFA,174,2,1.0,1.0
final_answer,no_attn,actor_1033_statement_IOM,1033,IOM,174,2,1.0,1.0
final_answer,no_attn,actor_1033_statement_ITH,1033,ITH,174,2,1.0,1.0
final_answer,no_attn,actor_1033_statement_ITS,1033,ITS,174,2,1.0,1.0
final_answer,no_attn,actor_1033_statement_IWL,1033,IWL,174,2,1.0,1.0
final_answer,no_attn,actor_1033_statement_IWW,1033,IWW,174,2,0.5,1.0
final_answer,no_attn,actor_1033_statement_MTI,1033,MTI,174,2,1.0,1.0
final_answer,no_attn,actor_1033_statement_TAI,1033,TAI,174,2,1.0,1.0
final_answer,no_attn,actor_1033_statement_TIE,1033,TIE,174,2,1.0,1.0
final_answer,no_attn,actor_1033_statement_TSI,1033,TSI,174,2,1.0,1.0
final_answer,no_attn,actor_1033_statement_WSI,1033,WSI,174,2,0.5,1.0
final_answer,no_attn,actor_1034_statement_DFA,1034,DFA,174,2,0.5,1.0
final_answer,no_attn,actor_1034_statement_IOM,1034,IOM,174,2,1.0,1.0
final_answer,no_attn,actor_1034_statement_ITH,1034,ITH,174,2,0.5,1.0
final_answer,no_attn,actor_1034_statement_ITS,1034,ITS,174,2,1.0,1.0
final_answer,no_attn,actor_1034_statement_IWL,1034,IWL,174,2,0.5,1.0
final_answer,no_attn,actor_1034_statement_IWW,1034,IWW,174,2,1.0,1.0
final_answer,no_attn,actor_1034_statement_MTI,1034,MTI,174,2,0.5,1.0
final_answer,no_attn,actor_1034_statement_TAI,1034,TAI,174,2,0.5,1.0
final_answer,no_attn,actor_1034_statement_TIE,1034,TIE,174,2,1.0,1.0
final_answer,no_attn,actor_1034_statement_TSI,1034,TSI,174,2,1.0,1.0
final_answer,no_attn,actor_1034_statement_WSI,1034,WSI,174,2,1.0,1.0
final_answer,no_attn,actor_1035_statement_DFA,1035,DFA,174,2,1.0,1.0
final_answer,no_attn,actor_1035_statement_IOM,1035,IOM,174,2,1.0,1.0
final_answer,no_attn,actor_1035_statement_ITH,1035,ITH,174,2,1.0,1.0
final_answer,no_attn,actor_1035_statement_ITS,1035,ITS,174,2,0.5,1.0
final_answer,no_attn,actor_1035_statement_IWL,1035,IWL,174,2,0.5,1.0
final_answer,no_attn,actor_1035_statement_IWW,1035,IWW,174,2,0.5,1.0
final_answer,no_attn,actor_1035_statement_MTI,1035,MTI,174,2,0.5,1.0
final_answer,no_attn,actor_1035_statement_TAI,1035,TAI,174,2,1.0,1.0
final_answer,no_attn,actor_1035_statement_TIE,1035,TIE,174,2,1.0,1.0
final_answer,no_attn,actor_1035_statement_TSI,1035,TSI,174,2,0.5,1.0
final_answer,no_attn,actor_1035_statement_WSI,1035,WSI,174,2,1.0,1.0
final_answer,no_attn,actor_1036_statement_DFA,1036,DFA,174,2,0.5,0.0
final_answer,no_attn,actor_1036_statement_IOM,1036,IOM,174,2,0.5,0.0
final_answer,no_attn,actor_1036_statement_ITH,1036,ITH,174,2,0.5,1.0
final_answer,no_attn,actor_1036_statement_ITS,1036,ITS,174,2,1.0,1.0
final_answer,no_attn,actor_1036_statement_IWL,1036,IWL,174,2,1.0,1.0
final_answer,no_attn,actor_1036_statement_IWW,1036,IWW,174,2,1.0,1.0
final_answer,no_attn,actor_1036_statement_MTI,1036,MTI,174,2,1.0,1.0
final_answer,no_attn,actor_1036_statement_TAI,1036,TAI,174,2,1.0,1.0
final_answer,no_attn,actor_1036_statement_TIE,1036,TIE,174,2,0.5,0.0
final_answer,no_attn,actor_1036_statement_TSI,1036,TSI,174,2,0.5,1.0
final_answer,no_attn,actor_1036_statement_WSI,1036,WSI,174,2,0.5,1.0
final_answer,no_attn,actor_1037_statement_DFA,1037,DFA,174,2,1.0,1.0
final_answer,no_attn,actor_1037_statement_IOM,1037,IOM,174,2,1.0,1.0
final_answer,no_attn,actor_1037_statement_ITH,1037,ITH,174,2,0.5,1.0
final_answer,no_attn,actor_1037_statement_ITS,1037,ITS,174,2,1.0,1.0
final_answer,no_attn,actor_1037_statement_IWL,1037,IWL,174,2,1.0,1.0
final_answer,no_attn,actor_1037_statement_IWW,1037,IWW,174,2,0.5,0.0
final_answer,no_attn,actor_1037_statement_MTI,1037,MTI,174,2,0.5,1.0
final_answer,no_attn,actor_1037_statement_TAI,1037,TAI,174,2,1.0,1.0
final_answer,no_attn,actor_1037_statement_TIE,1037,TIE,174,2,1.0,1.0
final_answer,no_attn,actor_1037_statement_TSI,1037,TSI,174,2,1.0,1.0
final_answer,no_attn,actor_1037_statement_WSI,1037,WSI,174,2,1.0,1.0
final_answer,no_attn,actor_1038_statement_DFA,1038,DFA,174,2,1.0,1.0
final_answer,no_attn,actor_1038_statement_IOM,1038,IOM,174,2,0.5,1.0
final_answer,no_attn,actor_1038_statement_ITH,1038,ITH,174,2,1.0,1.0
final_answer,no_attn,actor_1038_statement_ITS,1038,ITS,174,2,1.0,1.0
final_answer,no_attn,actor_1038_statement_IWL,1038,IWL,174,2,0.5,1.0
final_answer,no_attn,actor_1038_statement_IWW,1038,IWW,174,2,0.5,1.0
final_answer,no_attn,actor_1038_statement_MTI,1038,MTI,174,2,1.0,1.0
final_answer,no_attn,actor_1038_statement_TAI,1038,TAI,174,2,1.0,1.0
final_answer,no_attn,actor_1038_statement_TIE,1038,TIE,174,2,1.0,1.0
final_answer,no_attn,actor_1038_statement_TSI,1038,TSI,174,2,1.0,1.0
final_answer,no_attn,actor_1038_statement_WSI,1038,WSI,174,2,1.0,1.0
final_answer,no_attn,actor_1039_statement_DFA,1039,DFA,174,2,1.0,1.0
final_answer,no_attn,actor_1039_statement_IOM,1039,IOM,174,2,1.0,1.0
final_answer,no_attn,actor_1039_statement_ITH,1039,ITH,174,2,1.0,1.0
final_answer,no_attn,actor_1039_statement_ITS,1039,ITS,174,2,1.0,1.0
final_answer,no_attn,actor_1039_statement_IWL,1039,IWL,174,2,1.0,1.0
final_answer,no_attn,actor_1039_statement_IWW,1039,IWW,174,2,1.0,1.0
final_answer,no_attn,actor_1039_statement_MTI,1039,MTI,174,2,1.0,1.0
final_answer,no_attn,actor_1039_statement_TAI,1039,TAI,174,2,1.0,1.0
final_answer,no_attn,actor_1039_statement_TIE,1039,TIE,174,2,1.0,1.0
final_answer,no_attn,actor_1039_statement_TSI,1039,TSI,174,2,1.0,1.0
final_answer,no_attn,actor_1039_statement_WSI,1039,WSI,174,2,1.0,1.0
final_answer,no_attn,actor_1040_statement_DFA,1040,DFA,174,2,1.0,1.0
final_answer,no_attn,actor_1040_statement_IOM,1040,IOM,174,2,0.5,1.0
final_answer,no_attn,actor_1040_statement_ITH,1040,ITH,174,2,0.5,1.0
final_answer,no_attn,actor_1040_statement_ITS,1040,ITS,174,2,1.0,1.0
final_answer,no_attn,actor_1040_statement_IWL,1040,IWL,174,2,1.0,1.0
final_answer,no_attn,actor_1040_statement_IWW,1040,IWW,174,2,1.0,1.0
final_answer,no_attn,actor_1040_statement_MTI,1040,MTI,174,2,1.0,1.0
final_answer,no_attn,actor_1040_statement_TAI,1040,TAI,174,2,1.0,1.0
final_answer,no_attn,actor_1040_statement_TIE,1040,TIE,174,2,1.0,1.0
final_answer,no_attn,actor_1040_statement_TSI,1040,TSI,174,2,1.0,1.0
final_answer,no_attn,actor_1040_statement_WSI,1040,WSI,174,2,1.0,1.0
final_answer,no_attn,actor_1041_statement_DFA,1041,DFA,174,2,0.5,1.0
final_answer,no_attn,actor_1041_statement_IOM,1041,IOM,174,2,1.0,1.0
final_answer,no_attn,actor_1041_statement_ITH,1041,ITH,174,2,0.5,1.0
final_answer,no_attn,actor_1041_statement_ITS,1041,ITS,174,2,1.0,1.0
final_answer,no_attn,actor_1041_statement_IWL,1041,IWL,174,2,1.0,1.0
final_answer,no_attn,actor_1041_statement_IWW,1041,IWW,174,2,0.5,1.0
final_answer,no_attn,actor_1041_statement_MTI,1041,MTI,174,2,1.0,1.0
final_answer,no_attn,actor_1041_statement_TAI,1041,TAI,174,2,1.0,1.0
final_answer,no_attn,actor_1041_statement_TIE,1041,TIE,174,2,1.0,1.0
final_answer,no_attn,actor_1041_statement_TSI,1041,TSI,174,2,1.0,1.0
final_answer,no_attn,actor_1041_statement_WSI,1041,WSI,174,2,1.0,1.0
final_answer,no_attn,actor_1042_statement_DFA,1042,DFA,174,2,1.0,1.0
final_answer,no_attn,actor_1042_statement_IOM,1042,IOM,174,2,1.0,1.0
final_answer,no_attn,actor_1042_statement_ITH,1042,ITH,174,2,0.5,1.0
final_answer,no_attn,actor_1042_statement_ITS,1042,ITS,174,2,0.5,0.0
final_answer,no_attn,actor_1042_statement_IWL,1042,IWL,174,2,1.0,1.0
final_answer,no_attn,actor_1042_statement_IWW,1042,IWW,174,2,1.0,1.0
final_answer,no_attn,actor_1042_statement_MTI,1042,MTI,174,2,0.5,1.0
final_answer,no_attn,actor_1042_statement_TAI,1042,TAI,174,2,0.5,1.0
final_answer,no_attn,actor_1042_statement_TIE,1042,TIE,174,2,0.5,1.0
final_answer,no_attn,actor_1042_statement_TSI,1042,TSI,174,2,1.0,1.0
final_answer,no_attn,actor_1042_statement_WSI,1042,WSI,174,2,0.5,1.0
final_answer,no_attn,actor_1043_statement_DFA,1043,DFA,174,2,1.0,1.0
final_answer,no_attn,actor_1043_statement_IOM,1043,IOM,174,2,1.0,1.0
final_answer,no_attn,actor_1043_statement_ITH,1043,ITH,174,2,0.5,1.0
final_answer,no_attn,actor_1043_statement_ITS,1043,ITS,174,2,0.5,1.0
final_answer,no_attn,actor_1043_statement_IWL,1043,IWL,174,2,0.5,1.0
final_answer,no_attn,actor_1043_statement_IWW,1043,IWW,174,2,1.0,1.0
final_answer,no_attn,actor_1043_statement_MTI,1043,MTI,174,2,0.5,1.0
final_answer,no_attn,actor_1043_statement_TAI,1043,TAI,174,2,1.0,1.0
final_answer,no_attn,actor_1043_statement_TIE,1043,TIE,174,2,1.0,1.0
final_answer,no_attn,actor_1043_statement_TSI,1043,TSI,174,2,0.5,1.0
final_answer,no_attn,actor_1043_statement_WSI,1043,WSI,174,2,1.0,1.0
final_answer,no_attn,actor_1044_statement_DFA,1044,DFA,174,2,1.0,1.0
final_answer,no_attn,actor_1044_statement_IOM,1044,IOM,174,2,0.5,1.0
final_answer,no_attn,actor_1044_statement_ITH,1044,ITH,174,2,0.5,1.0
final_answer,no_attn,actor_1044_statement_ITS,1044,ITS,174,2,1.0,1.0
final_answer,no_attn,actor_1044_statement_IWL,1044,IWL,174,2,0.5,1.0
final_answer,no_attn,actor_1044_statement_IWW,1044,IWW,174,2,0.5,0.0
final_answer,no_attn,actor_1044_statement_MTI,1044,MTI,174,2,1.0,1.0
final_answer,no_attn,actor_1044_statement_TAI,1044,TAI,174,2,1.0,1.0
final_answer,no_attn,actor_1044_statement_TIE,1044,TIE,174,2,1.0,1.0
final_answer,no_attn,actor_1044_statement_TSI,1044,TSI,174,2,1.0,1.0
final_answer,no_attn,actor_1044_statement_WSI,1044,WSI,174,2,0.5,1.0
final_answer,no_attn,actor_1045_statement_DFA,1045,DFA,174,2,0.5,1.0
final_answer,no_attn,actor_1045_statement_IOM,1045,IOM,174,2,1.0,1.0
final_answer,no_attn,actor_1045_statement_ITH,1045,ITH,174,2,1.0,1.0
final_answer,no_attn,actor_1045_statement_ITS,1045,ITS,174,2,0.5,1.0
final_answer,no_attn,actor_1045_statement_IWL,1045,IWL,174,2,1.0,1.0
final_answer,no_attn,actor_1045_statement_IWW,1045,IWW,174,2,1.0,1.0
final_answer,no_attn,actor_1045_statement_MTI,1045,MTI,174,2,1.0,1.0
final_answer,no_attn,actor_1045_statement_TAI,1045,TAI,174,2,1.0,1.0
final_answer,no_attn,actor_1045_statement_TIE,1045,TIE,174,2,0.5,1.0
final_answer,no_attn,actor_1045_statement_TSI,1045,TSI,174,2,1.0,1.0
final_answer,no_attn,actor_1045_statement_WSI,1045,WSI,174,2,1.0,1.0
final_answer,no_attn,actor_1046_statement_DFA,1046,DFA,174,2,0.5,1.0
final_answer,no_attn,actor_1046_statement_IOM,1046,IOM,174,2,0.5,1.0
final_answer,no_attn,actor_1046_statement_ITH,1046,ITH,174,2,1.0,1.0
final_answer,no_attn,actor_1046_statement_ITS,1046,ITS,174,2,1.0,1.0
final_answer,no_attn,actor_1046_statement_IWL,1046,IWL,174,2,0.5,1.0
final_answer,no_attn,actor_1046_statement_IWW,1046,IWW,174,2,1.0,1.0
final_answer,no_attn,actor_1046_statement_MTI,1046,MTI,174,2,0.5,1.0
final_answer,no_attn,actor_1046_statement_TAI,1046,TAI,174,2,1.0,1.0
final_answer,no_attn,actor_1046_statement_TIE,1046,TIE,174,2,0.5,0.0
final_answer,no_attn,actor_1046_statement_TSI,1046,TSI,174,2,1.0,1.0
final_answer,no_attn,actor_1046_statement_WSI,1046,WSI,174,2,1.0,1.0
final_answer,no_attn,actor_1047_statement_DFA,1047,DFA,174,2,1.0,1.0
final_answer,no_attn,actor_1047_statement_IOM,1047,IOM,174,2,1.0,1.0
final_answer,no_attn,actor_1047_statement_ITH,1047,ITH,174,2,1.0,1.0
final_answer,no_attn,actor_1047_statement_ITS,1047,ITS,174,2,1.0,1.0
final_answer,no_attn,actor_1047_statement_IWL,1047,IWL,174,2,1.0,1.0
final_answer,no_attn,actor_1047_statement_IWW,1047,IWW,174,2,1.0,1.0
final_answer,no_attn,actor_1047_statement_MTI,1047,MTI,174,2,1.0,1.0
final_answer,no_attn,actor_1047_statement_TAI,1047,TAI,174,2,0.5,1.0
final_answer,no_attn,actor_1047_statement_TIE,1047,TIE,174,2,1.0,1.0
final_answer,no_attn,actor_1047_statement_TSI,1047,TSI,174,2,0.5,1.0
final_answer,no_attn,actor_1047_statement_WSI,1047,WSI,174,2,1.0,1.0
final_answer,no_attn,actor_1048_statement_DFA,1048,DFA,174,2,1.0,1.0
final_answer,no_attn,actor_1048_statement_IOM,1048,IOM,174,2,1.0,1.0
final_answer,no_attn,actor_1048_statement_ITH,1048,ITH,174,2,1.0,1.0
final_answer,no_attn,actor_1048_statement_ITS,1048,ITS,174,2,1.0,1.0
final_answer,no_attn,actor_1048_statement_IWL,1048,IWL,174,2,0.5,1.0
final_answer,no_attn,actor_1048_statement_IWW,1048,IWW,174,2,0.5,0.0
final_answer,no_attn,actor_1048_statement_MTI,1048,MTI,174,2,1.0,1.0
final_answer,no_attn,actor_1048_statement_TAI,1048,TAI,174,2,1.0,1.0
final_answer,no_attn,actor_1048_statement_TIE,1048,TIE,174,2,1.0,1.0
final_answer,no_attn,actor_1048_statement_TSI,1048,TSI,174,2,1.0,1.0
final_answer,no_attn,actor_1048_statement_WSI,1048,WSI,174,2,1.0,1.0
final_answer,no_attn,actor_1049_statement_DFA,1049,DFA,174,2,1.0,1.0
final_answer,no_attn,actor_1049_statement_IOM,1049,IOM,174,2,1.0,1.0
final_answer,no_attn,actor_1049_statement_ITH,1049,ITH,174,2,1.0,1.0
final_answer,no_attn,actor_1049_statement_ITS,1049,ITS,174,2,1.0,1.0
final_answer,no_attn,actor_1049_statement_IWL,1049,IWL,174,2,1.0,1.0
final_answer,no_attn,actor_1049_statement_IWW,1049,IWW,174,2,1.0,1.0
final_answer,no_attn,actor_1049_statement_MTI,1049,MTI,174,2,1.0,1.0
final_answer,no_attn,actor_1049_statement_TAI,1049,TAI,174,2,1.0,1.0
final_answer,no_attn,actor_1049_statement_TIE,1049,TIE,174,2,1.0,1.0
final_answer,no_attn,actor_1049_statement_TSI,1049,TSI,174,2,1.0,1.0
final_answer,no_attn,actor_1049_statement_WSI,1049,WSI,174,2,1.0,1.0
final_answer,no_attn,actor_1050_statement_DFA,1050,DFA,174,2,0.5,0.0
final_answer,no_attn,actor_1050_statement_IOM,1050,IOM,174,2,1.0,1.0
final_answer,no_attn,actor_1050_statement_ITH,1050,ITH,174,2,1.0,1.0
final_answer,no_attn,actor_1050_statement_ITS,1050,ITS,174,2,1.0,1.0
final_answer,no_attn,actor_1050_statement_IWL,1050,IWL,174,2,1.0,1.0
final_answer,no_attn,actor_1050_statement_IWW,1050,IWW,174,2,1.0,1.0
final_answer,no_attn,actor_1050_statement_MTI,1050,MTI,174,2,1.0,1.0
final_answer,no_attn,actor_1050_statement_TAI,1050,TAI,174,2,0.5,1.0
final_answer,no_attn,actor_1050_statement_TIE,1050,TIE,174,2,1.0,1.0
final_answer,no_attn,actor_1050_statement_TSI,1050,TSI,174,2,0.0,0.0
final_answer,no_attn,actor_1050_statement_WSI,1050,WSI,174,2,1.0,1.0
final_answer,no_attn,actor_1051_statement_DFA,1051,DFA,174,2,1.0,1.0
final_answer,no_attn,actor_1051_statement_IOM,1051,IOM,174,2,1.0,1.0
final_answer,no_attn,actor_1051_statement_ITH,1051,ITH,174,2,1.0,1.0
final_answer,no_attn,actor_1051_statement_ITS,1051,ITS,174,2,1.0,1.0
final_answer,no_attn,actor_1051_statement_IWL,1051,IWL,174,2,1.0,1.0
final_answer,no_attn,actor_1051_statement_IWW,1051,IWW,174,2,1.0,1.0
final_answer,no_attn,actor_1051_statement_MTI,1051,MTI,174,2,1.0,1.0
final_answer,no_attn,actor_1051_statement_TAI,1051,TAI,174,2,0.5,1.0
final_answer,no_attn,actor_1051_statement_TIE,1051,TIE,174,2,0.5,1.0
final_answer,no_attn,actor_1051_statement_TSI,1051,TSI,174,2,1.0,1.0
final_answer,no_attn,actor_1051_statement_WSI,1051,WSI,174,2,1.0,1.0
final_answer,no_attn,actor_1052_statement_DFA,1052,DFA,174,2,1.0,1.0
final_answer,no_attn,actor_1052_statement_IOM,1052,IOM,174,2,1.0,1.0
final_answer,no_attn,actor_1052_statement_ITH,1052,ITH,174,2,1.0,1.0
final_answer,no_attn,actor_1052_statement_ITS,1052,ITS,174,2,1.0,1.0
final_answer,no_attn,actor_1052_statement_IWL,1052,IWL,174,2,1.0,1.0
final_answer,no_attn,actor_1052_statement_IWW,1052,IWW,174,2,1.0,1.0
final_answer,no_attn,actor_1052_statement_MTI,1052,MTI,174,2,0.5,0.0
final_answer,no_attn,actor_1052_statement_TAI,1052,TAI,174,2,0.5,1.0
final_answer,no_attn,actor_1052_statement_TIE,1052,TIE,174,2,1.0,1.0
final_answer,no_attn,actor_1052_statement_TSI,1052,TSI,174,2,1.0,1.0
final_answer,no_attn,actor_1052_statement_WSI,1052,WSI,174,2,1.0,1.0
final_answer,no_attn,actor_1053_statement_DFA,1053,DFA,174,2,1.0,1.0
final_answer,no_attn,actor_1053_statement_IOM,1053,IOM,174,2,1.0,1.0
final_answer,no_attn,actor_1053_statement_ITH,1053,ITH,174,2,1.0,1.0
final_answer,no_attn,actor_1053_statement_ITS,1053,ITS,174,2,1.0,1.0
final_answer,no_attn,actor_1053_statement_IWL,1053,IWL,174,2,1.0,1.0
final_answer,no_attn,actor_1053_statement_IWW,1053,IWW,174,2,1.0,1.0
final_answer,no_attn,actor_1053_statement_MTI,1053,MTI,174,2,1.0,1.0
final_answer,no_attn,actor_1053_statement_TAI,1053,TAI,174,2,1.0,1.0
final_answer,no_attn,actor_1053_statement_TIE,1053,TIE,174,2,1.0,1.0
final_answer,no_attn,actor_1053_statement_TSI,1053,TSI,174,2,1.0,1.0
final_answer,no_attn,actor_1053_statement_WSI,1053,WSI,174,2,0.5,1.0
final_answer,no_attn,actor_1054_statement_DFA,1054,DFA,174,2,1.0,1.0
final_answer,no_attn,actor_1054_statement_IOM,1054,IOM,174,2,1.0,1.0
final_answer,no_attn,actor_1054_statement_ITH,1054,ITH,174,2,0.5,1.0
final_answer,no_attn,actor_1054_statement_ITS,1054,ITS,174,2,1.0,1.0
final_answer,no_attn,actor_1054_statement_IWL,1054,IWL,174,2,1.0,1.0
final_answer,no_attn,actor_1054_statement_IWW,1054,IWW,174,2,0.5,1.0
final_answer,no_attn,actor_1054_statement_MTI,1054,MTI,174,2,1.0,1.0
final_answer,no_attn,actor_1054_statement_TAI,1054,TAI,174,2,1.0,1.0
final_answer,no_attn,actor_1054_statement_TIE,1054,TIE,174,2,1.0,1.0
final_answer,no_attn,actor_1054_statement_TSI,1054,TSI,174,2,1.0,1.0
final_answer,no_attn,actor_1054_statement_WSI,1054,WSI,174,2,1.0,1.0
final_answer,no_attn,actor_1055_statement_DFA,1055,DFA,174,2,1.0,1.0
final_answer,no_attn,actor_1055_statement_IOM,1055,IOM,174,2,1.0,1.0
final_answer,no_attn,actor_1055_statement_ITH,1055,ITH,174,2,0.5,1.0
final_answer,no_attn,actor_1055_statement_ITS,1055,ITS,174,2,1.0,1.0
final_answer,no_attn,actor_1055_statement_IWL,1055,IWL,174,2,1.0,1.0
final_answer,no_attn,actor_1055_statement_IWW,1055,IWW,174,2,1.0,1.0
final_answer,no_attn,actor_1055_statement_MTI,1055,MTI,174,2,1.0,1.0
final_answer,no_attn,actor_1055_statement_TAI,1055,TAI,174,2,1.0,1.0
final_answer,no_attn,actor_1055_statement_TIE,1055,TIE,174,2,0.5,1.0
final_answer,no_attn,actor_1055_statement_TSI,1055,TSI,174,2,1.0,1.0
final_answer,no_attn,actor_1055_statement_WSI,1055,WSI,174,2,0.5,1.0
final_answer,no_attn,actor_1056_statement_DFA,1056,DFA,174,2,1.0,1.0
final_answer,no_attn,actor_1056_statement_IOM,1056,IOM,174,2,1.0,1.0
final_answer,no_attn,actor_1056_statement_ITH,1056,ITH,174,2,1.0,1.0
final_answer,no_attn,actor_1056_statement_ITS,1056,ITS,174,2,1.0,1.0
final_answer,no_attn,actor_1056_statement_IWL,1056,IWL,174,2,1.0,1.0
final_answer,no_attn,actor_1056_statement_IWW,1056,IWW,174,2,1.0,1.0
final_answer,no_attn,actor_1056_statement_MTI,1056,MTI,174,2,0.5,1.0
final_answer,no_attn,actor_1056_statement_TAI,1056,TAI,174,2,0.5,1.0
final_answer,no_attn,actor_1056_statement_TIE,1056,TIE,174,2,0.5,1.0
final_answer,no_attn,actor_1056_statement_TSI,1056,TSI,174,2,1.0,1.0
final_answer,no_attn,actor_1056_statement_WSI,1056,WSI,174,2,1.0,1.0
final_answer,no_attn,actor_1057_statement_DFA,1057,DFA,174,2,0.5,1.0
final_answer,no_attn,actor_1057_statement_IOM,1057,IOM,174,2,0.5,1.0
final_answer,no_attn,actor_1057_statement_ITH,1057,ITH,174,2,0.5,1.0
final_answer,no_attn,actor_1057_statement_ITS,1057,ITS,174,2,1.0,1.0
final_answer,no_attn,actor_1057_statement_IWL,1057,IWL,174,2,0.0,0.0
final_answer,no_attn,actor_1057_statement_IWW,1057,IWW,174,2,1.0,1.0
final_answer,no_attn,actor_1057_statement_MTI,1057,MTI,174,2,1.0,1.0
final_answer,no_attn,actor_1057_statement_TAI,1057,TAI,174,2,1.0,1.0
final_answer,no_attn,actor_1057_statement_TIE,1057,TIE,174,2,1.0,1.0
final_answer,no_attn,actor_1057_statement_TSI,1057,TSI,174,2,1.0,1.0
final_answer,no_attn,actor_1057_statement_WSI,1057,WSI,174,2,1.0,1.0
final_answer,no_attn,actor_1058_statement_DFA,1058,DFA,174,2,1.0,1.0
final_answer,no_attn,actor_1058_statement_IOM,1058,IOM,174,2,1.0,1.0
final_answer,no_attn,actor_1058_statement_ITH,1058,ITH,174,2,0.5,1.0
final_answer,no_attn,actor_1058_statement_ITS,1058,ITS,174,2,1.0,1.0
final_answer,no_attn,actor_1058_statement_IWL,1058,IWL,174,2,1.0,1.0
final_answer,no_attn,actor_1058_statement_IWW,1058,IWW,174,2,1.0,1.0
final_answer,no_attn,actor_1058_statement_MTI,1058,MTI,174,2,1.0,1.0
final_answer,no_attn,actor_1058_statement_TAI,1058,TAI,174,2,1.0,1.0
final_answer,no_attn,actor_1058_statement_TIE,1058,TIE,174,2,0.5,0.0
final_answer,no_attn,actor_1058_statement_TSI,1058,TSI,174,2,1.0,1.0
final_answer,no_attn,actor_1058_statement_WSI,1058,WSI,174,2,1.0,1.0
final_answer,no_attn,actor_1059_statement_DFA,1059,DFA,174,2,1.0,1.0
final_answer,no_attn,actor_1059_statement_IOM,1059,IOM,174,2,1.0,1.0
final_answer,no_attn,actor_1059_statement_ITH,1059,ITH,174,2,1.0,1.0
final_answer,no_attn,actor_1059_statement_ITS,1059,ITS,174,2,1.0,1.0
final_answer,no_attn,actor_1059_statement_IWL,1059,IWL,174,2,1.0,1.0
final_answer,no_attn,actor_1059_statement_IWW,1059,IWW,174,2,0.5,1.0
final_answer,no_attn,actor_1059_statement_MTI,1059,MTI,174,2,0.5,1.0
final_answer,no_attn,actor_1059_statement_TAI,1059,TAI,174,2,0.5,1.0
final_answer,no_attn,actor_1059_statement_TIE,1059,TIE,174,2,0.5,1.0
final_answer,no_attn,actor_1059_statement_TSI,1059,TSI,174,2,0.5,0.0
final_answer,no_attn,actor_1059_statement_WSI,1059,WSI,174,2,1.0,1.0
final_answer,no_attn,actor_1060_statement_DFA,1060,DFA,174,2,0.5,0.0
final_answer,no_attn,actor_1060_statement_IOM,1060,IOM,174,2,1.0,1.0
final_answer,no_attn,actor_1060_statement_ITH,1060,ITH,174,2,0.5,1.0
final_answer,no_attn,actor_1060_statement_ITS,1060,ITS,174,2,1.0,1.0
final_answer,no_attn,actor_1060_statement_IWL,1060,IWL,174,2,1.0,1.0
final_answer,no_attn,actor_1060_statement_IWW,1060,IWW,174,2,1.0,1.0
final_answer,no_attn,actor_1060_statement_MTI,1060,MTI,174,2,0.5,1.0
final_answer,no_attn,actor_1060_statement_TAI,1060,TAI,174,2,1.0,1.0
final_answer,no_attn,actor_1060_statement_TIE,1060,TIE,174,2,0.5,1.0
final_answer,no_attn,actor_1060_statement_TSI,1060,TSI,174,2,0.5,1.0
final_answer,no_attn,actor_1060_statement_WSI,1060,WSI,174,2,1.0,1.0
final_answer,no_attn,actor_1061_statement_DFA,1061,DFA,174,2,1.0,1.0
final_answer,no_attn,actor_1061_statement_IOM,1061,IOM,174,2,1.0,1.0
final_answer,no_attn,actor_1061_statement_ITH,1061,ITH,174,2,1.0,1.0
final_answer,no_attn,actor_1061_statement_ITS,1061,ITS,174,2,1.0,1.0
final_answer,no_attn,actor_1061_statement_IWL,1061,IWL,174,2,0.5,1.0
final_answer,no_attn,actor_1061_statement_IWW,1061,IWW,174,2,1.0,1.0
final_answer,no_attn,actor_1061_statement_MTI,1061,MTI,174,2,0.5,1.0
final_answer,no_attn,actor_1061_statement_TAI,1061,TAI,174,2,0.0,0.0
final_answer,no_attn,actor_1061_statement_TIE,1061,TIE,174,2,0.5,1.0
final_answer,no_attn,actor_1061_statement_TSI,1061,TSI,174,2,1.0,1.0
final_answer,no_attn,actor_1061_statement_WSI,1061,WSI,174,2,1.0,1.0
final_answer,no_attn,actor_1062_statement_DFA,1062,DFA,174,2,0.5,1.0
final_answer,no_attn,actor_1062_statement_IOM,1062,IOM,174,2,1.0,1.0
final_answer,no_attn,actor_1062_statement_ITH,1062,ITH,174,2,1.0,1.0
final_answer,no_attn,actor_1062_statement_ITS,1062,ITS,174,2,1.0,1.0
final_answer,no_attn,actor_1062_statement_IWL,1062,IWL,174,2,1.0,1.0
final_answer,no_attn,actor_1062_statement_IWW,1062,IWW,174,2,0.5,1.0
final_answer,no_attn,actor_1062_statement_MTI,1062,MTI,174,2,1.0,1.0
final_answer,no_attn,actor_1062_statement_TAI,1062,TAI,174,2,1.0,1.0
final_answer,no_attn,actor_1062_statement_TIE,1062,TIE,174,2,1.0,1.0
final_answer,no_attn,actor_1062_statement_TSI,1062,TSI,174,2,0.5,1.0
final_answer,no_attn,actor_1062_statement_WSI,1062,WSI,174,2,0.5,1.0
final_answer,no_attn,actor_1063_statement_DFA,1063,DFA,174,2,1.0,1.0
final_answer,no_attn,actor_1063_statement_IOM,1063,IOM,174,2,1.0,1.0
final_answer,no_attn,actor_1063_statement_ITH,1063,ITH,174,2,1.0,1.0
final_answer,no_attn,actor_1063_statement_ITS,1063,ITS,174,2,1.0,1.0
final_answer,no_attn,actor_1063_statement_IWL,1063,IWL,174,2,1.0,1.0
final_answer,no_attn,actor_1063_statement_IWW,1063,IWW,174,2,1.0,1.0
final_answer,no_attn,actor_1063_statement_MTI,1063,MTI,174,2,1.0,1.0
final_answer,no_attn,actor_1063_statement_TAI,1063,TAI,174,2,1.0,1.0
final_answer,no_attn,actor_1063_statement_TIE,1063,TIE,174,2,1.0,1.0
final_answer,no_attn,actor_1063_statement_TSI,1063,TSI,174,2,0.5,1.0
final_answer,no_attn,actor_1063_statement_WSI,1063,WSI,174,2,1.0,1.0
final_answer,no_attn,actor_1064_statement_DFA,1064,DFA,174,2,0.5,1.0
final_answer,no_attn,actor_1064_statement_IOM,1064,IOM,174,2,0.5,1.0
final_answer,no_attn,actor_1064_statement_ITH,1064,ITH,174,2,1.0,1.0
final_answer,no_attn,actor_1064_statement_ITS,1064,ITS,174,2,1.0,1.0
final_answer,no_attn,actor_1064_statement_IWL,1064,IWL,174,2,1.0,1.0
final_answer,no_attn,actor_1064_statement_IWW,1064,IWW,174,2,1.0,1.0
final_answer,no_attn,actor_1064_statement_MTI,1064,MTI,174,2,0.5,1.0
final_answer,no_attn,actor_1064_statement_TAI,1064,TAI,174,2,1.0,1.0
final_answer,no_attn,actor_1064_statement_TIE,1064,TIE,174,2,0.5,0.0
final_answer,no_attn,actor_1064_statement_TSI,1064,TSI,174,2,1.0,1.0
final_answer,no_attn,actor_1064_statement_WSI,1064,WSI,174,2,0.5,1.0
final_answer,no_attn,actor_1065_statement_DFA,1065,DFA,174,2,0.0,0.0
final_answer,no_attn,actor_1065_statement_IOM,1065,IOM,174,2,0.5,1.0
final_answer,no_attn,actor_1065_statement_ITH,1065,ITH,174,2,1.0,1.0
final_answer,no_attn,actor_1065_statement_ITS,1065,ITS,174,2,1.0,1.0
final_answer,no_attn,actor_1065_statement_IWL,1065,IWL,174,2,1.0,1.0
final_answer,no_attn,actor_1065_statement_IWW,1065,IWW,174,2,1.0,1.0
final_answer,no_attn,actor_1065_statement_MTI,1065,MTI,174,2,1.0,1.0
final_answer,no_attn,actor_1065_statement_TAI,1065,TAI,174,2,1.0,1.0
final_answer,no_attn,actor_1065_statement_TIE,1065,TIE,174,2,1.0,1.0
final_answer,no_attn,actor_1065_statement_TSI,1065,TSI,174,2,1.0,1.0
final_answer,no_attn,actor_1065_statement_WSI,1065,WSI,174,2,1.0,1.0
final_answer,no_attn,actor_1066_statement_DFA,1066,DFA,174,2,1.0,1.0
final_answer,no_attn,actor_1066_statement_IOM,1066,IOM,174,2,1.0,1.0
final_answer,no_attn,actor_1066_statement_ITH,1066,ITH,174,2,1.0,1.0
final_answer,no_attn,actor_1066_statement_ITS,1066,ITS,174,2,1.0,1.0
final_answer,no_attn,actor_1066_statement_IWL,1066,IWL,174,2,0.5,1.0
final_answer,no_attn,actor_1066_statement_IWW,1066,IWW,174,2,0.5,1.0
final_answer,no_attn,actor_1066_statement_MTI,1066,MTI,174,2,1.0,1.0
final_answer,no_attn,actor_1066_statement_TAI,1066,TAI,174,2,0.0,0.0
final_answer,no_attn,actor_1066_statement_TIE,1066,TIE,174,2,1.0,1.0
final_answer,no_attn,actor_1066_statement_TSI,1066,TSI,174,2,1.0,1.0
final_answer,no_attn,actor_1066_statement_WSI,1066,WSI,174,2,0.5,1.0
final_answer,no_attn,actor_1067_statement_DFA,1067,DFA,174,2,1.0,1.0
final_answer,no_attn,actor_1067_statement_IOM,1067,IOM,174,2,0.0,0.0
final_answer,no_attn,actor_1067_statement_ITH,1067,ITH,174,2,0.5,1.0
final_answer,no_attn,actor_1067_statement_ITS,1067,ITS,174,2,0.5,0.0
final_answer,no_attn,actor_1067_statement_IWL,1067,IWL,174,2,0.5,0.0
final_answer,no_attn,actor_1067_statement_IWW,1067,IWW,174,2,0.5,0.0
final_answer,no_attn,actor_1067_statement_MTI,1067,MTI,174,2,1.0,1.0
final_answer,no_attn,actor_1067_statement_TAI,1067,TAI,174,2,1.0,1.0
final_answer,no_attn,actor_1067_statement_TIE,1067,TIE,174,2,0.5,0.0
final_answer,no_attn,actor_1067_statement_TSI,1067,TSI,174,2,0.5,1.0
final_answer,no_attn,actor_1067_statement_WSI,1067,WSI,174,2,0.5,1.0
final_answer,no_attn,actor_1068_statement_DFA,1068,DFA,174,2,0.0,0.0
final_answer,no_attn,actor_1068_statement_IOM,1068,IOM,174,2,0.5,1.0
final_answer,no_attn,actor_1068_statement_ITH,1068,ITH,174,2,1.0,1.0
final_answer,no_attn,actor_1068_statement_ITS,1068,ITS,174,2,1.0,1.0
final_answer,no_attn,actor_1068_statement_IWL,1068,IWL,174,2,1.0,1.0
final_answer,no_attn,actor_1068_statement_IWW,1068,IWW,174,2,1.0,1.0
final_answer,no_attn,actor_1068_statement_MTI,1068,MTI,174,2,0.5,0.0
final_answer,no_attn,actor_1068_statement_TAI,1068,TAI,174,2,1.0,1.0
final_answer,no_attn,actor_1068_statement_TIE,1068,TIE,174,2,1.0,1.0
final_answer,no_attn,actor_1068_statement_TSI,1068,TSI,174,2,1.0,1.0
final_answer,no_attn,actor_1068_statement_WSI,1068,WSI,174,2,1.0,1.0
final_answer,no_attn,actor_1069_statement_DFA,1069,DFA,174,2,1.0,1.0
final_answer,no_attn,actor_1069_statement_IOM,1069,IOM,174,2,1.0,1.0
final_answer,no_attn,actor_1069_statement_ITH,1069,ITH,174,2,0.5,1.0
final_answer,no_attn,actor_1069_statement_ITS,1069,ITS,174,2,1.0,1.0
final_answer,no_attn,actor_1069_statement_IWL,1069,IWL,174,2,1.0,1.0
final_answer,no_attn,actor_1069_statement_IWW,1069,IWW,174,2,0.5,1.0
final_answer,no_attn,actor_1069_statement_MTI,1069,MTI,174,2,1.0,1.0
final_answer,no_attn,actor_1069_statement_TAI,1069,TAI,174,2,1.0,1.0
final_answer,no_attn,actor_1069_statement_TIE,1069,TIE,174,2,1.0,1.0
final_answer,no_attn,actor_1069_statement_TSI,1069,TSI,174,2,0.5,1.0
final_answer,no_attn,actor_1069_statement_WSI,1069,WSI,174,2,1.0,1.0
final_answer,no_attn,actor_1070_statement_DFA,1070,DFA,174,2,0.5,1.0
final_answer,no_attn,actor_1070_statement_IOM,1070,IOM,174,2,1.0,1.0
final_answer,no_attn,actor_1070_statement_ITH,1070,ITH,174,2,0.5,1.0
final_answer,no_attn,actor_1070_statement_ITS,1070,ITS,174,2,0.5,1.0
final_answer,no_attn,actor_1070_statement_IWL,1070,IWL,174,2,1.0,1.0
final_answer,no_attn,actor_1070_statement_IWW,1070,IWW,174,2,1.0,1.0
final_answer,no_attn,actor_1070_statement_MTI,1070,MTI,174,2,0.5,1.0
final_answer,no_attn,actor_1070_statement_TAI,1070,TAI,174,2,0.5,0.0
final_answer,no_attn,actor_1070_statement_TIE,1070,TIE,174,2,1.0,1.0
final_answer,no_attn,actor_1070_statement_TSI,1070,TSI,174,2,0.5,1.0
final_answer,no_attn,actor_1070_statement_WSI,1070,WSI,174,2,0.5,1.0
final_answer,no_attn,actor_1071_statement_DFA,1071,DFA,174,2,1.0,1.0
final_answer,no_attn,actor_1071_statement_IOM,1071,IOM,174,2,1.0,1.0
final_answer,no_attn,actor_1071_statement_ITH,1071,ITH,174,2,1.0,1.0
final_answer,no_attn,actor_1071_statement_ITS,1071,ITS,174,2,1.0,1.0
final_answer,no_attn,actor_1071_statement_IWL,1071,IWL,174,2,1.0,1.0
final_answer,no_attn,actor_1071_statement_IWW,1071,IWW,174,2,0.5,1.0
final_answer,no_attn,actor_1071_statement_MTI,1071,MTI,174,2,0.5,1.0
final_answer,no_attn,actor_1071_statement_TAI,1071,TAI,174,2,0.5,1.0
final_answer,no_attn,actor_1071_statement_TIE,1071,TIE,174,2,1.0,1.0
final_answer,no_attn,actor_1071_statement_TSI,1071,TSI,174,2,1.0,1.0
final_answer,no_attn,actor_1071_statement_WSI,1071,WSI,174,2,1.0,1.0
final_answer,no_attn,actor_1072_statement_DFA,1072,DFA,174,2,1.0,1.0
final_answer,no_attn,actor_1072_statement_IOM,1072,IOM,174,2,1.0,1.0
final_answer,no_attn,actor_1072_statement_ITH,1072,ITH,174,2,1.0,1.0
final_answer,no_attn,actor_1072_statement_ITS,1072,ITS,174,2,0.5,1.0
final_answer,no_attn,actor_1072_statement_IWL,1072,IWL,174,2,0.5,1.0
final_answer,no_attn,actor_1072_statement_IWW,1072,IWW,174,2,0.5,0.0
final_answer,no_attn,actor_1072_statement_MTI,1072,MTI,174,2,1.0,1.0
final_answer,no_attn,actor_1072_statement_TAI,1072,TAI,174,2,0.5,0.0
final_answer,no_attn,actor_1072_statement_TIE,1072,TIE,174,2,1.0,1.0
final_answer,no_attn,actor_1072_statement_TSI,1072,TSI,174,2,1.0,1.0
final_answer,no_attn,actor_1072_statement_WSI,1072,WSI,174,2,0.0,0.0
final_answer,no_attn,actor_1073_statement_DFA,1073,DFA,174,2,0.5,1.0
final_answer,no_attn,actor_1073_statement_IOM,1073,IOM,174,2,0.5,0.0
final_answer,no_attn,actor_1073_statement_ITH,1073,ITH,174,2,0.5,1.0
final_answer,no_attn,actor_1073_statement_ITS,1073,ITS,174,2,0.5,1.0
final_answer,no_attn,actor_1073_statement_IWL,1073,IWL,174,2,1.0,1.0
final_answer,no_attn,actor_1073_statement_IWW,1073,IWW,174,2,0.5,1.0
final_answer,no_attn,actor_1073_statement_MTI,1073,MTI,174,2,0.0,0.0
final_answer,no_attn,actor_1073_statement_TAI,1073,TAI,174,2,0.0,0.0
final_answer,no_attn,actor_1073_statement_TIE,1073,TIE,174,2,0.5,1.0
final_answer,no_attn,actor_1073_statement_TSI,1073,TSI,174,2,1.0,1.0
final_answer,no_attn,actor_1073_statement_WSI,1073,WSI,174,2,1.0,1.0
final_answer,no_attn,actor_1074_statement_DFA,1074,DFA,174,2,1.0,1.0
final_answer,no_attn,actor_1074_statement_IOM,1074,IOM,174,2,1.0,1.0
final_answer,no_attn,actor_1074_statement_ITH,1074,ITH,174,2,1.0,1.0
final_answer,no_attn,actor_1074_statement_ITS,1074,ITS,174,2,1.0,1.0
final_answer,no_attn,actor_1074_statement_IWL,1074,IWL,174,2,1.0,1.0
final_answer,no_attn,actor_1074_statement_IWW,1074,IWW,174,2,1.0,1.0
final_answer,no_attn,actor_1074_statement_MTI,1074,MTI,174,2,1.0,1.0
final_answer,no_attn,actor_1074_statement_TAI,1074,TAI,174,2,1.0,1.0
final_answer,no_attn,actor_1074_statement_TIE,1074,TIE,174,2,1.0,1.0
final_answer,no_attn,actor_1074_statement_TSI,1074,TSI,174,2,1.0,1.0
final_answer,no_attn,actor_1074_statement_WSI,1074,WSI,174,2,1.0,1.0
final_answer,no_attn,actor_1075_statement_DFA,1075,DFA,174,2,1.0,1.0
final_answer,no_attn,actor_1075_statement_IOM,1075,IOM,174,2,1.0,1.0
final_answer,no_attn,actor_1075_statement_ITH,1075,ITH,174,2,1.0,1.0
final_answer,no_attn,actor_1075_statement_ITS,1075,ITS,174,2,0.5,1.0
final_answer,no_attn,actor_1075_statement_IWL,1075,IWL,174,2,1.0,1.0
final_answer,no_attn,actor_1075_statement_IWW,1075,IWW,174,2,0.5,1.0
final_answer,no_attn,actor_1075_statement_MTI,1075,MTI,174,2,1.0,1.0
final_answer,no_attn,actor_1075_statement_TAI,1075,TAI,174,2,1.0,1.0
final_answer,no_attn,actor_1075_statement_TIE,1075,TIE,174,2,0.5,1.0
final_answer,no_attn,actor_1075_statement_TSI,1075,TSI,174,2,1.0,1.0
final_answer,no_attn,actor_1075_statement_WSI,1075,WSI,174,2,1.0,1.0
final_answer,no_attn,actor_1076_statement_DFA,1076,DFA,174,2,1.0,1.0
final_answer,no_attn,actor_1076_statement_IOM,1076,IOM,174,2,1.0,1.0
final_answer,no_attn,actor_1076_statement_ITH,1076,ITH,174,2,1.0,1.0
final_answer,no_attn,actor_1076_statement_ITS,1076,ITS,174,2,1.0,1.0
final_answer,no_attn,actor_1076_statement_IWL,1076,IWL,174,2,1.0,1.0
final_answer,no_attn,actor_1076_statement_IWW,1076,IWW,174,2,0.5,1.0
final_answer,no_attn,actor_1076_statement_MTI,1076,MTI,174,2,1.0,1.0
final_answer,no_attn,actor_1076_statement_TAI,1076,TAI,174,2,1.0,1.0
final_answer,no_attn,actor_1076_statement_TIE,1076,TIE,174,2,1.0,1.0
final_answer,no_attn,actor_1076_statement_TSI,1076,TSI,174,2,1.0,1.0
final_answer,no_attn,actor_1076_statement_WSI,1076,WSI,174,2,1.0,1.0
final_answer,no_attn,actor_1077_statement_DFA,1077,DFA,174,2,1.0,1.0
final_answer,no_attn,actor_1077_statement_IOM,1077,IOM,174,2,1.0,1.0
final_answer,no_attn,actor_1077_statement_ITH,1077,ITH,174,2,0.5,1.0
final_answer,no_attn,actor_1077_statement_ITS,1077,ITS,174,2,1.0,1.0
final_answer,no_attn,actor_1077_statement_IWL,1077,IWL,174,2,1.0,1.0
final_answer,no_attn,actor_1077_statement_IWW,1077,IWW,174,2,1.0,1.0
final_answer,no_attn,actor_1077_statement_MTI,1077,MTI,174,2,1.0,1.0
final_answer,no_attn,actor_1077_statement_TAI,1077,TAI,174,2,1.0,1.0
final_answer,no_attn,actor_1077_statement_TIE,1077,TIE,174,2,1.0,1.0
final_answer,no_attn,actor_1077_statement_TSI,1077,TSI,174,2,0.5,1.0
final_answer,no_attn,actor_1077_statement_WSI,1077,WSI,174,2,0.5,0.0
final_answer,no_attn,actor_1078_statement_DFA,1078,DFA,174,2,1.0,1.0
final_answer,no_attn,actor_1078_statement_IOM,1078,IOM,174,2,1.0,1.0
final_answer,no_attn,actor_1078_statement_ITH,1078,ITH,174,2,1.0,1.0
final_answer,no_attn,actor_1078_statement_ITS,1078,ITS,174,2,1.0,1.0
final_answer,no_attn,actor_1078_statement_IWL,1078,IWL,174,2,1.0,1.0
final_answer,no_attn,actor_1078_statement_IWW,1078,IWW,174,2,1.0,1.0
final_answer,no_attn,actor_1078_statement_MTI,1078,MTI,174,2,0.5,1.0
final_answer,no_attn,actor_1078_statement_TAI,1078,TAI,174,2,1.0,1.0
final_answer,no_attn,actor_1078_statement_TIE,1078,TIE,174,2,1.0,1.0
final_answer,no_attn,actor_1078_statement_TSI,1078,TSI,174,2,1.0,1.0
final_answer,no_attn,actor_1078_statement_WSI,1078,WSI,174,2,1.0,1.0
final_answer,no_attn,actor_1079_statement_DFA,1079,DFA,174,2,1.0,1.0
final_answer,no_attn,actor_1079_statement_IOM,1079,IOM,174,2,1.0,1.0
final_answer,no_attn,actor_1079_statement_ITH,1079,ITH,174,2,1.0,1.0
final_answer,no_attn,actor_1079_statement_ITS,1079,ITS,174,2,1.0,1.0
final_answer,no_attn,actor_1079_statement_IWL,1079,IWL,174,2,1.0,1.0
final_answer,no_attn,actor_1079_statement_IWW,1079,IWW,174,2,0.5,1.0
final_answer,no_attn,actor_1079_statement_MTI,1079,MTI,174,2,0.5,1.0
final_answer,no_attn,actor_1079_statement_TAI,1079,TAI,174,2,1.0,1.0
final_answer,no_attn,actor_1079_statement_TIE,1079,TIE,174,2,0.5,1.0
final_answer,no_attn,actor_1079_statement_TSI,1079,TSI,174,2,0.5,1.0
final_answer,no_attn,actor_1079_statement_WSI,1079,WSI,174,2,1.0,1.0
final_answer,no_attn,actor_1080_statement_DFA,1080,DFA,174,2,1.0,1.0
final_answer,no_attn,actor_1080_statement_IOM,1080,IOM,174,2,1.0,1.0
final_answer,no_attn,actor_1080_statement_ITH,1080,ITH,174,2,1.0,1.0
final_answer,no_attn,actor_1080_statement_ITS,1080,ITS,174,2,1.0,1.0
final_answer,no_attn,actor_1080_statement_IWL,1080,IWL,174,2,1.0,1.0
final_answer,no_attn,actor_1080_statement_IWW,1080,IWW,174,2,1.0,1.0
final_answer,no_attn,actor_1080_statement_MTI,1080,MTI,174,2,1.0,1.0
final_answer,no_attn,actor_1080_statement_TAI,1080,TAI,174,2,1.0,1.0
final_answer,no_attn,actor_1080_statement_TIE,1080,TIE,174,2,1.0,1.0
final_answer,no_attn,actor_1080_statement_TSI,1080,TSI,174,2,1.0,1.0
final_answer,no_attn,actor_1080_statement_WSI,1080,WSI,174,2,1.0,1.0
final_answer,no_attn,actor_1081_statement_DFA,1081,DFA,174,2,1.0,1.0
final_answer,no_attn,actor_1081_statement_IOM,1081,IOM,174,2,1.0,1.0
final_answer,no_attn,actor_1081_statement_ITH,1081,ITH,174,2,1.0,1.0
final_answer,no_attn,actor_1081_statement_ITS,1081,ITS,174,2,1.0,1.0
final_answer,no_attn,actor_1081_statement_IWL,1081,IWL,174,2,1.0,1.0
final_answer,no_attn,actor_1081_statement_IWW,1081,IWW,174,2,1.0,1.0
final_answer,no_attn,actor_1081_statement_MTI,1081,MTI,174,2,1.0,1.0
final_answer,no_attn,actor_1081_statement_TAI,1081,TAI,174,2,0.5,1.0
final_answer,no_attn,actor_1081_statement_TIE,1081,TIE,174,2,0.5,1.0
final_answer,no_attn,actor_1081_statement_TSI,1081,TSI,174,2,1.0,1.0
final_answer,no_attn,actor_1081_statement_WSI,1081,WSI,174,2,1.0,1.0
final_answer,no_attn,actor_1082_statement_DFA,1082,DFA,174,2,1.0,1.0
final_answer,no_attn,actor_1082_statement_IOM,1082,IOM,174,2,1.0,1.0
final_answer,no_attn,actor_1082_statement_ITH,1082,ITH,174,2,1.0,1.0
final_answer,no_attn,actor_1082_statement_ITS,1082,ITS,174,2,0.5,1.0
final_answer,no_attn,actor_1082_statement_IWL,1082,IWL,174,2,1.0,1.0
final_answer,no_attn,actor_1082_statement_IWW,1082,IWW,174,2,1.0,1.0
final_answer,no_attn,actor_1082_statement_MTI,1082,MTI,174,2,0.5,1.0
final_answer,no_attn,actor_1082_statement_TAI,1082,TAI,174,2,0.5,1.0
final_answer,no_attn,actor_1082_statement_TIE,1082,TIE,174,2,0.5,1.0
final_answer,no_attn,actor_1082_statement_TSI,1082,TSI,174,2,1.0,1.0
final_answer,no_attn,actor_1082_statement_WSI,1082,WSI,174,2,1.0,1.0
final_answer,no_attn,actor_1083_statement_DFA,1083,DFA,174,2,0.5,1.0
final_answer,no_attn,actor_1083_statement_IOM,1083,IOM,174,2,1.0,1.0
final_answer,no_attn,actor_1083_statement_ITH,1083,ITH,174,2,0.5,1.0
final_answer,no_attn,actor_1083_statement_ITS,1083,ITS,174,2,1.0,1.0
final_answer,no_attn,actor_1083_statement_IWL,1083,IWL,174,2,1.0,1.0
final_answer,no_attn,actor_1083_statement_IWW,1083,IWW,174,2,1.0,1.0
final_answer,no_attn,actor_1083_statement_MTI,1083,MTI,174,2,1.0,1.0
final_answer,no_attn,actor_1083_statement_TAI,1083,TAI,174,2,0.5,0.0
final_answer,no_attn,actor_1083_statement_TIE,1083,TIE,174,2,0.5,1.0
final_answer,no_attn,actor_1083_statement_TSI,1083,TSI,174,2,1.0,1.0
final_answer,no_attn,actor_1083_statement_WSI,1083,WSI,174,2,1.0,1.0
final_answer,no_attn,actor_1084_statement_DFA,1084,DFA,174,2,1.0,1.0
final_answer,no_attn,actor_1084_statement_IOM,1084,IOM,174,2,1.0,1.0
final_answer,no_attn,actor_1084_statement_ITH,1084,ITH,174,2,0.5,1.0
final_answer,no_attn,actor_1084_statement_ITS,1084,ITS,174,2,1.0,1.0
final_answer,no_attn,actor_1084_statement_IWL,1084,IWL,174,2,1.0,1.0
final_answer,no_attn,actor_1084_statement_IWW,1084,IWW,174,2,1.0,1.0
final_answer,no_attn,actor_1084_statement_MTI,1084,MTI,174,2,0.5,1.0
final_answer,no_attn,actor_1084_statement_TAI,1084,TAI,174,2,0.5,1.0
final_answer,no_attn,actor_1084_statement_TIE,1084,TIE,174,2,1.0,1.0
final_answer,no_attn,actor_1084_statement_TSI,1084,TSI,174,2,0.5,1.0
final_answer,no_attn,actor_1084_statement_WSI,1084,WSI,174,2,1.0,1.0
final_answer,no_attn,actor_1085_statement_DFA,1085,DFA,174,2,1.0,1.0
final_answer,no_attn,actor_1085_statement_IOM,1085,IOM,174,2,1.0,1.0
final_answer,no_attn,actor_1085_statement_ITH,1085,ITH,174,2,1.0,1.0
final_answer,no_attn,actor_1085_statement_ITS,1085,ITS,174,2,1.0,1.0
final_answer,no_attn,actor_1085_statement_IWL,1085,IWL,174,2,1.0,1.0
final_answer,no_attn,actor_1085_statement_IWW,1085,IWW,174,2,1.0,1.0
final_answer,no_attn,actor_1085_statement_MTI,1085,MTI,174,2,1.0,1.0
final_answer,no_attn,actor_1085_statement_TAI,1085,TAI,174,2,1.0,1.0
final_answer,no_attn,actor_1085_statement_TIE,1085,TIE,174,2,1.0,1.0
final_answer,no_attn,actor_1085_statement_TSI,1085,TSI,174,2,1.0,1.0
final_answer,no_attn,actor_1085_statement_WSI,1085,WSI,174,2,1.0,1.0
final_answer,no_attn,actor_1086_statement_DFA,1086,DFA,174,2,1.0,1.0
final_answer,no_attn,actor_1086_statement_IOM,1086,IOM,174,2,1.0,1.0
final_answer,no_attn,actor_1086_statement_ITH,1086,ITH,174,2,1.0,1.0
final_answer,no_attn,actor_1086_statement_ITS,1086,ITS,174,2,1.0,1.0
final_answer,no_attn,actor_1086_statement_IWL,1086,IWL,174,2,0.5,1.0
final_answer,no_attn,actor_1086_statement_IWW,1086,IWW,174,2,1.0,1.0
final_answer,no_attn,actor_1086_statement_MTI,1086,MTI,174,2,1.0,1.0
final_answer,no_attn,actor_1086_statement_TAI,1086,TAI,174,2,1.0,1.0
final_answer,no_attn,actor_1086_statement_TIE,1086,TIE,174,2,1.0,1.0
final_answer,no_attn,actor_1086_statement_TSI,1086,TSI,174,2,1.0,1.0
final_answer,no_attn,actor_1086_statement_WSI,1086,WSI,174,2,0.5,1.0
final_answer,no_attn,actor_1087_statement_DFA,1087,DFA,174,2,1.0,1.0
final_answer,no_attn,actor_1087_statement_IOM,1087,IOM,174,2,0.5,1.0
final_answer,no_attn,actor_1087_statement_ITH,1087,ITH,174,2,0.5,1.0
final_answer,no_attn,actor_1087_statement_ITS,1087,ITS,174,2,1.0,1.0
final_answer,no_attn,actor_1087_statement_IWL,1087,IWL,174,2,0.5,1.0
final_answer,no_attn,actor_1087_statement_IWW,1087,IWW,174,2,1.0,1.0
final_answer,no_attn,actor_1087_statement_MTI,1087,MTI,174,2,0.5,1.0
final_answer,no_attn,actor_1087_statement_TAI,1087,TAI,174,2,1.0,1.0
final_answer,no_attn,actor_1087_statement_TIE,1087,TIE,174,2,0.0,0.0
final_answer,no_attn,actor_1087_statement_TSI,1087,TSI,174,2,1.0,1.0
final_answer,no_attn,actor_1087_statement_WSI,1087,WSI,174,2,0.5,1.0
final_answer,no_attn,actor_1088_statement_DFA,1088,DFA,174,2,1.0,1.0
final_answer,no_attn,actor_1088_statement_IOM,1088,IOM,174,2,1.0,1.0
final_answer,no_attn,actor_1088_statement_ITH,1088,ITH,174,2,1.0,1.0
final_answer,no_attn,actor_1088_statement_ITS,1088,ITS,174,2,0.5,1.0
final_answer,no_attn,actor_1088_statement_IWL,1088,IWL,174,2,1.0,1.0
final_answer,no_attn,actor_1088_statement_IWW,1088,IWW,174,2,1.0,1.0
final_answer,no_attn,actor_1088_statement_MTI,1088,MTI,174,2,0.5,1.0
final_answer,no_attn,actor_1088_statement_TAI,1088,TAI,174,2,1.0,1.0
final_answer,no_attn,actor_1088_statement_TIE,1088,TIE,174,2,0.5,1.0
final_answer,no_attn,actor_1088_statement_TSI,1088,TSI,174,2,0.5,1.0
final_answer,no_attn,actor_1088_statement_WSI,1088,WSI,174,2,1.0,1.0
final_answer,no_attn,actor_1089_statement_DFA,1089,DFA,174,2,1.0,1.0
final_answer,no_attn,actor_1089_statement_IOM,1089,IOM,174,2,1.0,1.0
final_answer,no_attn,actor_1089_statement_ITH,1089,ITH,174,2,1.0,1.0
final_answer,no_attn,actor_1089_statement_ITS,1089,ITS,174,2,1.0,1.0
final_answer,no_attn,actor_1089_statement_IWL,1089,IWL,174,2,1.0,1.0
final_answer,no_attn,actor_1089_statement_IWW,1089,IWW,174,2,1.0,1.0
final_answer,no_attn,actor_1089_statement_MTI,1089,MTI,174,2,1.0,1.0
final_answer,no_attn,actor_1089_statement_TAI,1089,TAI,174,2,1.0,1.0
final_answer,no_attn,actor_1089_statement_TIE,1089,TIE,174,2,1.0,1.0
final_answer,no_attn,actor_1089_statement_TSI,1089,TSI,174,2,1.0,1.0
final_answer,no_attn,actor_1089_statement_WSI,1089,WSI,174,2,1.0,1.0
final_answer,no_attn,actor_1090_statement_DFA,1090,DFA,174,2,1.0,1.0
final_answer,no_attn,actor_1090_statement_IOM,1090,IOM,174,2,1.0,1.0
final_answer,no_attn,actor_1090_statement_ITH,1090,ITH,174,2,1.0,1.0
final_answer,no_attn,actor_1090_statement_ITS,1090,ITS,174,2,0.5,1.0
final_answer,no_attn,actor_1090_statement_IWL,1090,IWL,174,2,1.0,1.0
final_answer,no_attn,actor_1090_statement_IWW,1090,IWW,174,2,1.0,1.0
final_answer,no_attn,actor_1090_statement_MTI,1090,MTI,174,2,1.0,1.0
final_answer,no_attn,actor_1090_statement_TAI,1090,TAI,174,2,1.0,1.0
final_answer,no_attn,actor_1090_statement_TIE,1090,TIE,174,2,1.0,1.0
final_answer,no_attn,actor_1090_statement_TSI,1090,TSI,174,2,1.0,1.0
final_answer,no_attn,actor_1090_statement_WSI,1090,WSI,174,2,1.0,1.0
final_answer,no_attn,actor_1091_statement_DFA,1091,DFA,174,2,1.0,1.0
final_answer,no_attn,actor_1091_statement_IOM,1091,IOM,174,2,0.5,1.0
final_answer,no_attn,actor_1091_statement_ITH,1091,ITH,174,2,1.0,1.0
final_answer,no_attn,actor_1091_statement_ITS,1091,ITS,174,2,1.0,1.0
final_answer,no_attn,actor_1091_statement_IWL,1091,IWL,174,2,1.0,1.0
final_answer,no_attn,actor_1091_statement_IWW,1091,IWW,174,2,1.0,1.0
final_answer,no_attn,actor_1091_statement_MTI,1091,MTI,174,2,0.5,1.0
final_answer,no_attn,actor_1091_statement_TAI,1091,TAI,174,2,1.0,1.0
final_answer,no_attn,actor_1091_statement_TIE,1091,TIE,174,2,0.5,1.0
final_answer,no_attn,actor_1091_statement_TSI,1091,TSI,174,2,1.0,1.0
final_answer,no_attn,actor_1091_statement_WSI,1091,WSI,174,2,1.0,1.0
final_answer,no_mlp,actor_1001_statement_DFA,1001,DFA,174,2,1.0,1.0
final_answer,no_mlp,actor_1001_statement_IOM,1001,IOM,174,2,1.0,1.0
final_answer,no_mlp,actor_1001_statement_ITH,1001,ITH,174,2,1.0,1.0
final_answer,no_mlp,actor_1001_statement_ITS,1001,ITS,174,2,1.0,1.0
final_answer,no_mlp,actor_1001_statement_IWL,1001,IWL,174,2,0.5,1.0
final_answer,no_mlp,actor_1001_statement_IWW,1001,IWW,174,2,0.5,1.0
final_answer,no_mlp,actor_1001_statement_MTI,1001,MTI,174,2,1.0,1.0
final_answer,no_mlp,actor_1001_statement_TAI,1001,TAI,174,2,1.0,1.0
final_answer,no_mlp,actor_1001_statement_TIE,1001,TIE,174,2,0.5,0.0
final_answer,no_mlp,actor_1001_statement_TSI,1001,TSI,174,2,0.5,1.0
final_answer,no_mlp,actor_1001_statement_WSI,1001,WSI,174,2,0.5,1.0
final_answer,no_mlp,actor_1002_statement_DFA,1002,DFA,174,2,0.5,1.0
final_answer,no_mlp,actor_1002_statement_IOM,1002,IOM,174,2,0.5,1.0
final_answer,no_mlp,actor_1002_statement_ITH,1002,ITH,174,2,0.5,1.0
final_answer,no_mlp,actor_1002_statement_ITS,1002,ITS,174,2,1.0,1.0
final_answer,no_mlp,actor_1002_statement_IWL,1002,IWL,174,2,0.5,1.0
final_answer,no_mlp,actor_1002_statement_IWW,1002,IWW,174,2,1.0,1.0
final_answer,no_mlp,actor_1002_statement_MTI,1002,MTI,174,2,0.5,1.0
final_answer,no_mlp,actor_1002_statement_TAI,1002,TAI,174,2,1.0,1.0
final_answer,no_mlp,actor_1002_statement_TIE,1002,TIE,174,2,0.5,1.0
final_answer,no_mlp,actor_1002_statement_TSI,1002,TSI,174,2,0.5,0.0
final_answer,no_mlp,actor_1002_statement_WSI,1002,WSI,174,2,0.5,1.0
final_answer,no_mlp,actor_1003_statement_DFA,1003,DFA,174,2,0.5,1.0
final_answer,no_mlp,actor_1003_statement_IOM,1003,IOM,174,2,1.0,1.0
final_answer,no_mlp,actor_1003_statement_ITH,1003,ITH,174,2,0.5,1.0
final_answer,no_mlp,actor_1003_statement_ITS,1003,ITS,174,2,0.5,1.0
final_answer,no_mlp,actor_1003_statement_IWL,1003,IWL,174,2,1.0,1.0
final_answer,no_mlp,actor_1003_statement_IWW,1003,IWW,174,2,1.0,1.0
final_answer,no_mlp,actor_1003_statement_MTI,1003,MTI,174,2,0.5,1.0
final_answer,no_mlp,actor_1003_statement_TAI,1003,TAI,174,2,0.5,1.0
final_answer,no_mlp,actor_1003_statement_TIE,1003,TIE,174,2,0.5,0.0
final_answer,no_mlp,actor_1003_statement_TSI,1003,TSI,174,2,0.5,1.0
final_answer,no_mlp,actor_1003_statement_WSI,1003,WSI,174,2,1.0,1.0
final_answer,no_mlp,actor_1004_statement_DFA,1004,DFA,174,2,1.0,1.0
final_answer,no_mlp,actor_1004_statement_IOM,1004,IOM,174,2,0.0,0.0
final_answer,no_mlp,actor_1004_statement_ITH,1004,ITH,174,2,1.0,1.0
final_answer,no_mlp,actor_1004_statement_ITS,1004,ITS,174,2,1.0,1.0
final_answer,no_mlp,actor_1004_statement_IWL,1004,IWL,174,2,0.5,0.0
final_answer,no_mlp,actor_1004_statement_IWW,1004,IWW,174,2,0.5,0.0
final_answer,no_mlp,actor_1004_statement_MTI,1004,MTI,174,2,1.0,1.0
final_answer,no_mlp,actor_1004_statement_TAI,1004,TAI,174,2,1.0,1.0
final_answer,no_mlp,actor_1004_statement_TIE,1004,TIE,174,2,1.0,1.0
final_answer,no_mlp,actor_1004_statement_TSI,1004,TSI,174,2,0.5,1.0
final_answer,no_mlp,actor_1004_statement_WSI,1004,WSI,174,2,1.0,1.0
final_answer,no_mlp,actor_1005_statement_DFA,1005,DFA,174,2,1.0,1.0
final_answer,no_mlp,actor_1005_statement_IOM,1005,IOM,174,2,1.0,1.0
final_answer,no_mlp,actor_1005_statement_ITH,1005,ITH,174,2,1.0,1.0
final_answer,no_mlp,actor_1005_statement_ITS,1005,ITS,174,2,0.5,1.0
final_answer,no_mlp,actor_1005_statement_IWL,1005,IWL,174,2,1.0,1.0
final_answer,no_mlp,actor_1005_statement_IWW,1005,IWW,174,2,1.0,1.0
final_answer,no_mlp,actor_1005_statement_MTI,1005,MTI,174,2,0.5,0.0
final_answer,no_mlp,actor_1005_statement_TAI,1005,TAI,174,2,0.5,0.0
final_answer,no_mlp,actor_1005_statement_TIE,1005,TIE,174,2,1.0,1.0
final_answer,no_mlp,actor_1005_statement_TSI,1005,TSI,174,2,1.0,1.0
final_answer,no_mlp,actor_1005_statement_WSI,1005,WSI,174,2,0.5,1.0
final_answer,no_mlp,actor_1006_statement_DFA,1006,DFA,174,2,0.5,1.0
final_answer,no_mlp,actor_1006_statement_IOM,1006,IOM,174,2,1.0,1.0
final_answer,no_mlp,actor_1006_statement_ITH,1006,ITH,174,2,1.0,1.0
final_answer,no_mlp,actor_1006_statement_ITS,1006,ITS,174,2,1.0,1.0
final_answer,no_mlp,actor_1006_statement_IWL,1006,IWL,174,2,0.0,0.0
final_answer,no_mlp,actor_1006_statement_IWW,1006,IWW,174,2,0.5,0.0
final_answer,no_mlp,actor_1006_statement_MTI,1006,MTI,174,2,1.0,1.0
final_answer,no_mlp,actor_1006_statement_TAI,1006,TAI,174,2,1.0,1.0
final_answer,no_mlp,actor_1006_statement_TIE,1006,TIE,174,2,1.0,1.0
final_answer,no_mlp,actor_1006_statement_TSI,1006,TSI,174,2,1.0,1.0
final_answer,no_mlp,actor_1006_statement_WSI,1006,WSI,174,2,0.5,1.0
final_answer,no_mlp,actor_1007_statement_DFA,1007,DFA,174,2,1.0,1.0
final_answer,no_mlp,actor_1007_statement_IOM,1007,IOM,174,2,1.0,1.0
final_answer,no_mlp,actor_1007_statement_ITH,1007,ITH,174,2,1.0,1.0
final_answer,no_mlp,actor_1007_statement_ITS,1007,ITS,174,2,0.5,1.0
final_answer,no_mlp,actor_1007_statement_IWL,1007,IWL,174,2,0.5,1.0
final_answer,no_mlp,actor_1007_statement_IWW,1007,IWW,174,2,0.5,1.0
final_answer,no_mlp,actor_1007_statement_MTI,1007,MTI,174,2,0.5,1.0
final_answer,no_mlp,actor_1007_statement_TAI,1007,TAI,174,2,0.5,0.0
final_answer,no_mlp,actor_1007_statement_TIE,1007,TIE,174,2,0.5,0.0
final_answer,no_mlp,actor_1007_statement_TSI,1007,TSI,174,2,0.5,1.0
final_answer,no_mlp,actor_1007_statement_WSI,1007,WSI,174,2,0.5,0.0
final_answer,no_mlp,actor_1010_statement_DFA,1010,DFA,174,2,1.0,1.0
final_answer,no_mlp,actor_1010_statement_IOM,1010,IOM,174,2,1.0,1.0
final_answer,no_mlp,actor_1010_statement_ITH,1010,ITH,174,2,0.5,0.0
final_answer,no_mlp,actor_1010_statement_ITS,1010,ITS,174,2,0.5,1.0
final_answer,no_mlp,actor_1010_statement_IWL,1010,IWL,174,2,1.0,1.0
final_answer,no_mlp,actor_1010_statement_IWW,1010,IWW,174,2,0.5,1.0
final_answer,no_mlp,actor_1010_statement_MTI,1010,MTI,174,2,0.5,0.0
final_answer,no_mlp,actor_1010_statement_TAI,1010,TAI,174,2,0.5,1.0
final_answer,no_mlp,actor_1010_statement_TIE,1010,TIE,174,2,1.0,1.0
final_answer,no_mlp,actor_1010_statement_TSI,1010,TSI,174,2,1.0,1.0
final_answer,no_mlp,actor_1010_statement_WSI,1010,WSI,174,2,1.0,1.0
final_answer,no_mlp,actor_1011_statement_DFA,1011,DFA,174,2,1.0,1.0
final_answer,no_mlp,actor_1011_statement_IOM,1011,IOM,174,2,0.5,0.0
final_answer,no_mlp,actor_1011_statement_ITH,1011,ITH,174,2,1.0,1.0
final_answer,no_mlp,actor_1011_statement_ITS,1011,ITS,174,2,1.0,1.0
final_answer,no_mlp,actor_1011_statement_IWL,1011,IWL,174,2,0.5,1.0
final_answer,no_mlp,actor_1011_statement_IWW,1011,IWW,174,2,0.5,0.0
final_answer,no_mlp,actor_1011_statement_MTI,1011,MTI,174,2,1.0,1.0
final_answer,no_mlp,actor_1011_statement_TAI,1011,TAI,174,2,0.5,1.0
final_answer,no_mlp,actor_1011_statement_TIE,1011,TIE,174,2,0.5,0.0
final_answer,no_mlp,actor_1011_statement_TSI,1011,TSI,174,2,1.0,1.0
final_answer,no_mlp,actor_1011_statement_WSI,1011,WSI,174,2,1.0,1.0
final_answer,no_mlp,actor_1012_statement_DFA,1012,DFA,174,2,1.0,1.0
final_answer,no_mlp,actor_1012_statement_IOM,1012,IOM,174,2,0.5,0.0
final_answer,no_mlp,actor_1012_statement_ITH,1012,ITH,174,2,1.0,1.0
final_answer,no_mlp,actor_1012_statement_ITS,1012,ITS,174,2,0.5,1.0
final_answer,no_mlp,actor_1012_statement_IWL,1012,IWL,174,2,1.0,1.0
final_answer,no_mlp,actor_1012_statement_IWW,1012,IWW,174,2,0.5,1.0
final_answer,no_mlp,actor_1012_statement_MTI,1012,MTI,174,2,0.5,1.0
final_answer,no_mlp,actor_1012_statement_TAI,1012,TAI,174,2,0.5,1.0
final_answer,no_mlp,actor_1012_statement_TIE,1012,TIE,174,2,0.5,1.0
final_answer,no_mlp,actor_1012_statement_TSI,1012,TSI,174,2,1.0,1.0
final_answer,no_mlp,actor_1012_statement_WSI,1012,WSI,174,2,1.0,1.0
final_answer,no_mlp,actor_1013_statement_DFA,1013,DFA,174,2,1.0,1.0
final_answer,no_mlp,actor_1013_statement_IOM,1013,IOM,174,2,1.0,1.0
final_answer,no_mlp,actor_1013_statement_ITH,1013,ITH,174,2,1.0,1.0
final_answer,no_mlp,actor_1013_statement_ITS,1013,ITS,174,2,0.5,1.0
final_answer,no_mlp,actor_1013_statement_IWL,1013,IWL,174,2,1.0,1.0
final_answer,no_mlp,actor_1013_statement_IWW,1013,IWW,174,2,1.0,1.0
final_answer,no_mlp,actor_1013_statement_MTI,1013,MTI,174,2,1.0,1.0
final_answer,no_mlp,actor_1013_statement_TAI,1013,TAI,174,2,1.0,1.0
final_answer,no_mlp,actor_1013_statement_TIE,1013,TIE,174,2,1.0,1.0
final_answer,no_mlp,actor_1013_statement_TSI,1013,TSI,174,2,1.0,1.0
final_answer,no_mlp,actor_1013_statement_WSI,1013,WSI,174,2,1.0,1.0
final_answer,no_mlp,actor_1014_statement_DFA,1014,DFA,174,2,1.0,1.0
final_answer,no_mlp,actor_1014_statement_IOM,1014,IOM,174,2,1.0,1.0
final_answer,no_mlp,actor_1014_statement_ITH,1014,ITH,174,2,1.0,1.0
final_answer,no_mlp,actor_1014_statement_ITS,1014,ITS,174,2,1.0,1.0
final_answer,no_mlp,actor_1014_statement_IWL,1014,IWL,174,2,1.0,1.0
final_answer,no_mlp,actor_1014_statement_IWW,1014,IWW,174,2,0.5,1.0
final_answer,no_mlp,actor_1014_statement_MTI,1014,MTI,174,2,0.5,0.0
final_answer,no_mlp,actor_1014_statement_TAI,1014,TAI,174,2,1.0,1.0
final_answer,no_mlp,actor_1014_statement_TIE,1014,TIE,174,2,1.0,1.0
final_answer,no_mlp,actor_1014_statement_TSI,1014,TSI,174,2,1.0,1.0
final_answer,no_mlp,actor_1014_statement_WSI,1014,WSI,174,2,0.5,1.0
final_answer,no_mlp,actor_1015_statement_DFA,1015,DFA,174,2,1.0,1.0
final_answer,no_mlp,actor_1015_statement_IOM,1015,IOM,174,2,0.5,1.0
final_answer,no_mlp,actor_1015_statement_ITH,1015,ITH,174,2,0.5,1.0
final_answer,no_mlp,actor_1015_statement_ITS,1015,ITS,174,2,1.0,1.0
final_answer,no_mlp,actor_1015_statement_IWL,1015,IWL,174,2,0.5,1.0
final_answer,no_mlp,actor_1015_statement_IWW,1015,IWW,174,2,1.0,1.0
final_answer,no_mlp,actor_1015_statement_MTI,1015,MTI,174,2,1.0,1.0
final_answer,no_mlp,actor_1015_statement_TAI,1015,TAI,174,2,1.0,1.0
final_answer,no_mlp,actor_1015_statement_TIE,1015,TIE,174,2,0.5,0.0
final_answer,no_mlp,actor_1015_statement_TSI,1015,TSI,174,2,1.0,1.0
final_answer,no_mlp,actor_1015_statement_WSI,1015,WSI,174,2,1.0,1.0
final_answer,no_mlp,actor_1016_statement_DFA,1016,DFA,174,2,1.0,1.0
final_answer,no_mlp,actor_1016_statement_IOM,1016,IOM,174,2,0.0,0.0
final_answer,no_mlp,actor_1016_statement_ITH,1016,ITH,174,2,0.5,1.0
final_answer,no_mlp,actor_1016_statement_ITS,1016,ITS,174,2,0.5,1.0
final_answer,no_mlp,actor_1016_statement_IWL,1016,IWL,174,2,1.0,1.0
final_answer,no_mlp,actor_1016_statement_IWW,1016,IWW,174,2,1.0,1.0
final_answer,no_mlp,actor_1016_statement_MTI,1016,MTI,174,2,0.5,0.0
final_answer,no_mlp,actor_1016_statement_TAI,1016,TAI,174,2,0.5,1.0
final_answer,no_mlp,actor_1016_statement_TIE,1016,TIE,174,2,0.5,1.0
final_answer,no_mlp,actor_1016_statement_TSI,1016,TSI,174,2,1.0,1.0
final_answer,no_mlp,actor_1016_statement_WSI,1016,WSI,174,2,1.0,1.0
final_answer,no_mlp,actor_1017_statement_DFA,1017,DFA,174,2,1.0,1.0
final_answer,no_mlp,actor_1017_statement_IOM,1017,IOM,174,2,1.0,1.0
final_answer,no_mlp,actor_1017_statement_ITH,1017,ITH,174,2,0.5,1.0
final_answer,no_mlp,actor_1017_statement_ITS,1017,ITS,174,2,0.5,1.0
final_answer,no_mlp,actor_1017_statement_IWL,1017,IWL,174,2,1.0,1.0
final_answer,no_mlp,actor_1017_statement_IWW,1017,IWW,174,2,1.0,1.0
final_answer,no_mlp,actor_1017_statement_MTI,1017,MTI,174,2,1.0,1.0
final_answer,no_mlp,actor_1017_statement_TAI,1017,TAI,174,2,1.0,1.0
final_answer,no_mlp,actor_1017_statement_TIE,1017,TIE,174,2,1.0,1.0
final_answer,no_mlp,actor_1017_statement_TSI,1017,TSI,174,2,1.0,1.0
final_answer,no_mlp,actor_1017_statement_WSI,1017,WSI,174,2,1.0,1.0
final_answer,no_mlp,actor_1018_statement_DFA,1018,DFA,174,2,1.0,1.0
final_answer,no_mlp,actor_1018_statement_IOM,1018,IOM,174,2,0.0,0.0
final_answer,no_mlp,actor_1018_statement_ITH,1018,ITH,174,2,1.0,1.0
final_answer,no_mlp,actor_1018_statement_ITS,1018,ITS,174,2,1.0,1.0
final_answer,no_mlp,actor_1018_statement_IWL,1018,IWL,174,2,1.0,1.0
final_answer,no_mlp,actor_1018_statement_IWW,1018,IWW,174,2,1.0,1.0
final_answer,no_mlp,actor_1018_statement_MTI,1018,MTI,174,2,1.0,1.0
final_answer,no_mlp,actor_1018_statement_TAI,1018,TAI,174,2,1.0,1.0
final_answer,no_mlp,actor_1018_statement_TIE,1018,TIE,174,2,0.5,1.0
final_answer,no_mlp,actor_1018_statement_TSI,1018,TSI,174,2,1.0,1.0
final_answer,no_mlp,actor_1018_statement_WSI,1018,WSI,174,2,1.0,1.0
final_answer,no_mlp,actor_1020_statement_DFA,1020,DFA,174,2,1.0,1.0
final_answer,no_mlp,actor_1020_statement_IOM,1020,IOM,174,2,1.0,1.0
final_answer,no_mlp,actor_1020_statement_ITH,1020,ITH,174,2,1.0,1.0
final_answer,no_mlp,actor_1020_statement_ITS,1020,ITS,174,2,1.0,1.0
final_answer,no_mlp,actor_1020_statement_IWL,1020,IWL,174,2,0.5,1.0
final_answer,no_mlp,actor_1020_statement_IWW,1020,IWW,174,2,1.0,1.0
final_answer,no_mlp,actor_1020_statement_MTI,1020,MTI,174,2,1.0,1.0
final_answer,no_mlp,actor_1020_statement_TAI,1020,TAI,174,2,1.0,1.0
final_answer,no_mlp,actor_1020_statement_TIE,1020,TIE,174,2,1.0,1.0
final_answer,no_mlp,actor_1020_statement_TSI,1020,TSI,174,2,0.5,1.0
final_answer,no_mlp,actor_1020_statement_WSI,1020,WSI,174,2,1.0,1.0
final_answer,no_mlp,actor_1021_statement_DFA,1021,DFA,174,2,1.0,1.0
final_answer,no_mlp,actor_1021_statement_IOM,1021,IOM,174,2,1.0,1.0
final_answer,no_mlp,actor_1021_statement_ITH,1021,ITH,174,2,1.0,1.0
final_answer,no_mlp,actor_1021_statement_ITS,1021,ITS,174,2,1.0,1.0
final_answer,no_mlp,actor_1021_statement_IWL,1021,IWL,174,2,0.5,0.0
final_answer,no_mlp,actor_1021_statement_IWW,1021,IWW,174,2,1.0,1.0
final_answer,no_mlp,actor_1021_statement_MTI,1021,MTI,174,2,1.0,1.0
final_answer,no_mlp,actor_1021_statement_TAI,1021,TAI,174,2,1.0,1.0
final_answer,no_mlp,actor_1021_statement_TIE,1021,TIE,174,2,1.0,1.0
final_answer,no_mlp,actor_1021_statement_TSI,1021,TSI,174,2,0.5,1.0
final_answer,no_mlp,actor_1021_statement_WSI,1021,WSI,174,2,1.0,1.0
final_answer,no_mlp,actor_1022_statement_DFA,1022,DFA,174,2,1.0,1.0
final_answer,no_mlp,actor_1022_statement_IOM,1022,IOM,174,2,1.0,1.0
final_answer,no_mlp,actor_1022_statement_ITH,1022,ITH,174,2,1.0,1.0
final_answer,no_mlp,actor_1022_statement_ITS,1022,ITS,174,2,0.5,0.0
final_answer,no_mlp,actor_1022_statement_IWL,1022,IWL,174,2,0.5,0.0
final_answer,no_mlp,actor_1022_statement_IWW,1022,IWW,174,2,0.5,1.0
final_answer,no_mlp,actor_1022_statement_MTI,1022,MTI,174,2,0.5,1.0
final_answer,no_mlp,actor_1022_statement_TAI,1022,TAI,174,2,1.0,1.0
final_answer,no_mlp,actor_1022_statement_TIE,1022,TIE,174,2,1.0,1.0
final_answer,no_mlp,actor_1022_statement_TSI,1022,TSI,174,2,1.0,1.0
final_answer,no_mlp,actor_1022_statement_WSI,1022,WSI,174,2,1.0,1.0
final_answer,no_mlp,actor_1023_statement_DFA,1023,DFA,174,2,0.5,1.0
final_answer,no_mlp,actor_1023_statement_IOM,1023,IOM,174,2,1.0,1.0
final_answer,no_mlp,actor_1023_statement_ITH,1023,ITH,174,2,1.0,1.0
final_answer,no_mlp,actor_1023_statement_ITS,1023,ITS,174,2,1.0,1.0
final_answer,no_mlp,actor_1023_statement_IWL,1023,IWL,174,2,1.0,1.0
final_answer,no_mlp,actor_1023_statement_IWW,1023,IWW,174,2,1.0,1.0
final_answer,no_mlp,actor_1023_statement_MTI,1023,MTI,174,2,1.0,1.0
final_answer,no_mlp,actor_1023_statement_TAI,1023,TAI,174,2,1.0,1.0
final_answer,no_mlp,actor_1023_statement_TIE,1023,TIE,174,2,1.0,1.0
final_answer,no_mlp,actor_1023_statement_TSI,1023,TSI,174,2,1.0,1.0
final_answer,no_mlp,actor_1023_statement_WSI,1023,WSI,174,2,1.0,1.0
final_answer,no_mlp,actor_1024_statement_DFA,1024,DFA,174,2,0.5,1.0
final_answer,no_mlp,actor_1024_statement_IOM,1024,IOM,174,2,1.0,1.0
final_answer,no_mlp,actor_1024_statement_ITH,1024,ITH,174,2,1.0,1.0
final_answer,no_mlp,actor_1024_statement_ITS,1024,ITS,174,2,1.0,1.0
final_answer,no_mlp,actor_1024_statement_IWL,1024,IWL,174,2,1.0,1.0
final_answer,no_mlp,actor_1024_statement_IWW,1024,IWW,174,2,1.0,1.0
final_answer,no_mlp,actor_1024_statement_MTI,1024,MTI,174,2,1.0,1.0
final_answer,no_mlp,actor_1024_statement_TAI,1024,TAI,174,2,1.0,1.0
final_answer,no_mlp,actor_1024_statement_TIE,1024,TIE,174,2,1.0,1.0
final_answer,no_mlp,actor_1024_statement_TSI,1024,TSI,174,2,1.0,1.0
final_answer,no_mlp,actor_1024_statement_WSI,1024,WSI,174,2,1.0,1.0
final_answer,no_mlp,actor_1025_statement_DFA,1025,DFA,174,2,1.0,1.0
final_answer,no_mlp,actor_1025_statement_IOM,1025,IOM,174,2,0.5,1.0
final_answer,no_mlp,actor_1025_statement_ITH,1025,ITH,174,2,1.0,1.0
final_answer,no_mlp,actor_1025_statement_ITS,1025,ITS,174,2,1.0,1.0
final_answer,no_mlp,actor_1025_statement_IWL,1025,IWL,174,2,1.0,1.0
final_answer,no_mlp,actor_1025_statement_IWW,1025,IWW,174,2,1.0,1.0
final_answer,no_mlp,actor_1025_statement_MTI,1025,MTI,174,2,0.5,0.0
final_answer,no_mlp,actor_1025_statement_TAI,1025,TAI,174,2,1.0,1.0
final_answer,no_mlp,actor_1025_statement_TIE,1025,TIE,174,2,1.0,1.0
final_answer,no_mlp,actor_1025_statement_TSI,1025,TSI,174,2,1.0,1.0
final_answer,no_mlp,actor_1025_statement_WSI,1025,WSI,174,2,1.0,1.0
final_answer,no_mlp,actor_1026_statement_DFA,1026,DFA,174,2,1.0,1.0
final_answer,no_mlp,actor_1026_statement_IOM,1026,IOM,174,2,1.0,1.0
final_answer,no_mlp,actor_1026_statement_ITH,1026,ITH,174,2,0.5,1.0
final_answer,no_mlp,actor_1026_statement_ITS,1026,ITS,174,2,1.0,1.0
final_answer,no_mlp,actor_1026_statement_IWL,1026,IWL,174,2,1.0,1.0
final_answer,no_mlp,actor_1026_statement_IWW,1026,IWW,174,2,1.0,1.0
final_answer,no_mlp,actor_1026_statement_MTI,1026,MTI,174,2,1.0,1.0
final_answer,no_mlp,actor_1026_statement_TAI,1026,TAI,174,2,1.0,1.0
final_answer,no_mlp,actor_1026_statement_TIE,1026,TIE,174,2,0.5,1.0
final_answer,no_mlp,actor_1026_statement_TSI,1026,TSI,174,2,1.0,1.0
final_answer,no_mlp,actor_1026_statement_WSI,1026,WSI,174,2,0.5,1.0
final_answer,no_mlp,actor_1027_statement_DFA,1027,DFA,174,2,1.0,1.0
final_answer,no_mlp,actor_1027_statement_IOM,1027,IOM,174,2,1.0,1.0
final_answer,no_mlp,actor_1027_statement_ITH,1027,ITH,174,2,1.0,1.0
final_answer,no_mlp,actor_1027_statement_ITS,1027,ITS,174,2,1.0,1.0
final_answer,no_mlp,actor_1027_statement_IWL,1027,IWL,174,2,1.0,1.0
final_answer,no_mlp,actor_1027_statement_IWW,1027,IWW,174,2,0.0,0.0
final_answer,no_mlp,actor_1027_statement_MTI,1027,MTI,174,2,1.0,1.0
final_answer,no_mlp,actor_1027_statement_TAI,1027,TAI,174,2,1.0,1.0
final_answer,no_mlp,actor_1027_statement_TIE,1027,TIE,174,2,0.5,0.0
final_answer,no_mlp,actor_1027_statement_TSI,1027,TSI,174,2,1.0,1.0
final_answer,no_mlp,actor_1027_statement_WSI,1027,WSI,174,2,1.0,1.0
final_answer,no_mlp,actor_1028_statement_DFA,1028,DFA,174,2,1.0,1.0
final_answer,no_mlp,actor_1028_statement_IOM,1028,IOM,174,2,1.0,1.0
final_answer,no_mlp,actor_1028_statement_ITH,1028,ITH,174,2,1.0,1.0
final_answer,no_mlp,actor_1028_statement_ITS,1028,ITS,174,2,1.0,1.0
final_answer,no_mlp,actor_1028_statement_IWL,1028,IWL,174,2,1.0,1.0
final_answer,no_mlp,actor_1028_statement_IWW,1028,IWW,174,2,0.0,0.0
final_answer,no_mlp,actor_1028_statement_MTI,1028,MTI,174,2,1.0,1.0
final_answer,no_mlp,actor_1028_statement_TAI,1028,TAI,174,2,0.0,0.0
final_answer,no_mlp,actor_1028_statement_TIE,1028,TIE,174,2,1.0,1.0
final_answer,no_mlp,actor_1028_statement_TSI,1028,TSI,174,2,1.0,1.0
final_answer,no_mlp,actor_1028_statement_WSI,1028,WSI,174,2,1.0,1.0
final_answer,no_mlp,actor_1029_statement_DFA,1029,DFA,174,2,0.5,1.0
final_answer,no_mlp,actor_1029_statement_IOM,1029,IOM,174,2,1.0,1.0
final_answer,no_mlp,actor_1029_statement_ITH,1029,ITH,174,2,1.0,1.0
final_answer,no_mlp,actor_1029_statement_ITS,1029,ITS,174,2,0.5,1.0
final_answer,no_mlp,actor_1029_statement_IWL,1029,IWL,174,2,1.0,1.0
final_answer,no_mlp,actor_1029_statement_IWW,1029,IWW,174,2,1.0,1.0
final_answer,no_mlp,actor_1029_statement_MTI,1029,MTI,174,2,1.0,1.0
final_answer,no_mlp,actor_1029_statement_TAI,1029,TAI,174,2,1.0,1.0
final_answer,no_mlp,actor_1029_statement_TIE,1029,TIE,174,2,1.0,1.0
final_answer,no_mlp,actor_1029_statement_TSI,1029,TSI,174,2,0.5,1.0
final_answer,no_mlp,actor_1029_statement_WSI,1029,WSI,174,2,1.0,1.0
final_answer,no_mlp,actor_1030_statement_DFA,1030,DFA,174,2,0.5,1.0
final_answer,no_mlp,actor_1030_statement_IOM,1030,IOM,174,2,0.5,0.0
final_answer,no_mlp,actor_1030_statement_ITH,1030,ITH,174,2,1.0,1.0
final_answer,no_mlp,actor_1030_statement_ITS,1030,ITS,174,2,0.5,1.0
final_answer,no_mlp,actor_1030_statement_IWL,1030,IWL,174,2,1.0,1.0
final_answer,no_mlp,actor_1030_statement_IWW,1030,IWW,174,2,0.5,1.0
final_answer,no_mlp,actor_1030_statement_MTI,1030,MTI,174,2,1.0,1.0
final_answer,no_mlp,actor_1030_statement_TAI,1030,TAI,174,2,1.0,1.0
final_answer,no_mlp,actor_1030_statement_TIE,1030,TIE,174,2,0.5,1.0
final_answer,no_mlp,actor_1030_statement_TSI,1030,TSI,174,2,1.0,1.0
final_answer,no_mlp,actor_1030_statement_WSI,1030,WSI,174,2,0.5,1.0
final_answer,no_mlp,actor_1031_statement_DFA,1031,DFA,174,2,1.0,1.0
final_answer,no_mlp,actor_1031_statement_IOM,1031,IOM,174,2,1.0,1.0
final_answer,no_mlp,actor_1031_statement_ITH,1031,ITH,174,2,0.5,1.0
final_answer,no_mlp,actor_1031_statement_ITS,1031,ITS,174,2,1.0,1.0
final_answer,no_mlp,actor_1031_statement_IWL,1031,IWL,174,2,1.0,1.0
final_answer,no_mlp,actor_1031_statement_IWW,1031,IWW,174,2,1.0,1.0
final_answer,no_mlp,actor_1031_statement_MTI,1031,MTI,174,2,1.0,1.0
final_answer,no_mlp,actor_1031_statement_TAI,1031,TAI,174,2,1.0,1.0
final_answer,no_mlp,actor_1031_statement_TIE,1031,TIE,174,2,0.5,0.0
final_answer,no_mlp,actor_1031_statement_TSI,1031,TSI,174,2,1.0,1.0
final_answer,no_mlp,actor_1031_statement_WSI,1031,WSI,174,2,0.5,0.0
final_answer,no_mlp,actor_1032_statement_DFA,1032,DFA,174,2,1.0,1.0
final_answer,no_mlp,actor_1032_statement_IOM,1032,IOM,174,2,1.0,1.0
final_answer,no_mlp,actor_1032_statement_ITH,1032,ITH,174,2,1.0,1.0
final_answer,no_mlp,actor_1032_statement_ITS,1032,ITS,174,2,1.0,1.0
final_answer,no_mlp,actor_1032_statement_IWL,1032,IWL,174,2,1.0,1.0
final_answer,no_mlp,actor_1032_statement_IWW,1032,IWW,174,2,1.0,1.0
final_answer,no_mlp,actor_1032_statement_MTI,1032,MTI,174,2,0.5,1.0
final_answer,no_mlp,actor_1032_statement_TAI,1032,TAI,174,2,0.5,1.0
final_answer,no_mlp,actor_1032_statement_TIE,1032,TIE,174,2,1.0,1.0
final_answer,no_mlp,actor_1032_statement_TSI,1032,TSI,174,2,1.0,1.0
final_answer,no_mlp,actor_1032_statement_WSI,1032,WSI,174,2,1.0,1.0
final_answer,no_mlp,actor_1033_statement_DFA,1033,DFA,174,2,1.0,1.0
final_answer,no_mlp,actor_1033_statement_IOM,1033,IOM,174,2,1.0,1.0
final_answer,no_mlp,actor_1033_statement_ITH,1033,ITH,174,2,1.0,1.0
final_answer,no_mlp,actor_1033_statement_ITS,1033,ITS,174,2,0.5,1.0
final_answer,no_mlp,actor_1033_statement_IWL,1033,IWL,174,2,1.0,1.0
final_answer,no_mlp,actor_1033_statement_IWW,1033,IWW,174,2,1.0,1.0
final_answer,no_mlp,actor_1033_statement_MTI,1033,MTI,174,2,1.0,1.0
final_answer,no_mlp,actor_1033_statement_TAI,1033,TAI,174,2,1.0,1.0
final_answer,no_mlp,actor_1033_statement_TIE,1033,TIE,174,2,0.5,1.0
final_answer,no_mlp,actor_1033_statement_TSI,1033,TSI,174,2,1.0,1.0
final_answer,no_mlp,actor_1033_statement_WSI,1033,WSI,174,2,0.5,1.0
final_answer,no_mlp,actor_1034_statement_DFA,1034,DFA,174,2,1.0,1.0
final_answer,no_mlp,actor_1034_statement_IOM,1034,IOM,174,2,0.5,1.0
final_answer,no_mlp,actor_1034_statement_ITH,1034,ITH,174,2,0.5,1.0
final_answer,no_mlp,actor_1034_statement_ITS,1034,ITS,174,2,0.5,0.0
final_answer,no_mlp,actor_1034_statement_IWL,1034,IWL,174,2,0.5,0.0
final_answer,no_mlp,actor_1034_statement_IWW,1034,IWW,174,2,1.0,1.0
final_answer,no_mlp,actor_1034_statement_MTI,1034,MTI,174,2,1.0,1.0
final_answer,no_mlp,actor_1034_statement_TAI,1034,TAI,174,2,1.0,1.0
final_answer,no_mlp,actor_1034_statement_TIE,1034,TIE,174,2,1.0,1.0
final_answer,no_mlp,actor_1034_statement_TSI,1034,TSI,174,2,0.5,1.0
final_answer,no_mlp,actor_1034_statement_WSI,1034,WSI,174,2,0.5,1.0
final_answer,no_mlp,actor_1035_statement_DFA,1035,DFA,174,2,1.0,1.0
final_answer,no_mlp,actor_1035_statement_IOM,1035,IOM,174,2,1.0,1.0
final_answer,no_mlp,actor_1035_statement_ITH,1035,ITH,174,2,1.0,1.0
final_answer,no_mlp,actor_1035_statement_ITS,1035,ITS,174,2,1.0,1.0
final_answer,no_mlp,actor_1035_statement_IWL,1035,IWL,174,2,0.5,0.0
final_answer,no_mlp,actor_1035_statement_IWW,1035,IWW,174,2,0.5,1.0
final_answer,no_mlp,actor_1035_statement_MTI,1035,MTI,174,2,1.0,1.0
final_answer,no_mlp,actor_1035_statement_TAI,1035,TAI,174,2,0.5,1.0
final_answer,no_mlp,actor_1035_statement_TIE,1035,TIE,174,2,0.5,1.0
final_answer,no_mlp,actor_1035_statement_TSI,1035,TSI,174,2,1.0,1.0
final_answer,no_mlp,actor_1035_statement_WSI,1035,WSI,174,2,1.0,1.0
final_answer,no_mlp,actor_1036_statement_DFA,1036,DFA,174,2,0.5,1.0
final_answer,no_mlp,actor_1036_statement_IOM,1036,IOM,174,2,0.5,1.0
final_answer,no_mlp,actor_1036_statement_ITH,1036,ITH,174,2,1.0,1.0
final_answer,no_mlp,actor_1036_statement_ITS,1036,ITS,174,2,1.0,1.0
final_answer,no_mlp,actor_1036_statement_IWL,1036,IWL,174,2,1.0,1.0
final_answer,no_mlp,actor_1036_statement_IWW,1036,IWW,174,2,0.0,0.0
final_answer,no_mlp,actor_1036_statement_MTI,1036,MTI,174,2,1.0,1.0
final_answer,no_mlp,actor_1036_statement_TAI,1036,TAI,174,2,0.5,1.0
final_answer,no_mlp,actor_1036_statement_TIE,1036,TIE,174,2,1.0,1.0
final_answer,no_mlp,actor_1036_statement_TSI,1036,TSI,174,2,0.5,0.0
final_answer,no_mlp,actor_1036_statement_WSI,1036,WSI,174,2,0.5,1.0
final_answer,no_mlp,actor_1037_statement_DFA,1037,DFA,174,2,0.5,1.0
final_answer,no_mlp,actor_1037_statement_IOM,1037,IOM,174,2,1.0,1.0
final_answer,no_mlp,actor_1037_statement_ITH,1037,ITH,174,2,1.0,1.0
final_answer,no_mlp,actor_1037_statement_ITS,1037,ITS,174,2,1.0,1.0
final_answer,no_mlp,actor_1037_statement_IWL,1037,IWL,174,2,1.0,1.0
final_answer,no_mlp,actor_1037_statement_IWW,1037,IWW,174,2,0.5,1.0
final_answer,no_mlp,actor_1037_statement_MTI,1037,MTI,174,2,1.0,1.0
final_answer,no_mlp,actor_1037_statement_TAI,1037,TAI,174,2,1.0,1.0
final_answer,no_mlp,actor_1037_statement_TIE,1037,TIE,174,2,1.0,1.0
final_answer,no_mlp,actor_1037_statement_TSI,1037,TSI,174,2,1.0,1.0
final_answer,no_mlp,actor_1037_statement_WSI,1037,WSI,174,2,0.5,0.0
final_answer,no_mlp,actor_1038_statement_DFA,1038,DFA,174,2,1.0,1.0
final_answer,no_mlp,actor_1038_statement_IOM,1038,IOM,174,2,1.0,1.0
final_answer,no_mlp,actor_1038_statement_ITH,1038,ITH,174,2,1.0,1.0
final_answer,no_mlp,actor_1038_statement_ITS,1038,ITS,174,2,1.0,1.0
final_answer,no_mlp,actor_1038_statement_IWL,1038,IWL,174,2,0.5,1.0
final_answer,no_mlp,actor_1038_statement_IWW,1038,IWW,174,2,0.5,1.0
final_answer,no_mlp,actor_1038_statement_MTI,1038,MTI,174,2,1.0,1.0
final_answer,no_mlp,actor_1038_statement_TAI,1038,TAI,174,2,1.0,1.0
final_answer,no_mlp,actor_1038_statement_TIE,1038,TIE,174,2,1.0,1.0
final_answer,no_mlp,actor_1038_statement_TSI,1038,TSI,174,2,1.0,1.0
final_answer,no_mlp,actor_1038_statement_WSI,1038,WSI,174,2,1.0,1.0
final_answer,no_mlp,actor_1039_statement_DFA,1039,DFA,174,2,1.0,1.0
final_answer,no_mlp,actor_1039_statement_IOM,1039,IOM,174,2,1.0,1.0
final_answer,no_mlp,actor_1039_statement_ITH,1039,ITH,174,2,1.0,1.0
final_answer,no_mlp,actor_1039_statement_ITS,1039,ITS,174,2,0.5,1.0
final_answer,no_mlp,actor_1039_statement_IWL,1039,IWL,174,2,1.0,1.0
final_answer,no_mlp,actor_1039_statement_IWW,1039,IWW,174,2,1.0,1.0
final_answer,no_mlp,actor_1039_statement_MTI,1039,MTI,174,2,1.0,1.0
final_answer,no_mlp,actor_1039_statement_TAI,1039,TAI,174,2,0.5,1.0
final_answer,no_mlp,actor_1039_statement_TIE,1039,TIE,174,2,0.5,1.0
final_answer,no_mlp,actor_1039_statement_TSI,1039,TSI,174,2,1.0,1.0
final_answer,no_mlp,actor_1039_statement_WSI,1039,WSI,174,2,1.0,1.0
final_answer,no_mlp,actor_1040_statement_DFA,1040,DFA,174,2,1.0,1.0
final_answer,no_mlp,actor_1040_statement_IOM,1040,IOM,174,2,1.0,1.0
final_answer,no_mlp,actor_1040_statement_ITH,1040,ITH,174,2,0.5,1.0
final_answer,no_mlp,actor_1040_statement_ITS,1040,ITS,174,2,1.0,1.0
final_answer,no_mlp,actor_1040_statement_IWL,1040,IWL,174,2,1.0,1.0
final_answer,no_mlp,actor_1040_statement_IWW,1040,IWW,174,2,1.0,1.0
final_answer,no_mlp,actor_1040_statement_MTI,1040,MTI,174,2,1.0,1.0
final_answer,no_mlp,actor_1040_statement_TAI,1040,TAI,174,2,1.0,1.0
final_answer,no_mlp,actor_1040_statement_TIE,1040,TIE,174,2,1.0,1.0
final_answer,no_mlp,actor_1040_statement_TSI,1040,TSI,174,2,0.0,0.0
final_answer,no_mlp,actor_1040_statement_WSI,1040,WSI,174,2,1.0,1.0
final_answer,no_mlp,actor_1041_statement_DFA,1041,DFA,174,2,0.5,1.0
final_answer,no_mlp,actor_1041_statement_IOM,1041,IOM,174,2,1.0,1.0
final_answer,no_mlp,actor_1041_statement_ITH,1041,ITH,174,2,0.5,1.0
final_answer,no_mlp,actor_1041_statement_ITS,1041,ITS,174,2,1.0,1.0
final_answer,no_mlp,actor_1041_statement_IWL,1041,IWL,174,2,0.5,1.0
final_answer,no_mlp,actor_1041_statement_IWW,1041,IWW,174,2,0.5,1.0
final_answer,no_mlp,actor_1041_statement_MTI,1041,MTI,174,2,0.5,0.0
final_answer,no_mlp,actor_1041_statement_TAI,1041,TAI,174,2,0.5,1.0
final_answer,no_mlp,actor_1041_statement_TIE,1041,TIE,174,2,0.5,0.0
final_answer,no_mlp,actor_1041_statement_TSI,1041,TSI,174,2,1.0,1.0
final_answer,no_mlp,actor_1041_statement_WSI,1041,WSI,174,2,1.0,1.0
final_answer,no_mlp,actor_1042_statement_DFA,1042,DFA,174,2,1.0,1.0
final_answer,no_mlp,actor_1042_statement_IOM,1042,IOM,174,2,0.5,1.0
final_answer,no_mlp,actor_1042_statement_ITH,1042,ITH,174,2,0.5,1.0
final_answer,no_mlp,actor_1042_statement_ITS,1042,ITS,174,2,0.5,0.0
final_answer,no_mlp,actor_1042_statement_IWL,1042,IWL,174,2,1.0,1.0
final_answer,no_mlp,actor_1042_statement_IWW,1042,IWW,174,2,1.0,1.0
final_answer,no_mlp,actor_1042_statement_MTI,1042,MTI,174,2,0.5,1.0
final_answer,no_mlp,actor_1042_statement_TAI,1042,TAI,174,2,0.5,1.0
final_answer,no_mlp,actor_1042_statement_TIE,1042,TIE,174,2,0.5,1.0
final_answer,no_mlp,actor_1042_statement_TSI,1042,TSI,174,2,0.5,1.0
final_answer,no_mlp,actor_1042_statement_WSI,1042,WSI,174,2,1.0,1.0
final_answer,no_mlp,actor_1043_statement_DFA,1043,DFA,174,2,1.0,1.0
final_answer,no_mlp,actor_1043_statement_IOM,1043,IOM,174,2,0.5,1.0
final_answer,no_mlp,actor_1043_statement_ITH,1043,ITH,174,2,0.5,1.0
final_answer,no_mlp,actor_1043_statement_ITS,1043,ITS,174,2,1.0,1.0
final_answer,no_mlp,actor_1043_statement_IWL,1043,IWL,174,2,1.0,1.0
final_answer,no_mlp,actor_1043_statement_IWW,1043,IWW,174,2,1.0,1.0
final_answer,no_mlp,actor_1043_statement_MTI,1043,MTI,174,2,1.0,1.0
final_answer,no_mlp,actor_1043_statement_TAI,1043,TAI,174,2,1.0,1.0
final_answer,no_mlp,actor_1043_statement_TIE,1043,TIE,174,2,1.0,1.0
final_answer,no_mlp,actor_1043_statement_TSI,1043,TSI,174,2,1.0,1.0
final_answer,no_mlp,actor_1043_statement_WSI,1043,WSI,174,2,1.0,1.0
final_answer,no_mlp,actor_1044_statement_DFA,1044,DFA,174,2,1.0,1.0
final_answer,no_mlp,actor_1044_statement_IOM,1044,IOM,174,2,1.0,1.0
final_answer,no_mlp,actor_1044_statement_ITH,1044,ITH,174,2,0.5,1.0
final_answer,no_mlp,actor_1044_statement_ITS,1044,ITS,174,2,1.0,1.0
final_answer,no_mlp,actor_1044_statement_IWL,1044,IWL,174,2,1.0,1.0
final_answer,no_mlp,actor_1044_statement_IWW,1044,IWW,174,2,0.5,1.0
final_answer,no_mlp,actor_1044_statement_MTI,1044,MTI,174,2,1.0,1.0
final_answer,no_mlp,actor_1044_statement_TAI,1044,TAI,174,2,1.0,1.0
final_answer,no_mlp,actor_1044_statement_TIE,1044,TIE,174,2,0.5,1.0
final_answer,no_mlp,actor_1044_statement_TSI,1044,TSI,174,2,1.0,1.0
final_answer,no_mlp,actor_1044_statement_WSI,1044,WSI,174,2,0.5,1.0
final_answer,no_mlp,actor_1045_statement_DFA,1045,DFA,174,2,1.0,1.0
final_answer,no_mlp,actor_1045_statement_IOM,1045,IOM,174,2,1.0,1.0
final_answer,no_mlp,actor_1045_statement_ITH,1045,ITH,174,2,1.0,1.0
final_answer,no_mlp,actor_1045_statement_ITS,1045,ITS,174,2,1.0,1.0
final_answer,no_mlp,actor_1045_statement_IWL,1045,IWL,174,2,0.5,1.0
final_answer,no_mlp,actor_1045_statement_IWW,1045,IWW,174,2,1.0,1.0
final_answer,no_mlp,actor_1045_statement_MTI,1045,MTI,174,2,1.0,1.0
final_answer,no_mlp,actor_1045_statement_TAI,1045,TAI,174,2,1.0,1.0
final_answer,no_mlp,actor_1045_statement_TIE,1045,TIE,174,2,0.5,1.0
final_answer,no_mlp,actor_1045_statement_TSI,1045,TSI,174,2,1.0,1.0
final_answer,no_mlp,actor_1045_statement_WSI,1045,WSI,174,2,1.0,1.0
final_answer,no_mlp,actor_1046_statement_DFA,1046,DFA,174,2,1.0,1.0
final_answer,no_mlp,actor_1046_statement_IOM,1046,IOM,174,2,0.0,0.0
final_answer,no_mlp,actor_1046_statement_ITH,1046,ITH,174,2,1.0,1.0
final_answer,no_mlp,actor_1046_statement_ITS,1046,ITS,174,2,1.0,1.0
final_answer,no_mlp,actor_1046_statement_IWL,1046,IWL,174,2,1.0,1.0
final_answer,no_mlp,actor_1046_statement_IWW,1046,IWW,174,2,1.0,1.0
final_answer,no_mlp,actor_1046_statement_MTI,1046,MTI,174,2,1.0,1.0
final_answer,no_mlp,actor_1046_statement_TAI,1046,TAI,174,2,1.0,1.0
final_answer,no_mlp,actor_1046_statement_TIE,1046,TIE,174,2,1.0,1.0
final_answer,no_mlp,actor_1046_statement_TSI,1046,TSI,174,2,0.5,1.0
final_answer,no_mlp,actor_1046_statement_WSI,1046,WSI,174,2,1.0,1.0
final_answer,no_mlp,actor_1047_statement_DFA,1047,DFA,174,2,1.0,1.0
final_answer,no_mlp,actor_1047_statement_IOM,1047,IOM,174,2,1.0,1.0
final_answer,no_mlp,actor_1047_statement_ITH,1047,ITH,174,2,1.0,1.0
final_answer,no_mlp,actor_1047_statement_ITS,1047,ITS,174,2,1.0,1.0
final_answer,no_mlp,actor_1047_statement_IWL,1047,IWL,174,2,1.0,1.0
final_answer,no_mlp,actor_1047_statement_IWW,1047,IWW,174,2,1.0,1.0
final_answer,no_mlp,actor_1047_statement_MTI,1047,MTI,174,2,0.5,1.0
final_answer,no_mlp,actor_1047_statement_TAI,1047,TAI,174,2,0.5,1.0
final_answer,no_mlp,actor_1047_statement_TIE,1047,TIE,174,2,1.0,1.0
final_answer,no_mlp,actor_1047_statement_TSI,1047,TSI,174,2,1.0,1.0
final_answer,no_mlp,actor_1047_statement_WSI,1047,WSI,174,2,1.0,1.0
final_answer,no_mlp,actor_1048_statement_DFA,1048,DFA,174,2,1.0,1.0
final_answer,no_mlp,actor_1048_statement_IOM,1048,IOM,174,2,1.0,1.0
final_answer,no_mlp,actor_1048_statement_ITH,1048,ITH,174,2,1.0,1.0
final_answer,no_mlp,actor_1048_statement_ITS,1048,ITS,174,2,1.0,1.0
final_answer,no_mlp,actor_1048_statement_IWL,1048,IWL,174,2,0.5,0.0
final_answer,no_mlp,actor_1048_statement_IWW,1048,IWW,174,2,1.0,1.0
final_answer,no_mlp,actor_1048_statement_MTI,1048,MTI,174,2,1.0,1.0
final_answer,no_mlp,actor_1048_statement_TAI,1048,TAI,174,2,0.5,1.0
final_answer,no_mlp,actor_1048_statement_TIE,1048,TIE,174,2,0.5,1.0
final_answer,no_mlp,actor_1048_statement_TSI,1048,TSI,174,2,0.5,1.0
final_answer,no_mlp,actor_1048_statement_WSI,1048,WSI,174,2,1.0,1.0
final_answer,no_mlp,actor_1049_statement_DFA,1049,DFA,174,2,1.0,1.0
final_answer,no_mlp,actor_1049_statement_IOM,1049,IOM,174,2,0.5,1.0
final_answer,no_mlp,actor_1049_statement_ITH,1049,ITH,174,2,1.0,1.0
final_answer,no_mlp,actor_1049_statement_ITS,1049,ITS,174,2,1.0,1.0
final_answer,no_mlp,actor_1049_statement_IWL,1049,IWL,174,2,1.0,1.0
final_answer,no_mlp,actor_1049_statement_IWW,1049,IWW,174,2,0.5,1.0
final_answer,no_mlp,actor_1049_statement_MTI,1049,MTI,174,2,1.0,1.0
final_answer,no_mlp,actor_1049_statement_TAI,1049,TAI,174,2,1.0,1.0
final_answer,no_mlp,actor_1049_statement_TIE,1049,TIE,174,2,1.0,1.0
final_answer,no_mlp,actor_1049_statement_TSI,1049,TSI,174,2,1.0,1.0
final_answer,no_mlp,actor_1049_statement_WSI,1049,WSI,174,2,1.0,1.0
final_answer,no_mlp,actor_1050_statement_DFA,1050,DFA,174,2,0.5,1.0
final_answer,no_mlp,actor_1050_statement_IOM,1050,IOM,174,2,1.0,1.0
final_answer,no_mlp,actor_1050_statement_ITH,1050,ITH,174,2,0.5,1.0
final_answer,no_mlp,actor_1050_statement_ITS,1050,ITS,174,2,1.0,1.0
final_answer,no_mlp,actor_1050_statement_IWL,1050,IWL,174,2,1.0,1.0
final_answer,no_mlp,actor_1050_statement_IWW,1050,IWW,174,2,0.0,0.0
final_answer,no_mlp,actor_1050_statement_MTI,1050,MTI,174,2,1.0,1.0
final_answer,no_mlp,actor_1050_statement_TAI,1050,TAI,174,2,1.0,1.0
final_answer,no_mlp,actor_1050_statement_TIE,1050,TIE,174,2,1.0,1.0
final_answer,no_mlp,actor_1050_statement_TSI,1050,TSI,174,2,0.0,0.0
final_answer,no_mlp,actor_1050_statement_WSI,1050,WSI,174,2,1.0,1.0
final_answer,no_mlp,actor_1051_statement_DFA,1051,DFA,174,2,1.0,1.0
final_answer,no_mlp,actor_1051_statement_IOM,1051,IOM,174,2,1.0,1.0
final_answer,no_mlp,actor_1051_statement_ITH,1051,ITH,174,2,0.5,1.0
final_answer,no_mlp,actor_1051_statement_ITS,1051,ITS,174,2,1.0,1.0
final_answer,no_mlp,actor_1051_statement_IWL,1051,IWL,174,2,1.0,1.0
final_answer,no_mlp,actor_1051_statement_IWW,1051,IWW,174,2,1.0,1.0
final_answer,no_mlp,actor_1051_statement_MTI,1051,MTI,174,2,1.0,1.0
final_answer,no_mlp,actor_1051_statement_TAI,1051,TAI,174,2,1.0,1.0
final_answer,no_mlp,actor_1051_statement_TIE,1051,TIE,174,2,0.5,1.0
final_answer,no_mlp,actor_1051_statement_TSI,1051,TSI,174,2,0.5,0.0
final_answer,no_mlp,actor_1051_statement_WSI,1051,WSI,174,2,1.0,1.0
final_answer,no_mlp,actor_1052_statement_DFA,1052,DFA,174,2,1.0,1.0
final_answer,no_mlp,actor_1052_statement_IOM,1052,IOM,174,2,1.0,1.0
final_answer,no_mlp,actor_1052_statement_ITH,1052,ITH,174,2,0.5,0.0
final_answer,no_mlp,actor_1052_statement_ITS,1052,ITS,174,2,0.5,1.0
final_answer,no_mlp,actor_1052_statement_IWL,1052,IWL,174,2,1.0,1.0
final_answer,no_mlp,actor_1052_statement_IWW,1052,IWW,174,2,0.5,1.0
final_answer,no_mlp,actor_1052_statement_MTI,1052,MTI,174,2,1.0,1.0
final_answer,no_mlp,actor_1052_statement_TAI,1052,TAI,174,2,1.0,1.0
final_answer,no_mlp,actor_1052_statement_TIE,1052,TIE,174,2,1.0,1.0
final_answer,no_mlp,actor_1052_statement_TSI,1052,TSI,174,2,1.0,1.0
final_answer,no_mlp,actor_1052_statement_WSI,1052,WSI,174,2,1.0,1.0
final_answer,no_mlp,actor_1053_statement_DFA,1053,DFA,174,2,1.0,1.0
final_answer,no_mlp,actor_1053_statement_IOM,1053,IOM,174,2,1.0,1.0
final_answer,no_mlp,actor_1053_statement_ITH,1053,ITH,174,2,0.0,0.0
final_answer,no_mlp,actor_1053_statement_ITS,1053,ITS,174,2,1.0,1.0
final_answer,no_mlp,actor_1053_statement_IWL,1053,IWL,174,2,1.0,1.0
final_answer,no_mlp,actor_1053_statement_IWW,1053,IWW,174,2,1.0,1.0
final_answer,no_mlp,actor_1053_statement_MTI,1053,MTI,174,2,1.0,1.0
final_answer,no_mlp,actor_1053_statement_TAI,1053,TAI,174,2,0.5,1.0
final_answer,no_mlp,actor_1053_statement_TIE,1053,TIE,174,2,1.0,1.0
final_answer,no_mlp,actor_1053_statement_TSI,1053,TSI,174,2,0.5,0.0
final_answer,no_mlp,actor_1053_statement_WSI,1053,WSI,174,2,1.0,1.0
final_answer,no_mlp,actor_1054_statement_DFA,1054,DFA,174,2,1.0,1.0
final_answer,no_mlp,actor_1054_statement_IOM,1054,IOM,174,2,1.0,1.0
final_answer,no_mlp,actor_1054_statement_ITH,1054,ITH,174,2,1.0,1.0
final_answer,no_mlp,actor_1054_statement_ITS,1054,ITS,174,2,1.0,1.0
final_answer,no_mlp,actor_1054_statement_IWL,1054,IWL,174,2,1.0,1.0
final_answer,no_mlp,actor_1054_statement_IWW,1054,IWW,174,2,0.0,0.0
final_answer,no_mlp,actor_1054_statement_MTI,1054,MTI,174,2,1.0,1.0
final_answer,no_mlp,actor_1054_statement_TAI,1054,TAI,174,2,0.5,1.0
final_answer,no_mlp,actor_1054_statement_TIE,1054,TIE,174,2,1.0,1.0
final_answer,no_mlp,actor_1054_statement_TSI,1054,TSI,174,2,1.0,1.0
final_answer,no_mlp,actor_1054_statement_WSI,1054,WSI,174,2,0.5,1.0
final_answer,no_mlp,actor_1055_statement_DFA,1055,DFA,174,2,1.0,1.0
final_answer,no_mlp,actor_1055_statement_IOM,1055,IOM,174,2,0.5,1.0
final_answer,no_mlp,actor_1055_statement_ITH,1055,ITH,174,2,0.5,1.0
final_answer,no_mlp,actor_1055_statement_ITS,1055,ITS,174,2,1.0,1.0
final_answer,no_mlp,actor_1055_statement_IWL,1055,IWL,174,2,1.0,1.0
final_answer,no_mlp,actor_1055_statement_IWW,1055,IWW,174,2,1.0,1.0
final_answer,no_mlp,actor_1055_statement_MTI,1055,MTI,174,2,1.0,1.0
final_answer,no_mlp,actor_1055_statement_TAI,1055,TAI,174,2,0.5,1.0
final_answer,no_mlp,actor_1055_statement_TIE,1055,TIE,174,2,0.5,1.0
final_answer,no_mlp,actor_1055_statement_TSI,1055,TSI,174,2,1.0,1.0
final_answer,no_mlp,actor_1055_statement_WSI,1055,WSI,174,2,1.0,1.0
final_answer,no_mlp,actor_1056_statement_DFA,1056,DFA,174,2,0.5,1.0
final_answer,no_mlp,actor_1056_statement_IOM,1056,IOM,174,2,1.0,1.0
final_answer,no_mlp,actor_1056_statement_ITH,1056,ITH,174,2,1.0,1.0
final_answer,no_mlp,actor_1056_statement_ITS,1056,ITS,174,2,0.5,1.0
final_answer,no_mlp,actor_1056_statement_IWL,1056,IWL,174,2,0.5,1.0
final_answer,no_mlp,actor_1056_statement_IWW,1056,IWW,174,2,1.0,1.0
final_answer,no_mlp,actor_1056_statement_MTI,1056,MTI,174,2,1.0,1.0
final_answer,no_mlp,actor_1056_statement_TAI,1056,TAI,174,2,1.0,1.0
final_answer,no_mlp,actor_1056_statement_TIE,1056,TIE,174,2,0.5,0.0
final_answer,no_mlp,actor_1056_statement_TSI,1056,TSI,174,2,1.0,1.0
final_answer,no_mlp,actor_1056_statement_WSI,1056,WSI,174,2,1.0,1.0
final_answer,no_mlp,actor_1057_statement_DFA,1057,DFA,174,2,0.5,1.0
final_answer,no_mlp,actor_1057_statement_IOM,1057,IOM,174,2,0.5,1.0
final_answer,no_mlp,actor_1057_statement_ITH,1057,ITH,174,2,0.5,0.0
final_answer,no_mlp,actor_1057_statement_ITS,1057,ITS,174,2,1.0,1.0
final_answer,no_mlp,actor_1057_statement_IWL,1057,IWL,174,2,1.0,1.0
final_answer,no_mlp,actor_1057_statement_IWW,1057,IWW,174,2,0.5,1.0
final_answer,no_mlp,actor_1057_statement_MTI,1057,MTI,174,2,1.0,1.0
final_answer,no_mlp,actor_1057_statement_TAI,1057,TAI,174,2,1.0,1.0
final_answer,no_mlp,actor_1057_statement_TIE,1057,TIE,174,2,1.0,1.0
final_answer,no_mlp,actor_1057_statement_TSI,1057,TSI,174,2,1.0,1.0
final_answer,no_mlp,actor_1057_statement_WSI,1057,WSI,174,2,1.0,1.0
final_answer,no_mlp,actor_1058_statement_DFA,1058,DFA,174,2,1.0,1.0
final_answer,no_mlp,actor_1058_statement_IOM,1058,IOM,174,2,1.0,1.0
final_answer,no_mlp,actor_1058_statement_ITH,1058,ITH,174,2,1.0,1.0
final_answer,no_mlp,actor_1058_statement_ITS,1058,ITS,174,2,1.0,1.0
final_answer,no_mlp,actor_1058_statement_IWL,1058,IWL,174,2,1.0,1.0
final_answer,no_mlp,actor_1058_statement_IWW,1058,IWW,174,2,1.0,1.0
final_answer,no_mlp,actor_1058_statement_MTI,1058,MTI,174,2,0.5,1.0
final_answer,no_mlp,actor_1058_statement_TAI,1058,TAI,174,2,1.0,1.0
final_answer,no_mlp,actor_1058_statement_TIE,1058,TIE,174,2,0.5,1.0
final_answer,no_mlp,actor_1058_statement_TSI,1058,TSI,174,2,0.5,1.0
final_answer,no_mlp,actor_1058_statement_WSI,1058,WSI,174,2,1.0,1.0
final_answer,no_mlp,actor_1059_statement_DFA,1059,DFA,174,2,1.0,1.0
final_answer,no_mlp,actor_1059_statement_IOM,1059,IOM,174,2,1.0,1.0
final_answer,no_mlp,actor_1059_statement_ITH,1059,ITH,174,2,1.0,1.0
final_answer,no_mlp,actor_1059_statement_ITS,1059,ITS,174,2,1.0,1.0
final_answer,no_mlp,actor_1059_statement_IWL,1059,IWL,174,2,1.0,1.0
final_answer,no_mlp,actor_1059_statement_IWW,1059,IWW,174,2,0.5,1.0
final_answer,no_mlp,actor_1059_statement_MTI,1059,MTI,174,2,0.5,1.0
final_answer,no_mlp,actor_1059_statement_TAI,1059,TAI,174,2,1.0,1.0
final_answer,no_mlp,actor_1059_statement_TIE,1059,TIE,174,2,1.0,1.0
final_answer,no_mlp,actor_1059_statement_TSI,1059,TSI,174,2,0.5,1.0
final_answer,no_mlp,actor_1059_statement_WSI,1059,WSI,174,2,0.5,1.0
final_answer,no_mlp,actor_1060_statement_DFA,1060,DFA,174,2,0.5,1.0
final_answer,no_mlp,actor_1060_statement_IOM,1060,IOM,174,2,1.0,1.0
final_answer,no_mlp,actor_1060_statement_ITH,1060,ITH,174,2,0.5,1.0
final_answer,no_mlp,actor_1060_statement_ITS,1060,ITS,174,2,1.0,1.0
final_answer,no_mlp,actor_1060_statement_IWL,1060,IWL,174,2,1.0,1.0
final_answer,no_mlp,actor_1060_statement_IWW,1060,IWW,174,2,1.0,1.0
final_answer,no_mlp,actor_1060_statement_MTI,1060,MTI,174,2,0.5,1.0
final_answer,no_mlp,actor_1060_statement_TAI,1060,TAI,174,2,0.5,1.0
final_answer,no_mlp,actor_1060_statement_TIE,1060,TIE,174,2,0.5,1.0
final_answer,no_mlp,actor_1060_statement_TSI,1060,TSI,174,2,0.5,1.0
final_answer,no_mlp,actor_1060_statement_WSI,1060,WSI,174,2,1.0,1.0
final_answer,no_mlp,actor_1061_statement_DFA,1061,DFA,174,2,1.0,1.0
final_answer,no_mlp,actor_1061_statement_IOM,1061,IOM,174,2,1.0,1.0
final_answer,no_mlp,actor_1061_statement_ITH,1061,ITH,174,2,1.0,1.0
final_answer,no_mlp,actor_1061_statement_ITS,1061,ITS,174,2,0.5,1.0
final_answer,no_mlp,actor_1061_statement_IWL,1061,IWL,174,2,0.5,1.0
final_answer,no_mlp,actor_1061_statement_IWW,1061,IWW,174,2,0.5,1.0
final_answer,no_mlp,actor_1061_statement_MTI,1061,MTI,174,2,1.0,1.0
final_answer,no_mlp,actor_1061_statement_TAI,1061,TAI,174,2,0.5,1.0
final_answer,no_mlp,actor_1061_statement_TIE,1061,TIE,174,2,1.0,1.0
final_answer,no_mlp,actor_1061_statement_TSI,1061,TSI,174,2,1.0,1.0
final_answer,no_mlp,actor_1061_statement_WSI,1061,WSI,174,2,1.0,1.0
final_answer,no_mlp,actor_1062_statement_DFA,1062,DFA,174,2,1.0,1.0
final_answer,no_mlp,actor_1062_statement_IOM,1062,IOM,174,2,1.0,1.0
final_answer,no_mlp,actor_1062_statement_ITH,1062,ITH,174,2,1.0,1.0
final_answer,no_mlp,actor_1062_statement_ITS,1062,ITS,174,2,1.0,1.0
final_answer,no_mlp,actor_1062_statement_IWL,1062,IWL,174,2,0.5,0.0
final_answer,no_mlp,actor_1062_statement_IWW,1062,IWW,174,2,0.5,0.0
final_answer,no_mlp,actor_1062_statement_MTI,1062,MTI,174,2,1.0,1.0
final_answer,no_mlp,actor_1062_statement_TAI,1062,TAI,174,2,1.0,1.0
final_answer,no_mlp,actor_1062_statement_TIE,1062,TIE,174,2,1.0,1.0
final_answer,no_mlp,actor_1062_statement_TSI,1062,TSI,174,2,0.5,0.0
final_answer,no_mlp,actor_1062_statement_WSI,1062,WSI,174,2,0.5,1.0
final_answer,no_mlp,actor_1063_statement_DFA,1063,DFA,174,2,1.0,1.0
final_answer,no_mlp,actor_1063_statement_IOM,1063,IOM,174,2,1.0,1.0
final_answer,no_mlp,actor_1063_statement_ITH,1063,ITH,174,2,0.5,1.0
final_answer,no_mlp,actor_1063_statement_ITS,1063,ITS,174,2,1.0,1.0
final_answer,no_mlp,actor_1063_statement_IWL,1063,IWL,174,2,1.0,1.0
final_answer,no_mlp,actor_1063_statement_IWW,1063,IWW,174,2,1.0,1.0
final_answer,no_mlp,actor_1063_statement_MTI,1063,MTI,174,2,0.5,1.0
final_answer,no_mlp,actor_1063_statement_TAI,1063,TAI,174,2,0.5,0.0
final_answer,no_mlp,actor_1063_statement_TIE,1063,TIE,174,2,0.5,1.0
final_answer,no_mlp,actor_1063_statement_TSI,1063,TSI,174,2,1.0,1.0
final_answer,no_mlp,actor_1063_statement_WSI,1063,WSI,174,2,1.0,1.0
final_answer,no_mlp,actor_1064_statement_DFA,1064,DFA,174,2,0.5,1.0
final_answer,no_mlp,actor_1064_statement_IOM,1064,IOM,174,2,1.0,1.0
final_answer,no_mlp,actor_1064_statement_ITH,1064,ITH,174,2,1.0,1.0
final_answer,no_mlp,actor_1064_statement_ITS,1064,ITS,174,2,0.5,1.0
final_answer,no_mlp,actor_1064_statement_IWL,1064,IWL,174,2,1.0,1.0
final_answer,no_mlp,actor_1064_statement_IWW,1064,IWW,174,2,0.5,1.0
final_answer,no_mlp,actor_1064_statement_MTI,1064,MTI,174,2,1.0,1.0
final_answer,no_mlp,actor_1064_statement_TAI,1064,TAI,174,2,1.0,1.0
final_answer,no_mlp,actor_1064_statement_TIE,1064,TIE,174,2,0.5,1.0
final_answer,no_mlp,actor_1064_statement_TSI,1064,TSI,174,2,1.0,1.0
final_answer,no_mlp,actor_1064_statement_WSI,1064,WSI,174,2,1.0,1.0
final_answer,no_mlp,actor_1065_statement_DFA,1065,DFA,174,2,0.5,1.0
final_answer,no_mlp,actor_1065_statement_IOM,1065,IOM,174,2,1.0,1.0
final_answer,no_mlp,actor_1065_statement_ITH,1065,ITH,174,2,1.0,1.0
final_answer,no_mlp,actor_1065_statement_ITS,1065,ITS,174,2,0.5,1.0
final_answer,no_mlp,actor_1065_statement_IWL,1065,IWL,174,2,1.0,1.0
final_answer,no_mlp,actor_1065_statement_IWW,1065,IWW,174,2,1.0,1.0
final_answer,no_mlp,actor_1065_statement_MTI,1065,MTI,174,2,0.5,1.0
final_answer,no_mlp,actor_1065_statement_TAI,1065,TAI,174,2,1.0,1.0
final_answer,no_mlp,actor_1065_statement_TIE,1065,TIE,174,2,0.5,1.0
final_answer,no_mlp,actor_1065_statement_TSI,1065,TSI,174,2,0.5,1.0
final_answer,no_mlp,actor_1065_statement_WSI,1065,WSI,174,2,1.0,1.0
final_answer,no_mlp,actor_1066_statement_DFA,1066,DFA,174,2,1.0,1.0
final_answer,no_mlp,actor_1066_statement_IOM,1066,IOM,174,2,1.0,1.0
final_answer,no_mlp,actor_1066_statement_ITH,1066,ITH,174,2,1.0,1.0
final_answer,no_mlp,actor_1066_statement_ITS,1066,ITS,174,2,1.0,1.0
final_answer,no_mlp,actor_1066_statement_IWL,1066,IWL,174,2,0.5,0.0
final_answer,no_mlp,actor_1066_statement_IWW,1066,IWW,174,2,0.5,1.0
final_answer,no_mlp,actor_1066_statement_MTI,1066,MTI,174,2,1.0,1.0
final_answer,no_mlp,actor_1066_statement_TAI,1066,TAI,174,2,0.0,0.0
final_answer,no_mlp,actor_1066_statement_TIE,1066,TIE,174,2,0.5,1.0
final_answer,no_mlp,actor_1066_statement_TSI,1066,TSI,174,2,1.0,1.0
final_answer,no_mlp,actor_1066_statement_WSI,1066,WSI,174,2,0.0,0.0
final_answer,no_mlp,actor_1067_statement_DFA,1067,DFA,174,2,1.0,1.0
final_answer,no_mlp,actor_1067_statement_IOM,1067,IOM,174,2,0.5,1.0
final_answer,no_mlp,actor_1067_statement_ITH,1067,ITH,174,2,0.5,1.0
final_answer,no_mlp,actor_1067_statement_ITS,1067,ITS,174,2,0.5,0.0
final_answer,no_mlp,actor_1067_statement_IWL,1067,IWL,174,2,0.5,1.0
final_answer,no_mlp,actor_1067_statement_IWW,1067,IWW,174,2,0.5,1.0
final_answer,no_mlp,actor_1067_statement_MTI,1067,MTI,174,2,1.0,1.0
final_answer,no_mlp,actor_1067_statement_TAI,1067,TAI,174,2,0.5,1.0
final_answer,no_mlp,actor_1067_statement_TIE,1067,TIE,174,2,1.0,1.0
final_answer,no_mlp,actor_1067_statement_TSI,1067,TSI,174,2,0.5,0.0
final_answer,no_mlp,actor_1067_statement_WSI,1067,WSI,174,2,0.5,1.0
final_answer,no_mlp,actor_1068_statement_DFA,1068,DFA,174,2,0.5,0.0
final_answer,no_mlp,actor_1068_statement_IOM,1068,IOM,174,2,0.5,1.0
final_answer,no_mlp,actor_1068_statement_ITH,1068,ITH,174,2,1.0,1.0
final_answer,no_mlp,actor_1068_statement_ITS,1068,ITS,174,2,1.0,1.0
final_answer,no_mlp,actor_1068_statement_IWL,1068,IWL,174,2,1.0,1.0
final_answer,no_mlp,actor_1068_statement_IWW,1068,IWW,174,2,1.0,1.0
final_answer,no_mlp,actor_1068_statement_MTI,1068,MTI,174,2,0.5,1.0
final_answer,no_mlp,actor_1068_statement_TAI,1068,TAI,174,2,1.0,1.0
final_answer,no_mlp,actor_1068_statement_TIE,1068,TIE,174,2,1.0,1.0
final_answer,no_mlp,actor_1068_statement_TSI,1068,TSI,174,2,1.0,1.0
final_answer,no_mlp,actor_1068_statement_WSI,1068,WSI,174,2,1.0,1.0
final_answer,no_mlp,actor_1069_statement_DFA,1069,DFA,174,2,1.0,1.0
final_answer,no_mlp,actor_1069_statement_IOM,1069,IOM,174,2,0.5,1.0
final_answer,no_mlp,actor_1069_statement_ITH,1069,ITH,174,2,1.0,1.0
final_answer,no_mlp,actor_1069_statement_ITS,1069,ITS,174,2,1.0,1.0
final_answer,no_mlp,actor_1069_statement_IWL,1069,IWL,174,2,0.5,1.0
final_answer,no_mlp,actor_1069_statement_IWW,1069,IWW,174,2,0.5,1.0
final_answer,no_mlp,actor_1069_statement_MTI,1069,MTI,174,2,1.0,1.0
final_answer,no_mlp,actor_1069_statement_TAI,1069,TAI,174,2,1.0,1.0
final_answer,no_mlp,actor_1069_statement_TIE,1069,TIE,174,2,1.0,1.0
final_answer,no_mlp,actor_1069_statement_TSI,1069,TSI,174,2,0.5,1.0
final_answer,no_mlp,actor_1069_statement_WSI,1069,WSI,174,2,0.5,0.0
final_answer,no_mlp,actor_1070_statement_DFA,1070,DFA,174,2,0.5,1.0
final_answer,no_mlp,actor_1070_statement_IOM,1070,IOM,174,2,0.5,1.0
final_answer,no_mlp,actor_1070_statement_ITH,1070,ITH,174,2,0.5,1.0
final_answer,no_mlp,actor_1070_statement_ITS,1070,ITS,174,2,0.5,1.0
final_answer,no_mlp,actor_1070_statement_IWL,1070,IWL,174,2,1.0,1.0
final_answer,no_mlp,actor_1070_statement_IWW,1070,IWW,174,2,0.5,1.0
final_answer,no_mlp,actor_1070_statement_MTI,1070,MTI,174,2,0.5,0.0
final_answer,no_mlp,actor_1070_statement_TAI,1070,TAI,174,2,0.5,0.0
final_answer,no_mlp,actor_1070_statement_TIE,1070,TIE,174,2,0.5,1.0
final_answer,no_mlp,actor_1070_statement_TSI,1070,TSI,174,2,0.5,1.0
final_answer,no_mlp,actor_1070_statement_WSI,1070,WSI,174,2,0.5,1.0
final_answer,no_mlp,actor_1071_statement_DFA,1071,DFA,174,2,1.0,1.0
final_answer,no_mlp,actor_1071_statement_IOM,1071,IOM,174,2,1.0,1.0
final_answer,no_mlp,actor_1071_statement_ITH,1071,ITH,174,2,1.0,1.0
final_answer,no_mlp,actor_1071_statement_ITS,1071,ITS,174,2,1.0,1.0
final_answer,no_mlp,actor_1071_statement_IWL,1071,IWL,174,2,1.0,1.0
final_answer,no_mlp,actor_1071_statement_IWW,1071,IWW,174,2,1.0,1.0
final_answer,no_mlp,actor_1071_statement_MTI,1071,MTI,174,2,1.0,1.0
final_answer,no_mlp,actor_1071_statement_TAI,1071,TAI,174,2,1.0,1.0
final_answer,no_mlp,actor_1071_statement_TIE,1071,TIE,174,2,0.5,1.0
final_answer,no_mlp,actor_1071_statement_TSI,1071,TSI,174,2,1.0,1.0
final_answer,no_mlp,actor_1071_statement_WSI,1071,WSI,174,2,1.0,1.0
final_answer,no_mlp,actor_1072_statement_DFA,1072,DFA,174,2,1.0,1.0
final_answer,no_mlp,actor_1072_statement_IOM,1072,IOM,174,2,1.0,1.0
final_answer,no_mlp,actor_1072_statement_ITH,1072,ITH,174,2,1.0,1.0
final_answer,no_mlp,actor_1072_statement_ITS,1072,ITS,174,2,0.5,1.0
final_answer,no_mlp,actor_1072_statement_IWL,1072,IWL,174,2,0.5,1.0
final_answer,no_mlp,actor_1072_statement_IWW,1072,IWW,174,2,0.5,1.0
final_answer,no_mlp,actor_1072_statement_MTI,1072,MTI,174,2,1.0,1.0
final_answer,no_mlp,actor_1072_statement_TAI,1072,TAI,174,2,0.5,1.0
final_answer,no_mlp,actor_1072_statement_TIE,1072,TIE,174,2,1.0,1.0
final_answer,no_mlp,actor_1072_statement_TSI,1072,TSI,174,2,0.5,1.0
final_answer,no_mlp,actor_1072_statement_WSI,1072,WSI,174,2,0.5,0.0
final_answer,no_mlp,actor_1073_statement_DFA,1073,DFA,174,2,0.5,0.0
final_answer,no_mlp,actor_1073_statement_IOM,1073,IOM,174,2,0.0,0.0
final_answer,no_mlp,actor_1073_statement_ITH,1073,ITH,174,2,0.5,0.0
final_answer,no_mlp,actor_1073_statement_ITS,1073,ITS,174,2,1.0,1.0
final_answer,no_mlp,actor_1073_statement_IWL,1073,IWL,174,2,1.0,1.0
final_answer,no_mlp,actor_1073_statement_IWW,1073,IWW,174,2,0.5,1.0
final_answer,no_mlp,actor_1073_statement_MTI,1073,MTI,174,2,1.0,1.0
final_answer,no_mlp,actor_1073_statement_TAI,1073,TAI,174,2,0.5,1.0
final_answer,no_mlp,actor_1073_statement_TIE,1073,TIE,174,2,1.0,1.0
final_answer,no_mlp,actor_1073_statement_TSI,1073,TSI,174,2,0.5,1.0
final_answer,no_mlp,actor_1073_statement_WSI,1073,WSI,174,2,1.0,1.0
final_answer,no_mlp,actor_1074_statement_DFA,1074,DFA,174,2,1.0,1.0
final_answer,no_mlp,actor_1074_statement_IOM,1074,IOM,174,2,1.0,1.0
final_answer,no_mlp,actor_1074_statement_ITH,1074,ITH,174,2,1.0,1.0
final_answer,no_mlp,actor_1074_statement_ITS,1074,ITS,174,2,0.5,1.0
final_answer,no_mlp,actor_1074_statement_IWL,1074,IWL,174,2,1.0,1.0
final_answer,no_mlp,actor_1074_statement_IWW,1074,IWW,174,2,0.5,1.0
final_answer,no_mlp,actor_1074_statement_MTI,1074,MTI,174,2,1.0,1.0
final_answer,no_mlp,actor_1074_statement_TAI,1074,TAI,174,2,1.0,1.0
final_answer,no_mlp,actor_1074_statement_TIE,1074,TIE,174,2,1.0,1.0
final_answer,no_mlp,actor_1074_statement_TSI,1074,TSI,174,2,0.5,1.0
final_answer,no_mlp,actor_1074_statement_WSI,1074,WSI,174,2,0.5,1.0
final_answer,no_mlp,actor_1075_statement_DFA,1075,DFA,174,2,1.0,1.0
final_answer,no_mlp,actor_1075_statement_IOM,1075,IOM,174,2,1.0,1.0
final_answer,no_mlp,actor_1075_statement_ITH,1075,ITH,174,2,0.5,1.0
final_answer,no_mlp,actor_1075_statement_ITS,1075,ITS,174,2,1.0,1.0
final_answer,no_mlp,actor_1075_statement_IWL,1075,IWL,174,2,1.0,1.0
final_answer,no_mlp,actor_1075_statement_IWW,1075,IWW,174,2,1.0,1.0
final_answer,no_mlp,actor_1075_statement_MTI,1075,MTI,174,2,1.0,1.0
final_answer,no_mlp,actor_1075_statement_TAI,1075,TAI,174,2,1.0,1.0
final_answer,no_mlp,actor_1075_statement_TIE,1075,TIE,174,2,1.0,1.0
final_answer,no_mlp,actor_1075_statement_TSI,1075,TSI,174,2,1.0,1.0
final_answer,no_mlp,actor_1075_statement_WSI,1075,WSI,174,2,1.0,1.0
final_answer,no_mlp,actor_1076_statement_DFA,1076,DFA,174,2,1.0,1.0
final_answer,no_mlp,actor_1076_statement_IOM,1076,IOM,174,2,1.0,1.0
final_answer,no_mlp,actor_1076_statement_ITH,1076,ITH,174,2,0.5,1.0
final_answer,no_mlp,actor_1076_statement_ITS,1076,ITS,174,2,0.5,1.0
final_answer,no_mlp,actor_1076_statement_IWL,1076,IWL,174,2,1.0,1.0
final_answer,no_mlp,actor_1076_statement_IWW,1076,IWW,174,2,0.5,0.0
final_answer,no_mlp,actor_1076_statement_MTI,1076,MTI,174,2,0.5,0.0
final_answer,no_mlp,actor_1076_statement_TAI,1076,TAI,174,2,1.0,1.0
final_answer,no_mlp,actor_1076_statement_TIE,1076,TIE,174,2,0.5,1.0
final_answer,no_mlp,actor_1076_statement_TSI,1076,TSI,174,2,1.0,1.0
final_answer,no_mlp,actor_1076_statement_WSI,1076,WSI,174,2,1.0,1.0
final_answer,no_mlp,actor_1077_statement_DFA,1077,DFA,174,2,1.0,1.0
final_answer,no_mlp,actor_1077_statement_IOM,1077,IOM,174,2,1.0,1.0
final_answer,no_mlp,actor_1077_statement_ITH,1077,ITH,174,2,0.5,0.0
final_answer,no_mlp,actor_1077_statement_ITS,1077,ITS,174,2,1.0,1.0
final_answer,no_mlp,actor_1077_statement_IWL,1077,IWL,174,2,1.0,1.0
final_answer,no_mlp,actor_1077_statement_IWW,1077,IWW,174,2,1.0,1.0
final_answer,no_mlp,actor_1077_statement_MTI,1077,MTI,174,2,1.0,1.0
final_answer,no_mlp,actor_1077_statement_TAI,1077,TAI,174,2,1.0,1.0
final_answer,no_mlp,actor_1077_statement_TIE,1077,TIE,174,2,0.5,0.0
final_answer,no_mlp,actor_1077_statement_TSI,1077,TSI,174,2,0.0,0.0
final_answer,no_mlp,actor_1077_statement_WSI,1077,WSI,174,2,0.5,1.0
final_answer,no_mlp,actor_1078_statement_DFA,1078,DFA,174,2,1.0,1.0
final_answer,no_mlp,actor_1078_statement_IOM,1078,IOM,174,2,1.0,1.0
final_answer,no_mlp,actor_1078_statement_ITH,1078,ITH,174,2,1.0,1.0
final_answer,no_mlp,actor_1078_statement_ITS,1078,ITS,174,2,1.0,1.0
final_answer,no_mlp,actor_1078_statement_IWL,1078,IWL,174,2,1.0,1.0
final_answer,no_mlp,actor_1078_statement_IWW,1078,IWW,174,2,1.0,1.0
final_answer,no_mlp,actor_1078_statement_MTI,1078,MTI,174,2,1.0,1.0
final_answer,no_mlp,actor_1078_statement_TAI,1078,TAI,174,2,1.0,1.0
final_answer,no_mlp,actor_1078_statement_TIE,1078,TIE,174,2,1.0,1.0
final_answer,no_mlp,actor_1078_statement_TSI,1078,TSI,174,2,1.0,1.0
final_answer,no_mlp,actor_1078_statement_WSI,1078,WSI,174,2,1.0,1.0
final_answer,no_mlp,actor_1079_statement_DFA,1079,DFA,174,2,1.0,1.0
final_answer,no_mlp,actor_1079_statement_IOM,1079,IOM,174,2,1.0,1.0
final_answer,no_mlp,actor_1079_statement_ITH,1079,ITH,174,2,1.0,1.0
final_answer,no_mlp,actor_1079_statement_ITS,1079,ITS,174,2,1.0,1.0
final_answer,no_mlp,actor_1079_statement_IWL,1079,IWL,174,2,0.5,1.0
final_answer,no_mlp,actor_1079_statement_IWW,1079,IWW,174,2,1.0,1.0
final_answer,no_mlp,actor_1079_statement_MTI,1079,MTI,174,2,0.5,1.0
final_answer,no_mlp,actor_1079_statement_TAI,1079,TAI,174,2,1.0,1.0
final_answer,no_mlp,actor_1079_statement_TIE,1079,TIE,174,2,0.5,1.0
final_answer,no_mlp,actor_1079_statement_TSI,1079,TSI,174,2,0.5,1.0
final_answer,no_mlp,actor_1079_statement_WSI,1079,WSI,174,2,0.5,1.0
final_answer,no_mlp,actor_1080_statement_DFA,1080,DFA,174,2,1.0,1.0
final_answer,no_mlp,actor_1080_statement_IOM,1080,IOM,174,2,1.0,1.0
final_answer,no_mlp,actor_1080_statement_ITH,1080,ITH,174,2,1.0,1.0
final_answer,no_mlp,actor_1080_statement_ITS,1080,ITS,174,2,1.0,1.0
final_answer,no_mlp,actor_1080_statement_IWL,1080,IWL,174,2,1.0,1.0
final_answer,no_mlp,actor_1080_statement_IWW,1080,IWW,174,2,1.0,1.0
final_answer,no_mlp,actor_1080_statement_MTI,1080,MTI,174,2,1.0,1.0
final_answer,no_mlp,actor_1080_statement_TAI,1080,TAI,174,2,1.0,1.0
final_answer,no_mlp,actor_1080_statement_TIE,1080,TIE,174,2,1.0,1.0
final_answer,no_mlp,actor_1080_statement_TSI,1080,TSI,174,2,1.0,1.0
final_answer,no_mlp,actor_1080_statement_WSI,1080,WSI,174,2,1.0,1.0
final_answer,no_mlp,actor_1081_statement_DFA,1081,DFA,174,2,1.0,1.0
final_answer,no_mlp,actor_1081_statement_IOM,1081,IOM,174,2,1.0,1.0
final_answer,no_mlp,actor_1081_statement_ITH,1081,ITH,174,2,1.0,1.0
final_answer,no_mlp,actor_1081_statement_ITS,1081,ITS,174,2,1.0,1.0
final_answer,no_mlp,actor_1081_statement_IWL,1081,IWL,174,2,1.0,1.0
final_answer,no_mlp,actor_1081_statement_IWW,1081,IWW,174,2,1.0,1.0
final_answer,no_mlp,actor_1081_statement_MTI,1081,MTI,174,2,1.0,1.0
final_answer,no_mlp,actor_1081_statement_TAI,1081,TAI,174,2,1.0,1.0
final_answer,no_mlp,actor_1081_statement_TIE,1081,TIE,174,2,1.0,1.0
final_answer,no_mlp,actor_1081_statement_TSI,1081,TSI,174,2,1.0,1.0
final_answer,no_mlp,actor_1081_statement_WSI,1081,WSI,174,2,1.0,1.0
final_answer,no_mlp,actor_1082_statement_DFA,1082,DFA,174,2,1.0,1.0
final_answer,no_mlp,actor_1082_statement_IOM,1082,IOM,174,2,1.0,1.0
final_answer,no_mlp,actor_1082_statement_ITH,1082,ITH,174,2,0.5,1.0
final_answer,no_mlp,actor_1082_statement_ITS,1082,ITS,174,2,0.5,1.0
final_answer,no_mlp,actor_1082_statement_IWL,1082,IWL,174,2,1.0,1.0
final_answer,no_mlp,actor_1082_statement_IWW,1082,IWW,174,2,0.5,1.0
final_answer,no_mlp,actor_1082_statement_MTI,1082,MTI,174,2,1.0,1.0
final_answer,no_mlp,actor_1082_statement_TAI,1082,TAI,174,2,0.5,1.0
final_answer,no_mlp,actor_1082_statement_TIE,1082,TIE,174,2,0.5,1.0
final_answer,no_mlp,actor_1082_statement_TSI,1082,TSI,174,2,1.0,1.0
final_answer,no_mlp,actor_1082_statement_WSI,1082,WSI,174,2,1.0,1.0
final_answer,no_mlp,actor_1083_statement_DFA,1083,DFA,174,2,0.5,0.0
final_answer,no_mlp,actor_1083_statement_IOM,1083,IOM,174,2,1.0,1.0
final_answer,no_mlp,actor_1083_statement_ITH,1083,ITH,174,2,0.5,1.0
final_answer,no_mlp,actor_1083_statement_ITS,1083,ITS,174,2,1.0,1.0
final_answer,no_mlp,actor_1083_statement_IWL,1083,IWL,174,2,0.5,1.0
final_answer,no_mlp,actor_1083_statement_IWW,1083,IWW,174,2,1.0,1.0
final_answer,no_mlp,actor_1083_statement_MTI,1083,MTI,174,2,1.0,1.0
final_answer,no_mlp,actor_1083_statement_TAI,1083,TAI,174,2,0.0,0.0
final_answer,no_mlp,actor_1083_statement_TIE,1083,TIE,174,2,0.5,1.0
final_answer,no_mlp,actor_1083_statement_TSI,1083,TSI,174,2,1.0,1.0
final_answer,no_mlp,actor_1083_statement_WSI,1083,WSI,174,2,0.5,1.0
final_answer,no_mlp,actor_1084_statement_DFA,1084,DFA,174,2,0.5,0.0
final_answer,no_mlp,actor_1084_statement_IOM,1084,IOM,174,2,1.0,1.0
final_answer,no_mlp,actor_1084_statement_ITH,1084,ITH,174,2,0.5,1.0
final_answer,no_mlp,actor_1084_statement_ITS,1084,ITS,174,2,0.5,1.0
final_answer,no_mlp,actor_1084_statement_IWL,1084,IWL,174,2,1.0,1.0
final_answer,no_mlp,actor_1084_statement_IWW,1084,IWW,174,2,1.0,1.0
final_answer,no_mlp,actor_1084_statement_MTI,1084,MTI,174,2,0.5,1.0
final_answer,no_mlp,actor_1084_statement_TAI,1084,TAI,174,2,0.5,1.0
final_answer,no_mlp,actor_1084_statement_TIE,1084,TIE,174,2,1.0,1.0
final_answer,no_mlp,actor_1084_statement_TSI,1084,TSI,174,2,0.5,1.0
final_answer,no_mlp,actor_1084_statement_WSI,1084,WSI,174,2,1.0,1.0
final_answer,no_mlp,actor_1085_statement_DFA,1085,DFA,174,2,1.0,1.0
final_answer,no_mlp,actor_1085_statement_IOM,1085,IOM,174,2,1.0,1.0
final_answer,no_mlp,actor_1085_statement_ITH,1085,ITH,174,2,0.5,1.0
final_answer,no_mlp,actor_1085_statement_ITS,1085,ITS,174,2,1.0,1.0
final_answer,no_mlp,actor_1085_statement_IWL,1085,IWL,174,2,1.0,1.0
final_answer,no_mlp,actor_1085_statement_IWW,1085,IWW,174,2,1.0,1.0
final_answer,no_mlp,actor_1085_statement_MTI,1085,MTI,174,2,1.0,1.0
final_answer,no_mlp,actor_1085_statement_TAI,1085,TAI,174,2,0.5,1.0
final_answer,no_mlp,actor_1085_statement_TIE,1085,TIE,174,2,1.0,1.0
final_answer,no_mlp,actor_1085_statement_TSI,1085,TSI,174,2,1.0,1.0
final_answer,no_mlp,actor_1085_statement_WSI,1085,WSI,174,2,1.0,1.0
final_answer,no_mlp,actor_1086_statement_DFA,1086,DFA,174,2,1.0,1.0
final_answer,no_mlp,actor_1086_statement_IOM,1086,IOM,174,2,1.0,1.0
final_answer,no_mlp,actor_1086_statement_ITH,1086,ITH,174,2,1.0,1.0
final_answer,no_mlp,actor_1086_statement_ITS,1086,ITS,174,2,1.0,1.0
final_answer,no_mlp,actor_1086_statement_IWL,1086,IWL,174,2,0.5,0.0
final_answer,no_mlp,actor_1086_statement_IWW,1086,IWW,174,2,1.0,1.0
final_answer,no_mlp,actor_1086_statement_MTI,1086,MTI,174,2,0.5,0.0
final_answer,no_mlp,actor_1086_statement_TAI,1086,TAI,174,2,1.0,1.0
final_answer,no_mlp,actor_1086_statement_TIE,1086,TIE,174,2,1.0,1.0
final_answer,no_mlp,actor_1086_statement_TSI,1086,TSI,174,2,0.5,1.0
final_answer,no_mlp,actor_1086_statement_WSI,1086,WSI,174,2,0.5,0.0
final_answer,no_mlp,actor_1087_statement_DFA,1087,DFA,174,2,1.0,1.0
final_answer,no_mlp,actor_1087_statement_IOM,1087,IOM,174,2,0.5,1.0
final_answer,no_mlp,actor_1087_statement_ITH,1087,ITH,174,2,0.5,0.0
final_answer,no_mlp,actor_1087_statement_ITS,1087,ITS,174,2,0.5,1.0
final_answer,no_mlp,actor_1087_statement_IWL,1087,IWL,174,2,1.0,1.0
final_answer,no_mlp,actor_1087_statement_IWW,1087,IWW,174,2,0.5,0.0
final_answer,no_mlp,actor_1087_statement_MTI,1087,MTI,174,2,0.5,1.0
final_answer,no_mlp,actor_1087_statement_TAI,1087,TAI,174,2,1.0,1.0
final_answer,no_mlp,actor_1087_statement_TIE,1087,TIE,174,2,0.5,0.0
final_answer,no_mlp,actor_1087_statement_TSI,1087,TSI,174,2,1.0,1.0
final_answer,no_mlp,actor_1087_statement_WSI,1087,WSI,174,2,0.5,1.0
final_answer,no_mlp,actor_1088_statement_DFA,1088,DFA,174,2,1.0,1.0
final_answer,no_mlp,actor_1088_statement_IOM,1088,IOM,174,2,0.5,1.0
final_answer,no_mlp,actor_1088_statement_ITH,1088,ITH,174,2,1.0,1.0
final_answer,no_mlp,actor_1088_statement_ITS,1088,ITS,174,2,1.0,1.0
final_answer,no_mlp,actor_1088_statement_IWL,1088,IWL,174,2,1.0,1.0
final_answer,no_mlp,actor_1088_statement_IWW,1088,IWW,174,2,1.0,1.0
final_answer,no_mlp,actor_1088_statement_MTI,1088,MTI,174,2,0.5,1.0
final_answer,no_mlp,actor_1088_statement_TAI,1088,TAI,174,2,1.0,1.0
final_answer,no_mlp,actor_1088_statement_TIE,1088,TIE,174,2,1.0,1.0
final_answer,no_mlp,actor_1088_statement_TSI,1088,TSI,174,2,0.5,1.0
final_answer,no_mlp,actor_1088_statement_WSI,1088,WSI,174,2,1.0,1.0
final_answer,no_mlp,actor_1089_statement_DFA,1089,DFA,174,2,1.0,1.0
final_answer,no_mlp,actor_1089_statement_IOM,1089,IOM,174,2,1.0,1.0
final_answer,no_mlp,actor_1089_statement_ITH,1089,ITH,174,2,1.0,1.0
final_answer,no_mlp,actor_1089_statement_ITS,1089,ITS,174,2,1.0,1.0
final_answer,no_mlp,actor_1089_statement_IWL,1089,IWL,174,2,1.0,1.0
final_answer,no_mlp,actor_1089_statement_IWW,1089,IWW,174,2,1.0,1.0
final_answer,no_mlp,actor_1089_statement_MTI,1089,MTI,174,2,0.5,1.0
final_answer,no_mlp,actor_1089_statement_TAI,1089,TAI,174,2,1.0,1.0
final_answer,no_mlp,actor_1089_statement_TIE,1089,TIE,174,2,0.5,1.0
final_answer,no_mlp,actor_1089_statement_TSI,1089,TSI,174,2,0.5,1.0
final_answer,no_mlp,actor_1089_statement_WSI,1089,WSI,174,2,1.0,1.0
final_answer,no_mlp,actor_1090_statement_DFA,1090,DFA,174,2,1.0,1.0
final_answer,no_mlp,actor_1090_statement_IOM,1090,IOM,174,2,1.0,1.0
final_answer,no_mlp,actor_1090_statement_ITH,1090,ITH,174,2,1.0,1.0
final_answer,no_mlp,actor_1090_statement_ITS,1090,ITS,174,2,0.5,1.0
final_answer,no_mlp,actor_1090_statement_IWL,1090,IWL,174,2,0.5,1.0
final_answer,no_mlp,actor_1090_statement_IWW,1090,IWW,174,2,1.0,1.0
final_answer,no_mlp,actor_1090_statement_MTI,1090,MTI,174,2,1.0,1.0
final_answer,no_mlp,actor_1090_statement_TAI,1090,TAI,174,2,1.0,1.0
final_answer,no_mlp,actor_1090_statement_TIE,1090,TIE,174,2,1.0,1.0
final_answer,no_mlp,actor_1090_statement_TSI,1090,TSI,174,2,1.0,1.0
final_answer,no_mlp,actor_1090_statement_WSI,1090,WSI,174,2,0.5,1.0
final_answer,no_mlp,actor_1091_statement_DFA,1091,DFA,174,2,1.0,1.0
final_answer,no_mlp,actor_1091_statement_IOM,1091,IOM,174,2,1.0,1.0
final_answer,no_mlp,actor_1091_statement_ITH,1091,ITH,174,2,1.0,1.0
final_answer,no_mlp,actor_1091_statement_ITS,1091,ITS,174,2,1.0,1.0
final_answer,no_mlp,actor_1091_statement_IWL,1091,IWL,174,2,1.0,1.0
final_answer,no_mlp,actor_1091_statement_IWW,1091,IWW,174,2,0.5,1.0
final_answer,no_mlp,actor_1091_statement_MTI,1091,MTI,174,2,0.5,1.0
final_answer,no_mlp,actor_1091_statement_TAI,1091,TAI,174,2,1.0,1.0
final_answer,no_mlp,actor_1091_statement_TIE,1091,TIE,174,2,0.5,0.0
final_answer,no_mlp,actor_1091_statement_TSI,1091,TSI,174,2,1.0,1.0
final_answer,no_mlp,actor_1091_statement_WSI,1091,WSI,174,2,1.0,1.0
