sample_id,pair_id,actor,statement,repetition,intensity,emotion,donor_sample_id,donor_sign,condition,component,restore_layers,clean_margin,patched_margin,restored_margin,patch_effect,remaining_effect,mediated_effect
pair_0000_happy,pair_0000,01,01,01,01,happy,pair_0000_sad,-1,v_audio_joint,v,"[18, 19, 20, 21, 22, 23]",-4.591665744781494,-4.7230024337768555,-4.625507354736328,0.13133668899536133,0.033841609954833984,0.09749507904052734
pair_0000_happy,pair_0000,01,01,01,01,happy,pair_0000_sad,-1,v_prompt_joint,v,"[18, 19, 20, 21, 22, 23]",-4.591665744781494,-4.7230024337768555,-4.7230024337768555,0.13133668899536133,0.13133668899536133,-0.0
pair_0000_happy,pair_0000,01,01,01,01,happy,pair_0000_sad,-1,v_other_joint,v,"[18, 19, 20, 21, 22, 23]",-4.591665744781494,-4.7230024337768555,-4.733625411987305,0.13133668899536133,0.14195966720581055,-0.010622978210449219
pair_0000_happy,pair_0000,01,01,01,01,happy,pair_0000_sad,-1,v_non_audio_joint,v,"[18, 19, 20, 21, 22, 23]",-4.591665744781494,-4.7230024337768555,-4.733625411987305,0.13133668899536133,0.14195966720581055,-0.010622978210449219
pair_0000_happy,pair_0000,01,01,01,01,happy,pair_0000_sad,-1,v_decision_joint,v,"[18, 19, 20, 21, 22, 23]",-4.591665744781494,-4.7230024337768555,-4.733588695526123,0.13133668899536133,0.1419229507446289,-0.010586261749267578
pair_0000_happy,pair_0000,01,01,01,01,happy,pair_0000_sad,-1,v_post_audio_marker_joint,v,"[18, 19, 20, 21, 22, 23]",-4.591665744781494,-4.7230024337768555,-4.7230377197265625,0.13133668899536133,0.13137197494506836,-3.528594970703125e-05
pair_0000_happy,pair_0000,01,01,01,01,happy,pair_0000_sad,-1,v_all_joint,v,"[18, 19, 20, 21, 22, 23]",-4.591665744781494,-4.7230024337768555,-4.621838569641113,0.13133668899536133,0.03017282485961914,0.10116386413574219
pair_0000_sad,pair_0000,01,01,01,01,sad,pair_0000_happy,1,v_audio_joint,v,"[18, 19, 20, 21, 22, 23]",-4.472484111785889,-4.368217468261719,-4.382829666137695,0.10426664352416992,0.08965444564819336,0.014612197875976562
pair_0000_sad,pair_0000,01,01,01,01,sad,pair_0000_happy,1,v_prompt_joint,v,"[18, 19, 20, 21, 22, 23]",-4.472484111785889,-4.368217468261719,-4.368217468261719,0.10426664352416992,0.10426664352416992,0.0
pair_0000_sad,pair_0000,01,01,01,01,sad,pair_0000_happy,1,v_other_joint,v,"[18, 19, 20, 21, 22, 23]",-4.472484111785889,-4.368217468261719,-4.356226444244385,0.10426664352416992,0.1162576675415039,-0.011991024017333984
pair_0000_sad,pair_0000,01,01,01,01,sad,pair_0000_happy,1,v_non_audio_joint,v,"[18, 19, 20, 21, 22, 23]",-4.472484111785889,-4.368217468261719,-4.356226444244385,0.10426664352416992,0.1162576675415039,-0.011991024017333984
pair_0000_sad,pair_0000,01,01,01,01,sad,pair_0000_happy,1,v_decision_joint,v,"[18, 19, 20, 21, 22, 23]",-4.472484111785889,-4.368217468261719,-4.356276512145996,0.10426664352416992,0.11620759963989258,-0.011940956115722656
pair_0000_sad,pair_0000,01,01,01,01,sad,pair_0000_happy,1,v_post_audio_marker_joint,v,"[18, 19, 20, 21, 22, 23]",-4.472484111785889,-4.368217468261719,-4.36816930770874,0.10426664352416992,0.10431480407714844,-4.8160552978515625e-05
pair_0000_sad,pair_0000,01,01,01,01,sad,pair_0000_happy,1,v_all_joint,v,"[18, 19, 20, 21, 22, 23]",-4.472484111785889,-4.368217468261719,-4.376524925231934,0.10426664352416992,0.09595918655395508,0.008307456970214844
pair_0001_happy,pair_0001,01,01,02,01,happy,pair_0001_sad,-1,v_audio_joint,v,"[18, 19, 20, 21, 22, 23]",-4.798401832580566,-4.856759071350098,-4.846764087677002,0.05835723876953125,0.04836225509643555,0.009994983673095703
pair_0001_happy,pair_0001,01,01,02,01,happy,pair_0001_sad,-1,v_prompt_joint,v,"[18, 19, 20, 21, 22, 23]",-4.798401832580566,-4.856759071350098,-4.856759071350098,0.05835723876953125,0.05835723876953125,-0.0
pair_0001_happy,pair_0001,01,01,02,01,happy,pair_0001_sad,-1,v_other_joint,v,"[18, 19, 20, 21, 22, 23]",-4.798401832580566,-4.856759071350098,-4.857651710510254,0.05835723876953125,0.0592498779296875,-0.00089263916015625
pair_0001_happy,pair_0001,01,01,02,01,happy,pair_0001_sad,-1,v_non_audio_joint,v,"[18, 19, 20, 21, 22, 23]",-4.798401832580566,-4.856759071350098,-4.857651710510254,0.05835723876953125,0.0592498779296875,-0.00089263916015625
pair_0001_happy,pair_0001,01,01,02,01,happy,pair_0001_sad,-1,v_decision_joint,v,"[18, 19, 20, 21, 22, 23]",-4.798401832580566,-4.856759071350098,-4.857658386230469,0.05835723876953125,0.059256553649902344,-0.0008993148803710938
pair_0001_happy,pair_0001,01,01,02,01,happy,pair_0001_sad,-1,v_post_audio_marker_joint,v,"[18, 19, 20, 21, 22, 23]",-4.798401832580566,-4.856759071350098,-4.856745719909668,0.05835723876953125,0.05834388732910156,1.33514404296875e-05
pair_0001_happy,pair_0001,01,01,02,01,happy,pair_0001_sad,-1,v_all_joint,v,"[18, 19, 20, 21, 22, 23]",-4.798401832580566,-4.856759071350098,-4.841734886169434,0.05835723876953125,0.04333305358886719,0.015024185180664062
pair_0001_sad,pair_0001,01,01,02,01,sad,pair_0001_happy,1,v_audio_joint,v,"[18, 19, 20, 21, 22, 23]",-4.81397819519043,-4.774052143096924,-4.919282913208008,0.03992605209350586,-0.10530471801757812,0.14523077011108398
pair_0001_sad,pair_0001,01,01,02,01,sad,pair_0001_happy,1,v_prompt_joint,v,"[18, 19, 20, 21, 22, 23]",-4.81397819519043,-4.774052143096924,-4.774052143096924,0.03992605209350586,0.03992605209350586,0.0
pair_0001_sad,pair_0001,01,01,02,01,sad,pair_0001_happy,1,v_other_joint,v,"[18, 19, 20, 21, 22, 23]",-4.81397819519043,-4.774052143096924,-4.772141933441162,0.03992605209350586,0.04183626174926758,-0.0019102096557617188
pair_0001_sad,pair_0001,01,01,02,01,sad,pair_0001_happy,1,v_non_audio_joint,v,"[18, 19, 20, 21, 22, 23]",-4.81397819519043,-4.774052143096924,-4.772141933441162,0.03992605209350586,0.04183626174926758,-0.0019102096557617188
pair_0001_sad,pair_0001,01,01,02,01,sad,pair_0001_happy,1,v_decision_joint,v,"[18, 19, 20, 21, 22, 23]",-4.81397819519043,-4.774052143096924,-4.772137641906738,0.03992605209350586,0.041840553283691406,-0.0019145011901855469
pair_0001_sad,pair_0001,01,01,02,01,sad,pair_0001_happy,1,v_post_audio_marker_joint,v,"[18, 19, 20, 21, 22, 23]",-4.81397819519043,-4.774052143096924,-4.774060249328613,0.03992605209350586,0.039917945861816406,8.106231689453125e-06
pair_0001_sad,pair_0001,01,01,02,01,sad,pair_0001_happy,1,v_all_joint,v,"[18, 19, 20, 21, 22, 23]",-4.81397819519043,-4.774052143096924,-4.9160661697387695,0.03992605209350586,-0.10208797454833984,0.1420140266418457
pair_0002_happy,pair_0002,01,02,01,01,happy,pair_0002_sad,-1,v_audio_joint,v,"[18, 19, 20, 21, 22, 23]",-3.534588098526001,-3.6721723079681396,-3.410766839981079,0.13758420944213867,-0.12382125854492188,0.26140546798706055
pair_0002_happy,pair_0002,01,02,01,01,happy,pair_0002_sad,-1,v_prompt_joint,v,"[18, 19, 20, 21, 22, 23]",-3.534588098526001,-3.6721723079681396,-3.6721723079681396,0.13758420944213867,0.13758420944213867,-0.0
pair_0002_happy,pair_0002,01,02,01,01,happy,pair_0002_sad,-1,v_other_joint,v,"[18, 19, 20, 21, 22, 23]",-3.534588098526001,-3.6721723079681396,-3.6705496311187744,0.13758420944213867,0.13596153259277344,0.0016226768493652344
pair_0002_happy,pair_0002,01,02,01,01,happy,pair_0002_sad,-1,v_non_audio_joint,v,"[18, 19, 20, 21, 22, 23]",-3.534588098526001,-3.6721723079681396,-3.6705496311187744,0.13758420944213867,0.13596153259277344,0.0016226768493652344
pair_0002_happy,pair_0002,01,02,01,01,happy,pair_0002_sad,-1,v_decision_joint,v,"[18, 19, 20, 21, 22, 23]",-3.534588098526001,-3.6721723079681396,-3.6705832481384277,0.13758420944213867,0.13599514961242676,0.001589059829711914
pair_0002_happy,pair_0002,01,02,01,01,happy,pair_0002_sad,-1,v_post_audio_marker_joint,v,"[18, 19, 20, 21, 22, 23]",-3.534588098526001,-3.6721723079681396,-3.672147512435913,0.13758420944213867,0.1375594139099121,2.47955322265625e-05
pair_0002_happy,pair_0002,01,02,01,01,happy,pair_0002_sad,-1,v_all_joint,v,"[18, 19, 20, 21, 22, 23]",-3.534588098526001,-3.6721723079681396,-3.395200490951538,0.13758420944213867,-0.1393876075744629,0.27697181701660156
pair_0002_sad,pair_0002,01,02,01,01,sad,pair_0002_happy,1,v_audio_joint,v,"[18, 19, 20, 21, 22, 23]",-3.9419286251068115,-3.8145644664764404,-3.878784418106079,0.1273641586303711,0.06314420700073242,0.06421995162963867
pair_0002_sad,pair_0002,01,02,01,01,sad,pair_0002_happy,1,v_prompt_joint,v,"[18, 19, 20, 21, 22, 23]",-3.9419286251068115,-3.8145644664764404,-3.8145644664764404,0.1273641586303711,0.1273641586303711,0.0
pair_0002_sad,pair_0002,01,02,01,01,sad,pair_0002_happy,1,v_other_joint,v,"[18, 19, 20, 21, 22, 23]",-3.9419286251068115,-3.8145644664764404,-3.8150434494018555,0.1273641586303711,0.12688517570495605,0.00047898292541503906
pair_0002_sad,pair_0002,01,02,01,01,sad,pair_0002_happy,1,v_non_audio_joint,v,"[18, 19, 20, 21, 22, 23]",-3.9419286251068115,-3.8145644664764404,-3.8150434494018555,0.1273641586303711,0.12688517570495605,0.00047898292541503906
pair_0002_sad,pair_0002,01,02,01,01,sad,pair_0002_happy,1,v_decision_joint,v,"[18, 19, 20, 21, 22, 23]",-3.9419286251068115,-3.8145644664764404,-3.8150153160095215,0.1273641586303711,0.12691330909729004,0.0004508495330810547
pair_0002_sad,pair_0002,01,02,01,01,sad,pair_0002_happy,1,v_post_audio_marker_joint,v,"[18, 19, 20, 21, 22, 23]",-3.9419286251068115,-3.8145644664764404,-3.8145856857299805,0.1273641586303711,0.12734293937683105,2.1219253540039062e-05
pair_0002_sad,pair_0002,01,02,01,01,sad,pair_0002_happy,1,v_all_joint,v,"[18, 19, 20, 21, 22, 23]",-3.9419286251068115,-3.8145644664764404,-3.885540723800659,0.1273641586303711,0.056387901306152344,0.07097625732421875
pair_0003_happy,pair_0003,01,02,02,01,happy,pair_0003_sad,-1,v_audio_joint,v,"[18, 19, 20, 21, 22, 23]",-3.50520396232605,-3.617319107055664,-3.5777664184570312,0.11211514472961426,0.07256245613098145,0.03955268859863281
pair_0003_happy,pair_0003,01,02,02,01,happy,pair_0003_sad,-1,v_prompt_joint,v,"[18, 19, 20, 21, 22, 23]",-3.50520396232605,-3.617319107055664,-3.617319107055664,0.11211514472961426,0.11211514472961426,-0.0
pair_0003_happy,pair_0003,01,02,02,01,happy,pair_0003_sad,-1,v_other_joint,v,"[18, 19, 20, 21, 22, 23]",-3.50520396232605,-3.617319107055664,-3.61600399017334,0.11211514472961426,0.11080002784729004,0.0013151168823242188
pair_0003_happy,pair_0003,01,02,02,01,happy,pair_0003_sad,-1,v_non_audio_joint,v,"[18, 19, 20, 21, 22, 23]",-3.50520396232605,-3.617319107055664,-3.61600399017334,0.11211514472961426,0.11080002784729004,0.0013151168823242188
pair_0003_happy,pair_0003,01,02,02,01,happy,pair_0003_sad,-1,v_decision_joint,v,"[18, 19, 20, 21, 22, 23]",-3.50520396232605,-3.617319107055664,-3.6160309314727783,0.11211514472961426,0.11082696914672852,0.0012881755828857422
pair_0003_happy,pair_0003,01,02,02,01,happy,pair_0003_sad,-1,v_post_audio_marker_joint,v,"[18, 19, 20, 21, 22, 23]",-3.50520396232605,-3.617319107055664,-3.617295026779175,0.11211514472961426,0.112091064453125,2.4080276489257812e-05
pair_0003_happy,pair_0003,01,02,02,01,happy,pair_0003_sad,-1,v_all_joint,v,"[18, 19, 20, 21, 22, 23]",-3.50520396232605,-3.617319107055664,-3.5663022994995117,0.11211514472961426,0.061098337173461914,0.051016807556152344
pair_0003_sad,pair_0003,01,02,02,01,sad,pair_0003_happy,1,v_audio_joint,v,"[18, 19, 20, 21, 22, 23]",-3.6038966178894043,-3.4725728034973145,-3.0318169593811035,0.13132381439208984,0.5720796585083008,-0.44075584411621094
pair_0003_sad,pair_0003,01,02,02,01,sad,pair_0003_happy,1,v_prompt_joint,v,"[18, 19, 20, 21, 22, 23]",-3.6038966178894043,-3.4725728034973145,-3.4725728034973145,0.13132381439208984,0.13132381439208984,0.0
pair_0003_sad,pair_0003,01,02,02,01,sad,pair_0003_happy,1,v_other_joint,v,"[18, 19, 20, 21, 22, 23]",-3.6038966178894043,-3.4725728034973145,-3.474757432937622,0.13132381439208984,0.12913918495178223,0.002184629440307617
pair_0003_sad,pair_0003,01,02,02,01,sad,pair_0003_happy,1,v_non_audio_joint,v,"[18, 19, 20, 21, 22, 23]",-3.6038966178894043,-3.4725728034973145,-3.474757432937622,0.13132381439208984,0.12913918495178223,0.002184629440307617
pair_0003_sad,pair_0003,01,02,02,01,sad,pair_0003_happy,1,v_decision_joint,v,"[18, 19, 20, 21, 22, 23]",-3.6038966178894043,-3.4725728034973145,-3.4747328758239746,0.13132381439208984,0.1291637420654297,0.0021600723266601562
pair_0003_sad,pair_0003,01,02,02,01,sad,pair_0003_happy,1,v_post_audio_marker_joint,v,"[18, 19, 20, 21, 22, 23]",-3.6038966178894043,-3.4725728034973145,-3.4725921154022217,0.13132381439208984,0.13130450248718262,1.9311904907226562e-05
pair_0003_sad,pair_0003,01,02,02,01,sad,pair_0003_happy,1,v_all_joint,v,"[18, 19, 20, 21, 22, 23]",-3.6038966178894043,-3.4725728034973145,-3.053466320037842,0.13132381439208984,0.5504302978515625,-0.41910648345947266
pair_0004_happy,pair_0004,02,01,01,01,happy,pair_0004_sad,-1,v_audio_joint,v,"[18, 19, 20, 21, 22, 23]",-4.263078689575195,-4.417550086975098,-4.262032985687256,0.15447139739990234,-0.0010457038879394531,0.1555171012878418
pair_0004_happy,pair_0004,02,01,01,01,happy,pair_0004_sad,-1,v_prompt_joint,v,"[18, 19, 20, 21, 22, 23]",-4.263078689575195,-4.417550086975098,-4.417550086975098,0.15447139739990234,0.15447139739990234,-0.0
pair_0004_happy,pair_0004,02,01,01,01,happy,pair_0004_sad,-1,v_other_joint,v,"[18, 19, 20, 21, 22, 23]",-4.263078689575195,-4.417550086975098,-4.4249677658081055,0.15447139739990234,0.16188907623291016,-0.0074176788330078125
pair_0004_happy,pair_0004,02,01,01,01,happy,pair_0004_sad,-1,v_non_audio_joint,v,"[18, 19, 20, 21, 22, 23]",-4.263078689575195,-4.417550086975098,-4.4249677658081055,0.15447139739990234,0.16188907623291016,-0.0074176788330078125
pair_0004_happy,pair_0004,02,01,01,01,happy,pair_0004_sad,-1,v_decision_joint,v,"[18, 19, 20, 21, 22, 23]",-4.263078689575195,-4.417550086975098,-4.425005912780762,0.15447139739990234,0.1619272232055664,-0.0074558258056640625
pair_0004_happy,pair_0004,02,01,01,01,happy,pair_0004_sad,-1,v_post_audio_marker_joint,v,"[18, 19, 20, 21, 22, 23]",-4.263078689575195,-4.417550086975098,-4.417501449584961,0.15447139739990234,0.15442276000976562,4.863739013671875e-05
pair_0004_happy,pair_0004,02,01,01,01,happy,pair_0004_sad,-1,v_all_joint,v,"[18, 19, 20, 21, 22, 23]",-4.263078689575195,-4.417550086975098,-4.2704010009765625,0.15447139739990234,0.0073223114013671875,0.14714908599853516
pair_0004_sad,pair_0004,02,01,01,01,sad,pair_0004_happy,1,v_audio_joint,v,"[18, 19, 20, 21, 22, 23]",-4.868228912353516,-4.716916084289551,-4.711647987365723,0.15131282806396484,0.15658092498779297,-0.005268096923828125
pair_0004_sad,pair_0004,02,01,01,01,sad,pair_0004_happy,1,v_prompt_joint,v,"[18, 19, 20, 21, 22, 23]",-4.868228912353516,-4.716916084289551,-4.716916084289551,0.15131282806396484,0.15131282806396484,0.0
pair_0004_sad,pair_0004,02,01,01,01,sad,pair_0004_happy,1,v_other_joint,v,"[18, 19, 20, 21, 22, 23]",-4.868228912353516,-4.716916084289551,-4.7074737548828125,0.15131282806396484,0.16075515747070312,-0.009442329406738281
pair_0004_sad,pair_0004,02,01,01,01,sad,pair_0004_happy,1,v_non_audio_joint,v,"[18, 19, 20, 21, 22, 23]",-4.868228912353516,-4.716916084289551,-4.7074737548828125,0.15131282806396484,0.16075515747070312,-0.009442329406738281
pair_0004_sad,pair_0004,02,01,01,01,sad,pair_0004_happy,1,v_decision_joint,v,"[18, 19, 20, 21, 22, 23]",-4.868228912353516,-4.716916084289551,-4.707423210144043,0.15131282806396484,0.16080570220947266,-0.009492874145507812
pair_0004_sad,pair_0004,02,01,01,01,sad,pair_0004_happy,1,v_post_audio_marker_joint,v,"[18, 19, 20, 21, 22, 23]",-4.868228912353516,-4.716916084289551,-4.716973304748535,0.15131282806396484,0.15125560760498047,5.7220458984375e-05
pair_0004_sad,pair_0004,02,01,01,01,sad,pair_0004_happy,1,v_all_joint,v,"[18, 19, 20, 21, 22, 23]",-4.868228912353516,-4.716916084289551,-4.690751075744629,0.15131282806396484,0.17747783660888672,-0.026165008544921875
pair_0005_happy,pair_0005,02,01,02,01,happy,pair_0005_sad,-1,v_audio_joint,v,"[18, 19, 20, 21, 22, 23]",-4.474981307983398,-4.691005706787109,-4.523149013519287,0.21602439880371094,0.04816770553588867,0.16785669326782227
pair_0005_happy,pair_0005,02,01,02,01,happy,pair_0005_sad,-1,v_prompt_joint,v,"[18, 19, 20, 21, 22, 23]",-4.474981307983398,-4.691005706787109,-4.691005706787109,0.21602439880371094,0.21602439880371094,-0.0
pair_0005_happy,pair_0005,02,01,02,01,happy,pair_0005_sad,-1,v_other_joint,v,"[18, 19, 20, 21, 22, 23]",-4.474981307983398,-4.691005706787109,-4.692787170410156,0.21602439880371094,0.2178058624267578,-0.001781463623046875
pair_0005_happy,pair_0005,02,01,02,01,happy,pair_0005_sad,-1,v_non_audio_joint,v,"[18, 19, 20, 21, 22, 23]",-4.474981307983398,-4.691005706787109,-4.692787170410156,0.21602439880371094,0.2178058624267578,-0.001781463623046875
pair_0005_happy,pair_0005,02,01,02,01,happy,pair_0005_sad,-1,v_decision_joint,v,"[18, 19, 20, 21, 22, 23]",-4.474981307983398,-4.691005706787109,-4.6927361488342285,0.21602439880371094,0.21775484085083008,-0.0017304420471191406
pair_0005_happy,pair_0005,02,01,02,01,happy,pair_0005_sad,-1,v_post_audio_marker_joint,v,"[18, 19, 20, 21, 22, 23]",-4.474981307983398,-4.691005706787109,-4.691061019897461,0.21602439880371094,0.2160797119140625,-5.53131103515625e-05
pair_0005_happy,pair_0005,02,01,02,01,happy,pair_0005_sad,-1,v_all_joint,v,"[18, 19, 20, 21, 22, 23]",-4.474981307983398,-4.691005706787109,-4.529407501220703,0.21602439880371094,0.05442619323730469,0.16159820556640625
pair_0005_sad,pair_0005,02,01,02,01,sad,pair_0005_happy,1,v_audio_joint,v,"[18, 19, 20, 21, 22, 23]",-4.6972336769104,-4.476657867431641,-4.668688774108887,0.22057580947875977,0.028544902801513672,0.1920309066772461
pair_0005_sad,pair_0005,02,01,02,01,sad,pair_0005_happy,1,v_prompt_joint,v,"[18, 19, 20, 21, 22, 23]",-4.6972336769104,-4.476657867431641,-4.476657867431641,0.22057580947875977,0.22057580947875977,0.0
pair_0005_sad,pair_0005,02,01,02,01,sad,pair_0005_happy,1,v_other_joint,v,"[18, 19, 20, 21, 22, 23]",-4.6972336769104,-4.476657867431641,-4.473396301269531,0.22057580947875977,0.22383737564086914,-0.003261566162109375
pair_0005_sad,pair_0005,02,01,02,01,sad,pair_0005_happy,1,v_non_audio_joint,v,"[18, 19, 20, 21, 22, 23]",-4.6972336769104,-4.476657867431641,-4.473396301269531,0.22057580947875977,0.22383737564086914,-0.003261566162109375
pair_0005_sad,pair_0005,02,01,02,01,sad,pair_0005_happy,1,v_decision_joint,v,"[18, 19, 20, 21, 22, 23]",-4.6972336769104,-4.476657867431641,-4.473450183868408,0.22057580947875977,0.2237834930419922,-0.003207683563232422
pair_0005_sad,pair_0005,02,01,02,01,sad,pair_0005_happy,1,v_post_audio_marker_joint,v,"[18, 19, 20, 21, 22, 23]",-4.6972336769104,-4.476657867431641,-4.4766082763671875,0.22057580947875977,0.2206254005432129,-4.9591064453125e-05
pair_0005_sad,pair_0005,02,01,02,01,sad,pair_0005_happy,1,v_all_joint,v,"[18, 19, 20, 21, 22, 23]",-4.6972336769104,-4.476657867431641,-4.659155368804932,0.22057580947875977,0.03807830810546875,0.18249750137329102
pair_0006_happy,pair_0006,02,02,01,01,happy,pair_0006_sad,-1,v_audio_joint,v,"[18, 19, 20, 21, 22, 23]",-3.5094082355499268,-3.4232687950134277,-3.4079532623291016,-0.08613944053649902,-0.1014549732208252,0.015315532684326172
pair_0006_happy,pair_0006,02,02,01,01,happy,pair_0006_sad,-1,v_prompt_joint,v,"[18, 19, 20, 21, 22, 23]",-3.5094082355499268,-3.4232687950134277,-3.4232687950134277,-0.08613944053649902,-0.08613944053649902,-0.0
pair_0006_happy,pair_0006,02,02,01,01,happy,pair_0006_sad,-1,v_other_joint,v,"[18, 19, 20, 21, 22, 23]",-3.5094082355499268,-3.4232687950134277,-3.4179534912109375,-0.08613944053649902,-0.09145474433898926,0.005315303802490234
pair_0006_happy,pair_0006,02,02,01,01,happy,pair_0006_sad,-1,v_non_audio_joint,v,"[18, 19, 20, 21, 22, 23]",-3.5094082355499268,-3.4232687950134277,-3.4179534912109375,-0.08613944053649902,-0.09145474433898926,0.005315303802490234
pair_0006_happy,pair_0006,02,02,01,01,happy,pair_0006_sad,-1,v_decision_joint,v,"[18, 19, 20, 21, 22, 23]",-3.5094082355499268,-3.4232687950134277,-3.4178924560546875,-0.08613944053649902,-0.09151577949523926,0.005376338958740234
pair_0006_happy,pair_0006,02,02,01,01,happy,pair_0006_sad,-1,v_post_audio_marker_joint,v,"[18, 19, 20, 21, 22, 23]",-3.5094082355499268,-3.4232687950134277,-3.4233317375183105,-0.08613944053649902,-0.08607649803161621,-6.29425048828125e-05
pair_0006_happy,pair_0006,02,02,01,01,happy,pair_0006_sad,-1,v_all_joint,v,"[18, 19, 20, 21, 22, 23]",-3.5094082355499268,-3.4232687950134277,-3.3949127197265625,-0.08613944053649902,-0.11449551582336426,0.028356075286865234
pair_0006_sad,pair_0006,02,02,01,01,sad,pair_0006_happy,1,v_audio_joint,v,"[18, 19, 20, 21, 22, 23]",-3.7750349044799805,-3.8628392219543457,-3.4219164848327637,-0.08780431747436523,0.3531184196472168,-0.44092273712158203
pair_0006_sad,pair_0006,02,02,01,01,sad,pair_0006_happy,1,v_prompt_joint,v,"[18, 19, 20, 21, 22, 23]",-3.7750349044799805,-3.8628392219543457,-3.8628392219543457,-0.08780431747436523,-0.08780431747436523,0.0
pair_0006_sad,pair_0006,02,02,01,01,sad,pair_0006_happy,1,v_other_joint,v,"[18, 19, 20, 21, 22, 23]",-3.7750349044799805,-3.8628392219543457,-3.8666675090789795,-0.08780431747436523,-0.09163260459899902,0.003828287124633789
pair_0006_sad,pair_0006,02,02,01,01,sad,pair_0006_happy,1,v_non_audio_joint,v,"[18, 19, 20, 21, 22, 23]",-3.7750349044799805,-3.8628392219543457,-3.8666675090789795,-0.08780431747436523,-0.09163260459899902,0.003828287124633789
pair_0006_sad,pair_0006,02,02,01,01,sad,pair_0006_happy,1,v_decision_joint,v,"[18, 19, 20, 21, 22, 23]",-3.7750349044799805,-3.8628392219543457,-3.8667306900024414,-0.08780431747436523,-0.09169578552246094,0.003891468048095703
pair_0006_sad,pair_0006,02,02,01,01,sad,pair_0006_happy,1,v_post_audio_marker_joint,v,"[18, 19, 20, 21, 22, 23]",-3.7750349044799805,-3.8628392219543457,-3.8627710342407227,-0.08780431747436523,-0.08773612976074219,-6.818771362304688e-05
pair_0006_sad,pair_0006,02,02,01,01,sad,pair_0006_happy,1,v_all_joint,v,"[18, 19, 20, 21, 22, 23]",-3.7750349044799805,-3.8628392219543457,-3.434581756591797,-0.08780431747436523,0.3404531478881836,-0.42825746536254883
pair_0007_happy,pair_0007,02,02,02,01,happy,pair_0007_sad,-1,v_audio_joint,v,"[18, 19, 20, 21, 22, 23]",-3.4080164432525635,-3.225398063659668,-3.3562941551208496,-0.1826183795928955,-0.05172228813171387,-0.13089609146118164
pair_0007_happy,pair_0007,02,02,02,01,happy,pair_0007_sad,-1,v_prompt_joint,v,"[18, 19, 20, 21, 22, 23]",-3.4080164432525635,-3.225398063659668,-3.225398063659668,-0.1826183795928955,-0.1826183795928955,-0.0
pair_0007_happy,pair_0007,02,02,02,01,happy,pair_0007_sad,-1,v_other_joint,v,"[18, 19, 20, 21, 22, 23]",-3.4080164432525635,-3.225398063659668,-3.221071243286133,-0.1826183795928955,-0.18694519996643066,0.004326820373535156
pair_0007_happy,pair_0007,02,02,02,01,happy,pair_0007_sad,-1,v_non_audio_joint,v,"[18, 19, 20, 21, 22, 23]",-3.4080164432525635,-3.225398063659668,-3.221071243286133,-0.1826183795928955,-0.18694519996643066,0.004326820373535156
pair_0007_happy,pair_0007,02,02,02,01,happy,pair_0007_sad,-1,v_decision_joint,v,"[18, 19, 20, 21, 22, 23]",-3.4080164432525635,-3.225398063659668,-3.221141815185547,-0.1826183795928955,-0.1868746280670166,0.004256248474121094
pair_0007_happy,pair_0007,02,02,02,01,happy,pair_0007_sad,-1,v_post_audio_marker_joint,v,"[18, 19, 20, 21, 22, 23]",-3.4080164432525635,-3.225398063659668,-3.225332260131836,-0.1826183795928955,-0.18268418312072754,6.580352783203125e-05
pair_0007_happy,pair_0007,02,02,02,01,happy,pair_0007_sad,-1,v_all_joint,v,"[18, 19, 20, 21, 22, 23]",-3.4080164432525635,-3.225398063659668,-3.3406598567962646,-0.1826183795928955,-0.06735658645629883,-0.11526179313659668
pair_0007_sad,pair_0007,02,02,02,01,sad,pair_0007_happy,1,v_audio_joint,v,"[18, 19, 20, 21, 22, 23]",-3.4811511039733887,-3.659059762954712,-3.3371798992156982,-0.17790865898132324,0.14397120475769043,-0.32187986373901367
pair_0007_sad,pair_0007,02,02,02,01,sad,pair_0007_happy,1,v_prompt_joint,v,"[18, 19, 20, 21, 22, 23]",-3.4811511039733887,-3.659059762954712,-3.659059762954712,-0.17790865898132324,-0.17790865898132324,0.0
pair_0007_sad,pair_0007,02,02,02,01,sad,pair_0007_happy,1,v_other_joint,v,"[18, 19, 20, 21, 22, 23]",-3.4811511039733887,-3.659059762954712,-3.662795066833496,-0.17790865898132324,-0.18164396286010742,0.0037353038787841797
pair_0007_sad,pair_0007,02,02,02,01,sad,pair_0007_happy,1,v_non_audio_joint,v,"[18, 19, 20, 21, 22, 23]",-3.4811511039733887,-3.659059762954712,-3.662795066833496,-0.17790865898132324,-0.18164396286010742,0.0037353038787841797
pair_0007_sad,pair_0007,02,02,02,01,sad,pair_0007_happy,1,v_decision_joint,v,"[18, 19, 20, 21, 22, 23]",-3.4811511039733887,-3.659059762954712,-3.662721633911133,-0.17790865898132324,-0.18157052993774414,0.0036618709564208984
pair_0007_sad,pair_0007,02,02,02,01,sad,pair_0007_happy,1,v_post_audio_marker_joint,v,"[18, 19, 20, 21, 22, 23]",-3.4811511039733887,-3.659059762954712,-3.659132480621338,-0.17790865898132324,-0.17798137664794922,7.271766662597656e-05
pair_0007_sad,pair_0007,02,02,02,01,sad,pair_0007_happy,1,v_all_joint,v,"[18, 19, 20, 21, 22, 23]",-3.4811511039733887,-3.659059762954712,-3.345705032348633,-0.17790865898132324,0.13544607162475586,-0.3133547306060791
pair_0008_happy,pair_0008,03,01,01,01,happy,pair_0008_sad,-1,v_audio_joint,v,"[18, 19, 20, 21, 22, 23]",-4.699073791503906,-4.65715217590332,-4.714152812957764,-0.04192161560058594,0.015079021453857422,-0.05700063705444336
pair_0008_happy,pair_0008,03,01,01,01,happy,pair_0008_sad,-1,v_prompt_joint,v,"[18, 19, 20, 21, 22, 23]",-4.699073791503906,-4.65715217590332,-4.65715217590332,-0.04192161560058594,-0.04192161560058594,-0.0
pair_0008_happy,pair_0008,03,01,01,01,happy,pair_0008_sad,-1,v_other_joint,v,"[18, 19, 20, 21, 22, 23]",-4.699073791503906,-4.65715217590332,-4.653487205505371,-0.04192161560058594,-0.045586585998535156,0.0036649703979492188
pair_0008_happy,pair_0008,03,01,01,01,happy,pair_0008_sad,-1,v_non_audio_joint,v,"[18, 19, 20, 21, 22, 23]",-4.699073791503906,-4.65715217590332,-4.653487205505371,-0.04192161560058594,-0.045586585998535156,0.0036649703979492188
pair_0008_happy,pair_0008,03,01,01,01,happy,pair_0008_sad,-1,v_decision_joint,v,"[18, 19, 20, 21, 22, 23]",-4.699073791503906,-4.65715217590332,-4.653533935546875,-0.04192161560058594,-0.04553985595703125,0.0036182403564453125
pair_0008_happy,pair_0008,03,01,01,01,happy,pair_0008_sad,-1,v_post_audio_marker_joint,v,"[18, 19, 20, 21, 22, 23]",-4.699073791503906,-4.65715217590332,-4.657104969024658,-0.04192161560058594,-0.04196882247924805,4.7206878662109375e-05
pair_0008_happy,pair_0008,03,01,01,01,happy,pair_0008_sad,-1,v_all_joint,v,"[18, 19, 20, 21, 22, 23]",-4.699073791503906,-4.65715217590332,-4.708551406860352,-0.04192161560058594,0.009477615356445312,-0.05139923095703125
pair_0008_sad,pair_0008,03,01,01,01,sad,pair_0008_happy,1,v_audio_joint,v,"[18, 19, 20, 21, 22, 23]",-4.5847086906433105,-4.626273155212402,-4.731434345245361,-0.0415644645690918,-0.14672565460205078,0.10516119003295898
pair_0008_sad,pair_0008,03,01,01,01,sad,pair_0008_happy,1,v_prompt_joint,v,"[18, 19, 20, 21, 22, 23]",-4.5847086906433105,-4.626273155212402,-4.626273155212402,-0.0415644645690918,-0.0415644645690918,0.0
pair_0008_sad,pair_0008,03,01,01,01,sad,pair_0008_happy,1,v_other_joint,v,"[18, 19, 20, 21, 22, 23]",-4.5847086906433105,-4.626273155212402,-4.631536960601807,-0.0415644645690918,-0.046828269958496094,0.005263805389404297
pair_0008_sad,pair_0008,03,01,01,01,sad,pair_0008_happy,1,v_non_audio_joint,v,"[18, 19, 20, 21, 22, 23]",-4.5847086906433105,-4.626273155212402,-4.631536960601807,-0.0415644645690918,-0.046828269958496094,0.005263805389404297
pair_0008_sad,pair_0008,03,01,01,01,sad,pair_0008_happy,1,v_decision_joint,v,"[18, 19, 20, 21, 22, 23]",-4.5847086906433105,-4.626273155212402,-4.631493091583252,-0.0415644645690918,-0.046784400939941406,0.005219936370849609
pair_0008_sad,pair_0008,03,01,01,01,sad,pair_0008_happy,1,v_post_audio_marker_joint,v,"[18, 19, 20, 21, 22, 23]",-4.5847086906433105,-4.626273155212402,-4.62631893157959,-0.0415644645690918,-0.0416102409362793,4.57763671875e-05
pair_0008_sad,pair_0008,03,01,01,01,sad,pair_0008_happy,1,v_all_joint,v,"[18, 19, 20, 21, 22, 23]",-4.5847086906433105,-4.626273155212402,-4.73477840423584,-0.0415644645690918,-0.1500697135925293,0.1085052490234375
pair_0009_happy,pair_0009,03,01,02,01,happy,pair_0009_sad,-1,v_audio_joint,v,"[18, 19, 20, 21, 22, 23]",-4.718820571899414,-4.693161964416504,-4.784643650054932,-0.025658607482910156,0.06582307815551758,-0.09148168563842773
pair_0009_happy,pair_0009,03,01,02,01,happy,pair_0009_sad,-1,v_prompt_joint,v,"[18, 19, 20, 21, 22, 23]",-4.718820571899414,-4.693161964416504,-4.693161964416504,-0.025658607482910156,-0.025658607482910156,-0.0
pair_0009_happy,pair_0009,03,01,02,01,happy,pair_0009_sad,-1,v_other_joint,v,"[18, 19, 20, 21, 22, 23]",-4.718820571899414,-4.693161964416504,-4.689761638641357,-0.025658607482910156,-0.02905893325805664,0.0034003257751464844
pair_0009_happy,pair_0009,03,01,02,01,happy,pair_0009_sad,-1,v_non_audio_joint,v,"[18, 19, 20, 21, 22, 23]",-4.718820571899414,-4.693161964416504,-4.689761638641357,-0.025658607482910156,-0.02905893325805664,0.0034003257751464844
pair_0009_happy,pair_0009,03,01,02,01,happy,pair_0009_sad,-1,v_decision_joint,v,"[18, 19, 20, 21, 22, 23]",-4.718820571899414,-4.693161964416504,-4.689777374267578,-0.025658607482910156,-0.029043197631835938,0.0033845901489257812
pair_0009_happy,pair_0009,03,01,02,01,happy,pair_0009_sad,-1,v_post_audio_marker_joint,v,"[18, 19, 20, 21, 22, 23]",-4.718820571899414,-4.693161964416504,-4.693150997161865,-0.025658607482910156,-0.025669574737548828,1.0967254638671875e-05
pair_0009_happy,pair_0009,03,01,02,01,happy,pair_0009_sad,-1,v_all_joint,v,"[18, 19, 20, 21, 22, 23]",-4.718820571899414,-4.693161964416504,-4.782947540283203,-0.025658607482910156,0.06412696838378906,-0.08978557586669922
pair_0009_sad,pair_0009,03,01,02,01,sad,pair_0009_happy,1,v_audio_joint,v,"[18, 19, 20, 21, 22, 23]",-4.377320289611816,-4.400700569152832,-4.270417213439941,-0.023380279541015625,0.106903076171875,-0.13028335571289062
pair_0009_sad,pair_0009,03,01,02,01,sad,pair_0009_happy,1,v_prompt_joint,v,"[18, 19, 20, 21, 22, 23]",-4.377320289611816,-4.400700569152832,-4.400700569152832,-0.023380279541015625,-0.023380279541015625,0.0
pair_0009_sad,pair_0009,03,01,02,01,sad,pair_0009_happy,1,v_other_joint,v,"[18, 19, 20, 21, 22, 23]",-4.377320289611816,-4.400700569152832,-4.404740333557129,-0.023380279541015625,-0.0274200439453125,0.004039764404296875
pair_0009_sad,pair_0009,03,01,02,01,sad,pair_0009_happy,1,v_non_audio_joint,v,"[18, 19, 20, 21, 22, 23]",-4.377320289611816,-4.400700569152832,-4.404740333557129,-0.023380279541015625,-0.0274200439453125,0.004039764404296875
pair_0009_sad,pair_0009,03,01,02,01,sad,pair_0009_happy,1,v_decision_joint,v,"[18, 19, 20, 21, 22, 23]",-4.377320289611816,-4.400700569152832,-4.404726505279541,-0.023380279541015625,-0.02740621566772461,0.004025936126708984
pair_0009_sad,pair_0009,03,01,02,01,sad,pair_0009_happy,1,v_post_audio_marker_joint,v,"[18, 19, 20, 21, 22, 23]",-4.377320289611816,-4.400700569152832,-4.400707721710205,-0.023380279541015625,-0.023387432098388672,7.152557373046875e-06
pair_0009_sad,pair_0009,03,01,02,01,sad,pair_0009_happy,1,v_all_joint,v,"[18, 19, 20, 21, 22, 23]",-4.377320289611816,-4.400700569152832,-4.266690731048584,-0.023380279541015625,0.11062955856323242,-0.13400983810424805
pair_0010_happy,pair_0010,03,02,01,01,happy,pair_0010_sad,-1,v_audio_joint,v,"[18, 19, 20, 21, 22, 23]",-3.694944143295288,-3.698333978652954,-3.5938880443573,0.0033898353576660156,-0.10105609893798828,0.1044459342956543
pair_0010_happy,pair_0010,03,02,01,01,happy,pair_0010_sad,-1,v_prompt_joint,v,"[18, 19, 20, 21, 22, 23]",-3.694944143295288,-3.698333978652954,-3.698333978652954,0.0033898353576660156,0.0033898353576660156,-0.0
pair_0010_happy,pair_0010,03,02,01,01,happy,pair_0010_sad,-1,v_other_joint,v,"[18, 19, 20, 21, 22, 23]",-3.694944143295288,-3.698333978652954,-3.7003960609436035,0.0033898353576660156,0.00545191764831543,-0.002062082290649414
pair_0010_happy,pair_0010,03,02,01,01,happy,pair_0010_sad,-1,v_non_audio_joint,v,"[18, 19, 20, 21, 22, 23]",-3.694944143295288,-3.698333978652954,-3.7003960609436035,0.0033898353576660156,0.00545191764831543,-0.002062082290649414
pair_0010_happy,pair_0010,03,02,01,01,happy,pair_0010_sad,-1,v_decision_joint,v,"[18, 19, 20, 21, 22, 23]",-3.694944143295288,-3.698333978652954,-3.7004175186157227,0.0033898353576660156,0.00547337532043457,-0.0020835399627685547
pair_0010_happy,pair_0010,03,02,01,01,happy,pair_0010_sad,-1,v_post_audio_marker_joint,v,"[18, 19, 20, 21, 22, 23]",-3.694944143295288,-3.698333978652954,-3.6983180046081543,0.0033898353576660156,0.003373861312866211,1.5974044799804688e-05
pair_0010_happy,pair_0010,03,02,01,01,happy,pair_0010_sad,-1,v_all_joint,v,"[18, 19, 20, 21, 22, 23]",-3.694944143295288,-3.698333978652954,-3.6053271293640137,0.0033898353576660156,-0.08961701393127441,0.09300684928894043
pair_0010_sad,pair_0010,03,02,01,01,sad,pair_0010_happy,1,v_audio_joint,v,"[18, 19, 20, 21, 22, 23]",-3.3699402809143066,-3.3681600093841553,-3.5182108879089355,0.0017802715301513672,-0.1482706069946289,0.15005087852478027
pair_0010_sad,pair_0010,03,02,01,01,sad,pair_0010_happy,1,v_prompt_joint,v,"[18, 19, 20, 21, 22, 23]",-3.3699402809143066,-3.3681600093841553,-3.3681600093841553,0.0017802715301513672,0.0017802715301513672,0.0
pair_0010_sad,pair_0010,03,02,01,01,sad,pair_0010_happy,1,v_other_joint,v,"[18, 19, 20, 21, 22, 23]",-3.3699402809143066,-3.3681600093841553,-3.3663229942321777,0.0017802715301513672,0.0036172866821289062,-0.001837015151977539
pair_0010_sad,pair_0010,03,02,01,01,sad,pair_0010_happy,1,v_non_audio_joint,v,"[18, 19, 20, 21, 22, 23]",-3.3699402809143066,-3.3681600093841553,-3.3663229942321777,0.0017802715301513672,0.0036172866821289062,-0.001837015151977539
pair_0010_sad,pair_0010,03,02,01,01,sad,pair_0010_happy,1,v_decision_joint,v,"[18, 19, 20, 21, 22, 23]",-3.3699402809143066,-3.3681600093841553,-3.366307258605957,0.0017802715301513672,0.0036330223083496094,-0.0018527507781982422
pair_0010_sad,pair_0010,03,02,01,01,sad,pair_0010_happy,1,v_post_audio_marker_joint,v,"[18, 19, 20, 21, 22, 23]",-3.3699402809143066,-3.3681600093841553,-3.3681769371032715,0.0017802715301513672,0.0017633438110351562,1.6927719116210938e-05
pair_0010_sad,pair_0010,03,02,01,01,sad,pair_0010_happy,1,v_all_joint,v,"[18, 19, 20, 21, 22, 23]",-3.3699402809143066,-3.3681600093841553,-3.4994592666625977,0.0017802715301513672,-0.12951898574829102,0.13129925727844238
pair_0011_happy,pair_0011,03,02,02,01,happy,pair_0011_sad,-1,v_audio_joint,v,"[18, 19, 20, 21, 22, 23]",-3.5249128341674805,-3.4806737899780273,-3.4150023460388184,-0.044239044189453125,-0.10991048812866211,0.06567144393920898
pair_0011_happy,pair_0011,03,02,02,01,happy,pair_0011_sad,-1,v_prompt_joint,v,"[18, 19, 20, 21, 22, 23]",-3.5249128341674805,-3.4806737899780273,-3.4806737899780273,-0.044239044189453125,-0.044239044189453125,-0.0
pair_0011_happy,pair_0011,03,02,02,01,happy,pair_0011_sad,-1,v_other_joint,v,"[18, 19, 20, 21, 22, 23]",-3.5249128341674805,-3.4806737899780273,-3.491570472717285,-0.044239044189453125,-0.03334236145019531,-0.010896682739257812
pair_0011_happy,pair_0011,03,02,02,01,happy,pair_0011_sad,-1,v_non_audio_joint,v,"[18, 19, 20, 21, 22, 23]",-3.5249128341674805,-3.4806737899780273,-3.491570472717285,-0.044239044189453125,-0.03334236145019531,-0.010896682739257812
pair_0011_happy,pair_0011,03,02,02,01,happy,pair_0011_sad,-1,v_decision_joint,v,"[18, 19, 20, 21, 22, 23]",-3.5249128341674805,-3.4806737899780273,-3.49153733253479,-0.044239044189453125,-0.03337550163269043,-0.010863542556762695
pair_0011_happy,pair_0011,03,02,02,01,happy,pair_0011_sad,-1,v_post_audio_marker_joint,v,"[18, 19, 20, 21, 22, 23]",-3.5249128341674805,-3.4806737899780273,-3.4807095527648926,-0.044239044189453125,-0.04420328140258789,-3.5762786865234375e-05
pair_0011_happy,pair_0011,03,02,02,01,happy,pair_0011_sad,-1,v_all_joint,v,"[18, 19, 20, 21, 22, 23]",-3.5249128341674805,-3.4806737899780273,-3.4333229064941406,-0.044239044189453125,-0.09158992767333984,0.04735088348388672
pair_0011_sad,pair_0011,03,02,02,01,sad,pair_0011_happy,1,v_audio_joint,v,"[18, 19, 20, 21, 22, 23]",-3.3314507007598877,-3.3742005825042725,-3.412626028060913,-0.042749881744384766,-0.08117532730102539,0.038425445556640625
pair_0011_sad,pair_0011,03,02,02,01,sad,pair_0011_happy,1,v_prompt_joint,v,"[18, 19, 20, 21, 22, 23]",-3.3314507007598877,-3.3742005825042725,-3.3742005825042725,-0.042749881744384766,-0.042749881744384766,0.0
pair_0011_sad,pair_0011,03,02,02,01,sad,pair_0011_happy,1,v_other_joint,v,"[18, 19, 20, 21, 22, 23]",-3.3314507007598877,-3.3742005825042725,-3.362955093383789,-0.042749881744384766,-0.03150439262390137,-0.011245489120483398
pair_0011_sad,pair_0011,03,02,02,01,sad,pair_0011_happy,1,v_non_audio_joint,v,"[18, 19, 20, 21, 22, 23]",-3.3314507007598877,-3.3742005825042725,-3.362955093383789,-0.042749881744384766,-0.03150439262390137,-0.011245489120483398
pair_0011_sad,pair_0011,03,02,02,01,sad,pair_0011_happy,1,v_decision_joint,v,"[18, 19, 20, 21, 22, 23]",-3.3314507007598877,-3.3742005825042725,-3.362992525100708,-0.042749881744384766,-0.03154182434082031,-0.011208057403564453
pair_0011_sad,pair_0011,03,02,02,01,sad,pair_0011_happy,1,v_post_audio_marker_joint,v,"[18, 19, 20, 21, 22, 23]",-3.3314507007598877,-3.3742005825042725,-3.3741631507873535,-0.042749881744384766,-0.04271245002746582,-3.743171691894531e-05
pair_0011_sad,pair_0011,03,02,02,01,sad,pair_0011_happy,1,v_all_joint,v,"[18, 19, 20, 21, 22, 23]",-3.3314507007598877,-3.3742005825042725,-3.3883657455444336,-0.042749881744384766,-0.0569150447845459,0.014165163040161133
pair_0012_happy,pair_0012,04,01,01,01,happy,pair_0012_sad,-1,v_audio_joint,v,"[18, 19, 20, 21, 22, 23]",-4.602723121643066,-4.951047420501709,-4.709969520568848,0.3483242988586426,0.10724639892578125,0.24107789993286133
pair_0012_happy,pair_0012,04,01,01,01,happy,pair_0012_sad,-1,v_prompt_joint,v,"[18, 19, 20, 21, 22, 23]",-4.602723121643066,-4.951047420501709,-4.951047420501709,0.3483242988586426,0.3483242988586426,-0.0
pair_0012_happy,pair_0012,04,01,01,01,happy,pair_0012_sad,-1,v_other_joint,v,"[18, 19, 20, 21, 22, 23]",-4.602723121643066,-4.951047420501709,-4.963099956512451,0.3483242988586426,0.36037683486938477,-0.012052536010742188
pair_0012_happy,pair_0012,04,01,01,01,happy,pair_0012_sad,-1,v_non_audio_joint,v,"[18, 19, 20, 21, 22, 23]",-4.602723121643066,-4.951047420501709,-4.963099956512451,0.3483242988586426,0.36037683486938477,-0.012052536010742188
pair_0012_happy,pair_0012,04,01,01,01,happy,pair_0012_sad,-1,v_decision_joint,v,"[18, 19, 20, 21, 22, 23]",-4.602723121643066,-4.951047420501709,-4.963034152984619,0.3483242988586426,0.36031103134155273,-0.011986732482910156
pair_0012_happy,pair_0012,04,01,01,01,happy,pair_0012_sad,-1,v_post_audio_marker_joint,v,"[18, 19, 20, 21, 22, 23]",-4.602723121643066,-4.951047420501709,-4.951110363006592,0.3483242988586426,0.3483872413635254,-6.29425048828125e-05
pair_0012_happy,pair_0012,04,01,01,01,happy,pair_0012_sad,-1,v_all_joint,v,"[18, 19, 20, 21, 22, 23]",-4.602723121643066,-4.951047420501709,-4.7169060707092285,0.3483242988586426,0.11418294906616211,0.23414134979248047
pair_0012_sad,pair_0012,04,01,01,01,sad,pair_0012_happy,1,v_audio_joint,v,"[18, 19, 20, 21, 22, 23]",-4.866759777069092,-4.516707420349121,-4.80295991897583,0.3500523567199707,0.06379985809326172,0.286252498626709
pair_0012_sad,pair_0012,04,01,01,01,sad,pair_0012_happy,1,v_prompt_joint,v,"[18, 19, 20, 21, 22, 23]",-4.866759777069092,-4.516707420349121,-4.516707420349121,0.3500523567199707,0.3500523567199707,0.0
pair_0012_sad,pair_0012,04,01,01,01,sad,pair_0012_happy,1,v_other_joint,v,"[18, 19, 20, 21, 22, 23]",-4.866759777069092,-4.516707420349121,-4.505002975463867,0.3500523567199707,0.3617568016052246,-0.011704444885253906
pair_0012_sad,pair_0012,04,01,01,01,sad,pair_0012_happy,1,v_non_audio_joint,v,"[18, 19, 20, 21, 22, 23]",-4.866759777069092,-4.516707420349121,-4.505002975463867,0.3500523567199707,0.3617568016052246,-0.011704444885253906
pair_0012_sad,pair_0012,04,01,01,01,sad,pair_0012_happy,1,v_decision_joint,v,"[18, 19, 20, 21, 22, 23]",-4.866759777069092,-4.516707420349121,-4.505050182342529,0.3500523567199707,0.3617095947265625,-0.011657238006591797
pair_0012_sad,pair_0012,04,01,01,01,sad,pair_0012_happy,1,v_post_audio_marker_joint,v,"[18, 19, 20, 21, 22, 23]",-4.866759777069092,-4.516707420349121,-4.516661643981934,0.3500523567199707,0.3500981330871582,-4.57763671875e-05
pair_0012_sad,pair_0012,04,01,01,01,sad,pair_0012_happy,1,v_all_joint,v,"[18, 19, 20, 21, 22, 23]",-4.866759777069092,-4.516707420349121,-4.7852983474731445,0.3500523567199707,0.08146142959594727,0.26859092712402344
pair_0013_happy,pair_0013,04,01,02,01,happy,pair_0013_sad,-1,v_audio_joint,v,"[18, 19, 20, 21, 22, 23]",-4.569589614868164,-4.608833312988281,-4.475500106811523,0.03924369812011719,-0.09408950805664062,0.1333332061767578
pair_0013_happy,pair_0013,04,01,02,01,happy,pair_0013_sad,-1,v_prompt_joint,v,"[18, 19, 20, 21, 22, 23]",-4.569589614868164,-4.608833312988281,-4.608833312988281,0.03924369812011719,0.03924369812011719,-0.0
pair_0013_happy,pair_0013,04,01,02,01,happy,pair_0013_sad,-1,v_other_joint,v,"[18, 19, 20, 21, 22, 23]",-4.569589614868164,-4.608833312988281,-4.598167896270752,0.03924369812011719,0.02857828140258789,0.010665416717529297
pair_0013_happy,pair_0013,04,01,02,01,happy,pair_0013_sad,-1,v_non_audio_joint,v,"[18, 19, 20, 21, 22, 23]",-4.569589614868164,-4.608833312988281,-4.598167896270752,0.03924369812011719,0.02857828140258789,0.010665416717529297
pair_0013_happy,pair_0013,04,01,02,01,happy,pair_0013_sad,-1,v_decision_joint,v,"[18, 19, 20, 21, 22, 23]",-4.569589614868164,-4.608833312988281,-4.598137378692627,0.03924369812011719,0.02854776382446289,0.010695934295654297
pair_0013_happy,pair_0013,04,01,02,01,happy,pair_0013_sad,-1,v_post_audio_marker_joint,v,"[18, 19, 20, 21, 22, 23]",-4.569589614868164,-4.608833312988281,-4.608865737915039,0.03924369812011719,0.039276123046875,-3.24249267578125e-05
pair_0013_happy,pair_0013,04,01,02,01,happy,pair_0013_sad,-1,v_all_joint,v,"[18, 19, 20, 21, 22, 23]",-4.569589614868164,-4.608833312988281,-4.470392227172852,0.03924369812011719,-0.0991973876953125,0.1384410858154297
pair_0013_sad,pair_0013,04,01,02,01,sad,pair_0013_happy,1,v_audio_joint,v,"[18, 19, 20, 21, 22, 23]",-4.604321002960205,-4.562905788421631,-4.641615867614746,0.04141521453857422,-0.037294864654541016,0.07871007919311523
pair_0013_sad,pair_0013,04,01,02,01,sad,pair_0013_happy,1,v_prompt_joint,v,"[18, 19, 20, 21, 22, 23]",-4.604321002960205,-4.562905788421631,-4.562905788421631,0.04141521453857422,0.04141521453857422,0.0
pair_0013_sad,pair_0013,04,01,02,01,sad,pair_0013_happy,1,v_other_joint,v,"[18, 19, 20, 21, 22, 23]",-4.604321002960205,-4.562905788421631,-4.574358940124512,0.04141521453857422,0.02996206283569336,0.01145315170288086
pair_0013_sad,pair_0013,04,01,02,01,sad,pair_0013_happy,1,v_non_audio_joint,v,"[18, 19, 20, 21, 22, 23]",-4.604321002960205,-4.562905788421631,-4.574358940124512,0.04141521453857422,0.02996206283569336,0.01145315170288086
pair_0013_sad,pair_0013,04,01,02,01,sad,pair_0013_happy,1,v_decision_joint,v,"[18, 19, 20, 21, 22, 23]",-4.604321002960205,-4.562905788421631,-4.574391841888428,0.04141521453857422,0.029929161071777344,0.011486053466796875
pair_0013_sad,pair_0013,04,01,02,01,sad,pair_0013_happy,1,v_post_audio_marker_joint,v,"[18, 19, 20, 21, 22, 23]",-4.604321002960205,-4.562905788421631,-4.562872409820557,0.04141521453857422,0.04144859313964844,-3.337860107421875e-05
pair_0013_sad,pair_0013,04,01,02,01,sad,pair_0013_happy,1,v_all_joint,v,"[18, 19, 20, 21, 22, 23]",-4.604321002960205,-4.562905788421631,-4.638571262359619,0.04141521453857422,-0.03425025939941406,0.07566547393798828
pair_0014_happy,pair_0014,04,02,01,01,happy,pair_0014_sad,-1,v_audio_joint,v,"[18, 19, 20, 21, 22, 23]",-3.6035590171813965,-3.616016387939453,-3.524977922439575,0.01245737075805664,-0.07858109474182129,0.09103846549987793
pair_0014_happy,pair_0014,04,02,01,01,happy,pair_0014_sad,-1,v_prompt_joint,v,"[18, 19, 20, 21, 22, 23]",-3.6035590171813965,-3.616016387939453,-3.616016387939453,0.01245737075805664,0.01245737075805664,-0.0
pair_0014_happy,pair_0014,04,02,01,01,happy,pair_0014_sad,-1,v_other_joint,v,"[18, 19, 20, 21, 22, 23]",-3.6035590171813965,-3.616016387939453,-3.6152594089508057,0.01245737075805664,0.01170039176940918,0.0007569789886474609
pair_0014_happy,pair_0014,04,02,01,01,happy,pair_0014_sad,-1,v_non_audio_joint,v,"[18, 19, 20, 21, 22, 23]",-3.6035590171813965,-3.616016387939453,-3.6152594089508057,0.01245737075805664,0.01170039176940918,0.0007569789886474609
pair_0014_happy,pair_0014,04,02,01,01,happy,pair_0014_sad,-1,v_decision_joint,v,"[18, 19, 20, 21, 22, 23]",-3.6035590171813965,-3.616016387939453,-3.6152820587158203,0.01245737075805664,0.011723041534423828,0.0007343292236328125
pair_0014_happy,pair_0014,04,02,01,01,happy,pair_0014_sad,-1,v_post_audio_marker_joint,v,"[18, 19, 20, 21, 22, 23]",-3.6035590171813965,-3.616016387939453,-3.616004467010498,0.01245737075805664,0.012445449829101562,1.1920928955078125e-05
pair_0014_happy,pair_0014,04,02,01,01,happy,pair_0014_sad,-1,v_all_joint,v,"[18, 19, 20, 21, 22, 23]",-3.6035590171813965,-3.616016387939453,-3.5239548683166504,0.01245737075805664,-0.0796041488647461,0.09206151962280273
pair_0014_sad,pair_0014,04,02,01,01,sad,pair_0014_happy,1,v_audio_joint,v,"[18, 19, 20, 21, 22, 23]",-3.5703775882720947,-3.5680055618286133,-3.395982265472412,0.0023720264434814453,0.17439532279968262,-0.17202329635620117
pair_0014_sad,pair_0014,04,02,01,01,sad,pair_0014_happy,1,v_prompt_joint,v,"[18, 19, 20, 21, 22, 23]",-3.5703775882720947,-3.5680055618286133,-3.5680055618286133,0.0023720264434814453,0.0023720264434814453,0.0
pair_0014_sad,pair_0014,04,02,01,01,sad,pair_0014_happy,1,v_other_joint,v,"[18, 19, 20, 21, 22, 23]",-3.5703775882720947,-3.5680055618286133,-3.568141222000122,0.0023720264434814453,0.0022363662719726562,0.00013566017150878906
pair_0014_sad,pair_0014,04,02,01,01,sad,pair_0014_happy,1,v_non_audio_joint,v,"[18, 19, 20, 21, 22, 23]",-3.5703775882720947,-3.5680055618286133,-3.568141222000122,0.0023720264434814453,0.0022363662719726562,0.00013566017150878906
pair_0014_sad,pair_0014,04,02,01,01,sad,pair_0014_happy,1,v_decision_joint,v,"[18, 19, 20, 21, 22, 23]",-3.5703775882720947,-3.5680055618286133,-3.5681252479553223,0.0023720264434814453,0.002252340316772461,0.00011968612670898438
pair_0014_sad,pair_0014,04,02,01,01,sad,pair_0014_happy,1,v_post_audio_marker_joint,v,"[18, 19, 20, 21, 22, 23]",-3.5703775882720947,-3.5680055618286133,-3.5680153369903564,0.0023720264434814453,0.0023622512817382812,9.775161743164062e-06
pair_0014_sad,pair_0014,04,02,01,01,sad,pair_0014_happy,1,v_all_joint,v,"[18, 19, 20, 21, 22, 23]",-3.5703775882720947,-3.5680055618286133,-3.4034721851348877,0.0023720264434814453,0.16690540313720703,-0.16453337669372559
pair_0015_happy,pair_0015,04,02,02,01,happy,pair_0015_sad,-1,v_audio_joint,v,"[18, 19, 20, 21, 22, 23]",-3.3836679458618164,-3.487476348876953,-3.1893434524536133,0.10380840301513672,-0.19432449340820312,0.29813289642333984
pair_0015_happy,pair_0015,04,02,02,01,happy,pair_0015_sad,-1,v_prompt_joint,v,"[18, 19, 20, 21, 22, 23]",-3.3836679458618164,-3.487476348876953,-3.487476348876953,0.10380840301513672,0.10380840301513672,-0.0
pair_0015_happy,pair_0015,04,02,02,01,happy,pair_0015_sad,-1,v_other_joint,v,"[18, 19, 20, 21, 22, 23]",-3.3836679458618164,-3.487476348876953,-3.482586145401001,0.10380840301513672,0.09891819953918457,0.0048902034759521484
pair_0015_happy,pair_0015,04,02,02,01,happy,pair_0015_sad,-1,v_non_audio_joint,v,"[18, 19, 20, 21, 22, 23]",-3.3836679458618164,-3.487476348876953,-3.482586145401001,0.10380840301513672,0.09891819953918457,0.0048902034759521484
pair_0015_happy,pair_0015,04,02,02,01,happy,pair_0015_sad,-1,v_decision_joint,v,"[18, 19, 20, 21, 22, 23]",-3.3836679458618164,-3.487476348876953,-3.482576370239258,0.10380840301513672,0.0989084243774414,0.0048999786376953125
pair_0015_happy,pair_0015,04,02,02,01,happy,pair_0015_sad,-1,v_post_audio_marker_joint,v,"[18, 19, 20, 21, 22, 23]",-3.3836679458618164,-3.487476348876953,-3.4874768257141113,0.10380840301513672,0.10380887985229492,-4.76837158203125e-07
pair_0015_happy,pair_0015,04,02,02,01,happy,pair_0015_sad,-1,v_all_joint,v,"[18, 19, 20, 21, 22, 23]",-3.3836679458618164,-3.487476348876953,-3.1935179233551025,0.10380840301513672,-0.19015002250671387,0.2939584255218506
pair_0015_sad,pair_0015,04,02,02,01,sad,pair_0015_happy,1,v_audio_joint,v,"[18, 19, 20, 21, 22, 23]",-3.808556318283081,-3.694089412689209,-3.8804683685302734,0.11446690559387207,-0.07191205024719238,0.18637895584106445
pair_0015_sad,pair_0015,04,02,02,01,sad,pair_0015_happy,1,v_prompt_joint,v,"[18, 19, 20, 21, 22, 23]",-3.808556318283081,-3.694089412689209,-3.694089412689209,0.11446690559387207,0.11446690559387207,0.0
pair_0015_sad,pair_0015,04,02,02,01,sad,pair_0015_happy,1,v_other_joint,v,"[18, 19, 20, 21, 22, 23]",-3.808556318283081,-3.694089412689209,-3.6992928981781006,0.11446690559387207,0.10926342010498047,0.0052034854888916016
pair_0015_sad,pair_0015,04,02,02,01,sad,pair_0015_happy,1,v_non_audio_joint,v,"[18, 19, 20, 21, 22, 23]",-3.808556318283081,-3.694089412689209,-3.6992928981781006,0.11446690559387207,0.10926342010498047,0.0052034854888916016
pair_0015_sad,pair_0015,04,02,02,01,sad,pair_0015_happy,1,v_decision_joint,v,"[18, 19, 20, 21, 22, 23]",-3.808556318283081,-3.694089412689209,-3.699295997619629,0.11446690559387207,0.10926032066345215,0.005206584930419922
pair_0015_sad,pair_0015,04,02,02,01,sad,pair_0015_happy,1,v_post_audio_marker_joint,v,"[18, 19, 20, 21, 22, 23]",-3.808556318283081,-3.694089412689209,-3.694087028503418,0.11446690559387207,0.11446928977966309,-2.384185791015625e-06
pair_0015_sad,pair_0015,04,02,02,01,sad,pair_0015_happy,1,v_all_joint,v,"[18, 19, 20, 21, 22, 23]",-3.808556318283081,-3.694089412689209,-3.8733863830566406,0.11446690559387207,-0.06483006477355957,0.17929697036743164
pair_0016_happy,pair_0016,05,01,01,01,happy,pair_0016_sad,-1,v_audio_joint,v,"[18, 19, 20, 21, 22, 23]",-4.557373046875,-4.429200649261475,-4.113110065460205,-0.1281723976135254,-0.4442629814147949,0.31609058380126953
pair_0016_happy,pair_0016,05,01,01,01,happy,pair_0016_sad,-1,v_prompt_joint,v,"[18, 19, 20, 21, 22, 23]",-4.557373046875,-4.429200649261475,-4.429200649261475,-0.1281723976135254,-0.1281723976135254,-0.0
pair_0016_happy,pair_0016,05,01,01,01,happy,pair_0016_sad,-1,v_other_joint,v,"[18, 19, 20, 21, 22, 23]",-4.557373046875,-4.429200649261475,-4.420361042022705,-0.1281723976135254,-0.13701200485229492,0.008839607238769531
pair_0016_happy,pair_0016,05,01,01,01,happy,pair_0016_sad,-1,v_non_audio_joint,v,"[18, 19, 20, 21, 22, 23]",-4.557373046875,-4.429200649261475,-4.420361042022705,-0.1281723976135254,-0.13701200485229492,0.008839607238769531
pair_0016_happy,pair_0016,05,01,01,01,happy,pair_0016_sad,-1,v_decision_joint,v,"[18, 19, 20, 21, 22, 23]",-4.557373046875,-4.429200649261475,-4.420300006866455,-0.1281723976135254,-0.13707304000854492,0.008900642395019531
pair_0016_happy,pair_0016,05,01,01,01,happy,pair_0016_sad,-1,v_post_audio_marker_joint,v,"[18, 19, 20, 21, 22, 23]",-4.557373046875,-4.429200649261475,-4.429264068603516,-0.1281723976135254,-0.12810897827148438,-6.341934204101562e-05
pair_0016_happy,pair_0016,05,01,01,01,happy,pair_0016_sad,-1,v_all_joint,v,"[18, 19, 20, 21, 22, 23]",-4.557373046875,-4.429200649261475,-4.098850727081299,-0.1281723976135254,-0.45852231979370117,0.3303499221801758
pair_0016_sad,pair_0016,05,01,01,01,sad,pair_0016_happy,1,v_audio_joint,v,"[18, 19, 20, 21, 22, 23]",-4.196678638458252,-4.3094282150268555,-4.183876037597656,-0.11274957656860352,0.012802600860595703,-0.12555217742919922
pair_0016_sad,pair_0016,05,01,01,01,sad,pair_0016_happy,1,v_prompt_joint,v,"[18, 19, 20, 21, 22, 23]",-4.196678638458252,-4.3094282150268555,-4.3094282150268555,-0.11274957656860352,-0.11274957656860352,0.0
pair_0016_sad,pair_0016,05,01,01,01,sad,pair_0016_happy,1,v_other_joint,v,"[18, 19, 20, 21, 22, 23]",-4.196678638458252,-4.3094282150268555,-4.316876411437988,-0.11274957656860352,-0.12019777297973633,0.0074481964111328125
pair_0016_sad,pair_0016,05,01,01,01,sad,pair_0016_happy,1,v_non_audio_joint,v,"[18, 19, 20, 21, 22, 23]",-4.196678638458252,-4.3094282150268555,-4.316876411437988,-0.11274957656860352,-0.12019777297973633,0.0074481964111328125
pair_0016_sad,pair_0016,05,01,01,01,sad,pair_0016_happy,1,v_decision_joint,v,"[18, 19, 20, 21, 22, 23]",-4.196678638458252,-4.3094282150268555,-4.316920280456543,-0.11274957656860352,-0.12024164199829102,0.0074920654296875
pair_0016_sad,pair_0016,05,01,01,01,sad,pair_0016_happy,1,v_post_audio_marker_joint,v,"[18, 19, 20, 21, 22, 23]",-4.196678638458252,-4.3094282150268555,-4.309377670288086,-0.11274957656860352,-0.11269903182983398,-5.054473876953125e-05
pair_0016_sad,pair_0016,05,01,01,01,sad,pair_0016_happy,1,v_all_joint,v,"[18, 19, 20, 21, 22, 23]",-4.196678638458252,-4.3094282150268555,-4.179198741912842,-0.11274957656860352,0.017479896545410156,-0.13022947311401367
pair_0017_happy,pair_0017,05,01,02,01,happy,pair_0017_sad,-1,v_audio_joint,v,"[18, 19, 20, 21, 22, 23]",-4.383161544799805,-4.506044864654541,-4.30785608291626,0.12288331985473633,-0.07530546188354492,0.19818878173828125
pair_0017_happy,pair_0017,05,01,02,01,happy,pair_0017_sad,-1,v_prompt_joint,v,"[18, 19, 20, 21, 22, 23]",-4.383161544799805,-4.506044864654541,-4.506044864654541,0.12288331985473633,0.12288331985473633,-0.0
pair_0017_happy,pair_0017,05,01,02,01,happy,pair_0017_sad,-1,v_other_joint,v,"[18, 19, 20, 21, 22, 23]",-4.383161544799805,-4.506044864654541,-4.503055095672607,0.12288331985473633,0.11989355087280273,0.0029897689819335938
pair_0017_happy,pair_0017,05,01,02,01,happy,pair_0017_sad,-1,v_non_audio_joint,v,"[18, 19, 20, 21, 22, 23]",-4.383161544799805,-4.506044864654541,-4.503055095672607,0.12288331985473633,0.11989355087280273,0.0029897689819335938
pair_0017_happy,pair_0017,05,01,02,01,happy,pair_0017_sad,-1,v_decision_joint,v,"[18, 19, 20, 21, 22, 23]",-4.383161544799805,-4.506044864654541,-4.502974510192871,0.12288331985473633,0.1198129653930664,0.003070354461669922
pair_0017_happy,pair_0017,05,01,02,01,happy,pair_0017_sad,-1,v_post_audio_marker_joint,v,"[18, 19, 20, 21, 22, 23]",-4.383161544799805,-4.506044864654541,-4.50612735748291,0.12288331985473633,0.12296581268310547,-8.249282836914062e-05
pair_0017_happy,pair_0017,05,01,02,01,happy,pair_0017_sad,-1,v_all_joint,v,"[18, 19, 20, 21, 22, 23]",-4.383161544799805,-4.506044864654541,-4.288259506225586,0.12288331985473633,-0.09490203857421875,0.21778535842895508
pair_0017_sad,pair_0017,05,01,02,01,sad,pair_0017_happy,1,v_audio_joint,v,"[18, 19, 20, 21, 22, 23]",-4.5589680671691895,-4.452816009521484,-4.563237190246582,0.10615205764770508,-0.004269123077392578,0.11042118072509766
pair_0017_sad,pair_0017,05,01,02,01,sad,pair_0017_happy,1,v_prompt_joint,v,"[18, 19, 20, 21, 22, 23]",-4.5589680671691895,-4.452816009521484,-4.452816009521484,0.10615205764770508,0.10615205764770508,0.0
pair_0017_sad,pair_0017,05,01,02,01,sad,pair_0017_happy,1,v_other_joint,v,"[18, 19, 20, 21, 22, 23]",-4.5589680671691895,-4.452816009521484,-4.455670356750488,0.10615205764770508,0.10329771041870117,0.0028543472290039062
pair_0017_sad,pair_0017,05,01,02,01,sad,pair_0017_happy,1,v_non_audio_joint,v,"[18, 19, 20, 21, 22, 23]",-4.5589680671691895,-4.452816009521484,-4.455670356750488,0.10615205764770508,0.10329771041870117,0.0028543472290039062
pair_0017_sad,pair_0017,05,01,02,01,sad,pair_0017_happy,1,v_decision_joint,v,"[18, 19, 20, 21, 22, 23]",-4.5589680671691895,-4.452816009521484,-4.4557623863220215,0.10615205764770508,0.10320568084716797,0.0029463768005371094
pair_0017_sad,pair_0017,05,01,02,01,sad,pair_0017_happy,1,v_post_audio_marker_joint,v,"[18, 19, 20, 21, 22, 23]",-4.5589680671691895,-4.452816009521484,-4.452723026275635,0.10615205764770508,0.10624504089355469,-9.298324584960938e-05
pair_0017_sad,pair_0017,05,01,02,01,sad,pair_0017_happy,1,v_all_joint,v,"[18, 19, 20, 21, 22, 23]",-4.5589680671691895,-4.452816009521484,-4.565021514892578,0.10615205764770508,-0.006053447723388672,0.11220550537109375
pair_0018_happy,pair_0018,05,02,01,01,happy,pair_0018_sad,-1,v_audio_joint,v,"[18, 19, 20, 21, 22, 23]",-3.286710500717163,-3.2258472442626953,-3.0944643020629883,-0.06086325645446777,-0.1922461986541748,0.13138294219970703
pair_0018_happy,pair_0018,05,02,01,01,happy,pair_0018_sad,-1,v_prompt_joint,v,"[18, 19, 20, 21, 22, 23]",-3.286710500717163,-3.2258472442626953,-3.2258472442626953,-0.06086325645446777,-0.06086325645446777,-0.0
pair_0018_happy,pair_0018,05,02,01,01,happy,pair_0018_sad,-1,v_other_joint,v,"[18, 19, 20, 21, 22, 23]",-3.286710500717163,-3.2258472442626953,-3.2140204906463623,-0.06086325645446777,-0.07269001007080078,0.011826753616333008
pair_0018_happy,pair_0018,05,02,01,01,happy,pair_0018_sad,-1,v_non_audio_joint,v,"[18, 19, 20, 21, 22, 23]",-3.286710500717163,-3.2258472442626953,-3.2140204906463623,-0.06086325645446777,-0.07269001007080078,0.011826753616333008
pair_0018_happy,pair_0018,05,02,01,01,happy,pair_0018_sad,-1,v_decision_joint,v,"[18, 19, 20, 21, 22, 23]",-3.286710500717163,-3.2258472442626953,-3.214240550994873,-0.06086325645446777,-0.07246994972229004,0.011606693267822266
pair_0018_happy,pair_0018,05,02,01,01,happy,pair_0018_sad,-1,v_post_audio_marker_joint,v,"[18, 19, 20, 21, 22, 23]",-3.286710500717163,-3.2258472442626953,-3.2256200313568115,-0.06086325645446777,-0.06109046936035156,0.00022721290588378906
pair_0018_happy,pair_0018,05,02,01,01,happy,pair_0018_sad,-1,v_all_joint,v,"[18, 19, 20, 21, 22, 23]",-3.286710500717163,-3.2258472442626953,-3.075117826461792,-0.06086325645446777,-0.2115926742553711,0.15072941780090332
pair_0018_sad,pair_0018,05,02,01,01,sad,pair_0018_happy,1,v_audio_joint,v,"[18, 19, 20, 21, 22, 23]",-3.481130361557007,-3.5375609397888184,-3.222815990447998,-0.05643057823181152,0.2583143711090088,-0.3147449493408203
pair_0018_sad,pair_0018,05,02,01,01,sad,pair_0018_happy,1,v_prompt_joint,v,"[18, 19, 20, 21, 22, 23]",-3.481130361557007,-3.5375609397888184,-3.5375609397888184,-0.05643057823181152,-0.05643057823181152,0.0
pair_0018_sad,pair_0018,05,02,01,01,sad,pair_0018_happy,1,v_other_joint,v,"[18, 19, 20, 21, 22, 23]",-3.481130361557007,-3.5375609397888184,-3.5477685928344727,-0.05643057823181152,-0.06663823127746582,0.010207653045654297
pair_0018_sad,pair_0018,05,02,01,01,sad,pair_0018_happy,1,v_non_audio_joint,v,"[18, 19, 20, 21, 22, 23]",-3.481130361557007,-3.5375609397888184,-3.5477685928344727,-0.05643057823181152,-0.06663823127746582,0.010207653045654297
pair_0018_sad,pair_0018,05,02,01,01,sad,pair_0018_happy,1,v_decision_joint,v,"[18, 19, 20, 21, 22, 23]",-3.481130361557007,-3.5375609397888184,-3.5475597381591797,-0.05643057823181152,-0.06642937660217285,0.009998798370361328
pair_0018_sad,pair_0018,05,02,01,01,sad,pair_0018_happy,1,v_post_audio_marker_joint,v,"[18, 19, 20, 21, 22, 23]",-3.481130361557007,-3.5375609397888184,-3.5377702713012695,-0.05643057823181152,-0.056639909744262695,0.00020933151245117188
pair_0018_sad,pair_0018,05,02,01,01,sad,pair_0018_happy,1,v_all_joint,v,"[18, 19, 20, 21, 22, 23]",-3.481130361557007,-3.5375609397888184,-3.244774341583252,-0.05643057823181152,0.23635601997375488,-0.2927865982055664
pair_0019_happy,pair_0019,05,02,02,01,happy,pair_0019_sad,-1,v_audio_joint,v,"[18, 19, 20, 21, 22, 23]",-3.4755494594573975,-3.442627429962158,-3.1927285194396973,-0.03292202949523926,-0.2828209400177002,0.24989891052246094
pair_0019_happy,pair_0019,05,02,02,01,happy,pair_0019_sad,-1,v_prompt_joint,v,"[18, 19, 20, 21, 22, 23]",-3.4755494594573975,-3.442627429962158,-3.442627429962158,-0.03292202949523926,-0.03292202949523926,-0.0
pair_0019_happy,pair_0019,05,02,02,01,happy,pair_0019_sad,-1,v_other_joint,v,"[18, 19, 20, 21, 22, 23]",-3.4755494594573975,-3.442627429962158,-3.4511966705322266,-0.03292202949523926,-0.0243527889251709,-0.00856924057006836
pair_0019_happy,pair_0019,05,02,02,01,happy,pair_0019_sad,-1,v_non_audio_joint,v,"[18, 19, 20, 21, 22, 23]",-3.4755494594573975,-3.442627429962158,-3.4511966705322266,-0.03292202949523926,-0.0243527889251709,-0.00856924057006836
pair_0019_happy,pair_0019,05,02,02,01,happy,pair_0019_sad,-1,v_decision_joint,v,"[18, 19, 20, 21, 22, 23]",-3.4755494594573975,-3.442627429962158,-3.451244592666626,-0.03292202949523926,-0.024304866790771484,-0.008617162704467773
pair_0019_happy,pair_0019,05,02,02,01,happy,pair_0019_sad,-1,v_post_audio_marker_joint,v,"[18, 19, 20, 21, 22, 23]",-3.4755494594573975,-3.442627429962158,-3.442577362060547,-0.03292202949523926,-0.032972097396850586,5.0067901611328125e-05
pair_0019_happy,pair_0019,05,02,02,01,happy,pair_0019_sad,-1,v_all_joint,v,"[18, 19, 20, 21, 22, 23]",-3.4755494594573975,-3.442627429962158,-3.2017295360565186,-0.03292202949523926,-0.2738199234008789,0.24089789390563965
pair_0019_sad,pair_0019,05,02,02,01,sad,pair_0019_happy,1,v_audio_joint,v,"[18, 19, 20, 21, 22, 23]",-3.2868447303771973,-3.3282527923583984,-2.9903223514556885,-0.04140806198120117,0.2965223789215088,-0.33793044090270996
pair_0019_sad,pair_0019,05,02,02,01,sad,pair_0019_happy,1,v_prompt_joint,v,"[18, 19, 20, 21, 22, 23]",-3.2868447303771973,-3.3282527923583984,-3.3282527923583984,-0.04140806198120117,-0.04140806198120117,0.0
pair_0019_sad,pair_0019,05,02,02,01,sad,pair_0019_happy,1,v_other_joint,v,"[18, 19, 20, 21, 22, 23]",-3.2868447303771973,-3.3282527923583984,-3.318281650543213,-0.04140806198120117,-0.031436920166015625,-0.009971141815185547
pair_0019_sad,pair_0019,05,02,02,01,sad,pair_0019_happy,1,v_non_audio_joint,v,"[18, 19, 20, 21, 22, 23]",-3.2868447303771973,-3.3282527923583984,-3.318281650543213,-0.04140806198120117,-0.031436920166015625,-0.009971141815185547
pair_0019_sad,pair_0019,05,02,02,01,sad,pair_0019_happy,1,v_decision_joint,v,"[18, 19, 20, 21, 22, 23]",-3.2868447303771973,-3.3282527923583984,-3.3182199001312256,-0.04140806198120117,-0.03137516975402832,-0.010032892227172852
pair_0019_sad,pair_0019,05,02,02,01,sad,pair_0019_happy,1,v_post_audio_marker_joint,v,"[18, 19, 20, 21, 22, 23]",-3.2868447303771973,-3.3282527923583984,-3.32830548286438,-0.04140806198120117,-0.04146075248718262,5.269050598144531e-05
pair_0019_sad,pair_0019,05,02,02,01,sad,pair_0019_happy,1,v_all_joint,v,"[18, 19, 20, 21, 22, 23]",-3.2868447303771973,-3.3282527923583984,-3.0002143383026123,-0.04140806198120117,0.28663039207458496,-0.32803845405578613
pair_0020_happy,pair_0020,06,01,01,01,happy,pair_0020_sad,-1,v_audio_joint,v,"[18, 19, 20, 21, 22, 23]",-4.214656829833984,-4.394181251525879,-4.358381748199463,0.17952442169189453,0.14372491836547852,0.035799503326416016
pair_0020_happy,pair_0020,06,01,01,01,happy,pair_0020_sad,-1,v_prompt_joint,v,"[18, 19, 20, 21, 22, 23]",-4.214656829833984,-4.394181251525879,-4.394181251525879,0.17952442169189453,0.17952442169189453,-0.0
pair_0020_happy,pair_0020,06,01,01,01,happy,pair_0020_sad,-1,v_other_joint,v,"[18, 19, 20, 21, 22, 23]",-4.214656829833984,-4.394181251525879,-4.397486686706543,0.17952442169189453,0.1828298568725586,-0.0033054351806640625
pair_0020_happy,pair_0020,06,01,01,01,happy,pair_0020_sad,-1,v_non_audio_joint,v,"[18, 19, 20, 21, 22, 23]",-4.214656829833984,-4.394181251525879,-4.397486686706543,0.17952442169189453,0.1828298568725586,-0.0033054351806640625
pair_0020_happy,pair_0020,06,01,01,01,happy,pair_0020_sad,-1,v_decision_joint,v,"[18, 19, 20, 21, 22, 23]",-4.214656829833984,-4.394181251525879,-4.397574424743652,0.17952442169189453,0.18291759490966797,-0.0033931732177734375
pair_0020_happy,pair_0020,06,01,01,01,happy,pair_0020_sad,-1,v_post_audio_marker_joint,v,"[18, 19, 20, 21, 22, 23]",-4.214656829833984,-4.394181251525879,-4.394096851348877,0.17952442169189453,0.17944002151489258,8.440017700195312e-05
pair_0020_happy,pair_0020,06,01,01,01,happy,pair_0020_sad,-1,v_all_joint,v,"[18, 19, 20, 21, 22, 23]",-4.214656829833984,-4.394181251525879,-4.361883163452148,0.17952442169189453,0.14722633361816406,0.03229808807373047
pair_0020_sad,pair_0020,06,01,01,01,sad,pair_0020_happy,1,v_audio_joint,v,"[18, 19, 20, 21, 22, 23]",-4.52412223815918,-4.343963623046875,-4.484222412109375,0.1801586151123047,0.03989982604980469,0.1402587890625
pair_0020_sad,pair_0020,06,01,01,01,sad,pair_0020_happy,1,v_prompt_joint,v,"[18, 19, 20, 21, 22, 23]",-4.52412223815918,-4.343963623046875,-4.343963623046875,0.1801586151123047,0.1801586151123047,0.0
pair_0020_sad,pair_0020,06,01,01,01,sad,pair_0020_happy,1,v_other_joint,v,"[18, 19, 20, 21, 22, 23]",-4.52412223815918,-4.343963623046875,-4.34065055847168,0.1801586151123047,0.1834716796875,-0.0033130645751953125
pair_0020_sad,pair_0020,06,01,01,01,sad,pair_0020_happy,1,v_non_audio_joint,v,"[18, 19, 20, 21, 22, 23]",-4.52412223815918,-4.343963623046875,-4.34065055847168,0.1801586151123047,0.1834716796875,-0.0033130645751953125
pair_0020_sad,pair_0020,06,01,01,01,sad,pair_0020_happy,1,v_decision_joint,v,"[18, 19, 20, 21, 22, 23]",-4.52412223815918,-4.343963623046875,-4.340559959411621,0.1801586151123047,0.1835622787475586,-0.0034036636352539062
pair_0020_sad,pair_0020,06,01,01,01,sad,pair_0020_happy,1,v_post_audio_marker_joint,v,"[18, 19, 20, 21, 22, 23]",-4.52412223815918,-4.343963623046875,-4.344056129455566,0.1801586151123047,0.18006610870361328,9.250640869140625e-05
pair_0020_sad,pair_0020,06,01,01,01,sad,pair_0020_happy,1,v_all_joint,v,"[18, 19, 20, 21, 22, 23]",-4.52412223815918,-4.343963623046875,-4.4809441566467285,0.1801586151123047,0.04317808151245117,0.13698053359985352
pair_0021_happy,pair_0021,06,01,02,01,happy,pair_0021_sad,-1,v_audio_joint,v,"[18, 19, 20, 21, 22, 23]",-4.25598669052124,-4.3884992599487305,-4.475822448730469,0.13251256942749023,0.21983575820922852,-0.08732318878173828
pair_0021_happy,pair_0021,06,01,02,01,happy,pair_0021_sad,-1,v_prompt_joint,v,"[18, 19, 20, 21, 22, 23]",-4.25598669052124,-4.3884992599487305,-4.3884992599487305,0.13251256942749023,0.13251256942749023,-0.0
pair_0021_happy,pair_0021,06,01,02,01,happy,pair_0021_sad,-1,v_other_joint,v,"[18, 19, 20, 21, 22, 23]",-4.25598669052124,-4.3884992599487305,-4.383217811584473,0.13251256942749023,0.12723112106323242,0.0052814483642578125
pair_0021_happy,pair_0021,06,01,02,01,happy,pair_0021_sad,-1,v_non_audio_joint,v,"[18, 19, 20, 21, 22, 23]",-4.25598669052124,-4.3884992599487305,-4.383217811584473,0.13251256942749023,0.12723112106323242,0.0052814483642578125
pair_0021_happy,pair_0021,06,01,02,01,happy,pair_0021_sad,-1,v_decision_joint,v,"[18, 19, 20, 21, 22, 23]",-4.25598669052124,-4.3884992599487305,-4.383255481719971,0.13251256942749023,0.12726879119873047,0.005243778228759766
pair_0021_happy,pair_0021,06,01,02,01,happy,pair_0021_sad,-1,v_post_audio_marker_joint,v,"[18, 19, 20, 21, 22, 23]",-4.25598669052124,-4.3884992599487305,-4.388457298278809,0.13251256942749023,0.13247060775756836,4.1961669921875e-05
pair_0021_happy,pair_0021,06,01,02,01,happy,pair_0021_sad,-1,v_all_joint,v,"[18, 19, 20, 21, 22, 23]",-4.25598669052124,-4.3884992599487305,-4.469212055206299,0.13251256942749023,0.2132253646850586,-0.08071279525756836
pair_0021_sad,pair_0021,06,01,02,01,sad,pair_0021_happy,1,v_audio_joint,v,"[18, 19, 20, 21, 22, 23]",-4.614285469055176,-4.495260238647461,-4.778974533081055,0.11902523040771484,-0.1646890640258789,0.28371429443359375
pair_0021_sad,pair_0021,06,01,02,01,sad,pair_0021_happy,1,v_prompt_joint,v,"[18, 19, 20, 21, 22, 23]",-4.614285469055176,-4.495260238647461,-4.495260238647461,0.11902523040771484,0.11902523040771484,0.0
pair_0021_sad,pair_0021,06,01,02,01,sad,pair_0021_happy,1,v_other_joint,v,"[18, 19, 20, 21, 22, 23]",-4.614285469055176,-4.495260238647461,-4.5003862380981445,0.11902523040771484,0.11389923095703125,0.005125999450683594
pair_0021_sad,pair_0021,06,01,02,01,sad,pair_0021_happy,1,v_non_audio_joint,v,"[18, 19, 20, 21, 22, 23]",-4.614285469055176,-4.495260238647461,-4.5003862380981445,0.11902523040771484,0.11389923095703125,0.005125999450683594
pair_0021_sad,pair_0021,06,01,02,01,sad,pair_0021_happy,1,v_decision_joint,v,"[18, 19, 20, 21, 22, 23]",-4.614285469055176,-4.495260238647461,-4.500344753265381,0.11902523040771484,0.11394071578979492,0.005084514617919922
pair_0021_sad,pair_0021,06,01,02,01,sad,pair_0021_happy,1,v_post_audio_marker_joint,v,"[18, 19, 20, 21, 22, 23]",-4.614285469055176,-4.495260238647461,-4.495304584503174,0.11902523040771484,0.11898088455200195,4.4345855712890625e-05
pair_0021_sad,pair_0021,06,01,02,01,sad,pair_0021_happy,1,v_all_joint,v,"[18, 19, 20, 21, 22, 23]",-4.614285469055176,-4.495260238647461,-4.775561332702637,0.11902523040771484,-0.16127586364746094,0.2803010940551758
pair_0022_happy,pair_0022,06,02,01,01,happy,pair_0022_sad,-1,v_audio_joint,v,"[18, 19, 20, 21, 22, 23]",-3.6021475791931152,-3.7090518474578857,-3.6632370948791504,0.10690426826477051,0.061089515686035156,0.04581475257873535
pair_0022_happy,pair_0022,06,02,01,01,happy,pair_0022_sad,-1,v_prompt_joint,v,"[18, 19, 20, 21, 22, 23]",-3.6021475791931152,-3.7090518474578857,-3.7090518474578857,0.10690426826477051,0.10690426826477051,-0.0
pair_0022_happy,pair_0022,06,02,01,01,happy,pair_0022_sad,-1,v_other_joint,v,"[18, 19, 20, 21, 22, 23]",-3.6021475791931152,-3.7090518474578857,-3.7038328647613525,0.10690426826477051,0.1016852855682373,0.005218982696533203
pair_0022_happy,pair_0022,06,02,01,01,happy,pair_0022_sad,-1,v_non_audio_joint,v,"[18, 19, 20, 21, 22, 23]",-3.6021475791931152,-3.7090518474578857,-3.7038328647613525,0.10690426826477051,0.1016852855682373,0.005218982696533203
pair_0022_happy,pair_0022,06,02,01,01,happy,pair_0022_sad,-1,v_decision_joint,v,"[18, 19, 20, 21, 22, 23]",-3.6021475791931152,-3.7090518474578857,-3.703854560852051,0.10690426826477051,0.10170698165893555,0.005197286605834961
pair_0022_happy,pair_0022,06,02,01,01,happy,pair_0022_sad,-1,v_post_audio_marker_joint,v,"[18, 19, 20, 21, 22, 23]",-3.6021475791931152,-3.7090518474578857,-3.7090234756469727,0.10690426826477051,0.10687589645385742,2.8371810913085938e-05
pair_0022_happy,pair_0022,06,02,01,01,happy,pair_0022_sad,-1,v_all_joint,v,"[18, 19, 20, 21, 22, 23]",-3.6021475791931152,-3.7090518474578857,-3.660766363143921,0.10690426826477051,0.058618783950805664,0.048285484313964844
pair_0022_sad,pair_0022,06,02,01,01,sad,pair_0022_happy,1,v_audio_joint,v,"[18, 19, 20, 21, 22, 23]",-3.4650402069091797,-3.3540961742401123,-3.4085588455200195,0.11094403266906738,0.056481361389160156,0.05446267127990723
pair_0022_sad,pair_0022,06,02,01,01,sad,pair_0022_happy,1,v_prompt_joint,v,"[18, 19, 20, 21, 22, 23]",-3.4650402069091797,-3.3540961742401123,-3.3540961742401123,0.11094403266906738,0.11094403266906738,0.0
pair_0022_sad,pair_0022,06,02,01,01,sad,pair_0022_happy,1,v_other_joint,v,"[18, 19, 20, 21, 22, 23]",-3.4650402069091797,-3.3540961742401123,-3.3582732677459717,0.11094403266906738,0.10676693916320801,0.004177093505859375
pair_0022_sad,pair_0022,06,02,01,01,sad,pair_0022_happy,1,v_non_audio_joint,v,"[18, 19, 20, 21, 22, 23]",-3.4650402069091797,-3.3540961742401123,-3.3582732677459717,0.11094403266906738,0.10676693916320801,0.004177093505859375
pair_0022_sad,pair_0022,06,02,01,01,sad,pair_0022_happy,1,v_decision_joint,v,"[18, 19, 20, 21, 22, 23]",-3.4650402069091797,-3.3540961742401123,-3.358238697052002,0.11094403266906738,0.10680150985717773,0.0041425228118896484
pair_0022_sad,pair_0022,06,02,01,01,sad,pair_0022_happy,1,v_post_audio_marker_joint,v,"[18, 19, 20, 21, 22, 23]",-3.4650402069091797,-3.3540961742401123,-3.3541269302368164,0.11094403266906738,0.11091327667236328,3.075599670410156e-05
pair_0022_sad,pair_0022,06,02,01,01,sad,pair_0022_happy,1,v_all_joint,v,"[18, 19, 20, 21, 22, 23]",-3.4650402069091797,-3.3540961742401123,-3.410754680633545,0.11094403266906738,0.054285526275634766,0.05665850639343262
pair_0023_happy,pair_0023,06,02,02,01,happy,pair_0023_sad,-1,v_audio_joint,v,"[18, 19, 20, 21, 22, 23]",-3.457305908203125,-3.5323586463928223,-3.5285019874572754,0.07505273818969727,0.07119607925415039,0.003856658935546875
pair_0023_happy,pair_0023,06,02,02,01,happy,pair_0023_sad,-1,v_prompt_joint,v,"[18, 19, 20, 21, 22, 23]",-3.457305908203125,-3.5323586463928223,-3.5323586463928223,0.07505273818969727,0.07505273818969727,-0.0
pair_0023_happy,pair_0023,06,02,02,01,happy,pair_0023_sad,-1,v_other_joint,v,"[18, 19, 20, 21, 22, 23]",-3.457305908203125,-3.5323586463928223,-3.52610445022583,0.07505273818969727,0.06879854202270508,0.0062541961669921875
pair_0023_happy,pair_0023,06,02,02,01,happy,pair_0023_sad,-1,v_non_audio_joint,v,"[18, 19, 20, 21, 22, 23]",-3.457305908203125,-3.5323586463928223,-3.52610445022583,0.07505273818969727,0.06879854202270508,0.0062541961669921875
pair_0023_happy,pair_0023,06,02,02,01,happy,pair_0023_sad,-1,v_decision_joint,v,"[18, 19, 20, 21, 22, 23]",-3.457305908203125,-3.5323586463928223,-3.526111125946045,0.07505273818969727,0.06880521774291992,0.006247520446777344
pair_0023_happy,pair_0023,06,02,02,01,happy,pair_0023_sad,-1,v_post_audio_marker_joint,v,"[18, 19, 20, 21, 22, 23]",-3.457305908203125,-3.5323586463928223,-3.5323500633239746,0.07505273818969727,0.07504415512084961,8.58306884765625e-06
pair_0023_happy,pair_0023,06,02,02,01,happy,pair_0023_sad,-1,v_all_joint,v,"[18, 19, 20, 21, 22, 23]",-3.457305908203125,-3.5323586463928223,-3.522852897644043,0.07505273818969727,0.06554698944091797,0.009505748748779297
pair_0023_sad,pair_0023,06,02,02,01,sad,pair_0023_happy,1,v_audio_joint,v,"[18, 19, 20, 21, 22, 23]",-3.6551520824432373,-3.5803494453430176,-3.595691204071045,0.07480263710021973,0.05946087837219238,0.015341758728027344
pair_0023_sad,pair_0023,06,02,02,01,sad,pair_0023_happy,1,v_prompt_joint,v,"[18, 19, 20, 21, 22, 23]",-3.6551520824432373,-3.5803494453430176,-3.5803494453430176,0.07480263710021973,0.07480263710021973,0.0
pair_0023_sad,pair_0023,06,02,02,01,sad,pair_0023_happy,1,v_other_joint,v,"[18, 19, 20, 21, 22, 23]",-3.6551520824432373,-3.5803494453430176,-3.587109088897705,0.07480263710021973,0.06804299354553223,0.0067596435546875
pair_0023_sad,pair_0023,06,02,02,01,sad,pair_0023_happy,1,v_non_audio_joint,v,"[18, 19, 20, 21, 22, 23]",-3.6551520824432373,-3.5803494453430176,-3.587109088897705,0.07480263710021973,0.06804299354553223,0.0067596435546875
pair_0023_sad,pair_0023,06,02,02,01,sad,pair_0023_happy,1,v_decision_joint,v,"[18, 19, 20, 21, 22, 23]",-3.6551520824432373,-3.5803494453430176,-3.5871047973632812,0.07480263710021973,0.06804728507995605,0.006755352020263672
pair_0023_sad,pair_0023,06,02,02,01,sad,pair_0023_happy,1,v_post_audio_marker_joint,v,"[18, 19, 20, 21, 22, 23]",-3.6551520824432373,-3.5803494453430176,-3.580353260040283,0.07480263710021973,0.0747988224029541,3.814697265625e-06
pair_0023_sad,pair_0023,06,02,02,01,sad,pair_0023_happy,1,v_all_joint,v,"[18, 19, 20, 21, 22, 23]",-3.6551520824432373,-3.5803494453430176,-3.602086067199707,0.07480263710021973,0.05306601524353027,0.021736621856689453
pair_0024_happy,pair_0024,07,01,01,01,happy,pair_0024_sad,-1,v_audio_joint,v,"[18, 19, 20, 21, 22, 23]",-4.384683609008789,-4.240888595581055,-4.285084247589111,-0.14379501342773438,-0.09959936141967773,-0.04419565200805664
pair_0024_happy,pair_0024,07,01,01,01,happy,pair_0024_sad,-1,v_prompt_joint,v,"[18, 19, 20, 21, 22, 23]",-4.384683609008789,-4.240888595581055,-4.240888595581055,-0.14379501342773438,-0.14379501342773438,-0.0
pair_0024_happy,pair_0024,07,01,01,01,happy,pair_0024_sad,-1,v_other_joint,v,"[18, 19, 20, 21, 22, 23]",-4.384683609008789,-4.240888595581055,-4.23794412612915,-0.14379501342773438,-0.14673948287963867,0.002944469451904297
pair_0024_happy,pair_0024,07,01,01,01,happy,pair_0024_sad,-1,v_non_audio_joint,v,"[18, 19, 20, 21, 22, 23]",-4.384683609008789,-4.240888595581055,-4.23794412612915,-0.14379501342773438,-0.14673948287963867,0.002944469451904297
pair_0024_happy,pair_0024,07,01,01,01,happy,pair_0024_sad,-1,v_decision_joint,v,"[18, 19, 20, 21, 22, 23]",-4.384683609008789,-4.240888595581055,-4.237861633300781,-0.14379501342773438,-0.1468219757080078,0.0030269622802734375
pair_0024_happy,pair_0024,07,01,01,01,happy,pair_0024_sad,-1,v_post_audio_marker_joint,v,"[18, 19, 20, 21, 22, 23]",-4.384683609008789,-4.240888595581055,-4.240972995758057,-0.14379501342773438,-0.14371061325073242,-8.440017700195312e-05
pair_0024_happy,pair_0024,07,01,01,01,happy,pair_0024_sad,-1,v_all_joint,v,"[18, 19, 20, 21, 22, 23]",-4.384683609008789,-4.240888595581055,-4.287621974945068,-0.14379501342773438,-0.0970616340637207,-0.04673337936401367
pair_0024_sad,pair_0024,07,01,01,01,sad,pair_0024_happy,1,v_audio_joint,v,"[18, 19, 20, 21, 22, 23]",-4.1672210693359375,-4.296696662902832,-4.295932769775391,-0.12947559356689453,-0.12871170043945312,-0.0007638931274414062
pair_0024_sad,pair_0024,07,01,01,01,sad,pair_0024_happy,1,v_prompt_joint,v,"[18, 19, 20, 21, 22, 23]",-4.1672210693359375,-4.296696662902832,-4.296696662902832,-0.12947559356689453,-0.12947559356689453,0.0
pair_0024_sad,pair_0024,07,01,01,01,sad,pair_0024_happy,1,v_other_joint,v,"[18, 19, 20, 21, 22, 23]",-4.1672210693359375,-4.296696662902832,-4.298450469970703,-0.12947559356689453,-0.13122940063476562,0.0017538070678710938
pair_0024_sad,pair_0024,07,01,01,01,sad,pair_0024_happy,1,v_non_audio_joint,v,"[18, 19, 20, 21, 22, 23]",-4.1672210693359375,-4.296696662902832,-4.298450469970703,-0.12947559356689453,-0.13122940063476562,0.0017538070678710938
pair_0024_sad,pair_0024,07,01,01,01,sad,pair_0024_happy,1,v_decision_joint,v,"[18, 19, 20, 21, 22, 23]",-4.1672210693359375,-4.296696662902832,-4.298534393310547,-0.12947559356689453,-0.13131332397460938,0.0018377304077148438
pair_0024_sad,pair_0024,07,01,01,01,sad,pair_0024_happy,1,v_post_audio_marker_joint,v,"[18, 19, 20, 21, 22, 23]",-4.1672210693359375,-4.296696662902832,-4.296615123748779,-0.12947559356689453,-0.1293940544128418,-8.153915405273438e-05
pair_0024_sad,pair_0024,07,01,01,01,sad,pair_0024_happy,1,v_all_joint,v,"[18, 19, 20, 21, 22, 23]",-4.1672210693359375,-4.296696662902832,-4.292988300323486,-0.12947559356689453,-0.12576723098754883,-0.003708362579345703
pair_0025_happy,pair_0025,07,01,02,01,happy,pair_0025_sad,-1,v_audio_joint,v,"[18, 19, 20, 21, 22, 23]",-4.604063987731934,-4.625931262969971,-4.556425094604492,0.02186727523803711,-0.047638893127441406,0.06950616836547852
pair_0025_happy,pair_0025,07,01,02,01,happy,pair_0025_sad,-1,v_prompt_joint,v,"[18, 19, 20, 21, 22, 23]",-4.604063987731934,-4.625931262969971,-4.625931262969971,0.02186727523803711,0.02186727523803711,-0.0
pair_0025_happy,pair_0025,07,01,02,01,happy,pair_0025_sad,-1,v_other_joint,v,"[18, 19, 20, 21, 22, 23]",-4.604063987731934,-4.625931262969971,-4.623291015625,0.02186727523803711,0.019227027893066406,0.002640247344970703
pair_0025_happy,pair_0025,07,01,02,01,happy,pair_0025_sad,-1,v_non_audio_joint,v,"[18, 19, 20, 21, 22, 23]",-4.604063987731934,-4.625931262969971,-4.623291015625,0.02186727523803711,0.019227027893066406,0.002640247344970703
pair_0025_happy,pair_0025,07,01,02,01,happy,pair_0025_sad,-1,v_decision_joint,v,"[18, 19, 20, 21, 22, 23]",-4.604063987731934,-4.625931262969971,-4.6232757568359375,0.02186727523803711,0.019211769104003906,0.002655506134033203
pair_0025_happy,pair_0025,07,01,02,01,happy,pair_0025_sad,-1,v_post_audio_marker_joint,v,"[18, 19, 20, 21, 22, 23]",-4.604063987731934,-4.625931262969971,-4.625943660736084,0.02186727523803711,0.02187967300415039,-1.239776611328125e-05
pair_0025_happy,pair_0025,07,01,02,01,happy,pair_0025_sad,-1,v_all_joint,v,"[18, 19, 20, 21, 22, 23]",-4.604063987731934,-4.625931262969971,-4.556112289428711,0.02186727523803711,-0.047951698303222656,0.06981897354125977
pair_0025_sad,pair_0025,07,01,02,01,sad,pair_0025_happy,1,v_audio_joint,v,"[18, 19, 20, 21, 22, 23]",-4.696544170379639,-4.665755748748779,-4.773900032043457,0.030788421630859375,-0.07735586166381836,0.10814428329467773
pair_0025_sad,pair_0025,07,01,02,01,sad,pair_0025_happy,1,v_prompt_joint,v,"[18, 19, 20, 21, 22, 23]",-4.696544170379639,-4.665755748748779,-4.665755748748779,0.030788421630859375,0.030788421630859375,0.0
pair_0025_sad,pair_0025,07,01,02,01,sad,pair_0025_happy,1,v_other_joint,v,"[18, 19, 20, 21, 22, 23]",-4.696544170379639,-4.665755748748779,-4.667559623718262,0.030788421630859375,0.028984546661376953,0.0018038749694824219
pair_0025_sad,pair_0025,07,01,02,01,sad,pair_0025_happy,1,v_non_audio_joint,v,"[18, 19, 20, 21, 22, 23]",-4.696544170379639,-4.665755748748779,-4.667559623718262,0.030788421630859375,0.028984546661376953,0.0018038749694824219
pair_0025_sad,pair_0025,07,01,02,01,sad,pair_0025_happy,1,v_decision_joint,v,"[18, 19, 20, 21, 22, 23]",-4.696544170379639,-4.665755748748779,-4.667579650878906,0.030788421630859375,0.028964519500732422,0.0018239021301269531
pair_0025_sad,pair_0025,07,01,02,01,sad,pair_0025_happy,1,v_post_audio_marker_joint,v,"[18, 19, 20, 21, 22, 23]",-4.696544170379639,-4.665755748748779,-4.665740013122559,0.030788421630859375,0.030804157257080078,-1.5735626220703125e-05
pair_0025_sad,pair_0025,07,01,02,01,sad,pair_0025_happy,1,v_all_joint,v,"[18, 19, 20, 21, 22, 23]",-4.696544170379639,-4.665755748748779,-4.77409553527832,0.030788421630859375,-0.07755136489868164,0.10833978652954102
pair_0026_happy,pair_0026,07,02,01,01,happy,pair_0026_sad,-1,v_audio_joint,v,"[18, 19, 20, 21, 22, 23]",-3.7800509929656982,-3.708968162536621,-3.4691481590270996,-0.07108283042907715,-0.31090283393859863,0.23982000350952148
pair_0026_happy,pair_0026,07,02,01,01,happy,pair_0026_sad,-1,v_prompt_joint,v,"[18, 19, 20, 21, 22, 23]",-3.7800509929656982,-3.708968162536621,-3.708968162536621,-0.07108283042907715,-0.07108283042907715,-0.0
pair_0026_happy,pair_0026,07,02,01,01,happy,pair_0026_sad,-1,v_other_joint,v,"[18, 19, 20, 21, 22, 23]",-3.7800509929656982,-3.708968162536621,-3.7066256999969482,-0.07108283042907715,-0.07342529296875,0.0023424625396728516
pair_0026_happy,pair_0026,07,02,01,01,happy,pair_0026_sad,-1,v_non_audio_joint,v,"[18, 19, 20, 21, 22, 23]",-3.7800509929656982,-3.708968162536621,-3.7066256999969482,-0.07108283042907715,-0.07342529296875,0.0023424625396728516
pair_0026_happy,pair_0026,07,02,01,01,happy,pair_0026_sad,-1,v_decision_joint,v,"[18, 19, 20, 21, 22, 23]",-3.7800509929656982,-3.708968162536621,-3.7066256999969482,-0.07108283042907715,-0.07342529296875,0.0023424625396728516
pair_0026_happy,pair_0026,07,02,01,01,happy,pair_0026_sad,-1,v_post_audio_marker_joint,v,"[18, 19, 20, 21, 22, 23]",-3.7800509929656982,-3.708968162536621,-3.708970069885254,-0.07108283042907715,-0.07108092308044434,-1.9073486328125e-06
pair_0026_happy,pair_0026,07,02,01,01,happy,pair_0026_sad,-1,v_all_joint,v,"[18, 19, 20, 21, 22, 23]",-3.7800509929656982,-3.708968162536621,-3.4778637886047363,-0.07108283042907715,-0.3021872043609619,0.23110437393188477
pair_0026_sad,pair_0026,07,02,01,01,sad,pair_0026_happy,1,v_audio_joint,v,"[18, 19, 20, 21, 22, 23]",-3.630866765975952,-3.6996631622314453,-3.4372682571411133,-0.06879639625549316,0.19359850883483887,-0.26239490509033203
pair_0026_sad,pair_0026,07,02,01,01,sad,pair_0026_happy,1,v_prompt_joint,v,"[18, 19, 20, 21, 22, 23]",-3.630866765975952,-3.6996631622314453,-3.6996631622314453,-0.06879639625549316,-0.06879639625549316,0.0
pair_0026_sad,pair_0026,07,02,01,01,sad,pair_0026_happy,1,v_other_joint,v,"[18, 19, 20, 21, 22, 23]",-3.630866765975952,-3.6996631622314453,-3.7026543617248535,-0.06879639625549316,-0.07178759574890137,0.002991199493408203
pair_0026_sad,pair_0026,07,02,01,01,sad,pair_0026_happy,1,v_non_audio_joint,v,"[18, 19, 20, 21, 22, 23]",-3.630866765975952,-3.6996631622314453,-3.7026543617248535,-0.06879639625549316,-0.07178759574890137,0.002991199493408203
pair_0026_sad,pair_0026,07,02,01,01,sad,pair_0026_happy,1,v_decision_joint,v,"[18, 19, 20, 21, 22, 23]",-3.630866765975952,-3.6996631622314453,-3.702655553817749,-0.06879639625549316,-0.07178878784179688,0.002992391586303711
pair_0026_sad,pair_0026,07,02,01,01,sad,pair_0026_happy,1,v_post_audio_marker_joint,v,"[18, 19, 20, 21, 22, 23]",-3.630866765975952,-3.6996631622314453,-3.6996660232543945,-0.06879639625549316,-0.06879925727844238,2.86102294921875e-06
pair_0026_sad,pair_0026,07,02,01,01,sad,pair_0026_happy,1,v_all_joint,v,"[18, 19, 20, 21, 22, 23]",-3.630866765975952,-3.6996631622314453,-3.4357171058654785,-0.06879639625549316,0.19514966011047363,-0.2639460563659668
pair_0027_happy,pair_0027,07,02,02,01,happy,pair_0027_sad,-1,v_audio_joint,v,"[18, 19, 20, 21, 22, 23]",-3.7800509929656982,-3.7281789779663086,-3.352520227432251,-0.05187201499938965,-0.42753076553344727,0.3756587505340576
pair_0027_happy,pair_0027,07,02,02,01,happy,pair_0027_sad,-1,v_prompt_joint,v,"[18, 19, 20, 21, 22, 23]",-3.7800509929656982,-3.7281789779663086,-3.7281789779663086,-0.05187201499938965,-0.05187201499938965,-0.0
pair_0027_happy,pair_0027,07,02,02,01,happy,pair_0027_sad,-1,v_other_joint,v,"[18, 19, 20, 21, 22, 23]",-3.7800509929656982,-3.7281789779663086,-3.7301769256591797,-0.05187201499938965,-0.049874067306518555,-0.0019979476928710938
pair_0027_happy,pair_0027,07,02,02,01,happy,pair_0027_sad,-1,v_non_audio_joint,v,"[18, 19, 20, 21, 22, 23]",-3.7800509929656982,-3.7281789779663086,-3.7301769256591797,-0.05187201499938965,-0.049874067306518555,-0.0019979476928710938
pair_0027_happy,pair_0027,07,02,02,01,happy,pair_0027_sad,-1,v_decision_joint,v,"[18, 19, 20, 21, 22, 23]",-3.7800509929656982,-3.7281789779663086,-3.7301766872406006,-0.05187201499938965,-0.049874305725097656,-0.001997709274291992
pair_0027_happy,pair_0027,07,02,02,01,happy,pair_0027_sad,-1,v_post_audio_marker_joint,v,"[18, 19, 20, 21, 22, 23]",-3.7800509929656982,-3.7281789779663086,-3.7281744480133057,-0.05187201499938965,-0.05187654495239258,4.5299530029296875e-06
pair_0027_happy,pair_0027,07,02,02,01,happy,pair_0027_sad,-1,v_all_joint,v,"[18, 19, 20, 21, 22, 23]",-3.7800509929656982,-3.7281789779663086,-3.3610405921936035,-0.05187201499938965,-0.4190104007720947,0.3671383857727051
pair_0027_sad,pair_0027,07,02,02,01,sad,pair_0027_happy,1,v_audio_joint,v,"[18, 19, 20, 21, 22, 23]",-3.5695126056671143,-3.610123634338379,-3.4477787017822266,-0.04061102867126465,0.1217339038848877,-0.16234493255615234
pair_0027_sad,pair_0027,07,02,02,01,sad,pair_0027_happy,1,v_prompt_joint,v,"[18, 19, 20, 21, 22, 23]",-3.5695126056671143,-3.610123634338379,-3.610123634338379,-0.04061102867126465,-0.04061102867126465,0.0
pair_0027_sad,pair_0027,07,02,02,01,sad,pair_0027_happy,1,v_other_joint,v,"[18, 19, 20, 21, 22, 23]",-3.5695126056671143,-3.610123634338379,-3.608651876449585,-0.04061102867126465,-0.0391392707824707,-0.0014717578887939453
pair_0027_sad,pair_0027,07,02,02,01,sad,pair_0027_happy,1,v_non_audio_joint,v,"[18, 19, 20, 21, 22, 23]",-3.5695126056671143,-3.610123634338379,-3.608651876449585,-0.04061102867126465,-0.0391392707824707,-0.0014717578887939453
pair_0027_sad,pair_0027,07,02,02,01,sad,pair_0027_happy,1,v_decision_joint,v,"[18, 19, 20, 21, 22, 23]",-3.5695126056671143,-3.610123634338379,-3.608668804168701,-0.04061102867126465,-0.039156198501586914,-0.0014548301696777344
pair_0027_sad,pair_0027,07,02,02,01,sad,pair_0027_happy,1,v_post_audio_marker_joint,v,"[18, 19, 20, 21, 22, 23]",-3.5695126056671143,-3.610123634338379,-3.610119104385376,-0.04061102867126465,-0.04060649871826172,-4.5299530029296875e-06
pair_0027_sad,pair_0027,07,02,02,01,sad,pair_0027_happy,1,v_all_joint,v,"[18, 19, 20, 21, 22, 23]",-3.5695126056671143,-3.610123634338379,-3.4440457820892334,-0.04061102867126465,0.12546682357788086,-0.1660778522491455
pair_0028_happy,pair_0028,08,01,01,01,happy,pair_0028_sad,-1,v_audio_joint,v,"[18, 19, 20, 21, 22, 23]",-3.8731539249420166,-4.2741241455078125,-3.8568191528320312,0.4009702205657959,-0.01633477210998535,0.41730499267578125
pair_0028_happy,pair_0028,08,01,01,01,happy,pair_0028_sad,-1,v_prompt_joint,v,"[18, 19, 20, 21, 22, 23]",-3.8731539249420166,-4.2741241455078125,-4.2741241455078125,0.4009702205657959,0.4009702205657959,-0.0
pair_0028_happy,pair_0028,08,01,01,01,happy,pair_0028_sad,-1,v_other_joint,v,"[18, 19, 20, 21, 22, 23]",-3.8731539249420166,-4.2741241455078125,-4.252328395843506,0.4009702205657959,0.37917447090148926,0.02179574966430664
pair_0028_happy,pair_0028,08,01,01,01,happy,pair_0028_sad,-1,v_non_audio_joint,v,"[18, 19, 20, 21, 22, 23]",-3.8731539249420166,-4.2741241455078125,-4.252328395843506,0.4009702205657959,0.37917447090148926,0.02179574966430664
pair_0028_happy,pair_0028,08,01,01,01,happy,pair_0028_sad,-1,v_decision_joint,v,"[18, 19, 20, 21, 22, 23]",-3.8731539249420166,-4.2741241455078125,-4.25248908996582,0.4009702205657959,0.3793351650238037,0.021635055541992188
pair_0028_happy,pair_0028,08,01,01,01,happy,pair_0028_sad,-1,v_post_audio_marker_joint,v,"[18, 19, 20, 21, 22, 23]",-3.8731539249420166,-4.2741241455078125,-4.273959159851074,0.4009702205657959,0.4008052349090576,0.00016498565673828125
pair_0028_happy,pair_0028,08,01,01,01,happy,pair_0028_sad,-1,v_all_joint,v,"[18, 19, 20, 21, 22, 23]",-3.8731539249420166,-4.2741241455078125,-3.854738712310791,0.4009702205657959,-0.018415212631225586,0.4193854331970215
pair_0028_sad,pair_0028,08,01,01,01,sad,pair_0028_happy,1,v_audio_joint,v,"[18, 19, 20, 21, 22, 23]",-5.036435127258301,-4.652103424072266,-4.940761566162109,0.38433170318603516,0.0956735610961914,0.28865814208984375
pair_0028_sad,pair_0028,08,01,01,01,sad,pair_0028_happy,1,v_prompt_joint,v,"[18, 19, 20, 21, 22, 23]",-5.036435127258301,-4.652103424072266,-4.652103424072266,0.38433170318603516,0.38433170318603516,0.0
pair_0028_sad,pair_0028,08,01,01,01,sad,pair_0028_happy,1,v_other_joint,v,"[18, 19, 20, 21, 22, 23]",-5.036435127258301,-4.652103424072266,-4.672050476074219,0.38433170318603516,0.36438465118408203,0.019947052001953125
pair_0028_sad,pair_0028,08,01,01,01,sad,pair_0028_happy,1,v_non_audio_joint,v,"[18, 19, 20, 21, 22, 23]",-5.036435127258301,-4.652103424072266,-4.672050476074219,0.38433170318603516,0.36438465118408203,0.019947052001953125
pair_0028_sad,pair_0028,08,01,01,01,sad,pair_0028_happy,1,v_decision_joint,v,"[18, 19, 20, 21, 22, 23]",-5.036435127258301,-4.652103424072266,-4.67189884185791,0.38433170318603516,0.3645362854003906,0.01979541778564453
pair_0028_sad,pair_0028,08,01,01,01,sad,pair_0028_happy,1,v_post_audio_marker_joint,v,"[18, 19, 20, 21, 22, 23]",-5.036435127258301,-4.652103424072266,-4.6522650718688965,0.38433170318603516,0.3841700553894043,0.00016164779663085938
pair_0028_sad,pair_0028,08,01,01,01,sad,pair_0028_happy,1,v_all_joint,v,"[18, 19, 20, 21, 22, 23]",-5.036435127258301,-4.652103424072266,-4.929931640625,0.38433170318603516,0.10650348663330078,0.2778282165527344
pair_0029_happy,pair_0029,08,01,02,01,happy,pair_0029_sad,-1,v_audio_joint,v,"[18, 19, 20, 21, 22, 23]",-4.524965286254883,-4.657519817352295,-4.248431205749512,0.1325545310974121,-0.2765340805053711,0.4090886116027832
pair_0029_happy,pair_0029,08,01,02,01,happy,pair_0029_sad,-1,v_prompt_joint,v,"[18, 19, 20, 21, 22, 23]",-4.524965286254883,-4.657519817352295,-4.657519817352295,0.1325545310974121,0.1325545310974121,-0.0
pair_0029_happy,pair_0029,08,01,02,01,happy,pair_0029_sad,-1,v_other_joint,v,"[18, 19, 20, 21, 22, 23]",-4.524965286254883,-4.657519817352295,-4.634387493133545,0.1325545310974121,0.10942220687866211,0.02313232421875
pair_0029_happy,pair_0029,08,01,02,01,happy,pair_0029_sad,-1,v_non_audio_joint,v,"[18, 19, 20, 21, 22, 23]",-4.524965286254883,-4.657519817352295,-4.634387493133545,0.1325545310974121,0.10942220687866211,0.02313232421875
pair_0029_happy,pair_0029,08,01,02,01,happy,pair_0029_sad,-1,v_decision_joint,v,"[18, 19, 20, 21, 22, 23]",-4.524965286254883,-4.657519817352295,-4.63439416885376,0.1325545310974121,0.10942888259887695,0.023125648498535156
pair_0029_happy,pair_0029,08,01,02,01,happy,pair_0029_sad,-1,v_post_audio_marker_joint,v,"[18, 19, 20, 21, 22, 23]",-4.524965286254883,-4.657519817352295,-4.657514572143555,0.1325545310974121,0.13254928588867188,5.245208740234375e-06
pair_0029_happy,pair_0029,08,01,02,01,happy,pair_0029_sad,-1,v_all_joint,v,"[18, 19, 20, 21, 22, 23]",-4.524965286254883,-4.657519817352295,-4.245023727416992,0.1325545310974121,-0.2799415588378906,0.41249608993530273
pair_0029_sad,pair_0029,08,01,02,01,sad,pair_0029_happy,1,v_audio_joint,v,"[18, 19, 20, 21, 22, 23]",-4.290677070617676,-4.241660118103027,-4.347544193267822,0.04901695251464844,-0.056867122650146484,0.10588407516479492
pair_0029_sad,pair_0029,08,01,02,01,sad,pair_0029_happy,1,v_prompt_joint,v,"[18, 19, 20, 21, 22, 23]",-4.290677070617676,-4.241660118103027,-4.241660118103027,0.04901695251464844,0.04901695251464844,0.0
pair_0029_sad,pair_0029,08,01,02,01,sad,pair_0029_happy,1,v_other_joint,v,"[18, 19, 20, 21, 22, 23]",-4.290677070617676,-4.241660118103027,-4.2606401443481445,0.04901695251464844,0.03003692626953125,0.018980026245117188
pair_0029_sad,pair_0029,08,01,02,01,sad,pair_0029_happy,1,v_non_audio_joint,v,"[18, 19, 20, 21, 22, 23]",-4.290677070617676,-4.241660118103027,-4.2606401443481445,0.04901695251464844,0.03003692626953125,0.018980026245117188
pair_0029_sad,pair_0029,08,01,02,01,sad,pair_0029_happy,1,v_decision_joint,v,"[18, 19, 20, 21, 22, 23]",-4.290677070617676,-4.241660118103027,-4.260635852813721,0.04901695251464844,0.030041217803955078,0.01897573471069336
pair_0029_sad,pair_0029,08,01,02,01,sad,pair_0029_happy,1,v_post_audio_marker_joint,v,"[18, 19, 20, 21, 22, 23]",-4.290677070617676,-4.241660118103027,-4.24166202545166,0.04901695251464844,0.049015045166015625,1.9073486328125e-06
pair_0029_sad,pair_0029,08,01,02,01,sad,pair_0029_happy,1,v_all_joint,v,"[18, 19, 20, 21, 22, 23]",-4.290677070617676,-4.241660118103027,-4.360756874084473,0.04901695251464844,-0.07007980346679688,0.11909675598144531
pair_0030_happy,pair_0030,08,02,01,01,happy,pair_0030_sad,-1,v_audio_joint,v,"[18, 19, 20, 21, 22, 23]",-3.895028591156006,-3.2109622955322266,-3.830667734146118,-0.6840662956237793,-0.0643608570098877,-0.6197054386138916
pair_0030_happy,pair_0030,08,02,01,01,happy,pair_0030_sad,-1,v_prompt_joint,v,"[18, 19, 20, 21, 22, 23]",-3.895028591156006,-3.2109622955322266,-3.2109622955322266,-0.6840662956237793,-0.6840662956237793,-0.0
pair_0030_happy,pair_0030,08,02,01,01,happy,pair_0030_sad,-1,v_other_joint,v,"[18, 19, 20, 21, 22, 23]",-3.895028591156006,-3.2109622955322266,-3.2125930786132812,-0.6840662956237793,-0.6824355125427246,-0.0016307830810546875
pair_0030_happy,pair_0030,08,02,01,01,happy,pair_0030_sad,-1,v_non_audio_joint,v,"[18, 19, 20, 21, 22, 23]",-3.895028591156006,-3.2109622955322266,-3.2125930786132812,-0.6840662956237793,-0.6824355125427246,-0.0016307830810546875
pair_0030_happy,pair_0030,08,02,01,01,happy,pair_0030_sad,-1,v_decision_joint,v,"[18, 19, 20, 21, 22, 23]",-3.895028591156006,-3.2109622955322266,-3.2129406929016113,-0.6840662956237793,-0.6820878982543945,-0.0019783973693847656
pair_0030_happy,pair_0030,08,02,01,01,happy,pair_0030_sad,-1,v_post_audio_marker_joint,v,"[18, 19, 20, 21, 22, 23]",-3.895028591156006,-3.2109622955322266,-3.2106151580810547,-0.6840662956237793,-0.6844134330749512,0.000347137451171875
pair_0030_happy,pair_0030,08,02,01,01,happy,pair_0030_sad,-1,v_all_joint,v,"[18, 19, 20, 21, 22, 23]",-3.895028591156006,-3.2109622955322266,-3.813453197479248,-0.6840662956237793,-0.08157539367675781,-0.6024909019470215
pair_0030_sad,pair_0030,08,02,01,01,sad,pair_0030_happy,1,v_audio_joint,v,"[18, 19, 20, 21, 22, 23]",-2.6575613021850586,-3.4580156803131104,-2.507389545440674,-0.8004543781280518,0.15017175674438477,-0.9506261348724365
pair_0030_sad,pair_0030,08,02,01,01,sad,pair_0030_happy,1,v_prompt_joint,v,"[18, 19, 20, 21, 22, 23]",-2.6575613021850586,-3.4580156803131104,-3.4580156803131104,-0.8004543781280518,-0.8004543781280518,0.0
pair_0030_sad,pair_0030,08,02,01,01,sad,pair_0030_happy,1,v_other_joint,v,"[18, 19, 20, 21, 22, 23]",-2.6575613021850586,-3.4580156803131104,-3.452226161956787,-0.8004543781280518,-0.7946648597717285,-0.005789518356323242
pair_0030_sad,pair_0030,08,02,01,01,sad,pair_0030_happy,1,v_non_audio_joint,v,"[18, 19, 20, 21, 22, 23]",-2.6575613021850586,-3.4580156803131104,-3.452226161956787,-0.8004543781280518,-0.7946648597717285,-0.005789518356323242
pair_0030_sad,pair_0030,08,02,01,01,sad,pair_0030_happy,1,v_decision_joint,v,"[18, 19, 20, 21, 22, 23]",-2.6575613021850586,-3.4580156803131104,-3.451906442642212,-0.8004543781280518,-0.7943451404571533,-0.0061092376708984375
pair_0030_sad,pair_0030,08,02,01,01,sad,pair_0030_happy,1,v_post_audio_marker_joint,v,"[18, 19, 20, 21, 22, 23]",-2.6575613021850586,-3.4580156803131104,-3.4583420753479004,-0.8004543781280518,-0.8007807731628418,0.00032639503479003906
pair_0030_sad,pair_0030,08,02,01,01,sad,pair_0030_happy,1,v_all_joint,v,"[18, 19, 20, 21, 22, 23]",-2.6575613021850586,-3.4580156803131104,-2.5421276092529297,-0.8004543781280518,0.1154336929321289,-0.9158880710601807
pair_0031_happy,pair_0031,08,02,02,01,happy,pair_0031_sad,-1,v_audio_joint,v,"[18, 19, 20, 21, 22, 23]",-3.81231689453125,-3.660240650177002,-4.171539306640625,-0.15207624435424805,0.359222412109375,-0.511298656463623
pair_0031_happy,pair_0031,08,02,02,01,happy,pair_0031_sad,-1,v_prompt_joint,v,"[18, 19, 20, 21, 22, 23]",-3.81231689453125,-3.660240650177002,-3.660240650177002,-0.15207624435424805,-0.15207624435424805,-0.0
pair_0031_happy,pair_0031,08,02,02,01,happy,pair_0031_sad,-1,v_other_joint,v,"[18, 19, 20, 21, 22, 23]",-3.81231689453125,-3.660240650177002,-3.6569275856018066,-0.15207624435424805,-0.15538930892944336,0.0033130645751953125
pair_0031_happy,pair_0031,08,02,02,01,happy,pair_0031_sad,-1,v_non_audio_joint,v,"[18, 19, 20, 21, 22, 23]",-3.81231689453125,-3.660240650177002,-3.6569275856018066,-0.15207624435424805,-0.15538930892944336,0.0033130645751953125
pair_0031_happy,pair_0031,08,02,02,01,happy,pair_0031_sad,-1,v_decision_joint,v,"[18, 19, 20, 21, 22, 23]",-3.81231689453125,-3.660240650177002,-3.6569833755493164,-0.15207624435424805,-0.1553335189819336,0.003257274627685547
pair_0031_happy,pair_0031,08,02,02,01,happy,pair_0031_sad,-1,v_post_audio_marker_joint,v,"[18, 19, 20, 21, 22, 23]",-3.81231689453125,-3.660240650177002,-3.660188674926758,-0.15207624435424805,-0.1521282196044922,5.1975250244140625e-05
pair_0031_happy,pair_0031,08,02,02,01,happy,pair_0031_sad,-1,v_all_joint,v,"[18, 19, 20, 21, 22, 23]",-3.81231689453125,-3.660240650177002,-4.141905784606934,-0.15207624435424805,0.3295888900756836,-0.48166513442993164
pair_0031_sad,pair_0031,08,02,02,01,sad,pair_0031_happy,1,v_audio_joint,v,"[18, 19, 20, 21, 22, 23]",-3.2720704078674316,-3.5574283599853516,-2.676177978515625,-0.2853579521179199,0.5958924293518066,-0.8812503814697266
pair_0031_sad,pair_0031,08,02,02,01,sad,pair_0031_happy,1,v_prompt_joint,v,"[18, 19, 20, 21, 22, 23]",-3.2720704078674316,-3.5574283599853516,-3.5574283599853516,-0.2853579521179199,-0.2853579521179199,0.0
pair_0031_sad,pair_0031,08,02,02,01,sad,pair_0031_happy,1,v_other_joint,v,"[18, 19, 20, 21, 22, 23]",-3.2720704078674316,-3.5574283599853516,-3.553194999694824,-0.2853579521179199,-0.2811245918273926,-0.004233360290527344
pair_0031_sad,pair_0031,08,02,02,01,sad,pair_0031_happy,1,v_non_audio_joint,v,"[18, 19, 20, 21, 22, 23]",-3.2720704078674316,-3.5574283599853516,-3.553194999694824,-0.2853579521179199,-0.2811245918273926,-0.004233360290527344
pair_0031_sad,pair_0031,08,02,02,01,sad,pair_0031_happy,1,v_decision_joint,v,"[18, 19, 20, 21, 22, 23]",-3.2720704078674316,-3.5574283599853516,-3.5531091690063477,-0.2853579521179199,-0.281038761138916,-0.004319190979003906
pair_0031_sad,pair_0031,08,02,02,01,sad,pair_0031_happy,1,v_post_audio_marker_joint,v,"[18, 19, 20, 21, 22, 23]",-3.2720704078674316,-3.5574283599853516,-3.5575146675109863,-0.2853579521179199,-0.2854442596435547,8.630752563476562e-05
pair_0031_sad,pair_0031,08,02,02,01,sad,pair_0031_happy,1,v_all_joint,v,"[18, 19, 20, 21, 22, 23]",-3.2720704078674316,-3.5574283599853516,-2.701464891433716,-0.2853579521179199,0.5706055164337158,-0.8559634685516357
pair_0032_happy,pair_0032,09,01,01,01,happy,pair_0032_sad,-1,v_audio_joint,v,"[18, 19, 20, 21, 22, 23]",-4.663866996765137,-4.66933536529541,-4.509794235229492,0.0054683685302734375,-0.15407276153564453,0.15954113006591797
pair_0032_happy,pair_0032,09,01,01,01,happy,pair_0032_sad,-1,v_prompt_joint,v,"[18, 19, 20, 21, 22, 23]",-4.663866996765137,-4.66933536529541,-4.66933536529541,0.0054683685302734375,0.0054683685302734375,-0.0
pair_0032_happy,pair_0032,09,01,01,01,happy,pair_0032_sad,-1,v_other_joint,v,"[18, 19, 20, 21, 22, 23]",-4.663866996765137,-4.66933536529541,-4.670262336730957,0.0054683685302734375,0.0063953399658203125,-0.000926971435546875
pair_0032_happy,pair_0032,09,01,01,01,happy,pair_0032_sad,-1,v_non_audio_joint,v,"[18, 19, 20, 21, 22, 23]",-4.663866996765137,-4.66933536529541,-4.670262336730957,0.0054683685302734375,0.0063953399658203125,-0.000926971435546875
pair_0032_happy,pair_0032,09,01,01,01,happy,pair_0032_sad,-1,v_decision_joint,v,"[18, 19, 20, 21, 22, 23]",-4.663866996765137,-4.66933536529541,-4.670268535614014,0.0054683685302734375,0.006401538848876953,-0.0009331703186035156
pair_0032_happy,pair_0032,09,01,01,01,happy,pair_0032_sad,-1,v_post_audio_marker_joint,v,"[18, 19, 20, 21, 22, 23]",-4.663866996765137,-4.66933536529541,-4.6693267822265625,0.0054683685302734375,0.005459785461425781,8.58306884765625e-06
pair_0032_happy,pair_0032,09,01,01,01,happy,pair_0032_sad,-1,v_all_joint,v,"[18, 19, 20, 21, 22, 23]",-4.663866996765137,-4.66933536529541,-4.509025573730469,0.0054683685302734375,-0.15484142303466797,0.1603097915649414
pair_0032_sad,pair_0032,09,01,01,01,sad,pair_0032_happy,1,v_audio_joint,v,"[18, 19, 20, 21, 22, 23]",-4.710247993469238,-4.698345184326172,-4.506746768951416,0.011902809143066406,0.20350122451782227,-0.19159841537475586
pair_0032_sad,pair_0032,09,01,01,01,sad,pair_0032_happy,1,v_prompt_joint,v,"[18, 19, 20, 21, 22, 23]",-4.710247993469238,-4.698345184326172,-4.698345184326172,0.011902809143066406,0.011902809143066406,0.0
pair_0032_sad,pair_0032,09,01,01,01,sad,pair_0032_happy,1,v_other_joint,v,"[18, 19, 20, 21, 22, 23]",-4.710247993469238,-4.698345184326172,-4.698594093322754,0.011902809143066406,0.011653900146484375,0.00024890899658203125
pair_0032_sad,pair_0032,09,01,01,01,sad,pair_0032_happy,1,v_non_audio_joint,v,"[18, 19, 20, 21, 22, 23]",-4.710247993469238,-4.698345184326172,-4.698594093322754,0.011902809143066406,0.011653900146484375,0.00024890899658203125
pair_0032_sad,pair_0032,09,01,01,01,sad,pair_0032_happy,1,v_decision_joint,v,"[18, 19, 20, 21, 22, 23]",-4.710247993469238,-4.698345184326172,-4.698584079742432,0.011902809143066406,0.01166391372680664,0.00023889541625976562
pair_0032_sad,pair_0032,09,01,01,01,sad,pair_0032_happy,1,v_post_audio_marker_joint,v,"[18, 19, 20, 21, 22, 23]",-4.710247993469238,-4.698345184326172,-4.698352813720703,0.011902809143066406,0.011895179748535156,7.62939453125e-06
pair_0032_sad,pair_0032,09,01,01,01,sad,pair_0032_happy,1,v_all_joint,v,"[18, 19, 20, 21, 22, 23]",-4.710247993469238,-4.698345184326172,-4.514477252960205,0.011902809143066406,0.1957707405090332,-0.1838679313659668
pair_0033_happy,pair_0033,09,01,02,01,happy,pair_0033_sad,-1,v_audio_joint,v,"[18, 19, 20, 21, 22, 23]",-5.057777404785156,-5.070005416870117,-4.96347713470459,0.012228012084960938,-0.0943002700805664,0.10652828216552734
pair_0033_happy,pair_0033,09,01,02,01,happy,pair_0033_sad,-1,v_prompt_joint,v,"[18, 19, 20, 21, 22, 23]",-5.057777404785156,-5.070005416870117,-5.070005416870117,0.012228012084960938,0.012228012084960938,-0.0
pair_0033_happy,pair_0033,09,01,02,01,happy,pair_0033_sad,-1,v_other_joint,v,"[18, 19, 20, 21, 22, 23]",-5.057777404785156,-5.070005416870117,-5.080117225646973,0.012228012084960938,0.022339820861816406,-0.010111808776855469
pair_0033_happy,pair_0033,09,01,02,01,happy,pair_0033_sad,-1,v_non_audio_joint,v,"[18, 19, 20, 21, 22, 23]",-5.057777404785156,-5.070005416870117,-5.080117225646973,0.012228012084960938,0.022339820861816406,-0.010111808776855469
pair_0033_happy,pair_0033,09,01,02,01,happy,pair_0033_sad,-1,v_decision_joint,v,"[18, 19, 20, 21, 22, 23]",-5.057777404785156,-5.070005416870117,-5.079987049102783,0.012228012084960938,0.022209644317626953,-0.009981632232666016
pair_0033_happy,pair_0033,09,01,02,01,happy,pair_0033_sad,-1,v_post_audio_marker_joint,v,"[18, 19, 20, 21, 22, 23]",-5.057777404785156,-5.070005416870117,-5.070136070251465,0.012228012084960938,0.012358665466308594,-0.00013065338134765625
pair_0033_happy,pair_0033,09,01,02,01,happy,pair_0033_sad,-1,v_all_joint,v,"[18, 19, 20, 21, 22, 23]",-5.057777404785156,-5.070005416870117,-4.97169303894043,0.012228012084960938,-0.08608436584472656,0.0983123779296875
pair_0033_sad,pair_0033,09,01,02,01,sad,pair_0033_happy,1,v_audio_joint,v,"[18, 19, 20, 21, 22, 23]",-4.2751312255859375,-4.174032211303711,-3.8597538471221924,0.10109901428222656,0.4153773784637451,-0.31427836418151855
pair_0033_sad,pair_0033,09,01,02,01,sad,pair_0033_happy,1,v_prompt_joint,v,"[18, 19, 20, 21, 22, 23]",-4.2751312255859375,-4.174032211303711,-4.174032211303711,0.10109901428222656,0.10109901428222656,0.0
pair_0033_sad,pair_0033,09,01,02,01,sad,pair_0033_happy,1,v_other_joint,v,"[18, 19, 20, 21, 22, 23]",-4.2751312255859375,-4.174032211303711,-4.162306785583496,0.10109901428222656,0.1128244400024414,-0.011725425720214844
pair_0033_sad,pair_0033,09,01,02,01,sad,pair_0033_happy,1,v_non_audio_joint,v,"[18, 19, 20, 21, 22, 23]",-4.2751312255859375,-4.174032211303711,-4.162306785583496,0.10109901428222656,0.1128244400024414,-0.011725425720214844
pair_0033_sad,pair_0033,09,01,02,01,sad,pair_0033_happy,1,v_decision_joint,v,"[18, 19, 20, 21, 22, 23]",-4.2751312255859375,-4.174032211303711,-4.162447929382324,0.10109901428222656,0.11268329620361328,-0.011584281921386719
pair_0033_sad,pair_0033,09,01,02,01,sad,pair_0033_happy,1,v_post_audio_marker_joint,v,"[18, 19, 20, 21, 22, 23]",-4.2751312255859375,-4.174032211303711,-4.173897743225098,0.10109901428222656,0.10123348236083984,-0.00013446807861328125
pair_0033_sad,pair_0033,09,01,02,01,sad,pair_0033_happy,1,v_all_joint,v,"[18, 19, 20, 21, 22, 23]",-4.2751312255859375,-4.174032211303711,-3.813070297241211,0.10109901428222656,0.46206092834472656,-0.3609619140625
pair_0034_happy,pair_0034,09,02,01,01,happy,pair_0034_sad,-1,v_audio_joint,v,"[18, 19, 20, 21, 22, 23]",-3.9641289710998535,-3.9533393383026123,-3.8464159965515137,-0.010789632797241211,-0.11771297454833984,0.10692334175109863
pair_0034_happy,pair_0034,09,02,01,01,happy,pair_0034_sad,-1,v_prompt_joint,v,"[18, 19, 20, 21, 22, 23]",-3.9641289710998535,-3.9533393383026123,-3.9533393383026123,-0.010789632797241211,-0.010789632797241211,-0.0
pair_0034_happy,pair_0034,09,02,01,01,happy,pair_0034_sad,-1,v_other_joint,v,"[18, 19, 20, 21, 22, 23]",-3.9641289710998535,-3.9533393383026123,-3.9677798748016357,-0.010789632797241211,0.0036509037017822266,-0.014440536499023438
pair_0034_happy,pair_0034,09,02,01,01,happy,pair_0034_sad,-1,v_non_audio_joint,v,"[18, 19, 20, 21, 22, 23]",-3.9641289710998535,-3.9533393383026123,-3.9677798748016357,-0.010789632797241211,0.0036509037017822266,-0.014440536499023438
pair_0034_happy,pair_0034,09,02,01,01,happy,pair_0034_sad,-1,v_decision_joint,v,"[18, 19, 20, 21, 22, 23]",-3.9641289710998535,-3.9533393383026123,-3.967620611190796,-0.010789632797241211,0.003491640090942383,-0.014281272888183594
pair_0034_happy,pair_0034,09,02,01,01,happy,pair_0034_sad,-1,v_post_audio_marker_joint,v,"[18, 19, 20, 21, 22, 23]",-3.9641289710998535,-3.9533393383026123,-3.953500747680664,-0.010789632797241211,-0.010628223419189453,-0.0001614093780517578
pair_0034_happy,pair_0034,09,02,01,01,happy,pair_0034_sad,-1,v_all_joint,v,"[18, 19, 20, 21, 22, 23]",-3.9641289710998535,-3.9533393383026123,-3.8553895950317383,-0.010789632797241211,-0.10873937606811523,0.09794974327087402
pair_0034_sad,pair_0034,09,02,01,01,sad,pair_0034_happy,1,v_audio_joint,v,"[18, 19, 20, 21, 22, 23]",-3.916632652282715,-3.8914666175842285,-3.9312891960144043,0.025166034698486328,-0.014656543731689453,0.03982257843017578
pair_0034_sad,pair_0034,09,02,01,01,sad,pair_0034_happy,1,v_prompt_joint,v,"[18, 19, 20, 21, 22, 23]",-3.916632652282715,-3.8914666175842285,-3.8914666175842285,0.025166034698486328,0.025166034698486328,0.0
pair_0034_sad,pair_0034,09,02,01,01,sad,pair_0034_happy,1,v_other_joint,v,"[18, 19, 20, 21, 22, 23]",-3.916632652282715,-3.8914666175842285,-3.8739166259765625,0.025166034698486328,0.042716026306152344,-0.017549991607666016
pair_0034_sad,pair_0034,09,02,01,01,sad,pair_0034_happy,1,v_non_audio_joint,v,"[18, 19, 20, 21, 22, 23]",-3.916632652282715,-3.8914666175842285,-3.8739166259765625,0.025166034698486328,0.042716026306152344,-0.017549991607666016
pair_0034_sad,pair_0034,09,02,01,01,sad,pair_0034_happy,1,v_decision_joint,v,"[18, 19, 20, 21, 22, 23]",-3.916632652282715,-3.8914666175842285,-3.8740808963775635,0.025166034698486328,0.04255175590515137,-0.01738572120666504
pair_0034_sad,pair_0034,09,02,01,01,sad,pair_0034_happy,1,v_post_audio_marker_joint,v,"[18, 19, 20, 21, 22, 23]",-3.916632652282715,-3.8914666175842285,-3.8913092613220215,0.025166034698486328,0.02532339096069336,-0.00015735626220703125
pair_0034_sad,pair_0034,09,02,01,01,sad,pair_0034_happy,1,v_all_joint,v,"[18, 19, 20, 21, 22, 23]",-3.916632652282715,-3.8914666175842285,-3.921973705291748,0.025166034698486328,-0.005341053009033203,0.03050708770751953
pair_0035_happy,pair_0035,09,02,02,01,happy,pair_0035_sad,-1,v_audio_joint,v,"[18, 19, 20, 21, 22, 23]",-3.542358636856079,-3.9380552768707275,-3.5699026584625244,0.39569664001464844,0.027544021606445312,0.3681526184082031
pair_0035_happy,pair_0035,09,02,02,01,happy,pair_0035_sad,-1,v_prompt_joint,v,"[18, 19, 20, 21, 22, 23]",-3.542358636856079,-3.9380552768707275,-3.9380552768707275,0.39569664001464844,0.39569664001464844,-0.0
pair_0035_happy,pair_0035,09,02,02,01,happy,pair_0035_sad,-1,v_other_joint,v,"[18, 19, 20, 21, 22, 23]",-3.542358636856079,-3.9380552768707275,-3.9160590171813965,0.39569664001464844,0.3737003803253174,0.021996259689331055
pair_0035_happy,pair_0035,09,02,02,01,happy,pair_0035_sad,-1,v_non_audio_joint,v,"[18, 19, 20, 21, 22, 23]",-3.542358636856079,-3.9380552768707275,-3.9160590171813965,0.39569664001464844,0.3737003803253174,0.021996259689331055
pair_0035_happy,pair_0035,09,02,02,01,happy,pair_0035_sad,-1,v_decision_joint,v,"[18, 19, 20, 21, 22, 23]",-3.542358636856079,-3.9380552768707275,-3.9164912700653076,0.39569664001464844,0.3741326332092285,0.021564006805419922
pair_0035_happy,pair_0035,09,02,02,01,happy,pair_0035_sad,-1,v_post_audio_marker_joint,v,"[18, 19, 20, 21, 22, 23]",-3.542358636856079,-3.9380552768707275,-3.9376349449157715,0.39569664001464844,0.3952763080596924,0.0004203319549560547
pair_0035_happy,pair_0035,09,02,02,01,happy,pair_0035_sad,-1,v_all_joint,v,"[18, 19, 20, 21, 22, 23]",-3.542358636856079,-3.9380552768707275,-3.5573718547821045,0.39569664001464844,0.01501321792602539,0.38068342208862305
pair_0035_sad,pair_0035,09,02,02,01,sad,pair_0035_happy,1,v_audio_joint,v,"[18, 19, 20, 21, 22, 23]",-4.2842607498168945,-3.8910512924194336,-4.3648552894592285,0.39320945739746094,-0.08059453964233398,0.4738039970397949
pair_0035_sad,pair_0035,09,02,02,01,sad,pair_0035_happy,1,v_prompt_joint,v,"[18, 19, 20, 21, 22, 23]",-4.2842607498168945,-3.8910512924194336,-3.8910512924194336,0.39320945739746094,0.39320945739746094,0.0
pair_0035_sad,pair_0035,09,02,02,01,sad,pair_0035_happy,1,v_other_joint,v,"[18, 19, 20, 21, 22, 23]",-4.2842607498168945,-3.8910512924194336,-3.914418935775757,0.39320945739746094,0.3698418140411377,0.023367643356323242
pair_0035_sad,pair_0035,09,02,02,01,sad,pair_0035_happy,1,v_non_audio_joint,v,"[18, 19, 20, 21, 22, 23]",-4.2842607498168945,-3.8910512924194336,-3.914418935775757,0.39320945739746094,0.3698418140411377,0.023367643356323242
pair_0035_sad,pair_0035,09,02,02,01,sad,pair_0035_happy,1,v_decision_joint,v,"[18, 19, 20, 21, 22, 23]",-4.2842607498168945,-3.8910512924194336,-3.9139785766601562,0.39320945739746094,0.3702821731567383,0.022927284240722656
pair_0035_sad,pair_0035,09,02,02,01,sad,pair_0035_happy,1,v_post_audio_marker_joint,v,"[18, 19, 20, 21, 22, 23]",-4.2842607498168945,-3.8910512924194336,-3.891484260559082,0.39320945739746094,0.3927764892578125,0.0004329681396484375
pair_0035_sad,pair_0035,09,02,02,01,sad,pair_0035_happy,1,v_all_joint,v,"[18, 19, 20, 21, 22, 23]",-4.2842607498168945,-3.8910512924194336,-4.374096870422363,0.39320945739746094,-0.08983612060546875,0.4830455780029297
pair_0036_happy,pair_0036,10,01,01,01,happy,pair_0036_sad,-1,v_audio_joint,v,"[18, 19, 20, 21, 22, 23]",-4.150804042816162,-4.149046897888184,-3.4423770904541016,-0.0017571449279785156,-0.7084269523620605,0.706669807434082
pair_0036_happy,pair_0036,10,01,01,01,happy,pair_0036_sad,-1,v_prompt_joint,v,"[18, 19, 20, 21, 22, 23]",-4.150804042816162,-4.149046897888184,-4.149046897888184,-0.0017571449279785156,-0.0017571449279785156,-0.0
pair_0036_happy,pair_0036,10,01,01,01,happy,pair_0036_sad,-1,v_other_joint,v,"[18, 19, 20, 21, 22, 23]",-4.150804042816162,-4.149046897888184,-4.151381015777588,-0.0017571449279785156,0.0005769729614257812,-0.002334117889404297
pair_0036_happy,pair_0036,10,01,01,01,happy,pair_0036_sad,-1,v_non_audio_joint,v,"[18, 19, 20, 21, 22, 23]",-4.150804042816162,-4.149046897888184,-4.151381015777588,-0.0017571449279785156,0.0005769729614257812,-0.002334117889404297
pair_0036_happy,pair_0036,10,01,01,01,happy,pair_0036_sad,-1,v_decision_joint,v,"[18, 19, 20, 21, 22, 23]",-4.150804042816162,-4.149046897888184,-4.151330947875977,-0.0017571449279785156,0.0005269050598144531,-0.0022840499877929688
pair_0036_happy,pair_0036,10,01,01,01,happy,pair_0036_sad,-1,v_post_audio_marker_joint,v,"[18, 19, 20, 21, 22, 23]",-4.150804042816162,-4.149046897888184,-4.1490983963012695,-0.0017571449279785156,-0.0017056465148925781,-5.14984130859375e-05
pair_0036_happy,pair_0036,10,01,01,01,happy,pair_0036_sad,-1,v_all_joint,v,"[18, 19, 20, 21, 22, 23]",-4.150804042816162,-4.149046897888184,-3.4323747158050537,-0.0017571449279785156,-0.7184293270111084,0.7166721820831299
pair_0036_sad,pair_0036,10,01,01,01,sad,pair_0036_happy,1,v_audio_joint,v,"[18, 19, 20, 21, 22, 23]",-4.659658908843994,-4.682612419128418,-4.266497611999512,-0.022953510284423828,0.3931612968444824,-0.41611480712890625
pair_0036_sad,pair_0036,10,01,01,01,sad,pair_0036_happy,1,v_prompt_joint,v,"[18, 19, 20, 21, 22, 23]",-4.659658908843994,-4.682612419128418,-4.682612419128418,-0.022953510284423828,-0.022953510284423828,0.0
pair_0036_sad,pair_0036,10,01,01,01,sad,pair_0036_happy,1,v_other_joint,v,"[18, 19, 20, 21, 22, 23]",-4.659658908843994,-4.682612419128418,-4.678631782531738,-0.022953510284423828,-0.01897287368774414,-0.0039806365966796875
pair_0036_sad,pair_0036,10,01,01,01,sad,pair_0036_happy,1,v_non_audio_joint,v,"[18, 19, 20, 21, 22, 23]",-4.659658908843994,-4.682612419128418,-4.678631782531738,-0.022953510284423828,-0.01897287368774414,-0.0039806365966796875
pair_0036_sad,pair_0036,10,01,01,01,sad,pair_0036_happy,1,v_decision_joint,v,"[18, 19, 20, 21, 22, 23]",-4.659658908843994,-4.682612419128418,-4.67868709564209,-0.022953510284423828,-0.019028186798095703,-0.003925323486328125
pair_0036_sad,pair_0036,10,01,01,01,sad,pair_0036_happy,1,v_post_audio_marker_joint,v,"[18, 19, 20, 21, 22, 23]",-4.659658908843994,-4.682612419128418,-4.682553768157959,-0.022953510284423828,-0.022894859313964844,-5.8650970458984375e-05
pair_0036_sad,pair_0036,10,01,01,01,sad,pair_0036_happy,1,v_all_joint,v,"[18, 19, 20, 21, 22, 23]",-4.659658908843994,-4.682612419128418,-4.253082275390625,-0.022953510284423828,0.40657663345336914,-0.42953014373779297
pair_0037_happy,pair_0037,10,01,02,01,happy,pair_0037_sad,-1,v_audio_joint,v,"[18, 19, 20, 21, 22, 23]",-4.401796817779541,-4.521239757537842,-4.422776222229004,0.11944293975830078,0.02097940444946289,0.09846353530883789
pair_0037_happy,pair_0037,10,01,02,01,happy,pair_0037_sad,-1,v_prompt_joint,v,"[18, 19, 20, 21, 22, 23]",-4.401796817779541,-4.521239757537842,-4.521239757537842,0.11944293975830078,0.11944293975830078,-0.0
pair_0037_happy,pair_0037,10,01,02,01,happy,pair_0037_sad,-1,v_other_joint,v,"[18, 19, 20, 21, 22, 23]",-4.401796817779541,-4.521239757537842,-4.517436981201172,0.11944293975830078,0.11564016342163086,0.003802776336669922
pair_0037_happy,pair_0037,10,01,02,01,happy,pair_0037_sad,-1,v_non_audio_joint,v,"[18, 19, 20, 21, 22, 23]",-4.401796817779541,-4.521239757537842,-4.517436981201172,0.11944293975830078,0.11564016342163086,0.003802776336669922
pair_0037_happy,pair_0037,10,01,02,01,happy,pair_0037_sad,-1,v_decision_joint,v,"[18, 19, 20, 21, 22, 23]",-4.401796817779541,-4.521239757537842,-4.517299652099609,0.11944293975830078,0.11550283432006836,0.003940105438232422
pair_0037_happy,pair_0037,10,01,02,01,happy,pair_0037_sad,-1,v_post_audio_marker_joint,v,"[18, 19, 20, 21, 22, 23]",-4.401796817779541,-4.521239757537842,-4.521373748779297,0.11944293975830078,0.11957693099975586,-0.00013399124145507812
pair_0037_happy,pair_0037,10,01,02,01,happy,pair_0037_sad,-1,v_all_joint,v,"[18, 19, 20, 21, 22, 23]",-4.401796817779541,-4.521239757537842,-4.42789363861084,0.11944293975830078,0.026096820831298828,0.09334611892700195
pair_0037_sad,pair_0037,10,01,02,01,sad,pair_0037_happy,1,v_audio_joint,v,"[18, 19, 20, 21, 22, 23]",-4.394583225250244,-4.290423393249512,-4.30004358291626,0.10415983200073242,0.09453964233398438,0.009620189666748047
pair_0037_sad,pair_0037,10,01,02,01,sad,pair_0037_happy,1,v_prompt_joint,v,"[18, 19, 20, 21, 22, 23]",-4.394583225250244,-4.290423393249512,-4.290423393249512,0.10415983200073242,0.10415983200073242,0.0
pair_0037_sad,pair_0037,10,01,02,01,sad,pair_0037_happy,1,v_other_joint,v,"[18, 19, 20, 21, 22, 23]",-4.394583225250244,-4.290423393249512,-4.293271541595459,0.10415983200073242,0.10131168365478516,0.0028481483459472656
pair_0037_sad,pair_0037,10,01,02,01,sad,pair_0037_happy,1,v_non_audio_joint,v,"[18, 19, 20, 21, 22, 23]",-4.394583225250244,-4.290423393249512,-4.293271541595459,0.10415983200073242,0.10131168365478516,0.0028481483459472656
pair_0037_sad,pair_0037,10,01,02,01,sad,pair_0037_happy,1,v_decision_joint,v,"[18, 19, 20, 21, 22, 23]",-4.394583225250244,-4.290423393249512,-4.293422698974609,0.10415983200073242,0.10116052627563477,0.0029993057250976562
pair_0037_sad,pair_0037,10,01,02,01,sad,pair_0037_happy,1,v_post_audio_marker_joint,v,"[18, 19, 20, 21, 22, 23]",-4.394583225250244,-4.290423393249512,-4.290268898010254,0.10415983200073242,0.10431432723999023,-0.0001544952392578125
pair_0037_sad,pair_0037,10,01,02,01,sad,pair_0037_happy,1,v_all_joint,v,"[18, 19, 20, 21, 22, 23]",-4.394583225250244,-4.290423393249512,-4.296204090118408,0.10415983200073242,0.09837913513183594,0.005780696868896484
pair_0038_happy,pair_0038,10,02,01,01,happy,pair_0038_sad,-1,v_audio_joint,v,"[18, 19, 20, 21, 22, 23]",-3.654942512512207,-3.5874266624450684,-3.1895110607147217,-0.06751585006713867,-0.46543145179748535,0.3979156017303467
pair_0038_happy,pair_0038,10,02,01,01,happy,pair_0038_sad,-1,v_prompt_joint,v,"[18, 19, 20, 21, 22, 23]",-3.654942512512207,-3.5874266624450684,-3.5874266624450684,-0.06751585006713867,-0.06751585006713867,-0.0
pair_0038_happy,pair_0038,10,02,01,01,happy,pair_0038_sad,-1,v_other_joint,v,"[18, 19, 20, 21, 22, 23]",-3.654942512512207,-3.5874266624450684,-3.5828611850738525,-0.06751585006713867,-0.07208132743835449,0.00456547737121582
pair_0038_happy,pair_0038,10,02,01,01,happy,pair_0038_sad,-1,v_non_audio_joint,v,"[18, 19, 20, 21, 22, 23]",-3.654942512512207,-3.5874266624450684,-3.5828611850738525,-0.06751585006713867,-0.07208132743835449,0.00456547737121582
pair_0038_happy,pair_0038,10,02,01,01,happy,pair_0038_sad,-1,v_decision_joint,v,"[18, 19, 20, 21, 22, 23]",-3.654942512512207,-3.5874266624450684,-3.582716703414917,-0.06751585006713867,-0.07222580909729004,0.004709959030151367
pair_0038_happy,pair_0038,10,02,01,01,happy,pair_0038_sad,-1,v_post_audio_marker_joint,v,"[18, 19, 20, 21, 22, 23]",-3.654942512512207,-3.5874266624450684,-3.5875654220581055,-0.06751585006713867,-0.06737709045410156,-0.00013875961303710938
pair_0038_happy,pair_0038,10,02,01,01,happy,pair_0038_sad,-1,v_all_joint,v,"[18, 19, 20, 21, 22, 23]",-3.654942512512207,-3.5874266624450684,-3.207204818725586,-0.06751585006713867,-0.4477376937866211,0.3802218437194824
pair_0038_sad,pair_0038,10,02,01,01,sad,pair_0038_happy,1,v_audio_joint,v,"[18, 19, 20, 21, 22, 23]",-2.569734573364258,-2.663546085357666,-2.843064546585083,-0.0938115119934082,-0.2733299732208252,0.179518461227417
pair_0038_sad,pair_0038,10,02,01,01,sad,pair_0038_happy,1,v_prompt_joint,v,"[18, 19, 20, 21, 22, 23]",-2.569734573364258,-2.663546085357666,-2.663546085357666,-0.0938115119934082,-0.0938115119934082,0.0
pair_0038_sad,pair_0038,10,02,01,01,sad,pair_0038_happy,1,v_other_joint,v,"[18, 19, 20, 21, 22, 23]",-2.569734573364258,-2.663546085357666,-2.6626648902893066,-0.0938115119934082,-0.09293031692504883,-0.000881195068359375
pair_0038_sad,pair_0038,10,02,01,01,sad,pair_0038_happy,1,v_non_audio_joint,v,"[18, 19, 20, 21, 22, 23]",-2.569734573364258,-2.663546085357666,-2.6626648902893066,-0.0938115119934082,-0.09293031692504883,-0.000881195068359375
pair_0038_sad,pair_0038,10,02,01,01,sad,pair_0038_happy,1,v_decision_joint,v,"[18, 19, 20, 21, 22, 23]",-2.569734573364258,-2.663546085357666,-2.662780284881592,-0.0938115119934082,-0.09304571151733398,-0.0007658004760742188
pair_0038_sad,pair_0038,10,02,01,01,sad,pair_0038_happy,1,v_post_audio_marker_joint,v,"[18, 19, 20, 21, 22, 23]",-2.569734573364258,-2.663546085357666,-2.6634392738342285,-0.0938115119934082,-0.0937047004699707,-0.0001068115234375
pair_0038_sad,pair_0038,10,02,01,01,sad,pair_0038_happy,1,v_all_joint,v,"[18, 19, 20, 21, 22, 23]",-2.569734573364258,-2.663546085357666,-2.8349030017852783,-0.0938115119934082,-0.2651684284210205,0.1713569164276123
pair_0039_happy,pair_0039,10,02,02,01,happy,pair_0039_sad,-1,v_audio_joint,v,"[18, 19, 20, 21, 22, 23]",-3.5496907234191895,-3.4663476943969727,-3.257690906524658,-0.0833430290222168,-0.29199981689453125,0.20865678787231445
pair_0039_happy,pair_0039,10,02,02,01,happy,pair_0039_sad,-1,v_prompt_joint,v,"[18, 19, 20, 21, 22, 23]",-3.5496907234191895,-3.4663476943969727,-3.4663476943969727,-0.0833430290222168,-0.0833430290222168,-0.0
pair_0039_happy,pair_0039,10,02,02,01,happy,pair_0039_sad,-1,v_other_joint,v,"[18, 19, 20, 21, 22, 23]",-3.5496907234191895,-3.4663476943969727,-3.466386318206787,-0.0833430290222168,-0.08330440521240234,-3.8623809814453125e-05
pair_0039_happy,pair_0039,10,02,02,01,happy,pair_0039_sad,-1,v_non_audio_joint,v,"[18, 19, 20, 21, 22, 23]",-3.5496907234191895,-3.4663476943969727,-3.466386318206787,-0.0833430290222168,-0.08330440521240234,-3.8623809814453125e-05
pair_0039_happy,pair_0039,10,02,02,01,happy,pair_0039_sad,-1,v_decision_joint,v,"[18, 19, 20, 21, 22, 23]",-3.5496907234191895,-3.4663476943969727,-3.4663426876068115,-0.0833430290222168,-0.08334803581237793,5.0067901611328125e-06
pair_0039_happy,pair_0039,10,02,02,01,happy,pair_0039_sad,-1,v_post_audio_marker_joint,v,"[18, 19, 20, 21, 22, 23]",-3.5496907234191895,-3.4663476943969727,-3.4663822650909424,-0.0833430290222168,-0.08330845832824707,-3.457069396972656e-05
pair_0039_happy,pair_0039,10,02,02,01,happy,pair_0039_sad,-1,v_all_joint,v,"[18, 19, 20, 21, 22, 23]",-3.5496907234191895,-3.4663476943969727,-3.252696990966797,-0.0833430290222168,-0.2969937324523926,0.21365070343017578
pair_0039_sad,pair_0039,10,02,02,01,sad,pair_0039_happy,1,v_audio_joint,v,"[18, 19, 20, 21, 22, 23]",-3.347115993499756,-3.4358701705932617,-3.119161605834961,-0.08875417709350586,0.22795438766479492,-0.3167085647583008
pair_0039_sad,pair_0039,10,02,02,01,sad,pair_0039_happy,1,v_prompt_joint,v,"[18, 19, 20, 21, 22, 23]",-3.347115993499756,-3.4358701705932617,-3.4358701705932617,-0.08875417709350586,-0.08875417709350586,0.0
pair_0039_sad,pair_0039,10,02,02,01,sad,pair_0039_happy,1,v_other_joint,v,"[18, 19, 20, 21, 22, 23]",-3.347115993499756,-3.4358701705932617,-3.433810234069824,-0.08875417709350586,-0.08669424057006836,-0.0020599365234375
pair_0039_sad,pair_0039,10,02,02,01,sad,pair_0039_happy,1,v_non_audio_joint,v,"[18, 19, 20, 21, 22, 23]",-3.347115993499756,-3.4358701705932617,-3.433810234069824,-0.08875417709350586,-0.08669424057006836,-0.0020599365234375
pair_0039_sad,pair_0039,10,02,02,01,sad,pair_0039_happy,1,v_decision_joint,v,"[18, 19, 20, 21, 22, 23]",-3.347115993499756,-3.4358701705932617,-3.4338457584381104,-0.08875417709350586,-0.08672976493835449,-0.002024412155151367
pair_0039_sad,pair_0039,10,02,02,01,sad,pair_0039_happy,1,v_post_audio_marker_joint,v,"[18, 19, 20, 21, 22, 23]",-3.347115993499756,-3.4358701705932617,-3.43585205078125,-0.08875417709350586,-0.08873605728149414,-1.811981201171875e-05
pair_0039_sad,pair_0039,10,02,02,01,sad,pair_0039_happy,1,v_all_joint,v,"[18, 19, 20, 21, 22, 23]",-3.347115993499756,-3.4358701705932617,-3.0970458984375,-0.08875417709350586,0.25007009506225586,-0.3388242721557617
pair_0040_happy,pair_0040,11,01,01,01,happy,pair_0040_sad,-1,v_audio_joint,v,"[18, 19, 20, 21, 22, 23]",-4.2292304039001465,-4.460176944732666,-4.145071983337402,0.23094654083251953,-0.08415842056274414,0.31510496139526367
pair_0040_happy,pair_0040,11,01,01,01,happy,pair_0040_sad,-1,v_prompt_joint,v,"[18, 19, 20, 21, 22, 23]",-4.2292304039001465,-4.460176944732666,-4.460176944732666,0.23094654083251953,0.23094654083251953,-0.0
pair_0040_happy,pair_0040,11,01,01,01,happy,pair_0040_sad,-1,v_other_joint,v,"[18, 19, 20, 21, 22, 23]",-4.2292304039001465,-4.460176944732666,-4.449446678161621,0.23094654083251953,0.2202162742614746,0.010730266571044922
pair_0040_happy,pair_0040,11,01,01,01,happy,pair_0040_sad,-1,v_non_audio_joint,v,"[18, 19, 20, 21, 22, 23]",-4.2292304039001465,-4.460176944732666,-4.449446678161621,0.23094654083251953,0.2202162742614746,0.010730266571044922
pair_0040_happy,pair_0040,11,01,01,01,happy,pair_0040_sad,-1,v_decision_joint,v,"[18, 19, 20, 21, 22, 23]",-4.2292304039001465,-4.460176944732666,-4.449419021606445,0.23094654083251953,0.22018861770629883,0.010757923126220703
pair_0040_happy,pair_0040,11,01,01,01,happy,pair_0040_sad,-1,v_post_audio_marker_joint,v,"[18, 19, 20, 21, 22, 23]",-4.2292304039001465,-4.460176944732666,-4.460206985473633,0.23094654083251953,0.23097658157348633,-3.0040740966796875e-05
pair_0040_happy,pair_0040,11,01,01,01,happy,pair_0040_sad,-1,v_all_joint,v,"[18, 19, 20, 21, 22, 23]",-4.2292304039001465,-4.460176944732666,-4.129057884216309,0.23094654083251953,-0.10017251968383789,0.3311190605163574
pair_0040_sad,pair_0040,11,01,01,01,sad,pair_0040_happy,1,v_audio_joint,v,"[18, 19, 20, 21, 22, 23]",-4.656558036804199,-4.432704925537109,-4.639146327972412,0.22385311126708984,0.01741170883178711,0.20644140243530273
pair_0040_sad,pair_0040,11,01,01,01,sad,pair_0040_happy,1,v_prompt_joint,v,"[18, 19, 20, 21, 22, 23]",-4.656558036804199,-4.432704925537109,-4.432704925537109,0.22385311126708984,0.22385311126708984,0.0
pair_0040_sad,pair_0040,11,01,01,01,sad,pair_0040_happy,1,v_other_joint,v,"[18, 19, 20, 21, 22, 23]",-4.656558036804199,-4.432704925537109,-4.444333076477051,0.22385311126708984,0.21222496032714844,0.011628150939941406
pair_0040_sad,pair_0040,11,01,01,01,sad,pair_0040_happy,1,v_non_audio_joint,v,"[18, 19, 20, 21, 22, 23]",-4.656558036804199,-4.432704925537109,-4.444333076477051,0.22385311126708984,0.21222496032714844,0.011628150939941406
pair_0040_sad,pair_0040,11,01,01,01,sad,pair_0040_happy,1,v_decision_joint,v,"[18, 19, 20, 21, 22, 23]",-4.656558036804199,-4.432704925537109,-4.444365978240967,0.22385311126708984,0.21219205856323242,0.011661052703857422
pair_0040_sad,pair_0040,11,01,01,01,sad,pair_0040_happy,1,v_post_audio_marker_joint,v,"[18, 19, 20, 21, 22, 23]",-4.656558036804199,-4.432704925537109,-4.432670593261719,0.22385311126708984,0.22388744354248047,-3.4332275390625e-05
pair_0040_sad,pair_0040,11,01,01,01,sad,pair_0040_happy,1,v_all_joint,v,"[18, 19, 20, 21, 22, 23]",-4.656558036804199,-4.432704925537109,-4.640017509460449,0.22385311126708984,0.01654052734375,0.20731258392333984
pair_0041_happy,pair_0041,11,01,02,01,happy,pair_0041_sad,-1,v_audio_joint,v,"[18, 19, 20, 21, 22, 23]",-4.719845771789551,-4.7550458908081055,-4.477789878845215,0.03520011901855469,-0.24205589294433594,0.2772560119628906
pair_0041_happy,pair_0041,11,01,02,01,happy,pair_0041_sad,-1,v_prompt_joint,v,"[18, 19, 20, 21, 22, 23]",-4.719845771789551,-4.7550458908081055,-4.7550458908081055,0.03520011901855469,0.03520011901855469,-0.0
pair_0041_happy,pair_0041,11,01,02,01,happy,pair_0041_sad,-1,v_other_joint,v,"[18, 19, 20, 21, 22, 23]",-4.719845771789551,-4.7550458908081055,-4.766529560089111,0.03520011901855469,0.04668378829956055,-0.01148366928100586
pair_0041_happy,pair_0041,11,01,02,01,happy,pair_0041_sad,-1,v_non_audio_joint,v,"[18, 19, 20, 21, 22, 23]",-4.719845771789551,-4.7550458908081055,-4.766529560089111,0.03520011901855469,0.04668378829956055,-0.01148366928100586
pair_0041_happy,pair_0041,11,01,02,01,happy,pair_0041_sad,-1,v_decision_joint,v,"[18, 19, 20, 21, 22, 23]",-4.719845771789551,-4.7550458908081055,-4.766419887542725,0.03520011901855469,0.04657411575317383,-0.01137399673461914
pair_0041_happy,pair_0041,11,01,02,01,happy,pair_0041_sad,-1,v_post_audio_marker_joint,v,"[18, 19, 20, 21, 22, 23]",-4.719845771789551,-4.7550458908081055,-4.755148410797119,0.03520011901855469,0.03530263900756836,-0.00010251998901367188
pair_0041_happy,pair_0041,11,01,02,01,happy,pair_0041_sad,-1,v_all_joint,v,"[18, 19, 20, 21, 22, 23]",-4.719845771789551,-4.7550458908081055,-4.4711809158325195,0.03520011901855469,-0.24866485595703125,0.28386497497558594
pair_0041_sad,pair_0041,11,01,02,01,sad,pair_0041_happy,1,v_audio_joint,v,"[18, 19, 20, 21, 22, 23]",-4.9697065353393555,-4.9467878341674805,-4.733969211578369,0.022918701171875,0.23573732376098633,-0.21281862258911133
pair_0041_sad,pair_0041,11,01,02,01,sad,pair_0041_happy,1,v_prompt_joint,v,"[18, 19, 20, 21, 22, 23]",-4.9697065353393555,-4.9467878341674805,-4.9467878341674805,0.022918701171875,0.022918701171875,0.0
pair_0041_sad,pair_0041,11,01,02,01,sad,pair_0041_happy,1,v_other_joint,v,"[18, 19, 20, 21, 22, 23]",-4.9697065353393555,-4.9467878341674805,-4.933188438415527,0.022918701171875,0.036518096923828125,-0.013599395751953125
pair_0041_sad,pair_0041,11,01,02,01,sad,pair_0041_happy,1,v_non_audio_joint,v,"[18, 19, 20, 21, 22, 23]",-4.9697065353393555,-4.9467878341674805,-4.933188438415527,0.022918701171875,0.036518096923828125,-0.013599395751953125
pair_0041_sad,pair_0041,11,01,02,01,sad,pair_0041_happy,1,v_decision_joint,v,"[18, 19, 20, 21, 22, 23]",-4.9697065353393555,-4.9467878341674805,-4.93328857421875,0.022918701171875,0.03641796112060547,-0.013499259948730469
pair_0041_sad,pair_0041,11,01,02,01,sad,pair_0041_happy,1,v_post_audio_marker_joint,v,"[18, 19, 20, 21, 22, 23]",-4.9697065353393555,-4.9467878341674805,-4.946689128875732,0.022918701171875,0.023017406463623047,-9.870529174804688e-05
pair_0041_sad,pair_0041,11,01,02,01,sad,pair_0041_happy,1,v_all_joint,v,"[18, 19, 20, 21, 22, 23]",-4.9697065353393555,-4.9467878341674805,-4.728119850158691,0.022918701171875,0.24158668518066406,-0.21866798400878906
pair_0042_happy,pair_0042,11,02,01,01,happy,pair_0042_sad,-1,v_audio_joint,v,"[18, 19, 20, 21, 22, 23]",-3.600306987762451,-3.6985583305358887,-3.0570759773254395,0.0982513427734375,-0.5432310104370117,0.6414823532104492
pair_0042_happy,pair_0042,11,02,01,01,happy,pair_0042_sad,-1,v_prompt_joint,v,"[18, 19, 20, 21, 22, 23]",-3.600306987762451,-3.6985583305358887,-3.6985583305358887,0.0982513427734375,0.0982513427734375,-0.0
pair_0042_happy,pair_0042,11,02,01,01,happy,pair_0042_sad,-1,v_other_joint,v,"[18, 19, 20, 21, 22, 23]",-3.600306987762451,-3.6985583305358887,-3.7070181369781494,0.0982513427734375,0.10671114921569824,-0.008459806442260742
pair_0042_happy,pair_0042,11,02,01,01,happy,pair_0042_sad,-1,v_non_audio_joint,v,"[18, 19, 20, 21, 22, 23]",-3.600306987762451,-3.6985583305358887,-3.7070181369781494,0.0982513427734375,0.10671114921569824,-0.008459806442260742
pair_0042_happy,pair_0042,11,02,01,01,happy,pair_0042_sad,-1,v_decision_joint,v,"[18, 19, 20, 21, 22, 23]",-3.600306987762451,-3.6985583305358887,-3.7069504261016846,0.0982513427734375,0.1066434383392334,-0.008392095565795898
pair_0042_happy,pair_0042,11,02,01,01,happy,pair_0042_sad,-1,v_post_audio_marker_joint,v,"[18, 19, 20, 21, 22, 23]",-3.600306987762451,-3.6985583305358887,-3.698620080947876,0.0982513427734375,0.0983130931854248,-6.175041198730469e-05
pair_0042_happy,pair_0042,11,02,01,01,happy,pair_0042_sad,-1,v_all_joint,v,"[18, 19, 20, 21, 22, 23]",-3.600306987762451,-3.6985583305358887,-3.0774760246276855,0.0982513427734375,-0.5228309631347656,0.6210823059082031
pair_0042_sad,pair_0042,11,02,01,01,sad,pair_0042_happy,1,v_audio_joint,v,"[18, 19, 20, 21, 22, 23]",-3.4869284629821777,-3.396007537841797,-3.3818767070770264,0.09092092514038086,0.10505175590515137,-0.014130830764770508
pair_0042_sad,pair_0042,11,02,01,01,sad,pair_0042_happy,1,v_prompt_joint,v,"[18, 19, 20, 21, 22, 23]",-3.4869284629821777,-3.396007537841797,-3.396007537841797,0.09092092514038086,0.09092092514038086,0.0
pair_0042_sad,pair_0042,11,02,01,01,sad,pair_0042_happy,1,v_other_joint,v,"[18, 19, 20, 21, 22, 23]",-3.4869284629821777,-3.396007537841797,-3.3867921829223633,0.09092092514038086,0.10013628005981445,-0.009215354919433594
pair_0042_sad,pair_0042,11,02,01,01,sad,pair_0042_happy,1,v_non_audio_joint,v,"[18, 19, 20, 21, 22, 23]",-3.4869284629821777,-3.396007537841797,-3.3867921829223633,0.09092092514038086,0.10013628005981445,-0.009215354919433594
pair_0042_sad,pair_0042,11,02,01,01,sad,pair_0042_happy,1,v_decision_joint,v,"[18, 19, 20, 21, 22, 23]",-3.4869284629821777,-3.396007537841797,-3.3868489265441895,0.09092092514038086,0.10007953643798828,-0.009158611297607422
pair_0042_sad,pair_0042,11,02,01,01,sad,pair_0042_happy,1,v_post_audio_marker_joint,v,"[18, 19, 20, 21, 22, 23]",-3.4869284629821777,-3.396007537841797,-3.3959498405456543,0.09092092514038086,0.09097862243652344,-5.7697296142578125e-05
pair_0042_sad,pair_0042,11,02,01,01,sad,pair_0042_happy,1,v_all_joint,v,"[18, 19, 20, 21, 22, 23]",-3.4869284629821777,-3.396007537841797,-3.3635659217834473,0.09092092514038086,0.12336254119873047,-0.03244161605834961
pair_0043_happy,pair_0043,11,02,02,01,happy,pair_0043_sad,-1,v_audio_joint,v,"[18, 19, 20, 21, 22, 23]",-3.6370222568511963,-3.6647069454193115,-3.2315800189971924,0.027684688568115234,-0.4054422378540039,0.43312692642211914
pair_0043_happy,pair_0043,11,02,02,01,happy,pair_0043_sad,-1,v_prompt_joint,v,"[18, 19, 20, 21, 22, 23]",-3.6370222568511963,-3.6647069454193115,-3.6647069454193115,0.027684688568115234,0.027684688568115234,-0.0
pair_0043_happy,pair_0043,11,02,02,01,happy,pair_0043_sad,-1,v_other_joint,v,"[18, 19, 20, 21, 22, 23]",-3.6370222568511963,-3.6647069454193115,-3.6686325073242188,0.027684688568115234,0.03161025047302246,-0.0039255619049072266
pair_0043_happy,pair_0043,11,02,02,01,happy,pair_0043_sad,-1,v_non_audio_joint,v,"[18, 19, 20, 21, 22, 23]",-3.6370222568511963,-3.6647069454193115,-3.6686325073242188,0.027684688568115234,0.03161025047302246,-0.0039255619049072266
pair_0043_happy,pair_0043,11,02,02,01,happy,pair_0043_sad,-1,v_decision_joint,v,"[18, 19, 20, 21, 22, 23]",-3.6370222568511963,-3.6647069454193115,-3.6684489250183105,0.027684688568115234,0.03142666816711426,-0.0037419795989990234
pair_0043_happy,pair_0043,11,02,02,01,happy,pair_0043_sad,-1,v_post_audio_marker_joint,v,"[18, 19, 20, 21, 22, 23]",-3.6370222568511963,-3.6647069454193115,-3.664895534515381,0.027684688568115234,0.02787327766418457,-0.00018858909606933594
pair_0043_happy,pair_0043,11,02,02,01,happy,pair_0043_sad,-1,v_all_joint,v,"[18, 19, 20, 21, 22, 23]",-3.6370222568511963,-3.6647069454193115,-3.254251003265381,0.027684688568115234,-0.38277125358581543,0.41045594215393066
pair_0043_sad,pair_0043,11,02,02,01,sad,pair_0043_happy,1,v_audio_joint,v,"[18, 19, 20, 21, 22, 23]",-3.4830188751220703,-3.4553022384643555,-3.3406670093536377,0.027716636657714844,0.14235186576843262,-0.11463522911071777
pair_0043_sad,pair_0043,11,02,02,01,sad,pair_0043_happy,1,v_prompt_joint,v,"[18, 19, 20, 21, 22, 23]",-3.4830188751220703,-3.4553022384643555,-3.4553022384643555,0.027716636657714844,0.027716636657714844,0.0
pair_0043_sad,pair_0043,11,02,02,01,sad,pair_0043_happy,1,v_other_joint,v,"[18, 19, 20, 21, 22, 23]",-3.4830188751220703,-3.4553022384643555,-3.450967311859131,0.027716636657714844,0.03205156326293945,-0.004334926605224609
pair_0043_sad,pair_0043,11,02,02,01,sad,pair_0043_happy,1,v_non_audio_joint,v,"[18, 19, 20, 21, 22, 23]",-3.4830188751220703,-3.4553022384643555,-3.450967311859131,0.027716636657714844,0.03205156326293945,-0.004334926605224609
pair_0043_sad,pair_0043,11,02,02,01,sad,pair_0043_happy,1,v_decision_joint,v,"[18, 19, 20, 21, 22, 23]",-3.4830188751220703,-3.4553022384643555,-3.4511661529541016,0.027716636657714844,0.03185272216796875,-0.004136085510253906
pair_0043_sad,pair_0043,11,02,02,01,sad,pair_0043_happy,1,v_post_audio_marker_joint,v,"[18, 19, 20, 21, 22, 23]",-3.4830188751220703,-3.4553022384643555,-3.455110788345337,0.027716636657714844,0.0279080867767334,-0.0001914501190185547
pair_0043_sad,pair_0043,11,02,02,01,sad,pair_0043_happy,1,v_all_joint,v,"[18, 19, 20, 21, 22, 23]",-3.4830188751220703,-3.4553022384643555,-3.315905809402466,0.027716636657714844,0.1671130657196045,-0.13939642906188965
pair_0044_happy,pair_0044,12,01,01,01,happy,pair_0044_sad,-1,v_audio_joint,v,"[18, 19, 20, 21, 22, 23]",-4.7307024002075195,-4.83748722076416,-4.715895652770996,0.10678482055664062,-0.014806747436523438,0.12159156799316406
pair_0044_happy,pair_0044,12,01,01,01,happy,pair_0044_sad,-1,v_prompt_joint,v,"[18, 19, 20, 21, 22, 23]",-4.7307024002075195,-4.83748722076416,-4.83748722076416,0.10678482055664062,0.10678482055664062,-0.0
pair_0044_happy,pair_0044,12,01,01,01,happy,pair_0044_sad,-1,v_other_joint,v,"[18, 19, 20, 21, 22, 23]",-4.7307024002075195,-4.83748722076416,-4.841888427734375,0.10678482055664062,0.11118602752685547,-0.004401206970214844
pair_0044_happy,pair_0044,12,01,01,01,happy,pair_0044_sad,-1,v_non_audio_joint,v,"[18, 19, 20, 21, 22, 23]",-4.7307024002075195,-4.83748722076416,-4.841888427734375,0.10678482055664062,0.11118602752685547,-0.004401206970214844
pair_0044_happy,pair_0044,12,01,01,01,happy,pair_0044_sad,-1,v_decision_joint,v,"[18, 19, 20, 21, 22, 23]",-4.7307024002075195,-4.83748722076416,-4.841850757598877,0.10678482055664062,0.11114835739135742,-0.004363536834716797
pair_0044_happy,pair_0044,12,01,01,01,happy,pair_0044_sad,-1,v_post_audio_marker_joint,v,"[18, 19, 20, 21, 22, 23]",-4.7307024002075195,-4.83748722076416,-4.8375244140625,0.10678482055664062,0.10682201385498047,-3.719329833984375e-05
pair_0044_happy,pair_0044,12,01,01,01,happy,pair_0044_sad,-1,v_all_joint,v,"[18, 19, 20, 21, 22, 23]",-4.7307024002075195,-4.83748722076416,-4.720325946807861,0.10678482055664062,-0.010376453399658203,0.11716127395629883
pair_0044_sad,pair_0044,12,01,01,01,sad,pair_0044_happy,1,v_audio_joint,v,"[18, 19, 20, 21, 22, 23]",-4.494531631469727,-4.381080150604248,-4.443183898925781,0.11345148086547852,0.05134773254394531,0.0621037483215332
pair_0044_sad,pair_0044,12,01,01,01,sad,pair_0044_happy,1,v_prompt_joint,v,"[18, 19, 20, 21, 22, 23]",-4.494531631469727,-4.381080150604248,-4.381080150604248,0.11345148086547852,0.11345148086547852,0.0
pair_0044_sad,pair_0044,12,01,01,01,sad,pair_0044_happy,1,v_other_joint,v,"[18, 19, 20, 21, 22, 23]",-4.494531631469727,-4.381080150604248,-4.373920917510986,0.11345148086547852,0.12061071395874023,-0.007159233093261719
pair_0044_sad,pair_0044,12,01,01,01,sad,pair_0044_happy,1,v_non_audio_joint,v,"[18, 19, 20, 21, 22, 23]",-4.494531631469727,-4.381080150604248,-4.373920917510986,0.11345148086547852,0.12061071395874023,-0.007159233093261719
pair_0044_sad,pair_0044,12,01,01,01,sad,pair_0044_happy,1,v_decision_joint,v,"[18, 19, 20, 21, 22, 23]",-4.494531631469727,-4.381080150604248,-4.373960494995117,0.11345148086547852,0.12057113647460938,-0.007119655609130859
pair_0044_sad,pair_0044,12,01,01,01,sad,pair_0044_happy,1,v_post_audio_marker_joint,v,"[18, 19, 20, 21, 22, 23]",-4.494531631469727,-4.381080150604248,-4.381042003631592,0.11345148086547852,0.11348962783813477,-3.814697265625e-05
pair_0044_sad,pair_0044,12,01,01,01,sad,pair_0044_happy,1,v_all_joint,v,"[18, 19, 20, 21, 22, 23]",-4.494531631469727,-4.381080150604248,-4.428740501403809,0.11345148086547852,0.06579113006591797,0.04766035079956055
pair_0045_happy,pair_0045,12,01,02,01,happy,pair_0045_sad,-1,v_audio_joint,v,"[18, 19, 20, 21, 22, 23]",-4.397916316986084,-4.457061767578125,-4.519277095794678,0.059145450592041016,0.12136077880859375,-0.062215328216552734
pair_0045_happy,pair_0045,12,01,02,01,happy,pair_0045_sad,-1,v_prompt_joint,v,"[18, 19, 20, 21, 22, 23]",-4.397916316986084,-4.457061767578125,-4.457061767578125,0.059145450592041016,0.059145450592041016,-0.0
pair_0045_happy,pair_0045,12,01,02,01,happy,pair_0045_sad,-1,v_other_joint,v,"[18, 19, 20, 21, 22, 23]",-4.397916316986084,-4.457061767578125,-4.447321891784668,0.059145450592041016,0.049405574798583984,0.009739875793457031
pair_0045_happy,pair_0045,12,01,02,01,happy,pair_0045_sad,-1,v_non_audio_joint,v,"[18, 19, 20, 21, 22, 23]",-4.397916316986084,-4.457061767578125,-4.447321891784668,0.059145450592041016,0.049405574798583984,0.009739875793457031
pair_0045_happy,pair_0045,12,01,02,01,happy,pair_0045_sad,-1,v_decision_joint,v,"[18, 19, 20, 21, 22, 23]",-4.397916316986084,-4.457061767578125,-4.4473347663879395,0.059145450592041016,0.04941844940185547,0.009727001190185547
pair_0045_happy,pair_0045,12,01,02,01,happy,pair_0045_sad,-1,v_post_audio_marker_joint,v,"[18, 19, 20, 21, 22, 23]",-4.397916316986084,-4.457061767578125,-4.457050800323486,0.059145450592041016,0.059134483337402344,1.0967254638671875e-05
pair_0045_happy,pair_0045,12,01,02,01,happy,pair_0045_sad,-1,v_all_joint,v,"[18, 19, 20, 21, 22, 23]",-4.397916316986084,-4.457061767578125,-4.5143842697143555,0.059145450592041016,0.11646795272827148,-0.05732250213623047
pair_0045_sad,pair_0045,12,01,02,01,sad,pair_0045_happy,1,v_audio_joint,v,"[18, 19, 20, 21, 22, 23]",-4.50814151763916,-4.443633079528809,-4.532129287719727,0.06450843811035156,-0.023987770080566406,0.08849620819091797
pair_0045_sad,pair_0045,12,01,02,01,sad,pair_0045_happy,1,v_prompt_joint,v,"[18, 19, 20, 21, 22, 23]",-4.50814151763916,-4.443633079528809,-4.443633079528809,0.06450843811035156,0.06450843811035156,0.0
pair_0045_sad,pair_0045,12,01,02,01,sad,pair_0045_happy,1,v_other_joint,v,"[18, 19, 20, 21, 22, 23]",-4.50814151763916,-4.443633079528809,-4.452939033508301,0.06450843811035156,0.055202484130859375,0.009305953979492188
pair_0045_sad,pair_0045,12,01,02,01,sad,pair_0045_happy,1,v_non_audio_joint,v,"[18, 19, 20, 21, 22, 23]",-4.50814151763916,-4.443633079528809,-4.452939033508301,0.06450843811035156,0.055202484130859375,0.009305953979492188
pair_0045_sad,pair_0045,12,01,02,01,sad,pair_0045_happy,1,v_decision_joint,v,"[18, 19, 20, 21, 22, 23]",-4.50814151763916,-4.443633079528809,-4.452919006347656,0.06450843811035156,0.055222511291503906,0.009285926818847656
pair_0045_sad,pair_0045,12,01,02,01,sad,pair_0045_happy,1,v_post_audio_marker_joint,v,"[18, 19, 20, 21, 22, 23]",-4.50814151763916,-4.443633079528809,-4.443650245666504,0.06450843811035156,0.06449127197265625,1.71661376953125e-05
pair_0045_sad,pair_0045,12,01,02,01,sad,pair_0045_happy,1,v_all_joint,v,"[18, 19, 20, 21, 22, 23]",-4.50814151763916,-4.443633079528809,-4.527635097503662,0.06450843811035156,-0.019493579864501953,0.08400201797485352
pair_0046_happy,pair_0046,12,02,01,01,happy,pair_0046_sad,-1,v_audio_joint,v,"[18, 19, 20, 21, 22, 23]",-3.426363945007324,-3.4606823921203613,-2.7963573932647705,0.03431844711303711,-0.6300065517425537,0.6643249988555908
pair_0046_happy,pair_0046,12,02,01,01,happy,pair_0046_sad,-1,v_prompt_joint,v,"[18, 19, 20, 21, 22, 23]",-3.426363945007324,-3.4606823921203613,-3.4606823921203613,0.03431844711303711,0.03431844711303711,-0.0
pair_0046_happy,pair_0046,12,02,01,01,happy,pair_0046_sad,-1,v_other_joint,v,"[18, 19, 20, 21, 22, 23]",-3.426363945007324,-3.4606823921203613,-3.4498069286346436,0.03431844711303711,0.023442983627319336,0.010875463485717773
pair_0046_happy,pair_0046,12,02,01,01,happy,pair_0046_sad,-1,v_non_audio_joint,v,"[18, 19, 20, 21, 22, 23]",-3.426363945007324,-3.4606823921203613,-3.4498069286346436,0.03431844711303711,0.023442983627319336,0.010875463485717773
pair_0046_happy,pair_0046,12,02,01,01,happy,pair_0046_sad,-1,v_decision_joint,v,"[18, 19, 20, 21, 22, 23]",-3.426363945007324,-3.4606823921203613,-3.4498395919799805,0.03431844711303711,0.02347564697265625,0.01084280014038086
pair_0046_happy,pair_0046,12,02,01,01,happy,pair_0046_sad,-1,v_post_audio_marker_joint,v,"[18, 19, 20, 21, 22, 23]",-3.426363945007324,-3.4606823921203613,-3.4606504440307617,0.03431844711303711,0.0342864990234375,3.1948089599609375e-05
pair_0046_happy,pair_0046,12,02,01,01,happy,pair_0046_sad,-1,v_all_joint,v,"[18, 19, 20, 21, 22, 23]",-3.426363945007324,-3.4606823921203613,-2.823965549468994,0.03431844711303711,-0.6023983955383301,0.6367168426513672
pair_0046_sad,pair_0046,12,02,01,01,sad,pair_0046_happy,1,v_audio_joint,v,"[18, 19, 20, 21, 22, 23]",-3.8467795848846436,-3.8177061080932617,-4.163201332092285,0.029073476791381836,-0.3164217472076416,0.34549522399902344
pair_0046_sad,pair_0046,12,02,01,01,sad,pair_0046_happy,1,v_prompt_joint,v,"[18, 19, 20, 21, 22, 23]",-3.8467795848846436,-3.8177061080932617,-3.8177061080932617,0.029073476791381836,0.029073476791381836,0.0
pair_0046_sad,pair_0046,12,02,01,01,sad,pair_0046_happy,1,v_other_joint,v,"[18, 19, 20, 21, 22, 23]",-3.8467795848846436,-3.8177061080932617,-3.827737808227539,0.029073476791381836,0.019041776657104492,0.010031700134277344
pair_0046_sad,pair_0046,12,02,01,01,sad,pair_0046_happy,1,v_non_audio_joint,v,"[18, 19, 20, 21, 22, 23]",-3.8467795848846436,-3.8177061080932617,-3.827737808227539,0.029073476791381836,0.019041776657104492,0.010031700134277344
pair_0046_sad,pair_0046,12,02,01,01,sad,pair_0046_happy,1,v_decision_joint,v,"[18, 19, 20, 21, 22, 23]",-3.8467795848846436,-3.8177061080932617,-3.827709436416626,0.029073476791381836,0.019070148468017578,0.010003328323364258
pair_0046_sad,pair_0046,12,02,01,01,sad,pair_0046_happy,1,v_post_audio_marker_joint,v,"[18, 19, 20, 21, 22, 23]",-3.8467795848846436,-3.8177061080932617,-3.8177330493927,0.029073476791381836,0.02904653549194336,2.6941299438476562e-05
pair_0046_sad,pair_0046,12,02,01,01,sad,pair_0046_happy,1,v_all_joint,v,"[18, 19, 20, 21, 22, 23]",-3.8467795848846436,-3.8177061080932617,-4.140495300292969,0.029073476791381836,-0.2937157154083252,0.32278919219970703
pair_0047_happy,pair_0047,12,02,02,01,happy,pair_0047_sad,-1,v_audio_joint,v,"[18, 19, 20, 21, 22, 23]",-3.49416446685791,-3.3186612129211426,-3.6511809825897217,-0.17550325393676758,0.15701651573181152,-0.3325197696685791
pair_0047_happy,pair_0047,12,02,02,01,happy,pair_0047_sad,-1,v_prompt_joint,v,"[18, 19, 20, 21, 22, 23]",-3.49416446685791,-3.3186612129211426,-3.3186612129211426,-0.17550325393676758,-0.17550325393676758,-0.0
pair_0047_happy,pair_0047,12,02,02,01,happy,pair_0047_sad,-1,v_other_joint,v,"[18, 19, 20, 21, 22, 23]",-3.49416446685791,-3.3186612129211426,-3.311866283416748,-0.17550325393676758,-0.1822981834411621,0.006794929504394531
pair_0047_happy,pair_0047,12,02,02,01,happy,pair_0047_sad,-1,v_non_audio_joint,v,"[18, 19, 20, 21, 22, 23]",-3.49416446685791,-3.3186612129211426,-3.311866283416748,-0.17550325393676758,-0.1822981834411621,0.006794929504394531
pair_0047_happy,pair_0047,12,02,02,01,happy,pair_0047_sad,-1,v_decision_joint,v,"[18, 19, 20, 21, 22, 23]",-3.49416446685791,-3.3186612129211426,-3.311917781829834,-0.17550325393676758,-0.18224668502807617,0.006743431091308594
pair_0047_happy,pair_0047,12,02,02,01,happy,pair_0047_sad,-1,v_post_audio_marker_joint,v,"[18, 19, 20, 21, 22, 23]",-3.49416446685791,-3.3186612129211426,-3.3186120986938477,-0.17550325393676758,-0.1755523681640625,4.9114227294921875e-05
pair_0047_happy,pair_0047,12,02,02,01,happy,pair_0047_sad,-1,v_all_joint,v,"[18, 19, 20, 21, 22, 23]",-3.49416446685791,-3.3186612129211426,-3.621166944503784,-0.17550325393676758,0.12700247764587402,-0.3025057315826416
pair_0047_sad,pair_0047,12,02,02,01,sad,pair_0047_happy,1,v_audio_joint,v,"[18, 19, 20, 21, 22, 23]",-3.7190966606140137,-3.896900177001953,-3.3285579681396484,-0.17780351638793945,0.39053869247436523,-0.5683422088623047
pair_0047_sad,pair_0047,12,02,02,01,sad,pair_0047_happy,1,v_prompt_joint,v,"[18, 19, 20, 21, 22, 23]",-3.7190966606140137,-3.896900177001953,-3.896900177001953,-0.17780351638793945,-0.17780351638793945,0.0
pair_0047_sad,pair_0047,12,02,02,01,sad,pair_0047_happy,1,v_other_joint,v,"[18, 19, 20, 21, 22, 23]",-3.7190966606140137,-3.896900177001953,-3.903306245803833,-0.17780351638793945,-0.18420958518981934,0.006406068801879883
pair_0047_sad,pair_0047,12,02,02,01,sad,pair_0047_happy,1,v_non_audio_joint,v,"[18, 19, 20, 21, 22, 23]",-3.7190966606140137,-3.896900177001953,-3.903306245803833,-0.17780351638793945,-0.18420958518981934,0.006406068801879883
pair_0047_sad,pair_0047,12,02,02,01,sad,pair_0047_happy,1,v_decision_joint,v,"[18, 19, 20, 21, 22, 23]",-3.7190966606140137,-3.896900177001953,-3.9032506942749023,-0.17780351638793945,-0.18415403366088867,0.006350517272949219
pair_0047_sad,pair_0047,12,02,02,01,sad,pair_0047_happy,1,v_post_audio_marker_joint,v,"[18, 19, 20, 21, 22, 23]",-3.7190966606140137,-3.896900177001953,-3.896958589553833,-0.17780351638793945,-0.17786192893981934,5.841255187988281e-05
pair_0047_sad,pair_0047,12,02,02,01,sad,pair_0047_happy,1,v_all_joint,v,"[18, 19, 20, 21, 22, 23]",-3.7190966606140137,-3.896900177001953,-3.35048246383667,-0.17780351638793945,0.36861419677734375,-0.5464177131652832
pair_0048_happy,pair_0048,13,01,01,01,happy,pair_0048_sad,-1,v_audio_joint,v,"[18, 19, 20, 21, 22, 23]",-4.344440460205078,-4.308212757110596,-4.261453628540039,-0.03622770309448242,-0.08298683166503906,0.04675912857055664
pair_0048_happy,pair_0048,13,01,01,01,happy,pair_0048_sad,-1,v_prompt_joint,v,"[18, 19, 20, 21, 22, 23]",-4.344440460205078,-4.308212757110596,-4.308212757110596,-0.03622770309448242,-0.03622770309448242,-0.0
pair_0048_happy,pair_0048,13,01,01,01,happy,pair_0048_sad,-1,v_other_joint,v,"[18, 19, 20, 21, 22, 23]",-4.344440460205078,-4.308212757110596,-4.303421497344971,-0.03622770309448242,-0.04101896286010742,0.004791259765625
pair_0048_happy,pair_0048,13,01,01,01,happy,pair_0048_sad,-1,v_non_audio_joint,v,"[18, 19, 20, 21, 22, 23]",-4.344440460205078,-4.308212757110596,-4.303421497344971,-0.03622770309448242,-0.04101896286010742,0.004791259765625
pair_0048_happy,pair_0048,13,01,01,01,happy,pair_0048_sad,-1,v_decision_joint,v,"[18, 19, 20, 21, 22, 23]",-4.344440460205078,-4.308212757110596,-4.303410053253174,-0.03622770309448242,-0.0410304069519043,0.004802703857421875
pair_0048_happy,pair_0048,13,01,01,01,happy,pair_0048_sad,-1,v_post_audio_marker_joint,v,"[18, 19, 20, 21, 22, 23]",-4.344440460205078,-4.308212757110596,-4.308220863342285,-0.03622770309448242,-0.03621959686279297,-8.106231689453125e-06
pair_0048_happy,pair_0048,13,01,01,01,happy,pair_0048_sad,-1,v_all_joint,v,"[18, 19, 20, 21, 22, 23]",-4.344440460205078,-4.308212757110596,-4.249214172363281,-0.03622770309448242,-0.09522628784179688,0.05899858474731445
pair_0048_sad,pair_0048,13,01,01,01,sad,pair_0048_happy,1,v_audio_joint,v,"[18, 19, 20, 21, 22, 23]",-4.3860063552856445,-4.423280715942383,-4.566361427307129,-0.03727436065673828,-0.18035507202148438,0.1430807113647461
pair_0048_sad,pair_0048,13,01,01,01,sad,pair_0048_happy,1,v_prompt_joint,v,"[18, 19, 20, 21, 22, 23]",-4.3860063552856445,-4.423280715942383,-4.423280715942383,-0.03727436065673828,-0.03727436065673828,0.0
pair_0048_sad,pair_0048,13,01,01,01,sad,pair_0048_happy,1,v_other_joint,v,"[18, 19, 20, 21, 22, 23]",-4.3860063552856445,-4.423280715942383,-4.426698684692383,-0.03727436065673828,-0.04069232940673828,0.00341796875
pair_0048_sad,pair_0048,13,01,01,01,sad,pair_0048_happy,1,v_non_audio_joint,v,"[18, 19, 20, 21, 22, 23]",-4.3860063552856445,-4.423280715942383,-4.426698684692383,-0.03727436065673828,-0.04069232940673828,0.00341796875
pair_0048_sad,pair_0048,13,01,01,01,sad,pair_0048_happy,1,v_decision_joint,v,"[18, 19, 20, 21, 22, 23]",-4.3860063552856445,-4.423280715942383,-4.426712512969971,-0.03727436065673828,-0.04070615768432617,0.0034317970275878906
pair_0048_sad,pair_0048,13,01,01,01,sad,pair_0048_happy,1,v_post_audio_marker_joint,v,"[18, 19, 20, 21, 22, 23]",-4.3860063552856445,-4.423280715942383,-4.423274040222168,-0.03727436065673828,-0.03726768493652344,-6.67572021484375e-06
pair_0048_sad,pair_0048,13,01,01,01,sad,pair_0048_happy,1,v_all_joint,v,"[18, 19, 20, 21, 22, 23]",-4.3860063552856445,-4.423280715942383,-4.559518814086914,-0.03727436065673828,-0.17351245880126953,0.13623809814453125
pair_0049_happy,pair_0049,13,01,02,01,happy,pair_0049_sad,-1,v_audio_joint,v,"[18, 19, 20, 21, 22, 23]",-4.29490327835083,-4.407992839813232,-4.0321736335754395,0.11308956146240234,-0.2627296447753906,0.37581920623779297
pair_0049_happy,pair_0049,13,01,02,01,happy,pair_0049_sad,-1,v_prompt_joint,v,"[18, 19, 20, 21, 22, 23]",-4.29490327835083,-4.407992839813232,-4.407992839813232,0.11308956146240234,0.11308956146240234,-0.0
pair_0049_happy,pair_0049,13,01,02,01,happy,pair_0049_sad,-1,v_other_joint,v,"[18, 19, 20, 21, 22, 23]",-4.29490327835083,-4.407992839813232,-4.3979268074035645,0.11308956146240234,0.10302352905273438,0.010066032409667969
pair_0049_happy,pair_0049,13,01,02,01,happy,pair_0049_sad,-1,v_non_audio_joint,v,"[18, 19, 20, 21, 22, 23]",-4.29490327835083,-4.407992839813232,-4.3979268074035645,0.11308956146240234,0.10302352905273438,0.010066032409667969
pair_0049_happy,pair_0049,13,01,02,01,happy,pair_0049_sad,-1,v_decision_joint,v,"[18, 19, 20, 21, 22, 23]",-4.29490327835083,-4.407992839813232,-4.398056507110596,0.11308956146240234,0.10315322875976562,0.009936332702636719
pair_0049_happy,pair_0049,13,01,02,01,happy,pair_0049_sad,-1,v_post_audio_marker_joint,v,"[18, 19, 20, 21, 22, 23]",-4.29490327835083,-4.407992839813232,-4.40785026550293,0.11308956146240234,0.11294698715209961,0.00014257431030273438
pair_0049_happy,pair_0049,13,01,02,01,happy,pair_0049_sad,-1,v_all_joint,v,"[18, 19, 20, 21, 22, 23]",-4.29490327835083,-4.407992839813232,-4.0269999504089355,0.11308956146240234,-0.26790332794189453,0.3809928894042969
pair_0049_sad,pair_0049,13,01,02,01,sad,pair_0049_happy,1,v_audio_joint,v,"[18, 19, 20, 21, 22, 23]",-4.50346565246582,-4.403670310974121,-4.69227933883667,0.09979534149169922,-0.1888136863708496,0.28860902786254883
pair_0049_sad,pair_0049,13,01,02,01,sad,pair_0049_happy,1,v_prompt_joint,v,"[18, 19, 20, 21, 22, 23]",-4.50346565246582,-4.403670310974121,-4.403670310974121,0.09979534149169922,0.09979534149169922,0.0
pair_0049_sad,pair_0049,13,01,02,01,sad,pair_0049_happy,1,v_other_joint,v,"[18, 19, 20, 21, 22, 23]",-4.50346565246582,-4.403670310974121,-4.412300109863281,0.09979534149169922,0.09116554260253906,0.008629798889160156
pair_0049_sad,pair_0049,13,01,02,01,sad,pair_0049_happy,1,v_non_audio_joint,v,"[18, 19, 20, 21, 22, 23]",-4.50346565246582,-4.403670310974121,-4.412300109863281,0.09979534149169922,0.09116554260253906,0.008629798889160156
pair_0049_sad,pair_0049,13,01,02,01,sad,pair_0049_happy,1,v_decision_joint,v,"[18, 19, 20, 21, 22, 23]",-4.50346565246582,-4.403670310974121,-4.412166595458984,0.09979534149169922,0.09129905700683594,0.008496284484863281
pair_0049_sad,pair_0049,13,01,02,01,sad,pair_0049_happy,1,v_post_audio_marker_joint,v,"[18, 19, 20, 21, 22, 23]",-4.50346565246582,-4.403670310974121,-4.40380859375,0.09979534149169922,0.09965705871582031,0.00013828277587890625
pair_0049_sad,pair_0049,13,01,02,01,sad,pair_0049_happy,1,v_all_joint,v,"[18, 19, 20, 21, 22, 23]",-4.50346565246582,-4.403670310974121,-4.691424369812012,0.09979534149169922,-0.1879587173461914,0.2877540588378906
pair_0050_happy,pair_0050,13,02,01,01,happy,pair_0050_sad,-1,v_audio_joint,v,"[18, 19, 20, 21, 22, 23]",-3.187375545501709,-3.1652517318725586,-2.616464138031006,-0.02212381362915039,-0.5709114074707031,0.5487875938415527
pair_0050_happy,pair_0050,13,02,01,01,happy,pair_0050_sad,-1,v_prompt_joint,v,"[18, 19, 20, 21, 22, 23]",-3.187375545501709,-3.1652517318725586,-3.1652517318725586,-0.02212381362915039,-0.02212381362915039,-0.0
pair_0050_happy,pair_0050,13,02,01,01,happy,pair_0050_sad,-1,v_other_joint,v,"[18, 19, 20, 21, 22, 23]",-3.187375545501709,-3.1652517318725586,-3.1616430282592773,-0.02212381362915039,-0.02573251724243164,0.00360870361328125
pair_0050_happy,pair_0050,13,02,01,01,happy,pair_0050_sad,-1,v_non_audio_joint,v,"[18, 19, 20, 21, 22, 23]",-3.187375545501709,-3.1652517318725586,-3.1616430282592773,-0.02212381362915039,-0.02573251724243164,0.00360870361328125
pair_0050_happy,pair_0050,13,02,01,01,happy,pair_0050_sad,-1,v_decision_joint,v,"[18, 19, 20, 21, 22, 23]",-3.187375545501709,-3.1652517318725586,-3.1616365909576416,-0.02212381362915039,-0.025738954544067383,0.003615140914916992
pair_0050_happy,pair_0050,13,02,01,01,happy,pair_0050_sad,-1,v_post_audio_marker_joint,v,"[18, 19, 20, 21, 22, 23]",-3.187375545501709,-3.1652517318725586,-3.16526198387146,-0.02212381362915039,-0.022113561630249023,-1.0251998901367188e-05
pair_0050_happy,pair_0050,13,02,01,01,happy,pair_0050_sad,-1,v_all_joint,v,"[18, 19, 20, 21, 22, 23]",-3.187375545501709,-3.1652517318725586,-2.6257081031799316,-0.02212381362915039,-0.5616674423217773,0.539543628692627
pair_0050_sad,pair_0050,13,02,01,01,sad,pair_0050_happy,1,v_audio_joint,v,"[18, 19, 20, 21, 22, 23]",-3.3296210765838623,-3.3485107421875,-3.397800922393799,-0.018889665603637695,-0.06817984580993652,0.04929018020629883
pair_0050_sad,pair_0050,13,02,01,01,sad,pair_0050_happy,1,v_prompt_joint,v,"[18, 19, 20, 21, 22, 23]",-3.3296210765838623,-3.3485107421875,-3.3485107421875,-0.018889665603637695,-0.018889665603637695,0.0
pair_0050_sad,pair_0050,13,02,01,01,sad,pair_0050_happy,1,v_other_joint,v,"[18, 19, 20, 21, 22, 23]",-3.3296210765838623,-3.3485107421875,-3.351364850997925,-0.018889665603637695,-0.0217437744140625,0.0028541088104248047
pair_0050_sad,pair_0050,13,02,01,01,sad,pair_0050_happy,1,v_non_audio_joint,v,"[18, 19, 20, 21, 22, 23]",-3.3296210765838623,-3.3485107421875,-3.351364850997925,-0.018889665603637695,-0.0217437744140625,0.0028541088104248047
pair_0050_sad,pair_0050,13,02,01,01,sad,pair_0050_happy,1,v_decision_joint,v,"[18, 19, 20, 21, 22, 23]",-3.3296210765838623,-3.3485107421875,-3.351372718811035,-0.018889665603637695,-0.02175164222717285,0.0028619766235351562
pair_0050_sad,pair_0050,13,02,01,01,sad,pair_0050_happy,1,v_post_audio_marker_joint,v,"[18, 19, 20, 21, 22, 23]",-3.3296210765838623,-3.3485107421875,-3.3485066890716553,-0.018889665603637695,-0.01888561248779297,-4.0531158447265625e-06
pair_0050_sad,pair_0050,13,02,01,01,sad,pair_0050_happy,1,v_all_joint,v,"[18, 19, 20, 21, 22, 23]",-3.3296210765838623,-3.3485107421875,-3.3600215911865234,-0.018889665603637695,-0.030400514602661133,0.011510848999023438
pair_0051_happy,pair_0051,13,02,02,01,happy,pair_0051_sad,-1,v_audio_joint,v,"[18, 19, 20, 21, 22, 23]",-3.448737621307373,-3.4490039348602295,-3.2046704292297363,0.0002663135528564453,-0.24406719207763672,0.24433350563049316
pair_0051_happy,pair_0051,13,02,02,01,happy,pair_0051_sad,-1,v_prompt_joint,v,"[18, 19, 20, 21, 22, 23]",-3.448737621307373,-3.4490039348602295,-3.4490039348602295,0.0002663135528564453,0.0002663135528564453,-0.0
pair_0051_happy,pair_0051,13,02,02,01,happy,pair_0051_sad,-1,v_other_joint,v,"[18, 19, 20, 21, 22, 23]",-3.448737621307373,-3.4490039348602295,-3.453416585922241,0.0002663135528564453,0.004678964614868164,-0.004412651062011719
pair_0051_happy,pair_0051,13,02,02,01,happy,pair_0051_sad,-1,v_non_audio_joint,v,"[18, 19, 20, 21, 22, 23]",-3.448737621307373,-3.4490039348602295,-3.453416585922241,0.0002663135528564453,0.004678964614868164,-0.004412651062011719
pair_0051_happy,pair_0051,13,02,02,01,happy,pair_0051_sad,-1,v_decision_joint,v,"[18, 19, 20, 21, 22, 23]",-3.448737621307373,-3.4490039348602295,-3.4533896446228027,0.0002663135528564453,0.0046520233154296875,-0.004385709762573242
pair_0051_happy,pair_0051,13,02,02,01,happy,pair_0051_sad,-1,v_post_audio_marker_joint,v,"[18, 19, 20, 21, 22, 23]",-3.448737621307373,-3.4490039348602295,-3.4490199089050293,0.0002663135528564453,0.00028228759765625,-1.5974044799804688e-05
pair_0051_happy,pair_0051,13,02,02,01,happy,pair_0051_sad,-1,v_all_joint,v,"[18, 19, 20, 21, 22, 23]",-3.448737621307373,-3.4490039348602295,-3.2252585887908936,0.0002663135528564453,-0.2234790325164795,0.22374534606933594
pair_0051_sad,pair_0051,13,02,02,01,sad,pair_0051_happy,1,v_audio_joint,v,"[18, 19, 20, 21, 22, 23]",-3.277841091156006,-3.2824442386627197,-3.184915542602539,-0.004603147506713867,0.0929255485534668,-0.09752869606018066
pair_0051_sad,pair_0051,13,02,02,01,sad,pair_0051_happy,1,v_prompt_joint,v,"[18, 19, 20, 21, 22, 23]",-3.277841091156006,-3.2824442386627197,-3.2824442386627197,-0.004603147506713867,-0.004603147506713867,0.0
pair_0051_sad,pair_0051,13,02,02,01,sad,pair_0051_happy,1,v_other_joint,v,"[18, 19, 20, 21, 22, 23]",-3.277841091156006,-3.2824442386627197,-3.2777514457702637,-0.004603147506713867,8.96453857421875e-05,-0.004692792892456055
pair_0051_sad,pair_0051,13,02,02,01,sad,pair_0051_happy,1,v_non_audio_joint,v,"[18, 19, 20, 21, 22, 23]",-3.277841091156006,-3.2824442386627197,-3.2777514457702637,-0.004603147506713867,8.96453857421875e-05,-0.004692792892456055
pair_0051_sad,pair_0051,13,02,02,01,sad,pair_0051_happy,1,v_decision_joint,v,"[18, 19, 20, 21, 22, 23]",-3.277841091156006,-3.2824442386627197,-3.2777791023254395,-0.004603147506713867,6.198883056640625e-05,-0.0046651363372802734
pair_0051_sad,pair_0051,13,02,02,01,sad,pair_0051_happy,1,v_post_audio_marker_joint,v,"[18, 19, 20, 21, 22, 23]",-3.277841091156006,-3.2824442386627197,-3.2824223041534424,-0.004603147506713867,-0.0045812129974365234,-2.193450927734375e-05
pair_0051_sad,pair_0051,13,02,02,01,sad,pair_0051_happy,1,v_all_joint,v,"[18, 19, 20, 21, 22, 23]",-3.277841091156006,-3.2824442386627197,-3.166236162185669,-0.004603147506713867,0.11160492897033691,-0.11620807647705078
pair_0052_happy,pair_0052,14,01,01,01,happy,pair_0052_sad,-1,v_audio_joint,v,"[18, 19, 20, 21, 22, 23]",-4.171508312225342,-4.161243438720703,-4.267459869384766,-0.010264873504638672,0.09595155715942383,-0.1062164306640625
pair_0052_happy,pair_0052,14,01,01,01,happy,pair_0052_sad,-1,v_prompt_joint,v,"[18, 19, 20, 21, 22, 23]",-4.171508312225342,-4.161243438720703,-4.161243438720703,-0.010264873504638672,-0.010264873504638672,-0.0
pair_0052_happy,pair_0052,14,01,01,01,happy,pair_0052_sad,-1,v_other_joint,v,"[18, 19, 20, 21, 22, 23]",-4.171508312225342,-4.161243438720703,-4.1581220626831055,-0.010264873504638672,-0.013386249542236328,0.0031213760375976562
pair_0052_happy,pair_0052,14,01,01,01,happy,pair_0052_sad,-1,v_non_audio_joint,v,"[18, 19, 20, 21, 22, 23]",-4.171508312225342,-4.161243438720703,-4.1581220626831055,-0.010264873504638672,-0.013386249542236328,0.0031213760375976562
pair_0052_happy,pair_0052,14,01,01,01,happy,pair_0052_sad,-1,v_decision_joint,v,"[18, 19, 20, 21, 22, 23]",-4.171508312225342,-4.161243438720703,-4.158083915710449,-0.010264873504638672,-0.013424396514892578,0.0031595230102539062
pair_0052_happy,pair_0052,14,01,01,01,happy,pair_0052_sad,-1,v_post_audio_marker_joint,v,"[18, 19, 20, 21, 22, 23]",-4.171508312225342,-4.161243438720703,-4.161287307739258,-0.010264873504638672,-0.010221004486083984,-4.38690185546875e-05
pair_0052_happy,pair_0052,14,01,01,01,happy,pair_0052_sad,-1,v_all_joint,v,"[18, 19, 20, 21, 22, 23]",-4.171508312225342,-4.161243438720703,-4.261995315551758,-0.010264873504638672,0.09048700332641602,-0.10075187683105469
pair_0052_sad,pair_0052,14,01,01,01,sad,pair_0052_happy,1,v_audio_joint,v,"[18, 19, 20, 21, 22, 23]",-4.786404132843018,-4.817407131195068,-4.835037708282471,-0.03100299835205078,-0.048633575439453125,0.017630577087402344
pair_0052_sad,pair_0052,14,01,01,01,sad,pair_0052_happy,1,v_prompt_joint,v,"[18, 19, 20, 21, 22, 23]",-4.786404132843018,-4.817407131195068,-4.817407131195068,-0.03100299835205078,-0.03100299835205078,0.0
pair_0052_sad,pair_0052,14,01,01,01,sad,pair_0052_happy,1,v_other_joint,v,"[18, 19, 20, 21, 22, 23]",-4.786404132843018,-4.817407131195068,-4.816723823547363,-0.03100299835205078,-0.030319690704345703,-0.0006833076477050781
pair_0052_sad,pair_0052,14,01,01,01,sad,pair_0052_happy,1,v_non_audio_joint,v,"[18, 19, 20, 21, 22, 23]",-4.786404132843018,-4.817407131195068,-4.816723823547363,-0.03100299835205078,-0.030319690704345703,-0.0006833076477050781
pair_0052_sad,pair_0052,14,01,01,01,sad,pair_0052_happy,1,v_decision_joint,v,"[18, 19, 20, 21, 22, 23]",-4.786404132843018,-4.817407131195068,-4.816779136657715,-0.03100299835205078,-0.030375003814697266,-0.0006279945373535156
pair_0052_sad,pair_0052,14,01,01,01,sad,pair_0052_happy,1,v_post_audio_marker_joint,v,"[18, 19, 20, 21, 22, 23]",-4.786404132843018,-4.817407131195068,-4.817351341247559,-0.03100299835205078,-0.030947208404541016,-5.5789947509765625e-05
pair_0052_sad,pair_0052,14,01,01,01,sad,pair_0052_happy,1,v_all_joint,v,"[18, 19, 20, 21, 22, 23]",-4.786404132843018,-4.817407131195068,-4.838594436645508,-0.03100299835205078,-0.052190303802490234,0.021187305450439453
pair_0053_happy,pair_0053,14,01,02,01,happy,pair_0053_sad,-1,v_audio_joint,v,"[18, 19, 20, 21, 22, 23]",-4.112044811248779,-4.207479476928711,-4.071903705596924,0.09543466567993164,-0.04014110565185547,0.1355757713317871
pair_0053_happy,pair_0053,14,01,02,01,happy,pair_0053_sad,-1,v_prompt_joint,v,"[18, 19, 20, 21, 22, 23]",-4.112044811248779,-4.207479476928711,-4.207479476928711,0.09543466567993164,0.09543466567993164,-0.0
pair_0053_happy,pair_0053,14,01,02,01,happy,pair_0053_sad,-1,v_other_joint,v,"[18, 19, 20, 21, 22, 23]",-4.112044811248779,-4.207479476928711,-4.193621635437012,0.09543466567993164,0.08157682418823242,0.013857841491699219
pair_0053_happy,pair_0053,14,01,02,01,happy,pair_0053_sad,-1,v_non_audio_joint,v,"[18, 19, 20, 21, 22, 23]",-4.112044811248779,-4.207479476928711,-4.193621635437012,0.09543466567993164,0.08157682418823242,0.013857841491699219
pair_0053_happy,pair_0053,14,01,02,01,happy,pair_0053_sad,-1,v_decision_joint,v,"[18, 19, 20, 21, 22, 23]",-4.112044811248779,-4.207479476928711,-4.193629264831543,0.09543466567993164,0.08158445358276367,0.013850212097167969
pair_0053_happy,pair_0053,14,01,02,01,happy,pair_0053_sad,-1,v_post_audio_marker_joint,v,"[18, 19, 20, 21, 22, 23]",-4.112044811248779,-4.207479476928711,-4.2074737548828125,0.09543466567993164,0.0954289436340332,5.7220458984375e-06
pair_0053_happy,pair_0053,14,01,02,01,happy,pair_0053_sad,-1,v_all_joint,v,"[18, 19, 20, 21, 22, 23]",-4.112044811248779,-4.207479476928711,-4.069634437561035,0.09543466567993164,-0.04241037368774414,0.13784503936767578
pair_0053_sad,pair_0053,14,01,02,01,sad,pair_0053_happy,1,v_audio_joint,v,"[18, 19, 20, 21, 22, 23]",-4.676085948944092,-4.569714546203613,-4.725486755371094,0.10637140274047852,-0.04940080642700195,0.15577220916748047
pair_0053_sad,pair_0053,14,01,02,01,sad,pair_0053_happy,1,v_prompt_joint,v,"[18, 19, 20, 21, 22, 23]",-4.676085948944092,-4.569714546203613,-4.569714546203613,0.10637140274047852,0.10637140274047852,0.0
pair_0053_sad,pair_0053,14,01,02,01,sad,pair_0053_happy,1,v_other_joint,v,"[18, 19, 20, 21, 22, 23]",-4.676085948944092,-4.569714546203613,-4.583378791809082,0.10637140274047852,0.09270715713500977,0.01366424560546875
pair_0053_sad,pair_0053,14,01,02,01,sad,pair_0053_happy,1,v_non_audio_joint,v,"[18, 19, 20, 21, 22, 23]",-4.676085948944092,-4.569714546203613,-4.583378791809082,0.10637140274047852,0.09270715713500977,0.01366424560546875
pair_0053_sad,pair_0053,14,01,02,01,sad,pair_0053_happy,1,v_decision_joint,v,"[18, 19, 20, 21, 22, 23]",-4.676085948944092,-4.569714546203613,-4.583364963531494,0.10637140274047852,0.09272098541259766,0.01365041732788086
pair_0053_sad,pair_0053,14,01,02,01,sad,pair_0053_happy,1,v_post_audio_marker_joint,v,"[18, 19, 20, 21, 22, 23]",-4.676085948944092,-4.569714546203613,-4.569727897644043,0.10637140274047852,0.10635805130004883,1.33514404296875e-05
pair_0053_sad,pair_0053,14,01,02,01,sad,pair_0053_happy,1,v_all_joint,v,"[18, 19, 20, 21, 22, 23]",-4.676085948944092,-4.569714546203613,-4.726356506347656,0.10637140274047852,-0.05027055740356445,0.15664196014404297
pair_0054_happy,pair_0054,14,02,01,01,happy,pair_0054_sad,-1,v_audio_joint,v,"[18, 19, 20, 21, 22, 23]",-3.5748958587646484,-3.6116995811462402,-3.472555637359619,0.0368037223815918,-0.1023402214050293,0.1391439437866211
pair_0054_happy,pair_0054,14,02,01,01,happy,pair_0054_sad,-1,v_prompt_joint,v,"[18, 19, 20, 21, 22, 23]",-3.5748958587646484,-3.6116995811462402,-3.6116995811462402,0.0368037223815918,0.0368037223815918,-0.0
pair_0054_happy,pair_0054,14,02,01,01,happy,pair_0054_sad,-1,v_other_joint,v,"[18, 19, 20, 21, 22, 23]",-3.5748958587646484,-3.6116995811462402,-3.607473373413086,0.0368037223815918,0.0325775146484375,0.004226207733154297
pair_0054_happy,pair_0054,14,02,01,01,happy,pair_0054_sad,-1,v_non_audio_joint,v,"[18, 19, 20, 21, 22, 23]",-3.5748958587646484,-3.6116995811462402,-3.607473373413086,0.0368037223815918,0.0325775146484375,0.004226207733154297
pair_0054_happy,pair_0054,14,02,01,01,happy,pair_0054_sad,-1,v_decision_joint,v,"[18, 19, 20, 21, 22, 23]",-3.5748958587646484,-3.6116995811462402,-3.6074414253234863,0.0368037223815918,0.03254556655883789,0.004258155822753906
pair_0054_happy,pair_0054,14,02,01,01,happy,pair_0054_sad,-1,v_post_audio_marker_joint,v,"[18, 19, 20, 21, 22, 23]",-3.5748958587646484,-3.6116995811462402,-3.611724853515625,0.0368037223815918,0.03682899475097656,-2.5272369384765625e-05
pair_0054_happy,pair_0054,14,02,01,01,happy,pair_0054_sad,-1,v_all_joint,v,"[18, 19, 20, 21, 22, 23]",-3.5748958587646484,-3.6116995811462402,-3.4887442588806152,0.0368037223815918,-0.0861515998840332,0.122955322265625
pair_0054_sad,pair_0054,14,02,01,01,sad,pair_0054_happy,1,v_audio_joint,v,"[18, 19, 20, 21, 22, 23]",-3.768885374069214,-3.7494192123413086,-3.886117458343506,0.019466161727905273,-0.11723208427429199,0.13669824600219727
pair_0054_sad,pair_0054,14,02,01,01,sad,pair_0054_happy,1,v_prompt_joint,v,"[18, 19, 20, 21, 22, 23]",-3.768885374069214,-3.7494192123413086,-3.7494192123413086,0.019466161727905273,0.019466161727905273,0.0
pair_0054_sad,pair_0054,14,02,01,01,sad,pair_0054_happy,1,v_other_joint,v,"[18, 19, 20, 21, 22, 23]",-3.768885374069214,-3.7494192123413086,-3.7535176277160645,0.019466161727905273,0.015367746353149414,0.004098415374755859
pair_0054_sad,pair_0054,14,02,01,01,sad,pair_0054_happy,1,v_non_audio_joint,v,"[18, 19, 20, 21, 22, 23]",-3.768885374069214,-3.7494192123413086,-3.7535176277160645,0.019466161727905273,0.015367746353149414,0.004098415374755859
pair_0054_sad,pair_0054,14,02,01,01,sad,pair_0054_happy,1,v_decision_joint,v,"[18, 19, 20, 21, 22, 23]",-3.768885374069214,-3.7494192123413086,-3.7535488605499268,0.019466161727905273,0.01533651351928711,0.004129648208618164
pair_0054_sad,pair_0054,14,02,01,01,sad,pair_0054_happy,1,v_post_audio_marker_joint,v,"[18, 19, 20, 21, 22, 23]",-3.768885374069214,-3.7494192123413086,-3.749396324157715,0.019466161727905273,0.019489049911499023,-2.288818359375e-05
pair_0054_sad,pair_0054,14,02,01,01,sad,pair_0054_happy,1,v_all_joint,v,"[18, 19, 20, 21, 22, 23]",-3.768885374069214,-3.7494192123413086,-3.8668460845947266,0.019466161727905273,-0.0979607105255127,0.11742687225341797
pair_0055_happy,pair_0055,14,02,02,01,happy,pair_0055_sad,-1,v_audio_joint,v,"[18, 19, 20, 21, 22, 23]",-3.3426270484924316,-3.5281014442443848,-3.2218852043151855,0.18547439575195312,-0.1207418441772461,0.3062162399291992
pair_0055_happy,pair_0055,14,02,02,01,happy,pair_0055_sad,-1,v_prompt_joint,v,"[18, 19, 20, 21, 22, 23]",-3.3426270484924316,-3.5281014442443848,-3.5281014442443848,0.18547439575195312,0.18547439575195312,-0.0
pair_0055_happy,pair_0055,14,02,02,01,happy,pair_0055_sad,-1,v_other_joint,v,"[18, 19, 20, 21, 22, 23]",-3.3426270484924316,-3.5281014442443848,-3.5323023796081543,0.18547439575195312,0.18967533111572266,-0.004200935363769531
pair_0055_happy,pair_0055,14,02,02,01,happy,pair_0055_sad,-1,v_non_audio_joint,v,"[18, 19, 20, 21, 22, 23]",-3.3426270484924316,-3.5281014442443848,-3.5323023796081543,0.18547439575195312,0.18967533111572266,-0.004200935363769531
pair_0055_happy,pair_0055,14,02,02,01,happy,pair_0055_sad,-1,v_decision_joint,v,"[18, 19, 20, 21, 22, 23]",-3.3426270484924316,-3.5281014442443848,-3.5321693420410156,0.18547439575195312,0.18954229354858398,-0.004067897796630859
pair_0055_happy,pair_0055,14,02,02,01,happy,pair_0055_sad,-1,v_post_audio_marker_joint,v,"[18, 19, 20, 21, 22, 23]",-3.3426270484924316,-3.5281014442443848,-3.5282363891601562,0.18547439575195312,0.1856093406677246,-0.00013494491577148438
pair_0055_happy,pair_0055,14,02,02,01,happy,pair_0055_sad,-1,v_all_joint,v,"[18, 19, 20, 21, 22, 23]",-3.3426270484924316,-3.5281014442443848,-3.2341489791870117,0.18547439575195312,-0.10847806930541992,0.29395246505737305
pair_0055_sad,pair_0055,14,02,02,01,sad,pair_0055_happy,1,v_audio_joint,v,"[18, 19, 20, 21, 22, 23]",-3.8608345985412598,-3.674555778503418,-3.8638429641723633,0.1862788200378418,-0.0030083656311035156,0.1892871856689453
pair_0055_sad,pair_0055,14,02,02,01,sad,pair_0055_happy,1,v_prompt_joint,v,"[18, 19, 20, 21, 22, 23]",-3.8608345985412598,-3.674555778503418,-3.674555778503418,0.1862788200378418,0.1862788200378418,0.0
pair_0055_sad,pair_0055,14,02,02,01,sad,pair_0055_happy,1,v_other_joint,v,"[18, 19, 20, 21, 22, 23]",-3.8608345985412598,-3.674555778503418,-3.669177532196045,0.1862788200378418,0.19165706634521484,-0.005378246307373047
pair_0055_sad,pair_0055,14,02,02,01,sad,pair_0055_happy,1,v_non_audio_joint,v,"[18, 19, 20, 21, 22, 23]",-3.8608345985412598,-3.674555778503418,-3.669177532196045,0.1862788200378418,0.19165706634521484,-0.005378246307373047
pair_0055_sad,pair_0055,14,02,02,01,sad,pair_0055_happy,1,v_decision_joint,v,"[18, 19, 20, 21, 22, 23]",-3.8608345985412598,-3.674555778503418,-3.669302463531494,0.1862788200378418,0.19153213500976562,-0.005253314971923828
pair_0055_sad,pair_0055,14,02,02,01,sad,pair_0055_happy,1,v_post_audio_marker_joint,v,"[18, 19, 20, 21, 22, 23]",-3.8608345985412598,-3.674555778503418,-3.6744375228881836,0.1862788200378418,0.18639707565307617,-0.000118255615234375
pair_0055_sad,pair_0055,14,02,02,01,sad,pair_0055_happy,1,v_all_joint,v,"[18, 19, 20, 21, 22, 23]",-3.8608345985412598,-3.674555778503418,-3.8531832695007324,0.1862788200378418,0.007651329040527344,0.17862749099731445
pair_0056_happy,pair_0056,15,01,01,01,happy,pair_0056_sad,-1,v_audio_joint,v,"[18, 19, 20, 21, 22, 23]",-4.230840682983398,-4.03121280670166,-4.110747337341309,-0.19962787628173828,-0.12009334564208984,-0.07953453063964844
pair_0056_happy,pair_0056,15,01,01,01,happy,pair_0056_sad,-1,v_prompt_joint,v,"[18, 19, 20, 21, 22, 23]",-4.230840682983398,-4.03121280670166,-4.03121280670166,-0.19962787628173828,-0.19962787628173828,-0.0
pair_0056_happy,pair_0056,15,01,01,01,happy,pair_0056_sad,-1,v_other_joint,v,"[18, 19, 20, 21, 22, 23]",-4.230840682983398,-4.03121280670166,-4.038945198059082,-0.19962787628173828,-0.1918954849243164,-0.007732391357421875
pair_0056_happy,pair_0056,15,01,01,01,happy,pair_0056_sad,-1,v_non_audio_joint,v,"[18, 19, 20, 21, 22, 23]",-4.230840682983398,-4.03121280670166,-4.038945198059082,-0.19962787628173828,-0.1918954849243164,-0.007732391357421875
pair_0056_happy,pair_0056,15,01,01,01,happy,pair_0056_sad,-1,v_decision_joint,v,"[18, 19, 20, 21, 22, 23]",-4.230840682983398,-4.03121280670166,-4.039131164550781,-0.19962787628173828,-0.1917095184326172,-0.007918357849121094
pair_0056_happy,pair_0056,15,01,01,01,happy,pair_0056_sad,-1,v_post_audio_marker_joint,v,"[18, 19, 20, 21, 22, 23]",-4.230840682983398,-4.03121280670166,-4.0310235023498535,-0.19962787628173828,-0.19981718063354492,0.00018930435180664062
pair_0056_happy,pair_0056,15,01,01,01,happy,pair_0056_sad,-1,v_all_joint,v,"[18, 19, 20, 21, 22, 23]",-4.230840682983398,-4.03121280670166,-4.11163330078125,-0.19962787628173828,-0.11920738220214844,-0.08042049407958984
pair_0056_sad,pair_0056,15,01,01,01,sad,pair_0056_happy,1,v_audio_joint,v,"[18, 19, 20, 21, 22, 23]",-3.936347484588623,-4.121422290802002,-3.9659976959228516,-0.1850748062133789,-0.029650211334228516,-0.1554245948791504
pair_0056_sad,pair_0056,15,01,01,01,sad,pair_0056_happy,1,v_prompt_joint,v,"[18, 19, 20, 21, 22, 23]",-3.936347484588623,-4.121422290802002,-4.121422290802002,-0.1850748062133789,-0.1850748062133789,0.0
pair_0056_sad,pair_0056,15,01,01,01,sad,pair_0056_happy,1,v_other_joint,v,"[18, 19, 20, 21, 22, 23]",-3.936347484588623,-4.121422290802002,-4.1127824783325195,-0.1850748062133789,-0.17643499374389648,-0.008639812469482422
pair_0056_sad,pair_0056,15,01,01,01,sad,pair_0056_happy,1,v_non_audio_joint,v,"[18, 19, 20, 21, 22, 23]",-3.936347484588623,-4.121422290802002,-4.1127824783325195,-0.1850748062133789,-0.17643499374389648,-0.008639812469482422
pair_0056_sad,pair_0056,15,01,01,01,sad,pair_0056_happy,1,v_decision_joint,v,"[18, 19, 20, 21, 22, 23]",-3.936347484588623,-4.121422290802002,-4.112601280212402,-0.1850748062133789,-0.1762537956237793,-0.00882101058959961
pair_0056_sad,pair_0056,15,01,01,01,sad,pair_0056_happy,1,v_post_audio_marker_joint,v,"[18, 19, 20, 21, 22, 23]",-3.936347484588623,-4.121422290802002,-4.1215972900390625,-0.1850748062133789,-0.18524980545043945,0.00017499923706054688
pair_0056_sad,pair_0056,15,01,01,01,sad,pair_0056_happy,1,v_all_joint,v,"[18, 19, 20, 21, 22, 23]",-3.936347484588623,-4.121422290802002,-3.953446865081787,-0.1850748062133789,-0.017099380493164062,-0.16797542572021484
pair_0057_happy,pair_0057,15,01,02,01,happy,pair_0057_sad,-1,v_audio_joint,v,"[18, 19, 20, 21, 22, 23]",-4.441137313842773,-4.458919048309326,-4.42642879486084,0.017781734466552734,-0.014708518981933594,0.03249025344848633
pair_0057_happy,pair_0057,15,01,02,01,happy,pair_0057_sad,-1,v_prompt_joint,v,"[18, 19, 20, 21, 22, 23]",-4.441137313842773,-4.458919048309326,-4.458919048309326,0.017781734466552734,0.017781734466552734,-0.0
pair_0057_happy,pair_0057,15,01,02,01,happy,pair_0057_sad,-1,v_other_joint,v,"[18, 19, 20, 21, 22, 23]",-4.441137313842773,-4.458919048309326,-4.4524641036987305,0.017781734466552734,0.011326789855957031,0.006454944610595703
pair_0057_happy,pair_0057,15,01,02,01,happy,pair_0057_sad,-1,v_non_audio_joint,v,"[18, 19, 20, 21, 22, 23]",-4.441137313842773,-4.458919048309326,-4.4524641036987305,0.017781734466552734,0.011326789855957031,0.006454944610595703
pair_0057_happy,pair_0057,15,01,02,01,happy,pair_0057_sad,-1,v_decision_joint,v,"[18, 19, 20, 21, 22, 23]",-4.441137313842773,-4.458919048309326,-4.452417373657227,0.017781734466552734,0.011280059814453125,0.006501674652099609
pair_0057_happy,pair_0057,15,01,02,01,happy,pair_0057_sad,-1,v_post_audio_marker_joint,v,"[18, 19, 20, 21, 22, 23]",-4.441137313842773,-4.458919048309326,-4.4589667320251465,0.017781734466552734,0.017829418182373047,-4.76837158203125e-05
pair_0057_happy,pair_0057,15,01,02,01,happy,pair_0057_sad,-1,v_all_joint,v,"[18, 19, 20, 21, 22, 23]",-4.441137313842773,-4.458919048309326,-4.434301376342773,0.017781734466552734,-0.0068359375,0.024617671966552734
pair_0057_sad,pair_0057,15,01,02,01,sad,pair_0057_happy,1,v_audio_joint,v,"[18, 19, 20, 21, 22, 23]",-4.258543014526367,-4.245214462280273,-4.337488651275635,0.01332855224609375,-0.07894563674926758,0.09227418899536133
pair_0057_sad,pair_0057,15,01,02,01,sad,pair_0057_happy,1,v_prompt_joint,v,"[18, 19, 20, 21, 22, 23]",-4.258543014526367,-4.245214462280273,-4.245214462280273,0.01332855224609375,0.01332855224609375,0.0
pair_0057_sad,pair_0057,15,01,02,01,sad,pair_0057_happy,1,v_other_joint,v,"[18, 19, 20, 21, 22, 23]",-4.258543014526367,-4.245214462280273,-4.252018928527832,0.01332855224609375,0.006524085998535156,0.006804466247558594
pair_0057_sad,pair_0057,15,01,02,01,sad,pair_0057_happy,1,v_non_audio_joint,v,"[18, 19, 20, 21, 22, 23]",-4.258543014526367,-4.245214462280273,-4.252018928527832,0.01332855224609375,0.006524085998535156,0.006804466247558594
pair_0057_sad,pair_0057,15,01,02,01,sad,pair_0057_happy,1,v_decision_joint,v,"[18, 19, 20, 21, 22, 23]",-4.258543014526367,-4.245214462280273,-4.2520599365234375,0.01332855224609375,0.0064830780029296875,0.0068454742431640625
pair_0057_sad,pair_0057,15,01,02,01,sad,pair_0057_happy,1,v_post_audio_marker_joint,v,"[18, 19, 20, 21, 22, 23]",-4.258543014526367,-4.245214462280273,-4.2451677322387695,0.01332855224609375,0.013375282287597656,-4.673004150390625e-05
pair_0057_sad,pair_0057,15,01,02,01,sad,pair_0057_happy,1,v_all_joint,v,"[18, 19, 20, 21, 22, 23]",-4.258543014526367,-4.245214462280273,-4.327855110168457,0.01332855224609375,-0.06931209564208984,0.0826406478881836
pair_0058_happy,pair_0058,15,02,01,01,happy,pair_0058_sad,-1,v_audio_joint,v,"[18, 19, 20, 21, 22, 23]",-3.800013780593872,-3.7979488372802734,-3.8012993335723877,-0.002064943313598633,0.001285552978515625,-0.003350496292114258
pair_0058_happy,pair_0058,15,02,01,01,happy,pair_0058_sad,-1,v_prompt_joint,v,"[18, 19, 20, 21, 22, 23]",-3.800013780593872,-3.7979488372802734,-3.7979488372802734,-0.002064943313598633,-0.002064943313598633,-0.0
pair_0058_happy,pair_0058,15,02,01,01,happy,pair_0058_sad,-1,v_other_joint,v,"[18, 19, 20, 21, 22, 23]",-3.800013780593872,-3.7979488372802734,-3.805293560028076,-0.002064943313598633,0.0052797794342041016,-0.007344722747802734
pair_0058_happy,pair_0058,15,02,01,01,happy,pair_0058_sad,-1,v_non_audio_joint,v,"[18, 19, 20, 21, 22, 23]",-3.800013780593872,-3.7979488372802734,-3.805293560028076,-0.002064943313598633,0.0052797794342041016,-0.007344722747802734
pair_0058_happy,pair_0058,15,02,01,01,happy,pair_0058_sad,-1,v_decision_joint,v,"[18, 19, 20, 21, 22, 23]",-3.800013780593872,-3.7979488372802734,-3.805356025695801,-0.002064943313598633,0.005342245101928711,-0.007407188415527344
pair_0058_happy,pair_0058,15,02,01,01,happy,pair_0058_sad,-1,v_post_audio_marker_joint,v,"[18, 19, 20, 21, 22, 23]",-3.800013780593872,-3.7979488372802734,-3.797886371612549,-0.002064943313598633,-0.002127408981323242,6.246566772460938e-05
pair_0058_happy,pair_0058,15,02,01,01,happy,pair_0058_sad,-1,v_all_joint,v,"[18, 19, 20, 21, 22, 23]",-3.800013780593872,-3.7979488372802734,-3.801664113998413,-0.002064943313598633,0.0016503334045410156,-0.0037152767181396484
pair_0058_sad,pair_0058,15,02,01,01,sad,pair_0058_happy,1,v_audio_joint,v,"[18, 19, 20, 21, 22, 23]",-3.390519142150879,-3.3902595043182373,-3.347053050994873,0.00025963783264160156,0.04346609115600586,-0.04320645332336426
pair_0058_sad,pair_0058,15,02,01,01,sad,pair_0058_happy,1,v_prompt_joint,v,"[18, 19, 20, 21, 22, 23]",-3.390519142150879,-3.3902595043182373,-3.3902595043182373,0.00025963783264160156,0.00025963783264160156,0.0
pair_0058_sad,pair_0058,15,02,01,01,sad,pair_0058_happy,1,v_other_joint,v,"[18, 19, 20, 21, 22, 23]",-3.390519142150879,-3.3902595043182373,-3.3845858573913574,0.00025963783264160156,0.005933284759521484,-0.005673646926879883
pair_0058_sad,pair_0058,15,02,01,01,sad,pair_0058_happy,1,v_non_audio_joint,v,"[18, 19, 20, 21, 22, 23]",-3.390519142150879,-3.3902595043182373,-3.3845858573913574,0.00025963783264160156,0.005933284759521484,-0.005673646926879883
pair_0058_sad,pair_0058,15,02,01,01,sad,pair_0058_happy,1,v_decision_joint,v,"[18, 19, 20, 21, 22, 23]",-3.390519142150879,-3.3902595043182373,-3.3845224380493164,0.00025963783264160156,0.0059967041015625,-0.0057370662689208984
pair_0058_sad,pair_0058,15,02,01,01,sad,pair_0058_happy,1,v_post_audio_marker_joint,v,"[18, 19, 20, 21, 22, 23]",-3.390519142150879,-3.3902595043182373,-3.390322685241699,0.00025963783264160156,0.0001964569091796875,6.318092346191406e-05
pair_0058_sad,pair_0058,15,02,01,01,sad,pair_0058_happy,1,v_all_joint,v,"[18, 19, 20, 21, 22, 23]",-3.390519142150879,-3.3902595043182373,-3.34822416305542,0.00025963783264160156,0.042294979095458984,-0.04203534126281738
pair_0059_happy,pair_0059,15,02,02,01,happy,pair_0059_sad,-1,v_audio_joint,v,"[18, 19, 20, 21, 22, 23]",-3.5927512645721436,-3.7416224479675293,-3.8826303482055664,0.14887118339538574,0.28987908363342285,-0.1410079002380371
pair_0059_happy,pair_0059,15,02,02,01,happy,pair_0059_sad,-1,v_prompt_joint,v,"[18, 19, 20, 21, 22, 23]",-3.5927512645721436,-3.7416224479675293,-3.7416224479675293,0.14887118339538574,0.14887118339538574,-0.0
pair_0059_happy,pair_0059,15,02,02,01,happy,pair_0059_sad,-1,v_other_joint,v,"[18, 19, 20, 21, 22, 23]",-3.5927512645721436,-3.7416224479675293,-3.7030105590820312,0.14887118339538574,0.1102592945098877,0.03861188888549805
pair_0059_happy,pair_0059,15,02,02,01,happy,pair_0059_sad,-1,v_non_audio_joint,v,"[18, 19, 20, 21, 22, 23]",-3.5927512645721436,-3.7416224479675293,-3.7030105590820312,0.14887118339538574,0.1102592945098877,0.03861188888549805
pair_0059_happy,pair_0059,15,02,02,01,happy,pair_0059_sad,-1,v_decision_joint,v,"[18, 19, 20, 21, 22, 23]",-3.5927512645721436,-3.7416224479675293,-3.7032086849212646,0.14887118339538574,0.1104574203491211,0.03841376304626465
pair_0059_happy,pair_0059,15,02,02,01,happy,pair_0059_sad,-1,v_post_audio_marker_joint,v,"[18, 19, 20, 21, 22, 23]",-3.5927512645721436,-3.7416224479675293,-3.741431713104248,0.14887118339538574,0.1486804485321045,0.00019073486328125
pair_0059_happy,pair_0059,15,02,02,01,happy,pair_0059_sad,-1,v_all_joint,v,"[18, 19, 20, 21, 22, 23]",-3.5927512645721436,-3.7416224479675293,-3.871718168258667,0.14887118339538574,0.27896690368652344,-0.1300957202911377
pair_0059_sad,pair_0059,15,02,02,01,sad,pair_0059_happy,1,v_audio_joint,v,"[18, 19, 20, 21, 22, 23]",-4.272625923156738,-4.128354549407959,-3.878976821899414,0.1442713737487793,0.3936491012573242,-0.24937772750854492
pair_0059_sad,pair_0059,15,02,02,01,sad,pair_0059_happy,1,v_prompt_joint,v,"[18, 19, 20, 21, 22, 23]",-4.272625923156738,-4.128354549407959,-4.128354549407959,0.1442713737487793,0.1442713737487793,0.0
pair_0059_sad,pair_0059,15,02,02,01,sad,pair_0059_happy,1,v_other_joint,v,"[18, 19, 20, 21, 22, 23]",-4.272625923156738,-4.128354549407959,-4.169447898864746,0.1442713737487793,0.10317802429199219,0.04109334945678711
pair_0059_sad,pair_0059,15,02,02,01,sad,pair_0059_happy,1,v_non_audio_joint,v,"[18, 19, 20, 21, 22, 23]",-4.272625923156738,-4.128354549407959,-4.169447898864746,0.1442713737487793,0.10317802429199219,0.04109334945678711
pair_0059_sad,pair_0059,15,02,02,01,sad,pair_0059_happy,1,v_decision_joint,v,"[18, 19, 20, 21, 22, 23]",-4.272625923156738,-4.128354549407959,-4.1692914962768555,0.1442713737487793,0.10333442687988281,0.040936946868896484
pair_0059_sad,pair_0059,15,02,02,01,sad,pair_0059_happy,1,v_post_audio_marker_joint,v,"[18, 19, 20, 21, 22, 23]",-4.272625923156738,-4.128354549407959,-4.128503799438477,0.1442713737487793,0.14412212371826172,0.00014925003051757812
pair_0059_sad,pair_0059,15,02,02,01,sad,pair_0059_happy,1,v_all_joint,v,"[18, 19, 20, 21, 22, 23]",-4.272625923156738,-4.128354549407959,-3.9070885181427,0.1442713737487793,0.3655374050140381,-0.2212660312652588
pair_0060_happy,pair_0060,16,01,01,01,happy,pair_0060_sad,-1,v_audio_joint,v,"[18, 19, 20, 21, 22, 23]",-4.752762794494629,-4.84613037109375,-4.738136291503906,0.0933675765991211,-0.014626502990722656,0.10799407958984375
pair_0060_happy,pair_0060,16,01,01,01,happy,pair_0060_sad,-1,v_prompt_joint,v,"[18, 19, 20, 21, 22, 23]",-4.752762794494629,-4.84613037109375,-4.84613037109375,0.0933675765991211,0.0933675765991211,-0.0
pair_0060_happy,pair_0060,16,01,01,01,happy,pair_0060_sad,-1,v_other_joint,v,"[18, 19, 20, 21, 22, 23]",-4.752762794494629,-4.84613037109375,-4.851413249969482,0.0933675765991211,0.09865045547485352,-0.005282878875732422
pair_0060_happy,pair_0060,16,01,01,01,happy,pair_0060_sad,-1,v_non_audio_joint,v,"[18, 19, 20, 21, 22, 23]",-4.752762794494629,-4.84613037109375,-4.851413249969482,0.0933675765991211,0.09865045547485352,-0.005282878875732422
pair_0060_happy,pair_0060,16,01,01,01,happy,pair_0060_sad,-1,v_decision_joint,v,"[18, 19, 20, 21, 22, 23]",-4.752762794494629,-4.84613037109375,-4.8513336181640625,0.0933675765991211,0.0985708236694336,-0.0052032470703125
pair_0060_happy,pair_0060,16,01,01,01,happy,pair_0060_sad,-1,v_post_audio_marker_joint,v,"[18, 19, 20, 21, 22, 23]",-4.752762794494629,-4.84613037109375,-4.84621000289917,0.0933675765991211,0.09344720840454102,-7.963180541992188e-05
pair_0060_happy,pair_0060,16,01,01,01,happy,pair_0060_sad,-1,v_all_joint,v,"[18, 19, 20, 21, 22, 23]",-4.752762794494629,-4.84613037109375,-4.743840217590332,0.0933675765991211,-0.008922576904296875,0.10229015350341797
pair_0060_sad,pair_0060,16,01,01,01,sad,pair_0060_happy,1,v_audio_joint,v,"[18, 19, 20, 21, 22, 23]",-4.683334827423096,-4.596906661987305,-4.687539577484131,0.08642816543579102,-0.004204750061035156,0.09063291549682617
pair_0060_sad,pair_0060,16,01,01,01,sad,pair_0060_happy,1,v_prompt_joint,v,"[18, 19, 20, 21, 22, 23]",-4.683334827423096,-4.596906661987305,-4.596906661987305,0.08642816543579102,0.08642816543579102,0.0
pair_0060_sad,pair_0060,16,01,01,01,sad,pair_0060_happy,1,v_other_joint,v,"[18, 19, 20, 21, 22, 23]",-4.683334827423096,-4.596906661987305,-4.591064453125,0.08642816543579102,0.0922703742980957,-0.0058422088623046875
pair_0060_sad,pair_0060,16,01,01,01,sad,pair_0060_happy,1,v_non_audio_joint,v,"[18, 19, 20, 21, 22, 23]",-4.683334827423096,-4.596906661987305,-4.591064453125,0.08642816543579102,0.0922703742980957,-0.0058422088623046875
pair_0060_sad,pair_0060,16,01,01,01,sad,pair_0060_happy,1,v_decision_joint,v,"[18, 19, 20, 21, 22, 23]",-4.683334827423096,-4.596906661987305,-4.591144561767578,0.08642816543579102,0.09219026565551758,-0.0057621002197265625
pair_0060_sad,pair_0060,16,01,01,01,sad,pair_0060_happy,1,v_post_audio_marker_joint,v,"[18, 19, 20, 21, 22, 23]",-4.683334827423096,-4.596906661987305,-4.596822261810303,0.08642816543579102,0.08651256561279297,-8.440017700195312e-05
pair_0060_sad,pair_0060,16,01,01,01,sad,pair_0060_happy,1,v_all_joint,v,"[18, 19, 20, 21, 22, 23]",-4.683334827423096,-4.596906661987305,-4.679059028625488,0.08642816543579102,0.004275798797607422,0.0821523666381836
pair_0061_happy,pair_0061,16,01,02,01,happy,pair_0061_sad,-1,v_audio_joint,v,"[18, 19, 20, 21, 22, 23]",-4.656552314758301,-4.779184818267822,-4.682952404022217,0.12263250350952148,0.026400089263916016,0.09623241424560547
pair_0061_happy,pair_0061,16,01,02,01,happy,pair_0061_sad,-1,v_prompt_joint,v,"[18, 19, 20, 21, 22, 23]",-4.656552314758301,-4.779184818267822,-4.779184818267822,0.12263250350952148,0.12263250350952148,-0.0
pair_0061_happy,pair_0061,16,01,02,01,happy,pair_0061_sad,-1,v_other_joint,v,"[18, 19, 20, 21, 22, 23]",-4.656552314758301,-4.779184818267822,-4.779930114746094,0.12263250350952148,0.12337779998779297,-0.0007452964782714844
pair_0061_happy,pair_0061,16,01,02,01,happy,pair_0061_sad,-1,v_non_audio_joint,v,"[18, 19, 20, 21, 22, 23]",-4.656552314758301,-4.779184818267822,-4.779930114746094,0.12263250350952148,0.12337779998779297,-0.0007452964782714844
pair_0061_happy,pair_0061,16,01,02,01,happy,pair_0061_sad,-1,v_decision_joint,v,"[18, 19, 20, 21, 22, 23]",-4.656552314758301,-4.779184818267822,-4.779741287231445,0.12263250350952148,0.12318897247314453,-0.0005564689636230469
pair_0061_happy,pair_0061,16,01,02,01,happy,pair_0061_sad,-1,v_post_audio_marker_joint,v,"[18, 19, 20, 21, 22, 23]",-4.656552314758301,-4.779184818267822,-4.779386520385742,0.12263250350952148,0.1228342056274414,-0.00020170211791992188
pair_0061_happy,pair_0061,16,01,02,01,happy,pair_0061_sad,-1,v_all_joint,v,"[18, 19, 20, 21, 22, 23]",-4.656552314758301,-4.779184818267822,-4.679686546325684,0.12263250350952148,0.023134231567382812,0.09949827194213867
pair_0061_sad,pair_0061,16,01,02,01,sad,pair_0061_happy,1,v_audio_joint,v,"[18, 19, 20, 21, 22, 23]",-4.103060722351074,-3.9733777046203613,-4.089417457580566,0.1296830177307129,0.013643264770507812,0.11603975296020508
pair_0061_sad,pair_0061,16,01,02,01,sad,pair_0061_happy,1,v_prompt_joint,v,"[18, 19, 20, 21, 22, 23]",-4.103060722351074,-3.9733777046203613,-3.9733777046203613,0.1296830177307129,0.1296830177307129,0.0
pair_0061_sad,pair_0061,16,01,02,01,sad,pair_0061_happy,1,v_other_joint,v,"[18, 19, 20, 21, 22, 23]",-4.103060722351074,-3.9733777046203613,-3.970853090286255,0.1296830177307129,0.13220763206481934,-0.0025246143341064453
pair_0061_sad,pair_0061,16,01,02,01,sad,pair_0061_happy,1,v_non_audio_joint,v,"[18, 19, 20, 21, 22, 23]",-4.103060722351074,-3.9733777046203613,-3.970853090286255,0.1296830177307129,0.13220763206481934,-0.0025246143341064453
pair_0061_sad,pair_0061,16,01,02,01,sad,pair_0061_happy,1,v_decision_joint,v,"[18, 19, 20, 21, 22, 23]",-4.103060722351074,-3.9733777046203613,-3.9710419178009033,0.1296830177307129,0.1320188045501709,-0.002335786819458008
pair_0061_sad,pair_0061,16,01,02,01,sad,pair_0061_happy,1,v_post_audio_marker_joint,v,"[18, 19, 20, 21, 22, 23]",-4.103060722351074,-3.9733777046203613,-3.973180055618286,0.1296830177307129,0.12988066673278809,-0.0001976490020751953
pair_0061_sad,pair_0061,16,01,02,01,sad,pair_0061_happy,1,v_all_joint,v,"[18, 19, 20, 21, 22, 23]",-4.103060722351074,-3.9733777046203613,-4.081827163696289,0.1296830177307129,0.021233558654785156,0.10844945907592773
pair_0062_happy,pair_0062,16,02,01,01,happy,pair_0062_sad,-1,v_audio_joint,v,"[18, 19, 20, 21, 22, 23]",-3.5628504753112793,-3.5412092208862305,-3.588472366333008,-0.021641254425048828,0.025621891021728516,-0.047263145446777344
pair_0062_happy,pair_0062,16,02,01,01,happy,pair_0062_sad,-1,v_prompt_joint,v,"[18, 19, 20, 21, 22, 23]",-3.5628504753112793,-3.5412092208862305,-3.5412092208862305,-0.021641254425048828,-0.021641254425048828,-0.0
pair_0062_happy,pair_0062,16,02,01,01,happy,pair_0062_sad,-1,v_other_joint,v,"[18, 19, 20, 21, 22, 23]",-3.5628504753112793,-3.5412092208862305,-3.5338380336761475,-0.021641254425048828,-0.029012441635131836,0.007371187210083008
pair_0062_happy,pair_0062,16,02,01,01,happy,pair_0062_sad,-1,v_non_audio_joint,v,"[18, 19, 20, 21, 22, 23]",-3.5628504753112793,-3.5412092208862305,-3.5338380336761475,-0.021641254425048828,-0.029012441635131836,0.007371187210083008
pair_0062_happy,pair_0062,16,02,01,01,happy,pair_0062_sad,-1,v_decision_joint,v,"[18, 19, 20, 21, 22, 23]",-3.5628504753112793,-3.5412092208862305,-3.533823251724243,-0.021641254425048828,-0.029027223587036133,0.007385969161987305
pair_0062_happy,pair_0062,16,02,01,01,happy,pair_0062_sad,-1,v_post_audio_marker_joint,v,"[18, 19, 20, 21, 22, 23]",-3.5628504753112793,-3.5412092208862305,-3.5412356853485107,-0.021641254425048828,-0.021614789962768555,-2.6464462280273438e-05
pair_0062_happy,pair_0062,16,02,01,01,happy,pair_0062_sad,-1,v_all_joint,v,"[18, 19, 20, 21, 22, 23]",-3.5628504753112793,-3.5412092208862305,-3.5651752948760986,-0.021641254425048828,0.002324819564819336,-0.023966073989868164
pair_0062_sad,pair_0062,16,02,01,01,sad,pair_0062_happy,1,v_audio_joint,v,"[18, 19, 20, 21, 22, 23]",-3.5368704795837402,-3.5656228065490723,-3.39762544631958,-0.02875232696533203,0.13924503326416016,-0.1679973602294922
pair_0062_sad,pair_0062,16,02,01,01,sad,pair_0062_happy,1,v_prompt_joint,v,"[18, 19, 20, 21, 22, 23]",-3.5368704795837402,-3.5656228065490723,-3.5656228065490723,-0.02875232696533203,-0.02875232696533203,0.0
pair_0062_sad,pair_0062,16,02,01,01,sad,pair_0062_happy,1,v_other_joint,v,"[18, 19, 20, 21, 22, 23]",-3.5368704795837402,-3.5656228065490723,-3.5736007690429688,-0.02875232696533203,-0.036730289459228516,0.007977962493896484
pair_0062_sad,pair_0062,16,02,01,01,sad,pair_0062_happy,1,v_non_audio_joint,v,"[18, 19, 20, 21, 22, 23]",-3.5368704795837402,-3.5656228065490723,-3.5736007690429688,-0.02875232696533203,-0.036730289459228516,0.007977962493896484
pair_0062_sad,pair_0062,16,02,01,01,sad,pair_0062_happy,1,v_decision_joint,v,"[18, 19, 20, 21, 22, 23]",-3.5368704795837402,-3.5656228065490723,-3.5736169815063477,-0.02875232696533203,-0.03674650192260742,0.00799417495727539
pair_0062_sad,pair_0062,16,02,01,01,sad,pair_0062_happy,1,v_post_audio_marker_joint,v,"[18, 19, 20, 21, 22, 23]",-3.5368704795837402,-3.5656228065490723,-3.5656051635742188,-0.02875232696533203,-0.028734683990478516,-1.7642974853515625e-05
pair_0062_sad,pair_0062,16,02,01,01,sad,pair_0062_happy,1,v_all_joint,v,"[18, 19, 20, 21, 22, 23]",-3.5368704795837402,-3.5656228065490723,-3.408474922180176,-0.02875232696533203,0.12839555740356445,-0.15714788436889648
pair_0063_happy,pair_0063,16,02,02,01,happy,pair_0063_sad,-1,v_audio_joint,v,"[18, 19, 20, 21, 22, 23]",-3.247852325439453,-3.387946128845215,-3.2512617111206055,0.14009380340576172,0.0034093856811523438,0.13668441772460938
pair_0063_happy,pair_0063,16,02,02,01,happy,pair_0063_sad,-1,v_prompt_joint,v,"[18, 19, 20, 21, 22, 23]",-3.247852325439453,-3.387946128845215,-3.387946128845215,0.14009380340576172,0.14009380340576172,-0.0
pair_0063_happy,pair_0063,16,02,02,01,happy,pair_0063_sad,-1,v_other_joint,v,"[18, 19, 20, 21, 22, 23]",-3.247852325439453,-3.387946128845215,-3.3746368885040283,0.14009380340576172,0.1267845630645752,0.013309240341186523
pair_0063_happy,pair_0063,16,02,02,01,happy,pair_0063_sad,-1,v_non_audio_joint,v,"[18, 19, 20, 21, 22, 23]",-3.247852325439453,-3.387946128845215,-3.3746368885040283,0.14009380340576172,0.1267845630645752,0.013309240341186523
pair_0063_happy,pair_0063,16,02,02,01,happy,pair_0063_sad,-1,v_decision_joint,v,"[18, 19, 20, 21, 22, 23]",-3.247852325439453,-3.387946128845215,-3.374734401702881,0.14009380340576172,0.12688207626342773,0.013211727142333984
pair_0063_happy,pair_0063,16,02,02,01,happy,pair_0063_sad,-1,v_post_audio_marker_joint,v,"[18, 19, 20, 21, 22, 23]",-3.247852325439453,-3.387946128845215,-3.387852191925049,0.14009380340576172,0.1399998664855957,9.393692016601562e-05
pair_0063_happy,pair_0063,16,02,02,01,happy,pair_0063_sad,-1,v_all_joint,v,"[18, 19, 20, 21, 22, 23]",-3.247852325439453,-3.387946128845215,-3.2332305908203125,0.14009380340576172,-0.014621734619140625,0.15471553802490234
pair_0063_sad,pair_0063,16,02,02,01,sad,pair_0063_happy,1,v_audio_joint,v,"[18, 19, 20, 21, 22, 23]",-3.712739944458008,-3.5777673721313477,-3.592580556869507,0.13497257232666016,0.12015938758850098,0.01481318473815918
pair_0063_sad,pair_0063,16,02,02,01,sad,pair_0063_happy,1,v_prompt_joint,v,"[18, 19, 20, 21, 22, 23]",-3.712739944458008,-3.5777673721313477,-3.5777673721313477,0.13497257232666016,0.13497257232666016,0.0
pair_0063_sad,pair_0063,16,02,02,01,sad,pair_0063_happy,1,v_other_joint,v,"[18, 19, 20, 21, 22, 23]",-3.712739944458008,-3.5777673721313477,-3.590153932571411,0.13497257232666016,0.12258601188659668,0.012386560440063477
pair_0063_sad,pair_0063,16,02,02,01,sad,pair_0063_happy,1,v_non_audio_joint,v,"[18, 19, 20, 21, 22, 23]",-3.712739944458008,-3.5777673721313477,-3.590153932571411,0.13497257232666016,0.12258601188659668,0.012386560440063477
pair_0063_sad,pair_0063,16,02,02,01,sad,pair_0063_happy,1,v_decision_joint,v,"[18, 19, 20, 21, 22, 23]",-3.712739944458008,-3.5777673721313477,-3.590060234069824,0.13497257232666016,0.1226797103881836,0.012292861938476562
pair_0063_sad,pair_0063,16,02,02,01,sad,pair_0063_happy,1,v_post_audio_marker_joint,v,"[18, 19, 20, 21, 22, 23]",-3.712739944458008,-3.5777673721313477,-3.5778560638427734,0.13497257232666016,0.13488388061523438,8.869171142578125e-05
pair_0063_sad,pair_0063,16,02,02,01,sad,pair_0063_happy,1,v_all_joint,v,"[18, 19, 20, 21, 22, 23]",-3.712739944458008,-3.5777673721313477,-3.6019043922424316,0.13497257232666016,0.11083555221557617,0.024137020111083984
pair_0064_happy,pair_0064,17,01,01,01,happy,pair_0064_sad,-1,v_audio_joint,v,"[18, 19, 20, 21, 22, 23]",-4.453313827514648,-4.359231948852539,-4.439895153045654,-0.09408187866210938,-0.01341867446899414,-0.08066320419311523
pair_0064_happy,pair_0064,17,01,01,01,happy,pair_0064_sad,-1,v_prompt_joint,v,"[18, 19, 20, 21, 22, 23]",-4.453313827514648,-4.359231948852539,-4.359231948852539,-0.09408187866210938,-0.09408187866210938,-0.0
pair_0064_happy,pair_0064,17,01,01,01,happy,pair_0064_sad,-1,v_other_joint,v,"[18, 19, 20, 21, 22, 23]",-4.453313827514648,-4.359231948852539,-4.362568378448486,-0.09408187866210938,-0.09074544906616211,-0.0033364295959472656
pair_0064_happy,pair_0064,17,01,01,01,happy,pair_0064_sad,-1,v_non_audio_joint,v,"[18, 19, 20, 21, 22, 23]",-4.453313827514648,-4.359231948852539,-4.362568378448486,-0.09408187866210938,-0.09074544906616211,-0.0033364295959472656
pair_0064_happy,pair_0064,17,01,01,01,happy,pair_0064_sad,-1,v_decision_joint,v,"[18, 19, 20, 21, 22, 23]",-4.453313827514648,-4.359231948852539,-4.362605571746826,-0.09408187866210938,-0.09070825576782227,-0.0033736228942871094
pair_0064_happy,pair_0064,17,01,01,01,happy,pair_0064_sad,-1,v_post_audio_marker_joint,v,"[18, 19, 20, 21, 22, 23]",-4.453313827514648,-4.359231948852539,-4.359198093414307,-0.09408187866210938,-0.0941157341003418,3.3855438232421875e-05
pair_0064_happy,pair_0064,17,01,01,01,happy,pair_0064_sad,-1,v_all_joint,v,"[18, 19, 20, 21, 22, 23]",-4.453313827514648,-4.359231948852539,-4.439399719238281,-0.09408187866210938,-0.013914108276367188,-0.08016777038574219
pair_0064_sad,pair_0064,17,01,01,01,sad,pair_0064_happy,1,v_audio_joint,v,"[18, 19, 20, 21, 22, 23]",-4.434425354003906,-4.532279014587402,-4.391683578491211,-0.0978536605834961,0.04274177551269531,-0.1405954360961914
pair_0064_sad,pair_0064,17,01,01,01,sad,pair_0064_happy,1,v_prompt_joint,v,"[18, 19, 20, 21, 22, 23]",-4.434425354003906,-4.532279014587402,-4.532279014587402,-0.0978536605834961,-0.0978536605834961,0.0
pair_0064_sad,pair_0064,17,01,01,01,sad,pair_0064_happy,1,v_other_joint,v,"[18, 19, 20, 21, 22, 23]",-4.434425354003906,-4.532279014587402,-4.5290937423706055,-0.0978536605834961,-0.09466838836669922,-0.003185272216796875
pair_0064_sad,pair_0064,17,01,01,01,sad,pair_0064_happy,1,v_non_audio_joint,v,"[18, 19, 20, 21, 22, 23]",-4.434425354003906,-4.532279014587402,-4.5290937423706055,-0.0978536605834961,-0.09466838836669922,-0.003185272216796875
pair_0064_sad,pair_0064,17,01,01,01,sad,pair_0064_happy,1,v_decision_joint,v,"[18, 19, 20, 21, 22, 23]",-4.434425354003906,-4.532279014587402,-4.529058933258057,-0.0978536605834961,-0.09463357925415039,-0.003220081329345703
pair_0064_sad,pair_0064,17,01,01,01,sad,pair_0064_happy,1,v_post_audio_marker_joint,v,"[18, 19, 20, 21, 22, 23]",-4.434425354003906,-4.532279014587402,-4.532309532165527,-0.0978536605834961,-0.0978841781616211,3.0517578125e-05
pair_0064_sad,pair_0064,17,01,01,01,sad,pair_0064_happy,1,v_all_joint,v,"[18, 19, 20, 21, 22, 23]",-4.434425354003906,-4.532279014587402,-4.393450736999512,-0.0978536605834961,0.04097461700439453,-0.13882827758789062
pair_0065_happy,pair_0065,17,01,02,01,happy,pair_0065_sad,-1,v_audio_joint,v,"[18, 19, 20, 21, 22, 23]",-4.348764419555664,-4.385673522949219,-4.379985809326172,0.03690910339355469,0.031221389770507812,0.005687713623046875
pair_0065_happy,pair_0065,17,01,02,01,happy,pair_0065_sad,-1,v_prompt_joint,v,"[18, 19, 20, 21, 22, 23]",-4.348764419555664,-4.385673522949219,-4.385673522949219,0.03690910339355469,0.03690910339355469,-0.0
pair_0065_happy,pair_0065,17,01,02,01,happy,pair_0065_sad,-1,v_other_joint,v,"[18, 19, 20, 21, 22, 23]",-4.348764419555664,-4.385673522949219,-4.392022132873535,0.03690910339355469,0.043257713317871094,-0.006348609924316406
pair_0065_happy,pair_0065,17,01,02,01,happy,pair_0065_sad,-1,v_non_audio_joint,v,"[18, 19, 20, 21, 22, 23]",-4.348764419555664,-4.385673522949219,-4.392022132873535,0.03690910339355469,0.043257713317871094,-0.006348609924316406
pair_0065_happy,pair_0065,17,01,02,01,happy,pair_0065_sad,-1,v_decision_joint,v,"[18, 19, 20, 21, 22, 23]",-4.348764419555664,-4.385673522949219,-4.391993522644043,0.03690910339355469,0.043229103088378906,-0.006319999694824219
pair_0065_happy,pair_0065,17,01,02,01,happy,pair_0065_sad,-1,v_post_audio_marker_joint,v,"[18, 19, 20, 21, 22, 23]",-4.348764419555664,-4.385673522949219,-4.385705947875977,0.03690910339355469,0.0369415283203125,-3.24249267578125e-05
pair_0065_happy,pair_0065,17,01,02,01,happy,pair_0065_sad,-1,v_all_joint,v,"[18, 19, 20, 21, 22, 23]",-4.348764419555664,-4.385673522949219,-4.3828959465026855,0.03690910339355469,0.034131526947021484,0.002777576446533203
pair_0065_sad,pair_0065,17,01,02,01,sad,pair_0065_happy,1,v_audio_joint,v,"[18, 19, 20, 21, 22, 23]",-4.28976583480835,-4.276329517364502,-4.2624430656433105,0.013436317443847656,0.027322769165039062,-0.013886451721191406
pair_0065_sad,pair_0065,17,01,02,01,sad,pair_0065_happy,1,v_prompt_joint,v,"[18, 19, 20, 21, 22, 23]",-4.28976583480835,-4.276329517364502,-4.276329517364502,0.013436317443847656,0.013436317443847656,0.0
pair_0065_sad,pair_0065,17,01,02,01,sad,pair_0065_happy,1,v_other_joint,v,"[18, 19, 20, 21, 22, 23]",-4.28976583480835,-4.276329517364502,-4.269858360290527,0.013436317443847656,0.019907474517822266,-0.006471157073974609
pair_0065_sad,pair_0065,17,01,02,01,sad,pair_0065_happy,1,v_non_audio_joint,v,"[18, 19, 20, 21, 22, 23]",-4.28976583480835,-4.276329517364502,-4.269858360290527,0.013436317443847656,0.019907474517822266,-0.006471157073974609
pair_0065_sad,pair_0065,17,01,02,01,sad,pair_0065_happy,1,v_decision_joint,v,"[18, 19, 20, 21, 22, 23]",-4.28976583480835,-4.276329517364502,-4.269890785217285,0.013436317443847656,0.019875049591064453,-0.006438732147216797
pair_0065_sad,pair_0065,17,01,02,01,sad,pair_0065_happy,1,v_post_audio_marker_joint,v,"[18, 19, 20, 21, 22, 23]",-4.28976583480835,-4.276329517364502,-4.276300430297852,0.013436317443847656,0.013465404510498047,-2.9087066650390625e-05
pair_0065_sad,pair_0065,17,01,02,01,sad,pair_0065_happy,1,v_all_joint,v,"[18, 19, 20, 21, 22, 23]",-4.28976583480835,-4.276329517364502,-4.259570121765137,0.013436317443847656,0.03019571304321289,-0.016759395599365234
pair_0066_happy,pair_0066,17,02,01,01,happy,pair_0066_sad,-1,v_audio_joint,v,"[18, 19, 20, 21, 22, 23]",-3.9196739196777344,-3.9631686210632324,-3.7791202068328857,0.04349470138549805,-0.14055371284484863,0.18404841423034668
pair_0066_happy,pair_0066,17,02,01,01,happy,pair_0066_sad,-1,v_prompt_joint,v,"[18, 19, 20, 21, 22, 23]",-3.9196739196777344,-3.9631686210632324,-3.9631686210632324,0.04349470138549805,0.04349470138549805,-0.0
pair_0066_happy,pair_0066,17,02,01,01,happy,pair_0066_sad,-1,v_other_joint,v,"[18, 19, 20, 21, 22, 23]",-3.9196739196777344,-3.9631686210632324,-3.9638397693634033,0.04349470138549805,0.044165849685668945,-0.0006711483001708984
pair_0066_happy,pair_0066,17,02,01,01,happy,pair_0066_sad,-1,v_non_audio_joint,v,"[18, 19, 20, 21, 22, 23]",-3.9196739196777344,-3.9631686210632324,-3.9638397693634033,0.04349470138549805,0.044165849685668945,-0.0006711483001708984
pair_0066_happy,pair_0066,17,02,01,01,happy,pair_0066_sad,-1,v_decision_joint,v,"[18, 19, 20, 21, 22, 23]",-3.9196739196777344,-3.9631686210632324,-3.9638383388519287,0.04349470138549805,0.044164419174194336,-0.0006697177886962891
pair_0066_happy,pair_0066,17,02,01,01,happy,pair_0066_sad,-1,v_post_audio_marker_joint,v,"[18, 19, 20, 21, 22, 23]",-3.9196739196777344,-3.9631686210632324,-3.9631762504577637,0.04349470138549805,0.0435023307800293,-7.62939453125e-06
pair_0066_happy,pair_0066,17,02,01,01,happy,pair_0066_sad,-1,v_all_joint,v,"[18, 19, 20, 21, 22, 23]",-3.9196739196777344,-3.9631686210632324,-3.7823147773742676,0.04349470138549805,-0.1373591423034668,0.18085384368896484
pair_0066_sad,pair_0066,17,02,01,01,sad,pair_0066_happy,1,v_audio_joint,v,"[18, 19, 20, 21, 22, 23]",-4.150018215179443,-4.110444068908691,-3.9387474060058594,0.03957414627075195,0.21127080917358398,-0.17169666290283203
pair_0066_sad,pair_0066,17,02,01,01,sad,pair_0066_happy,1,v_prompt_joint,v,"[18, 19, 20, 21, 22, 23]",-4.150018215179443,-4.110444068908691,-4.110444068908691,0.03957414627075195,0.03957414627075195,0.0
pair_0066_sad,pair_0066,17,02,01,01,sad,pair_0066_happy,1,v_other_joint,v,"[18, 19, 20, 21, 22, 23]",-4.150018215179443,-4.110444068908691,-4.111483573913574,0.03957414627075195,0.03853464126586914,0.0010395050048828125
pair_0066_sad,pair_0066,17,02,01,01,sad,pair_0066_happy,1,v_non_audio_joint,v,"[18, 19, 20, 21, 22, 23]",-4.150018215179443,-4.110444068908691,-4.111483573913574,0.03957414627075195,0.03853464126586914,0.0010395050048828125
pair_0066_sad,pair_0066,17,02,01,01,sad,pair_0066_happy,1,v_decision_joint,v,"[18, 19, 20, 21, 22, 23]",-4.150018215179443,-4.110444068908691,-4.111486434936523,0.03957414627075195,0.03853178024291992,0.0010423660278320312
pair_0066_sad,pair_0066,17,02,01,01,sad,pair_0066_happy,1,v_post_audio_marker_joint,v,"[18, 19, 20, 21, 22, 23]",-4.150018215179443,-4.110444068908691,-4.110438823699951,0.03957414627075195,0.03957939147949219,-5.245208740234375e-06
pair_0066_sad,pair_0066,17,02,01,01,sad,pair_0066_happy,1,v_all_joint,v,"[18, 19, 20, 21, 22, 23]",-4.150018215179443,-4.110444068908691,-3.949110507965088,0.03957414627075195,0.20090770721435547,-0.16133356094360352
pair_0067_happy,pair_0067,17,02,02,01,happy,pair_0067_sad,-1,v_audio_joint,v,"[18, 19, 20, 21, 22, 23]",-3.8223073482513428,-3.756615400314331,-3.8766915798187256,-0.06569194793701172,0.05438423156738281,-0.12007617950439453
pair_0067_happy,pair_0067,17,02,02,01,happy,pair_0067_sad,-1,v_prompt_joint,v,"[18, 19, 20, 21, 22, 23]",-3.8223073482513428,-3.756615400314331,-3.756615400314331,-0.06569194793701172,-0.06569194793701172,-0.0
pair_0067_happy,pair_0067,17,02,02,01,happy,pair_0067_sad,-1,v_other_joint,v,"[18, 19, 20, 21, 22, 23]",-3.8223073482513428,-3.756615400314331,-3.7657790184020996,-0.06569194793701172,-0.056528329849243164,-0.009163618087768555
pair_0067_happy,pair_0067,17,02,02,01,happy,pair_0067_sad,-1,v_non_audio_joint,v,"[18, 19, 20, 21, 22, 23]",-3.8223073482513428,-3.756615400314331,-3.7657790184020996,-0.06569194793701172,-0.056528329849243164,-0.009163618087768555
pair_0067_happy,pair_0067,17,02,02,01,happy,pair_0067_sad,-1,v_decision_joint,v,"[18, 19, 20, 21, 22, 23]",-3.8223073482513428,-3.756615400314331,-3.7657253742218018,-0.06569194793701172,-0.056581974029541016,-0.009109973907470703
pair_0067_happy,pair_0067,17,02,02,01,happy,pair_0067_sad,-1,v_post_audio_marker_joint,v,"[18, 19, 20, 21, 22, 23]",-3.8223073482513428,-3.756615400314331,-3.756669521331787,-0.06569194793701172,-0.06563782691955566,-5.412101745605469e-05
pair_0067_happy,pair_0067,17,02,02,01,happy,pair_0067_sad,-1,v_all_joint,v,"[18, 19, 20, 21, 22, 23]",-3.8223073482513428,-3.756615400314331,-3.8798987865448,-0.06569194793701172,0.05759143829345703,-0.12328338623046875
pair_0067_sad,pair_0067,17,02,02,01,sad,pair_0067_happy,1,v_audio_joint,v,"[18, 19, 20, 21, 22, 23]",-3.4964675903320312,-3.553893566131592,-3.456596851348877,-0.05742597579956055,0.0398707389831543,-0.09729671478271484
pair_0067_sad,pair_0067,17,02,02,01,sad,pair_0067_happy,1,v_prompt_joint,v,"[18, 19, 20, 21, 22, 23]",-3.4964675903320312,-3.553893566131592,-3.553893566131592,-0.05742597579956055,-0.05742597579956055,0.0
pair_0067_sad,pair_0067,17,02,02,01,sad,pair_0067_happy,1,v_other_joint,v,"[18, 19, 20, 21, 22, 23]",-3.4964675903320312,-3.553893566131592,-3.5447638034820557,-0.05742597579956055,-0.048296213150024414,-0.009129762649536133
pair_0067_sad,pair_0067,17,02,02,01,sad,pair_0067_happy,1,v_non_audio_joint,v,"[18, 19, 20, 21, 22, 23]",-3.4964675903320312,-3.553893566131592,-3.5447638034820557,-0.05742597579956055,-0.048296213150024414,-0.009129762649536133
pair_0067_sad,pair_0067,17,02,02,01,sad,pair_0067_happy,1,v_decision_joint,v,"[18, 19, 20, 21, 22, 23]",-3.4964675903320312,-3.553893566131592,-3.544832944869995,-0.05742597579956055,-0.04836535453796387,-0.00906062126159668
pair_0067_sad,pair_0067,17,02,02,01,sad,pair_0067_happy,1,v_post_audio_marker_joint,v,"[18, 19, 20, 21, 22, 23]",-3.4964675903320312,-3.553893566131592,-3.5538330078125,-0.05742597579956055,-0.05736541748046875,-6.0558319091796875e-05
pair_0067_sad,pair_0067,17,02,02,01,sad,pair_0067_happy,1,v_all_joint,v,"[18, 19, 20, 21, 22, 23]",-3.4964675903320312,-3.553893566131592,-3.4514095783233643,-0.05742597579956055,0.04505801200866699,-0.10248398780822754
pair_0068_happy,pair_0068,18,01,01,01,happy,pair_0068_sad,-1,v_audio_joint,v,"[18, 19, 20, 21, 22, 23]",-4.009371280670166,-3.7416162490844727,-3.924839496612549,-0.26775503158569336,-0.08453178405761719,-0.18322324752807617
pair_0068_happy,pair_0068,18,01,01,01,happy,pair_0068_sad,-1,v_prompt_joint,v,"[18, 19, 20, 21, 22, 23]",-4.009371280670166,-3.7416162490844727,-3.7416162490844727,-0.26775503158569336,-0.26775503158569336,-0.0
pair_0068_happy,pair_0068,18,01,01,01,happy,pair_0068_sad,-1,v_other_joint,v,"[18, 19, 20, 21, 22, 23]",-4.009371280670166,-3.7416162490844727,-3.7578532695770264,-0.26775503158569336,-0.25151801109313965,-0.01623702049255371
pair_0068_happy,pair_0068,18,01,01,01,happy,pair_0068_sad,-1,v_non_audio_joint,v,"[18, 19, 20, 21, 22, 23]",-4.009371280670166,-3.7416162490844727,-3.7578532695770264,-0.26775503158569336,-0.25151801109313965,-0.01623702049255371
pair_0068_happy,pair_0068,18,01,01,01,happy,pair_0068_sad,-1,v_decision_joint,v,"[18, 19, 20, 21, 22, 23]",-4.009371280670166,-3.7416162490844727,-3.7581231594085693,-0.26775503158569336,-0.2512481212615967,-0.01650691032409668
pair_0068_happy,pair_0068,18,01,01,01,happy,pair_0068_sad,-1,v_post_audio_marker_joint,v,"[18, 19, 20, 21, 22, 23]",-4.009371280670166,-3.7416162490844727,-3.741342067718506,-0.26775503158569336,-0.26802921295166016,0.0002741813659667969
pair_0068_happy,pair_0068,18,01,01,01,happy,pair_0068_sad,-1,v_all_joint,v,"[18, 19, 20, 21, 22, 23]",-4.009371280670166,-3.7416162490844727,-3.9381117820739746,-0.26775503158569336,-0.0712594985961914,-0.19649553298950195
pair_0068_sad,pair_0068,18,01,01,01,sad,pair_0068_happy,1,v_audio_joint,v,"[18, 19, 20, 21, 22, 23]",-4.21242618560791,-4.486167907714844,-4.268312454223633,-0.2737417221069336,-0.055886268615722656,-0.21785545349121094
pair_0068_sad,pair_0068,18,01,01,01,sad,pair_0068_happy,1,v_prompt_joint,v,"[18, 19, 20, 21, 22, 23]",-4.21242618560791,-4.486167907714844,-4.486167907714844,-0.2737417221069336,-0.2737417221069336,0.0
pair_0068_sad,pair_0068,18,01,01,01,sad,pair_0068_happy,1,v_other_joint,v,"[18, 19, 20, 21, 22, 23]",-4.21242618560791,-4.486167907714844,-4.473583221435547,-0.2737417221069336,-0.2611570358276367,-0.012584686279296875
pair_0068_sad,pair_0068,18,01,01,01,sad,pair_0068_happy,1,v_non_audio_joint,v,"[18, 19, 20, 21, 22, 23]",-4.21242618560791,-4.486167907714844,-4.473583221435547,-0.2737417221069336,-0.2611570358276367,-0.012584686279296875
pair_0068_sad,pair_0068,18,01,01,01,sad,pair_0068_happy,1,v_decision_joint,v,"[18, 19, 20, 21, 22, 23]",-4.21242618560791,-4.486167907714844,-4.473339080810547,-0.2737417221069336,-0.2609128952026367,-0.012828826904296875
pair_0068_sad,pair_0068,18,01,01,01,sad,pair_0068_happy,1,v_post_audio_marker_joint,v,"[18, 19, 20, 21, 22, 23]",-4.21242618560791,-4.486167907714844,-4.486411094665527,-0.2737417221069336,-0.2739849090576172,0.00024318695068359375
pair_0068_sad,pair_0068,18,01,01,01,sad,pair_0068_happy,1,v_all_joint,v,"[18, 19, 20, 21, 22, 23]",-4.21242618560791,-4.486167907714844,-4.256382942199707,-0.2737417221069336,-0.043956756591796875,-0.22978496551513672
pair_0069_happy,pair_0069,18,01,02,01,happy,pair_0069_sad,-1,v_audio_joint,v,"[18, 19, 20, 21, 22, 23]",-3.73952054977417,-3.616150379180908,-3.535128593444824,-0.12337017059326172,-0.2043919563293457,0.08102178573608398
pair_0069_happy,pair_0069,18,01,02,01,happy,pair_0069_sad,-1,v_prompt_joint,v,"[18, 19, 20, 21, 22, 23]",-3.73952054977417,-3.616150379180908,-3.616150379180908,-0.12337017059326172,-0.12337017059326172,-0.0
pair_0069_happy,pair_0069,18,01,02,01,happy,pair_0069_sad,-1,v_other_joint,v,"[18, 19, 20, 21, 22, 23]",-3.73952054977417,-3.616150379180908,-3.623776435852051,-0.12337017059326172,-0.11574411392211914,-0.007626056671142578
pair_0069_happy,pair_0069,18,01,02,01,happy,pair_0069_sad,-1,v_non_audio_joint,v,"[18, 19, 20, 21, 22, 23]",-3.73952054977417,-3.616150379180908,-3.623776435852051,-0.12337017059326172,-0.11574411392211914,-0.007626056671142578
pair_0069_happy,pair_0069,18,01,02,01,happy,pair_0069_sad,-1,v_decision_joint,v,"[18, 19, 20, 21, 22, 23]",-3.73952054977417,-3.616150379180908,-3.623992919921875,-0.12337017059326172,-0.11552762985229492,-0.007842540740966797
pair_0069_happy,pair_0069,18,01,02,01,happy,pair_0069_sad,-1,v_post_audio_marker_joint,v,"[18, 19, 20, 21, 22, 23]",-3.73952054977417,-3.616150379180908,-3.6159281730651855,-0.12337017059326172,-0.12359237670898438,0.00022220611572265625
pair_0069_happy,pair_0069,18,01,02,01,happy,pair_0069_sad,-1,v_all_joint,v,"[18, 19, 20, 21, 22, 23]",-3.73952054977417,-3.616150379180908,-3.515617609024048,-0.12337017059326172,-0.22390294075012207,0.10053277015686035
pair_0069_sad,pair_0069,18,01,02,01,sad,pair_0069_happy,1,v_audio_joint,v,"[18, 19, 20, 21, 22, 23]",-4.420629501342773,-4.5316691398620605,-4.539924621582031,-0.11103963851928711,-0.11929512023925781,0.008255481719970703
pair_0069_sad,pair_0069,18,01,02,01,sad,pair_0069_happy,1,v_prompt_joint,v,"[18, 19, 20, 21, 22, 23]",-4.420629501342773,-4.5316691398620605,-4.5316691398620605,-0.11103963851928711,-0.11103963851928711,0.0
pair_0069_sad,pair_0069,18,01,02,01,sad,pair_0069_happy,1,v_other_joint,v,"[18, 19, 20, 21, 22, 23]",-4.420629501342773,-4.5316691398620605,-4.519762992858887,-0.11103963851928711,-0.09913349151611328,-0.011906147003173828
pair_0069_sad,pair_0069,18,01,02,01,sad,pair_0069_happy,1,v_non_audio_joint,v,"[18, 19, 20, 21, 22, 23]",-4.420629501342773,-4.5316691398620605,-4.519762992858887,-0.11103963851928711,-0.09913349151611328,-0.011906147003173828
pair_0069_sad,pair_0069,18,01,02,01,sad,pair_0069_happy,1,v_decision_joint,v,"[18, 19, 20, 21, 22, 23]",-4.420629501342773,-4.5316691398620605,-4.519538879394531,-0.11103963851928711,-0.09890937805175781,-0.012130260467529297
pair_0069_sad,pair_0069,18,01,02,01,sad,pair_0069_happy,1,v_post_audio_marker_joint,v,"[18, 19, 20, 21, 22, 23]",-4.420629501342773,-4.5316691398620605,-4.531897068023682,-0.11103963851928711,-0.1112675666809082,0.00022792816162109375
pair_0069_sad,pair_0069,18,01,02,01,sad,pair_0069_happy,1,v_all_joint,v,"[18, 19, 20, 21, 22, 23]",-4.420629501342773,-4.5316691398620605,-4.523496150970459,-0.11103963851928711,-0.10286664962768555,-0.008172988891601562
pair_0070_happy,pair_0070,18,02,01,01,happy,pair_0070_sad,-1,v_audio_joint,v,"[18, 19, 20, 21, 22, 23]",-3.849033832550049,-3.7826974391937256,-3.7047157287597656,-0.06633639335632324,-0.1443181037902832,0.07798171043395996
pair_0070_happy,pair_0070,18,02,01,01,happy,pair_0070_sad,-1,v_prompt_joint,v,"[18, 19, 20, 21, 22, 23]",-3.849033832550049,-3.7826974391937256,-3.7826974391937256,-0.06633639335632324,-0.06633639335632324,-0.0
pair_0070_happy,pair_0070,18,02,01,01,happy,pair_0070_sad,-1,v_other_joint,v,"[18, 19, 20, 21, 22, 23]",-3.849033832550049,-3.7826974391937256,-3.7848544120788574,-0.06633639335632324,-0.0641794204711914,-0.002156972885131836
pair_0070_happy,pair_0070,18,02,01,01,happy,pair_0070_sad,-1,v_non_audio_joint,v,"[18, 19, 20, 21, 22, 23]",-3.849033832550049,-3.7826974391937256,-3.7848544120788574,-0.06633639335632324,-0.0641794204711914,-0.002156972885131836
pair_0070_happy,pair_0070,18,02,01,01,happy,pair_0070_sad,-1,v_decision_joint,v,"[18, 19, 20, 21, 22, 23]",-3.849033832550049,-3.7826974391937256,-3.78487491607666,-0.06633639335632324,-0.06415891647338867,-0.0021774768829345703
pair_0070_happy,pair_0070,18,02,01,01,happy,pair_0070_sad,-1,v_post_audio_marker_joint,v,"[18, 19, 20, 21, 22, 23]",-3.849033832550049,-3.7826974391937256,-3.7826766967773438,-0.06633639335632324,-0.06635713577270508,2.0742416381835938e-05
pair_0070_happy,pair_0070,18,02,01,01,happy,pair_0070_sad,-1,v_all_joint,v,"[18, 19, 20, 21, 22, 23]",-3.849033832550049,-3.7826974391937256,-3.7136476039886475,-0.06633639335632324,-0.13538622856140137,0.06904983520507812
pair_0070_sad,pair_0070,18,02,01,01,sad,pair_0070_happy,1,v_audio_joint,v,"[18, 19, 20, 21, 22, 23]",-4.095071792602539,-4.133852958679199,-4.137396812438965,-0.038781166076660156,-0.04232501983642578,0.003543853759765625
pair_0070_sad,pair_0070,18,02,01,01,sad,pair_0070_happy,1,v_prompt_joint,v,"[18, 19, 20, 21, 22, 23]",-4.095071792602539,-4.133852958679199,-4.133852958679199,-0.038781166076660156,-0.038781166076660156,0.0
pair_0070_sad,pair_0070,18,02,01,01,sad,pair_0070_happy,1,v_other_joint,v,"[18, 19, 20, 21, 22, 23]",-4.095071792602539,-4.133852958679199,-4.132149696350098,-0.038781166076660156,-0.037077903747558594,-0.0017032623291015625
pair_0070_sad,pair_0070,18,02,01,01,sad,pair_0070_happy,1,v_non_audio_joint,v,"[18, 19, 20, 21, 22, 23]",-4.095071792602539,-4.133852958679199,-4.132149696350098,-0.038781166076660156,-0.037077903747558594,-0.0017032623291015625
pair_0070_sad,pair_0070,18,02,01,01,sad,pair_0070_happy,1,v_decision_joint,v,"[18, 19, 20, 21, 22, 23]",-4.095071792602539,-4.133852958679199,-4.1321258544921875,-0.038781166076660156,-0.03705406188964844,-0.0017271041870117188
pair_0070_sad,pair_0070,18,02,01,01,sad,pair_0070_happy,1,v_post_audio_marker_joint,v,"[18, 19, 20, 21, 22, 23]",-4.095071792602539,-4.133852958679199,-4.133876800537109,-0.038781166076660156,-0.03880500793457031,2.384185791015625e-05
pair_0070_sad,pair_0070,18,02,01,01,sad,pair_0070_happy,1,v_all_joint,v,"[18, 19, 20, 21, 22, 23]",-4.095071792602539,-4.133852958679199,-4.135673522949219,-0.038781166076660156,-0.04060173034667969,0.0018205642700195312
pair_0071_happy,pair_0071,18,02,02,01,happy,pair_0071_sad,-1,v_audio_joint,v,"[18, 19, 20, 21, 22, 23]",-4.281855583190918,-4.744826793670654,-4.185304164886475,0.46297121047973633,-0.09655141830444336,0.5595226287841797
pair_0071_happy,pair_0071,18,02,02,01,happy,pair_0071_sad,-1,v_prompt_joint,v,"[18, 19, 20, 21, 22, 23]",-4.281855583190918,-4.744826793670654,-4.744826793670654,0.46297121047973633,0.46297121047973633,-0.0
pair_0071_happy,pair_0071,18,02,02,01,happy,pair_0071_sad,-1,v_other_joint,v,"[18, 19, 20, 21, 22, 23]",-4.281855583190918,-4.744826793670654,-4.789658069610596,0.46297121047973633,0.5078024864196777,-0.044831275939941406
pair_0071_happy,pair_0071,18,02,02,01,happy,pair_0071_sad,-1,v_non_audio_joint,v,"[18, 19, 20, 21, 22, 23]",-4.281855583190918,-4.744826793670654,-4.789658069610596,0.46297121047973633,0.5078024864196777,-0.044831275939941406
pair_0071_happy,pair_0071,18,02,02,01,happy,pair_0071_sad,-1,v_decision_joint,v,"[18, 19, 20, 21, 22, 23]",-4.281855583190918,-4.744826793670654,-4.789216995239258,0.46297121047973633,0.5073614120483398,-0.044390201568603516
pair_0071_happy,pair_0071,18,02,02,01,happy,pair_0071_sad,-1,v_post_audio_marker_joint,v,"[18, 19, 20, 21, 22, 23]",-4.281855583190918,-4.744826793670654,-4.74525785446167,0.46297121047973633,0.46340227127075195,-0.000431060791015625
pair_0071_happy,pair_0071,18,02,02,01,happy,pair_0071_sad,-1,v_all_joint,v,"[18, 19, 20, 21, 22, 23]",-4.281855583190918,-4.744826793670654,-4.215924263000488,0.46297121047973633,-0.06593132019042969,0.528902530670166
pair_0071_sad,pair_0071,18,02,02,01,sad,pair_0071_happy,1,v_audio_joint,v,"[18, 19, 20, 21, 22, 23]",-3.8288536071777344,-3.5870842933654785,-3.956468105316162,0.24176931381225586,-0.12761449813842773,0.3693838119506836
pair_0071_sad,pair_0071,18,02,02,01,sad,pair_0071_happy,1,v_prompt_joint,v,"[18, 19, 20, 21, 22, 23]",-3.8288536071777344,-3.5870842933654785,-3.5870842933654785,0.24176931381225586,0.24176931381225586,0.0
pair_0071_sad,pair_0071,18,02,02,01,sad,pair_0071_happy,1,v_other_joint,v,"[18, 19, 20, 21, 22, 23]",-3.8288536071777344,-3.5870842933654785,-3.5363359451293945,0.24176931381225586,0.29251766204833984,-0.050748348236083984
pair_0071_sad,pair_0071,18,02,02,01,sad,pair_0071_happy,1,v_non_audio_joint,v,"[18, 19, 20, 21, 22, 23]",-3.8288536071777344,-3.5870842933654785,-3.5363359451293945,0.24176931381225586,0.29251766204833984,-0.050748348236083984
pair_0071_sad,pair_0071,18,02,02,01,sad,pair_0071_happy,1,v_decision_joint,v,"[18, 19, 20, 21, 22, 23]",-3.8288536071777344,-3.5870842933654785,-3.536803960800171,0.24176931381225586,0.2920496463775635,-0.05028033256530762
pair_0071_sad,pair_0071,18,02,02,01,sad,pair_0071_happy,1,v_post_audio_marker_joint,v,"[18, 19, 20, 21, 22, 23]",-3.8288536071777344,-3.5870842933654785,-3.5866236686706543,0.24176931381225586,0.24222993850708008,-0.00046062469482421875
pair_0071_sad,pair_0071,18,02,02,01,sad,pair_0071_happy,1,v_all_joint,v,"[18, 19, 20, 21, 22, 23]",-3.8288536071777344,-3.5870842933654785,-3.9063048362731934,0.24176931381225586,-0.07745122909545898,0.31922054290771484
pair_0072_happy,pair_0072,19,01,01,01,happy,pair_0072_sad,-1,v_audio_joint,v,"[18, 19, 20, 21, 22, 23]",-4.446919918060303,-4.636791229248047,-4.505181789398193,0.18987131118774414,0.058261871337890625,0.13160943984985352
pair_0072_happy,pair_0072,19,01,01,01,happy,pair_0072_sad,-1,v_prompt_joint,v,"[18, 19, 20, 21, 22, 23]",-4.446919918060303,-4.636791229248047,-4.636791229248047,0.18987131118774414,0.18987131118774414,-0.0
pair_0072_happy,pair_0072,19,01,01,01,happy,pair_0072_sad,-1,v_other_joint,v,"[18, 19, 20, 21, 22, 23]",-4.446919918060303,-4.636791229248047,-4.622034072875977,0.18987131118774414,0.17511415481567383,0.014757156372070312
pair_0072_happy,pair_0072,19,01,01,01,happy,pair_0072_sad,-1,v_non_audio_joint,v,"[18, 19, 20, 21, 22, 23]",-4.446919918060303,-4.636791229248047,-4.622034072875977,0.18987131118774414,0.17511415481567383,0.014757156372070312
pair_0072_happy,pair_0072,19,01,01,01,happy,pair_0072_sad,-1,v_decision_joint,v,"[18, 19, 20, 21, 22, 23]",-4.446919918060303,-4.636791229248047,-4.622045516967773,0.18987131118774414,0.1751255989074707,0.014745712280273438
pair_0072_happy,pair_0072,19,01,01,01,happy,pair_0072_sad,-1,v_post_audio_marker_joint,v,"[18, 19, 20, 21, 22, 23]",-4.446919918060303,-4.636791229248047,-4.636781692504883,0.18987131118774414,0.18986177444458008,9.5367431640625e-06
pair_0072_happy,pair_0072,19,01,01,01,happy,pair_0072_sad,-1,v_all_joint,v,"[18, 19, 20, 21, 22, 23]",-4.446919918060303,-4.636791229248047,-4.510342597961426,0.18987131118774414,0.06342267990112305,0.1264486312866211
pair_0072_sad,pair_0072,19,01,01,01,sad,pair_0072_happy,1,v_audio_joint,v,"[18, 19, 20, 21, 22, 23]",-4.709850788116455,-4.5379109382629395,-4.659842491149902,0.17193984985351562,0.050008296966552734,0.12193155288696289
pair_0072_sad,pair_0072,19,01,01,01,sad,pair_0072_happy,1,v_prompt_joint,v,"[18, 19, 20, 21, 22, 23]",-4.709850788116455,-4.5379109382629395,-4.5379109382629395,0.17193984985351562,0.17193984985351562,0.0
pair_0072_sad,pair_0072,19,01,01,01,sad,pair_0072_happy,1,v_other_joint,v,"[18, 19, 20, 21, 22, 23]",-4.709850788116455,-4.5379109382629395,-4.551060676574707,0.17193984985351562,0.15879011154174805,0.013149738311767578
pair_0072_sad,pair_0072,19,01,01,01,sad,pair_0072_happy,1,v_non_audio_joint,v,"[18, 19, 20, 21, 22, 23]",-4.709850788116455,-4.5379109382629395,-4.551060676574707,0.17193984985351562,0.15879011154174805,0.013149738311767578
pair_0072_sad,pair_0072,19,01,01,01,sad,pair_0072_happy,1,v_decision_joint,v,"[18, 19, 20, 21, 22, 23]",-4.709850788116455,-4.5379109382629395,-4.551063537597656,0.17193984985351562,0.15878725051879883,0.013152599334716797
pair_0072_sad,pair_0072,19,01,01,01,sad,pair_0072_happy,1,v_post_audio_marker_joint,v,"[18, 19, 20, 21, 22, 23]",-4.709850788116455,-4.5379109382629395,-4.5379180908203125,0.17193984985351562,0.17193269729614258,7.152557373046875e-06
pair_0072_sad,pair_0072,19,01,01,01,sad,pair_0072_happy,1,v_all_joint,v,"[18, 19, 20, 21, 22, 23]",-4.709850788116455,-4.5379109382629395,-4.653453350067139,0.17193984985351562,0.056397438049316406,0.11554241180419922
pair_0073_happy,pair_0073,19,01,02,01,happy,pair_0073_sad,-1,v_audio_joint,v,"[18, 19, 20, 21, 22, 23]",-4.707800388336182,-5.014750957489014,-4.793420791625977,0.30695056915283203,0.08562040328979492,0.2213301658630371
pair_0073_happy,pair_0073,19,01,02,01,happy,pair_0073_sad,-1,v_prompt_joint,v,"[18, 19, 20, 21, 22, 23]",-4.707800388336182,-5.014750957489014,-5.014750957489014,0.30695056915283203,0.30695056915283203,-0.0
pair_0073_happy,pair_0073,19,01,02,01,happy,pair_0073_sad,-1,v_other_joint,v,"[18, 19, 20, 21, 22, 23]",-4.707800388336182,-5.014750957489014,-5.008145332336426,0.30695056915283203,0.30034494400024414,0.006605625152587891
pair_0073_happy,pair_0073,19,01,02,01,happy,pair_0073_sad,-1,v_non_audio_joint,v,"[18, 19, 20, 21, 22, 23]",-4.707800388336182,-5.014750957489014,-5.008145332336426,0.30695056915283203,0.30034494400024414,0.006605625152587891
pair_0073_happy,pair_0073,19,01,02,01,happy,pair_0073_sad,-1,v_decision_joint,v,"[18, 19, 20, 21, 22, 23]",-4.707800388336182,-5.014750957489014,-5.008055210113525,0.30695056915283203,0.30025482177734375,0.006695747375488281
pair_0073_happy,pair_0073,19,01,02,01,happy,pair_0073_sad,-1,v_post_audio_marker_joint,v,"[18, 19, 20, 21, 22, 23]",-4.707800388336182,-5.014750957489014,-5.014832019805908,0.30695056915283203,0.30703163146972656,-8.106231689453125e-05
pair_0073_happy,pair_0073,19,01,02,01,happy,pair_0073_sad,-1,v_all_joint,v,"[18, 19, 20, 21, 22, 23]",-4.707800388336182,-5.014750957489014,-4.801538944244385,0.30695056915283203,0.09373855590820312,0.2132120132446289
pair_0073_sad,pair_0073,19,01,02,01,sad,pair_0073_happy,1,v_audio_joint,v,"[18, 19, 20, 21, 22, 23]",-4.421672344207764,-4.122769355773926,-4.391978740692139,0.2989029884338379,0.029693603515625,0.2692093849182129
pair_0073_sad,pair_0073,19,01,02,01,sad,pair_0073_happy,1,v_prompt_joint,v,"[18, 19, 20, 21, 22, 23]",-4.421672344207764,-4.122769355773926,-4.122769355773926,0.2989029884338379,0.2989029884338379,0.0
pair_0073_sad,pair_0073,19,01,02,01,sad,pair_0073_happy,1,v_other_joint,v,"[18, 19, 20, 21, 22, 23]",-4.421672344207764,-4.122769355773926,-4.126014709472656,0.2989029884338379,0.2956576347351074,0.0032453536987304688
pair_0073_sad,pair_0073,19,01,02,01,sad,pair_0073_happy,1,v_non_audio_joint,v,"[18, 19, 20, 21, 22, 23]",-4.421672344207764,-4.122769355773926,-4.126014709472656,0.2989029884338379,0.2956576347351074,0.0032453536987304688
pair_0073_sad,pair_0073,19,01,02,01,sad,pair_0073_happy,1,v_decision_joint,v,"[18, 19, 20, 21, 22, 23]",-4.421672344207764,-4.122769355773926,-4.126108169555664,0.2989029884338379,0.2955641746520996,0.0033388137817382812
pair_0073_sad,pair_0073,19,01,02,01,sad,pair_0073_happy,1,v_post_audio_marker_joint,v,"[18, 19, 20, 21, 22, 23]",-4.421672344207764,-4.122769355773926,-4.122682571411133,0.2989029884338379,0.29898977279663086,-8.678436279296875e-05
pair_0073_sad,pair_0073,19,01,02,01,sad,pair_0073_happy,1,v_all_joint,v,"[18, 19, 20, 21, 22, 23]",-4.421672344207764,-4.122769355773926,-4.3765387535095215,0.2989029884338379,0.04513359069824219,0.2537693977355957
pair_0074_happy,pair_0074,19,02,01,01,happy,pair_0074_sad,-1,v_audio_joint,v,"[18, 19, 20, 21, 22, 23]",-4.120583534240723,-4.641165733337402,-4.250485897064209,0.5205821990966797,0.12990236282348633,0.39067983627319336
pair_0074_happy,pair_0074,19,02,01,01,happy,pair_0074_sad,-1,v_prompt_joint,v,"[18, 19, 20, 21, 22, 23]",-4.120583534240723,-4.641165733337402,-4.641165733337402,0.5205821990966797,0.5205821990966797,-0.0
pair_0074_happy,pair_0074,19,02,01,01,happy,pair_0074_sad,-1,v_other_joint,v,"[18, 19, 20, 21, 22, 23]",-4.120583534240723,-4.641165733337402,-4.631950855255127,0.5205821990966797,0.5113673210144043,0.00921487808227539
pair_0074_happy,pair_0074,19,02,01,01,happy,pair_0074_sad,-1,v_non_audio_joint,v,"[18, 19, 20, 21, 22, 23]",-4.120583534240723,-4.641165733337402,-4.631950855255127,0.5205821990966797,0.5113673210144043,0.00921487808227539
pair_0074_happy,pair_0074,19,02,01,01,happy,pair_0074_sad,-1,v_decision_joint,v,"[18, 19, 20, 21, 22, 23]",-4.120583534240723,-4.641165733337402,-4.631866455078125,0.5205821990966797,0.5112829208374023,0.009299278259277344
pair_0074_happy,pair_0074,19,02,01,01,happy,pair_0074_sad,-1,v_post_audio_marker_joint,v,"[18, 19, 20, 21, 22, 23]",-4.120583534240723,-4.641165733337402,-4.641243934631348,0.5205821990966797,0.520660400390625,-7.82012939453125e-05
pair_0074_happy,pair_0074,19,02,01,01,happy,pair_0074_sad,-1,v_all_joint,v,"[18, 19, 20, 21, 22, 23]",-4.120583534240723,-4.641165733337402,-4.2486419677734375,0.5205821990966797,0.12805843353271484,0.39252376556396484
pair_0074_sad,pair_0074,19,02,01,01,sad,pair_0074_happy,1,v_audio_joint,v,"[18, 19, 20, 21, 22, 23]",-5.197248458862305,-4.663185119628906,-5.213696479797363,0.5340633392333984,-0.016448020935058594,0.550511360168457
pair_0074_sad,pair_0074,19,02,01,01,sad,pair_0074_happy,1,v_prompt_joint,v,"[18, 19, 20, 21, 22, 23]",-5.197248458862305,-4.663185119628906,-4.663185119628906,0.5340633392333984,0.5340633392333984,0.0
pair_0074_sad,pair_0074,19,02,01,01,sad,pair_0074_happy,1,v_other_joint,v,"[18, 19, 20, 21, 22, 23]",-5.197248458862305,-4.663185119628906,-4.672753810882568,0.5340633392333984,0.5244946479797363,0.00956869125366211
pair_0074_sad,pair_0074,19,02,01,01,sad,pair_0074_happy,1,v_non_audio_joint,v,"[18, 19, 20, 21, 22, 23]",-5.197248458862305,-4.663185119628906,-4.672753810882568,0.5340633392333984,0.5244946479797363,0.00956869125366211
pair_0074_sad,pair_0074,19,02,01,01,sad,pair_0074_happy,1,v_decision_joint,v,"[18, 19, 20, 21, 22, 23]",-5.197248458862305,-4.663185119628906,-4.672828197479248,0.5340633392333984,0.5244202613830566,0.009643077850341797
pair_0074_sad,pair_0074,19,02,01,01,sad,pair_0074_happy,1,v_post_audio_marker_joint,v,"[18, 19, 20, 21, 22, 23]",-5.197248458862305,-4.663185119628906,-4.663112163543701,0.5340633392333984,0.5341362953186035,-7.295608520507812e-05
pair_0074_sad,pair_0074,19,02,01,01,sad,pair_0074_happy,1,v_all_joint,v,"[18, 19, 20, 21, 22, 23]",-5.197248458862305,-4.663185119628906,-5.2049560546875,0.5340633392333984,-0.0077075958251953125,0.5417709350585938
pair_0075_happy,pair_0075,19,02,02,01,happy,pair_0075_sad,-1,v_audio_joint,v,"[18, 19, 20, 21, 22, 23]",-3.303211212158203,-3.6547489166259766,-2.9353229999542236,0.35153770446777344,-0.3678882122039795,0.7194259166717529
pair_0075_happy,pair_0075,19,02,02,01,happy,pair_0075_sad,-1,v_prompt_joint,v,"[18, 19, 20, 21, 22, 23]",-3.303211212158203,-3.6547489166259766,-3.6547489166259766,0.35153770446777344,0.35153770446777344,-0.0
pair_0075_happy,pair_0075,19,02,02,01,happy,pair_0075_sad,-1,v_other_joint,v,"[18, 19, 20, 21, 22, 23]",-3.303211212158203,-3.6547489166259766,-3.648380756378174,0.35153770446777344,0.3451695442199707,0.006368160247802734
pair_0075_happy,pair_0075,19,02,02,01,happy,pair_0075_sad,-1,v_non_audio_joint,v,"[18, 19, 20, 21, 22, 23]",-3.303211212158203,-3.6547489166259766,-3.648380756378174,0.35153770446777344,0.3451695442199707,0.006368160247802734
pair_0075_happy,pair_0075,19,02,02,01,happy,pair_0075_sad,-1,v_decision_joint,v,"[18, 19, 20, 21, 22, 23]",-3.303211212158203,-3.6547489166259766,-3.648406982421875,0.35153770446777344,0.3451957702636719,0.0063419342041015625
pair_0075_happy,pair_0075,19,02,02,01,happy,pair_0075_sad,-1,v_post_audio_marker_joint,v,"[18, 19, 20, 21, 22, 23]",-3.303211212158203,-3.6547489166259766,-3.6547179222106934,0.35153770446777344,0.35150671005249023,3.0994415283203125e-05
pair_0075_happy,pair_0075,19,02,02,01,happy,pair_0075_sad,-1,v_all_joint,v,"[18, 19, 20, 21, 22, 23]",-3.303211212158203,-3.6547489166259766,-2.947491407394409,0.35153770446777344,-0.35571980476379395,0.7072575092315674
pair_0075_sad,pair_0075,19,02,02,01,sad,pair_0075_happy,1,v_audio_joint,v,"[18, 19, 20, 21, 22, 23]",-3.246274471282959,-2.8785276412963867,-3.009530544281006,0.36774682998657227,0.23674392700195312,0.13100290298461914
pair_0075_sad,pair_0075,19,02,02,01,sad,pair_0075_happy,1,v_prompt_joint,v,"[18, 19, 20, 21, 22, 23]",-3.246274471282959,-2.8785276412963867,-2.8785276412963867,0.36774682998657227,0.36774682998657227,0.0
pair_0075_sad,pair_0075,19,02,02,01,sad,pair_0075_happy,1,v_other_joint,v,"[18, 19, 20, 21, 22, 23]",-3.246274471282959,-2.8785276412963867,-2.8882060050964355,0.36774682998657227,0.35806846618652344,0.009678363800048828
pair_0075_sad,pair_0075,19,02,02,01,sad,pair_0075_happy,1,v_non_audio_joint,v,"[18, 19, 20, 21, 22, 23]",-3.246274471282959,-2.8785276412963867,-2.8882060050964355,0.36774682998657227,0.35806846618652344,0.009678363800048828
pair_0075_sad,pair_0075,19,02,02,01,sad,pair_0075_happy,1,v_decision_joint,v,"[18, 19, 20, 21, 22, 23]",-3.246274471282959,-2.8785276412963867,-2.88818359375,0.36774682998657227,0.358090877532959,0.009655952453613281
pair_0075_sad,pair_0075,19,02,02,01,sad,pair_0075_happy,1,v_post_audio_marker_joint,v,"[18, 19, 20, 21, 22, 23]",-3.246274471282959,-2.8785276412963867,-2.8785574436187744,0.36774682998657227,0.36771702766418457,2.9802322387695312e-05
pair_0075_sad,pair_0075,19,02,02,01,sad,pair_0075_happy,1,v_all_joint,v,"[18, 19, 20, 21, 22, 23]",-3.246274471282959,-2.8785276412963867,-2.9944381713867188,0.36774682998657227,0.25183629989624023,0.11591053009033203
pair_0076_happy,pair_0076,20,01,01,01,happy,pair_0076_sad,-1,v_audio_joint,v,"[18, 19, 20, 21, 22, 23]",-4.545580863952637,-4.655696868896484,-4.545375823974609,0.11011600494384766,-0.00020503997802734375,0.110321044921875
pair_0076_happy,pair_0076,20,01,01,01,happy,pair_0076_sad,-1,v_prompt_joint,v,"[18, 19, 20, 21, 22, 23]",-4.545580863952637,-4.655696868896484,-4.655696868896484,0.11011600494384766,0.11011600494384766,-0.0
pair_0076_happy,pair_0076,20,01,01,01,happy,pair_0076_sad,-1,v_other_joint,v,"[18, 19, 20, 21, 22, 23]",-4.545580863952637,-4.655696868896484,-4.650317192077637,0.11011600494384766,0.104736328125,0.005379676818847656
pair_0076_happy,pair_0076,20,01,01,01,happy,pair_0076_sad,-1,v_non_audio_joint,v,"[18, 19, 20, 21, 22, 23]",-4.545580863952637,-4.655696868896484,-4.650317192077637,0.11011600494384766,0.104736328125,0.005379676818847656
pair_0076_happy,pair_0076,20,01,01,01,happy,pair_0076_sad,-1,v_decision_joint,v,"[18, 19, 20, 21, 22, 23]",-4.545580863952637,-4.655696868896484,-4.650213241577148,0.11011600494384766,0.10463237762451172,0.0054836273193359375
pair_0076_happy,pair_0076,20,01,01,01,happy,pair_0076_sad,-1,v_post_audio_marker_joint,v,"[18, 19, 20, 21, 22, 23]",-4.545580863952637,-4.655696868896484,-4.655798435211182,0.11011600494384766,0.11021757125854492,-0.00010156631469726562
pair_0076_happy,pair_0076,20,01,01,01,happy,pair_0076_sad,-1,v_all_joint,v,"[18, 19, 20, 21, 22, 23]",-4.545580863952637,-4.655696868896484,-4.538043022155762,0.11011600494384766,-0.007537841796875,0.11765384674072266
pair_0076_sad,pair_0076,20,01,01,01,sad,pair_0076_happy,1,v_audio_joint,v,"[18, 19, 20, 21, 22, 23]",-4.708176612854004,-4.603972434997559,-4.482490539550781,0.10420417785644531,0.22568607330322266,-0.12148189544677734
pair_0076_sad,pair_0076,20,01,01,01,sad,pair_0076_happy,1,v_prompt_joint,v,"[18, 19, 20, 21, 22, 23]",-4.708176612854004,-4.603972434997559,-4.603972434997559,0.10420417785644531,0.10420417785644531,0.0
pair_0076_sad,pair_0076,20,01,01,01,sad,pair_0076_happy,1,v_other_joint,v,"[18, 19, 20, 21, 22, 23]",-4.708176612854004,-4.603972434997559,-4.610355854034424,0.10420417785644531,0.09782075881958008,0.006383419036865234
pair_0076_sad,pair_0076,20,01,01,01,sad,pair_0076_happy,1,v_non_audio_joint,v,"[18, 19, 20, 21, 22, 23]",-4.708176612854004,-4.603972434997559,-4.610355854034424,0.10420417785644531,0.09782075881958008,0.006383419036865234
pair_0076_sad,pair_0076,20,01,01,01,sad,pair_0076_happy,1,v_decision_joint,v,"[18, 19, 20, 21, 22, 23]",-4.708176612854004,-4.603972434997559,-4.610465049743652,0.10420417785644531,0.09771156311035156,0.00649261474609375
pair_0076_sad,pair_0076,20,01,01,01,sad,pair_0076_happy,1,v_post_audio_marker_joint,v,"[18, 19, 20, 21, 22, 23]",-4.708176612854004,-4.603972434997559,-4.603865623474121,0.10420417785644531,0.10431098937988281,-0.0001068115234375
pair_0076_sad,pair_0076,20,01,01,01,sad,pair_0076_happy,1,v_all_joint,v,"[18, 19, 20, 21, 22, 23]",-4.708176612854004,-4.603972434997559,-4.499608039855957,0.10420417785644531,0.20856857299804688,-0.10436439514160156
pair_0077_happy,pair_0077,20,01,02,01,happy,pair_0077_sad,-1,v_audio_joint,v,"[18, 19, 20, 21, 22, 23]",-4.142257213592529,-4.136240482330322,-4.0954694747924805,-0.006016731262207031,-0.04678773880004883,0.0407710075378418
pair_0077_happy,pair_0077,20,01,02,01,happy,pair_0077_sad,-1,v_prompt_joint,v,"[18, 19, 20, 21, 22, 23]",-4.142257213592529,-4.136240482330322,-4.136240482330322,-0.006016731262207031,-0.006016731262207031,-0.0
pair_0077_happy,pair_0077,20,01,02,01,happy,pair_0077_sad,-1,v_other_joint,v,"[18, 19, 20, 21, 22, 23]",-4.142257213592529,-4.136240482330322,-4.135443210601807,-0.006016731262207031,-0.006814002990722656,0.000797271728515625
pair_0077_happy,pair_0077,20,01,02,01,happy,pair_0077_sad,-1,v_non_audio_joint,v,"[18, 19, 20, 21, 22, 23]",-4.142257213592529,-4.136240482330322,-4.135443210601807,-0.006016731262207031,-0.006814002990722656,0.000797271728515625
pair_0077_happy,pair_0077,20,01,02,01,happy,pair_0077_sad,-1,v_decision_joint,v,"[18, 19, 20, 21, 22, 23]",-4.142257213592529,-4.136240482330322,-4.1356401443481445,-0.006016731262207031,-0.006617069244384766,0.0006003379821777344
pair_0077_happy,pair_0077,20,01,02,01,happy,pair_0077_sad,-1,v_post_audio_marker_joint,v,"[18, 19, 20, 21, 22, 23]",-4.142257213592529,-4.136240482330322,-4.136038303375244,-0.006016731262207031,-0.006218910217285156,0.000202178955078125
pair_0077_happy,pair_0077,20,01,02,01,happy,pair_0077_sad,-1,v_all_joint,v,"[18, 19, 20, 21, 22, 23]",-4.142257213592529,-4.136240482330322,-4.090810775756836,-0.006016731262207031,-0.05144643783569336,0.04542970657348633
pair_0077_sad,pair_0077,20,01,02,01,sad,pair_0077_happy,1,v_audio_joint,v,"[18, 19, 20, 21, 22, 23]",-4.00131893157959,-4.030500888824463,-4.12153434753418,-0.029181957244873047,-0.12021541595458984,0.0910334587097168
pair_0077_sad,pair_0077,20,01,02,01,sad,pair_0077_happy,1,v_prompt_joint,v,"[18, 19, 20, 21, 22, 23]",-4.00131893157959,-4.030500888824463,-4.030500888824463,-0.029181957244873047,-0.029181957244873047,0.0
pair_0077_sad,pair_0077,20,01,02,01,sad,pair_0077_happy,1,v_other_joint,v,"[18, 19, 20, 21, 22, 23]",-4.00131893157959,-4.030500888824463,-4.030426979064941,-0.029181957244873047,-0.029108047485351562,-7.390975952148438e-05
pair_0077_sad,pair_0077,20,01,02,01,sad,pair_0077_happy,1,v_non_audio_joint,v,"[18, 19, 20, 21, 22, 23]",-4.00131893157959,-4.030500888824463,-4.030426979064941,-0.029181957244873047,-0.029108047485351562,-7.390975952148438e-05
pair_0077_sad,pair_0077,20,01,02,01,sad,pair_0077_happy,1,v_decision_joint,v,"[18, 19, 20, 21, 22, 23]",-4.00131893157959,-4.030500888824463,-4.030231952667236,-0.029181957244873047,-0.028913021087646484,-0.0002689361572265625
pair_0077_sad,pair_0077,20,01,02,01,sad,pair_0077_happy,1,v_post_audio_marker_joint,v,"[18, 19, 20, 21, 22, 23]",-4.00131893157959,-4.030500888824463,-4.03069543838501,-0.029181957244873047,-0.029376506805419922,0.000194549560546875
pair_0077_sad,pair_0077,20,01,02,01,sad,pair_0077_happy,1,v_all_joint,v,"[18, 19, 20, 21, 22, 23]",-4.00131893157959,-4.030500888824463,-4.111266136169434,-0.029181957244873047,-0.10994720458984375,0.0807652473449707
pair_0078_happy,pair_0078,20,02,01,01,happy,pair_0078_sad,-1,v_audio_joint,v,"[18, 19, 20, 21, 22, 23]",-3.5017380714416504,-3.1785728931427,-3.5467958450317383,-0.3231651782989502,0.04505777359008789,-0.3682229518890381
pair_0078_happy,pair_0078,20,02,01,01,happy,pair_0078_sad,-1,v_prompt_joint,v,"[18, 19, 20, 21, 22, 23]",-3.5017380714416504,-3.1785728931427,-3.1785728931427,-0.3231651782989502,-0.3231651782989502,-0.0
pair_0078_happy,pair_0078,20,02,01,01,happy,pair_0078_sad,-1,v_other_joint,v,"[18, 19, 20, 21, 22, 23]",-3.5017380714416504,-3.1785728931427,-3.1628506183624268,-0.3231651782989502,-0.33888745307922363,0.015722274780273438
pair_0078_happy,pair_0078,20,02,01,01,happy,pair_0078_sad,-1,v_non_audio_joint,v,"[18, 19, 20, 21, 22, 23]",-3.5017380714416504,-3.1785728931427,-3.1628506183624268,-0.3231651782989502,-0.33888745307922363,0.015722274780273438
pair_0078_happy,pair_0078,20,02,01,01,happy,pair_0078_sad,-1,v_decision_joint,v,"[18, 19, 20, 21, 22, 23]",-3.5017380714416504,-3.1785728931427,-3.163281202316284,-0.3231651782989502,-0.3384568691253662,0.015291690826416016
pair_0078_happy,pair_0078,20,02,01,01,happy,pair_0078_sad,-1,v_post_audio_marker_joint,v,"[18, 19, 20, 21, 22, 23]",-3.5017380714416504,-3.1785728931427,-3.178157329559326,-0.3231651782989502,-0.3235807418823242,0.00041556358337402344
pair_0078_happy,pair_0078,20,02,01,01,happy,pair_0078_sad,-1,v_all_joint,v,"[18, 19, 20, 21, 22, 23]",-3.5017380714416504,-3.1785728931427,-3.520020008087158,-0.3231651782989502,0.018281936645507812,-0.341447114944458
pair_0078_sad,pair_0078,20,02,01,01,sad,pair_0078_happy,1,v_audio_joint,v,"[18, 19, 20, 21, 22, 23]",-3.4527485370635986,-4.002635955810547,-3.694897174835205,-0.5498874187469482,-0.24214863777160645,-0.3077387809753418
pair_0078_sad,pair_0078,20,02,01,01,sad,pair_0078_happy,1,v_prompt_joint,v,"[18, 19, 20, 21, 22, 23]",-3.4527485370635986,-4.002635955810547,-4.002635955810547,-0.5498874187469482,-0.5498874187469482,0.0
pair_0078_sad,pair_0078,20,02,01,01,sad,pair_0078_happy,1,v_other_joint,v,"[18, 19, 20, 21, 22, 23]",-3.4527485370635986,-4.002635955810547,-4.001808166503906,-0.5498874187469482,-0.5490596294403076,-0.000827789306640625
pair_0078_sad,pair_0078,20,02,01,01,sad,pair_0078_happy,1,v_non_audio_joint,v,"[18, 19, 20, 21, 22, 23]",-3.4527485370635986,-4.002635955810547,-4.001808166503906,-0.5498874187469482,-0.5490596294403076,-0.000827789306640625
pair_0078_sad,pair_0078,20,02,01,01,sad,pair_0078_happy,1,v_decision_joint,v,"[18, 19, 20, 21, 22, 23]",-3.4527485370635986,-4.002635955810547,-4.001397132873535,-0.5498874187469482,-0.5486485958099365,-0.0012388229370117188
pair_0078_sad,pair_0078,20,02,01,01,sad,pair_0078_happy,1,v_post_audio_marker_joint,v,"[18, 19, 20, 21, 22, 23]",-3.4527485370635986,-4.002635955810547,-4.0030412673950195,-0.5498874187469482,-0.5502927303314209,0.00040531158447265625
pair_0078_sad,pair_0078,20,02,01,01,sad,pair_0078_happy,1,v_all_joint,v,"[18, 19, 20, 21, 22, 23]",-3.4527485370635986,-4.002635955810547,-3.6949336528778076,-0.5498874187469482,-0.24218511581420898,-0.30770230293273926
pair_0079_happy,pair_0079,20,02,02,01,happy,pair_0079_sad,-1,v_audio_joint,v,"[18, 19, 20, 21, 22, 23]",-3.864936590194702,-3.762904167175293,-3.5007832050323486,-0.10203242301940918,-0.3641533851623535,0.26212096214294434
pair_0079_happy,pair_0079,20,02,02,01,happy,pair_0079_sad,-1,v_prompt_joint,v,"[18, 19, 20, 21, 22, 23]",-3.864936590194702,-3.762904167175293,-3.762904167175293,-0.10203242301940918,-0.10203242301940918,-0.0
pair_0079_happy,pair_0079,20,02,02,01,happy,pair_0079_sad,-1,v_other_joint,v,"[18, 19, 20, 21, 22, 23]",-3.864936590194702,-3.762904167175293,-3.7551004886627197,-0.10203242301940918,-0.10983610153198242,0.007803678512573242
pair_0079_happy,pair_0079,20,02,02,01,happy,pair_0079_sad,-1,v_non_audio_joint,v,"[18, 19, 20, 21, 22, 23]",-3.864936590194702,-3.762904167175293,-3.7551004886627197,-0.10203242301940918,-0.10983610153198242,0.007803678512573242
pair_0079_happy,pair_0079,20,02,02,01,happy,pair_0079_sad,-1,v_decision_joint,v,"[18, 19, 20, 21, 22, 23]",-3.864936590194702,-3.762904167175293,-3.7552268505096436,-0.10203242301940918,-0.1097097396850586,0.007677316665649414
pair_0079_happy,pair_0079,20,02,02,01,happy,pair_0079_sad,-1,v_post_audio_marker_joint,v,"[18, 19, 20, 21, 22, 23]",-3.864936590194702,-3.762904167175293,-3.7627832889556885,-0.10203242301940918,-0.10215330123901367,0.00012087821960449219
pair_0079_happy,pair_0079,20,02,02,01,happy,pair_0079_sad,-1,v_all_joint,v,"[18, 19, 20, 21, 22, 23]",-3.864936590194702,-3.762904167175293,-3.508711576461792,-0.10203242301940918,-0.35622501373291016,0.254192590713501
pair_0079_sad,pair_0079,20,02,02,01,sad,pair_0079_happy,1,v_audio_joint,v,"[18, 19, 20, 21, 22, 23]",-3.65761661529541,-3.7423558235168457,-4.007898330688477,-0.08473920822143555,-0.3502817153930664,0.26554250717163086
pair_0079_sad,pair_0079,20,02,02,01,sad,pair_0079_happy,1,v_prompt_joint,v,"[18, 19, 20, 21, 22, 23]",-3.65761661529541,-3.7423558235168457,-3.7423558235168457,-0.08473920822143555,-0.08473920822143555,0.0
pair_0079_sad,pair_0079,20,02,02,01,sad,pair_0079_happy,1,v_other_joint,v,"[18, 19, 20, 21, 22, 23]",-3.65761661529541,-3.7423558235168457,-3.7507712841033936,-0.08473920822143555,-0.0931546688079834,0.008415460586547852
pair_0079_sad,pair_0079,20,02,02,01,sad,pair_0079_happy,1,v_non_audio_joint,v,"[18, 19, 20, 21, 22, 23]",-3.65761661529541,-3.7423558235168457,-3.7507712841033936,-0.08473920822143555,-0.0931546688079834,0.008415460586547852
pair_0079_sad,pair_0079,20,02,02,01,sad,pair_0079_happy,1,v_decision_joint,v,"[18, 19, 20, 21, 22, 23]",-3.65761661529541,-3.7423558235168457,-3.750636577606201,-0.08473920822143555,-0.09301996231079102,0.008280754089355469
pair_0079_sad,pair_0079,20,02,02,01,sad,pair_0079_happy,1,v_post_audio_marker_joint,v,"[18, 19, 20, 21, 22, 23]",-3.65761661529541,-3.7423558235168457,-3.742485523223877,-0.08473920822143555,-0.0848689079284668,0.00012969970703125
pair_0079_sad,pair_0079,20,02,02,01,sad,pair_0079_happy,1,v_all_joint,v,"[18, 19, 20, 21, 22, 23]",-3.65761661529541,-3.7423558235168457,-3.965965986251831,-0.08473920822143555,-0.3083493709564209,0.22361016273498535
pair_0080_happy,pair_0080,21,01,01,01,happy,pair_0080_sad,-1,v_audio_joint,v,"[18, 19, 20, 21, 22, 23]",-4.269933223724365,-4.354708194732666,-4.109902381896973,0.08477497100830078,-0.16003084182739258,0.24480581283569336
pair_0080_happy,pair_0080,21,01,01,01,happy,pair_0080_sad,-1,v_prompt_joint,v,"[18, 19, 20, 21, 22, 23]",-4.269933223724365,-4.354708194732666,-4.354708194732666,0.08477497100830078,0.08477497100830078,-0.0
pair_0080_happy,pair_0080,21,01,01,01,happy,pair_0080_sad,-1,v_other_joint,v,"[18, 19, 20, 21, 22, 23]",-4.269933223724365,-4.354708194732666,-4.367879390716553,0.08477497100830078,0.0979461669921875,-0.013171195983886719
pair_0080_happy,pair_0080,21,01,01,01,happy,pair_0080_sad,-1,v_non_audio_joint,v,"[18, 19, 20, 21, 22, 23]",-4.269933223724365,-4.354708194732666,-4.367879390716553,0.08477497100830078,0.0979461669921875,-0.013171195983886719
pair_0080_happy,pair_0080,21,01,01,01,happy,pair_0080_sad,-1,v_decision_joint,v,"[18, 19, 20, 21, 22, 23]",-4.269933223724365,-4.354708194732666,-4.367703914642334,0.08477497100830078,0.09777069091796875,-0.012995719909667969
pair_0080_happy,pair_0080,21,01,01,01,happy,pair_0080_sad,-1,v_post_audio_marker_joint,v,"[18, 19, 20, 21, 22, 23]",-4.269933223724365,-4.354708194732666,-4.354890823364258,0.08477497100830078,0.08495759963989258,-0.00018262863159179688
pair_0080_happy,pair_0080,21,01,01,01,happy,pair_0080_sad,-1,v_all_joint,v,"[18, 19, 20, 21, 22, 23]",-4.269933223724365,-4.354708194732666,-4.09995174407959,0.08477497100830078,-0.1699814796447754,0.25475645065307617
pair_0080_sad,pair_0080,21,01,01,01,sad,pair_0080_happy,1,v_audio_joint,v,"[18, 19, 20, 21, 22, 23]",-4.09474515914917,-3.9923691749572754,-4.325242042541504,0.10237598419189453,-0.23049688339233398,0.3328728675842285
pair_0080_sad,pair_0080,21,01,01,01,sad,pair_0080_happy,1,v_prompt_joint,v,"[18, 19, 20, 21, 22, 23]",-4.09474515914917,-3.9923691749572754,-3.9923691749572754,0.10237598419189453,0.10237598419189453,0.0
pair_0080_sad,pair_0080,21,01,01,01,sad,pair_0080_happy,1,v_other_joint,v,"[18, 19, 20, 21, 22, 23]",-4.09474515914917,-3.9923691749572754,-3.9795193672180176,0.10237598419189453,0.11522579193115234,-0.012849807739257812
pair_0080_sad,pair_0080,21,01,01,01,sad,pair_0080_happy,1,v_non_audio_joint,v,"[18, 19, 20, 21, 22, 23]",-4.09474515914917,-3.9923691749572754,-3.9795193672180176,0.10237598419189453,0.11522579193115234,-0.012849807739257812
pair_0080_sad,pair_0080,21,01,01,01,sad,pair_0080_happy,1,v_decision_joint,v,"[18, 19, 20, 21, 22, 23]",-4.09474515914917,-3.9923691749572754,-3.9796931743621826,0.10237598419189453,0.1150519847869873,-0.012676000595092773
pair_0080_sad,pair_0080,21,01,01,01,sad,pair_0080_happy,1,v_post_audio_marker_joint,v,"[18, 19, 20, 21, 22, 23]",-4.09474515914917,-3.9923691749572754,-3.9921953678131104,0.10237598419189453,0.10254979133605957,-0.00017380714416503906
pair_0080_sad,pair_0080,21,01,01,01,sad,pair_0080_happy,1,v_all_joint,v,"[18, 19, 20, 21, 22, 23]",-4.09474515914917,-3.9923691749572754,-4.296060562133789,0.10237598419189453,-0.20131540298461914,0.30369138717651367
pair_0081_happy,pair_0081,21,01,02,01,happy,pair_0081_sad,-1,v_audio_joint,v,"[18, 19, 20, 21, 22, 23]",-4.222221374511719,-4.390861988067627,-3.9407994747161865,0.1686406135559082,-0.2814218997955322,0.45006251335144043
pair_0081_happy,pair_0081,21,01,02,01,happy,pair_0081_sad,-1,v_prompt_joint,v,"[18, 19, 20, 21, 22, 23]",-4.222221374511719,-4.390861988067627,-4.390861988067627,0.1686406135559082,0.1686406135559082,-0.0
pair_0081_happy,pair_0081,21,01,02,01,happy,pair_0081_sad,-1,v_other_joint,v,"[18, 19, 20, 21, 22, 23]",-4.222221374511719,-4.390861988067627,-4.394974708557129,0.1686406135559082,0.17275333404541016,-0.004112720489501953
pair_0081_happy,pair_0081,21,01,02,01,happy,pair_0081_sad,-1,v_non_audio_joint,v,"[18, 19, 20, 21, 22, 23]",-4.222221374511719,-4.390861988067627,-4.394974708557129,0.1686406135559082,0.17275333404541016,-0.004112720489501953
pair_0081_happy,pair_0081,21,01,02,01,happy,pair_0081_sad,-1,v_decision_joint,v,"[18, 19, 20, 21, 22, 23]",-4.222221374511719,-4.390861988067627,-4.394852638244629,0.1686406135559082,0.17263126373291016,-0.003990650177001953
pair_0081_happy,pair_0081,21,01,02,01,happy,pair_0081_sad,-1,v_post_audio_marker_joint,v,"[18, 19, 20, 21, 22, 23]",-4.222221374511719,-4.390861988067627,-4.390985488891602,0.1686406135559082,0.1687641143798828,-0.00012350082397460938
pair_0081_happy,pair_0081,21,01,02,01,happy,pair_0081_sad,-1,v_all_joint,v,"[18, 19, 20, 21, 22, 23]",-4.222221374511719,-4.390861988067627,-3.9154608249664307,0.1686406135559082,-0.3067605495452881,0.4754011631011963
pair_0081_sad,pair_0081,21,01,02,01,sad,pair_0081_happy,1,v_audio_joint,v,"[18, 19, 20, 21, 22, 23]",-4.20202112197876,-4.035709857940674,-4.336409091949463,0.16631126403808594,-0.13438796997070312,0.30069923400878906
pair_0081_sad,pair_0081,21,01,02,01,sad,pair_0081_happy,1,v_prompt_joint,v,"[18, 19, 20, 21, 22, 23]",-4.20202112197876,-4.035709857940674,-4.035709857940674,0.16631126403808594,0.16631126403808594,0.0
pair_0081_sad,pair_0081,21,01,02,01,sad,pair_0081_happy,1,v_other_joint,v,"[18, 19, 20, 21, 22, 23]",-4.20202112197876,-4.035709857940674,-4.032247543334961,0.16631126403808594,0.16977357864379883,-0.0034623146057128906
pair_0081_sad,pair_0081,21,01,02,01,sad,pair_0081_happy,1,v_non_audio_joint,v,"[18, 19, 20, 21, 22, 23]",-4.20202112197876,-4.035709857940674,-4.032247543334961,0.16631126403808594,0.16977357864379883,-0.0034623146057128906
pair_0081_sad,pair_0081,21,01,02,01,sad,pair_0081_happy,1,v_decision_joint,v,"[18, 19, 20, 21, 22, 23]",-4.20202112197876,-4.035709857940674,-4.0323591232299805,0.16631126403808594,0.1696619987487793,-0.0033507347106933594
pair_0081_sad,pair_0081,21,01,02,01,sad,pair_0081_happy,1,v_post_audio_marker_joint,v,"[18, 19, 20, 21, 22, 23]",-4.20202112197876,-4.035709857940674,-4.035597801208496,0.16631126403808594,0.16642332077026367,-0.00011205673217773438
pair_0081_sad,pair_0081,21,01,02,01,sad,pair_0081_happy,1,v_all_joint,v,"[18, 19, 20, 21, 22, 23]",-4.20202112197876,-4.035709857940674,-4.29258918762207,0.16631126403808594,-0.09056806564331055,0.2568793296813965
pair_0082_happy,pair_0082,21,02,01,01,happy,pair_0082_sad,-1,v_audio_joint,v,"[18, 19, 20, 21, 22, 23]",-3.776475191116333,-3.802028179168701,-3.5652925968170166,0.025552988052368164,-0.2111825942993164,0.23673558235168457
pair_0082_happy,pair_0082,21,02,01,01,happy,pair_0082_sad,-1,v_prompt_joint,v,"[18, 19, 20, 21, 22, 23]",-3.776475191116333,-3.802028179168701,-3.802028179168701,0.025552988052368164,0.025552988052368164,-0.0
pair_0082_happy,pair_0082,21,02,01,01,happy,pair_0082_sad,-1,v_other_joint,v,"[18, 19, 20, 21, 22, 23]",-3.776475191116333,-3.802028179168701,-3.7971079349517822,0.025552988052368164,0.02063274383544922,0.004920244216918945
pair_0082_happy,pair_0082,21,02,01,01,happy,pair_0082_sad,-1,v_non_audio_joint,v,"[18, 19, 20, 21, 22, 23]",-3.776475191116333,-3.802028179168701,-3.7971079349517822,0.025552988052368164,0.02063274383544922,0.004920244216918945
pair_0082_happy,pair_0082,21,02,01,01,happy,pair_0082_sad,-1,v_decision_joint,v,"[18, 19, 20, 21, 22, 23]",-3.776475191116333,-3.802028179168701,-3.7970685958862305,0.025552988052368164,0.02059340476989746,0.004959583282470703
pair_0082_happy,pair_0082,21,02,01,01,happy,pair_0082_sad,-1,v_post_audio_marker_joint,v,"[18, 19, 20, 21, 22, 23]",-3.776475191116333,-3.802028179168701,-3.802065849304199,0.025552988052368164,0.02559065818786621,-3.7670135498046875e-05
pair_0082_happy,pair_0082,21,02,01,01,happy,pair_0082_sad,-1,v_all_joint,v,"[18, 19, 20, 21, 22, 23]",-3.776475191116333,-3.802028179168701,-3.5595977306365967,0.025552988052368164,-0.21687746047973633,0.2424304485321045
pair_0082_sad,pair_0082,21,02,01,01,sad,pair_0082_happy,1,v_audio_joint,v,"[18, 19, 20, 21, 22, 23]",-3.3417794704437256,-3.295318603515625,-3.2324280738830566,0.046460866928100586,0.10935139656066895,-0.06289052963256836
pair_0082_sad,pair_0082,21,02,01,01,sad,pair_0082_happy,1,v_prompt_joint,v,"[18, 19, 20, 21, 22, 23]",-3.3417794704437256,-3.295318603515625,-3.295318603515625,0.046460866928100586,0.046460866928100586,0.0
pair_0082_sad,pair_0082,21,02,01,01,sad,pair_0082_happy,1,v_other_joint,v,"[18, 19, 20, 21, 22, 23]",-3.3417794704437256,-3.295318603515625,-3.300624370574951,0.046460866928100586,0.041155099868774414,0.005305767059326172
pair_0082_sad,pair_0082,21,02,01,01,sad,pair_0082_happy,1,v_non_audio_joint,v,"[18, 19, 20, 21, 22, 23]",-3.3417794704437256,-3.295318603515625,-3.300624370574951,0.046460866928100586,0.041155099868774414,0.005305767059326172
pair_0082_sad,pair_0082,21,02,01,01,sad,pair_0082_happy,1,v_decision_joint,v,"[18, 19, 20, 21, 22, 23]",-3.3417794704437256,-3.295318603515625,-3.3006649017333984,0.046460866928100586,0.04111456871032715,0.0053462982177734375
pair_0082_sad,pair_0082,21,02,01,01,sad,pair_0082_happy,1,v_post_audio_marker_joint,v,"[18, 19, 20, 21, 22, 23]",-3.3417794704437256,-3.295318603515625,-3.2952849864959717,0.046460866928100586,0.046494483947753906,-3.361701965332031e-05
pair_0082_sad,pair_0082,21,02,01,01,sad,pair_0082_happy,1,v_all_joint,v,"[18, 19, 20, 21, 22, 23]",-3.3417794704437256,-3.295318603515625,-3.2297515869140625,0.046460866928100586,0.11202788352966309,-0.0655670166015625
pair_0083_happy,pair_0083,21,02,02,01,happy,pair_0083_sad,-1,v_audio_joint,v,"[18, 19, 20, 21, 22, 23]",-3.3170056343078613,-3.2713019847869873,-2.9763357639312744,-0.04570364952087402,-0.3406698703765869,0.2949662208557129
pair_0083_happy,pair_0083,21,02,02,01,happy,pair_0083_sad,-1,v_prompt_joint,v,"[18, 19, 20, 21, 22, 23]",-3.3170056343078613,-3.2713019847869873,-3.2713019847869873,-0.04570364952087402,-0.04570364952087402,-0.0
pair_0083_happy,pair_0083,21,02,02,01,happy,pair_0083_sad,-1,v_other_joint,v,"[18, 19, 20, 21, 22, 23]",-3.3170056343078613,-3.2713019847869873,-3.263392210006714,-0.04570364952087402,-0.05361342430114746,0.007909774780273438
pair_0083_happy,pair_0083,21,02,02,01,happy,pair_0083_sad,-1,v_non_audio_joint,v,"[18, 19, 20, 21, 22, 23]",-3.3170056343078613,-3.2713019847869873,-3.263392210006714,-0.04570364952087402,-0.05361342430114746,0.007909774780273438
pair_0083_happy,pair_0083,21,02,02,01,happy,pair_0083_sad,-1,v_decision_joint,v,"[18, 19, 20, 21, 22, 23]",-3.3170056343078613,-3.2713019847869873,-3.263307571411133,-0.04570364952087402,-0.053698062896728516,0.007994413375854492
pair_0083_happy,pair_0083,21,02,02,01,happy,pair_0083_sad,-1,v_post_audio_marker_joint,v,"[18, 19, 20, 21, 22, 23]",-3.3170056343078613,-3.2713019847869873,-3.271383762359619,-0.04570364952087402,-0.04562187194824219,-8.177757263183594e-05
pair_0083_happy,pair_0083,21,02,02,01,happy,pair_0083_sad,-1,v_all_joint,v,"[18, 19, 20, 21, 22, 23]",-3.3170056343078613,-3.2713019847869873,-2.9792556762695312,-0.04570364952087402,-0.3377499580383301,0.29204630851745605
pair_0083_sad,pair_0083,21,02,02,01,sad,pair_0083_happy,1,v_audio_joint,v,"[18, 19, 20, 21, 22, 23]",-3.4587490558624268,-3.4975616931915283,-3.3847012519836426,-0.03881263732910156,0.07404780387878418,-0.11286044120788574
pair_0083_sad,pair_0083,21,02,02,01,sad,pair_0083_happy,1,v_prompt_joint,v,"[18, 19, 20, 21, 22, 23]",-3.4587490558624268,-3.4975616931915283,-3.4975616931915283,-0.03881263732910156,-0.03881263732910156,0.0
pair_0083_sad,pair_0083,21,02,02,01,sad,pair_0083_happy,1,v_other_joint,v,"[18, 19, 20, 21, 22, 23]",-3.4587490558624268,-3.4975616931915283,-3.5051395893096924,-0.03881263732910156,-0.046390533447265625,0.0075778961181640625
pair_0083_sad,pair_0083,21,02,02,01,sad,pair_0083_happy,1,v_non_audio_joint,v,"[18, 19, 20, 21, 22, 23]",-3.4587490558624268,-3.4975616931915283,-3.5051395893096924,-0.03881263732910156,-0.046390533447265625,0.0075778961181640625
pair_0083_sad,pair_0083,21,02,02,01,sad,pair_0083_happy,1,v_decision_joint,v,"[18, 19, 20, 21, 22, 23]",-3.4587490558624268,-3.4975616931915283,-3.5052237510681152,-0.03881263732910156,-0.04647469520568848,0.007662057876586914
pair_0083_sad,pair_0083,21,02,02,01,sad,pair_0083_happy,1,v_post_audio_marker_joint,v,"[18, 19, 20, 21, 22, 23]",-3.4587490558624268,-3.4975616931915283,-3.4974794387817383,-0.03881263732910156,-0.03873038291931152,-8.225440979003906e-05
pair_0083_sad,pair_0083,21,02,02,01,sad,pair_0083_happy,1,v_all_joint,v,"[18, 19, 20, 21, 22, 23]",-3.4587490558624268,-3.4975616931915283,-3.3678159713745117,-0.03881263732910156,0.09093308448791504,-0.1297457218170166
pair_0084_happy,pair_0084,22,01,01,01,happy,pair_0084_sad,-1,v_audio_joint,v,"[18, 19, 20, 21, 22, 23]",-4.489823341369629,-4.508843421936035,-4.628082275390625,0.01902008056640625,0.1382589340209961,-0.11923885345458984
pair_0084_happy,pair_0084,22,01,01,01,happy,pair_0084_sad,-1,v_prompt_joint,v,"[18, 19, 20, 21, 22, 23]",-4.489823341369629,-4.508843421936035,-4.508843421936035,0.01902008056640625,0.01902008056640625,-0.0
pair_0084_happy,pair_0084,22,01,01,01,happy,pair_0084_sad,-1,v_other_joint,v,"[18, 19, 20, 21, 22, 23]",-4.489823341369629,-4.508843421936035,-4.506219387054443,0.01902008056640625,0.016396045684814453,0.002624034881591797
pair_0084_happy,pair_0084,22,01,01,01,happy,pair_0084_sad,-1,v_non_audio_joint,v,"[18, 19, 20, 21, 22, 23]",-4.489823341369629,-4.508843421936035,-4.506219387054443,0.01902008056640625,0.016396045684814453,0.002624034881591797
pair_0084_happy,pair_0084,22,01,01,01,happy,pair_0084_sad,-1,v_decision_joint,v,"[18, 19, 20, 21, 22, 23]",-4.489823341369629,-4.508843421936035,-4.506222724914551,0.01902008056640625,0.016399383544921875,0.002620697021484375
pair_0084_happy,pair_0084,22,01,01,01,happy,pair_0084_sad,-1,v_post_audio_marker_joint,v,"[18, 19, 20, 21, 22, 23]",-4.489823341369629,-4.508843421936035,-4.508839130401611,0.01902008056640625,0.019015789031982422,4.291534423828125e-06
pair_0084_happy,pair_0084,22,01,01,01,happy,pair_0084_sad,-1,v_all_joint,v,"[18, 19, 20, 21, 22, 23]",-4.489823341369629,-4.508843421936035,-4.629767417907715,0.01902008056640625,0.13994407653808594,-0.12092399597167969
pair_0084_sad,pair_0084,22,01,01,01,sad,pair_0084_happy,1,v_audio_joint,v,"[18, 19, 20, 21, 22, 23]",-4.763824462890625,-4.7529215812683105,-4.726703643798828,0.010902881622314453,0.037120819091796875,-0.026217937469482422
pair_0084_sad,pair_0084,22,01,01,01,sad,pair_0084_happy,1,v_prompt_joint,v,"[18, 19, 20, 21, 22, 23]",-4.763824462890625,-4.7529215812683105,-4.7529215812683105,0.010902881622314453,0.010902881622314453,0.0
pair_0084_sad,pair_0084,22,01,01,01,sad,pair_0084_happy,1,v_other_joint,v,"[18, 19, 20, 21, 22, 23]",-4.763824462890625,-4.7529215812683105,-4.756214618682861,0.010902881622314453,0.007609844207763672,0.0032930374145507812
pair_0084_sad,pair_0084,22,01,01,01,sad,pair_0084_happy,1,v_non_audio_joint,v,"[18, 19, 20, 21, 22, 23]",-4.763824462890625,-4.7529215812683105,-4.756214618682861,0.010902881622314453,0.007609844207763672,0.0032930374145507812
pair_0084_sad,pair_0084,22,01,01,01,sad,pair_0084_happy,1,v_decision_joint,v,"[18, 19, 20, 21, 22, 23]",-4.763824462890625,-4.7529215812683105,-4.756210803985596,0.010902881622314453,0.007613658905029297,0.0032892227172851562
pair_0084_sad,pair_0084,22,01,01,01,sad,pair_0084_happy,1,v_post_audio_marker_joint,v,"[18, 19, 20, 21, 22, 23]",-4.763824462890625,-4.7529215812683105,-4.752931594848633,0.010902881622314453,0.010892868041992188,1.0013580322265625e-05
pair_0084_sad,pair_0084,22,01,01,01,sad,pair_0084_happy,1,v_all_joint,v,"[18, 19, 20, 21, 22, 23]",-4.763824462890625,-4.7529215812683105,-4.723649501800537,0.010902881622314453,0.04017496109008789,-0.029272079467773438
pair_0085_happy,pair_0085,22,01,02,01,happy,pair_0085_sad,-1,v_audio_joint,v,"[18, 19, 20, 21, 22, 23]",-4.036124229431152,-4.28157377243042,-4.048142433166504,0.24544954299926758,0.012018203735351562,0.23343133926391602
pair_0085_happy,pair_0085,22,01,02,01,happy,pair_0085_sad,-1,v_prompt_joint,v,"[18, 19, 20, 21, 22, 23]",-4.036124229431152,-4.28157377243042,-4.28157377243042,0.24544954299926758,0.24544954299926758,-0.0
pair_0085_happy,pair_0085,22,01,02,01,happy,pair_0085_sad,-1,v_other_joint,v,"[18, 19, 20, 21, 22, 23]",-4.036124229431152,-4.28157377243042,-4.288647651672363,0.24544954299926758,0.25252342224121094,-0.007073879241943359
pair_0085_happy,pair_0085,22,01,02,01,happy,pair_0085_sad,-1,v_non_audio_joint,v,"[18, 19, 20, 21, 22, 23]",-4.036124229431152,-4.28157377243042,-4.288647651672363,0.24544954299926758,0.25252342224121094,-0.007073879241943359
pair_0085_happy,pair_0085,22,01,02,01,happy,pair_0085_sad,-1,v_decision_joint,v,"[18, 19, 20, 21, 22, 23]",-4.036124229431152,-4.28157377243042,-4.288671016693115,0.24544954299926758,0.2525467872619629,-0.0070972442626953125
pair_0085_happy,pair_0085,22,01,02,01,happy,pair_0085_sad,-1,v_post_audio_marker_joint,v,"[18, 19, 20, 21, 22, 23]",-4.036124229431152,-4.28157377243042,-4.281538009643555,0.24544954299926758,0.24541378021240234,3.5762786865234375e-05
pair_0085_happy,pair_0085,22,01,02,01,happy,pair_0085_sad,-1,v_all_joint,v,"[18, 19, 20, 21, 22, 23]",-4.036124229431152,-4.28157377243042,-4.037598609924316,0.24544954299926758,0.0014743804931640625,0.24397516250610352
pair_0085_sad,pair_0085,22,01,02,01,sad,pair_0085_happy,1,v_audio_joint,v,"[18, 19, 20, 21, 22, 23]",-4.4401750564575195,-4.222349643707275,-4.271385192871094,0.21782541275024414,0.16878986358642578,0.04903554916381836
pair_0085_sad,pair_0085,22,01,02,01,sad,pair_0085_happy,1,v_prompt_joint,v,"[18, 19, 20, 21, 22, 23]",-4.4401750564575195,-4.222349643707275,-4.222349643707275,0.21782541275024414,0.21782541275024414,0.0
pair_0085_sad,pair_0085,22,01,02,01,sad,pair_0085_happy,1,v_other_joint,v,"[18, 19, 20, 21, 22, 23]",-4.4401750564575195,-4.222349643707275,-4.212959289550781,0.21782541275024414,0.22721576690673828,-0.00939035415649414
pair_0085_sad,pair_0085,22,01,02,01,sad,pair_0085_happy,1,v_non_audio_joint,v,"[18, 19, 20, 21, 22, 23]",-4.4401750564575195,-4.222349643707275,-4.212959289550781,0.21782541275024414,0.22721576690673828,-0.00939035415649414
pair_0085_sad,pair_0085,22,01,02,01,sad,pair_0085_happy,1,v_decision_joint,v,"[18, 19, 20, 21, 22, 23]",-4.4401750564575195,-4.222349643707275,-4.212921619415283,0.21782541275024414,0.22725343704223633,-0.009428024291992188
pair_0085_sad,pair_0085,22,01,02,01,sad,pair_0085_happy,1,v_post_audio_marker_joint,v,"[18, 19, 20, 21, 22, 23]",-4.4401750564575195,-4.222349643707275,-4.222398281097412,0.21782541275024414,0.21777677536010742,4.863739013671875e-05
pair_0085_sad,pair_0085,22,01,02,01,sad,pair_0085_happy,1,v_all_joint,v,"[18, 19, 20, 21, 22, 23]",-4.4401750564575195,-4.222349643707275,-4.253066062927246,0.21782541275024414,0.18710899353027344,0.030716419219970703
pair_0086_happy,pair_0086,22,02,01,01,happy,pair_0086_sad,-1,v_audio_joint,v,"[18, 19, 20, 21, 22, 23]",-3.6062417030334473,-3.687047004699707,-3.4143738746643066,0.08080530166625977,-0.19186782836914062,0.2726731300354004
pair_0086_happy,pair_0086,22,02,01,01,happy,pair_0086_sad,-1,v_prompt_joint,v,"[18, 19, 20, 21, 22, 23]",-3.6062417030334473,-3.687047004699707,-3.687047004699707,0.08080530166625977,0.08080530166625977,-0.0
pair_0086_happy,pair_0086,22,02,01,01,happy,pair_0086_sad,-1,v_other_joint,v,"[18, 19, 20, 21, 22, 23]",-3.6062417030334473,-3.687047004699707,-3.684309244155884,0.08080530166625977,0.07806754112243652,0.002737760543823242
pair_0086_happy,pair_0086,22,02,01,01,happy,pair_0086_sad,-1,v_non_audio_joint,v,"[18, 19, 20, 21, 22, 23]",-3.6062417030334473,-3.687047004699707,-3.684309244155884,0.08080530166625977,0.07806754112243652,0.002737760543823242
pair_0086_happy,pair_0086,22,02,01,01,happy,pair_0086_sad,-1,v_decision_joint,v,"[18, 19, 20, 21, 22, 23]",-3.6062417030334473,-3.687047004699707,-3.6843810081481934,0.08080530166625977,0.0781393051147461,0.002665996551513672
pair_0086_happy,pair_0086,22,02,01,01,happy,pair_0086_sad,-1,v_post_audio_marker_joint,v,"[18, 19, 20, 21, 22, 23]",-3.6062417030334473,-3.687047004699707,-3.686983108520508,0.08080530166625977,0.08074140548706055,6.389617919921875e-05
pair_0086_happy,pair_0086,22,02,01,01,happy,pair_0086_sad,-1,v_all_joint,v,"[18, 19, 20, 21, 22, 23]",-3.6062417030334473,-3.687047004699707,-3.42807936668396,0.08080530166625977,-0.1781623363494873,0.25896763801574707
pair_0086_sad,pair_0086,22,02,01,01,sad,pair_0086_happy,1,v_audio_joint,v,"[18, 19, 20, 21, 22, 23]",-3.6647796630859375,-3.586930513381958,-3.4803664684295654,0.07784914970397949,0.18441319465637207,-0.10656404495239258
pair_0086_sad,pair_0086,22,02,01,01,sad,pair_0086_happy,1,v_prompt_joint,v,"[18, 19, 20, 21, 22, 23]",-3.6647796630859375,-3.586930513381958,-3.586930513381958,0.07784914970397949,0.07784914970397949,0.0
pair_0086_sad,pair_0086,22,02,01,01,sad,pair_0086_happy,1,v_other_joint,v,"[18, 19, 20, 21, 22, 23]",-3.6647796630859375,-3.586930513381958,-3.5886683464050293,0.07784914970397949,0.0761113166809082,0.001737833023071289
pair_0086_sad,pair_0086,22,02,01,01,sad,pair_0086_happy,1,v_non_audio_joint,v,"[18, 19, 20, 21, 22, 23]",-3.6647796630859375,-3.586930513381958,-3.5886683464050293,0.07784914970397949,0.0761113166809082,0.001737833023071289
pair_0086_sad,pair_0086,22,02,01,01,sad,pair_0086_happy,1,v_decision_joint,v,"[18, 19, 20, 21, 22, 23]",-3.6647796630859375,-3.586930513381958,-3.5885980129241943,0.07784914970397949,0.07618165016174316,0.0016674995422363281
pair_0086_sad,pair_0086,22,02,01,01,sad,pair_0086_happy,1,v_post_audio_marker_joint,v,"[18, 19, 20, 21, 22, 23]",-3.6647796630859375,-3.586930513381958,-3.587001085281372,0.07784914970397949,0.07777857780456543,7.05718994140625e-05
pair_0086_sad,pair_0086,22,02,01,01,sad,pair_0086_happy,1,v_all_joint,v,"[18, 19, 20, 21, 22, 23]",-3.6647796630859375,-3.586930513381958,-3.463522434234619,0.07784914970397949,0.20125722885131836,-0.12340807914733887
pair_0087_happy,pair_0087,22,02,02,01,happy,pair_0087_sad,-1,v_audio_joint,v,"[18, 19, 20, 21, 22, 23]",-3.63923716545105,-3.514237403869629,-3.228804111480713,-0.1249997615814209,-0.4104330539703369,0.285433292388916
pair_0087_happy,pair_0087,22,02,02,01,happy,pair_0087_sad,-1,v_prompt_joint,v,"[18, 19, 20, 21, 22, 23]",-3.63923716545105,-3.514237403869629,-3.514237403869629,-0.1249997615814209,-0.1249997615814209,-0.0
pair_0087_happy,pair_0087,22,02,02,01,happy,pair_0087_sad,-1,v_other_joint,v,"[18, 19, 20, 21, 22, 23]",-3.63923716545105,-3.514237403869629,-3.5147039890289307,-0.1249997615814209,-0.12453317642211914,-0.0004665851593017578
pair_0087_happy,pair_0087,22,02,02,01,happy,pair_0087_sad,-1,v_non_audio_joint,v,"[18, 19, 20, 21, 22, 23]",-3.63923716545105,-3.514237403869629,-3.5147039890289307,-0.1249997615814209,-0.12453317642211914,-0.0004665851593017578
pair_0087_happy,pair_0087,22,02,02,01,happy,pair_0087_sad,-1,v_decision_joint,v,"[18, 19, 20, 21, 22, 23]",-3.63923716545105,-3.514237403869629,-3.514805793762207,-0.1249997615814209,-0.12443137168884277,-0.000568389892578125
pair_0087_happy,pair_0087,22,02,02,01,happy,pair_0087_sad,-1,v_post_audio_marker_joint,v,"[18, 19, 20, 21, 22, 23]",-3.63923716545105,-3.514237403869629,-3.51413893699646,-0.1249997615814209,-0.12509822845458984,9.846687316894531e-05
pair_0087_happy,pair_0087,22,02,02,01,happy,pair_0087_sad,-1,v_all_joint,v,"[18, 19, 20, 21, 22, 23]",-3.63923716545105,-3.514237403869629,-3.2482199668884277,-0.1249997615814209,-0.39101719856262207,0.26601743698120117
pair_0087_sad,pair_0087,22,02,02,01,sad,pair_0087_happy,1,v_audio_joint,v,"[18, 19, 20, 21, 22, 23]",-3.512509346008301,-3.6104135513305664,-3.475006580352783,-0.09790420532226562,0.03750276565551758,-0.1354069709777832
pair_0087_sad,pair_0087,22,02,02,01,sad,pair_0087_happy,1,v_prompt_joint,v,"[18, 19, 20, 21, 22, 23]",-3.512509346008301,-3.6104135513305664,-3.6104135513305664,-0.09790420532226562,-0.09790420532226562,0.0
pair_0087_sad,pair_0087,22,02,02,01,sad,pair_0087_happy,1,v_other_joint,v,"[18, 19, 20, 21, 22, 23]",-3.512509346008301,-3.6104135513305664,-3.610386848449707,-0.09790420532226562,-0.09787750244140625,-2.6702880859375e-05
pair_0087_sad,pair_0087,22,02,02,01,sad,pair_0087_happy,1,v_non_audio_joint,v,"[18, 19, 20, 21, 22, 23]",-3.512509346008301,-3.6104135513305664,-3.610386848449707,-0.09790420532226562,-0.09787750244140625,-2.6702880859375e-05
pair_0087_sad,pair_0087,22,02,02,01,sad,pair_0087_happy,1,v_decision_joint,v,"[18, 19, 20, 21, 22, 23]",-3.512509346008301,-3.6104135513305664,-3.610288619995117,-0.09790420532226562,-0.0977792739868164,-0.00012493133544921875
pair_0087_sad,pair_0087,22,02,02,01,sad,pair_0087_happy,1,v_post_audio_marker_joint,v,"[18, 19, 20, 21, 22, 23]",-3.512509346008301,-3.6104135513305664,-3.6105074882507324,-0.09790420532226562,-0.09799814224243164,9.393692016601562e-05
pair_0087_sad,pair_0087,22,02,02,01,sad,pair_0087_happy,1,v_all_joint,v,"[18, 19, 20, 21, 22, 23]",-3.512509346008301,-3.6104135513305664,-3.4739439487457275,-0.09790420532226562,0.03856539726257324,-0.13646960258483887
pair_0088_happy,pair_0088,23,01,01,01,happy,pair_0088_sad,-1,v_audio_joint,v,"[18, 19, 20, 21, 22, 23]",-4.401366233825684,-4.624745845794678,-4.511665344238281,0.22337961196899414,0.11029911041259766,0.11308050155639648
pair_0088_happy,pair_0088,23,01,01,01,happy,pair_0088_sad,-1,v_prompt_joint,v,"[18, 19, 20, 21, 22, 23]",-4.401366233825684,-4.624745845794678,-4.624745845794678,0.22337961196899414,0.22337961196899414,-0.0
pair_0088_happy,pair_0088,23,01,01,01,happy,pair_0088_sad,-1,v_other_joint,v,"[18, 19, 20, 21, 22, 23]",-4.401366233825684,-4.624745845794678,-4.6294755935668945,0.22337961196899414,0.22810935974121094,-0.004729747772216797
pair_0088_happy,pair_0088,23,01,01,01,happy,pair_0088_sad,-1,v_non_audio_joint,v,"[18, 19, 20, 21, 22, 23]",-4.401366233825684,-4.624745845794678,-4.6294755935668945,0.22337961196899414,0.22810935974121094,-0.004729747772216797
pair_0088_happy,pair_0088,23,01,01,01,happy,pair_0088_sad,-1,v_decision_joint,v,"[18, 19, 20, 21, 22, 23]",-4.401366233825684,-4.624745845794678,-4.629451274871826,0.22337961196899414,0.22808504104614258,-0.0047054290771484375
pair_0088_happy,pair_0088,23,01,01,01,happy,pair_0088_sad,-1,v_post_audio_marker_joint,v,"[18, 19, 20, 21, 22, 23]",-4.401366233825684,-4.624745845794678,-4.624766826629639,0.22337961196899414,0.22340059280395508,-2.09808349609375e-05
pair_0088_happy,pair_0088,23,01,01,01,happy,pair_0088_sad,-1,v_all_joint,v,"[18, 19, 20, 21, 22, 23]",-4.401366233825684,-4.624745845794678,-4.505316257476807,0.22337961196899414,0.10395002365112305,0.1194295883178711
pair_0088_sad,pair_0088,23,01,01,01,sad,pair_0088_happy,1,v_audio_joint,v,"[18, 19, 20, 21, 22, 23]",-4.017239093780518,-3.822612762451172,-3.927316427230835,0.1946263313293457,0.08992266654968262,0.10470366477966309
pair_0088_sad,pair_0088,23,01,01,01,sad,pair_0088_happy,1,v_prompt_joint,v,"[18, 19, 20, 21, 22, 23]",-4.017239093780518,-3.822612762451172,-3.822612762451172,0.1946263313293457,0.1946263313293457,0.0
pair_0088_sad,pair_0088,23,01,01,01,sad,pair_0088_happy,1,v_other_joint,v,"[18, 19, 20, 21, 22, 23]",-4.017239093780518,-3.822612762451172,-3.819660186767578,0.1946263313293457,0.19757890701293945,-0.00295257568359375
pair_0088_sad,pair_0088,23,01,01,01,sad,pair_0088_happy,1,v_non_audio_joint,v,"[18, 19, 20, 21, 22, 23]",-4.017239093780518,-3.822612762451172,-3.819660186767578,0.1946263313293457,0.19757890701293945,-0.00295257568359375
pair_0088_sad,pair_0088,23,01,01,01,sad,pair_0088_happy,1,v_decision_joint,v,"[18, 19, 20, 21, 22, 23]",-4.017239093780518,-3.822612762451172,-3.819683074951172,0.1946263313293457,0.1975560188293457,-0.0029296875
pair_0088_sad,pair_0088,23,01,01,01,sad,pair_0088_happy,1,v_post_audio_marker_joint,v,"[18, 19, 20, 21, 22, 23]",-4.017239093780518,-3.822612762451172,-3.822584629058838,0.1946263313293457,0.1946544647216797,-2.8133392333984375e-05
pair_0088_sad,pair_0088,23,01,01,01,sad,pair_0088_happy,1,v_all_joint,v,"[18, 19, 20, 21, 22, 23]",-4.017239093780518,-3.822612762451172,-3.911994218826294,0.1946263313293457,0.10524487495422363,0.08938145637512207
pair_0089_happy,pair_0089,23,01,02,01,happy,pair_0089_sad,-1,v_audio_joint,v,"[18, 19, 20, 21, 22, 23]",-4.488677501678467,-4.563165187835693,-4.361118316650391,0.07448768615722656,-0.12755918502807617,0.20204687118530273
pair_0089_happy,pair_0089,23,01,02,01,happy,pair_0089_sad,-1,v_prompt_joint,v,"[18, 19, 20, 21, 22, 23]",-4.488677501678467,-4.563165187835693,-4.563165187835693,0.07448768615722656,0.07448768615722656,-0.0
pair_0089_happy,pair_0089,23,01,02,01,happy,pair_0089_sad,-1,v_other_joint,v,"[18, 19, 20, 21, 22, 23]",-4.488677501678467,-4.563165187835693,-4.564637184143066,0.07448768615722656,0.07595968246459961,-0.0014719963073730469
pair_0089_happy,pair_0089,23,01,02,01,happy,pair_0089_sad,-1,v_non_audio_joint,v,"[18, 19, 20, 21, 22, 23]",-4.488677501678467,-4.563165187835693,-4.564637184143066,0.07448768615722656,0.07595968246459961,-0.0014719963073730469
pair_0089_happy,pair_0089,23,01,02,01,happy,pair_0089_sad,-1,v_decision_joint,v,"[18, 19, 20, 21, 22, 23]",-4.488677501678467,-4.563165187835693,-4.564467430114746,0.07448768615722656,0.0757899284362793,-0.0013022422790527344
pair_0089_happy,pair_0089,23,01,02,01,happy,pair_0089_sad,-1,v_post_audio_marker_joint,v,"[18, 19, 20, 21, 22, 23]",-4.488677501678467,-4.563165187835693,-4.563329219818115,0.07448768615722656,0.07465171813964844,-0.000164031982421875
pair_0089_happy,pair_0089,23,01,02,01,happy,pair_0089_sad,-1,v_all_joint,v,"[18, 19, 20, 21, 22, 23]",-4.488677501678467,-4.563165187835693,-4.358713150024414,0.07448768615722656,-0.12996435165405273,0.2044520378112793
pair_0089_sad,pair_0089,23,01,02,01,sad,pair_0089_happy,1,v_audio_joint,v,"[18, 19, 20, 21, 22, 23]",-4.4080986976623535,-4.341941833496094,-4.328264236450195,0.06615686416625977,0.0798344612121582,-0.013677597045898438
pair_0089_sad,pair_0089,23,01,02,01,sad,pair_0089_happy,1,v_prompt_joint,v,"[18, 19, 20, 21, 22, 23]",-4.4080986976623535,-4.341941833496094,-4.341941833496094,0.06615686416625977,0.06615686416625977,0.0
pair_0089_sad,pair_0089,23,01,02,01,sad,pair_0089_happy,1,v_other_joint,v,"[18, 19, 20, 21, 22, 23]",-4.4080986976623535,-4.341941833496094,-4.340465545654297,0.06615686416625977,0.06763315200805664,-0.001476287841796875
pair_0089_sad,pair_0089,23,01,02,01,sad,pair_0089_happy,1,v_non_audio_joint,v,"[18, 19, 20, 21, 22, 23]",-4.4080986976623535,-4.341941833496094,-4.340465545654297,0.06615686416625977,0.06763315200805664,-0.001476287841796875
pair_0089_sad,pair_0089,23,01,02,01,sad,pair_0089_happy,1,v_decision_joint,v,"[18, 19, 20, 21, 22, 23]",-4.4080986976623535,-4.341941833496094,-4.3406219482421875,0.06615686416625977,0.06747674942016602,-0.00131988525390625
pair_0089_sad,pair_0089,23,01,02,01,sad,pair_0089_happy,1,v_post_audio_marker_joint,v,"[18, 19, 20, 21, 22, 23]",-4.4080986976623535,-4.341941833496094,-4.341788291931152,0.06615686416625977,0.06631040573120117,-0.00015354156494140625
pair_0089_sad,pair_0089,23,01,02,01,sad,pair_0089_happy,1,v_all_joint,v,"[18, 19, 20, 21, 22, 23]",-4.4080986976623535,-4.341941833496094,-4.302145957946777,0.06615686416625977,0.10595273971557617,-0.039795875549316406
pair_0090_happy,pair_0090,23,02,01,01,happy,pair_0090_sad,-1,v_audio_joint,v,"[18, 19, 20, 21, 22, 23]",-3.967418670654297,-3.891331195831299,-3.6876509189605713,-0.07608747482299805,-0.2797677516937256,0.20368027687072754
pair_0090_happy,pair_0090,23,02,01,01,happy,pair_0090_sad,-1,v_prompt_joint,v,"[18, 19, 20, 21, 22, 23]",-3.967418670654297,-3.891331195831299,-3.891331195831299,-0.07608747482299805,-0.07608747482299805,-0.0
pair_0090_happy,pair_0090,23,02,01,01,happy,pair_0090_sad,-1,v_other_joint,v,"[18, 19, 20, 21, 22, 23]",-3.967418670654297,-3.891331195831299,-3.897219657897949,-0.07608747482299805,-0.07019901275634766,-0.005888462066650391
pair_0090_happy,pair_0090,23,02,01,01,happy,pair_0090_sad,-1,v_non_audio_joint,v,"[18, 19, 20, 21, 22, 23]",-3.967418670654297,-3.891331195831299,-3.897219657897949,-0.07608747482299805,-0.07019901275634766,-0.005888462066650391
pair_0090_happy,pair_0090,23,02,01,01,happy,pair_0090_sad,-1,v_decision_joint,v,"[18, 19, 20, 21, 22, 23]",-3.967418670654297,-3.891331195831299,-3.8971238136291504,-0.07608747482299805,-0.07029485702514648,-0.0057926177978515625
pair_0090_happy,pair_0090,23,02,01,01,happy,pair_0090_sad,-1,v_post_audio_marker_joint,v,"[18, 19, 20, 21, 22, 23]",-3.967418670654297,-3.891331195831299,-3.89142107963562,-0.07608747482299805,-0.07599759101867676,-8.988380432128906e-05
pair_0090_happy,pair_0090,23,02,01,01,happy,pair_0090_sad,-1,v_all_joint,v,"[18, 19, 20, 21, 22, 23]",-3.967418670654297,-3.891331195831299,-3.7201318740844727,-0.07608747482299805,-0.24728679656982422,0.17119932174682617
pair_0090_sad,pair_0090,23,02,01,01,sad,pair_0090_happy,1,v_audio_joint,v,"[18, 19, 20, 21, 22, 23]",-3.457728862762451,-3.4706244468688965,-3.456711769104004,-0.012895584106445312,0.0010170936584472656,-0.013912677764892578
pair_0090_sad,pair_0090,23,02,01,01,sad,pair_0090_happy,1,v_prompt_joint,v,"[18, 19, 20, 21, 22, 23]",-3.457728862762451,-3.4706244468688965,-3.4706244468688965,-0.012895584106445312,-0.012895584106445312,0.0
pair_0090_sad,pair_0090,23,02,01,01,sad,pair_0090_happy,1,v_other_joint,v,"[18, 19, 20, 21, 22, 23]",-3.457728862762451,-3.4706244468688965,-3.465820789337158,-0.012895584106445312,-0.008091926574707031,-0.004803657531738281
pair_0090_sad,pair_0090,23,02,01,01,sad,pair_0090_happy,1,v_non_audio_joint,v,"[18, 19, 20, 21, 22, 23]",-3.457728862762451,-3.4706244468688965,-3.465820789337158,-0.012895584106445312,-0.008091926574707031,-0.004803657531738281
pair_0090_sad,pair_0090,23,02,01,01,sad,pair_0090_happy,1,v_decision_joint,v,"[18, 19, 20, 21, 22, 23]",-3.457728862762451,-3.4706244468688965,-3.465923309326172,-0.012895584106445312,-0.008194446563720703,-0.004701137542724609
pair_0090_sad,pair_0090,23,02,01,01,sad,pair_0090_happy,1,v_post_audio_marker_joint,v,"[18, 19, 20, 21, 22, 23]",-3.457728862762451,-3.4706244468688965,-3.4705238342285156,-0.012895584106445312,-0.012794971466064453,-0.00010061264038085938
pair_0090_sad,pair_0090,23,02,01,01,sad,pair_0090_happy,1,v_all_joint,v,"[18, 19, 20, 21, 22, 23]",-3.457728862762451,-3.4706244468688965,-3.426119327545166,-0.012895584106445312,0.031609535217285156,-0.04450511932373047
pair_0091_happy,pair_0091,23,02,02,01,happy,pair_0091_sad,-1,v_audio_joint,v,"[18, 19, 20, 21, 22, 23]",-3.599268674850464,-3.772993564605713,-3.600106716156006,0.17372488975524902,0.0008380413055419922,0.17288684844970703
pair_0091_happy,pair_0091,23,02,02,01,happy,pair_0091_sad,-1,v_prompt_joint,v,"[18, 19, 20, 21, 22, 23]",-3.599268674850464,-3.772993564605713,-3.772993564605713,0.17372488975524902,0.17372488975524902,-0.0
pair_0091_happy,pair_0091,23,02,02,01,happy,pair_0091_sad,-1,v_other_joint,v,"[18, 19, 20, 21, 22, 23]",-3.599268674850464,-3.772993564605713,-3.771151542663574,0.17372488975524902,0.17188286781311035,0.0018420219421386719
pair_0091_happy,pair_0091,23,02,02,01,happy,pair_0091_sad,-1,v_non_audio_joint,v,"[18, 19, 20, 21, 22, 23]",-3.599268674850464,-3.772993564605713,-3.771151542663574,0.17372488975524902,0.17188286781311035,0.0018420219421386719
pair_0091_happy,pair_0091,23,02,02,01,happy,pair_0091_sad,-1,v_decision_joint,v,"[18, 19, 20, 21, 22, 23]",-3.599268674850464,-3.772993564605713,-3.77083420753479,0.17372488975524902,0.17156553268432617,0.0021593570709228516
pair_0091_happy,pair_0091,23,02,02,01,happy,pair_0091_sad,-1,v_post_audio_marker_joint,v,"[18, 19, 20, 21, 22, 23]",-3.599268674850464,-3.772993564605713,-3.773317813873291,0.17372488975524902,0.17404913902282715,-0.000324249267578125
pair_0091_happy,pair_0091,23,02,02,01,happy,pair_0091_sad,-1,v_all_joint,v,"[18, 19, 20, 21, 22, 23]",-3.599268674850464,-3.772993564605713,-3.6254284381866455,0.17372488975524902,0.02615976333618164,0.14756512641906738
pair_0091_sad,pair_0091,23,02,02,01,sad,pair_0091_happy,1,v_audio_joint,v,"[18, 19, 20, 21, 22, 23]",-3.179276704788208,-2.9972052574157715,-3.099925994873047,0.18207144737243652,0.07935070991516113,0.10272073745727539
pair_0091_sad,pair_0091,23,02,02,01,sad,pair_0091_happy,1,v_prompt_joint,v,"[18, 19, 20, 21, 22, 23]",-3.179276704788208,-2.9972052574157715,-2.9972052574157715,0.18207144737243652,0.18207144737243652,0.0
pair_0091_sad,pair_0091,23,02,02,01,sad,pair_0091_happy,1,v_other_joint,v,"[18, 19, 20, 21, 22, 23]",-3.179276704788208,-2.9972052574157715,-2.9962072372436523,0.18207144737243652,0.18306946754455566,-0.0009980201721191406
pair_0091_sad,pair_0091,23,02,02,01,sad,pair_0091_happy,1,v_non_audio_joint,v,"[18, 19, 20, 21, 22, 23]",-3.179276704788208,-2.9972052574157715,-2.9962072372436523,0.18207144737243652,0.18306946754455566,-0.0009980201721191406
pair_0091_sad,pair_0091,23,02,02,01,sad,pair_0091_happy,1,v_decision_joint,v,"[18, 19, 20, 21, 22, 23]",-3.179276704788208,-2.9972052574157715,-2.9965262413024902,0.18207144737243652,0.18275046348571777,-0.00067901611328125
pair_0091_sad,pair_0091,23,02,02,01,sad,pair_0091_happy,1,v_post_audio_marker_joint,v,"[18, 19, 20, 21, 22, 23]",-3.179276704788208,-2.9972052574157715,-2.9968836307525635,0.18207144737243652,0.18239307403564453,-0.0003216266632080078
pair_0091_sad,pair_0091,23,02,02,01,sad,pair_0091_happy,1,v_all_joint,v,"[18, 19, 20, 21, 22, 23]",-3.179276704788208,-2.9972052574157715,-3.0653560161590576,0.18207144737243652,0.11392068862915039,0.06815075874328613
pair_0092_happy,pair_0092,24,01,01,01,happy,pair_0092_sad,-1,v_audio_joint,v,"[18, 19, 20, 21, 22, 23]",-4.097404479980469,-4.409200191497803,-4.234262943267822,0.311795711517334,0.13685846328735352,0.17493724822998047
pair_0092_happy,pair_0092,24,01,01,01,happy,pair_0092_sad,-1,v_prompt_joint,v,"[18, 19, 20, 21, 22, 23]",-4.097404479980469,-4.409200191497803,-4.409200191497803,0.311795711517334,0.311795711517334,-0.0
pair_0092_happy,pair_0092,24,01,01,01,happy,pair_0092_sad,-1,v_other_joint,v,"[18, 19, 20, 21, 22, 23]",-4.097404479980469,-4.409200191497803,-4.408926963806152,0.311795711517334,0.3115224838256836,0.0002732276916503906
pair_0092_happy,pair_0092,24,01,01,01,happy,pair_0092_sad,-1,v_non_audio_joint,v,"[18, 19, 20, 21, 22, 23]",-4.097404479980469,-4.409200191497803,-4.408926963806152,0.311795711517334,0.3115224838256836,0.0002732276916503906
pair_0092_happy,pair_0092,24,01,01,01,happy,pair_0092_sad,-1,v_decision_joint,v,"[18, 19, 20, 21, 22, 23]",-4.097404479980469,-4.409200191497803,-4.409019947052002,0.311795711517334,0.3116154670715332,0.00018024444580078125
pair_0092_happy,pair_0092,24,01,01,01,happy,pair_0092_sad,-1,v_post_audio_marker_joint,v,"[18, 19, 20, 21, 22, 23]",-4.097404479980469,-4.409200191497803,-4.409108638763428,0.311795711517334,0.311704158782959,9.1552734375e-05
pair_0092_happy,pair_0092,24,01,01,01,happy,pair_0092_sad,-1,v_all_joint,v,"[18, 19, 20, 21, 22, 23]",-4.097404479980469,-4.409200191497803,-4.2198166847229,0.311795711517334,0.12241220474243164,0.18938350677490234
pair_0092_sad,pair_0092,24,01,01,01,sad,pair_0092_happy,1,v_audio_joint,v,"[18, 19, 20, 21, 22, 23]",-4.705519676208496,-4.402122974395752,-4.680283546447754,0.30339670181274414,0.025236129760742188,0.27816057205200195
pair_0092_sad,pair_0092,24,01,01,01,sad,pair_0092_happy,1,v_prompt_joint,v,"[18, 19, 20, 21, 22, 23]",-4.705519676208496,-4.402122974395752,-4.402122974395752,0.30339670181274414,0.30339670181274414,0.0
pair_0092_sad,pair_0092,24,01,01,01,sad,pair_0092_happy,1,v_other_joint,v,"[18, 19, 20, 21, 22, 23]",-4.705519676208496,-4.402122974395752,-4.4025421142578125,0.30339670181274414,0.3029775619506836,0.0004191398620605469
pair_0092_sad,pair_0092,24,01,01,01,sad,pair_0092_happy,1,v_non_audio_joint,v,"[18, 19, 20, 21, 22, 23]",-4.705519676208496,-4.402122974395752,-4.4025421142578125,0.30339670181274414,0.3029775619506836,0.0004191398620605469
pair_0092_sad,pair_0092,24,01,01,01,sad,pair_0092_happy,1,v_decision_joint,v,"[18, 19, 20, 21, 22, 23]",-4.705519676208496,-4.402122974395752,-4.402437686920166,0.30339670181274414,0.3030819892883301,0.0003147125244140625
pair_0092_sad,pair_0092,24,01,01,01,sad,pair_0092_happy,1,v_post_audio_marker_joint,v,"[18, 19, 20, 21, 22, 23]",-4.705519676208496,-4.402122974395752,-4.402224540710449,0.30339670181274414,0.3032951354980469,0.00010156631469726562
pair_0092_sad,pair_0092,24,01,01,01,sad,pair_0092_happy,1,v_all_joint,v,"[18, 19, 20, 21, 22, 23]",-4.705519676208496,-4.402122974395752,-4.673161029815674,0.30339670181274414,0.032358646392822266,0.2710380554199219
pair_0093_happy,pair_0093,24,01,02,01,happy,pair_0093_sad,-1,v_audio_joint,v,"[18, 19, 20, 21, 22, 23]",-4.184145927429199,-4.463172912597656,-4.302147388458252,0.27902698516845703,0.11800146102905273,0.1610255241394043
pair_0093_happy,pair_0093,24,01,02,01,happy,pair_0093_sad,-1,v_prompt_joint,v,"[18, 19, 20, 21, 22, 23]",-4.184145927429199,-4.463172912597656,-4.463172912597656,0.27902698516845703,0.27902698516845703,-0.0
pair_0093_happy,pair_0093,24,01,02,01,happy,pair_0093_sad,-1,v_other_joint,v,"[18, 19, 20, 21, 22, 23]",-4.184145927429199,-4.463172912597656,-4.465311527252197,0.27902698516845703,0.28116559982299805,-0.0021386146545410156
pair_0093_happy,pair_0093,24,01,02,01,happy,pair_0093_sad,-1,v_non_audio_joint,v,"[18, 19, 20, 21, 22, 23]",-4.184145927429199,-4.463172912597656,-4.465311527252197,0.27902698516845703,0.28116559982299805,-0.0021386146545410156
pair_0093_happy,pair_0093,24,01,02,01,happy,pair_0093_sad,-1,v_decision_joint,v,"[18, 19, 20, 21, 22, 23]",-4.184145927429199,-4.463172912597656,-4.465142250061035,0.27902698516845703,0.28099632263183594,-0.0019693374633789062
pair_0093_happy,pair_0093,24,01,02,01,happy,pair_0093_sad,-1,v_post_audio_marker_joint,v,"[18, 19, 20, 21, 22, 23]",-4.184145927429199,-4.463172912597656,-4.463336944580078,0.27902698516845703,0.2791910171508789,-0.000164031982421875
pair_0093_happy,pair_0093,24,01,02,01,happy,pair_0093_sad,-1,v_all_joint,v,"[18, 19, 20, 21, 22, 23]",-4.184145927429199,-4.463172912597656,-4.3067755699157715,0.27902698516845703,0.12262964248657227,0.15639734268188477
pair_0093_sad,pair_0093,24,01,02,01,sad,pair_0093_happy,1,v_audio_joint,v,"[18, 19, 20, 21, 22, 23]",-4.5940375328063965,-4.3245930671691895,-4.582623481750488,0.26944446563720703,0.011414051055908203,0.25803041458129883
pair_0093_sad,pair_0093,24,01,02,01,sad,pair_0093_happy,1,v_prompt_joint,v,"[18, 19, 20, 21, 22, 23]",-4.5940375328063965,-4.3245930671691895,-4.3245930671691895,0.26944446563720703,0.26944446563720703,0.0
pair_0093_sad,pair_0093,24,01,02,01,sad,pair_0093_happy,1,v_other_joint,v,"[18, 19, 20, 21, 22, 23]",-4.5940375328063965,-4.3245930671691895,-4.321310997009277,0.26944446563720703,0.27272653579711914,-0.0032820701599121094
pair_0093_sad,pair_0093,24,01,02,01,sad,pair_0093_happy,1,v_non_audio_joint,v,"[18, 19, 20, 21, 22, 23]",-4.5940375328063965,-4.3245930671691895,-4.321310997009277,0.26944446563720703,0.27272653579711914,-0.0032820701599121094
pair_0093_sad,pair_0093,24,01,02,01,sad,pair_0093_happy,1,v_decision_joint,v,"[18, 19, 20, 21, 22, 23]",-4.5940375328063965,-4.3245930671691895,-4.3214802742004395,0.26944446563720703,0.27255725860595703,-0.00311279296875
pair_0093_sad,pair_0093,24,01,02,01,sad,pair_0093_happy,1,v_post_audio_marker_joint,v,"[18, 19, 20, 21, 22, 23]",-4.5940375328063965,-4.3245930671691895,-4.324427127838135,0.26944446563720703,0.2696104049682617,-0.0001659393310546875
pair_0093_sad,pair_0093,24,01,02,01,sad,pair_0093_happy,1,v_all_joint,v,"[18, 19, 20, 21, 22, 23]",-4.5940375328063965,-4.3245930671691895,-4.580174922943115,0.26944446563720703,0.01386260986328125,0.2555818557739258
pair_0094_happy,pair_0094,24,02,01,01,happy,pair_0094_sad,-1,v_audio_joint,v,"[18, 19, 20, 21, 22, 23]",-3.719454050064087,-3.8926382064819336,-3.578867197036743,0.17318415641784668,-0.14058685302734375,0.31377100944519043
pair_0094_happy,pair_0094,24,02,01,01,happy,pair_0094_sad,-1,v_prompt_joint,v,"[18, 19, 20, 21, 22, 23]",-3.719454050064087,-3.8926382064819336,-3.8926382064819336,0.17318415641784668,0.17318415641784668,-0.0
pair_0094_happy,pair_0094,24,02,01,01,happy,pair_0094_sad,-1,v_other_joint,v,"[18, 19, 20, 21, 22, 23]",-3.719454050064087,-3.8926382064819336,-3.890068292617798,0.17318415641784668,0.17061424255371094,0.002569913864135742
pair_0094_happy,pair_0094,24,02,01,01,happy,pair_0094_sad,-1,v_non_audio_joint,v,"[18, 19, 20, 21, 22, 23]",-3.719454050064087,-3.8926382064819336,-3.890068292617798,0.17318415641784668,0.17061424255371094,0.002569913864135742
pair_0094_happy,pair_0094,24,02,01,01,happy,pair_0094_sad,-1,v_decision_joint,v,"[18, 19, 20, 21, 22, 23]",-3.719454050064087,-3.8926382064819336,-3.8903188705444336,0.17318415641784668,0.17086482048034668,0.0023193359375
pair_0094_happy,pair_0094,24,02,01,01,happy,pair_0094_sad,-1,v_post_audio_marker_joint,v,"[18, 19, 20, 21, 22, 23]",-3.719454050064087,-3.8926382064819336,-3.89239501953125,0.17318415641784668,0.17294096946716309,0.00024318695068359375
pair_0094_happy,pair_0094,24,02,01,01,happy,pair_0094_sad,-1,v_all_joint,v,"[18, 19, 20, 21, 22, 23]",-3.719454050064087,-3.8926382064819336,-3.5730550289154053,0.17318415641784668,-0.14639902114868164,0.3195831775665283
pair_0094_sad,pair_0094,24,02,01,01,sad,pair_0094_happy,1,v_audio_joint,v,"[18, 19, 20, 21, 22, 23]",-3.6296300888061523,-3.4297218322753906,-2.9177799224853516,0.19990825653076172,0.7118501663208008,-0.5119419097900391
pair_0094_sad,pair_0094,24,02,01,01,sad,pair_0094_happy,1,v_prompt_joint,v,"[18, 19, 20, 21, 22, 23]",-3.6296300888061523,-3.4297218322753906,-3.4297218322753906,0.19990825653076172,0.19990825653076172,0.0
pair_0094_sad,pair_0094,24,02,01,01,sad,pair_0094_happy,1,v_other_joint,v,"[18, 19, 20, 21, 22, 23]",-3.6296300888061523,-3.4297218322753906,-3.4338011741638184,0.19990825653076172,0.19582891464233398,0.004079341888427734
pair_0094_sad,pair_0094,24,02,01,01,sad,pair_0094_happy,1,v_non_audio_joint,v,"[18, 19, 20, 21, 22, 23]",-3.6296300888061523,-3.4297218322753906,-3.4338011741638184,0.19990825653076172,0.19582891464233398,0.004079341888427734
pair_0094_sad,pair_0094,24,02,01,01,sad,pair_0094_happy,1,v_decision_joint,v,"[18, 19, 20, 21, 22, 23]",-3.6296300888061523,-3.4297218322753906,-3.4335484504699707,0.19990825653076172,0.19608163833618164,0.003826618194580078
pair_0094_sad,pair_0094,24,02,01,01,sad,pair_0094_happy,1,v_post_audio_marker_joint,v,"[18, 19, 20, 21, 22, 23]",-3.6296300888061523,-3.4297218322753906,-3.4299705028533936,0.19990825653076172,0.1996595859527588,0.0002486705780029297
pair_0094_sad,pair_0094,24,02,01,01,sad,pair_0094_happy,1,v_all_joint,v,"[18, 19, 20, 21, 22, 23]",-3.6296300888061523,-3.4297218322753906,-2.940603256225586,0.19990825653076172,0.6890268325805664,-0.4891185760498047
pair_0095_happy,pair_0095,24,02,02,01,happy,pair_0095_sad,-1,v_audio_joint,v,"[18, 19, 20, 21, 22, 23]",-3.743422269821167,-3.665682792663574,-3.3328890800476074,-0.07773947715759277,-0.41053318977355957,0.3327937126159668
pair_0095_happy,pair_0095,24,02,02,01,happy,pair_0095_sad,-1,v_prompt_joint,v,"[18, 19, 20, 21, 22, 23]",-3.743422269821167,-3.665682792663574,-3.665682792663574,-0.07773947715759277,-0.07773947715759277,-0.0
pair_0095_happy,pair_0095,24,02,02,01,happy,pair_0095_sad,-1,v_other_joint,v,"[18, 19, 20, 21, 22, 23]",-3.743422269821167,-3.665682792663574,-3.6705658435821533,-0.07773947715759277,-0.07285642623901367,-0.0048830509185791016
pair_0095_happy,pair_0095,24,02,02,01,happy,pair_0095_sad,-1,v_non_audio_joint,v,"[18, 19, 20, 21, 22, 23]",-3.743422269821167,-3.665682792663574,-3.6705658435821533,-0.07773947715759277,-0.07285642623901367,-0.0048830509185791016
pair_0095_happy,pair_0095,24,02,02,01,happy,pair_0095_sad,-1,v_decision_joint,v,"[18, 19, 20, 21, 22, 23]",-3.743422269821167,-3.665682792663574,-3.670536994934082,-0.07773947715759277,-0.07288527488708496,-0.0048542022705078125
pair_0095_happy,pair_0095,24,02,02,01,happy,pair_0095_sad,-1,v_post_audio_marker_joint,v,"[18, 19, 20, 21, 22, 23]",-3.743422269821167,-3.665682792663574,-3.6657094955444336,-0.07773947715759277,-0.0777127742767334,-2.6702880859375e-05
pair_0095_happy,pair_0095,24,02,02,01,happy,pair_0095_sad,-1,v_all_joint,v,"[18, 19, 20, 21, 22, 23]",-3.743422269821167,-3.665682792663574,-3.356658697128296,-0.07773947715759277,-0.3867635726928711,0.3090240955352783
pair_0095_sad,pair_0095,24,02,02,01,sad,pair_0095_happy,1,v_audio_joint,v,"[18, 19, 20, 21, 22, 23]",-3.626431703567505,-3.7099478244781494,-3.4017577171325684,-0.08351612091064453,0.22467398643493652,-0.30819010734558105
pair_0095_sad,pair_0095,24,02,02,01,sad,pair_0095_happy,1,v_prompt_joint,v,"[18, 19, 20, 21, 22, 23]",-3.626431703567505,-3.7099478244781494,-3.7099478244781494,-0.08351612091064453,-0.08351612091064453,0.0
pair_0095_sad,pair_0095,24,02,02,01,sad,pair_0095_happy,1,v_other_joint,v,"[18, 19, 20, 21, 22, 23]",-3.626431703567505,-3.7099478244781494,-3.7056005001068115,-0.08351612091064453,-0.07916879653930664,-0.004347324371337891
pair_0095_sad,pair_0095,24,02,02,01,sad,pair_0095_happy,1,v_non_audio_joint,v,"[18, 19, 20, 21, 22, 23]",-3.626431703567505,-3.7099478244781494,-3.7056005001068115,-0.08351612091064453,-0.07916879653930664,-0.004347324371337891
pair_0095_sad,pair_0095,24,02,02,01,sad,pair_0095_happy,1,v_decision_joint,v,"[18, 19, 20, 21, 22, 23]",-3.626431703567505,-3.7099478244781494,-3.7056241035461426,-0.08351612091064453,-0.0791923999786377,-0.004323720932006836
pair_0095_sad,pair_0095,24,02,02,01,sad,pair_0095_happy,1,v_post_audio_marker_joint,v,"[18, 19, 20, 21, 22, 23]",-3.626431703567505,-3.7099478244781494,-3.709921360015869,-0.08351612091064453,-0.08348965644836426,-2.6464462280273438e-05
pair_0095_sad,pair_0095,24,02,02,01,sad,pair_0095_happy,1,v_all_joint,v,"[18, 19, 20, 21, 22, 23]",-3.626431703567505,-3.7099478244781494,-3.3954567909240723,-0.08351612091064453,0.23097491264343262,-0.31449103355407715
