regime,fold,subset,sample_id
speaker,actor_01_statement_None,train,pair_0004_happy
speaker,actor_01_statement_None,train,pair_0004_sad
speaker,actor_01_statement_None,train,pair_0005_happy
speaker,actor_01_statement_None,train,pair_0005_sad
speaker,actor_01_statement_None,train,pair_0006_happy
speaker,actor_01_statement_None,train,pair_0006_sad
speaker,actor_01_statement_None,train,pair_0007_happy
speaker,actor_01_statement_None,train,pair_0007_sad
speaker,actor_01_statement_None,train,pair_0008_happy
speaker,actor_01_statement_None,train,pair_0008_sad
speaker,actor_01_statement_None,train,pair_0009_happy
speaker,actor_01_statement_None,train,pair_0009_sad
speaker,actor_01_statement_None,train,pair_0010_happy
speaker,actor_01_statement_None,train,pair_0010_sad
speaker,actor_01_statement_None,train,pair_0011_happy
speaker,actor_01_statement_None,train,pair_0011_sad
speaker,actor_01_statement_None,train,pair_0012_happy
speaker,actor_01_statement_None,train,pair_0012_sad
speaker,actor_01_statement_None,train,pair_0013_happy
speaker,actor_01_statement_None,train,pair_0013_sad
speaker,actor_01_statement_None,train,pair_0014_happy
speaker,actor_01_statement_None,train,pair_0014_sad
speaker,actor_01_statement_None,train,pair_0015_happy
speaker,actor_01_statement_None,train,pair_0015_sad
speaker,actor_01_statement_None,train,pair_0016_happy
speaker,actor_01_statement_None,train,pair_0016_sad
speaker,actor_01_statement_None,train,pair_0017_happy
speaker,actor_01_statement_None,train,pair_0017_sad
speaker,actor_01_statement_None,train,pair_0018_happy
speaker,actor_01_statement_None,train,pair_0018_sad
speaker,actor_01_statement_None,train,pair_0019_happy
speaker,actor_01_statement_None,train,pair_0019_sad
speaker,actor_01_statement_None,train,pair_0020_happy
speaker,actor_01_statement_None,train,pair_0020_sad
speaker,actor_01_statement_None,train,pair_0021_happy
speaker,actor_01_statement_None,train,pair_0021_sad
speaker,actor_01_statement_None,train,pair_0022_happy
speaker,actor_01_statement_None,train,pair_0022_sad
speaker,actor_01_statement_None,train,pair_0023_happy
speaker,actor_01_statement_None,train,pair_0023_sad
speaker,actor_01_statement_None,train,pair_0024_happy
speaker,actor_01_statement_None,train,pair_0024_sad
speaker,actor_01_statement_None,train,pair_0025_happy
speaker,actor_01_statement_None,train,pair_0025_sad
speaker,actor_01_statement_None,train,pair_0026_happy
speaker,actor_01_statement_None,train,pair_0026_sad
speaker,actor_01_statement_None,train,pair_0027_happy
speaker,actor_01_statement_None,train,pair_0027_sad
speaker,actor_01_statement_None,train,pair_0028_happy
speaker,actor_01_statement_None,train,pair_0028_sad
speaker,actor_01_statement_None,train,pair_0029_happy
speaker,actor_01_statement_None,train,pair_0029_sad
speaker,actor_01_statement_None,train,pair_0030_happy
speaker,actor_01_statement_None,train,pair_0030_sad
speaker,actor_01_statement_None,train,pair_0031_happy
speaker,actor_01_statement_None,train,pair_0031_sad
speaker,actor_01_statement_None,train,pair_0032_happy
speaker,actor_01_statement_None,train,pair_0032_sad
speaker,actor_01_statement_None,train,pair_0033_happy
speaker,actor_01_statement_None,train,pair_0033_sad
speaker,actor_01_statement_None,train,pair_0034_happy
speaker,actor_01_statement_None,train,pair_0034_sad
speaker,actor_01_statement_None,train,pair_0035_happy
speaker,actor_01_statement_None,train,pair_0035_sad
speaker,actor_01_statement_None,train,pair_0036_happy
speaker,actor_01_statement_None,train,pair_0036_sad
speaker,actor_01_statement_None,train,pair_0037_happy
speaker,actor_01_statement_None,train,pair_0037_sad
speaker,actor_01_statement_None,train,pair_0038_happy
speaker,actor_01_statement_None,train,pair_0038_sad
speaker,actor_01_statement_None,train,pair_0039_happy
speaker,actor_01_statement_None,train,pair_0039_sad
speaker,actor_01_statement_None,train,pair_0040_happy
speaker,actor_01_statement_None,train,pair_0040_sad
speaker,actor_01_statement_None,train,pair_0041_happy
speaker,actor_01_statement_None,train,pair_0041_sad
speaker,actor_01_statement_None,train,pair_0042_happy
speaker,actor_01_statement_None,train,pair_0042_sad
speaker,actor_01_statement_None,train,pair_0043_happy
speaker,actor_01_statement_None,train,pair_0043_sad
speaker,actor_01_statement_None,train,pair_0044_happy
speaker,actor_01_statement_None,train,pair_0044_sad
speaker,actor_01_statement_None,train,pair_0045_happy
speaker,actor_01_statement_None,train,pair_0045_sad
speaker,actor_01_statement_None,train,pair_0046_happy
speaker,actor_01_statement_None,train,pair_0046_sad
speaker,actor_01_statement_None,train,pair_0047_happy
speaker,actor_01_statement_None,train,pair_0047_sad
speaker,actor_01_statement_None,train,pair_0048_happy
speaker,actor_01_statement_None,train,pair_0048_sad
speaker,actor_01_statement_None,train,pair_0049_happy
speaker,actor_01_statement_None,train,pair_0049_sad
speaker,actor_01_statement_None,train,pair_0050_happy
speaker,actor_01_statement_None,train,pair_0050_sad
speaker,actor_01_statement_None,train,pair_0051_happy
speaker,actor_01_statement_None,train,pair_0051_sad
speaker,actor_01_statement_None,train,pair_0052_happy
speaker,actor_01_statement_None,train,pair_0052_sad
speaker,actor_01_statement_None,train,pair_0053_happy
speaker,actor_01_statement_None,train,pair_0053_sad
speaker,actor_01_statement_None,train,pair_0054_happy
speaker,actor_01_statement_None,train,pair_0054_sad
speaker,actor_01_statement_None,train,pair_0055_happy
speaker,actor_01_statement_None,train,pair_0055_sad
speaker,actor_01_statement_None,train,pair_0056_happy
speaker,actor_01_statement_None,train,pair_0056_sad
speaker,actor_01_statement_None,train,pair_0057_happy
speaker,actor_01_statement_None,train,pair_0057_sad
speaker,actor_01_statement_None,train,pair_0058_happy
speaker,actor_01_statement_None,train,pair_0058_sad
speaker,actor_01_statement_None,train,pair_0059_happy
speaker,actor_01_statement_None,train,pair_0059_sad
speaker,actor_01_statement_None,train,pair_0060_happy
speaker,actor_01_statement_None,train,pair_0060_sad
speaker,actor_01_statement_None,train,pair_0061_happy
speaker,actor_01_statement_None,train,pair_0061_sad
speaker,actor_01_statement_None,train,pair_0062_happy
speaker,actor_01_statement_None,train,pair_0062_sad
speaker,actor_01_statement_None,train,pair_0063_happy
speaker,actor_01_statement_None,train,pair_0063_sad
speaker,actor_01_statement_None,train,pair_0064_happy
speaker,actor_01_statement_None,train,pair_0064_sad
speaker,actor_01_statement_None,train,pair_0065_happy
speaker,actor_01_statement_None,train,pair_0065_sad
speaker,actor_01_statement_None,train,pair_0066_happy
speaker,actor_01_statement_None,train,pair_0066_sad
speaker,actor_01_statement_None,train,pair_0067_happy
speaker,actor_01_statement_None,train,pair_0067_sad
speaker,actor_01_statement_None,train,pair_0068_happy
speaker,actor_01_statement_None,train,pair_0068_sad
speaker,actor_01_statement_None,train,pair_0069_happy
speaker,actor_01_statement_None,train,pair_0069_sad
speaker,actor_01_statement_None,train,pair_0070_happy
speaker,actor_01_statement_None,train,pair_0070_sad
speaker,actor_01_statement_None,train,pair_0071_happy
speaker,actor_01_statement_None,train,pair_0071_sad
speaker,actor_01_statement_None,train,pair_0072_happy
speaker,actor_01_statement_None,train,pair_0072_sad
speaker,actor_01_statement_None,train,pair_0073_happy
speaker,actor_01_statement_None,train,pair_0073_sad
speaker,actor_01_statement_None,train,pair_0074_happy
speaker,actor_01_statement_None,train,pair_0074_sad
speaker,actor_01_statement_None,train,pair_0075_happy
speaker,actor_01_statement_None,train,pair_0075_sad
speaker,actor_01_statement_None,train,pair_0076_happy
speaker,actor_01_statement_None,train,pair_0076_sad
speaker,actor_01_statement_None,train,pair_0077_happy
speaker,actor_01_statement_None,train,pair_0077_sad
speaker,actor_01_statement_None,train,pair_0078_happy
speaker,actor_01_statement_None,train,pair_0078_sad
speaker,actor_01_statement_None,train,pair_0079_happy
speaker,actor_01_statement_None,train,pair_0079_sad
speaker,actor_01_statement_None,train,pair_0080_happy
speaker,actor_01_statement_None,train,pair_0080_sad
speaker,actor_01_statement_None,train,pair_0081_happy
speaker,actor_01_statement_None,train,pair_0081_sad
speaker,actor_01_statement_None,train,pair_0082_happy
speaker,actor_01_statement_None,train,pair_0082_sad
speaker,actor_01_statement_None,train,pair_0083_happy
speaker,actor_01_statement_None,train,pair_0083_sad
speaker,actor_01_statement_None,train,pair_0084_happy
speaker,actor_01_statement_None,train,pair_0084_sad
speaker,actor_01_statement_None,train,pair_0085_happy
speaker,actor_01_statement_None,train,pair_0085_sad
speaker,actor_01_statement_None,train,pair_0086_happy
speaker,actor_01_statement_None,train,pair_0086_sad
speaker,actor_01_statement_None,train,pair_0087_happy
speaker,actor_01_statement_None,train,pair_0087_sad
speaker,actor_01_statement_None,train,pair_0088_happy
speaker,actor_01_statement_None,train,pair_0088_sad
speaker,actor_01_statement_None,train,pair_0089_happy
speaker,actor_01_statement_None,train,pair_0089_sad
speaker,actor_01_statement_None,train,pair_0090_happy
speaker,actor_01_statement_None,train,pair_0090_sad
speaker,actor_01_statement_None,train,pair_0091_happy
speaker,actor_01_statement_None,train,pair_0091_sad
speaker,actor_01_statement_None,train,pair_0092_happy
speaker,actor_01_statement_None,train,pair_0092_sad
speaker,actor_01_statement_None,train,pair_0093_happy
speaker,actor_01_statement_None,train,pair_0093_sad
speaker,actor_01_statement_None,train,pair_0094_happy
speaker,actor_01_statement_None,train,pair_0094_sad
speaker,actor_01_statement_None,train,pair_0095_happy
speaker,actor_01_statement_None,train,pair_0095_sad
speaker,actor_01_statement_None,test,pair_0000_happy
speaker,actor_01_statement_None,test,pair_0000_sad
speaker,actor_01_statement_None,test,pair_0001_happy
speaker,actor_01_statement_None,test,pair_0001_sad
speaker,actor_01_statement_None,test,pair_0002_happy
speaker,actor_01_statement_None,test,pair_0002_sad
speaker,actor_01_statement_None,test,pair_0003_happy
speaker,actor_01_statement_None,test,pair_0003_sad
speaker,actor_02_statement_None,train,pair_0000_happy
speaker,actor_02_statement_None,train,pair_0000_sad
speaker,actor_02_statement_None,train,pair_0001_happy
speaker,actor_02_statement_None,train,pair_0001_sad
speaker,actor_02_statement_None,train,pair_0002_happy
speaker,actor_02_statement_None,train,pair_0002_sad
speaker,actor_02_statement_None,train,pair_0003_happy
speaker,actor_02_statement_None,train,pair_0003_sad
speaker,actor_02_statement_None,train,pair_0008_happy
speaker,actor_02_statement_None,train,pair_0008_sad
speaker,actor_02_statement_None,train,pair_0009_happy
speaker,actor_02_statement_None,train,pair_0009_sad
speaker,actor_02_statement_None,train,pair_0010_happy
speaker,actor_02_statement_None,train,pair_0010_sad
speaker,actor_02_statement_None,train,pair_0011_happy
speaker,actor_02_statement_None,train,pair_0011_sad
speaker,actor_02_statement_None,train,pair_0012_happy
speaker,actor_02_statement_None,train,pair_0012_sad
speaker,actor_02_statement_None,train,pair_0013_happy
speaker,actor_02_statement_None,train,pair_0013_sad
speaker,actor_02_statement_None,train,pair_0014_happy
speaker,actor_02_statement_None,train,pair_0014_sad
speaker,actor_02_statement_None,train,pair_0015_happy
speaker,actor_02_statement_None,train,pair_0015_sad
speaker,actor_02_statement_None,train,pair_0016_happy
speaker,actor_02_statement_None,train,pair_0016_sad
speaker,actor_02_statement_None,train,pair_0017_happy
speaker,actor_02_statement_None,train,pair_0017_sad
speaker,actor_02_statement_None,train,pair_0018_happy
speaker,actor_02_statement_None,train,pair_0018_sad
speaker,actor_02_statement_None,train,pair_0019_happy
speaker,actor_02_statement_None,train,pair_0019_sad
speaker,actor_02_statement_None,train,pair_0020_happy
speaker,actor_02_statement_None,train,pair_0020_sad
speaker,actor_02_statement_None,train,pair_0021_happy
speaker,actor_02_statement_None,train,pair_0021_sad
speaker,actor_02_statement_None,train,pair_0022_happy
speaker,actor_02_statement_None,train,pair_0022_sad
speaker,actor_02_statement_None,train,pair_0023_happy
speaker,actor_02_statement_None,train,pair_0023_sad
speaker,actor_02_statement_None,train,pair_0024_happy
speaker,actor_02_statement_None,train,pair_0024_sad
speaker,actor_02_statement_None,train,pair_0025_happy
speaker,actor_02_statement_None,train,pair_0025_sad
speaker,actor_02_statement_None,train,pair_0026_happy
speaker,actor_02_statement_None,train,pair_0026_sad
speaker,actor_02_statement_None,train,pair_0027_happy
speaker,actor_02_statement_None,train,pair_0027_sad
speaker,actor_02_statement_None,train,pair_0028_happy
speaker,actor_02_statement_None,train,pair_0028_sad
speaker,actor_02_statement_None,train,pair_0029_happy
speaker,actor_02_statement_None,train,pair_0029_sad
speaker,actor_02_statement_None,train,pair_0030_happy
speaker,actor_02_statement_None,train,pair_0030_sad
speaker,actor_02_statement_None,train,pair_0031_happy
speaker,actor_02_statement_None,train,pair_0031_sad
speaker,actor_02_statement_None,train,pair_0032_happy
speaker,actor_02_statement_None,train,pair_0032_sad
speaker,actor_02_statement_None,train,pair_0033_happy
speaker,actor_02_statement_None,train,pair_0033_sad
speaker,actor_02_statement_None,train,pair_0034_happy
speaker,actor_02_statement_None,train,pair_0034_sad
speaker,actor_02_statement_None,train,pair_0035_happy
speaker,actor_02_statement_None,train,pair_0035_sad
speaker,actor_02_statement_None,train,pair_0036_happy
speaker,actor_02_statement_None,train,pair_0036_sad
speaker,actor_02_statement_None,train,pair_0037_happy
speaker,actor_02_statement_None,train,pair_0037_sad
speaker,actor_02_statement_None,train,pair_0038_happy
speaker,actor_02_statement_None,train,pair_0038_sad
speaker,actor_02_statement_None,train,pair_0039_happy
speaker,actor_02_statement_None,train,pair_0039_sad
speaker,actor_02_statement_None,train,pair_0040_happy
speaker,actor_02_statement_None,train,pair_0040_sad
speaker,actor_02_statement_None,train,pair_0041_happy
speaker,actor_02_statement_None,train,pair_0041_sad
speaker,actor_02_statement_None,train,pair_0042_happy
speaker,actor_02_statement_None,train,pair_0042_sad
speaker,actor_02_statement_None,train,pair_0043_happy
speaker,actor_02_statement_None,train,pair_0043_sad
speaker,actor_02_statement_None,train,pair_0044_happy
speaker,actor_02_statement_None,train,pair_0044_sad
speaker,actor_02_statement_None,train,pair_0045_happy
speaker,actor_02_statement_None,train,pair_0045_sad
speaker,actor_02_statement_None,train,pair_0046_happy
speaker,actor_02_statement_None,train,pair_0046_sad
speaker,actor_02_statement_None,train,pair_0047_happy
speaker,actor_02_statement_None,train,pair_0047_sad
speaker,actor_02_statement_None,train,pair_0048_happy
speaker,actor_02_statement_None,train,pair_0048_sad
speaker,actor_02_statement_None,train,pair_0049_happy
speaker,actor_02_statement_None,train,pair_0049_sad
speaker,actor_02_statement_None,train,pair_0050_happy
speaker,actor_02_statement_None,train,pair_0050_sad
speaker,actor_02_statement_None,train,pair_0051_happy
speaker,actor_02_statement_None,train,pair_0051_sad
speaker,actor_02_statement_None,train,pair_0052_happy
speaker,actor_02_statement_None,train,pair_0052_sad
speaker,actor_02_statement_None,train,pair_0053_happy
speaker,actor_02_statement_None,train,pair_0053_sad
speaker,actor_02_statement_None,train,pair_0054_happy
speaker,actor_02_statement_None,train,pair_0054_sad
speaker,actor_02_statement_None,train,pair_0055_happy
speaker,actor_02_statement_None,train,pair_0055_sad
speaker,actor_02_statement_None,train,pair_0056_happy
speaker,actor_02_statement_None,train,pair_0056_sad
speaker,actor_02_statement_None,train,pair_0057_happy
speaker,actor_02_statement_None,train,pair_0057_sad
speaker,actor_02_statement_None,train,pair_0058_happy
speaker,actor_02_statement_None,train,pair_0058_sad
speaker,actor_02_statement_None,train,pair_0059_happy
speaker,actor_02_statement_None,train,pair_0059_sad
speaker,actor_02_statement_None,train,pair_0060_happy
speaker,actor_02_statement_None,train,pair_0060_sad
speaker,actor_02_statement_None,train,pair_0061_happy
speaker,actor_02_statement_None,train,pair_0061_sad
speaker,actor_02_statement_None,train,pair_0062_happy
speaker,actor_02_statement_None,train,pair_0062_sad
speaker,actor_02_statement_None,train,pair_0063_happy
speaker,actor_02_statement_None,train,pair_0063_sad
speaker,actor_02_statement_None,train,pair_0064_happy
speaker,actor_02_statement_None,train,pair_0064_sad
speaker,actor_02_statement_None,train,pair_0065_happy
speaker,actor_02_statement_None,train,pair_0065_sad
speaker,actor_02_statement_None,train,pair_0066_happy
speaker,actor_02_statement_None,train,pair_0066_sad
speaker,actor_02_statement_None,train,pair_0067_happy
speaker,actor_02_statement_None,train,pair_0067_sad
speaker,actor_02_statement_None,train,pair_0068_happy
speaker,actor_02_statement_None,train,pair_0068_sad
speaker,actor_02_statement_None,train,pair_0069_happy
speaker,actor_02_statement_None,train,pair_0069_sad
speaker,actor_02_statement_None,train,pair_0070_happy
speaker,actor_02_statement_None,train,pair_0070_sad
speaker,actor_02_statement_None,train,pair_0071_happy
speaker,actor_02_statement_None,train,pair_0071_sad
speaker,actor_02_statement_None,train,pair_0072_happy
speaker,actor_02_statement_None,train,pair_0072_sad
speaker,actor_02_statement_None,train,pair_0073_happy
speaker,actor_02_statement_None,train,pair_0073_sad
speaker,actor_02_statement_None,train,pair_0074_happy
speaker,actor_02_statement_None,train,pair_0074_sad
speaker,actor_02_statement_None,train,pair_0075_happy
speaker,actor_02_statement_None,train,pair_0075_sad
speaker,actor_02_statement_None,train,pair_0076_happy
speaker,actor_02_statement_None,train,pair_0076_sad
speaker,actor_02_statement_None,train,pair_0077_happy
speaker,actor_02_statement_None,train,pair_0077_sad
speaker,actor_02_statement_None,train,pair_0078_happy
speaker,actor_02_statement_None,train,pair_0078_sad
speaker,actor_02_statement_None,train,pair_0079_happy
speaker,actor_02_statement_None,train,pair_0079_sad
speaker,actor_02_statement_None,train,pair_0080_happy
speaker,actor_02_statement_None,train,pair_0080_sad
speaker,actor_02_statement_None,train,pair_0081_happy
speaker,actor_02_statement_None,train,pair_0081_sad
speaker,actor_02_statement_None,train,pair_0082_happy
speaker,actor_02_statement_None,train,pair_0082_sad
speaker,actor_02_statement_None,train,pair_0083_happy
speaker,actor_02_statement_None,train,pair_0083_sad
speaker,actor_02_statement_None,train,pair_0084_happy
speaker,actor_02_statement_None,train,pair_0084_sad
speaker,actor_02_statement_None,train,pair_0085_happy
speaker,actor_02_statement_None,train,pair_0085_sad
speaker,actor_02_statement_None,train,pair_0086_happy
speaker,actor_02_statement_None,train,pair_0086_sad
speaker,actor_02_statement_None,train,pair_0087_happy
speaker,actor_02_statement_None,train,pair_0087_sad
speaker,actor_02_statement_None,train,pair_0088_happy
speaker,actor_02_statement_None,train,pair_0088_sad
speaker,actor_02_statement_None,train,pair_0089_happy
speaker,actor_02_statement_None,train,pair_0089_sad
speaker,actor_02_statement_None,train,pair_0090_happy
speaker,actor_02_statement_None,train,pair_0090_sad
speaker,actor_02_statement_None,train,pair_0091_happy
speaker,actor_02_statement_None,train,pair_0091_sad
speaker,actor_02_statement_None,train,pair_0092_happy
speaker,actor_02_statement_None,train,pair_0092_sad
speaker,actor_02_statement_None,train,pair_0093_happy
speaker,actor_02_statement_None,train,pair_0093_sad
speaker,actor_02_statement_None,train,pair_0094_happy
speaker,actor_02_statement_None,train,pair_0094_sad
speaker,actor_02_statement_None,train,pair_0095_happy
speaker,actor_02_statement_None,train,pair_0095_sad
speaker,actor_02_statement_None,test,pair_0004_happy
speaker,actor_02_statement_None,test,pair_0004_sad
speaker,actor_02_statement_None,test,pair_0005_happy
speaker,actor_02_statement_None,test,pair_0005_sad
speaker,actor_02_statement_None,test,pair_0006_happy
speaker,actor_02_statement_None,test,pair_0006_sad
speaker,actor_02_statement_None,test,pair_0007_happy
speaker,actor_02_statement_None,test,pair_0007_sad
speaker,actor_03_statement_None,train,pair_0000_happy
speaker,actor_03_statement_None,train,pair_0000_sad
speaker,actor_03_statement_None,train,pair_0001_happy
speaker,actor_03_statement_None,train,pair_0001_sad
speaker,actor_03_statement_None,train,pair_0002_happy
speaker,actor_03_statement_None,train,pair_0002_sad
speaker,actor_03_statement_None,train,pair_0003_happy
speaker,actor_03_statement_None,train,pair_0003_sad
speaker,actor_03_statement_None,train,pair_0004_happy
speaker,actor_03_statement_None,train,pair_0004_sad
speaker,actor_03_statement_None,train,pair_0005_happy
speaker,actor_03_statement_None,train,pair_0005_sad
speaker,actor_03_statement_None,train,pair_0006_happy
speaker,actor_03_statement_None,train,pair_0006_sad
speaker,actor_03_statement_None,train,pair_0007_happy
speaker,actor_03_statement_None,train,pair_0007_sad
speaker,actor_03_statement_None,train,pair_0012_happy
speaker,actor_03_statement_None,train,pair_0012_sad
speaker,actor_03_statement_None,train,pair_0013_happy
speaker,actor_03_statement_None,train,pair_0013_sad
speaker,actor_03_statement_None,train,pair_0014_happy
speaker,actor_03_statement_None,train,pair_0014_sad
speaker,actor_03_statement_None,train,pair_0015_happy
speaker,actor_03_statement_None,train,pair_0015_sad
speaker,actor_03_statement_None,train,pair_0016_happy
speaker,actor_03_statement_None,train,pair_0016_sad
speaker,actor_03_statement_None,train,pair_0017_happy
speaker,actor_03_statement_None,train,pair_0017_sad
speaker,actor_03_statement_None,train,pair_0018_happy
speaker,actor_03_statement_None,train,pair_0018_sad
speaker,actor_03_statement_None,train,pair_0019_happy
speaker,actor_03_statement_None,train,pair_0019_sad
speaker,actor_03_statement_None,train,pair_0020_happy
speaker,actor_03_statement_None,train,pair_0020_sad
speaker,actor_03_statement_None,train,pair_0021_happy
speaker,actor_03_statement_None,train,pair_0021_sad
speaker,actor_03_statement_None,train,pair_0022_happy
speaker,actor_03_statement_None,train,pair_0022_sad
speaker,actor_03_statement_None,train,pair_0023_happy
speaker,actor_03_statement_None,train,pair_0023_sad
speaker,actor_03_statement_None,train,pair_0024_happy
speaker,actor_03_statement_None,train,pair_0024_sad
speaker,actor_03_statement_None,train,pair_0025_happy
speaker,actor_03_statement_None,train,pair_0025_sad
speaker,actor_03_statement_None,train,pair_0026_happy
speaker,actor_03_statement_None,train,pair_0026_sad
speaker,actor_03_statement_None,train,pair_0027_happy
speaker,actor_03_statement_None,train,pair_0027_sad
speaker,actor_03_statement_None,train,pair_0028_happy
speaker,actor_03_statement_None,train,pair_0028_sad
speaker,actor_03_statement_None,train,pair_0029_happy
speaker,actor_03_statement_None,train,pair_0029_sad
speaker,actor_03_statement_None,train,pair_0030_happy
speaker,actor_03_statement_None,train,pair_0030_sad
speaker,actor_03_statement_None,train,pair_0031_happy
speaker,actor_03_statement_None,train,pair_0031_sad
speaker,actor_03_statement_None,train,pair_0032_happy
speaker,actor_03_statement_None,train,pair_0032_sad
speaker,actor_03_statement_None,train,pair_0033_happy
speaker,actor_03_statement_None,train,pair_0033_sad
speaker,actor_03_statement_None,train,pair_0034_happy
speaker,actor_03_statement_None,train,pair_0034_sad
speaker,actor_03_statement_None,train,pair_0035_happy
speaker,actor_03_statement_None,train,pair_0035_sad
speaker,actor_03_statement_None,train,pair_0036_happy
speaker,actor_03_statement_None,train,pair_0036_sad
speaker,actor_03_statement_None,train,pair_0037_happy
speaker,actor_03_statement_None,train,pair_0037_sad
speaker,actor_03_statement_None,train,pair_0038_happy
speaker,actor_03_statement_None,train,pair_0038_sad
speaker,actor_03_statement_None,train,pair_0039_happy
speaker,actor_03_statement_None,train,pair_0039_sad
speaker,actor_03_statement_None,train,pair_0040_happy
speaker,actor_03_statement_None,train,pair_0040_sad
speaker,actor_03_statement_None,train,pair_0041_happy
speaker,actor_03_statement_None,train,pair_0041_sad
speaker,actor_03_statement_None,train,pair_0042_happy
speaker,actor_03_statement_None,train,pair_0042_sad
speaker,actor_03_statement_None,train,pair_0043_happy
speaker,actor_03_statement_None,train,pair_0043_sad
speaker,actor_03_statement_None,train,pair_0044_happy
speaker,actor_03_statement_None,train,pair_0044_sad
speaker,actor_03_statement_None,train,pair_0045_happy
speaker,actor_03_statement_None,train,pair_0045_sad
speaker,actor_03_statement_None,train,pair_0046_happy
speaker,actor_03_statement_None,train,pair_0046_sad
speaker,actor_03_statement_None,train,pair_0047_happy
speaker,actor_03_statement_None,train,pair_0047_sad
speaker,actor_03_statement_None,train,pair_0048_happy
speaker,actor_03_statement_None,train,pair_0048_sad
speaker,actor_03_statement_None,train,pair_0049_happy
speaker,actor_03_statement_None,train,pair_0049_sad
speaker,actor_03_statement_None,train,pair_0050_happy
speaker,actor_03_statement_None,train,pair_0050_sad
speaker,actor_03_statement_None,train,pair_0051_happy
speaker,actor_03_statement_None,train,pair_0051_sad
speaker,actor_03_statement_None,train,pair_0052_happy
speaker,actor_03_statement_None,train,pair_0052_sad
speaker,actor_03_statement_None,train,pair_0053_happy
speaker,actor_03_statement_None,train,pair_0053_sad
speaker,actor_03_statement_None,train,pair_0054_happy
speaker,actor_03_statement_None,train,pair_0054_sad
speaker,actor_03_statement_None,train,pair_0055_happy
speaker,actor_03_statement_None,train,pair_0055_sad
speaker,actor_03_statement_None,train,pair_0056_happy
speaker,actor_03_statement_None,train,pair_0056_sad
speaker,actor_03_statement_None,train,pair_0057_happy
speaker,actor_03_statement_None,train,pair_0057_sad
speaker,actor_03_statement_None,train,pair_0058_happy
speaker,actor_03_statement_None,train,pair_0058_sad
speaker,actor_03_statement_None,train,pair_0059_happy
speaker,actor_03_statement_None,train,pair_0059_sad
speaker,actor_03_statement_None,train,pair_0060_happy
speaker,actor_03_statement_None,train,pair_0060_sad
speaker,actor_03_statement_None,train,pair_0061_happy
speaker,actor_03_statement_None,train,pair_0061_sad
speaker,actor_03_statement_None,train,pair_0062_happy
speaker,actor_03_statement_None,train,pair_0062_sad
speaker,actor_03_statement_None,train,pair_0063_happy
speaker,actor_03_statement_None,train,pair_0063_sad
speaker,actor_03_statement_None,train,pair_0064_happy
speaker,actor_03_statement_None,train,pair_0064_sad
speaker,actor_03_statement_None,train,pair_0065_happy
speaker,actor_03_statement_None,train,pair_0065_sad
speaker,actor_03_statement_None,train,pair_0066_happy
speaker,actor_03_statement_None,train,pair_0066_sad
speaker,actor_03_statement_None,train,pair_0067_happy
speaker,actor_03_statement_None,train,pair_0067_sad
speaker,actor_03_statement_None,train,pair_0068_happy
speaker,actor_03_statement_None,train,pair_0068_sad
speaker,actor_03_statement_None,train,pair_0069_happy
speaker,actor_03_statement_None,train,pair_0069_sad
speaker,actor_03_statement_None,train,pair_0070_happy
speaker,actor_03_statement_None,train,pair_0070_sad
speaker,actor_03_statement_None,train,pair_0071_happy
speaker,actor_03_statement_None,train,pair_0071_sad
speaker,actor_03_statement_None,train,pair_0072_happy
speaker,actor_03_statement_None,train,pair_0072_sad
speaker,actor_03_statement_None,train,pair_0073_happy
speaker,actor_03_statement_None,train,pair_0073_sad
speaker,actor_03_statement_None,train,pair_0074_happy
speaker,actor_03_statement_None,train,pair_0074_sad
speaker,actor_03_statement_None,train,pair_0075_happy
speaker,actor_03_statement_None,train,pair_0075_sad
speaker,actor_03_statement_None,train,pair_0076_happy
speaker,actor_03_statement_None,train,pair_0076_sad
speaker,actor_03_statement_None,train,pair_0077_happy
speaker,actor_03_statement_None,train,pair_0077_sad
speaker,actor_03_statement_None,train,pair_0078_happy
speaker,actor_03_statement_None,train,pair_0078_sad
speaker,actor_03_statement_None,train,pair_0079_happy
speaker,actor_03_statement_None,train,pair_0079_sad
speaker,actor_03_statement_None,train,pair_0080_happy
speaker,actor_03_statement_None,train,pair_0080_sad
speaker,actor_03_statement_None,train,pair_0081_happy
speaker,actor_03_statement_None,train,pair_0081_sad
speaker,actor_03_statement_None,train,pair_0082_happy
speaker,actor_03_statement_None,train,pair_0082_sad
speaker,actor_03_statement_None,train,pair_0083_happy
speaker,actor_03_statement_None,train,pair_0083_sad
speaker,actor_03_statement_None,train,pair_0084_happy
speaker,actor_03_statement_None,train,pair_0084_sad
speaker,actor_03_statement_None,train,pair_0085_happy
speaker,actor_03_statement_None,train,pair_0085_sad
speaker,actor_03_statement_None,train,pair_0086_happy
speaker,actor_03_statement_None,train,pair_0086_sad
speaker,actor_03_statement_None,train,pair_0087_happy
speaker,actor_03_statement_None,train,pair_0087_sad
speaker,actor_03_statement_None,train,pair_0088_happy
speaker,actor_03_statement_None,train,pair_0088_sad
speaker,actor_03_statement_None,train,pair_0089_happy
speaker,actor_03_statement_None,train,pair_0089_sad
speaker,actor_03_statement_None,train,pair_0090_happy
speaker,actor_03_statement_None,train,pair_0090_sad
speaker,actor_03_statement_None,train,pair_0091_happy
speaker,actor_03_statement_None,train,pair_0091_sad
speaker,actor_03_statement_None,train,pair_0092_happy
speaker,actor_03_statement_None,train,pair_0092_sad
speaker,actor_03_statement_None,train,pair_0093_happy
speaker,actor_03_statement_None,train,pair_0093_sad
speaker,actor_03_statement_None,train,pair_0094_happy
speaker,actor_03_statement_None,train,pair_0094_sad
speaker,actor_03_statement_None,train,pair_0095_happy
speaker,actor_03_statement_None,train,pair_0095_sad
speaker,actor_03_statement_None,test,pair_0008_happy
speaker,actor_03_statement_None,test,pair_0008_sad
speaker,actor_03_statement_None,test,pair_0009_happy
speaker,actor_03_statement_None,test,pair_0009_sad
speaker,actor_03_statement_None,test,pair_0010_happy
speaker,actor_03_statement_None,test,pair_0010_sad
speaker,actor_03_statement_None,test,pair_0011_happy
speaker,actor_03_statement_None,test,pair_0011_sad
speaker,actor_04_statement_None,train,pair_0000_happy
speaker,actor_04_statement_None,train,pair_0000_sad
speaker,actor_04_statement_None,train,pair_0001_happy
speaker,actor_04_statement_None,train,pair_0001_sad
speaker,actor_04_statement_None,train,pair_0002_happy
speaker,actor_04_statement_None,train,pair_0002_sad
speaker,actor_04_statement_None,train,pair_0003_happy
speaker,actor_04_statement_None,train,pair_0003_sad
speaker,actor_04_statement_None,train,pair_0004_happy
speaker,actor_04_statement_None,train,pair_0004_sad
speaker,actor_04_statement_None,train,pair_0005_happy
speaker,actor_04_statement_None,train,pair_0005_sad
speaker,actor_04_statement_None,train,pair_0006_happy
speaker,actor_04_statement_None,train,pair_0006_sad
speaker,actor_04_statement_None,train,pair_0007_happy
speaker,actor_04_statement_None,train,pair_0007_sad
speaker,actor_04_statement_None,train,pair_0008_happy
speaker,actor_04_statement_None,train,pair_0008_sad
speaker,actor_04_statement_None,train,pair_0009_happy
speaker,actor_04_statement_None,train,pair_0009_sad
speaker,actor_04_statement_None,train,pair_0010_happy
speaker,actor_04_statement_None,train,pair_0010_sad
speaker,actor_04_statement_None,train,pair_0011_happy
speaker,actor_04_statement_None,train,pair_0011_sad
speaker,actor_04_statement_None,train,pair_0016_happy
speaker,actor_04_statement_None,train,pair_0016_sad
speaker,actor_04_statement_None,train,pair_0017_happy
speaker,actor_04_statement_None,train,pair_0017_sad
speaker,actor_04_statement_None,train,pair_0018_happy
speaker,actor_04_statement_None,train,pair_0018_sad
speaker,actor_04_statement_None,train,pair_0019_happy
speaker,actor_04_statement_None,train,pair_0019_sad
speaker,actor_04_statement_None,train,pair_0020_happy
speaker,actor_04_statement_None,train,pair_0020_sad
speaker,actor_04_statement_None,train,pair_0021_happy
speaker,actor_04_statement_None,train,pair_0021_sad
speaker,actor_04_statement_None,train,pair_0022_happy
speaker,actor_04_statement_None,train,pair_0022_sad
speaker,actor_04_statement_None,train,pair_0023_happy
speaker,actor_04_statement_None,train,pair_0023_sad
speaker,actor_04_statement_None,train,pair_0024_happy
speaker,actor_04_statement_None,train,pair_0024_sad
speaker,actor_04_statement_None,train,pair_0025_happy
speaker,actor_04_statement_None,train,pair_0025_sad
speaker,actor_04_statement_None,train,pair_0026_happy
speaker,actor_04_statement_None,train,pair_0026_sad
speaker,actor_04_statement_None,train,pair_0027_happy
speaker,actor_04_statement_None,train,pair_0027_sad
speaker,actor_04_statement_None,train,pair_0028_happy
speaker,actor_04_statement_None,train,pair_0028_sad
speaker,actor_04_statement_None,train,pair_0029_happy
speaker,actor_04_statement_None,train,pair_0029_sad
speaker,actor_04_statement_None,train,pair_0030_happy
speaker,actor_04_statement_None,train,pair_0030_sad
speaker,actor_04_statement_None,train,pair_0031_happy
speaker,actor_04_statement_None,train,pair_0031_sad
speaker,actor_04_statement_None,train,pair_0032_happy
speaker,actor_04_statement_None,train,pair_0032_sad
speaker,actor_04_statement_None,train,pair_0033_happy
speaker,actor_04_statement_None,train,pair_0033_sad
speaker,actor_04_statement_None,train,pair_0034_happy
speaker,actor_04_statement_None,train,pair_0034_sad
speaker,actor_04_statement_None,train,pair_0035_happy
speaker,actor_04_statement_None,train,pair_0035_sad
speaker,actor_04_statement_None,train,pair_0036_happy
speaker,actor_04_statement_None,train,pair_0036_sad
speaker,actor_04_statement_None,train,pair_0037_happy
speaker,actor_04_statement_None,train,pair_0037_sad
speaker,actor_04_statement_None,train,pair_0038_happy
speaker,actor_04_statement_None,train,pair_0038_sad
speaker,actor_04_statement_None,train,pair_0039_happy
speaker,actor_04_statement_None,train,pair_0039_sad
speaker,actor_04_statement_None,train,pair_0040_happy
speaker,actor_04_statement_None,train,pair_0040_sad
speaker,actor_04_statement_None,train,pair_0041_happy
speaker,actor_04_statement_None,train,pair_0041_sad
speaker,actor_04_statement_None,train,pair_0042_happy
speaker,actor_04_statement_None,train,pair_0042_sad
speaker,actor_04_statement_None,train,pair_0043_happy
speaker,actor_04_statement_None,train,pair_0043_sad
speaker,actor_04_statement_None,train,pair_0044_happy
speaker,actor_04_statement_None,train,pair_0044_sad
speaker,actor_04_statement_None,train,pair_0045_happy
speaker,actor_04_statement_None,train,pair_0045_sad
speaker,actor_04_statement_None,train,pair_0046_happy
speaker,actor_04_statement_None,train,pair_0046_sad
speaker,actor_04_statement_None,train,pair_0047_happy
speaker,actor_04_statement_None,train,pair_0047_sad
speaker,actor_04_statement_None,train,pair_0048_happy
speaker,actor_04_statement_None,train,pair_0048_sad
speaker,actor_04_statement_None,train,pair_0049_happy
speaker,actor_04_statement_None,train,pair_0049_sad
speaker,actor_04_statement_None,train,pair_0050_happy
speaker,actor_04_statement_None,train,pair_0050_sad
speaker,actor_04_statement_None,train,pair_0051_happy
speaker,actor_04_statement_None,train,pair_0051_sad
speaker,actor_04_statement_None,train,pair_0052_happy
speaker,actor_04_statement_None,train,pair_0052_sad
speaker,actor_04_statement_None,train,pair_0053_happy
speaker,actor_04_statement_None,train,pair_0053_sad
speaker,actor_04_statement_None,train,pair_0054_happy
speaker,actor_04_statement_None,train,pair_0054_sad
speaker,actor_04_statement_None,train,pair_0055_happy
speaker,actor_04_statement_None,train,pair_0055_sad
speaker,actor_04_statement_None,train,pair_0056_happy
speaker,actor_04_statement_None,train,pair_0056_sad
speaker,actor_04_statement_None,train,pair_0057_happy
speaker,actor_04_statement_None,train,pair_0057_sad
speaker,actor_04_statement_None,train,pair_0058_happy
speaker,actor_04_statement_None,train,pair_0058_sad
speaker,actor_04_statement_None,train,pair_0059_happy
speaker,actor_04_statement_None,train,pair_0059_sad
speaker,actor_04_statement_None,train,pair_0060_happy
speaker,actor_04_statement_None,train,pair_0060_sad
speaker,actor_04_statement_None,train,pair_0061_happy
speaker,actor_04_statement_None,train,pair_0061_sad
speaker,actor_04_statement_None,train,pair_0062_happy
speaker,actor_04_statement_None,train,pair_0062_sad
speaker,actor_04_statement_None,train,pair_0063_happy
speaker,actor_04_statement_None,train,pair_0063_sad
speaker,actor_04_statement_None,train,pair_0064_happy
speaker,actor_04_statement_None,train,pair_0064_sad
speaker,actor_04_statement_None,train,pair_0065_happy
speaker,actor_04_statement_None,train,pair_0065_sad
speaker,actor_04_statement_None,train,pair_0066_happy
speaker,actor_04_statement_None,train,pair_0066_sad
speaker,actor_04_statement_None,train,pair_0067_happy
speaker,actor_04_statement_None,train,pair_0067_sad
speaker,actor_04_statement_None,train,pair_0068_happy
speaker,actor_04_statement_None,train,pair_0068_sad
speaker,actor_04_statement_None,train,pair_0069_happy
speaker,actor_04_statement_None,train,pair_0069_sad
speaker,actor_04_statement_None,train,pair_0070_happy
speaker,actor_04_statement_None,train,pair_0070_sad
speaker,actor_04_statement_None,train,pair_0071_happy
speaker,actor_04_statement_None,train,pair_0071_sad
speaker,actor_04_statement_None,train,pair_0072_happy
speaker,actor_04_statement_None,train,pair_0072_sad
speaker,actor_04_statement_None,train,pair_0073_happy
speaker,actor_04_statement_None,train,pair_0073_sad
speaker,actor_04_statement_None,train,pair_0074_happy
speaker,actor_04_statement_None,train,pair_0074_sad
speaker,actor_04_statement_None,train,pair_0075_happy
speaker,actor_04_statement_None,train,pair_0075_sad
speaker,actor_04_statement_None,train,pair_0076_happy
speaker,actor_04_statement_None,train,pair_0076_sad
speaker,actor_04_statement_None,train,pair_0077_happy
speaker,actor_04_statement_None,train,pair_0077_sad
speaker,actor_04_statement_None,train,pair_0078_happy
speaker,actor_04_statement_None,train,pair_0078_sad
speaker,actor_04_statement_None,train,pair_0079_happy
speaker,actor_04_statement_None,train,pair_0079_sad
speaker,actor_04_statement_None,train,pair_0080_happy
speaker,actor_04_statement_None,train,pair_0080_sad
speaker,actor_04_statement_None,train,pair_0081_happy
speaker,actor_04_statement_None,train,pair_0081_sad
speaker,actor_04_statement_None,train,pair_0082_happy
speaker,actor_04_statement_None,train,pair_0082_sad
speaker,actor_04_statement_None,train,pair_0083_happy
speaker,actor_04_statement_None,train,pair_0083_sad
speaker,actor_04_statement_None,train,pair_0084_happy
speaker,actor_04_statement_None,train,pair_0084_sad
speaker,actor_04_statement_None,train,pair_0085_happy
speaker,actor_04_statement_None,train,pair_0085_sad
speaker,actor_04_statement_None,train,pair_0086_happy
speaker,actor_04_statement_None,train,pair_0086_sad
speaker,actor_04_statement_None,train,pair_0087_happy
speaker,actor_04_statement_None,train,pair_0087_sad
speaker,actor_04_statement_None,train,pair_0088_happy
speaker,actor_04_statement_None,train,pair_0088_sad
speaker,actor_04_statement_None,train,pair_0089_happy
speaker,actor_04_statement_None,train,pair_0089_sad
speaker,actor_04_statement_None,train,pair_0090_happy
speaker,actor_04_statement_None,train,pair_0090_sad
speaker,actor_04_statement_None,train,pair_0091_happy
speaker,actor_04_statement_None,train,pair_0091_sad
speaker,actor_04_statement_None,train,pair_0092_happy
speaker,actor_04_statement_None,train,pair_0092_sad
speaker,actor_04_statement_None,train,pair_0093_happy
speaker,actor_04_statement_None,train,pair_0093_sad
speaker,actor_04_statement_None,train,pair_0094_happy
speaker,actor_04_statement_None,train,pair_0094_sad
speaker,actor_04_statement_None,train,pair_0095_happy
speaker,actor_04_statement_None,train,pair_0095_sad
speaker,actor_04_statement_None,test,pair_0012_happy
speaker,actor_04_statement_None,test,pair_0012_sad
speaker,actor_04_statement_None,test,pair_0013_happy
speaker,actor_04_statement_None,test,pair_0013_sad
speaker,actor_04_statement_None,test,pair_0014_happy
speaker,actor_04_statement_None,test,pair_0014_sad
speaker,actor_04_statement_None,test,pair_0015_happy
speaker,actor_04_statement_None,test,pair_0015_sad
speaker,actor_05_statement_None,train,pair_0000_happy
speaker,actor_05_statement_None,train,pair_0000_sad
speaker,actor_05_statement_None,train,pair_0001_happy
speaker,actor_05_statement_None,train,pair_0001_sad
speaker,actor_05_statement_None,train,pair_0002_happy
speaker,actor_05_statement_None,train,pair_0002_sad
speaker,actor_05_statement_None,train,pair_0003_happy
speaker,actor_05_statement_None,train,pair_0003_sad
speaker,actor_05_statement_None,train,pair_0004_happy
speaker,actor_05_statement_None,train,pair_0004_sad
speaker,actor_05_statement_None,train,pair_0005_happy
speaker,actor_05_statement_None,train,pair_0005_sad
speaker,actor_05_statement_None,train,pair_0006_happy
speaker,actor_05_statement_None,train,pair_0006_sad
speaker,actor_05_statement_None,train,pair_0007_happy
speaker,actor_05_statement_None,train,pair_0007_sad
speaker,actor_05_statement_None,train,pair_0008_happy
speaker,actor_05_statement_None,train,pair_0008_sad
speaker,actor_05_statement_None,train,pair_0009_happy
speaker,actor_05_statement_None,train,pair_0009_sad
speaker,actor_05_statement_None,train,pair_0010_happy
speaker,actor_05_statement_None,train,pair_0010_sad
speaker,actor_05_statement_None,train,pair_0011_happy
speaker,actor_05_statement_None,train,pair_0011_sad
speaker,actor_05_statement_None,train,pair_0012_happy
speaker,actor_05_statement_None,train,pair_0012_sad
speaker,actor_05_statement_None,train,pair_0013_happy
speaker,actor_05_statement_None,train,pair_0013_sad
speaker,actor_05_statement_None,train,pair_0014_happy
speaker,actor_05_statement_None,train,pair_0014_sad
speaker,actor_05_statement_None,train,pair_0015_happy
speaker,actor_05_statement_None,train,pair_0015_sad
speaker,actor_05_statement_None,train,pair_0020_happy
speaker,actor_05_statement_None,train,pair_0020_sad
speaker,actor_05_statement_None,train,pair_0021_happy
speaker,actor_05_statement_None,train,pair_0021_sad
speaker,actor_05_statement_None,train,pair_0022_happy
speaker,actor_05_statement_None,train,pair_0022_sad
speaker,actor_05_statement_None,train,pair_0023_happy
speaker,actor_05_statement_None,train,pair_0023_sad
speaker,actor_05_statement_None,train,pair_0024_happy
speaker,actor_05_statement_None,train,pair_0024_sad
speaker,actor_05_statement_None,train,pair_0025_happy
speaker,actor_05_statement_None,train,pair_0025_sad
speaker,actor_05_statement_None,train,pair_0026_happy
speaker,actor_05_statement_None,train,pair_0026_sad
speaker,actor_05_statement_None,train,pair_0027_happy
speaker,actor_05_statement_None,train,pair_0027_sad
speaker,actor_05_statement_None,train,pair_0028_happy
speaker,actor_05_statement_None,train,pair_0028_sad
speaker,actor_05_statement_None,train,pair_0029_happy
speaker,actor_05_statement_None,train,pair_0029_sad
speaker,actor_05_statement_None,train,pair_0030_happy
speaker,actor_05_statement_None,train,pair_0030_sad
speaker,actor_05_statement_None,train,pair_0031_happy
speaker,actor_05_statement_None,train,pair_0031_sad
speaker,actor_05_statement_None,train,pair_0032_happy
speaker,actor_05_statement_None,train,pair_0032_sad
speaker,actor_05_statement_None,train,pair_0033_happy
speaker,actor_05_statement_None,train,pair_0033_sad
speaker,actor_05_statement_None,train,pair_0034_happy
speaker,actor_05_statement_None,train,pair_0034_sad
speaker,actor_05_statement_None,train,pair_0035_happy
speaker,actor_05_statement_None,train,pair_0035_sad
speaker,actor_05_statement_None,train,pair_0036_happy
speaker,actor_05_statement_None,train,pair_0036_sad
speaker,actor_05_statement_None,train,pair_0037_happy
speaker,actor_05_statement_None,train,pair_0037_sad
speaker,actor_05_statement_None,train,pair_0038_happy
speaker,actor_05_statement_None,train,pair_0038_sad
speaker,actor_05_statement_None,train,pair_0039_happy
speaker,actor_05_statement_None,train,pair_0039_sad
speaker,actor_05_statement_None,train,pair_0040_happy
speaker,actor_05_statement_None,train,pair_0040_sad
speaker,actor_05_statement_None,train,pair_0041_happy
speaker,actor_05_statement_None,train,pair_0041_sad
speaker,actor_05_statement_None,train,pair_0042_happy
speaker,actor_05_statement_None,train,pair_0042_sad
speaker,actor_05_statement_None,train,pair_0043_happy
speaker,actor_05_statement_None,train,pair_0043_sad
speaker,actor_05_statement_None,train,pair_0044_happy
speaker,actor_05_statement_None,train,pair_0044_sad
speaker,actor_05_statement_None,train,pair_0045_happy
speaker,actor_05_statement_None,train,pair_0045_sad
speaker,actor_05_statement_None,train,pair_0046_happy
speaker,actor_05_statement_None,train,pair_0046_sad
speaker,actor_05_statement_None,train,pair_0047_happy
speaker,actor_05_statement_None,train,pair_0047_sad
speaker,actor_05_statement_None,train,pair_0048_happy
speaker,actor_05_statement_None,train,pair_0048_sad
speaker,actor_05_statement_None,train,pair_0049_happy
speaker,actor_05_statement_None,train,pair_0049_sad
speaker,actor_05_statement_None,train,pair_0050_happy
speaker,actor_05_statement_None,train,pair_0050_sad
speaker,actor_05_statement_None,train,pair_0051_happy
speaker,actor_05_statement_None,train,pair_0051_sad
speaker,actor_05_statement_None,train,pair_0052_happy
speaker,actor_05_statement_None,train,pair_0052_sad
speaker,actor_05_statement_None,train,pair_0053_happy
speaker,actor_05_statement_None,train,pair_0053_sad
speaker,actor_05_statement_None,train,pair_0054_happy
speaker,actor_05_statement_None,train,pair_0054_sad
speaker,actor_05_statement_None,train,pair_0055_happy
speaker,actor_05_statement_None,train,pair_0055_sad
speaker,actor_05_statement_None,train,pair_0056_happy
speaker,actor_05_statement_None,train,pair_0056_sad
speaker,actor_05_statement_None,train,pair_0057_happy
speaker,actor_05_statement_None,train,pair_0057_sad
speaker,actor_05_statement_None,train,pair_0058_happy
speaker,actor_05_statement_None,train,pair_0058_sad
speaker,actor_05_statement_None,train,pair_0059_happy
speaker,actor_05_statement_None,train,pair_0059_sad
speaker,actor_05_statement_None,train,pair_0060_happy
speaker,actor_05_statement_None,train,pair_0060_sad
speaker,actor_05_statement_None,train,pair_0061_happy
speaker,actor_05_statement_None,train,pair_0061_sad
speaker,actor_05_statement_None,train,pair_0062_happy
speaker,actor_05_statement_None,train,pair_0062_sad
speaker,actor_05_statement_None,train,pair_0063_happy
speaker,actor_05_statement_None,train,pair_0063_sad
speaker,actor_05_statement_None,train,pair_0064_happy
speaker,actor_05_statement_None,train,pair_0064_sad
speaker,actor_05_statement_None,train,pair_0065_happy
speaker,actor_05_statement_None,train,pair_0065_sad
speaker,actor_05_statement_None,train,pair_0066_happy
speaker,actor_05_statement_None,train,pair_0066_sad
speaker,actor_05_statement_None,train,pair_0067_happy
speaker,actor_05_statement_None,train,pair_0067_sad
speaker,actor_05_statement_None,train,pair_0068_happy
speaker,actor_05_statement_None,train,pair_0068_sad
speaker,actor_05_statement_None,train,pair_0069_happy
speaker,actor_05_statement_None,train,pair_0069_sad
speaker,actor_05_statement_None,train,pair_0070_happy
speaker,actor_05_statement_None,train,pair_0070_sad
speaker,actor_05_statement_None,train,pair_0071_happy
speaker,actor_05_statement_None,train,pair_0071_sad
speaker,actor_05_statement_None,train,pair_0072_happy
speaker,actor_05_statement_None,train,pair_0072_sad
speaker,actor_05_statement_None,train,pair_0073_happy
speaker,actor_05_statement_None,train,pair_0073_sad
speaker,actor_05_statement_None,train,pair_0074_happy
speaker,actor_05_statement_None,train,pair_0074_sad
speaker,actor_05_statement_None,train,pair_0075_happy
speaker,actor_05_statement_None,train,pair_0075_sad
speaker,actor_05_statement_None,train,pair_0076_happy
speaker,actor_05_statement_None,train,pair_0076_sad
speaker,actor_05_statement_None,train,pair_0077_happy
speaker,actor_05_statement_None,train,pair_0077_sad
speaker,actor_05_statement_None,train,pair_0078_happy
speaker,actor_05_statement_None,train,pair_0078_sad
speaker,actor_05_statement_None,train,pair_0079_happy
speaker,actor_05_statement_None,train,pair_0079_sad
speaker,actor_05_statement_None,train,pair_0080_happy
speaker,actor_05_statement_None,train,pair_0080_sad
speaker,actor_05_statement_None,train,pair_0081_happy
speaker,actor_05_statement_None,train,pair_0081_sad
speaker,actor_05_statement_None,train,pair_0082_happy
speaker,actor_05_statement_None,train,pair_0082_sad
speaker,actor_05_statement_None,train,pair_0083_happy
speaker,actor_05_statement_None,train,pair_0083_sad
speaker,actor_05_statement_None,train,pair_0084_happy
speaker,actor_05_statement_None,train,pair_0084_sad
speaker,actor_05_statement_None,train,pair_0085_happy
speaker,actor_05_statement_None,train,pair_0085_sad
speaker,actor_05_statement_None,train,pair_0086_happy
speaker,actor_05_statement_None,train,pair_0086_sad
speaker,actor_05_statement_None,train,pair_0087_happy
speaker,actor_05_statement_None,train,pair_0087_sad
speaker,actor_05_statement_None,train,pair_0088_happy
speaker,actor_05_statement_None,train,pair_0088_sad
speaker,actor_05_statement_None,train,pair_0089_happy
speaker,actor_05_statement_None,train,pair_0089_sad
speaker,actor_05_statement_None,train,pair_0090_happy
speaker,actor_05_statement_None,train,pair_0090_sad
speaker,actor_05_statement_None,train,pair_0091_happy
speaker,actor_05_statement_None,train,pair_0091_sad
speaker,actor_05_statement_None,train,pair_0092_happy
speaker,actor_05_statement_None,train,pair_0092_sad
speaker,actor_05_statement_None,train,pair_0093_happy
speaker,actor_05_statement_None,train,pair_0093_sad
speaker,actor_05_statement_None,train,pair_0094_happy
speaker,actor_05_statement_None,train,pair_0094_sad
speaker,actor_05_statement_None,train,pair_0095_happy
speaker,actor_05_statement_None,train,pair_0095_sad
speaker,actor_05_statement_None,test,pair_0016_happy
speaker,actor_05_statement_None,test,pair_0016_sad
speaker,actor_05_statement_None,test,pair_0017_happy
speaker,actor_05_statement_None,test,pair_0017_sad
speaker,actor_05_statement_None,test,pair_0018_happy
speaker,actor_05_statement_None,test,pair_0018_sad
speaker,actor_05_statement_None,test,pair_0019_happy
speaker,actor_05_statement_None,test,pair_0019_sad
speaker,actor_06_statement_None,train,pair_0000_happy
speaker,actor_06_statement_None,train,pair_0000_sad
speaker,actor_06_statement_None,train,pair_0001_happy
speaker,actor_06_statement_None,train,pair_0001_sad
speaker,actor_06_statement_None,train,pair_0002_happy
speaker,actor_06_statement_None,train,pair_0002_sad
speaker,actor_06_statement_None,train,pair_0003_happy
speaker,actor_06_statement_None,train,pair_0003_sad
speaker,actor_06_statement_None,train,pair_0004_happy
speaker,actor_06_statement_None,train,pair_0004_sad
speaker,actor_06_statement_None,train,pair_0005_happy
speaker,actor_06_statement_None,train,pair_0005_sad
speaker,actor_06_statement_None,train,pair_0006_happy
speaker,actor_06_statement_None,train,pair_0006_sad
speaker,actor_06_statement_None,train,pair_0007_happy
speaker,actor_06_statement_None,train,pair_0007_sad
speaker,actor_06_statement_None,train,pair_0008_happy
speaker,actor_06_statement_None,train,pair_0008_sad
speaker,actor_06_statement_None,train,pair_0009_happy
speaker,actor_06_statement_None,train,pair_0009_sad
speaker,actor_06_statement_None,train,pair_0010_happy
speaker,actor_06_statement_None,train,pair_0010_sad
speaker,actor_06_statement_None,train,pair_0011_happy
speaker,actor_06_statement_None,train,pair_0011_sad
speaker,actor_06_statement_None,train,pair_0012_happy
speaker,actor_06_statement_None,train,pair_0012_sad
speaker,actor_06_statement_None,train,pair_0013_happy
speaker,actor_06_statement_None,train,pair_0013_sad
speaker,actor_06_statement_None,train,pair_0014_happy
speaker,actor_06_statement_None,train,pair_0014_sad
speaker,actor_06_statement_None,train,pair_0015_happy
speaker,actor_06_statement_None,train,pair_0015_sad
speaker,actor_06_statement_None,train,pair_0016_happy
speaker,actor_06_statement_None,train,pair_0016_sad
speaker,actor_06_statement_None,train,pair_0017_happy
speaker,actor_06_statement_None,train,pair_0017_sad
speaker,actor_06_statement_None,train,pair_0018_happy
speaker,actor_06_statement_None,train,pair_0018_sad
speaker,actor_06_statement_None,train,pair_0019_happy
speaker,actor_06_statement_None,train,pair_0019_sad
speaker,actor_06_statement_None,train,pair_0024_happy
speaker,actor_06_statement_None,train,pair_0024_sad
speaker,actor_06_statement_None,train,pair_0025_happy
speaker,actor_06_statement_None,train,pair_0025_sad
speaker,actor_06_statement_None,train,pair_0026_happy
speaker,actor_06_statement_None,train,pair_0026_sad
speaker,actor_06_statement_None,train,pair_0027_happy
speaker,actor_06_statement_None,train,pair_0027_sad
speaker,actor_06_statement_None,train,pair_0028_happy
speaker,actor_06_statement_None,train,pair_0028_sad
speaker,actor_06_statement_None,train,pair_0029_happy
speaker,actor_06_statement_None,train,pair_0029_sad
speaker,actor_06_statement_None,train,pair_0030_happy
speaker,actor_06_statement_None,train,pair_0030_sad
speaker,actor_06_statement_None,train,pair_0031_happy
speaker,actor_06_statement_None,train,pair_0031_sad
speaker,actor_06_statement_None,train,pair_0032_happy
speaker,actor_06_statement_None,train,pair_0032_sad
speaker,actor_06_statement_None,train,pair_0033_happy
speaker,actor_06_statement_None,train,pair_0033_sad
speaker,actor_06_statement_None,train,pair_0034_happy
speaker,actor_06_statement_None,train,pair_0034_sad
speaker,actor_06_statement_None,train,pair_0035_happy
speaker,actor_06_statement_None,train,pair_0035_sad
speaker,actor_06_statement_None,train,pair_0036_happy
speaker,actor_06_statement_None,train,pair_0036_sad
speaker,actor_06_statement_None,train,pair_0037_happy
speaker,actor_06_statement_None,train,pair_0037_sad
speaker,actor_06_statement_None,train,pair_0038_happy
speaker,actor_06_statement_None,train,pair_0038_sad
speaker,actor_06_statement_None,train,pair_0039_happy
speaker,actor_06_statement_None,train,pair_0039_sad
speaker,actor_06_statement_None,train,pair_0040_happy
speaker,actor_06_statement_None,train,pair_0040_sad
speaker,actor_06_statement_None,train,pair_0041_happy
speaker,actor_06_statement_None,train,pair_0041_sad
speaker,actor_06_statement_None,train,pair_0042_happy
speaker,actor_06_statement_None,train,pair_0042_sad
speaker,actor_06_statement_None,train,pair_0043_happy
speaker,actor_06_statement_None,train,pair_0043_sad
speaker,actor_06_statement_None,train,pair_0044_happy
speaker,actor_06_statement_None,train,pair_0044_sad
speaker,actor_06_statement_None,train,pair_0045_happy
speaker,actor_06_statement_None,train,pair_0045_sad
speaker,actor_06_statement_None,train,pair_0046_happy
speaker,actor_06_statement_None,train,pair_0046_sad
speaker,actor_06_statement_None,train,pair_0047_happy
speaker,actor_06_statement_None,train,pair_0047_sad
speaker,actor_06_statement_None,train,pair_0048_happy
speaker,actor_06_statement_None,train,pair_0048_sad
speaker,actor_06_statement_None,train,pair_0049_happy
speaker,actor_06_statement_None,train,pair_0049_sad
speaker,actor_06_statement_None,train,pair_0050_happy
speaker,actor_06_statement_None,train,pair_0050_sad
speaker,actor_06_statement_None,train,pair_0051_happy
speaker,actor_06_statement_None,train,pair_0051_sad
speaker,actor_06_statement_None,train,pair_0052_happy
speaker,actor_06_statement_None,train,pair_0052_sad
speaker,actor_06_statement_None,train,pair_0053_happy
speaker,actor_06_statement_None,train,pair_0053_sad
speaker,actor_06_statement_None,train,pair_0054_happy
speaker,actor_06_statement_None,train,pair_0054_sad
speaker,actor_06_statement_None,train,pair_0055_happy
speaker,actor_06_statement_None,train,pair_0055_sad
speaker,actor_06_statement_None,train,pair_0056_happy
speaker,actor_06_statement_None,train,pair_0056_sad
speaker,actor_06_statement_None,train,pair_0057_happy
speaker,actor_06_statement_None,train,pair_0057_sad
speaker,actor_06_statement_None,train,pair_0058_happy
speaker,actor_06_statement_None,train,pair_0058_sad
speaker,actor_06_statement_None,train,pair_0059_happy
speaker,actor_06_statement_None,train,pair_0059_sad
speaker,actor_06_statement_None,train,pair_0060_happy
speaker,actor_06_statement_None,train,pair_0060_sad
speaker,actor_06_statement_None,train,pair_0061_happy
speaker,actor_06_statement_None,train,pair_0061_sad
speaker,actor_06_statement_None,train,pair_0062_happy
speaker,actor_06_statement_None,train,pair_0062_sad
speaker,actor_06_statement_None,train,pair_0063_happy
speaker,actor_06_statement_None,train,pair_0063_sad
speaker,actor_06_statement_None,train,pair_0064_happy
speaker,actor_06_statement_None,train,pair_0064_sad
speaker,actor_06_statement_None,train,pair_0065_happy
speaker,actor_06_statement_None,train,pair_0065_sad
speaker,actor_06_statement_None,train,pair_0066_happy
speaker,actor_06_statement_None,train,pair_0066_sad
speaker,actor_06_statement_None,train,pair_0067_happy
speaker,actor_06_statement_None,train,pair_0067_sad
speaker,actor_06_statement_None,train,pair_0068_happy
speaker,actor_06_statement_None,train,pair_0068_sad
speaker,actor_06_statement_None,train,pair_0069_happy
speaker,actor_06_statement_None,train,pair_0069_sad
speaker,actor_06_statement_None,train,pair_0070_happy
speaker,actor_06_statement_None,train,pair_0070_sad
speaker,actor_06_statement_None,train,pair_0071_happy
speaker,actor_06_statement_None,train,pair_0071_sad
speaker,actor_06_statement_None,train,pair_0072_happy
speaker,actor_06_statement_None,train,pair_0072_sad
speaker,actor_06_statement_None,train,pair_0073_happy
speaker,actor_06_statement_None,train,pair_0073_sad
speaker,actor_06_statement_None,train,pair_0074_happy
speaker,actor_06_statement_None,train,pair_0074_sad
speaker,actor_06_statement_None,train,pair_0075_happy
speaker,actor_06_statement_None,train,pair_0075_sad
speaker,actor_06_statement_None,train,pair_0076_happy
speaker,actor_06_statement_None,train,pair_0076_sad
speaker,actor_06_statement_None,train,pair_0077_happy
speaker,actor_06_statement_None,train,pair_0077_sad
speaker,actor_06_statement_None,train,pair_0078_happy
speaker,actor_06_statement_None,train,pair_0078_sad
speaker,actor_06_statement_None,train,pair_0079_happy
speaker,actor_06_statement_None,train,pair_0079_sad
speaker,actor_06_statement_None,train,pair_0080_happy
speaker,actor_06_statement_None,train,pair_0080_sad
speaker,actor_06_statement_None,train,pair_0081_happy
speaker,actor_06_statement_None,train,pair_0081_sad
speaker,actor_06_statement_None,train,pair_0082_happy
speaker,actor_06_statement_None,train,pair_0082_sad
speaker,actor_06_statement_None,train,pair_0083_happy
speaker,actor_06_statement_None,train,pair_0083_sad
speaker,actor_06_statement_None,train,pair_0084_happy
speaker,actor_06_statement_None,train,pair_0084_sad
speaker,actor_06_statement_None,train,pair_0085_happy
speaker,actor_06_statement_None,train,pair_0085_sad
speaker,actor_06_statement_None,train,pair_0086_happy
speaker,actor_06_statement_None,train,pair_0086_sad
speaker,actor_06_statement_None,train,pair_0087_happy
speaker,actor_06_statement_None,train,pair_0087_sad
speaker,actor_06_statement_None,train,pair_0088_happy
speaker,actor_06_statement_None,train,pair_0088_sad
speaker,actor_06_statement_None,train,pair_0089_happy
speaker,actor_06_statement_None,train,pair_0089_sad
speaker,actor_06_statement_None,train,pair_0090_happy
speaker,actor_06_statement_None,train,pair_0090_sad
speaker,actor_06_statement_None,train,pair_0091_happy
speaker,actor_06_statement_None,train,pair_0091_sad
speaker,actor_06_statement_None,train,pair_0092_happy
speaker,actor_06_statement_None,train,pair_0092_sad
speaker,actor_06_statement_None,train,pair_0093_happy
speaker,actor_06_statement_None,train,pair_0093_sad
speaker,actor_06_statement_None,train,pair_0094_happy
speaker,actor_06_statement_None,train,pair_0094_sad
speaker,actor_06_statement_None,train,pair_0095_happy
speaker,actor_06_statement_None,train,pair_0095_sad
speaker,actor_06_statement_None,test,pair_0020_happy
speaker,actor_06_statement_None,test,pair_0020_sad
speaker,actor_06_statement_None,test,pair_0021_happy
speaker,actor_06_statement_None,test,pair_0021_sad
speaker,actor_06_statement_None,test,pair_0022_happy
speaker,actor_06_statement_None,test,pair_0022_sad
speaker,actor_06_statement_None,test,pair_0023_happy
speaker,actor_06_statement_None,test,pair_0023_sad
speaker,actor_07_statement_None,train,pair_0000_happy
speaker,actor_07_statement_None,train,pair_0000_sad
speaker,actor_07_statement_None,train,pair_0001_happy
speaker,actor_07_statement_None,train,pair_0001_sad
speaker,actor_07_statement_None,train,pair_0002_happy
speaker,actor_07_statement_None,train,pair_0002_sad
speaker,actor_07_statement_None,train,pair_0003_happy
speaker,actor_07_statement_None,train,pair_0003_sad
speaker,actor_07_statement_None,train,pair_0004_happy
speaker,actor_07_statement_None,train,pair_0004_sad
speaker,actor_07_statement_None,train,pair_0005_happy
speaker,actor_07_statement_None,train,pair_0005_sad
speaker,actor_07_statement_None,train,pair_0006_happy
speaker,actor_07_statement_None,train,pair_0006_sad
speaker,actor_07_statement_None,train,pair_0007_happy
speaker,actor_07_statement_None,train,pair_0007_sad
speaker,actor_07_statement_None,train,pair_0008_happy
speaker,actor_07_statement_None,train,pair_0008_sad
speaker,actor_07_statement_None,train,pair_0009_happy
speaker,actor_07_statement_None,train,pair_0009_sad
speaker,actor_07_statement_None,train,pair_0010_happy
speaker,actor_07_statement_None,train,pair_0010_sad
speaker,actor_07_statement_None,train,pair_0011_happy
speaker,actor_07_statement_None,train,pair_0011_sad
speaker,actor_07_statement_None,train,pair_0012_happy
speaker,actor_07_statement_None,train,pair_0012_sad
speaker,actor_07_statement_None,train,pair_0013_happy
speaker,actor_07_statement_None,train,pair_0013_sad
speaker,actor_07_statement_None,train,pair_0014_happy
speaker,actor_07_statement_None,train,pair_0014_sad
speaker,actor_07_statement_None,train,pair_0015_happy
speaker,actor_07_statement_None,train,pair_0015_sad
speaker,actor_07_statement_None,train,pair_0016_happy
speaker,actor_07_statement_None,train,pair_0016_sad
speaker,actor_07_statement_None,train,pair_0017_happy
speaker,actor_07_statement_None,train,pair_0017_sad
speaker,actor_07_statement_None,train,pair_0018_happy
speaker,actor_07_statement_None,train,pair_0018_sad
speaker,actor_07_statement_None,train,pair_0019_happy
speaker,actor_07_statement_None,train,pair_0019_sad
speaker,actor_07_statement_None,train,pair_0020_happy
speaker,actor_07_statement_None,train,pair_0020_sad
speaker,actor_07_statement_None,train,pair_0021_happy
speaker,actor_07_statement_None,train,pair_0021_sad
speaker,actor_07_statement_None,train,pair_0022_happy
speaker,actor_07_statement_None,train,pair_0022_sad
speaker,actor_07_statement_None,train,pair_0023_happy
speaker,actor_07_statement_None,train,pair_0023_sad
speaker,actor_07_statement_None,train,pair_0028_happy
speaker,actor_07_statement_None,train,pair_0028_sad
speaker,actor_07_statement_None,train,pair_0029_happy
speaker,actor_07_statement_None,train,pair_0029_sad
speaker,actor_07_statement_None,train,pair_0030_happy
speaker,actor_07_statement_None,train,pair_0030_sad
speaker,actor_07_statement_None,train,pair_0031_happy
speaker,actor_07_statement_None,train,pair_0031_sad
speaker,actor_07_statement_None,train,pair_0032_happy
speaker,actor_07_statement_None,train,pair_0032_sad
speaker,actor_07_statement_None,train,pair_0033_happy
speaker,actor_07_statement_None,train,pair_0033_sad
speaker,actor_07_statement_None,train,pair_0034_happy
speaker,actor_07_statement_None,train,pair_0034_sad
speaker,actor_07_statement_None,train,pair_0035_happy
speaker,actor_07_statement_None,train,pair_0035_sad
speaker,actor_07_statement_None,train,pair_0036_happy
speaker,actor_07_statement_None,train,pair_0036_sad
speaker,actor_07_statement_None,train,pair_0037_happy
speaker,actor_07_statement_None,train,pair_0037_sad
speaker,actor_07_statement_None,train,pair_0038_happy
speaker,actor_07_statement_None,train,pair_0038_sad
speaker,actor_07_statement_None,train,pair_0039_happy
speaker,actor_07_statement_None,train,pair_0039_sad
speaker,actor_07_statement_None,train,pair_0040_happy
speaker,actor_07_statement_None,train,pair_0040_sad
speaker,actor_07_statement_None,train,pair_0041_happy
speaker,actor_07_statement_None,train,pair_0041_sad
speaker,actor_07_statement_None,train,pair_0042_happy
speaker,actor_07_statement_None,train,pair_0042_sad
speaker,actor_07_statement_None,train,pair_0043_happy
speaker,actor_07_statement_None,train,pair_0043_sad
speaker,actor_07_statement_None,train,pair_0044_happy
speaker,actor_07_statement_None,train,pair_0044_sad
speaker,actor_07_statement_None,train,pair_0045_happy
speaker,actor_07_statement_None,train,pair_0045_sad
speaker,actor_07_statement_None,train,pair_0046_happy
speaker,actor_07_statement_None,train,pair_0046_sad
speaker,actor_07_statement_None,train,pair_0047_happy
speaker,actor_07_statement_None,train,pair_0047_sad
speaker,actor_07_statement_None,train,pair_0048_happy
speaker,actor_07_statement_None,train,pair_0048_sad
speaker,actor_07_statement_None,train,pair_0049_happy
speaker,actor_07_statement_None,train,pair_0049_sad
speaker,actor_07_statement_None,train,pair_0050_happy
speaker,actor_07_statement_None,train,pair_0050_sad
speaker,actor_07_statement_None,train,pair_0051_happy
speaker,actor_07_statement_None,train,pair_0051_sad
speaker,actor_07_statement_None,train,pair_0052_happy
speaker,actor_07_statement_None,train,pair_0052_sad
speaker,actor_07_statement_None,train,pair_0053_happy
speaker,actor_07_statement_None,train,pair_0053_sad
speaker,actor_07_statement_None,train,pair_0054_happy
speaker,actor_07_statement_None,train,pair_0054_sad
speaker,actor_07_statement_None,train,pair_0055_happy
speaker,actor_07_statement_None,train,pair_0055_sad
speaker,actor_07_statement_None,train,pair_0056_happy
speaker,actor_07_statement_None,train,pair_0056_sad
speaker,actor_07_statement_None,train,pair_0057_happy
speaker,actor_07_statement_None,train,pair_0057_sad
speaker,actor_07_statement_None,train,pair_0058_happy
speaker,actor_07_statement_None,train,pair_0058_sad
speaker,actor_07_statement_None,train,pair_0059_happy
speaker,actor_07_statement_None,train,pair_0059_sad
speaker,actor_07_statement_None,train,pair_0060_happy
speaker,actor_07_statement_None,train,pair_0060_sad
speaker,actor_07_statement_None,train,pair_0061_happy
speaker,actor_07_statement_None,train,pair_0061_sad
speaker,actor_07_statement_None,train,pair_0062_happy
speaker,actor_07_statement_None,train,pair_0062_sad
speaker,actor_07_statement_None,train,pair_0063_happy
speaker,actor_07_statement_None,train,pair_0063_sad
speaker,actor_07_statement_None,train,pair_0064_happy
speaker,actor_07_statement_None,train,pair_0064_sad
speaker,actor_07_statement_None,train,pair_0065_happy
speaker,actor_07_statement_None,train,pair_0065_sad
speaker,actor_07_statement_None,train,pair_0066_happy
speaker,actor_07_statement_None,train,pair_0066_sad
speaker,actor_07_statement_None,train,pair_0067_happy
speaker,actor_07_statement_None,train,pair_0067_sad
speaker,actor_07_statement_None,train,pair_0068_happy
speaker,actor_07_statement_None,train,pair_0068_sad
speaker,actor_07_statement_None,train,pair_0069_happy
speaker,actor_07_statement_None,train,pair_0069_sad
speaker,actor_07_statement_None,train,pair_0070_happy
speaker,actor_07_statement_None,train,pair_0070_sad
speaker,actor_07_statement_None,train,pair_0071_happy
speaker,actor_07_statement_None,train,pair_0071_sad
speaker,actor_07_statement_None,train,pair_0072_happy
speaker,actor_07_statement_None,train,pair_0072_sad
speaker,actor_07_statement_None,train,pair_0073_happy
speaker,actor_07_statement_None,train,pair_0073_sad
speaker,actor_07_statement_None,train,pair_0074_happy
speaker,actor_07_statement_None,train,pair_0074_sad
speaker,actor_07_statement_None,train,pair_0075_happy
speaker,actor_07_statement_None,train,pair_0075_sad
speaker,actor_07_statement_None,train,pair_0076_happy
speaker,actor_07_statement_None,train,pair_0076_sad
speaker,actor_07_statement_None,train,pair_0077_happy
speaker,actor_07_statement_None,train,pair_0077_sad
speaker,actor_07_statement_None,train,pair_0078_happy
speaker,actor_07_statement_None,train,pair_0078_sad
speaker,actor_07_statement_None,train,pair_0079_happy
speaker,actor_07_statement_None,train,pair_0079_sad
speaker,actor_07_statement_None,train,pair_0080_happy
speaker,actor_07_statement_None,train,pair_0080_sad
speaker,actor_07_statement_None,train,pair_0081_happy
speaker,actor_07_statement_None,train,pair_0081_sad
speaker,actor_07_statement_None,train,pair_0082_happy
speaker,actor_07_statement_None,train,pair_0082_sad
speaker,actor_07_statement_None,train,pair_0083_happy
speaker,actor_07_statement_None,train,pair_0083_sad
speaker,actor_07_statement_None,train,pair_0084_happy
speaker,actor_07_statement_None,train,pair_0084_sad
speaker,actor_07_statement_None,train,pair_0085_happy
speaker,actor_07_statement_None,train,pair_0085_sad
speaker,actor_07_statement_None,train,pair_0086_happy
speaker,actor_07_statement_None,train,pair_0086_sad
speaker,actor_07_statement_None,train,pair_0087_happy
speaker,actor_07_statement_None,train,pair_0087_sad
speaker,actor_07_statement_None,train,pair_0088_happy
speaker,actor_07_statement_None,train,pair_0088_sad
speaker,actor_07_statement_None,train,pair_0089_happy
speaker,actor_07_statement_None,train,pair_0089_sad
speaker,actor_07_statement_None,train,pair_0090_happy
speaker,actor_07_statement_None,train,pair_0090_sad
speaker,actor_07_statement_None,train,pair_0091_happy
speaker,actor_07_statement_None,train,pair_0091_sad
speaker,actor_07_statement_None,train,pair_0092_happy
speaker,actor_07_statement_None,train,pair_0092_sad
speaker,actor_07_statement_None,train,pair_0093_happy
speaker,actor_07_statement_None,train,pair_0093_sad
speaker,actor_07_statement_None,train,pair_0094_happy
speaker,actor_07_statement_None,train,pair_0094_sad
speaker,actor_07_statement_None,train,pair_0095_happy
speaker,actor_07_statement_None,train,pair_0095_sad
speaker,actor_07_statement_None,test,pair_0024_happy
speaker,actor_07_statement_None,test,pair_0024_sad
speaker,actor_07_statement_None,test,pair_0025_happy
speaker,actor_07_statement_None,test,pair_0025_sad
speaker,actor_07_statement_None,test,pair_0026_happy
speaker,actor_07_statement_None,test,pair_0026_sad
speaker,actor_07_statement_None,test,pair_0027_happy
speaker,actor_07_statement_None,test,pair_0027_sad
speaker,actor_08_statement_None,train,pair_0000_happy
speaker,actor_08_statement_None,train,pair_0000_sad
speaker,actor_08_statement_None,train,pair_0001_happy
speaker,actor_08_statement_None,train,pair_0001_sad
speaker,actor_08_statement_None,train,pair_0002_happy
speaker,actor_08_statement_None,train,pair_0002_sad
speaker,actor_08_statement_None,train,pair_0003_happy
speaker,actor_08_statement_None,train,pair_0003_sad
speaker,actor_08_statement_None,train,pair_0004_happy
speaker,actor_08_statement_None,train,pair_0004_sad
speaker,actor_08_statement_None,train,pair_0005_happy
speaker,actor_08_statement_None,train,pair_0005_sad
speaker,actor_08_statement_None,train,pair_0006_happy
speaker,actor_08_statement_None,train,pair_0006_sad
speaker,actor_08_statement_None,train,pair_0007_happy
speaker,actor_08_statement_None,train,pair_0007_sad
speaker,actor_08_statement_None,train,pair_0008_happy
speaker,actor_08_statement_None,train,pair_0008_sad
speaker,actor_08_statement_None,train,pair_0009_happy
speaker,actor_08_statement_None,train,pair_0009_sad
speaker,actor_08_statement_None,train,pair_0010_happy
speaker,actor_08_statement_None,train,pair_0010_sad
speaker,actor_08_statement_None,train,pair_0011_happy
speaker,actor_08_statement_None,train,pair_0011_sad
speaker,actor_08_statement_None,train,pair_0012_happy
speaker,actor_08_statement_None,train,pair_0012_sad
speaker,actor_08_statement_None,train,pair_0013_happy
speaker,actor_08_statement_None,train,pair_0013_sad
speaker,actor_08_statement_None,train,pair_0014_happy
speaker,actor_08_statement_None,train,pair_0014_sad
speaker,actor_08_statement_None,train,pair_0015_happy
speaker,actor_08_statement_None,train,pair_0015_sad
speaker,actor_08_statement_None,train,pair_0016_happy
speaker,actor_08_statement_None,train,pair_0016_sad
speaker,actor_08_statement_None,train,pair_0017_happy
speaker,actor_08_statement_None,train,pair_0017_sad
speaker,actor_08_statement_None,train,pair_0018_happy
speaker,actor_08_statement_None,train,pair_0018_sad
speaker,actor_08_statement_None,train,pair_0019_happy
speaker,actor_08_statement_None,train,pair_0019_sad
speaker,actor_08_statement_None,train,pair_0020_happy
speaker,actor_08_statement_None,train,pair_0020_sad
speaker,actor_08_statement_None,train,pair_0021_happy
speaker,actor_08_statement_None,train,pair_0021_sad
speaker,actor_08_statement_None,train,pair_0022_happy
speaker,actor_08_statement_None,train,pair_0022_sad
speaker,actor_08_statement_None,train,pair_0023_happy
speaker,actor_08_statement_None,train,pair_0023_sad
speaker,actor_08_statement_None,train,pair_0024_happy
speaker,actor_08_statement_None,train,pair_0024_sad
speaker,actor_08_statement_None,train,pair_0025_happy
speaker,actor_08_statement_None,train,pair_0025_sad
speaker,actor_08_statement_None,train,pair_0026_happy
speaker,actor_08_statement_None,train,pair_0026_sad
speaker,actor_08_statement_None,train,pair_0027_happy
speaker,actor_08_statement_None,train,pair_0027_sad
speaker,actor_08_statement_None,train,pair_0032_happy
speaker,actor_08_statement_None,train,pair_0032_sad
speaker,actor_08_statement_None,train,pair_0033_happy
speaker,actor_08_statement_None,train,pair_0033_sad
speaker,actor_08_statement_None,train,pair_0034_happy
speaker,actor_08_statement_None,train,pair_0034_sad
speaker,actor_08_statement_None,train,pair_0035_happy
speaker,actor_08_statement_None,train,pair_0035_sad
speaker,actor_08_statement_None,train,pair_0036_happy
speaker,actor_08_statement_None,train,pair_0036_sad
speaker,actor_08_statement_None,train,pair_0037_happy
speaker,actor_08_statement_None,train,pair_0037_sad
speaker,actor_08_statement_None,train,pair_0038_happy
speaker,actor_08_statement_None,train,pair_0038_sad
speaker,actor_08_statement_None,train,pair_0039_happy
speaker,actor_08_statement_None,train,pair_0039_sad
speaker,actor_08_statement_None,train,pair_0040_happy
speaker,actor_08_statement_None,train,pair_0040_sad
speaker,actor_08_statement_None,train,pair_0041_happy
speaker,actor_08_statement_None,train,pair_0041_sad
speaker,actor_08_statement_None,train,pair_0042_happy
speaker,actor_08_statement_None,train,pair_0042_sad
speaker,actor_08_statement_None,train,pair_0043_happy
speaker,actor_08_statement_None,train,pair_0043_sad
speaker,actor_08_statement_None,train,pair_0044_happy
speaker,actor_08_statement_None,train,pair_0044_sad
speaker,actor_08_statement_None,train,pair_0045_happy
speaker,actor_08_statement_None,train,pair_0045_sad
speaker,actor_08_statement_None,train,pair_0046_happy
speaker,actor_08_statement_None,train,pair_0046_sad
speaker,actor_08_statement_None,train,pair_0047_happy
speaker,actor_08_statement_None,train,pair_0047_sad
speaker,actor_08_statement_None,train,pair_0048_happy
speaker,actor_08_statement_None,train,pair_0048_sad
speaker,actor_08_statement_None,train,pair_0049_happy
speaker,actor_08_statement_None,train,pair_0049_sad
speaker,actor_08_statement_None,train,pair_0050_happy
speaker,actor_08_statement_None,train,pair_0050_sad
speaker,actor_08_statement_None,train,pair_0051_happy
speaker,actor_08_statement_None,train,pair_0051_sad
speaker,actor_08_statement_None,train,pair_0052_happy
speaker,actor_08_statement_None,train,pair_0052_sad
speaker,actor_08_statement_None,train,pair_0053_happy
speaker,actor_08_statement_None,train,pair_0053_sad
speaker,actor_08_statement_None,train,pair_0054_happy
speaker,actor_08_statement_None,train,pair_0054_sad
speaker,actor_08_statement_None,train,pair_0055_happy
speaker,actor_08_statement_None,train,pair_0055_sad
speaker,actor_08_statement_None,train,pair_0056_happy
speaker,actor_08_statement_None,train,pair_0056_sad
speaker,actor_08_statement_None,train,pair_0057_happy
speaker,actor_08_statement_None,train,pair_0057_sad
speaker,actor_08_statement_None,train,pair_0058_happy
speaker,actor_08_statement_None,train,pair_0058_sad
speaker,actor_08_statement_None,train,pair_0059_happy
speaker,actor_08_statement_None,train,pair_0059_sad
speaker,actor_08_statement_None,train,pair_0060_happy
speaker,actor_08_statement_None,train,pair_0060_sad
speaker,actor_08_statement_None,train,pair_0061_happy
speaker,actor_08_statement_None,train,pair_0061_sad
speaker,actor_08_statement_None,train,pair_0062_happy
speaker,actor_08_statement_None,train,pair_0062_sad
speaker,actor_08_statement_None,train,pair_0063_happy
speaker,actor_08_statement_None,train,pair_0063_sad
speaker,actor_08_statement_None,train,pair_0064_happy
speaker,actor_08_statement_None,train,pair_0064_sad
speaker,actor_08_statement_None,train,pair_0065_happy
speaker,actor_08_statement_None,train,pair_0065_sad
speaker,actor_08_statement_None,train,pair_0066_happy
speaker,actor_08_statement_None,train,pair_0066_sad
speaker,actor_08_statement_None,train,pair_0067_happy
speaker,actor_08_statement_None,train,pair_0067_sad
speaker,actor_08_statement_None,train,pair_0068_happy
speaker,actor_08_statement_None,train,pair_0068_sad
speaker,actor_08_statement_None,train,pair_0069_happy
speaker,actor_08_statement_None,train,pair_0069_sad
speaker,actor_08_statement_None,train,pair_0070_happy
speaker,actor_08_statement_None,train,pair_0070_sad
speaker,actor_08_statement_None,train,pair_0071_happy
speaker,actor_08_statement_None,train,pair_0071_sad
speaker,actor_08_statement_None,train,pair_0072_happy
speaker,actor_08_statement_None,train,pair_0072_sad
speaker,actor_08_statement_None,train,pair_0073_happy
speaker,actor_08_statement_None,train,pair_0073_sad
speaker,actor_08_statement_None,train,pair_0074_happy
speaker,actor_08_statement_None,train,pair_0074_sad
speaker,actor_08_statement_None,train,pair_0075_happy
speaker,actor_08_statement_None,train,pair_0075_sad
speaker,actor_08_statement_None,train,pair_0076_happy
speaker,actor_08_statement_None,train,pair_0076_sad
speaker,actor_08_statement_None,train,pair_0077_happy
speaker,actor_08_statement_None,train,pair_0077_sad
speaker,actor_08_statement_None,train,pair_0078_happy
speaker,actor_08_statement_None,train,pair_0078_sad
speaker,actor_08_statement_None,train,pair_0079_happy
speaker,actor_08_statement_None,train,pair_0079_sad
speaker,actor_08_statement_None,train,pair_0080_happy
speaker,actor_08_statement_None,train,pair_0080_sad
speaker,actor_08_statement_None,train,pair_0081_happy
speaker,actor_08_statement_None,train,pair_0081_sad
speaker,actor_08_statement_None,train,pair_0082_happy
speaker,actor_08_statement_None,train,pair_0082_sad
speaker,actor_08_statement_None,train,pair_0083_happy
speaker,actor_08_statement_None,train,pair_0083_sad
speaker,actor_08_statement_None,train,pair_0084_happy
speaker,actor_08_statement_None,train,pair_0084_sad
speaker,actor_08_statement_None,train,pair_0085_happy
speaker,actor_08_statement_None,train,pair_0085_sad
speaker,actor_08_statement_None,train,pair_0086_happy
speaker,actor_08_statement_None,train,pair_0086_sad
speaker,actor_08_statement_None,train,pair_0087_happy
speaker,actor_08_statement_None,train,pair_0087_sad
speaker,actor_08_statement_None,train,pair_0088_happy
speaker,actor_08_statement_None,train,pair_0088_sad
speaker,actor_08_statement_None,train,pair_0089_happy
speaker,actor_08_statement_None,train,pair_0089_sad
speaker,actor_08_statement_None,train,pair_0090_happy
speaker,actor_08_statement_None,train,pair_0090_sad
speaker,actor_08_statement_None,train,pair_0091_happy
speaker,actor_08_statement_None,train,pair_0091_sad
speaker,actor_08_statement_None,train,pair_0092_happy
speaker,actor_08_statement_None,train,pair_0092_sad
speaker,actor_08_statement_None,train,pair_0093_happy
speaker,actor_08_statement_None,train,pair_0093_sad
speaker,actor_08_statement_None,train,pair_0094_happy
speaker,actor_08_statement_None,train,pair_0094_sad
speaker,actor_08_statement_None,train,pair_0095_happy
speaker,actor_08_statement_None,train,pair_0095_sad
speaker,actor_08_statement_None,test,pair_0028_happy
speaker,actor_08_statement_None,test,pair_0028_sad
speaker,actor_08_statement_None,test,pair_0029_happy
speaker,actor_08_statement_None,test,pair_0029_sad
speaker,actor_08_statement_None,test,pair_0030_happy
speaker,actor_08_statement_None,test,pair_0030_sad
speaker,actor_08_statement_None,test,pair_0031_happy
speaker,actor_08_statement_None,test,pair_0031_sad
speaker,actor_09_statement_None,train,pair_0000_happy
speaker,actor_09_statement_None,train,pair_0000_sad
speaker,actor_09_statement_None,train,pair_0001_happy
speaker,actor_09_statement_None,train,pair_0001_sad
speaker,actor_09_statement_None,train,pair_0002_happy
speaker,actor_09_statement_None,train,pair_0002_sad
speaker,actor_09_statement_None,train,pair_0003_happy
speaker,actor_09_statement_None,train,pair_0003_sad
speaker,actor_09_statement_None,train,pair_0004_happy
speaker,actor_09_statement_None,train,pair_0004_sad
speaker,actor_09_statement_None,train,pair_0005_happy
speaker,actor_09_statement_None,train,pair_0005_sad
speaker,actor_09_statement_None,train,pair_0006_happy
speaker,actor_09_statement_None,train,pair_0006_sad
speaker,actor_09_statement_None,train,pair_0007_happy
speaker,actor_09_statement_None,train,pair_0007_sad
speaker,actor_09_statement_None,train,pair_0008_happy
speaker,actor_09_statement_None,train,pair_0008_sad
speaker,actor_09_statement_None,train,pair_0009_happy
speaker,actor_09_statement_None,train,pair_0009_sad
speaker,actor_09_statement_None,train,pair_0010_happy
speaker,actor_09_statement_None,train,pair_0010_sad
speaker,actor_09_statement_None,train,pair_0011_happy
speaker,actor_09_statement_None,train,pair_0011_sad
speaker,actor_09_statement_None,train,pair_0012_happy
speaker,actor_09_statement_None,train,pair_0012_sad
speaker,actor_09_statement_None,train,pair_0013_happy
speaker,actor_09_statement_None,train,pair_0013_sad
speaker,actor_09_statement_None,train,pair_0014_happy
speaker,actor_09_statement_None,train,pair_0014_sad
speaker,actor_09_statement_None,train,pair_0015_happy
speaker,actor_09_statement_None,train,pair_0015_sad
speaker,actor_09_statement_None,train,pair_0016_happy
speaker,actor_09_statement_None,train,pair_0016_sad
speaker,actor_09_statement_None,train,pair_0017_happy
speaker,actor_09_statement_None,train,pair_0017_sad
speaker,actor_09_statement_None,train,pair_0018_happy
speaker,actor_09_statement_None,train,pair_0018_sad
speaker,actor_09_statement_None,train,pair_0019_happy
speaker,actor_09_statement_None,train,pair_0019_sad
speaker,actor_09_statement_None,train,pair_0020_happy
speaker,actor_09_statement_None,train,pair_0020_sad
speaker,actor_09_statement_None,train,pair_0021_happy
speaker,actor_09_statement_None,train,pair_0021_sad
speaker,actor_09_statement_None,train,pair_0022_happy
speaker,actor_09_statement_None,train,pair_0022_sad
speaker,actor_09_statement_None,train,pair_0023_happy
speaker,actor_09_statement_None,train,pair_0023_sad
speaker,actor_09_statement_None,train,pair_0024_happy
speaker,actor_09_statement_None,train,pair_0024_sad
speaker,actor_09_statement_None,train,pair_0025_happy
speaker,actor_09_statement_None,train,pair_0025_sad
speaker,actor_09_statement_None,train,pair_0026_happy
speaker,actor_09_statement_None,train,pair_0026_sad
speaker,actor_09_statement_None,train,pair_0027_happy
speaker,actor_09_statement_None,train,pair_0027_sad
speaker,actor_09_statement_None,train,pair_0028_happy
speaker,actor_09_statement_None,train,pair_0028_sad
speaker,actor_09_statement_None,train,pair_0029_happy
speaker,actor_09_statement_None,train,pair_0029_sad
speaker,actor_09_statement_None,train,pair_0030_happy
speaker,actor_09_statement_None,train,pair_0030_sad
speaker,actor_09_statement_None,train,pair_0031_happy
speaker,actor_09_statement_None,train,pair_0031_sad
speaker,actor_09_statement_None,train,pair_0036_happy
speaker,actor_09_statement_None,train,pair_0036_sad
speaker,actor_09_statement_None,train,pair_0037_happy
speaker,actor_09_statement_None,train,pair_0037_sad
speaker,actor_09_statement_None,train,pair_0038_happy
speaker,actor_09_statement_None,train,pair_0038_sad
speaker,actor_09_statement_None,train,pair_0039_happy
speaker,actor_09_statement_None,train,pair_0039_sad
speaker,actor_09_statement_None,train,pair_0040_happy
speaker,actor_09_statement_None,train,pair_0040_sad
speaker,actor_09_statement_None,train,pair_0041_happy
speaker,actor_09_statement_None,train,pair_0041_sad
speaker,actor_09_statement_None,train,pair_0042_happy
speaker,actor_09_statement_None,train,pair_0042_sad
speaker,actor_09_statement_None,train,pair_0043_happy
speaker,actor_09_statement_None,train,pair_0043_sad
speaker,actor_09_statement_None,train,pair_0044_happy
speaker,actor_09_statement_None,train,pair_0044_sad
speaker,actor_09_statement_None,train,pair_0045_happy
speaker,actor_09_statement_None,train,pair_0045_sad
speaker,actor_09_statement_None,train,pair_0046_happy
speaker,actor_09_statement_None,train,pair_0046_sad
speaker,actor_09_statement_None,train,pair_0047_happy
speaker,actor_09_statement_None,train,pair_0047_sad
speaker,actor_09_statement_None,train,pair_0048_happy
speaker,actor_09_statement_None,train,pair_0048_sad
speaker,actor_09_statement_None,train,pair_0049_happy
speaker,actor_09_statement_None,train,pair_0049_sad
speaker,actor_09_statement_None,train,pair_0050_happy
speaker,actor_09_statement_None,train,pair_0050_sad
speaker,actor_09_statement_None,train,pair_0051_happy
speaker,actor_09_statement_None,train,pair_0051_sad
speaker,actor_09_statement_None,train,pair_0052_happy
speaker,actor_09_statement_None,train,pair_0052_sad
speaker,actor_09_statement_None,train,pair_0053_happy
speaker,actor_09_statement_None,train,pair_0053_sad
speaker,actor_09_statement_None,train,pair_0054_happy
speaker,actor_09_statement_None,train,pair_0054_sad
speaker,actor_09_statement_None,train,pair_0055_happy
speaker,actor_09_statement_None,train,pair_0055_sad
speaker,actor_09_statement_None,train,pair_0056_happy
speaker,actor_09_statement_None,train,pair_0056_sad
speaker,actor_09_statement_None,train,pair_0057_happy
speaker,actor_09_statement_None,train,pair_0057_sad
speaker,actor_09_statement_None,train,pair_0058_happy
speaker,actor_09_statement_None,train,pair_0058_sad
speaker,actor_09_statement_None,train,pair_0059_happy
speaker,actor_09_statement_None,train,pair_0059_sad
speaker,actor_09_statement_None,train,pair_0060_happy
speaker,actor_09_statement_None,train,pair_0060_sad
speaker,actor_09_statement_None,train,pair_0061_happy
speaker,actor_09_statement_None,train,pair_0061_sad
speaker,actor_09_statement_None,train,pair_0062_happy
speaker,actor_09_statement_None,train,pair_0062_sad
speaker,actor_09_statement_None,train,pair_0063_happy
speaker,actor_09_statement_None,train,pair_0063_sad
speaker,actor_09_statement_None,train,pair_0064_happy
speaker,actor_09_statement_None,train,pair_0064_sad
speaker,actor_09_statement_None,train,pair_0065_happy
speaker,actor_09_statement_None,train,pair_0065_sad
speaker,actor_09_statement_None,train,pair_0066_happy
speaker,actor_09_statement_None,train,pair_0066_sad
speaker,actor_09_statement_None,train,pair_0067_happy
speaker,actor_09_statement_None,train,pair_0067_sad
speaker,actor_09_statement_None,train,pair_0068_happy
speaker,actor_09_statement_None,train,pair_0068_sad
speaker,actor_09_statement_None,train,pair_0069_happy
speaker,actor_09_statement_None,train,pair_0069_sad
speaker,actor_09_statement_None,train,pair_0070_happy
speaker,actor_09_statement_None,train,pair_0070_sad
speaker,actor_09_statement_None,train,pair_0071_happy
speaker,actor_09_statement_None,train,pair_0071_sad
speaker,actor_09_statement_None,train,pair_0072_happy
speaker,actor_09_statement_None,train,pair_0072_sad
speaker,actor_09_statement_None,train,pair_0073_happy
speaker,actor_09_statement_None,train,pair_0073_sad
speaker,actor_09_statement_None,train,pair_0074_happy
speaker,actor_09_statement_None,train,pair_0074_sad
speaker,actor_09_statement_None,train,pair_0075_happy
speaker,actor_09_statement_None,train,pair_0075_sad
speaker,actor_09_statement_None,train,pair_0076_happy
speaker,actor_09_statement_None,train,pair_0076_sad
speaker,actor_09_statement_None,train,pair_0077_happy
speaker,actor_09_statement_None,train,pair_0077_sad
speaker,actor_09_statement_None,train,pair_0078_happy
speaker,actor_09_statement_None,train,pair_0078_sad
speaker,actor_09_statement_None,train,pair_0079_happy
speaker,actor_09_statement_None,train,pair_0079_sad
speaker,actor_09_statement_None,train,pair_0080_happy
speaker,actor_09_statement_None,train,pair_0080_sad
speaker,actor_09_statement_None,train,pair_0081_happy
speaker,actor_09_statement_None,train,pair_0081_sad
speaker,actor_09_statement_None,train,pair_0082_happy
speaker,actor_09_statement_None,train,pair_0082_sad
speaker,actor_09_statement_None,train,pair_0083_happy
speaker,actor_09_statement_None,train,pair_0083_sad
speaker,actor_09_statement_None,train,pair_0084_happy
speaker,actor_09_statement_None,train,pair_0084_sad
speaker,actor_09_statement_None,train,pair_0085_happy
speaker,actor_09_statement_None,train,pair_0085_sad
speaker,actor_09_statement_None,train,pair_0086_happy
speaker,actor_09_statement_None,train,pair_0086_sad
speaker,actor_09_statement_None,train,pair_0087_happy
speaker,actor_09_statement_None,train,pair_0087_sad
speaker,actor_09_statement_None,train,pair_0088_happy
speaker,actor_09_statement_None,train,pair_0088_sad
speaker,actor_09_statement_None,train,pair_0089_happy
speaker,actor_09_statement_None,train,pair_0089_sad
speaker,actor_09_statement_None,train,pair_0090_happy
speaker,actor_09_statement_None,train,pair_0090_sad
speaker,actor_09_statement_None,train,pair_0091_happy
speaker,actor_09_statement_None,train,pair_0091_sad
speaker,actor_09_statement_None,train,pair_0092_happy
speaker,actor_09_statement_None,train,pair_0092_sad
speaker,actor_09_statement_None,train,pair_0093_happy
speaker,actor_09_statement_None,train,pair_0093_sad
speaker,actor_09_statement_None,train,pair_0094_happy
speaker,actor_09_statement_None,train,pair_0094_sad
speaker,actor_09_statement_None,train,pair_0095_happy
speaker,actor_09_statement_None,train,pair_0095_sad
speaker,actor_09_statement_None,test,pair_0032_happy
speaker,actor_09_statement_None,test,pair_0032_sad
speaker,actor_09_statement_None,test,pair_0033_happy
speaker,actor_09_statement_None,test,pair_0033_sad
speaker,actor_09_statement_None,test,pair_0034_happy
speaker,actor_09_statement_None,test,pair_0034_sad
speaker,actor_09_statement_None,test,pair_0035_happy
speaker,actor_09_statement_None,test,pair_0035_sad
speaker,actor_10_statement_None,train,pair_0000_happy
speaker,actor_10_statement_None,train,pair_0000_sad
speaker,actor_10_statement_None,train,pair_0001_happy
speaker,actor_10_statement_None,train,pair_0001_sad
speaker,actor_10_statement_None,train,pair_0002_happy
speaker,actor_10_statement_None,train,pair_0002_sad
speaker,actor_10_statement_None,train,pair_0003_happy
speaker,actor_10_statement_None,train,pair_0003_sad
speaker,actor_10_statement_None,train,pair_0004_happy
speaker,actor_10_statement_None,train,pair_0004_sad
speaker,actor_10_statement_None,train,pair_0005_happy
speaker,actor_10_statement_None,train,pair_0005_sad
speaker,actor_10_statement_None,train,pair_0006_happy
speaker,actor_10_statement_None,train,pair_0006_sad
speaker,actor_10_statement_None,train,pair_0007_happy
speaker,actor_10_statement_None,train,pair_0007_sad
speaker,actor_10_statement_None,train,pair_0008_happy
speaker,actor_10_statement_None,train,pair_0008_sad
speaker,actor_10_statement_None,train,pair_0009_happy
speaker,actor_10_statement_None,train,pair_0009_sad
speaker,actor_10_statement_None,train,pair_0010_happy
speaker,actor_10_statement_None,train,pair_0010_sad
speaker,actor_10_statement_None,train,pair_0011_happy
speaker,actor_10_statement_None,train,pair_0011_sad
speaker,actor_10_statement_None,train,pair_0012_happy
speaker,actor_10_statement_None,train,pair_0012_sad
speaker,actor_10_statement_None,train,pair_0013_happy
speaker,actor_10_statement_None,train,pair_0013_sad
speaker,actor_10_statement_None,train,pair_0014_happy
speaker,actor_10_statement_None,train,pair_0014_sad
speaker,actor_10_statement_None,train,pair_0015_happy
speaker,actor_10_statement_None,train,pair_0015_sad
speaker,actor_10_statement_None,train,pair_0016_happy
speaker,actor_10_statement_None,train,pair_0016_sad
speaker,actor_10_statement_None,train,pair_0017_happy
speaker,actor_10_statement_None,train,pair_0017_sad
speaker,actor_10_statement_None,train,pair_0018_happy
speaker,actor_10_statement_None,train,pair_0018_sad
speaker,actor_10_statement_None,train,pair_0019_happy
speaker,actor_10_statement_None,train,pair_0019_sad
speaker,actor_10_statement_None,train,pair_0020_happy
speaker,actor_10_statement_None,train,pair_0020_sad
speaker,actor_10_statement_None,train,pair_0021_happy
speaker,actor_10_statement_None,train,pair_0021_sad
speaker,actor_10_statement_None,train,pair_0022_happy
speaker,actor_10_statement_None,train,pair_0022_sad
speaker,actor_10_statement_None,train,pair_0023_happy
speaker,actor_10_statement_None,train,pair_0023_sad
speaker,actor_10_statement_None,train,pair_0024_happy
speaker,actor_10_statement_None,train,pair_0024_sad
speaker,actor_10_statement_None,train,pair_0025_happy
speaker,actor_10_statement_None,train,pair_0025_sad
speaker,actor_10_statement_None,train,pair_0026_happy
speaker,actor_10_statement_None,train,pair_0026_sad
speaker,actor_10_statement_None,train,pair_0027_happy
speaker,actor_10_statement_None,train,pair_0027_sad
speaker,actor_10_statement_None,train,pair_0028_happy
speaker,actor_10_statement_None,train,pair_0028_sad
speaker,actor_10_statement_None,train,pair_0029_happy
speaker,actor_10_statement_None,train,pair_0029_sad
speaker,actor_10_statement_None,train,pair_0030_happy
speaker,actor_10_statement_None,train,pair_0030_sad
speaker,actor_10_statement_None,train,pair_0031_happy
speaker,actor_10_statement_None,train,pair_0031_sad
speaker,actor_10_statement_None,train,pair_0032_happy
speaker,actor_10_statement_None,train,pair_0032_sad
speaker,actor_10_statement_None,train,pair_0033_happy
speaker,actor_10_statement_None,train,pair_0033_sad
speaker,actor_10_statement_None,train,pair_0034_happy
speaker,actor_10_statement_None,train,pair_0034_sad
speaker,actor_10_statement_None,train,pair_0035_happy
speaker,actor_10_statement_None,train,pair_0035_sad
speaker,actor_10_statement_None,train,pair_0040_happy
speaker,actor_10_statement_None,train,pair_0040_sad
speaker,actor_10_statement_None,train,pair_0041_happy
speaker,actor_10_statement_None,train,pair_0041_sad
speaker,actor_10_statement_None,train,pair_0042_happy
speaker,actor_10_statement_None,train,pair_0042_sad
speaker,actor_10_statement_None,train,pair_0043_happy
speaker,actor_10_statement_None,train,pair_0043_sad
speaker,actor_10_statement_None,train,pair_0044_happy
speaker,actor_10_statement_None,train,pair_0044_sad
speaker,actor_10_statement_None,train,pair_0045_happy
speaker,actor_10_statement_None,train,pair_0045_sad
speaker,actor_10_statement_None,train,pair_0046_happy
speaker,actor_10_statement_None,train,pair_0046_sad
speaker,actor_10_statement_None,train,pair_0047_happy
speaker,actor_10_statement_None,train,pair_0047_sad
speaker,actor_10_statement_None,train,pair_0048_happy
speaker,actor_10_statement_None,train,pair_0048_sad
speaker,actor_10_statement_None,train,pair_0049_happy
speaker,actor_10_statement_None,train,pair_0049_sad
speaker,actor_10_statement_None,train,pair_0050_happy
speaker,actor_10_statement_None,train,pair_0050_sad
speaker,actor_10_statement_None,train,pair_0051_happy
speaker,actor_10_statement_None,train,pair_0051_sad
speaker,actor_10_statement_None,train,pair_0052_happy
speaker,actor_10_statement_None,train,pair_0052_sad
speaker,actor_10_statement_None,train,pair_0053_happy
speaker,actor_10_statement_None,train,pair_0053_sad
speaker,actor_10_statement_None,train,pair_0054_happy
speaker,actor_10_statement_None,train,pair_0054_sad
speaker,actor_10_statement_None,train,pair_0055_happy
speaker,actor_10_statement_None,train,pair_0055_sad
speaker,actor_10_statement_None,train,pair_0056_happy
speaker,actor_10_statement_None,train,pair_0056_sad
speaker,actor_10_statement_None,train,pair_0057_happy
speaker,actor_10_statement_None,train,pair_0057_sad
speaker,actor_10_statement_None,train,pair_0058_happy
speaker,actor_10_statement_None,train,pair_0058_sad
speaker,actor_10_statement_None,train,pair_0059_happy
speaker,actor_10_statement_None,train,pair_0059_sad
speaker,actor_10_statement_None,train,pair_0060_happy
speaker,actor_10_statement_None,train,pair_0060_sad
speaker,actor_10_statement_None,train,pair_0061_happy
speaker,actor_10_statement_None,train,pair_0061_sad
speaker,actor_10_statement_None,train,pair_0062_happy
speaker,actor_10_statement_None,train,pair_0062_sad
speaker,actor_10_statement_None,train,pair_0063_happy
speaker,actor_10_statement_None,train,pair_0063_sad
speaker,actor_10_statement_None,train,pair_0064_happy
speaker,actor_10_statement_None,train,pair_0064_sad
speaker,actor_10_statement_None,train,pair_0065_happy
speaker,actor_10_statement_None,train,pair_0065_sad
speaker,actor_10_statement_None,train,pair_0066_happy
speaker,actor_10_statement_None,train,pair_0066_sad
speaker,actor_10_statement_None,train,pair_0067_happy
speaker,actor_10_statement_None,train,pair_0067_sad
speaker,actor_10_statement_None,train,pair_0068_happy
speaker,actor_10_statement_None,train,pair_0068_sad
speaker,actor_10_statement_None,train,pair_0069_happy
speaker,actor_10_statement_None,train,pair_0069_sad
speaker,actor_10_statement_None,train,pair_0070_happy
speaker,actor_10_statement_None,train,pair_0070_sad
speaker,actor_10_statement_None,train,pair_0071_happy
speaker,actor_10_statement_None,train,pair_0071_sad
speaker,actor_10_statement_None,train,pair_0072_happy
speaker,actor_10_statement_None,train,pair_0072_sad
speaker,actor_10_statement_None,train,pair_0073_happy
speaker,actor_10_statement_None,train,pair_0073_sad
speaker,actor_10_statement_None,train,pair_0074_happy
speaker,actor_10_statement_None,train,pair_0074_sad
speaker,actor_10_statement_None,train,pair_0075_happy
speaker,actor_10_statement_None,train,pair_0075_sad
speaker,actor_10_statement_None,train,pair_0076_happy
speaker,actor_10_statement_None,train,pair_0076_sad
speaker,actor_10_statement_None,train,pair_0077_happy
speaker,actor_10_statement_None,train,pair_0077_sad
speaker,actor_10_statement_None,train,pair_0078_happy
speaker,actor_10_statement_None,train,pair_0078_sad
speaker,actor_10_statement_None,train,pair_0079_happy
speaker,actor_10_statement_None,train,pair_0079_sad
speaker,actor_10_statement_None,train,pair_0080_happy
speaker,actor_10_statement_None,train,pair_0080_sad
speaker,actor_10_statement_None,train,pair_0081_happy
speaker,actor_10_statement_None,train,pair_0081_sad
speaker,actor_10_statement_None,train,pair_0082_happy
speaker,actor_10_statement_None,train,pair_0082_sad
speaker,actor_10_statement_None,train,pair_0083_happy
speaker,actor_10_statement_None,train,pair_0083_sad
speaker,actor_10_statement_None,train,pair_0084_happy
speaker,actor_10_statement_None,train,pair_0084_sad
speaker,actor_10_statement_None,train,pair_0085_happy
speaker,actor_10_statement_None,train,pair_0085_sad
speaker,actor_10_statement_None,train,pair_0086_happy
speaker,actor_10_statement_None,train,pair_0086_sad
speaker,actor_10_statement_None,train,pair_0087_happy
speaker,actor_10_statement_None,train,pair_0087_sad
speaker,actor_10_statement_None,train,pair_0088_happy
speaker,actor_10_statement_None,train,pair_0088_sad
speaker,actor_10_statement_None,train,pair_0089_happy
speaker,actor_10_statement_None,train,pair_0089_sad
speaker,actor_10_statement_None,train,pair_0090_happy
speaker,actor_10_statement_None,train,pair_0090_sad
speaker,actor_10_statement_None,train,pair_0091_happy
speaker,actor_10_statement_None,train,pair_0091_sad
speaker,actor_10_statement_None,train,pair_0092_happy
speaker,actor_10_statement_None,train,pair_0092_sad
speaker,actor_10_statement_None,train,pair_0093_happy
speaker,actor_10_statement_None,train,pair_0093_sad
speaker,actor_10_statement_None,train,pair_0094_happy
speaker,actor_10_statement_None,train,pair_0094_sad
speaker,actor_10_statement_None,train,pair_0095_happy
speaker,actor_10_statement_None,train,pair_0095_sad
speaker,actor_10_statement_None,test,pair_0036_happy
speaker,actor_10_statement_None,test,pair_0036_sad
speaker,actor_10_statement_None,test,pair_0037_happy
speaker,actor_10_statement_None,test,pair_0037_sad
speaker,actor_10_statement_None,test,pair_0038_happy
speaker,actor_10_statement_None,test,pair_0038_sad
speaker,actor_10_statement_None,test,pair_0039_happy
speaker,actor_10_statement_None,test,pair_0039_sad
speaker,actor_11_statement_None,train,pair_0000_happy
speaker,actor_11_statement_None,train,pair_0000_sad
speaker,actor_11_statement_None,train,pair_0001_happy
speaker,actor_11_statement_None,train,pair_0001_sad
speaker,actor_11_statement_None,train,pair_0002_happy
speaker,actor_11_statement_None,train,pair_0002_sad
speaker,actor_11_statement_None,train,pair_0003_happy
speaker,actor_11_statement_None,train,pair_0003_sad
speaker,actor_11_statement_None,train,pair_0004_happy
speaker,actor_11_statement_None,train,pair_0004_sad
speaker,actor_11_statement_None,train,pair_0005_happy
speaker,actor_11_statement_None,train,pair_0005_sad
speaker,actor_11_statement_None,train,pair_0006_happy
speaker,actor_11_statement_None,train,pair_0006_sad
speaker,actor_11_statement_None,train,pair_0007_happy
speaker,actor_11_statement_None,train,pair_0007_sad
speaker,actor_11_statement_None,train,pair_0008_happy
speaker,actor_11_statement_None,train,pair_0008_sad
speaker,actor_11_statement_None,train,pair_0009_happy
speaker,actor_11_statement_None,train,pair_0009_sad
speaker,actor_11_statement_None,train,pair_0010_happy
speaker,actor_11_statement_None,train,pair_0010_sad
speaker,actor_11_statement_None,train,pair_0011_happy
speaker,actor_11_statement_None,train,pair_0011_sad
speaker,actor_11_statement_None,train,pair_0012_happy
speaker,actor_11_statement_None,train,pair_0012_sad
speaker,actor_11_statement_None,train,pair_0013_happy
speaker,actor_11_statement_None,train,pair_0013_sad
speaker,actor_11_statement_None,train,pair_0014_happy
speaker,actor_11_statement_None,train,pair_0014_sad
speaker,actor_11_statement_None,train,pair_0015_happy
speaker,actor_11_statement_None,train,pair_0015_sad
speaker,actor_11_statement_None,train,pair_0016_happy
speaker,actor_11_statement_None,train,pair_0016_sad
speaker,actor_11_statement_None,train,pair_0017_happy
speaker,actor_11_statement_None,train,pair_0017_sad
speaker,actor_11_statement_None,train,pair_0018_happy
speaker,actor_11_statement_None,train,pair_0018_sad
speaker,actor_11_statement_None,train,pair_0019_happy
speaker,actor_11_statement_None,train,pair_0019_sad
speaker,actor_11_statement_None,train,pair_0020_happy
speaker,actor_11_statement_None,train,pair_0020_sad
speaker,actor_11_statement_None,train,pair_0021_happy
speaker,actor_11_statement_None,train,pair_0021_sad
speaker,actor_11_statement_None,train,pair_0022_happy
speaker,actor_11_statement_None,train,pair_0022_sad
speaker,actor_11_statement_None,train,pair_0023_happy
speaker,actor_11_statement_None,train,pair_0023_sad
speaker,actor_11_statement_None,train,pair_0024_happy
speaker,actor_11_statement_None,train,pair_0024_sad
speaker,actor_11_statement_None,train,pair_0025_happy
speaker,actor_11_statement_None,train,pair_0025_sad
speaker,actor_11_statement_None,train,pair_0026_happy
speaker,actor_11_statement_None,train,pair_0026_sad
speaker,actor_11_statement_None,train,pair_0027_happy
speaker,actor_11_statement_None,train,pair_0027_sad
speaker,actor_11_statement_None,train,pair_0028_happy
speaker,actor_11_statement_None,train,pair_0028_sad
speaker,actor_11_statement_None,train,pair_0029_happy
speaker,actor_11_statement_None,train,pair_0029_sad
speaker,actor_11_statement_None,train,pair_0030_happy
speaker,actor_11_statement_None,train,pair_0030_sad
speaker,actor_11_statement_None,train,pair_0031_happy
speaker,actor_11_statement_None,train,pair_0031_sad
speaker,actor_11_statement_None,train,pair_0032_happy
speaker,actor_11_statement_None,train,pair_0032_sad
speaker,actor_11_statement_None,train,pair_0033_happy
speaker,actor_11_statement_None,train,pair_0033_sad
speaker,actor_11_statement_None,train,pair_0034_happy
speaker,actor_11_statement_None,train,pair_0034_sad
speaker,actor_11_statement_None,train,pair_0035_happy
speaker,actor_11_statement_None,train,pair_0035_sad
speaker,actor_11_statement_None,train,pair_0036_happy
speaker,actor_11_statement_None,train,pair_0036_sad
speaker,actor_11_statement_None,train,pair_0037_happy
speaker,actor_11_statement_None,train,pair_0037_sad
speaker,actor_11_statement_None,train,pair_0038_happy
speaker,actor_11_statement_None,train,pair_0038_sad
speaker,actor_11_statement_None,train,pair_0039_happy
speaker,actor_11_statement_None,train,pair_0039_sad
speaker,actor_11_statement_None,train,pair_0044_happy
speaker,actor_11_statement_None,train,pair_0044_sad
speaker,actor_11_statement_None,train,pair_0045_happy
speaker,actor_11_statement_None,train,pair_0045_sad
speaker,actor_11_statement_None,train,pair_0046_happy
speaker,actor_11_statement_None,train,pair_0046_sad
speaker,actor_11_statement_None,train,pair_0047_happy
speaker,actor_11_statement_None,train,pair_0047_sad
speaker,actor_11_statement_None,train,pair_0048_happy
speaker,actor_11_statement_None,train,pair_0048_sad
speaker,actor_11_statement_None,train,pair_0049_happy
speaker,actor_11_statement_None,train,pair_0049_sad
speaker,actor_11_statement_None,train,pair_0050_happy
speaker,actor_11_statement_None,train,pair_0050_sad
speaker,actor_11_statement_None,train,pair_0051_happy
speaker,actor_11_statement_None,train,pair_0051_sad
speaker,actor_11_statement_None,train,pair_0052_happy
speaker,actor_11_statement_None,train,pair_0052_sad
speaker,actor_11_statement_None,train,pair_0053_happy
speaker,actor_11_statement_None,train,pair_0053_sad
speaker,actor_11_statement_None,train,pair_0054_happy
speaker,actor_11_statement_None,train,pair_0054_sad
speaker,actor_11_statement_None,train,pair_0055_happy
speaker,actor_11_statement_None,train,pair_0055_sad
speaker,actor_11_statement_None,train,pair_0056_happy
speaker,actor_11_statement_None,train,pair_0056_sad
speaker,actor_11_statement_None,train,pair_0057_happy
speaker,actor_11_statement_None,train,pair_0057_sad
speaker,actor_11_statement_None,train,pair_0058_happy
speaker,actor_11_statement_None,train,pair_0058_sad
speaker,actor_11_statement_None,train,pair_0059_happy
speaker,actor_11_statement_None,train,pair_0059_sad
speaker,actor_11_statement_None,train,pair_0060_happy
speaker,actor_11_statement_None,train,pair_0060_sad
speaker,actor_11_statement_None,train,pair_0061_happy
speaker,actor_11_statement_None,train,pair_0061_sad
speaker,actor_11_statement_None,train,pair_0062_happy
speaker,actor_11_statement_None,train,pair_0062_sad
speaker,actor_11_statement_None,train,pair_0063_happy
speaker,actor_11_statement_None,train,pair_0063_sad
speaker,actor_11_statement_None,train,pair_0064_happy
speaker,actor_11_statement_None,train,pair_0064_sad
speaker,actor_11_statement_None,train,pair_0065_happy
speaker,actor_11_statement_None,train,pair_0065_sad
speaker,actor_11_statement_None,train,pair_0066_happy
speaker,actor_11_statement_None,train,pair_0066_sad
speaker,actor_11_statement_None,train,pair_0067_happy
speaker,actor_11_statement_None,train,pair_0067_sad
speaker,actor_11_statement_None,train,pair_0068_happy
speaker,actor_11_statement_None,train,pair_0068_sad
speaker,actor_11_statement_None,train,pair_0069_happy
speaker,actor_11_statement_None,train,pair_0069_sad
speaker,actor_11_statement_None,train,pair_0070_happy
speaker,actor_11_statement_None,train,pair_0070_sad
speaker,actor_11_statement_None,train,pair_0071_happy
speaker,actor_11_statement_None,train,pair_0071_sad
speaker,actor_11_statement_None,train,pair_0072_happy
speaker,actor_11_statement_None,train,pair_0072_sad
speaker,actor_11_statement_None,train,pair_0073_happy
speaker,actor_11_statement_None,train,pair_0073_sad
speaker,actor_11_statement_None,train,pair_0074_happy
speaker,actor_11_statement_None,train,pair_0074_sad
speaker,actor_11_statement_None,train,pair_0075_happy
speaker,actor_11_statement_None,train,pair_0075_sad
speaker,actor_11_statement_None,train,pair_0076_happy
speaker,actor_11_statement_None,train,pair_0076_sad
speaker,actor_11_statement_None,train,pair_0077_happy
speaker,actor_11_statement_None,train,pair_0077_sad
speaker,actor_11_statement_None,train,pair_0078_happy
speaker,actor_11_statement_None,train,pair_0078_sad
speaker,actor_11_statement_None,train,pair_0079_happy
speaker,actor_11_statement_None,train,pair_0079_sad
speaker,actor_11_statement_None,train,pair_0080_happy
speaker,actor_11_statement_None,train,pair_0080_sad
speaker,actor_11_statement_None,train,pair_0081_happy
speaker,actor_11_statement_None,train,pair_0081_sad
speaker,actor_11_statement_None,train,pair_0082_happy
speaker,actor_11_statement_None,train,pair_0082_sad
speaker,actor_11_statement_None,train,pair_0083_happy
speaker,actor_11_statement_None,train,pair_0083_sad
speaker,actor_11_statement_None,train,pair_0084_happy
speaker,actor_11_statement_None,train,pair_0084_sad
speaker,actor_11_statement_None,train,pair_0085_happy
speaker,actor_11_statement_None,train,pair_0085_sad
speaker,actor_11_statement_None,train,pair_0086_happy
speaker,actor_11_statement_None,train,pair_0086_sad
speaker,actor_11_statement_None,train,pair_0087_happy
speaker,actor_11_statement_None,train,pair_0087_sad
speaker,actor_11_statement_None,train,pair_0088_happy
speaker,actor_11_statement_None,train,pair_0088_sad
speaker,actor_11_statement_None,train,pair_0089_happy
speaker,actor_11_statement_None,train,pair_0089_sad
speaker,actor_11_statement_None,train,pair_0090_happy
speaker,actor_11_statement_None,train,pair_0090_sad
speaker,actor_11_statement_None,train,pair_0091_happy
speaker,actor_11_statement_None,train,pair_0091_sad
speaker,actor_11_statement_None,train,pair_0092_happy
speaker,actor_11_statement_None,train,pair_0092_sad
speaker,actor_11_statement_None,train,pair_0093_happy
speaker,actor_11_statement_None,train,pair_0093_sad
speaker,actor_11_statement_None,train,pair_0094_happy
speaker,actor_11_statement_None,train,pair_0094_sad
speaker,actor_11_statement_None,train,pair_0095_happy
speaker,actor_11_statement_None,train,pair_0095_sad
speaker,actor_11_statement_None,test,pair_0040_happy
speaker,actor_11_statement_None,test,pair_0040_sad
speaker,actor_11_statement_None,test,pair_0041_happy
speaker,actor_11_statement_None,test,pair_0041_sad
speaker,actor_11_statement_None,test,pair_0042_happy
speaker,actor_11_statement_None,test,pair_0042_sad
speaker,actor_11_statement_None,test,pair_0043_happy
speaker,actor_11_statement_None,test,pair_0043_sad
speaker,actor_12_statement_None,train,pair_0000_happy
speaker,actor_12_statement_None,train,pair_0000_sad
speaker,actor_12_statement_None,train,pair_0001_happy
speaker,actor_12_statement_None,train,pair_0001_sad
speaker,actor_12_statement_None,train,pair_0002_happy
speaker,actor_12_statement_None,train,pair_0002_sad
speaker,actor_12_statement_None,train,pair_0003_happy
speaker,actor_12_statement_None,train,pair_0003_sad
speaker,actor_12_statement_None,train,pair_0004_happy
speaker,actor_12_statement_None,train,pair_0004_sad
speaker,actor_12_statement_None,train,pair_0005_happy
speaker,actor_12_statement_None,train,pair_0005_sad
speaker,actor_12_statement_None,train,pair_0006_happy
speaker,actor_12_statement_None,train,pair_0006_sad
speaker,actor_12_statement_None,train,pair_0007_happy
speaker,actor_12_statement_None,train,pair_0007_sad
speaker,actor_12_statement_None,train,pair_0008_happy
speaker,actor_12_statement_None,train,pair_0008_sad
speaker,actor_12_statement_None,train,pair_0009_happy
speaker,actor_12_statement_None,train,pair_0009_sad
speaker,actor_12_statement_None,train,pair_0010_happy
speaker,actor_12_statement_None,train,pair_0010_sad
speaker,actor_12_statement_None,train,pair_0011_happy
speaker,actor_12_statement_None,train,pair_0011_sad
speaker,actor_12_statement_None,train,pair_0012_happy
speaker,actor_12_statement_None,train,pair_0012_sad
speaker,actor_12_statement_None,train,pair_0013_happy
speaker,actor_12_statement_None,train,pair_0013_sad
speaker,actor_12_statement_None,train,pair_0014_happy
speaker,actor_12_statement_None,train,pair_0014_sad
speaker,actor_12_statement_None,train,pair_0015_happy
speaker,actor_12_statement_None,train,pair_0015_sad
speaker,actor_12_statement_None,train,pair_0016_happy
speaker,actor_12_statement_None,train,pair_0016_sad
speaker,actor_12_statement_None,train,pair_0017_happy
speaker,actor_12_statement_None,train,pair_0017_sad
speaker,actor_12_statement_None,train,pair_0018_happy
speaker,actor_12_statement_None,train,pair_0018_sad
speaker,actor_12_statement_None,train,pair_0019_happy
speaker,actor_12_statement_None,train,pair_0019_sad
speaker,actor_12_statement_None,train,pair_0020_happy
speaker,actor_12_statement_None,train,pair_0020_sad
speaker,actor_12_statement_None,train,pair_0021_happy
speaker,actor_12_statement_None,train,pair_0021_sad
speaker,actor_12_statement_None,train,pair_0022_happy
speaker,actor_12_statement_None,train,pair_0022_sad
speaker,actor_12_statement_None,train,pair_0023_happy
speaker,actor_12_statement_None,train,pair_0023_sad
speaker,actor_12_statement_None,train,pair_0024_happy
speaker,actor_12_statement_None,train,pair_0024_sad
speaker,actor_12_statement_None,train,pair_0025_happy
speaker,actor_12_statement_None,train,pair_0025_sad
speaker,actor_12_statement_None,train,pair_0026_happy
speaker,actor_12_statement_None,train,pair_0026_sad
speaker,actor_12_statement_None,train,pair_0027_happy
speaker,actor_12_statement_None,train,pair_0027_sad
speaker,actor_12_statement_None,train,pair_0028_happy
speaker,actor_12_statement_None,train,pair_0028_sad
speaker,actor_12_statement_None,train,pair_0029_happy
speaker,actor_12_statement_None,train,pair_0029_sad
speaker,actor_12_statement_None,train,pair_0030_happy
speaker,actor_12_statement_None,train,pair_0030_sad
speaker,actor_12_statement_None,train,pair_0031_happy
speaker,actor_12_statement_None,train,pair_0031_sad
speaker,actor_12_statement_None,train,pair_0032_happy
speaker,actor_12_statement_None,train,pair_0032_sad
speaker,actor_12_statement_None,train,pair_0033_happy
speaker,actor_12_statement_None,train,pair_0033_sad
speaker,actor_12_statement_None,train,pair_0034_happy
speaker,actor_12_statement_None,train,pair_0034_sad
speaker,actor_12_statement_None,train,pair_0035_happy
speaker,actor_12_statement_None,train,pair_0035_sad
speaker,actor_12_statement_None,train,pair_0036_happy
speaker,actor_12_statement_None,train,pair_0036_sad
speaker,actor_12_statement_None,train,pair_0037_happy
speaker,actor_12_statement_None,train,pair_0037_sad
speaker,actor_12_statement_None,train,pair_0038_happy
speaker,actor_12_statement_None,train,pair_0038_sad
speaker,actor_12_statement_None,train,pair_0039_happy
speaker,actor_12_statement_None,train,pair_0039_sad
speaker,actor_12_statement_None,train,pair_0040_happy
speaker,actor_12_statement_None,train,pair_0040_sad
speaker,actor_12_statement_None,train,pair_0041_happy
speaker,actor_12_statement_None,train,pair_0041_sad
speaker,actor_12_statement_None,train,pair_0042_happy
speaker,actor_12_statement_None,train,pair_0042_sad
speaker,actor_12_statement_None,train,pair_0043_happy
speaker,actor_12_statement_None,train,pair_0043_sad
speaker,actor_12_statement_None,train,pair_0048_happy
speaker,actor_12_statement_None,train,pair_0048_sad
speaker,actor_12_statement_None,train,pair_0049_happy
speaker,actor_12_statement_None,train,pair_0049_sad
speaker,actor_12_statement_None,train,pair_0050_happy
speaker,actor_12_statement_None,train,pair_0050_sad
speaker,actor_12_statement_None,train,pair_0051_happy
speaker,actor_12_statement_None,train,pair_0051_sad
speaker,actor_12_statement_None,train,pair_0052_happy
speaker,actor_12_statement_None,train,pair_0052_sad
speaker,actor_12_statement_None,train,pair_0053_happy
speaker,actor_12_statement_None,train,pair_0053_sad
speaker,actor_12_statement_None,train,pair_0054_happy
speaker,actor_12_statement_None,train,pair_0054_sad
speaker,actor_12_statement_None,train,pair_0055_happy
speaker,actor_12_statement_None,train,pair_0055_sad
speaker,actor_12_statement_None,train,pair_0056_happy
speaker,actor_12_statement_None,train,pair_0056_sad
speaker,actor_12_statement_None,train,pair_0057_happy
speaker,actor_12_statement_None,train,pair_0057_sad
speaker,actor_12_statement_None,train,pair_0058_happy
speaker,actor_12_statement_None,train,pair_0058_sad
speaker,actor_12_statement_None,train,pair_0059_happy
speaker,actor_12_statement_None,train,pair_0059_sad
speaker,actor_12_statement_None,train,pair_0060_happy
speaker,actor_12_statement_None,train,pair_0060_sad
speaker,actor_12_statement_None,train,pair_0061_happy
speaker,actor_12_statement_None,train,pair_0061_sad
speaker,actor_12_statement_None,train,pair_0062_happy
speaker,actor_12_statement_None,train,pair_0062_sad
speaker,actor_12_statement_None,train,pair_0063_happy
speaker,actor_12_statement_None,train,pair_0063_sad
speaker,actor_12_statement_None,train,pair_0064_happy
speaker,actor_12_statement_None,train,pair_0064_sad
speaker,actor_12_statement_None,train,pair_0065_happy
speaker,actor_12_statement_None,train,pair_0065_sad
speaker,actor_12_statement_None,train,pair_0066_happy
speaker,actor_12_statement_None,train,pair_0066_sad
speaker,actor_12_statement_None,train,pair_0067_happy
speaker,actor_12_statement_None,train,pair_0067_sad
speaker,actor_12_statement_None,train,pair_0068_happy
speaker,actor_12_statement_None,train,pair_0068_sad
speaker,actor_12_statement_None,train,pair_0069_happy
speaker,actor_12_statement_None,train,pair_0069_sad
speaker,actor_12_statement_None,train,pair_0070_happy
speaker,actor_12_statement_None,train,pair_0070_sad
speaker,actor_12_statement_None,train,pair_0071_happy
speaker,actor_12_statement_None,train,pair_0071_sad
speaker,actor_12_statement_None,train,pair_0072_happy
speaker,actor_12_statement_None,train,pair_0072_sad
speaker,actor_12_statement_None,train,pair_0073_happy
speaker,actor_12_statement_None,train,pair_0073_sad
speaker,actor_12_statement_None,train,pair_0074_happy
speaker,actor_12_statement_None,train,pair_0074_sad
speaker,actor_12_statement_None,train,pair_0075_happy
speaker,actor_12_statement_None,train,pair_0075_sad
speaker,actor_12_statement_None,train,pair_0076_happy
speaker,actor_12_statement_None,train,pair_0076_sad
speaker,actor_12_statement_None,train,pair_0077_happy
speaker,actor_12_statement_None,train,pair_0077_sad
speaker,actor_12_statement_None,train,pair_0078_happy
speaker,actor_12_statement_None,train,pair_0078_sad
speaker,actor_12_statement_None,train,pair_0079_happy
speaker,actor_12_statement_None,train,pair_0079_sad
speaker,actor_12_statement_None,train,pair_0080_happy
speaker,actor_12_statement_None,train,pair_0080_sad
speaker,actor_12_statement_None,train,pair_0081_happy
speaker,actor_12_statement_None,train,pair_0081_sad
speaker,actor_12_statement_None,train,pair_0082_happy
speaker,actor_12_statement_None,train,pair_0082_sad
speaker,actor_12_statement_None,train,pair_0083_happy
speaker,actor_12_statement_None,train,pair_0083_sad
speaker,actor_12_statement_None,train,pair_0084_happy
speaker,actor_12_statement_None,train,pair_0084_sad
speaker,actor_12_statement_None,train,pair_0085_happy
speaker,actor_12_statement_None,train,pair_0085_sad
speaker,actor_12_statement_None,train,pair_0086_happy
speaker,actor_12_statement_None,train,pair_0086_sad
speaker,actor_12_statement_None,train,pair_0087_happy
speaker,actor_12_statement_None,train,pair_0087_sad
speaker,actor_12_statement_None,train,pair_0088_happy
speaker,actor_12_statement_None,train,pair_0088_sad
speaker,actor_12_statement_None,train,pair_0089_happy
speaker,actor_12_statement_None,train,pair_0089_sad
speaker,actor_12_statement_None,train,pair_0090_happy
speaker,actor_12_statement_None,train,pair_0090_sad
speaker,actor_12_statement_None,train,pair_0091_happy
speaker,actor_12_statement_None,train,pair_0091_sad
speaker,actor_12_statement_None,train,pair_0092_happy
speaker,actor_12_statement_None,train,pair_0092_sad
speaker,actor_12_statement_None,train,pair_0093_happy
speaker,actor_12_statement_None,train,pair_0093_sad
speaker,actor_12_statement_None,train,pair_0094_happy
speaker,actor_12_statement_None,train,pair_0094_sad
speaker,actor_12_statement_None,train,pair_0095_happy
speaker,actor_12_statement_None,train,pair_0095_sad
speaker,actor_12_statement_None,test,pair_0044_happy
speaker,actor_12_statement_None,test,pair_0044_sad
speaker,actor_12_statement_None,test,pair_0045_happy
speaker,actor_12_statement_None,test,pair_0045_sad
speaker,actor_12_statement_None,test,pair_0046_happy
speaker,actor_12_statement_None,test,pair_0046_sad
speaker,actor_12_statement_None,test,pair_0047_happy
speaker,actor_12_statement_None,test,pair_0047_sad
speaker,actor_13_statement_None,train,pair_0000_happy
speaker,actor_13_statement_None,train,pair_0000_sad
speaker,actor_13_statement_None,train,pair_0001_happy
speaker,actor_13_statement_None,train,pair_0001_sad
speaker,actor_13_statement_None,train,pair_0002_happy
speaker,actor_13_statement_None,train,pair_0002_sad
speaker,actor_13_statement_None,train,pair_0003_happy
speaker,actor_13_statement_None,train,pair_0003_sad
speaker,actor_13_statement_None,train,pair_0004_happy
speaker,actor_13_statement_None,train,pair_0004_sad
speaker,actor_13_statement_None,train,pair_0005_happy
speaker,actor_13_statement_None,train,pair_0005_sad
speaker,actor_13_statement_None,train,pair_0006_happy
speaker,actor_13_statement_None,train,pair_0006_sad
speaker,actor_13_statement_None,train,pair_0007_happy
speaker,actor_13_statement_None,train,pair_0007_sad
speaker,actor_13_statement_None,train,pair_0008_happy
speaker,actor_13_statement_None,train,pair_0008_sad
speaker,actor_13_statement_None,train,pair_0009_happy
speaker,actor_13_statement_None,train,pair_0009_sad
speaker,actor_13_statement_None,train,pair_0010_happy
speaker,actor_13_statement_None,train,pair_0010_sad
speaker,actor_13_statement_None,train,pair_0011_happy
speaker,actor_13_statement_None,train,pair_0011_sad
speaker,actor_13_statement_None,train,pair_0012_happy
speaker,actor_13_statement_None,train,pair_0012_sad
speaker,actor_13_statement_None,train,pair_0013_happy
speaker,actor_13_statement_None,train,pair_0013_sad
speaker,actor_13_statement_None,train,pair_0014_happy
speaker,actor_13_statement_None,train,pair_0014_sad
speaker,actor_13_statement_None,train,pair_0015_happy
speaker,actor_13_statement_None,train,pair_0015_sad
speaker,actor_13_statement_None,train,pair_0016_happy
speaker,actor_13_statement_None,train,pair_0016_sad
speaker,actor_13_statement_None,train,pair_0017_happy
speaker,actor_13_statement_None,train,pair_0017_sad
speaker,actor_13_statement_None,train,pair_0018_happy
speaker,actor_13_statement_None,train,pair_0018_sad
speaker,actor_13_statement_None,train,pair_0019_happy
speaker,actor_13_statement_None,train,pair_0019_sad
speaker,actor_13_statement_None,train,pair_0020_happy
speaker,actor_13_statement_None,train,pair_0020_sad
speaker,actor_13_statement_None,train,pair_0021_happy
speaker,actor_13_statement_None,train,pair_0021_sad
speaker,actor_13_statement_None,train,pair_0022_happy
speaker,actor_13_statement_None,train,pair_0022_sad
speaker,actor_13_statement_None,train,pair_0023_happy
speaker,actor_13_statement_None,train,pair_0023_sad
speaker,actor_13_statement_None,train,pair_0024_happy
speaker,actor_13_statement_None,train,pair_0024_sad
speaker,actor_13_statement_None,train,pair_0025_happy
speaker,actor_13_statement_None,train,pair_0025_sad
speaker,actor_13_statement_None,train,pair_0026_happy
speaker,actor_13_statement_None,train,pair_0026_sad
speaker,actor_13_statement_None,train,pair_0027_happy
speaker,actor_13_statement_None,train,pair_0027_sad
speaker,actor_13_statement_None,train,pair_0028_happy
speaker,actor_13_statement_None,train,pair_0028_sad
speaker,actor_13_statement_None,train,pair_0029_happy
speaker,actor_13_statement_None,train,pair_0029_sad
speaker,actor_13_statement_None,train,pair_0030_happy
speaker,actor_13_statement_None,train,pair_0030_sad
speaker,actor_13_statement_None,train,pair_0031_happy
speaker,actor_13_statement_None,train,pair_0031_sad
speaker,actor_13_statement_None,train,pair_0032_happy
speaker,actor_13_statement_None,train,pair_0032_sad
speaker,actor_13_statement_None,train,pair_0033_happy
speaker,actor_13_statement_None,train,pair_0033_sad
speaker,actor_13_statement_None,train,pair_0034_happy
speaker,actor_13_statement_None,train,pair_0034_sad
speaker,actor_13_statement_None,train,pair_0035_happy
speaker,actor_13_statement_None,train,pair_0035_sad
speaker,actor_13_statement_None,train,pair_0036_happy
speaker,actor_13_statement_None,train,pair_0036_sad
speaker,actor_13_statement_None,train,pair_0037_happy
speaker,actor_13_statement_None,train,pair_0037_sad
speaker,actor_13_statement_None,train,pair_0038_happy
speaker,actor_13_statement_None,train,pair_0038_sad
speaker,actor_13_statement_None,train,pair_0039_happy
speaker,actor_13_statement_None,train,pair_0039_sad
speaker,actor_13_statement_None,train,pair_0040_happy
speaker,actor_13_statement_None,train,pair_0040_sad
speaker,actor_13_statement_None,train,pair_0041_happy
speaker,actor_13_statement_None,train,pair_0041_sad
speaker,actor_13_statement_None,train,pair_0042_happy
speaker,actor_13_statement_None,train,pair_0042_sad
speaker,actor_13_statement_None,train,pair_0043_happy
speaker,actor_13_statement_None,train,pair_0043_sad
speaker,actor_13_statement_None,train,pair_0044_happy
speaker,actor_13_statement_None,train,pair_0044_sad
speaker,actor_13_statement_None,train,pair_0045_happy
speaker,actor_13_statement_None,train,pair_0045_sad
speaker,actor_13_statement_None,train,pair_0046_happy
speaker,actor_13_statement_None,train,pair_0046_sad
speaker,actor_13_statement_None,train,pair_0047_happy
speaker,actor_13_statement_None,train,pair_0047_sad
speaker,actor_13_statement_None,train,pair_0052_happy
speaker,actor_13_statement_None,train,pair_0052_sad
speaker,actor_13_statement_None,train,pair_0053_happy
speaker,actor_13_statement_None,train,pair_0053_sad
speaker,actor_13_statement_None,train,pair_0054_happy
speaker,actor_13_statement_None,train,pair_0054_sad
speaker,actor_13_statement_None,train,pair_0055_happy
speaker,actor_13_statement_None,train,pair_0055_sad
speaker,actor_13_statement_None,train,pair_0056_happy
speaker,actor_13_statement_None,train,pair_0056_sad
speaker,actor_13_statement_None,train,pair_0057_happy
speaker,actor_13_statement_None,train,pair_0057_sad
speaker,actor_13_statement_None,train,pair_0058_happy
speaker,actor_13_statement_None,train,pair_0058_sad
speaker,actor_13_statement_None,train,pair_0059_happy
speaker,actor_13_statement_None,train,pair_0059_sad
speaker,actor_13_statement_None,train,pair_0060_happy
speaker,actor_13_statement_None,train,pair_0060_sad
speaker,actor_13_statement_None,train,pair_0061_happy
speaker,actor_13_statement_None,train,pair_0061_sad
speaker,actor_13_statement_None,train,pair_0062_happy
speaker,actor_13_statement_None,train,pair_0062_sad
speaker,actor_13_statement_None,train,pair_0063_happy
speaker,actor_13_statement_None,train,pair_0063_sad
speaker,actor_13_statement_None,train,pair_0064_happy
speaker,actor_13_statement_None,train,pair_0064_sad
speaker,actor_13_statement_None,train,pair_0065_happy
speaker,actor_13_statement_None,train,pair_0065_sad
speaker,actor_13_statement_None,train,pair_0066_happy
speaker,actor_13_statement_None,train,pair_0066_sad
speaker,actor_13_statement_None,train,pair_0067_happy
speaker,actor_13_statement_None,train,pair_0067_sad
speaker,actor_13_statement_None,train,pair_0068_happy
speaker,actor_13_statement_None,train,pair_0068_sad
speaker,actor_13_statement_None,train,pair_0069_happy
speaker,actor_13_statement_None,train,pair_0069_sad
speaker,actor_13_statement_None,train,pair_0070_happy
speaker,actor_13_statement_None,train,pair_0070_sad
speaker,actor_13_statement_None,train,pair_0071_happy
speaker,actor_13_statement_None,train,pair_0071_sad
speaker,actor_13_statement_None,train,pair_0072_happy
speaker,actor_13_statement_None,train,pair_0072_sad
speaker,actor_13_statement_None,train,pair_0073_happy
speaker,actor_13_statement_None,train,pair_0073_sad
speaker,actor_13_statement_None,train,pair_0074_happy
speaker,actor_13_statement_None,train,pair_0074_sad
speaker,actor_13_statement_None,train,pair_0075_happy
speaker,actor_13_statement_None,train,pair_0075_sad
speaker,actor_13_statement_None,train,pair_0076_happy
speaker,actor_13_statement_None,train,pair_0076_sad
speaker,actor_13_statement_None,train,pair_0077_happy
speaker,actor_13_statement_None,train,pair_0077_sad
speaker,actor_13_statement_None,train,pair_0078_happy
speaker,actor_13_statement_None,train,pair_0078_sad
speaker,actor_13_statement_None,train,pair_0079_happy
speaker,actor_13_statement_None,train,pair_0079_sad
speaker,actor_13_statement_None,train,pair_0080_happy
speaker,actor_13_statement_None,train,pair_0080_sad
speaker,actor_13_statement_None,train,pair_0081_happy
speaker,actor_13_statement_None,train,pair_0081_sad
speaker,actor_13_statement_None,train,pair_0082_happy
speaker,actor_13_statement_None,train,pair_0082_sad
speaker,actor_13_statement_None,train,pair_0083_happy
speaker,actor_13_statement_None,train,pair_0083_sad
speaker,actor_13_statement_None,train,pair_0084_happy
speaker,actor_13_statement_None,train,pair_0084_sad
speaker,actor_13_statement_None,train,pair_0085_happy
speaker,actor_13_statement_None,train,pair_0085_sad
speaker,actor_13_statement_None,train,pair_0086_happy
speaker,actor_13_statement_None,train,pair_0086_sad
speaker,actor_13_statement_None,train,pair_0087_happy
speaker,actor_13_statement_None,train,pair_0087_sad
speaker,actor_13_statement_None,train,pair_0088_happy
speaker,actor_13_statement_None,train,pair_0088_sad
speaker,actor_13_statement_None,train,pair_0089_happy
speaker,actor_13_statement_None,train,pair_0089_sad
speaker,actor_13_statement_None,train,pair_0090_happy
speaker,actor_13_statement_None,train,pair_0090_sad
speaker,actor_13_statement_None,train,pair_0091_happy
speaker,actor_13_statement_None,train,pair_0091_sad
speaker,actor_13_statement_None,train,pair_0092_happy
speaker,actor_13_statement_None,train,pair_0092_sad
speaker,actor_13_statement_None,train,pair_0093_happy
speaker,actor_13_statement_None,train,pair_0093_sad
speaker,actor_13_statement_None,train,pair_0094_happy
speaker,actor_13_statement_None,train,pair_0094_sad
speaker,actor_13_statement_None,train,pair_0095_happy
speaker,actor_13_statement_None,train,pair_0095_sad
speaker,actor_13_statement_None,test,pair_0048_happy
speaker,actor_13_statement_None,test,pair_0048_sad
speaker,actor_13_statement_None,test,pair_0049_happy
speaker,actor_13_statement_None,test,pair_0049_sad
speaker,actor_13_statement_None,test,pair_0050_happy
speaker,actor_13_statement_None,test,pair_0050_sad
speaker,actor_13_statement_None,test,pair_0051_happy
speaker,actor_13_statement_None,test,pair_0051_sad
speaker,actor_14_statement_None,train,pair_0000_happy
speaker,actor_14_statement_None,train,pair_0000_sad
speaker,actor_14_statement_None,train,pair_0001_happy
speaker,actor_14_statement_None,train,pair_0001_sad
speaker,actor_14_statement_None,train,pair_0002_happy
speaker,actor_14_statement_None,train,pair_0002_sad
speaker,actor_14_statement_None,train,pair_0003_happy
speaker,actor_14_statement_None,train,pair_0003_sad
speaker,actor_14_statement_None,train,pair_0004_happy
speaker,actor_14_statement_None,train,pair_0004_sad
speaker,actor_14_statement_None,train,pair_0005_happy
speaker,actor_14_statement_None,train,pair_0005_sad
speaker,actor_14_statement_None,train,pair_0006_happy
speaker,actor_14_statement_None,train,pair_0006_sad
speaker,actor_14_statement_None,train,pair_0007_happy
speaker,actor_14_statement_None,train,pair_0007_sad
speaker,actor_14_statement_None,train,pair_0008_happy
speaker,actor_14_statement_None,train,pair_0008_sad
speaker,actor_14_statement_None,train,pair_0009_happy
speaker,actor_14_statement_None,train,pair_0009_sad
speaker,actor_14_statement_None,train,pair_0010_happy
speaker,actor_14_statement_None,train,pair_0010_sad
speaker,actor_14_statement_None,train,pair_0011_happy
speaker,actor_14_statement_None,train,pair_0011_sad
speaker,actor_14_statement_None,train,pair_0012_happy
speaker,actor_14_statement_None,train,pair_0012_sad
speaker,actor_14_statement_None,train,pair_0013_happy
speaker,actor_14_statement_None,train,pair_0013_sad
speaker,actor_14_statement_None,train,pair_0014_happy
speaker,actor_14_statement_None,train,pair_0014_sad
speaker,actor_14_statement_None,train,pair_0015_happy
speaker,actor_14_statement_None,train,pair_0015_sad
speaker,actor_14_statement_None,train,pair_0016_happy
speaker,actor_14_statement_None,train,pair_0016_sad
speaker,actor_14_statement_None,train,pair_0017_happy
speaker,actor_14_statement_None,train,pair_0017_sad
speaker,actor_14_statement_None,train,pair_0018_happy
speaker,actor_14_statement_None,train,pair_0018_sad
speaker,actor_14_statement_None,train,pair_0019_happy
speaker,actor_14_statement_None,train,pair_0019_sad
speaker,actor_14_statement_None,train,pair_0020_happy
speaker,actor_14_statement_None,train,pair_0020_sad
speaker,actor_14_statement_None,train,pair_0021_happy
speaker,actor_14_statement_None,train,pair_0021_sad
speaker,actor_14_statement_None,train,pair_0022_happy
speaker,actor_14_statement_None,train,pair_0022_sad
speaker,actor_14_statement_None,train,pair_0023_happy
speaker,actor_14_statement_None,train,pair_0023_sad
speaker,actor_14_statement_None,train,pair_0024_happy
speaker,actor_14_statement_None,train,pair_0024_sad
speaker,actor_14_statement_None,train,pair_0025_happy
speaker,actor_14_statement_None,train,pair_0025_sad
speaker,actor_14_statement_None,train,pair_0026_happy
speaker,actor_14_statement_None,train,pair_0026_sad
speaker,actor_14_statement_None,train,pair_0027_happy
speaker,actor_14_statement_None,train,pair_0027_sad
speaker,actor_14_statement_None,train,pair_0028_happy
speaker,actor_14_statement_None,train,pair_0028_sad
speaker,actor_14_statement_None,train,pair_0029_happy
speaker,actor_14_statement_None,train,pair_0029_sad
speaker,actor_14_statement_None,train,pair_0030_happy
speaker,actor_14_statement_None,train,pair_0030_sad
speaker,actor_14_statement_None,train,pair_0031_happy
speaker,actor_14_statement_None,train,pair_0031_sad
speaker,actor_14_statement_None,train,pair_0032_happy
speaker,actor_14_statement_None,train,pair_0032_sad
speaker,actor_14_statement_None,train,pair_0033_happy
speaker,actor_14_statement_None,train,pair_0033_sad
speaker,actor_14_statement_None,train,pair_0034_happy
speaker,actor_14_statement_None,train,pair_0034_sad
speaker,actor_14_statement_None,train,pair_0035_happy
speaker,actor_14_statement_None,train,pair_0035_sad
speaker,actor_14_statement_None,train,pair_0036_happy
speaker,actor_14_statement_None,train,pair_0036_sad
speaker,actor_14_statement_None,train,pair_0037_happy
speaker,actor_14_statement_None,train,pair_0037_sad
speaker,actor_14_statement_None,train,pair_0038_happy
speaker,actor_14_statement_None,train,pair_0038_sad
speaker,actor_14_statement_None,train,pair_0039_happy
speaker,actor_14_statement_None,train,pair_0039_sad
speaker,actor_14_statement_None,train,pair_0040_happy
speaker,actor_14_statement_None,train,pair_0040_sad
speaker,actor_14_statement_None,train,pair_0041_happy
speaker,actor_14_statement_None,train,pair_0041_sad
speaker,actor_14_statement_None,train,pair_0042_happy
speaker,actor_14_statement_None,train,pair_0042_sad
speaker,actor_14_statement_None,train,pair_0043_happy
speaker,actor_14_statement_None,train,pair_0043_sad
speaker,actor_14_statement_None,train,pair_0044_happy
speaker,actor_14_statement_None,train,pair_0044_sad
speaker,actor_14_statement_None,train,pair_0045_happy
speaker,actor_14_statement_None,train,pair_0045_sad
speaker,actor_14_statement_None,train,pair_0046_happy
speaker,actor_14_statement_None,train,pair_0046_sad
speaker,actor_14_statement_None,train,pair_0047_happy
speaker,actor_14_statement_None,train,pair_0047_sad
speaker,actor_14_statement_None,train,pair_0048_happy
speaker,actor_14_statement_None,train,pair_0048_sad
speaker,actor_14_statement_None,train,pair_0049_happy
speaker,actor_14_statement_None,train,pair_0049_sad
speaker,actor_14_statement_None,train,pair_0050_happy
speaker,actor_14_statement_None,train,pair_0050_sad
speaker,actor_14_statement_None,train,pair_0051_happy
speaker,actor_14_statement_None,train,pair_0051_sad
speaker,actor_14_statement_None,train,pair_0056_happy
speaker,actor_14_statement_None,train,pair_0056_sad
speaker,actor_14_statement_None,train,pair_0057_happy
speaker,actor_14_statement_None,train,pair_0057_sad
speaker,actor_14_statement_None,train,pair_0058_happy
speaker,actor_14_statement_None,train,pair_0058_sad
speaker,actor_14_statement_None,train,pair_0059_happy
speaker,actor_14_statement_None,train,pair_0059_sad
speaker,actor_14_statement_None,train,pair_0060_happy
speaker,actor_14_statement_None,train,pair_0060_sad
speaker,actor_14_statement_None,train,pair_0061_happy
speaker,actor_14_statement_None,train,pair_0061_sad
speaker,actor_14_statement_None,train,pair_0062_happy
speaker,actor_14_statement_None,train,pair_0062_sad
speaker,actor_14_statement_None,train,pair_0063_happy
speaker,actor_14_statement_None,train,pair_0063_sad
speaker,actor_14_statement_None,train,pair_0064_happy
speaker,actor_14_statement_None,train,pair_0064_sad
speaker,actor_14_statement_None,train,pair_0065_happy
speaker,actor_14_statement_None,train,pair_0065_sad
speaker,actor_14_statement_None,train,pair_0066_happy
speaker,actor_14_statement_None,train,pair_0066_sad
speaker,actor_14_statement_None,train,pair_0067_happy
speaker,actor_14_statement_None,train,pair_0067_sad
speaker,actor_14_statement_None,train,pair_0068_happy
speaker,actor_14_statement_None,train,pair_0068_sad
speaker,actor_14_statement_None,train,pair_0069_happy
speaker,actor_14_statement_None,train,pair_0069_sad
speaker,actor_14_statement_None,train,pair_0070_happy
speaker,actor_14_statement_None,train,pair_0070_sad
speaker,actor_14_statement_None,train,pair_0071_happy
speaker,actor_14_statement_None,train,pair_0071_sad
speaker,actor_14_statement_None,train,pair_0072_happy
speaker,actor_14_statement_None,train,pair_0072_sad
speaker,actor_14_statement_None,train,pair_0073_happy
speaker,actor_14_statement_None,train,pair_0073_sad
speaker,actor_14_statement_None,train,pair_0074_happy
speaker,actor_14_statement_None,train,pair_0074_sad
speaker,actor_14_statement_None,train,pair_0075_happy
speaker,actor_14_statement_None,train,pair_0075_sad
speaker,actor_14_statement_None,train,pair_0076_happy
speaker,actor_14_statement_None,train,pair_0076_sad
speaker,actor_14_statement_None,train,pair_0077_happy
speaker,actor_14_statement_None,train,pair_0077_sad
speaker,actor_14_statement_None,train,pair_0078_happy
speaker,actor_14_statement_None,train,pair_0078_sad
speaker,actor_14_statement_None,train,pair_0079_happy
speaker,actor_14_statement_None,train,pair_0079_sad
speaker,actor_14_statement_None,train,pair_0080_happy
speaker,actor_14_statement_None,train,pair_0080_sad
speaker,actor_14_statement_None,train,pair_0081_happy
speaker,actor_14_statement_None,train,pair_0081_sad
speaker,actor_14_statement_None,train,pair_0082_happy
speaker,actor_14_statement_None,train,pair_0082_sad
speaker,actor_14_statement_None,train,pair_0083_happy
speaker,actor_14_statement_None,train,pair_0083_sad
speaker,actor_14_statement_None,train,pair_0084_happy
speaker,actor_14_statement_None,train,pair_0084_sad
speaker,actor_14_statement_None,train,pair_0085_happy
speaker,actor_14_statement_None,train,pair_0085_sad
speaker,actor_14_statement_None,train,pair_0086_happy
speaker,actor_14_statement_None,train,pair_0086_sad
speaker,actor_14_statement_None,train,pair_0087_happy
speaker,actor_14_statement_None,train,pair_0087_sad
speaker,actor_14_statement_None,train,pair_0088_happy
speaker,actor_14_statement_None,train,pair_0088_sad
speaker,actor_14_statement_None,train,pair_0089_happy
speaker,actor_14_statement_None,train,pair_0089_sad
speaker,actor_14_statement_None,train,pair_0090_happy
speaker,actor_14_statement_None,train,pair_0090_sad
speaker,actor_14_statement_None,train,pair_0091_happy
speaker,actor_14_statement_None,train,pair_0091_sad
speaker,actor_14_statement_None,train,pair_0092_happy
speaker,actor_14_statement_None,train,pair_0092_sad
speaker,actor_14_statement_None,train,pair_0093_happy
speaker,actor_14_statement_None,train,pair_0093_sad
speaker,actor_14_statement_None,train,pair_0094_happy
speaker,actor_14_statement_None,train,pair_0094_sad
speaker,actor_14_statement_None,train,pair_0095_happy
speaker,actor_14_statement_None,train,pair_0095_sad
speaker,actor_14_statement_None,test,pair_0052_happy
speaker,actor_14_statement_None,test,pair_0052_sad
speaker,actor_14_statement_None,test,pair_0053_happy
speaker,actor_14_statement_None,test,pair_0053_sad
speaker,actor_14_statement_None,test,pair_0054_happy
speaker,actor_14_statement_None,test,pair_0054_sad
speaker,actor_14_statement_None,test,pair_0055_happy
speaker,actor_14_statement_None,test,pair_0055_sad
speaker,actor_15_statement_None,train,pair_0000_happy
speaker,actor_15_statement_None,train,pair_0000_sad
speaker,actor_15_statement_None,train,pair_0001_happy
speaker,actor_15_statement_None,train,pair_0001_sad
speaker,actor_15_statement_None,train,pair_0002_happy
speaker,actor_15_statement_None,train,pair_0002_sad
speaker,actor_15_statement_None,train,pair_0003_happy
speaker,actor_15_statement_None,train,pair_0003_sad
speaker,actor_15_statement_None,train,pair_0004_happy
speaker,actor_15_statement_None,train,pair_0004_sad
speaker,actor_15_statement_None,train,pair_0005_happy
speaker,actor_15_statement_None,train,pair_0005_sad
speaker,actor_15_statement_None,train,pair_0006_happy
speaker,actor_15_statement_None,train,pair_0006_sad
speaker,actor_15_statement_None,train,pair_0007_happy
speaker,actor_15_statement_None,train,pair_0007_sad
speaker,actor_15_statement_None,train,pair_0008_happy
speaker,actor_15_statement_None,train,pair_0008_sad
speaker,actor_15_statement_None,train,pair_0009_happy
speaker,actor_15_statement_None,train,pair_0009_sad
speaker,actor_15_statement_None,train,pair_0010_happy
speaker,actor_15_statement_None,train,pair_0010_sad
speaker,actor_15_statement_None,train,pair_0011_happy
speaker,actor_15_statement_None,train,pair_0011_sad
speaker,actor_15_statement_None,train,pair_0012_happy
speaker,actor_15_statement_None,train,pair_0012_sad
speaker,actor_15_statement_None,train,pair_0013_happy
speaker,actor_15_statement_None,train,pair_0013_sad
speaker,actor_15_statement_None,train,pair_0014_happy
speaker,actor_15_statement_None,train,pair_0014_sad
speaker,actor_15_statement_None,train,pair_0015_happy
speaker,actor_15_statement_None,train,pair_0015_sad
speaker,actor_15_statement_None,train,pair_0016_happy
speaker,actor_15_statement_None,train,pair_0016_sad
speaker,actor_15_statement_None,train,pair_0017_happy
speaker,actor_15_statement_None,train,pair_0017_sad
speaker,actor_15_statement_None,train,pair_0018_happy
speaker,actor_15_statement_None,train,pair_0018_sad
speaker,actor_15_statement_None,train,pair_0019_happy
speaker,actor_15_statement_None,train,pair_0019_sad
speaker,actor_15_statement_None,train,pair_0020_happy
speaker,actor_15_statement_None,train,pair_0020_sad
speaker,actor_15_statement_None,train,pair_0021_happy
speaker,actor_15_statement_None,train,pair_0021_sad
speaker,actor_15_statement_None,train,pair_0022_happy
speaker,actor_15_statement_None,train,pair_0022_sad
speaker,actor_15_statement_None,train,pair_0023_happy
speaker,actor_15_statement_None,train,pair_0023_sad
speaker,actor_15_statement_None,train,pair_0024_happy
speaker,actor_15_statement_None,train,pair_0024_sad
speaker,actor_15_statement_None,train,pair_0025_happy
speaker,actor_15_statement_None,train,pair_0025_sad
speaker,actor_15_statement_None,train,pair_0026_happy
speaker,actor_15_statement_None,train,pair_0026_sad
speaker,actor_15_statement_None,train,pair_0027_happy
speaker,actor_15_statement_None,train,pair_0027_sad
speaker,actor_15_statement_None,train,pair_0028_happy
speaker,actor_15_statement_None,train,pair_0028_sad
speaker,actor_15_statement_None,train,pair_0029_happy
speaker,actor_15_statement_None,train,pair_0029_sad
speaker,actor_15_statement_None,train,pair_0030_happy
speaker,actor_15_statement_None,train,pair_0030_sad
speaker,actor_15_statement_None,train,pair_0031_happy
speaker,actor_15_statement_None,train,pair_0031_sad
speaker,actor_15_statement_None,train,pair_0032_happy
speaker,actor_15_statement_None,train,pair_0032_sad
speaker,actor_15_statement_None,train,pair_0033_happy
speaker,actor_15_statement_None,train,pair_0033_sad
speaker,actor_15_statement_None,train,pair_0034_happy
speaker,actor_15_statement_None,train,pair_0034_sad
speaker,actor_15_statement_None,train,pair_0035_happy
speaker,actor_15_statement_None,train,pair_0035_sad
speaker,actor_15_statement_None,train,pair_0036_happy
speaker,actor_15_statement_None,train,pair_0036_sad
speaker,actor_15_statement_None,train,pair_0037_happy
speaker,actor_15_statement_None,train,pair_0037_sad
speaker,actor_15_statement_None,train,pair_0038_happy
speaker,actor_15_statement_None,train,pair_0038_sad
speaker,actor_15_statement_None,train,pair_0039_happy
speaker,actor_15_statement_None,train,pair_0039_sad
speaker,actor_15_statement_None,train,pair_0040_happy
speaker,actor_15_statement_None,train,pair_0040_sad
speaker,actor_15_statement_None,train,pair_0041_happy
speaker,actor_15_statement_None,train,pair_0041_sad
speaker,actor_15_statement_None,train,pair_0042_happy
speaker,actor_15_statement_None,train,pair_0042_sad
speaker,actor_15_statement_None,train,pair_0043_happy
speaker,actor_15_statement_None,train,pair_0043_sad
speaker,actor_15_statement_None,train,pair_0044_happy
speaker,actor_15_statement_None,train,pair_0044_sad
speaker,actor_15_statement_None,train,pair_0045_happy
speaker,actor_15_statement_None,train,pair_0045_sad
speaker,actor_15_statement_None,train,pair_0046_happy
speaker,actor_15_statement_None,train,pair_0046_sad
speaker,actor_15_statement_None,train,pair_0047_happy
speaker,actor_15_statement_None,train,pair_0047_sad
speaker,actor_15_statement_None,train,pair_0048_happy
speaker,actor_15_statement_None,train,pair_0048_sad
speaker,actor_15_statement_None,train,pair_0049_happy
speaker,actor_15_statement_None,train,pair_0049_sad
speaker,actor_15_statement_None,train,pair_0050_happy
speaker,actor_15_statement_None,train,pair_0050_sad
speaker,actor_15_statement_None,train,pair_0051_happy
speaker,actor_15_statement_None,train,pair_0051_sad
speaker,actor_15_statement_None,train,pair_0052_happy
speaker,actor_15_statement_None,train,pair_0052_sad
speaker,actor_15_statement_None,train,pair_0053_happy
speaker,actor_15_statement_None,train,pair_0053_sad
speaker,actor_15_statement_None,train,pair_0054_happy
speaker,actor_15_statement_None,train,pair_0054_sad
speaker,actor_15_statement_None,train,pair_0055_happy
speaker,actor_15_statement_None,train,pair_0055_sad
speaker,actor_15_statement_None,train,pair_0060_happy
speaker,actor_15_statement_None,train,pair_0060_sad
speaker,actor_15_statement_None,train,pair_0061_happy
speaker,actor_15_statement_None,train,pair_0061_sad
speaker,actor_15_statement_None,train,pair_0062_happy
speaker,actor_15_statement_None,train,pair_0062_sad
speaker,actor_15_statement_None,train,pair_0063_happy
speaker,actor_15_statement_None,train,pair_0063_sad
speaker,actor_15_statement_None,train,pair_0064_happy
speaker,actor_15_statement_None,train,pair_0064_sad
speaker,actor_15_statement_None,train,pair_0065_happy
speaker,actor_15_statement_None,train,pair_0065_sad
speaker,actor_15_statement_None,train,pair_0066_happy
speaker,actor_15_statement_None,train,pair_0066_sad
speaker,actor_15_statement_None,train,pair_0067_happy
speaker,actor_15_statement_None,train,pair_0067_sad
speaker,actor_15_statement_None,train,pair_0068_happy
speaker,actor_15_statement_None,train,pair_0068_sad
speaker,actor_15_statement_None,train,pair_0069_happy
speaker,actor_15_statement_None,train,pair_0069_sad
speaker,actor_15_statement_None,train,pair_0070_happy
speaker,actor_15_statement_None,train,pair_0070_sad
speaker,actor_15_statement_None,train,pair_0071_happy
speaker,actor_15_statement_None,train,pair_0071_sad
speaker,actor_15_statement_None,train,pair_0072_happy
speaker,actor_15_statement_None,train,pair_0072_sad
speaker,actor_15_statement_None,train,pair_0073_happy
speaker,actor_15_statement_None,train,pair_0073_sad
speaker,actor_15_statement_None,train,pair_0074_happy
speaker,actor_15_statement_None,train,pair_0074_sad
speaker,actor_15_statement_None,train,pair_0075_happy
speaker,actor_15_statement_None,train,pair_0075_sad
speaker,actor_15_statement_None,train,pair_0076_happy
speaker,actor_15_statement_None,train,pair_0076_sad
speaker,actor_15_statement_None,train,pair_0077_happy
speaker,actor_15_statement_None,train,pair_0077_sad
speaker,actor_15_statement_None,train,pair_0078_happy
speaker,actor_15_statement_None,train,pair_0078_sad
speaker,actor_15_statement_None,train,pair_0079_happy
speaker,actor_15_statement_None,train,pair_0079_sad
speaker,actor_15_statement_None,train,pair_0080_happy
speaker,actor_15_statement_None,train,pair_0080_sad
speaker,actor_15_statement_None,train,pair_0081_happy
speaker,actor_15_statement_None,train,pair_0081_sad
speaker,actor_15_statement_None,train,pair_0082_happy
speaker,actor_15_statement_None,train,pair_0082_sad
speaker,actor_15_statement_None,train,pair_0083_happy
speaker,actor_15_statement_None,train,pair_0083_sad
speaker,actor_15_statement_None,train,pair_0084_happy
speaker,actor_15_statement_None,train,pair_0084_sad
speaker,actor_15_statement_None,train,pair_0085_happy
speaker,actor_15_statement_None,train,pair_0085_sad
speaker,actor_15_statement_None,train,pair_0086_happy
speaker,actor_15_statement_None,train,pair_0086_sad
speaker,actor_15_statement_None,train,pair_0087_happy
speaker,actor_15_statement_None,train,pair_0087_sad
speaker,actor_15_statement_None,train,pair_0088_happy
speaker,actor_15_statement_None,train,pair_0088_sad
speaker,actor_15_statement_None,train,pair_0089_happy
speaker,actor_15_statement_None,train,pair_0089_sad
speaker,actor_15_statement_None,train,pair_0090_happy
speaker,actor_15_statement_None,train,pair_0090_sad
speaker,actor_15_statement_None,train,pair_0091_happy
speaker,actor_15_statement_None,train,pair_0091_sad
speaker,actor_15_statement_None,train,pair_0092_happy
speaker,actor_15_statement_None,train,pair_0092_sad
speaker,actor_15_statement_None,train,pair_0093_happy
speaker,actor_15_statement_None,train,pair_0093_sad
speaker,actor_15_statement_None,train,pair_0094_happy
speaker,actor_15_statement_None,train,pair_0094_sad
speaker,actor_15_statement_None,train,pair_0095_happy
speaker,actor_15_statement_None,train,pair_0095_sad
speaker,actor_15_statement_None,test,pair_0056_happy
speaker,actor_15_statement_None,test,pair_0056_sad
speaker,actor_15_statement_None,test,pair_0057_happy
speaker,actor_15_statement_None,test,pair_0057_sad
speaker,actor_15_statement_None,test,pair_0058_happy
speaker,actor_15_statement_None,test,pair_0058_sad
speaker,actor_15_statement_None,test,pair_0059_happy
speaker,actor_15_statement_None,test,pair_0059_sad
speaker,actor_16_statement_None,train,pair_0000_happy
speaker,actor_16_statement_None,train,pair_0000_sad
speaker,actor_16_statement_None,train,pair_0001_happy
speaker,actor_16_statement_None,train,pair_0001_sad
speaker,actor_16_statement_None,train,pair_0002_happy
speaker,actor_16_statement_None,train,pair_0002_sad
speaker,actor_16_statement_None,train,pair_0003_happy
speaker,actor_16_statement_None,train,pair_0003_sad
speaker,actor_16_statement_None,train,pair_0004_happy
speaker,actor_16_statement_None,train,pair_0004_sad
speaker,actor_16_statement_None,train,pair_0005_happy
speaker,actor_16_statement_None,train,pair_0005_sad
speaker,actor_16_statement_None,train,pair_0006_happy
speaker,actor_16_statement_None,train,pair_0006_sad
speaker,actor_16_statement_None,train,pair_0007_happy
speaker,actor_16_statement_None,train,pair_0007_sad
speaker,actor_16_statement_None,train,pair_0008_happy
speaker,actor_16_statement_None,train,pair_0008_sad
speaker,actor_16_statement_None,train,pair_0009_happy
speaker,actor_16_statement_None,train,pair_0009_sad
speaker,actor_16_statement_None,train,pair_0010_happy
speaker,actor_16_statement_None,train,pair_0010_sad
speaker,actor_16_statement_None,train,pair_0011_happy
speaker,actor_16_statement_None,train,pair_0011_sad
speaker,actor_16_statement_None,train,pair_0012_happy
speaker,actor_16_statement_None,train,pair_0012_sad
speaker,actor_16_statement_None,train,pair_0013_happy
speaker,actor_16_statement_None,train,pair_0013_sad
speaker,actor_16_statement_None,train,pair_0014_happy
speaker,actor_16_statement_None,train,pair_0014_sad
speaker,actor_16_statement_None,train,pair_0015_happy
speaker,actor_16_statement_None,train,pair_0015_sad
speaker,actor_16_statement_None,train,pair_0016_happy
speaker,actor_16_statement_None,train,pair_0016_sad
speaker,actor_16_statement_None,train,pair_0017_happy
speaker,actor_16_statement_None,train,pair_0017_sad
speaker,actor_16_statement_None,train,pair_0018_happy
speaker,actor_16_statement_None,train,pair_0018_sad
speaker,actor_16_statement_None,train,pair_0019_happy
speaker,actor_16_statement_None,train,pair_0019_sad
speaker,actor_16_statement_None,train,pair_0020_happy
speaker,actor_16_statement_None,train,pair_0020_sad
speaker,actor_16_statement_None,train,pair_0021_happy
speaker,actor_16_statement_None,train,pair_0021_sad
speaker,actor_16_statement_None,train,pair_0022_happy
speaker,actor_16_statement_None,train,pair_0022_sad
speaker,actor_16_statement_None,train,pair_0023_happy
speaker,actor_16_statement_None,train,pair_0023_sad
speaker,actor_16_statement_None,train,pair_0024_happy
speaker,actor_16_statement_None,train,pair_0024_sad
speaker,actor_16_statement_None,train,pair_0025_happy
speaker,actor_16_statement_None,train,pair_0025_sad
speaker,actor_16_statement_None,train,pair_0026_happy
speaker,actor_16_statement_None,train,pair_0026_sad
speaker,actor_16_statement_None,train,pair_0027_happy
speaker,actor_16_statement_None,train,pair_0027_sad
speaker,actor_16_statement_None,train,pair_0028_happy
speaker,actor_16_statement_None,train,pair_0028_sad
speaker,actor_16_statement_None,train,pair_0029_happy
speaker,actor_16_statement_None,train,pair_0029_sad
speaker,actor_16_statement_None,train,pair_0030_happy
speaker,actor_16_statement_None,train,pair_0030_sad
speaker,actor_16_statement_None,train,pair_0031_happy
speaker,actor_16_statement_None,train,pair_0031_sad
speaker,actor_16_statement_None,train,pair_0032_happy
speaker,actor_16_statement_None,train,pair_0032_sad
speaker,actor_16_statement_None,train,pair_0033_happy
speaker,actor_16_statement_None,train,pair_0033_sad
speaker,actor_16_statement_None,train,pair_0034_happy
speaker,actor_16_statement_None,train,pair_0034_sad
speaker,actor_16_statement_None,train,pair_0035_happy
speaker,actor_16_statement_None,train,pair_0035_sad
speaker,actor_16_statement_None,train,pair_0036_happy
speaker,actor_16_statement_None,train,pair_0036_sad
speaker,actor_16_statement_None,train,pair_0037_happy
speaker,actor_16_statement_None,train,pair_0037_sad
speaker,actor_16_statement_None,train,pair_0038_happy
speaker,actor_16_statement_None,train,pair_0038_sad
speaker,actor_16_statement_None,train,pair_0039_happy
speaker,actor_16_statement_None,train,pair_0039_sad
speaker,actor_16_statement_None,train,pair_0040_happy
speaker,actor_16_statement_None,train,pair_0040_sad
speaker,actor_16_statement_None,train,pair_0041_happy
speaker,actor_16_statement_None,train,pair_0041_sad
speaker,actor_16_statement_None,train,pair_0042_happy
speaker,actor_16_statement_None,train,pair_0042_sad
speaker,actor_16_statement_None,train,pair_0043_happy
speaker,actor_16_statement_None,train,pair_0043_sad
speaker,actor_16_statement_None,train,pair_0044_happy
speaker,actor_16_statement_None,train,pair_0044_sad
speaker,actor_16_statement_None,train,pair_0045_happy
speaker,actor_16_statement_None,train,pair_0045_sad
speaker,actor_16_statement_None,train,pair_0046_happy
speaker,actor_16_statement_None,train,pair_0046_sad
speaker,actor_16_statement_None,train,pair_0047_happy
speaker,actor_16_statement_None,train,pair_0047_sad
speaker,actor_16_statement_None,train,pair_0048_happy
speaker,actor_16_statement_None,train,pair_0048_sad
speaker,actor_16_statement_None,train,pair_0049_happy
speaker,actor_16_statement_None,train,pair_0049_sad
speaker,actor_16_statement_None,train,pair_0050_happy
speaker,actor_16_statement_None,train,pair_0050_sad
speaker,actor_16_statement_None,train,pair_0051_happy
speaker,actor_16_statement_None,train,pair_0051_sad
speaker,actor_16_statement_None,train,pair_0052_happy
speaker,actor_16_statement_None,train,pair_0052_sad
speaker,actor_16_statement_None,train,pair_0053_happy
speaker,actor_16_statement_None,train,pair_0053_sad
speaker,actor_16_statement_None,train,pair_0054_happy
speaker,actor_16_statement_None,train,pair_0054_sad
speaker,actor_16_statement_None,train,pair_0055_happy
speaker,actor_16_statement_None,train,pair_0055_sad
speaker,actor_16_statement_None,train,pair_0056_happy
speaker,actor_16_statement_None,train,pair_0056_sad
speaker,actor_16_statement_None,train,pair_0057_happy
speaker,actor_16_statement_None,train,pair_0057_sad
speaker,actor_16_statement_None,train,pair_0058_happy
speaker,actor_16_statement_None,train,pair_0058_sad
speaker,actor_16_statement_None,train,pair_0059_happy
speaker,actor_16_statement_None,train,pair_0059_sad
speaker,actor_16_statement_None,train,pair_0064_happy
speaker,actor_16_statement_None,train,pair_0064_sad
speaker,actor_16_statement_None,train,pair_0065_happy
speaker,actor_16_statement_None,train,pair_0065_sad
speaker,actor_16_statement_None,train,pair_0066_happy
speaker,actor_16_statement_None,train,pair_0066_sad
speaker,actor_16_statement_None,train,pair_0067_happy
speaker,actor_16_statement_None,train,pair_0067_sad
speaker,actor_16_statement_None,train,pair_0068_happy
speaker,actor_16_statement_None,train,pair_0068_sad
speaker,actor_16_statement_None,train,pair_0069_happy
speaker,actor_16_statement_None,train,pair_0069_sad
speaker,actor_16_statement_None,train,pair_0070_happy
speaker,actor_16_statement_None,train,pair_0070_sad
speaker,actor_16_statement_None,train,pair_0071_happy
speaker,actor_16_statement_None,train,pair_0071_sad
speaker,actor_16_statement_None,train,pair_0072_happy
speaker,actor_16_statement_None,train,pair_0072_sad
speaker,actor_16_statement_None,train,pair_0073_happy
speaker,actor_16_statement_None,train,pair_0073_sad
speaker,actor_16_statement_None,train,pair_0074_happy
speaker,actor_16_statement_None,train,pair_0074_sad
speaker,actor_16_statement_None,train,pair_0075_happy
speaker,actor_16_statement_None,train,pair_0075_sad
speaker,actor_16_statement_None,train,pair_0076_happy
speaker,actor_16_statement_None,train,pair_0076_sad
speaker,actor_16_statement_None,train,pair_0077_happy
speaker,actor_16_statement_None,train,pair_0077_sad
speaker,actor_16_statement_None,train,pair_0078_happy
speaker,actor_16_statement_None,train,pair_0078_sad
speaker,actor_16_statement_None,train,pair_0079_happy
speaker,actor_16_statement_None,train,pair_0079_sad
speaker,actor_16_statement_None,train,pair_0080_happy
speaker,actor_16_statement_None,train,pair_0080_sad
speaker,actor_16_statement_None,train,pair_0081_happy
speaker,actor_16_statement_None,train,pair_0081_sad
speaker,actor_16_statement_None,train,pair_0082_happy
speaker,actor_16_statement_None,train,pair_0082_sad
speaker,actor_16_statement_None,train,pair_0083_happy
speaker,actor_16_statement_None,train,pair_0083_sad
speaker,actor_16_statement_None,train,pair_0084_happy
speaker,actor_16_statement_None,train,pair_0084_sad
speaker,actor_16_statement_None,train,pair_0085_happy
speaker,actor_16_statement_None,train,pair_0085_sad
speaker,actor_16_statement_None,train,pair_0086_happy
speaker,actor_16_statement_None,train,pair_0086_sad
speaker,actor_16_statement_None,train,pair_0087_happy
speaker,actor_16_statement_None,train,pair_0087_sad
speaker,actor_16_statement_None,train,pair_0088_happy
speaker,actor_16_statement_None,train,pair_0088_sad
speaker,actor_16_statement_None,train,pair_0089_happy
speaker,actor_16_statement_None,train,pair_0089_sad
speaker,actor_16_statement_None,train,pair_0090_happy
speaker,actor_16_statement_None,train,pair_0090_sad
speaker,actor_16_statement_None,train,pair_0091_happy
speaker,actor_16_statement_None,train,pair_0091_sad
speaker,actor_16_statement_None,train,pair_0092_happy
speaker,actor_16_statement_None,train,pair_0092_sad
speaker,actor_16_statement_None,train,pair_0093_happy
speaker,actor_16_statement_None,train,pair_0093_sad
speaker,actor_16_statement_None,train,pair_0094_happy
speaker,actor_16_statement_None,train,pair_0094_sad
speaker,actor_16_statement_None,train,pair_0095_happy
speaker,actor_16_statement_None,train,pair_0095_sad
speaker,actor_16_statement_None,test,pair_0060_happy
speaker,actor_16_statement_None,test,pair_0060_sad
speaker,actor_16_statement_None,test,pair_0061_happy
speaker,actor_16_statement_None,test,pair_0061_sad
speaker,actor_16_statement_None,test,pair_0062_happy
speaker,actor_16_statement_None,test,pair_0062_sad
speaker,actor_16_statement_None,test,pair_0063_happy
speaker,actor_16_statement_None,test,pair_0063_sad
speaker,actor_17_statement_None,train,pair_0000_happy
speaker,actor_17_statement_None,train,pair_0000_sad
speaker,actor_17_statement_None,train,pair_0001_happy
speaker,actor_17_statement_None,train,pair_0001_sad
speaker,actor_17_statement_None,train,pair_0002_happy
speaker,actor_17_statement_None,train,pair_0002_sad
speaker,actor_17_statement_None,train,pair_0003_happy
speaker,actor_17_statement_None,train,pair_0003_sad
speaker,actor_17_statement_None,train,pair_0004_happy
speaker,actor_17_statement_None,train,pair_0004_sad
speaker,actor_17_statement_None,train,pair_0005_happy
speaker,actor_17_statement_None,train,pair_0005_sad
speaker,actor_17_statement_None,train,pair_0006_happy
speaker,actor_17_statement_None,train,pair_0006_sad
speaker,actor_17_statement_None,train,pair_0007_happy
speaker,actor_17_statement_None,train,pair_0007_sad
speaker,actor_17_statement_None,train,pair_0008_happy
speaker,actor_17_statement_None,train,pair_0008_sad
speaker,actor_17_statement_None,train,pair_0009_happy
speaker,actor_17_statement_None,train,pair_0009_sad
speaker,actor_17_statement_None,train,pair_0010_happy
speaker,actor_17_statement_None,train,pair_0010_sad
speaker,actor_17_statement_None,train,pair_0011_happy
speaker,actor_17_statement_None,train,pair_0011_sad
speaker,actor_17_statement_None,train,pair_0012_happy
speaker,actor_17_statement_None,train,pair_0012_sad
speaker,actor_17_statement_None,train,pair_0013_happy
speaker,actor_17_statement_None,train,pair_0013_sad
speaker,actor_17_statement_None,train,pair_0014_happy
speaker,actor_17_statement_None,train,pair_0014_sad
speaker,actor_17_statement_None,train,pair_0015_happy
speaker,actor_17_statement_None,train,pair_0015_sad
speaker,actor_17_statement_None,train,pair_0016_happy
speaker,actor_17_statement_None,train,pair_0016_sad
speaker,actor_17_statement_None,train,pair_0017_happy
speaker,actor_17_statement_None,train,pair_0017_sad
speaker,actor_17_statement_None,train,pair_0018_happy
speaker,actor_17_statement_None,train,pair_0018_sad
speaker,actor_17_statement_None,train,pair_0019_happy
speaker,actor_17_statement_None,train,pair_0019_sad
speaker,actor_17_statement_None,train,pair_0020_happy
speaker,actor_17_statement_None,train,pair_0020_sad
speaker,actor_17_statement_None,train,pair_0021_happy
speaker,actor_17_statement_None,train,pair_0021_sad
speaker,actor_17_statement_None,train,pair_0022_happy
speaker,actor_17_statement_None,train,pair_0022_sad
speaker,actor_17_statement_None,train,pair_0023_happy
speaker,actor_17_statement_None,train,pair_0023_sad
speaker,actor_17_statement_None,train,pair_0024_happy
speaker,actor_17_statement_None,train,pair_0024_sad
speaker,actor_17_statement_None,train,pair_0025_happy
speaker,actor_17_statement_None,train,pair_0025_sad
speaker,actor_17_statement_None,train,pair_0026_happy
speaker,actor_17_statement_None,train,pair_0026_sad
speaker,actor_17_statement_None,train,pair_0027_happy
speaker,actor_17_statement_None,train,pair_0027_sad
speaker,actor_17_statement_None,train,pair_0028_happy
speaker,actor_17_statement_None,train,pair_0028_sad
speaker,actor_17_statement_None,train,pair_0029_happy
speaker,actor_17_statement_None,train,pair_0029_sad
speaker,actor_17_statement_None,train,pair_0030_happy
speaker,actor_17_statement_None,train,pair_0030_sad
speaker,actor_17_statement_None,train,pair_0031_happy
speaker,actor_17_statement_None,train,pair_0031_sad
speaker,actor_17_statement_None,train,pair_0032_happy
speaker,actor_17_statement_None,train,pair_0032_sad
speaker,actor_17_statement_None,train,pair_0033_happy
speaker,actor_17_statement_None,train,pair_0033_sad
speaker,actor_17_statement_None,train,pair_0034_happy
speaker,actor_17_statement_None,train,pair_0034_sad
speaker,actor_17_statement_None,train,pair_0035_happy
speaker,actor_17_statement_None,train,pair_0035_sad
speaker,actor_17_statement_None,train,pair_0036_happy
speaker,actor_17_statement_None,train,pair_0036_sad
speaker,actor_17_statement_None,train,pair_0037_happy
speaker,actor_17_statement_None,train,pair_0037_sad
speaker,actor_17_statement_None,train,pair_0038_happy
speaker,actor_17_statement_None,train,pair_0038_sad
speaker,actor_17_statement_None,train,pair_0039_happy
speaker,actor_17_statement_None,train,pair_0039_sad
speaker,actor_17_statement_None,train,pair_0040_happy
speaker,actor_17_statement_None,train,pair_0040_sad
speaker,actor_17_statement_None,train,pair_0041_happy
speaker,actor_17_statement_None,train,pair_0041_sad
speaker,actor_17_statement_None,train,pair_0042_happy
speaker,actor_17_statement_None,train,pair_0042_sad
speaker,actor_17_statement_None,train,pair_0043_happy
speaker,actor_17_statement_None,train,pair_0043_sad
speaker,actor_17_statement_None,train,pair_0044_happy
speaker,actor_17_statement_None,train,pair_0044_sad
speaker,actor_17_statement_None,train,pair_0045_happy
speaker,actor_17_statement_None,train,pair_0045_sad
speaker,actor_17_statement_None,train,pair_0046_happy
speaker,actor_17_statement_None,train,pair_0046_sad
speaker,actor_17_statement_None,train,pair_0047_happy
speaker,actor_17_statement_None,train,pair_0047_sad
speaker,actor_17_statement_None,train,pair_0048_happy
speaker,actor_17_statement_None,train,pair_0048_sad
speaker,actor_17_statement_None,train,pair_0049_happy
speaker,actor_17_statement_None,train,pair_0049_sad
speaker,actor_17_statement_None,train,pair_0050_happy
speaker,actor_17_statement_None,train,pair_0050_sad
speaker,actor_17_statement_None,train,pair_0051_happy
speaker,actor_17_statement_None,train,pair_0051_sad
speaker,actor_17_statement_None,train,pair_0052_happy
speaker,actor_17_statement_None,train,pair_0052_sad
speaker,actor_17_statement_None,train,pair_0053_happy
speaker,actor_17_statement_None,train,pair_0053_sad
speaker,actor_17_statement_None,train,pair_0054_happy
speaker,actor_17_statement_None,train,pair_0054_sad
speaker,actor_17_statement_None,train,pair_0055_happy
speaker,actor_17_statement_None,train,pair_0055_sad
speaker,actor_17_statement_None,train,pair_0056_happy
speaker,actor_17_statement_None,train,pair_0056_sad
speaker,actor_17_statement_None,train,pair_0057_happy
speaker,actor_17_statement_None,train,pair_0057_sad
speaker,actor_17_statement_None,train,pair_0058_happy
speaker,actor_17_statement_None,train,pair_0058_sad
speaker,actor_17_statement_None,train,pair_0059_happy
speaker,actor_17_statement_None,train,pair_0059_sad
speaker,actor_17_statement_None,train,pair_0060_happy
speaker,actor_17_statement_None,train,pair_0060_sad
speaker,actor_17_statement_None,train,pair_0061_happy
speaker,actor_17_statement_None,train,pair_0061_sad
speaker,actor_17_statement_None,train,pair_0062_happy
speaker,actor_17_statement_None,train,pair_0062_sad
speaker,actor_17_statement_None,train,pair_0063_happy
speaker,actor_17_statement_None,train,pair_0063_sad
speaker,actor_17_statement_None,train,pair_0068_happy
speaker,actor_17_statement_None,train,pair_0068_sad
speaker,actor_17_statement_None,train,pair_0069_happy
speaker,actor_17_statement_None,train,pair_0069_sad
speaker,actor_17_statement_None,train,pair_0070_happy
speaker,actor_17_statement_None,train,pair_0070_sad
speaker,actor_17_statement_None,train,pair_0071_happy
speaker,actor_17_statement_None,train,pair_0071_sad
speaker,actor_17_statement_None,train,pair_0072_happy
speaker,actor_17_statement_None,train,pair_0072_sad
speaker,actor_17_statement_None,train,pair_0073_happy
speaker,actor_17_statement_None,train,pair_0073_sad
speaker,actor_17_statement_None,train,pair_0074_happy
speaker,actor_17_statement_None,train,pair_0074_sad
speaker,actor_17_statement_None,train,pair_0075_happy
speaker,actor_17_statement_None,train,pair_0075_sad
speaker,actor_17_statement_None,train,pair_0076_happy
speaker,actor_17_statement_None,train,pair_0076_sad
speaker,actor_17_statement_None,train,pair_0077_happy
speaker,actor_17_statement_None,train,pair_0077_sad
speaker,actor_17_statement_None,train,pair_0078_happy
speaker,actor_17_statement_None,train,pair_0078_sad
speaker,actor_17_statement_None,train,pair_0079_happy
speaker,actor_17_statement_None,train,pair_0079_sad
speaker,actor_17_statement_None,train,pair_0080_happy
speaker,actor_17_statement_None,train,pair_0080_sad
speaker,actor_17_statement_None,train,pair_0081_happy
speaker,actor_17_statement_None,train,pair_0081_sad
speaker,actor_17_statement_None,train,pair_0082_happy
speaker,actor_17_statement_None,train,pair_0082_sad
speaker,actor_17_statement_None,train,pair_0083_happy
speaker,actor_17_statement_None,train,pair_0083_sad
speaker,actor_17_statement_None,train,pair_0084_happy
speaker,actor_17_statement_None,train,pair_0084_sad
speaker,actor_17_statement_None,train,pair_0085_happy
speaker,actor_17_statement_None,train,pair_0085_sad
speaker,actor_17_statement_None,train,pair_0086_happy
speaker,actor_17_statement_None,train,pair_0086_sad
speaker,actor_17_statement_None,train,pair_0087_happy
speaker,actor_17_statement_None,train,pair_0087_sad
speaker,actor_17_statement_None,train,pair_0088_happy
speaker,actor_17_statement_None,train,pair_0088_sad
speaker,actor_17_statement_None,train,pair_0089_happy
speaker,actor_17_statement_None,train,pair_0089_sad
speaker,actor_17_statement_None,train,pair_0090_happy
speaker,actor_17_statement_None,train,pair_0090_sad
speaker,actor_17_statement_None,train,pair_0091_happy
speaker,actor_17_statement_None,train,pair_0091_sad
speaker,actor_17_statement_None,train,pair_0092_happy
speaker,actor_17_statement_None,train,pair_0092_sad
speaker,actor_17_statement_None,train,pair_0093_happy
speaker,actor_17_statement_None,train,pair_0093_sad
speaker,actor_17_statement_None,train,pair_0094_happy
speaker,actor_17_statement_None,train,pair_0094_sad
speaker,actor_17_statement_None,train,pair_0095_happy
speaker,actor_17_statement_None,train,pair_0095_sad
speaker,actor_17_statement_None,test,pair_0064_happy
speaker,actor_17_statement_None,test,pair_0064_sad
speaker,actor_17_statement_None,test,pair_0065_happy
speaker,actor_17_statement_None,test,pair_0065_sad
speaker,actor_17_statement_None,test,pair_0066_happy
speaker,actor_17_statement_None,test,pair_0066_sad
speaker,actor_17_statement_None,test,pair_0067_happy
speaker,actor_17_statement_None,test,pair_0067_sad
speaker,actor_18_statement_None,train,pair_0000_happy
speaker,actor_18_statement_None,train,pair_0000_sad
speaker,actor_18_statement_None,train,pair_0001_happy
speaker,actor_18_statement_None,train,pair_0001_sad
speaker,actor_18_statement_None,train,pair_0002_happy
speaker,actor_18_statement_None,train,pair_0002_sad
speaker,actor_18_statement_None,train,pair_0003_happy
speaker,actor_18_statement_None,train,pair_0003_sad
speaker,actor_18_statement_None,train,pair_0004_happy
speaker,actor_18_statement_None,train,pair_0004_sad
speaker,actor_18_statement_None,train,pair_0005_happy
speaker,actor_18_statement_None,train,pair_0005_sad
speaker,actor_18_statement_None,train,pair_0006_happy
speaker,actor_18_statement_None,train,pair_0006_sad
speaker,actor_18_statement_None,train,pair_0007_happy
speaker,actor_18_statement_None,train,pair_0007_sad
speaker,actor_18_statement_None,train,pair_0008_happy
speaker,actor_18_statement_None,train,pair_0008_sad
speaker,actor_18_statement_None,train,pair_0009_happy
speaker,actor_18_statement_None,train,pair_0009_sad
speaker,actor_18_statement_None,train,pair_0010_happy
speaker,actor_18_statement_None,train,pair_0010_sad
speaker,actor_18_statement_None,train,pair_0011_happy
speaker,actor_18_statement_None,train,pair_0011_sad
speaker,actor_18_statement_None,train,pair_0012_happy
speaker,actor_18_statement_None,train,pair_0012_sad
speaker,actor_18_statement_None,train,pair_0013_happy
speaker,actor_18_statement_None,train,pair_0013_sad
speaker,actor_18_statement_None,train,pair_0014_happy
speaker,actor_18_statement_None,train,pair_0014_sad
speaker,actor_18_statement_None,train,pair_0015_happy
speaker,actor_18_statement_None,train,pair_0015_sad
speaker,actor_18_statement_None,train,pair_0016_happy
speaker,actor_18_statement_None,train,pair_0016_sad
speaker,actor_18_statement_None,train,pair_0017_happy
speaker,actor_18_statement_None,train,pair_0017_sad
speaker,actor_18_statement_None,train,pair_0018_happy
speaker,actor_18_statement_None,train,pair_0018_sad
speaker,actor_18_statement_None,train,pair_0019_happy
speaker,actor_18_statement_None,train,pair_0019_sad
speaker,actor_18_statement_None,train,pair_0020_happy
speaker,actor_18_statement_None,train,pair_0020_sad
speaker,actor_18_statement_None,train,pair_0021_happy
speaker,actor_18_statement_None,train,pair_0021_sad
speaker,actor_18_statement_None,train,pair_0022_happy
speaker,actor_18_statement_None,train,pair_0022_sad
speaker,actor_18_statement_None,train,pair_0023_happy
speaker,actor_18_statement_None,train,pair_0023_sad
speaker,actor_18_statement_None,train,pair_0024_happy
speaker,actor_18_statement_None,train,pair_0024_sad
speaker,actor_18_statement_None,train,pair_0025_happy
speaker,actor_18_statement_None,train,pair_0025_sad
speaker,actor_18_statement_None,train,pair_0026_happy
speaker,actor_18_statement_None,train,pair_0026_sad
speaker,actor_18_statement_None,train,pair_0027_happy
speaker,actor_18_statement_None,train,pair_0027_sad
speaker,actor_18_statement_None,train,pair_0028_happy
speaker,actor_18_statement_None,train,pair_0028_sad
speaker,actor_18_statement_None,train,pair_0029_happy
speaker,actor_18_statement_None,train,pair_0029_sad
speaker,actor_18_statement_None,train,pair_0030_happy
speaker,actor_18_statement_None,train,pair_0030_sad
speaker,actor_18_statement_None,train,pair_0031_happy
speaker,actor_18_statement_None,train,pair_0031_sad
speaker,actor_18_statement_None,train,pair_0032_happy
speaker,actor_18_statement_None,train,pair_0032_sad
speaker,actor_18_statement_None,train,pair_0033_happy
speaker,actor_18_statement_None,train,pair_0033_sad
speaker,actor_18_statement_None,train,pair_0034_happy
speaker,actor_18_statement_None,train,pair_0034_sad
speaker,actor_18_statement_None,train,pair_0035_happy
speaker,actor_18_statement_None,train,pair_0035_sad
speaker,actor_18_statement_None,train,pair_0036_happy
speaker,actor_18_statement_None,train,pair_0036_sad
speaker,actor_18_statement_None,train,pair_0037_happy
speaker,actor_18_statement_None,train,pair_0037_sad
speaker,actor_18_statement_None,train,pair_0038_happy
speaker,actor_18_statement_None,train,pair_0038_sad
speaker,actor_18_statement_None,train,pair_0039_happy
speaker,actor_18_statement_None,train,pair_0039_sad
speaker,actor_18_statement_None,train,pair_0040_happy
speaker,actor_18_statement_None,train,pair_0040_sad
speaker,actor_18_statement_None,train,pair_0041_happy
speaker,actor_18_statement_None,train,pair_0041_sad
speaker,actor_18_statement_None,train,pair_0042_happy
speaker,actor_18_statement_None,train,pair_0042_sad
speaker,actor_18_statement_None,train,pair_0043_happy
speaker,actor_18_statement_None,train,pair_0043_sad
speaker,actor_18_statement_None,train,pair_0044_happy
speaker,actor_18_statement_None,train,pair_0044_sad
speaker,actor_18_statement_None,train,pair_0045_happy
speaker,actor_18_statement_None,train,pair_0045_sad
speaker,actor_18_statement_None,train,pair_0046_happy
speaker,actor_18_statement_None,train,pair_0046_sad
speaker,actor_18_statement_None,train,pair_0047_happy
speaker,actor_18_statement_None,train,pair_0047_sad
speaker,actor_18_statement_None,train,pair_0048_happy
speaker,actor_18_statement_None,train,pair_0048_sad
speaker,actor_18_statement_None,train,pair_0049_happy
speaker,actor_18_statement_None,train,pair_0049_sad
speaker,actor_18_statement_None,train,pair_0050_happy
speaker,actor_18_statement_None,train,pair_0050_sad
speaker,actor_18_statement_None,train,pair_0051_happy
speaker,actor_18_statement_None,train,pair_0051_sad
speaker,actor_18_statement_None,train,pair_0052_happy
speaker,actor_18_statement_None,train,pair_0052_sad
speaker,actor_18_statement_None,train,pair_0053_happy
speaker,actor_18_statement_None,train,pair_0053_sad
speaker,actor_18_statement_None,train,pair_0054_happy
speaker,actor_18_statement_None,train,pair_0054_sad
speaker,actor_18_statement_None,train,pair_0055_happy
speaker,actor_18_statement_None,train,pair_0055_sad
speaker,actor_18_statement_None,train,pair_0056_happy
speaker,actor_18_statement_None,train,pair_0056_sad
speaker,actor_18_statement_None,train,pair_0057_happy
speaker,actor_18_statement_None,train,pair_0057_sad
speaker,actor_18_statement_None,train,pair_0058_happy
speaker,actor_18_statement_None,train,pair_0058_sad
speaker,actor_18_statement_None,train,pair_0059_happy
speaker,actor_18_statement_None,train,pair_0059_sad
speaker,actor_18_statement_None,train,pair_0060_happy
speaker,actor_18_statement_None,train,pair_0060_sad
speaker,actor_18_statement_None,train,pair_0061_happy
speaker,actor_18_statement_None,train,pair_0061_sad
speaker,actor_18_statement_None,train,pair_0062_happy
speaker,actor_18_statement_None,train,pair_0062_sad
speaker,actor_18_statement_None,train,pair_0063_happy
speaker,actor_18_statement_None,train,pair_0063_sad
speaker,actor_18_statement_None,train,pair_0064_happy
speaker,actor_18_statement_None,train,pair_0064_sad
speaker,actor_18_statement_None,train,pair_0065_happy
speaker,actor_18_statement_None,train,pair_0065_sad
speaker,actor_18_statement_None,train,pair_0066_happy
speaker,actor_18_statement_None,train,pair_0066_sad
speaker,actor_18_statement_None,train,pair_0067_happy
speaker,actor_18_statement_None,train,pair_0067_sad
speaker,actor_18_statement_None,train,pair_0072_happy
speaker,actor_18_statement_None,train,pair_0072_sad
speaker,actor_18_statement_None,train,pair_0073_happy
speaker,actor_18_statement_None,train,pair_0073_sad
speaker,actor_18_statement_None,train,pair_0074_happy
speaker,actor_18_statement_None,train,pair_0074_sad
speaker,actor_18_statement_None,train,pair_0075_happy
speaker,actor_18_statement_None,train,pair_0075_sad
speaker,actor_18_statement_None,train,pair_0076_happy
speaker,actor_18_statement_None,train,pair_0076_sad
speaker,actor_18_statement_None,train,pair_0077_happy
speaker,actor_18_statement_None,train,pair_0077_sad
speaker,actor_18_statement_None,train,pair_0078_happy
speaker,actor_18_statement_None,train,pair_0078_sad
speaker,actor_18_statement_None,train,pair_0079_happy
speaker,actor_18_statement_None,train,pair_0079_sad
speaker,actor_18_statement_None,train,pair_0080_happy
speaker,actor_18_statement_None,train,pair_0080_sad
speaker,actor_18_statement_None,train,pair_0081_happy
speaker,actor_18_statement_None,train,pair_0081_sad
speaker,actor_18_statement_None,train,pair_0082_happy
speaker,actor_18_statement_None,train,pair_0082_sad
speaker,actor_18_statement_None,train,pair_0083_happy
speaker,actor_18_statement_None,train,pair_0083_sad
speaker,actor_18_statement_None,train,pair_0084_happy
speaker,actor_18_statement_None,train,pair_0084_sad
speaker,actor_18_statement_None,train,pair_0085_happy
speaker,actor_18_statement_None,train,pair_0085_sad
speaker,actor_18_statement_None,train,pair_0086_happy
speaker,actor_18_statement_None,train,pair_0086_sad
speaker,actor_18_statement_None,train,pair_0087_happy
speaker,actor_18_statement_None,train,pair_0087_sad
speaker,actor_18_statement_None,train,pair_0088_happy
speaker,actor_18_statement_None,train,pair_0088_sad
speaker,actor_18_statement_None,train,pair_0089_happy
speaker,actor_18_statement_None,train,pair_0089_sad
speaker,actor_18_statement_None,train,pair_0090_happy
speaker,actor_18_statement_None,train,pair_0090_sad
speaker,actor_18_statement_None,train,pair_0091_happy
speaker,actor_18_statement_None,train,pair_0091_sad
speaker,actor_18_statement_None,train,pair_0092_happy
speaker,actor_18_statement_None,train,pair_0092_sad
speaker,actor_18_statement_None,train,pair_0093_happy
speaker,actor_18_statement_None,train,pair_0093_sad
speaker,actor_18_statement_None,train,pair_0094_happy
speaker,actor_18_statement_None,train,pair_0094_sad
speaker,actor_18_statement_None,train,pair_0095_happy
speaker,actor_18_statement_None,train,pair_0095_sad
speaker,actor_18_statement_None,test,pair_0068_happy
speaker,actor_18_statement_None,test,pair_0068_sad
speaker,actor_18_statement_None,test,pair_0069_happy
speaker,actor_18_statement_None,test,pair_0069_sad
speaker,actor_18_statement_None,test,pair_0070_happy
speaker,actor_18_statement_None,test,pair_0070_sad
speaker,actor_18_statement_None,test,pair_0071_happy
speaker,actor_18_statement_None,test,pair_0071_sad
speaker,actor_19_statement_None,train,pair_0000_happy
speaker,actor_19_statement_None,train,pair_0000_sad
speaker,actor_19_statement_None,train,pair_0001_happy
speaker,actor_19_statement_None,train,pair_0001_sad
speaker,actor_19_statement_None,train,pair_0002_happy
speaker,actor_19_statement_None,train,pair_0002_sad
speaker,actor_19_statement_None,train,pair_0003_happy
speaker,actor_19_statement_None,train,pair_0003_sad
speaker,actor_19_statement_None,train,pair_0004_happy
speaker,actor_19_statement_None,train,pair_0004_sad
speaker,actor_19_statement_None,train,pair_0005_happy
speaker,actor_19_statement_None,train,pair_0005_sad
speaker,actor_19_statement_None,train,pair_0006_happy
speaker,actor_19_statement_None,train,pair_0006_sad
speaker,actor_19_statement_None,train,pair_0007_happy
speaker,actor_19_statement_None,train,pair_0007_sad
speaker,actor_19_statement_None,train,pair_0008_happy
speaker,actor_19_statement_None,train,pair_0008_sad
speaker,actor_19_statement_None,train,pair_0009_happy
speaker,actor_19_statement_None,train,pair_0009_sad
speaker,actor_19_statement_None,train,pair_0010_happy
speaker,actor_19_statement_None,train,pair_0010_sad
speaker,actor_19_statement_None,train,pair_0011_happy
speaker,actor_19_statement_None,train,pair_0011_sad
speaker,actor_19_statement_None,train,pair_0012_happy
speaker,actor_19_statement_None,train,pair_0012_sad
speaker,actor_19_statement_None,train,pair_0013_happy
speaker,actor_19_statement_None,train,pair_0013_sad
speaker,actor_19_statement_None,train,pair_0014_happy
speaker,actor_19_statement_None,train,pair_0014_sad
speaker,actor_19_statement_None,train,pair_0015_happy
speaker,actor_19_statement_None,train,pair_0015_sad
speaker,actor_19_statement_None,train,pair_0016_happy
speaker,actor_19_statement_None,train,pair_0016_sad
speaker,actor_19_statement_None,train,pair_0017_happy
speaker,actor_19_statement_None,train,pair_0017_sad
speaker,actor_19_statement_None,train,pair_0018_happy
speaker,actor_19_statement_None,train,pair_0018_sad
speaker,actor_19_statement_None,train,pair_0019_happy
speaker,actor_19_statement_None,train,pair_0019_sad
speaker,actor_19_statement_None,train,pair_0020_happy
speaker,actor_19_statement_None,train,pair_0020_sad
speaker,actor_19_statement_None,train,pair_0021_happy
speaker,actor_19_statement_None,train,pair_0021_sad
speaker,actor_19_statement_None,train,pair_0022_happy
speaker,actor_19_statement_None,train,pair_0022_sad
speaker,actor_19_statement_None,train,pair_0023_happy
speaker,actor_19_statement_None,train,pair_0023_sad
speaker,actor_19_statement_None,train,pair_0024_happy
speaker,actor_19_statement_None,train,pair_0024_sad
speaker,actor_19_statement_None,train,pair_0025_happy
speaker,actor_19_statement_None,train,pair_0025_sad
speaker,actor_19_statement_None,train,pair_0026_happy
speaker,actor_19_statement_None,train,pair_0026_sad
speaker,actor_19_statement_None,train,pair_0027_happy
speaker,actor_19_statement_None,train,pair_0027_sad
speaker,actor_19_statement_None,train,pair_0028_happy
speaker,actor_19_statement_None,train,pair_0028_sad
speaker,actor_19_statement_None,train,pair_0029_happy
speaker,actor_19_statement_None,train,pair_0029_sad
speaker,actor_19_statement_None,train,pair_0030_happy
speaker,actor_19_statement_None,train,pair_0030_sad
speaker,actor_19_statement_None,train,pair_0031_happy
speaker,actor_19_statement_None,train,pair_0031_sad
speaker,actor_19_statement_None,train,pair_0032_happy
speaker,actor_19_statement_None,train,pair_0032_sad
speaker,actor_19_statement_None,train,pair_0033_happy
speaker,actor_19_statement_None,train,pair_0033_sad
speaker,actor_19_statement_None,train,pair_0034_happy
speaker,actor_19_statement_None,train,pair_0034_sad
speaker,actor_19_statement_None,train,pair_0035_happy
speaker,actor_19_statement_None,train,pair_0035_sad
speaker,actor_19_statement_None,train,pair_0036_happy
speaker,actor_19_statement_None,train,pair_0036_sad
speaker,actor_19_statement_None,train,pair_0037_happy
speaker,actor_19_statement_None,train,pair_0037_sad
speaker,actor_19_statement_None,train,pair_0038_happy
speaker,actor_19_statement_None,train,pair_0038_sad
speaker,actor_19_statement_None,train,pair_0039_happy
speaker,actor_19_statement_None,train,pair_0039_sad
speaker,actor_19_statement_None,train,pair_0040_happy
speaker,actor_19_statement_None,train,pair_0040_sad
speaker,actor_19_statement_None,train,pair_0041_happy
speaker,actor_19_statement_None,train,pair_0041_sad
speaker,actor_19_statement_None,train,pair_0042_happy
speaker,actor_19_statement_None,train,pair_0042_sad
speaker,actor_19_statement_None,train,pair_0043_happy
speaker,actor_19_statement_None,train,pair_0043_sad
speaker,actor_19_statement_None,train,pair_0044_happy
speaker,actor_19_statement_None,train,pair_0044_sad
speaker,actor_19_statement_None,train,pair_0045_happy
speaker,actor_19_statement_None,train,pair_0045_sad
speaker,actor_19_statement_None,train,pair_0046_happy
speaker,actor_19_statement_None,train,pair_0046_sad
speaker,actor_19_statement_None,train,pair_0047_happy
speaker,actor_19_statement_None,train,pair_0047_sad
speaker,actor_19_statement_None,train,pair_0048_happy
speaker,actor_19_statement_None,train,pair_0048_sad
speaker,actor_19_statement_None,train,pair_0049_happy
speaker,actor_19_statement_None,train,pair_0049_sad
speaker,actor_19_statement_None,train,pair_0050_happy
speaker,actor_19_statement_None,train,pair_0050_sad
speaker,actor_19_statement_None,train,pair_0051_happy
speaker,actor_19_statement_None,train,pair_0051_sad
speaker,actor_19_statement_None,train,pair_0052_happy
speaker,actor_19_statement_None,train,pair_0052_sad
speaker,actor_19_statement_None,train,pair_0053_happy
speaker,actor_19_statement_None,train,pair_0053_sad
speaker,actor_19_statement_None,train,pair_0054_happy
speaker,actor_19_statement_None,train,pair_0054_sad
speaker,actor_19_statement_None,train,pair_0055_happy
speaker,actor_19_statement_None,train,pair_0055_sad
speaker,actor_19_statement_None,train,pair_0056_happy
speaker,actor_19_statement_None,train,pair_0056_sad
speaker,actor_19_statement_None,train,pair_0057_happy
speaker,actor_19_statement_None,train,pair_0057_sad
speaker,actor_19_statement_None,train,pair_0058_happy
speaker,actor_19_statement_None,train,pair_0058_sad
speaker,actor_19_statement_None,train,pair_0059_happy
speaker,actor_19_statement_None,train,pair_0059_sad
speaker,actor_19_statement_None,train,pair_0060_happy
speaker,actor_19_statement_None,train,pair_0060_sad
speaker,actor_19_statement_None,train,pair_0061_happy
speaker,actor_19_statement_None,train,pair_0061_sad
speaker,actor_19_statement_None,train,pair_0062_happy
speaker,actor_19_statement_None,train,pair_0062_sad
speaker,actor_19_statement_None,train,pair_0063_happy
speaker,actor_19_statement_None,train,pair_0063_sad
speaker,actor_19_statement_None,train,pair_0064_happy
speaker,actor_19_statement_None,train,pair_0064_sad
speaker,actor_19_statement_None,train,pair_0065_happy
speaker,actor_19_statement_None,train,pair_0065_sad
speaker,actor_19_statement_None,train,pair_0066_happy
speaker,actor_19_statement_None,train,pair_0066_sad
speaker,actor_19_statement_None,train,pair_0067_happy
speaker,actor_19_statement_None,train,pair_0067_sad
speaker,actor_19_statement_None,train,pair_0068_happy
speaker,actor_19_statement_None,train,pair_0068_sad
speaker,actor_19_statement_None,train,pair_0069_happy
speaker,actor_19_statement_None,train,pair_0069_sad
speaker,actor_19_statement_None,train,pair_0070_happy
speaker,actor_19_statement_None,train,pair_0070_sad
speaker,actor_19_statement_None,train,pair_0071_happy
speaker,actor_19_statement_None,train,pair_0071_sad
speaker,actor_19_statement_None,train,pair_0076_happy
speaker,actor_19_statement_None,train,pair_0076_sad
speaker,actor_19_statement_None,train,pair_0077_happy
speaker,actor_19_statement_None,train,pair_0077_sad
speaker,actor_19_statement_None,train,pair_0078_happy
speaker,actor_19_statement_None,train,pair_0078_sad
speaker,actor_19_statement_None,train,pair_0079_happy
speaker,actor_19_statement_None,train,pair_0079_sad
speaker,actor_19_statement_None,train,pair_0080_happy
speaker,actor_19_statement_None,train,pair_0080_sad
speaker,actor_19_statement_None,train,pair_0081_happy
speaker,actor_19_statement_None,train,pair_0081_sad
speaker,actor_19_statement_None,train,pair_0082_happy
speaker,actor_19_statement_None,train,pair_0082_sad
speaker,actor_19_statement_None,train,pair_0083_happy
speaker,actor_19_statement_None,train,pair_0083_sad
speaker,actor_19_statement_None,train,pair_0084_happy
speaker,actor_19_statement_None,train,pair_0084_sad
speaker,actor_19_statement_None,train,pair_0085_happy
speaker,actor_19_statement_None,train,pair_0085_sad
speaker,actor_19_statement_None,train,pair_0086_happy
speaker,actor_19_statement_None,train,pair_0086_sad
speaker,actor_19_statement_None,train,pair_0087_happy
speaker,actor_19_statement_None,train,pair_0087_sad
speaker,actor_19_statement_None,train,pair_0088_happy
speaker,actor_19_statement_None,train,pair_0088_sad
speaker,actor_19_statement_None,train,pair_0089_happy
speaker,actor_19_statement_None,train,pair_0089_sad
speaker,actor_19_statement_None,train,pair_0090_happy
speaker,actor_19_statement_None,train,pair_0090_sad
speaker,actor_19_statement_None,train,pair_0091_happy
speaker,actor_19_statement_None,train,pair_0091_sad
speaker,actor_19_statement_None,train,pair_0092_happy
speaker,actor_19_statement_None,train,pair_0092_sad
speaker,actor_19_statement_None,train,pair_0093_happy
speaker,actor_19_statement_None,train,pair_0093_sad
speaker,actor_19_statement_None,train,pair_0094_happy
speaker,actor_19_statement_None,train,pair_0094_sad
speaker,actor_19_statement_None,train,pair_0095_happy
speaker,actor_19_statement_None,train,pair_0095_sad
speaker,actor_19_statement_None,test,pair_0072_happy
speaker,actor_19_statement_None,test,pair_0072_sad
speaker,actor_19_statement_None,test,pair_0073_happy
speaker,actor_19_statement_None,test,pair_0073_sad
speaker,actor_19_statement_None,test,pair_0074_happy
speaker,actor_19_statement_None,test,pair_0074_sad
speaker,actor_19_statement_None,test,pair_0075_happy
speaker,actor_19_statement_None,test,pair_0075_sad
speaker,actor_20_statement_None,train,pair_0000_happy
speaker,actor_20_statement_None,train,pair_0000_sad
speaker,actor_20_statement_None,train,pair_0001_happy
speaker,actor_20_statement_None,train,pair_0001_sad
speaker,actor_20_statement_None,train,pair_0002_happy
speaker,actor_20_statement_None,train,pair_0002_sad
speaker,actor_20_statement_None,train,pair_0003_happy
speaker,actor_20_statement_None,train,pair_0003_sad
speaker,actor_20_statement_None,train,pair_0004_happy
speaker,actor_20_statement_None,train,pair_0004_sad
speaker,actor_20_statement_None,train,pair_0005_happy
speaker,actor_20_statement_None,train,pair_0005_sad
speaker,actor_20_statement_None,train,pair_0006_happy
speaker,actor_20_statement_None,train,pair_0006_sad
speaker,actor_20_statement_None,train,pair_0007_happy
speaker,actor_20_statement_None,train,pair_0007_sad
speaker,actor_20_statement_None,train,pair_0008_happy
speaker,actor_20_statement_None,train,pair_0008_sad
speaker,actor_20_statement_None,train,pair_0009_happy
speaker,actor_20_statement_None,train,pair_0009_sad
speaker,actor_20_statement_None,train,pair_0010_happy
speaker,actor_20_statement_None,train,pair_0010_sad
speaker,actor_20_statement_None,train,pair_0011_happy
speaker,actor_20_statement_None,train,pair_0011_sad
speaker,actor_20_statement_None,train,pair_0012_happy
speaker,actor_20_statement_None,train,pair_0012_sad
speaker,actor_20_statement_None,train,pair_0013_happy
speaker,actor_20_statement_None,train,pair_0013_sad
speaker,actor_20_statement_None,train,pair_0014_happy
speaker,actor_20_statement_None,train,pair_0014_sad
speaker,actor_20_statement_None,train,pair_0015_happy
speaker,actor_20_statement_None,train,pair_0015_sad
speaker,actor_20_statement_None,train,pair_0016_happy
speaker,actor_20_statement_None,train,pair_0016_sad
speaker,actor_20_statement_None,train,pair_0017_happy
speaker,actor_20_statement_None,train,pair_0017_sad
speaker,actor_20_statement_None,train,pair_0018_happy
speaker,actor_20_statement_None,train,pair_0018_sad
speaker,actor_20_statement_None,train,pair_0019_happy
speaker,actor_20_statement_None,train,pair_0019_sad
speaker,actor_20_statement_None,train,pair_0020_happy
speaker,actor_20_statement_None,train,pair_0020_sad
speaker,actor_20_statement_None,train,pair_0021_happy
speaker,actor_20_statement_None,train,pair_0021_sad
speaker,actor_20_statement_None,train,pair_0022_happy
speaker,actor_20_statement_None,train,pair_0022_sad
speaker,actor_20_statement_None,train,pair_0023_happy
speaker,actor_20_statement_None,train,pair_0023_sad
speaker,actor_20_statement_None,train,pair_0024_happy
speaker,actor_20_statement_None,train,pair_0024_sad
speaker,actor_20_statement_None,train,pair_0025_happy
speaker,actor_20_statement_None,train,pair_0025_sad
speaker,actor_20_statement_None,train,pair_0026_happy
speaker,actor_20_statement_None,train,pair_0026_sad
speaker,actor_20_statement_None,train,pair_0027_happy
speaker,actor_20_statement_None,train,pair_0027_sad
speaker,actor_20_statement_None,train,pair_0028_happy
speaker,actor_20_statement_None,train,pair_0028_sad
speaker,actor_20_statement_None,train,pair_0029_happy
speaker,actor_20_statement_None,train,pair_0029_sad
speaker,actor_20_statement_None,train,pair_0030_happy
speaker,actor_20_statement_None,train,pair_0030_sad
speaker,actor_20_statement_None,train,pair_0031_happy
speaker,actor_20_statement_None,train,pair_0031_sad
speaker,actor_20_statement_None,train,pair_0032_happy
speaker,actor_20_statement_None,train,pair_0032_sad
speaker,actor_20_statement_None,train,pair_0033_happy
speaker,actor_20_statement_None,train,pair_0033_sad
speaker,actor_20_statement_None,train,pair_0034_happy
speaker,actor_20_statement_None,train,pair_0034_sad
speaker,actor_20_statement_None,train,pair_0035_happy
speaker,actor_20_statement_None,train,pair_0035_sad
speaker,actor_20_statement_None,train,pair_0036_happy
speaker,actor_20_statement_None,train,pair_0036_sad
speaker,actor_20_statement_None,train,pair_0037_happy
speaker,actor_20_statement_None,train,pair_0037_sad
speaker,actor_20_statement_None,train,pair_0038_happy
speaker,actor_20_statement_None,train,pair_0038_sad
speaker,actor_20_statement_None,train,pair_0039_happy
speaker,actor_20_statement_None,train,pair_0039_sad
speaker,actor_20_statement_None,train,pair_0040_happy
speaker,actor_20_statement_None,train,pair_0040_sad
speaker,actor_20_statement_None,train,pair_0041_happy
speaker,actor_20_statement_None,train,pair_0041_sad
speaker,actor_20_statement_None,train,pair_0042_happy
speaker,actor_20_statement_None,train,pair_0042_sad
speaker,actor_20_statement_None,train,pair_0043_happy
speaker,actor_20_statement_None,train,pair_0043_sad
speaker,actor_20_statement_None,train,pair_0044_happy
speaker,actor_20_statement_None,train,pair_0044_sad
speaker,actor_20_statement_None,train,pair_0045_happy
speaker,actor_20_statement_None,train,pair_0045_sad
speaker,actor_20_statement_None,train,pair_0046_happy
speaker,actor_20_statement_None,train,pair_0046_sad
speaker,actor_20_statement_None,train,pair_0047_happy
speaker,actor_20_statement_None,train,pair_0047_sad
speaker,actor_20_statement_None,train,pair_0048_happy
speaker,actor_20_statement_None,train,pair_0048_sad
speaker,actor_20_statement_None,train,pair_0049_happy
speaker,actor_20_statement_None,train,pair_0049_sad
speaker,actor_20_statement_None,train,pair_0050_happy
speaker,actor_20_statement_None,train,pair_0050_sad
speaker,actor_20_statement_None,train,pair_0051_happy
speaker,actor_20_statement_None,train,pair_0051_sad
speaker,actor_20_statement_None,train,pair_0052_happy
speaker,actor_20_statement_None,train,pair_0052_sad
speaker,actor_20_statement_None,train,pair_0053_happy
speaker,actor_20_statement_None,train,pair_0053_sad
speaker,actor_20_statement_None,train,pair_0054_happy
speaker,actor_20_statement_None,train,pair_0054_sad
speaker,actor_20_statement_None,train,pair_0055_happy
speaker,actor_20_statement_None,train,pair_0055_sad
speaker,actor_20_statement_None,train,pair_0056_happy
speaker,actor_20_statement_None,train,pair_0056_sad
speaker,actor_20_statement_None,train,pair_0057_happy
speaker,actor_20_statement_None,train,pair_0057_sad
speaker,actor_20_statement_None,train,pair_0058_happy
speaker,actor_20_statement_None,train,pair_0058_sad
speaker,actor_20_statement_None,train,pair_0059_happy
speaker,actor_20_statement_None,train,pair_0059_sad
speaker,actor_20_statement_None,train,pair_0060_happy
speaker,actor_20_statement_None,train,pair_0060_sad
speaker,actor_20_statement_None,train,pair_0061_happy
speaker,actor_20_statement_None,train,pair_0061_sad
speaker,actor_20_statement_None,train,pair_0062_happy
speaker,actor_20_statement_None,train,pair_0062_sad
speaker,actor_20_statement_None,train,pair_0063_happy
speaker,actor_20_statement_None,train,pair_0063_sad
speaker,actor_20_statement_None,train,pair_0064_happy
speaker,actor_20_statement_None,train,pair_0064_sad
speaker,actor_20_statement_None,train,pair_0065_happy
speaker,actor_20_statement_None,train,pair_0065_sad
speaker,actor_20_statement_None,train,pair_0066_happy
speaker,actor_20_statement_None,train,pair_0066_sad
speaker,actor_20_statement_None,train,pair_0067_happy
speaker,actor_20_statement_None,train,pair_0067_sad
speaker,actor_20_statement_None,train,pair_0068_happy
speaker,actor_20_statement_None,train,pair_0068_sad
speaker,actor_20_statement_None,train,pair_0069_happy
speaker,actor_20_statement_None,train,pair_0069_sad
speaker,actor_20_statement_None,train,pair_0070_happy
speaker,actor_20_statement_None,train,pair_0070_sad
speaker,actor_20_statement_None,train,pair_0071_happy
speaker,actor_20_statement_None,train,pair_0071_sad
speaker,actor_20_statement_None,train,pair_0072_happy
speaker,actor_20_statement_None,train,pair_0072_sad
speaker,actor_20_statement_None,train,pair_0073_happy
speaker,actor_20_statement_None,train,pair_0073_sad
speaker,actor_20_statement_None,train,pair_0074_happy
speaker,actor_20_statement_None,train,pair_0074_sad
speaker,actor_20_statement_None,train,pair_0075_happy
speaker,actor_20_statement_None,train,pair_0075_sad
speaker,actor_20_statement_None,train,pair_0080_happy
speaker,actor_20_statement_None,train,pair_0080_sad
speaker,actor_20_statement_None,train,pair_0081_happy
speaker,actor_20_statement_None,train,pair_0081_sad
speaker,actor_20_statement_None,train,pair_0082_happy
speaker,actor_20_statement_None,train,pair_0082_sad
speaker,actor_20_statement_None,train,pair_0083_happy
speaker,actor_20_statement_None,train,pair_0083_sad
speaker,actor_20_statement_None,train,pair_0084_happy
speaker,actor_20_statement_None,train,pair_0084_sad
speaker,actor_20_statement_None,train,pair_0085_happy
speaker,actor_20_statement_None,train,pair_0085_sad
speaker,actor_20_statement_None,train,pair_0086_happy
speaker,actor_20_statement_None,train,pair_0086_sad
speaker,actor_20_statement_None,train,pair_0087_happy
speaker,actor_20_statement_None,train,pair_0087_sad
speaker,actor_20_statement_None,train,pair_0088_happy
speaker,actor_20_statement_None,train,pair_0088_sad
speaker,actor_20_statement_None,train,pair_0089_happy
speaker,actor_20_statement_None,train,pair_0089_sad
speaker,actor_20_statement_None,train,pair_0090_happy
speaker,actor_20_statement_None,train,pair_0090_sad
speaker,actor_20_statement_None,train,pair_0091_happy
speaker,actor_20_statement_None,train,pair_0091_sad
speaker,actor_20_statement_None,train,pair_0092_happy
speaker,actor_20_statement_None,train,pair_0092_sad
speaker,actor_20_statement_None,train,pair_0093_happy
speaker,actor_20_statement_None,train,pair_0093_sad
speaker,actor_20_statement_None,train,pair_0094_happy
speaker,actor_20_statement_None,train,pair_0094_sad
speaker,actor_20_statement_None,train,pair_0095_happy
speaker,actor_20_statement_None,train,pair_0095_sad
speaker,actor_20_statement_None,test,pair_0076_happy
speaker,actor_20_statement_None,test,pair_0076_sad
speaker,actor_20_statement_None,test,pair_0077_happy
speaker,actor_20_statement_None,test,pair_0077_sad
speaker,actor_20_statement_None,test,pair_0078_happy
speaker,actor_20_statement_None,test,pair_0078_sad
speaker,actor_20_statement_None,test,pair_0079_happy
speaker,actor_20_statement_None,test,pair_0079_sad
speaker,actor_21_statement_None,train,pair_0000_happy
speaker,actor_21_statement_None,train,pair_0000_sad
speaker,actor_21_statement_None,train,pair_0001_happy
speaker,actor_21_statement_None,train,pair_0001_sad
speaker,actor_21_statement_None,train,pair_0002_happy
speaker,actor_21_statement_None,train,pair_0002_sad
speaker,actor_21_statement_None,train,pair_0003_happy
speaker,actor_21_statement_None,train,pair_0003_sad
speaker,actor_21_statement_None,train,pair_0004_happy
speaker,actor_21_statement_None,train,pair_0004_sad
speaker,actor_21_statement_None,train,pair_0005_happy
speaker,actor_21_statement_None,train,pair_0005_sad
speaker,actor_21_statement_None,train,pair_0006_happy
speaker,actor_21_statement_None,train,pair_0006_sad
speaker,actor_21_statement_None,train,pair_0007_happy
speaker,actor_21_statement_None,train,pair_0007_sad
speaker,actor_21_statement_None,train,pair_0008_happy
speaker,actor_21_statement_None,train,pair_0008_sad
speaker,actor_21_statement_None,train,pair_0009_happy
speaker,actor_21_statement_None,train,pair_0009_sad
speaker,actor_21_statement_None,train,pair_0010_happy
speaker,actor_21_statement_None,train,pair_0010_sad
speaker,actor_21_statement_None,train,pair_0011_happy
speaker,actor_21_statement_None,train,pair_0011_sad
speaker,actor_21_statement_None,train,pair_0012_happy
speaker,actor_21_statement_None,train,pair_0012_sad
speaker,actor_21_statement_None,train,pair_0013_happy
speaker,actor_21_statement_None,train,pair_0013_sad
speaker,actor_21_statement_None,train,pair_0014_happy
speaker,actor_21_statement_None,train,pair_0014_sad
speaker,actor_21_statement_None,train,pair_0015_happy
speaker,actor_21_statement_None,train,pair_0015_sad
speaker,actor_21_statement_None,train,pair_0016_happy
speaker,actor_21_statement_None,train,pair_0016_sad
speaker,actor_21_statement_None,train,pair_0017_happy
speaker,actor_21_statement_None,train,pair_0017_sad
speaker,actor_21_statement_None,train,pair_0018_happy
speaker,actor_21_statement_None,train,pair_0018_sad
speaker,actor_21_statement_None,train,pair_0019_happy
speaker,actor_21_statement_None,train,pair_0019_sad
speaker,actor_21_statement_None,train,pair_0020_happy
speaker,actor_21_statement_None,train,pair_0020_sad
speaker,actor_21_statement_None,train,pair_0021_happy
speaker,actor_21_statement_None,train,pair_0021_sad
speaker,actor_21_statement_None,train,pair_0022_happy
speaker,actor_21_statement_None,train,pair_0022_sad
speaker,actor_21_statement_None,train,pair_0023_happy
speaker,actor_21_statement_None,train,pair_0023_sad
speaker,actor_21_statement_None,train,pair_0024_happy
speaker,actor_21_statement_None,train,pair_0024_sad
speaker,actor_21_statement_None,train,pair_0025_happy
speaker,actor_21_statement_None,train,pair_0025_sad
speaker,actor_21_statement_None,train,pair_0026_happy
speaker,actor_21_statement_None,train,pair_0026_sad
speaker,actor_21_statement_None,train,pair_0027_happy
speaker,actor_21_statement_None,train,pair_0027_sad
speaker,actor_21_statement_None,train,pair_0028_happy
speaker,actor_21_statement_None,train,pair_0028_sad
speaker,actor_21_statement_None,train,pair_0029_happy
speaker,actor_21_statement_None,train,pair_0029_sad
speaker,actor_21_statement_None,train,pair_0030_happy
speaker,actor_21_statement_None,train,pair_0030_sad
speaker,actor_21_statement_None,train,pair_0031_happy
speaker,actor_21_statement_None,train,pair_0031_sad
speaker,actor_21_statement_None,train,pair_0032_happy
speaker,actor_21_statement_None,train,pair_0032_sad
speaker,actor_21_statement_None,train,pair_0033_happy
speaker,actor_21_statement_None,train,pair_0033_sad
speaker,actor_21_statement_None,train,pair_0034_happy
speaker,actor_21_statement_None,train,pair_0034_sad
speaker,actor_21_statement_None,train,pair_0035_happy
speaker,actor_21_statement_None,train,pair_0035_sad
speaker,actor_21_statement_None,train,pair_0036_happy
speaker,actor_21_statement_None,train,pair_0036_sad
speaker,actor_21_statement_None,train,pair_0037_happy
speaker,actor_21_statement_None,train,pair_0037_sad
speaker,actor_21_statement_None,train,pair_0038_happy
speaker,actor_21_statement_None,train,pair_0038_sad
speaker,actor_21_statement_None,train,pair_0039_happy
speaker,actor_21_statement_None,train,pair_0039_sad
speaker,actor_21_statement_None,train,pair_0040_happy
speaker,actor_21_statement_None,train,pair_0040_sad
speaker,actor_21_statement_None,train,pair_0041_happy
speaker,actor_21_statement_None,train,pair_0041_sad
speaker,actor_21_statement_None,train,pair_0042_happy
speaker,actor_21_statement_None,train,pair_0042_sad
speaker,actor_21_statement_None,train,pair_0043_happy
speaker,actor_21_statement_None,train,pair_0043_sad
speaker,actor_21_statement_None,train,pair_0044_happy
speaker,actor_21_statement_None,train,pair_0044_sad
speaker,actor_21_statement_None,train,pair_0045_happy
speaker,actor_21_statement_None,train,pair_0045_sad
speaker,actor_21_statement_None,train,pair_0046_happy
speaker,actor_21_statement_None,train,pair_0046_sad
speaker,actor_21_statement_None,train,pair_0047_happy
speaker,actor_21_statement_None,train,pair_0047_sad
speaker,actor_21_statement_None,train,pair_0048_happy
speaker,actor_21_statement_None,train,pair_0048_sad
speaker,actor_21_statement_None,train,pair_0049_happy
speaker,actor_21_statement_None,train,pair_0049_sad
speaker,actor_21_statement_None,train,pair_0050_happy
speaker,actor_21_statement_None,train,pair_0050_sad
speaker,actor_21_statement_None,train,pair_0051_happy
speaker,actor_21_statement_None,train,pair_0051_sad
speaker,actor_21_statement_None,train,pair_0052_happy
speaker,actor_21_statement_None,train,pair_0052_sad
speaker,actor_21_statement_None,train,pair_0053_happy
speaker,actor_21_statement_None,train,pair_0053_sad
speaker,actor_21_statement_None,train,pair_0054_happy
speaker,actor_21_statement_None,train,pair_0054_sad
speaker,actor_21_statement_None,train,pair_0055_happy
speaker,actor_21_statement_None,train,pair_0055_sad
speaker,actor_21_statement_None,train,pair_0056_happy
speaker,actor_21_statement_None,train,pair_0056_sad
speaker,actor_21_statement_None,train,pair_0057_happy
speaker,actor_21_statement_None,train,pair_0057_sad
speaker,actor_21_statement_None,train,pair_0058_happy
speaker,actor_21_statement_None,train,pair_0058_sad
speaker,actor_21_statement_None,train,pair_0059_happy
speaker,actor_21_statement_None,train,pair_0059_sad
speaker,actor_21_statement_None,train,pair_0060_happy
speaker,actor_21_statement_None,train,pair_0060_sad
speaker,actor_21_statement_None,train,pair_0061_happy
speaker,actor_21_statement_None,train,pair_0061_sad
speaker,actor_21_statement_None,train,pair_0062_happy
speaker,actor_21_statement_None,train,pair_0062_sad
speaker,actor_21_statement_None,train,pair_0063_happy
speaker,actor_21_statement_None,train,pair_0063_sad
speaker,actor_21_statement_None,train,pair_0064_happy
speaker,actor_21_statement_None,train,pair_0064_sad
speaker,actor_21_statement_None,train,pair_0065_happy
speaker,actor_21_statement_None,train,pair_0065_sad
speaker,actor_21_statement_None,train,pair_0066_happy
speaker,actor_21_statement_None,train,pair_0066_sad
speaker,actor_21_statement_None,train,pair_0067_happy
speaker,actor_21_statement_None,train,pair_0067_sad
speaker,actor_21_statement_None,train,pair_0068_happy
speaker,actor_21_statement_None,train,pair_0068_sad
speaker,actor_21_statement_None,train,pair_0069_happy
speaker,actor_21_statement_None,train,pair_0069_sad
speaker,actor_21_statement_None,train,pair_0070_happy
speaker,actor_21_statement_None,train,pair_0070_sad
speaker,actor_21_statement_None,train,pair_0071_happy
speaker,actor_21_statement_None,train,pair_0071_sad
speaker,actor_21_statement_None,train,pair_0072_happy
speaker,actor_21_statement_None,train,pair_0072_sad
speaker,actor_21_statement_None,train,pair_0073_happy
speaker,actor_21_statement_None,train,pair_0073_sad
speaker,actor_21_statement_None,train,pair_0074_happy
speaker,actor_21_statement_None,train,pair_0074_sad
speaker,actor_21_statement_None,train,pair_0075_happy
speaker,actor_21_statement_None,train,pair_0075_sad
speaker,actor_21_statement_None,train,pair_0076_happy
speaker,actor_21_statement_None,train,pair_0076_sad
speaker,actor_21_statement_None,train,pair_0077_happy
speaker,actor_21_statement_None,train,pair_0077_sad
speaker,actor_21_statement_None,train,pair_0078_happy
speaker,actor_21_statement_None,train,pair_0078_sad
speaker,actor_21_statement_None,train,pair_0079_happy
speaker,actor_21_statement_None,train,pair_0079_sad
speaker,actor_21_statement_None,train,pair_0084_happy
speaker,actor_21_statement_None,train,pair_0084_sad
speaker,actor_21_statement_None,train,pair_0085_happy
speaker,actor_21_statement_None,train,pair_0085_sad
speaker,actor_21_statement_None,train,pair_0086_happy
speaker,actor_21_statement_None,train,pair_0086_sad
speaker,actor_21_statement_None,train,pair_0087_happy
speaker,actor_21_statement_None,train,pair_0087_sad
speaker,actor_21_statement_None,train,pair_0088_happy
speaker,actor_21_statement_None,train,pair_0088_sad
speaker,actor_21_statement_None,train,pair_0089_happy
speaker,actor_21_statement_None,train,pair_0089_sad
speaker,actor_21_statement_None,train,pair_0090_happy
speaker,actor_21_statement_None,train,pair_0090_sad
speaker,actor_21_statement_None,train,pair_0091_happy
speaker,actor_21_statement_None,train,pair_0091_sad
speaker,actor_21_statement_None,train,pair_0092_happy
speaker,actor_21_statement_None,train,pair_0092_sad
speaker,actor_21_statement_None,train,pair_0093_happy
speaker,actor_21_statement_None,train,pair_0093_sad
speaker,actor_21_statement_None,train,pair_0094_happy
speaker,actor_21_statement_None,train,pair_0094_sad
speaker,actor_21_statement_None,train,pair_0095_happy
speaker,actor_21_statement_None,train,pair_0095_sad
speaker,actor_21_statement_None,test,pair_0080_happy
speaker,actor_21_statement_None,test,pair_0080_sad
speaker,actor_21_statement_None,test,pair_0081_happy
speaker,actor_21_statement_None,test,pair_0081_sad
speaker,actor_21_statement_None,test,pair_0082_happy
speaker,actor_21_statement_None,test,pair_0082_sad
speaker,actor_21_statement_None,test,pair_0083_happy
speaker,actor_21_statement_None,test,pair_0083_sad
speaker,actor_22_statement_None,train,pair_0000_happy
speaker,actor_22_statement_None,train,pair_0000_sad
speaker,actor_22_statement_None,train,pair_0001_happy
speaker,actor_22_statement_None,train,pair_0001_sad
speaker,actor_22_statement_None,train,pair_0002_happy
speaker,actor_22_statement_None,train,pair_0002_sad
speaker,actor_22_statement_None,train,pair_0003_happy
speaker,actor_22_statement_None,train,pair_0003_sad
speaker,actor_22_statement_None,train,pair_0004_happy
speaker,actor_22_statement_None,train,pair_0004_sad
speaker,actor_22_statement_None,train,pair_0005_happy
speaker,actor_22_statement_None,train,pair_0005_sad
speaker,actor_22_statement_None,train,pair_0006_happy
speaker,actor_22_statement_None,train,pair_0006_sad
speaker,actor_22_statement_None,train,pair_0007_happy
speaker,actor_22_statement_None,train,pair_0007_sad
speaker,actor_22_statement_None,train,pair_0008_happy
speaker,actor_22_statement_None,train,pair_0008_sad
speaker,actor_22_statement_None,train,pair_0009_happy
speaker,actor_22_statement_None,train,pair_0009_sad
speaker,actor_22_statement_None,train,pair_0010_happy
speaker,actor_22_statement_None,train,pair_0010_sad
speaker,actor_22_statement_None,train,pair_0011_happy
speaker,actor_22_statement_None,train,pair_0011_sad
speaker,actor_22_statement_None,train,pair_0012_happy
speaker,actor_22_statement_None,train,pair_0012_sad
speaker,actor_22_statement_None,train,pair_0013_happy
speaker,actor_22_statement_None,train,pair_0013_sad
speaker,actor_22_statement_None,train,pair_0014_happy
speaker,actor_22_statement_None,train,pair_0014_sad
speaker,actor_22_statement_None,train,pair_0015_happy
speaker,actor_22_statement_None,train,pair_0015_sad
speaker,actor_22_statement_None,train,pair_0016_happy
speaker,actor_22_statement_None,train,pair_0016_sad
speaker,actor_22_statement_None,train,pair_0017_happy
speaker,actor_22_statement_None,train,pair_0017_sad
speaker,actor_22_statement_None,train,pair_0018_happy
speaker,actor_22_statement_None,train,pair_0018_sad
speaker,actor_22_statement_None,train,pair_0019_happy
speaker,actor_22_statement_None,train,pair_0019_sad
speaker,actor_22_statement_None,train,pair_0020_happy
speaker,actor_22_statement_None,train,pair_0020_sad
speaker,actor_22_statement_None,train,pair_0021_happy
speaker,actor_22_statement_None,train,pair_0021_sad
speaker,actor_22_statement_None,train,pair_0022_happy
speaker,actor_22_statement_None,train,pair_0022_sad
speaker,actor_22_statement_None,train,pair_0023_happy
speaker,actor_22_statement_None,train,pair_0023_sad
speaker,actor_22_statement_None,train,pair_0024_happy
speaker,actor_22_statement_None,train,pair_0024_sad
speaker,actor_22_statement_None,train,pair_0025_happy
speaker,actor_22_statement_None,train,pair_0025_sad
speaker,actor_22_statement_None,train,pair_0026_happy
speaker,actor_22_statement_None,train,pair_0026_sad
speaker,actor_22_statement_None,train,pair_0027_happy
speaker,actor_22_statement_None,train,pair_0027_sad
speaker,actor_22_statement_None,train,pair_0028_happy
speaker,actor_22_statement_None,train,pair_0028_sad
speaker,actor_22_statement_None,train,pair_0029_happy
speaker,actor_22_statement_None,train,pair_0029_sad
speaker,actor_22_statement_None,train,pair_0030_happy
speaker,actor_22_statement_None,train,pair_0030_sad
speaker,actor_22_statement_None,train,pair_0031_happy
speaker,actor_22_statement_None,train,pair_0031_sad
speaker,actor_22_statement_None,train,pair_0032_happy
speaker,actor_22_statement_None,train,pair_0032_sad
speaker,actor_22_statement_None,train,pair_0033_happy
speaker,actor_22_statement_None,train,pair_0033_sad
speaker,actor_22_statement_None,train,pair_0034_happy
speaker,actor_22_statement_None,train,pair_0034_sad
speaker,actor_22_statement_None,train,pair_0035_happy
speaker,actor_22_statement_None,train,pair_0035_sad
speaker,actor_22_statement_None,train,pair_0036_happy
speaker,actor_22_statement_None,train,pair_0036_sad
speaker,actor_22_statement_None,train,pair_0037_happy
speaker,actor_22_statement_None,train,pair_0037_sad
speaker,actor_22_statement_None,train,pair_0038_happy
speaker,actor_22_statement_None,train,pair_0038_sad
speaker,actor_22_statement_None,train,pair_0039_happy
speaker,actor_22_statement_None,train,pair_0039_sad
speaker,actor_22_statement_None,train,pair_0040_happy
speaker,actor_22_statement_None,train,pair_0040_sad
speaker,actor_22_statement_None,train,pair_0041_happy
speaker,actor_22_statement_None,train,pair_0041_sad
speaker,actor_22_statement_None,train,pair_0042_happy
speaker,actor_22_statement_None,train,pair_0042_sad
speaker,actor_22_statement_None,train,pair_0043_happy
speaker,actor_22_statement_None,train,pair_0043_sad
speaker,actor_22_statement_None,train,pair_0044_happy
speaker,actor_22_statement_None,train,pair_0044_sad
speaker,actor_22_statement_None,train,pair_0045_happy
speaker,actor_22_statement_None,train,pair_0045_sad
speaker,actor_22_statement_None,train,pair_0046_happy
speaker,actor_22_statement_None,train,pair_0046_sad
speaker,actor_22_statement_None,train,pair_0047_happy
speaker,actor_22_statement_None,train,pair_0047_sad
speaker,actor_22_statement_None,train,pair_0048_happy
speaker,actor_22_statement_None,train,pair_0048_sad
speaker,actor_22_statement_None,train,pair_0049_happy
speaker,actor_22_statement_None,train,pair_0049_sad
speaker,actor_22_statement_None,train,pair_0050_happy
speaker,actor_22_statement_None,train,pair_0050_sad
speaker,actor_22_statement_None,train,pair_0051_happy
speaker,actor_22_statement_None,train,pair_0051_sad
speaker,actor_22_statement_None,train,pair_0052_happy
speaker,actor_22_statement_None,train,pair_0052_sad
speaker,actor_22_statement_None,train,pair_0053_happy
speaker,actor_22_statement_None,train,pair_0053_sad
speaker,actor_22_statement_None,train,pair_0054_happy
speaker,actor_22_statement_None,train,pair_0054_sad
speaker,actor_22_statement_None,train,pair_0055_happy
speaker,actor_22_statement_None,train,pair_0055_sad
speaker,actor_22_statement_None,train,pair_0056_happy
speaker,actor_22_statement_None,train,pair_0056_sad
speaker,actor_22_statement_None,train,pair_0057_happy
speaker,actor_22_statement_None,train,pair_0057_sad
speaker,actor_22_statement_None,train,pair_0058_happy
speaker,actor_22_statement_None,train,pair_0058_sad
speaker,actor_22_statement_None,train,pair_0059_happy
speaker,actor_22_statement_None,train,pair_0059_sad
speaker,actor_22_statement_None,train,pair_0060_happy
speaker,actor_22_statement_None,train,pair_0060_sad
speaker,actor_22_statement_None,train,pair_0061_happy
speaker,actor_22_statement_None,train,pair_0061_sad
speaker,actor_22_statement_None,train,pair_0062_happy
speaker,actor_22_statement_None,train,pair_0062_sad
speaker,actor_22_statement_None,train,pair_0063_happy
speaker,actor_22_statement_None,train,pair_0063_sad
speaker,actor_22_statement_None,train,pair_0064_happy
speaker,actor_22_statement_None,train,pair_0064_sad
speaker,actor_22_statement_None,train,pair_0065_happy
speaker,actor_22_statement_None,train,pair_0065_sad
speaker,actor_22_statement_None,train,pair_0066_happy
speaker,actor_22_statement_None,train,pair_0066_sad
speaker,actor_22_statement_None,train,pair_0067_happy
speaker,actor_22_statement_None,train,pair_0067_sad
speaker,actor_22_statement_None,train,pair_0068_happy
speaker,actor_22_statement_None,train,pair_0068_sad
speaker,actor_22_statement_None,train,pair_0069_happy
speaker,actor_22_statement_None,train,pair_0069_sad
speaker,actor_22_statement_None,train,pair_0070_happy
speaker,actor_22_statement_None,train,pair_0070_sad
speaker,actor_22_statement_None,train,pair_0071_happy
speaker,actor_22_statement_None,train,pair_0071_sad
speaker,actor_22_statement_None,train,pair_0072_happy
speaker,actor_22_statement_None,train,pair_0072_sad
speaker,actor_22_statement_None,train,pair_0073_happy
speaker,actor_22_statement_None,train,pair_0073_sad
speaker,actor_22_statement_None,train,pair_0074_happy
speaker,actor_22_statement_None,train,pair_0074_sad
speaker,actor_22_statement_None,train,pair_0075_happy
speaker,actor_22_statement_None,train,pair_0075_sad
speaker,actor_22_statement_None,train,pair_0076_happy
speaker,actor_22_statement_None,train,pair_0076_sad
speaker,actor_22_statement_None,train,pair_0077_happy
speaker,actor_22_statement_None,train,pair_0077_sad
speaker,actor_22_statement_None,train,pair_0078_happy
speaker,actor_22_statement_None,train,pair_0078_sad
speaker,actor_22_statement_None,train,pair_0079_happy
speaker,actor_22_statement_None,train,pair_0079_sad
speaker,actor_22_statement_None,train,pair_0080_happy
speaker,actor_22_statement_None,train,pair_0080_sad
speaker,actor_22_statement_None,train,pair_0081_happy
speaker,actor_22_statement_None,train,pair_0081_sad
speaker,actor_22_statement_None,train,pair_0082_happy
speaker,actor_22_statement_None,train,pair_0082_sad
speaker,actor_22_statement_None,train,pair_0083_happy
speaker,actor_22_statement_None,train,pair_0083_sad
speaker,actor_22_statement_None,train,pair_0088_happy
speaker,actor_22_statement_None,train,pair_0088_sad
speaker,actor_22_statement_None,train,pair_0089_happy
speaker,actor_22_statement_None,train,pair_0089_sad
speaker,actor_22_statement_None,train,pair_0090_happy
speaker,actor_22_statement_None,train,pair_0090_sad
speaker,actor_22_statement_None,train,pair_0091_happy
speaker,actor_22_statement_None,train,pair_0091_sad
speaker,actor_22_statement_None,train,pair_0092_happy
speaker,actor_22_statement_None,train,pair_0092_sad
speaker,actor_22_statement_None,train,pair_0093_happy
speaker,actor_22_statement_None,train,pair_0093_sad
speaker,actor_22_statement_None,train,pair_0094_happy
speaker,actor_22_statement_None,train,pair_0094_sad
speaker,actor_22_statement_None,train,pair_0095_happy
speaker,actor_22_statement_None,train,pair_0095_sad
speaker,actor_22_statement_None,test,pair_0084_happy
speaker,actor_22_statement_None,test,pair_0084_sad
speaker,actor_22_statement_None,test,pair_0085_happy
speaker,actor_22_statement_None,test,pair_0085_sad
speaker,actor_22_statement_None,test,pair_0086_happy
speaker,actor_22_statement_None,test,pair_0086_sad
speaker,actor_22_statement_None,test,pair_0087_happy
speaker,actor_22_statement_None,test,pair_0087_sad
speaker,actor_23_statement_None,train,pair_0000_happy
speaker,actor_23_statement_None,train,pair_0000_sad
speaker,actor_23_statement_None,train,pair_0001_happy
speaker,actor_23_statement_None,train,pair_0001_sad
speaker,actor_23_statement_None,train,pair_0002_happy
speaker,actor_23_statement_None,train,pair_0002_sad
speaker,actor_23_statement_None,train,pair_0003_happy
speaker,actor_23_statement_None,train,pair_0003_sad
speaker,actor_23_statement_None,train,pair_0004_happy
speaker,actor_23_statement_None,train,pair_0004_sad
speaker,actor_23_statement_None,train,pair_0005_happy
speaker,actor_23_statement_None,train,pair_0005_sad
speaker,actor_23_statement_None,train,pair_0006_happy
speaker,actor_23_statement_None,train,pair_0006_sad
speaker,actor_23_statement_None,train,pair_0007_happy
speaker,actor_23_statement_None,train,pair_0007_sad
speaker,actor_23_statement_None,train,pair_0008_happy
speaker,actor_23_statement_None,train,pair_0008_sad
speaker,actor_23_statement_None,train,pair_0009_happy
speaker,actor_23_statement_None,train,pair_0009_sad
speaker,actor_23_statement_None,train,pair_0010_happy
speaker,actor_23_statement_None,train,pair_0010_sad
speaker,actor_23_statement_None,train,pair_0011_happy
speaker,actor_23_statement_None,train,pair_0011_sad
speaker,actor_23_statement_None,train,pair_0012_happy
speaker,actor_23_statement_None,train,pair_0012_sad
speaker,actor_23_statement_None,train,pair_0013_happy
speaker,actor_23_statement_None,train,pair_0013_sad
speaker,actor_23_statement_None,train,pair_0014_happy
speaker,actor_23_statement_None,train,pair_0014_sad
speaker,actor_23_statement_None,train,pair_0015_happy
speaker,actor_23_statement_None,train,pair_0015_sad
speaker,actor_23_statement_None,train,pair_0016_happy
speaker,actor_23_statement_None,train,pair_0016_sad
speaker,actor_23_statement_None,train,pair_0017_happy
speaker,actor_23_statement_None,train,pair_0017_sad
speaker,actor_23_statement_None,train,pair_0018_happy
speaker,actor_23_statement_None,train,pair_0018_sad
speaker,actor_23_statement_None,train,pair_0019_happy
speaker,actor_23_statement_None,train,pair_0019_sad
speaker,actor_23_statement_None,train,pair_0020_happy
speaker,actor_23_statement_None,train,pair_0020_sad
speaker,actor_23_statement_None,train,pair_0021_happy
speaker,actor_23_statement_None,train,pair_0021_sad
speaker,actor_23_statement_None,train,pair_0022_happy
speaker,actor_23_statement_None,train,pair_0022_sad
speaker,actor_23_statement_None,train,pair_0023_happy
speaker,actor_23_statement_None,train,pair_0023_sad
speaker,actor_23_statement_None,train,pair_0024_happy
speaker,actor_23_statement_None,train,pair_0024_sad
speaker,actor_23_statement_None,train,pair_0025_happy
speaker,actor_23_statement_None,train,pair_0025_sad
speaker,actor_23_statement_None,train,pair_0026_happy
speaker,actor_23_statement_None,train,pair_0026_sad
speaker,actor_23_statement_None,train,pair_0027_happy
speaker,actor_23_statement_None,train,pair_0027_sad
speaker,actor_23_statement_None,train,pair_0028_happy
speaker,actor_23_statement_None,train,pair_0028_sad
speaker,actor_23_statement_None,train,pair_0029_happy
speaker,actor_23_statement_None,train,pair_0029_sad
speaker,actor_23_statement_None,train,pair_0030_happy
speaker,actor_23_statement_None,train,pair_0030_sad
speaker,actor_23_statement_None,train,pair_0031_happy
speaker,actor_23_statement_None,train,pair_0031_sad
speaker,actor_23_statement_None,train,pair_0032_happy
speaker,actor_23_statement_None,train,pair_0032_sad
speaker,actor_23_statement_None,train,pair_0033_happy
speaker,actor_23_statement_None,train,pair_0033_sad
speaker,actor_23_statement_None,train,pair_0034_happy
speaker,actor_23_statement_None,train,pair_0034_sad
speaker,actor_23_statement_None,train,pair_0035_happy
speaker,actor_23_statement_None,train,pair_0035_sad
speaker,actor_23_statement_None,train,pair_0036_happy
speaker,actor_23_statement_None,train,pair_0036_sad
speaker,actor_23_statement_None,train,pair_0037_happy
speaker,actor_23_statement_None,train,pair_0037_sad
speaker,actor_23_statement_None,train,pair_0038_happy
speaker,actor_23_statement_None,train,pair_0038_sad
speaker,actor_23_statement_None,train,pair_0039_happy
speaker,actor_23_statement_None,train,pair_0039_sad
speaker,actor_23_statement_None,train,pair_0040_happy
speaker,actor_23_statement_None,train,pair_0040_sad
speaker,actor_23_statement_None,train,pair_0041_happy
speaker,actor_23_statement_None,train,pair_0041_sad
speaker,actor_23_statement_None,train,pair_0042_happy
speaker,actor_23_statement_None,train,pair_0042_sad
speaker,actor_23_statement_None,train,pair_0043_happy
speaker,actor_23_statement_None,train,pair_0043_sad
speaker,actor_23_statement_None,train,pair_0044_happy
speaker,actor_23_statement_None,train,pair_0044_sad
speaker,actor_23_statement_None,train,pair_0045_happy
speaker,actor_23_statement_None,train,pair_0045_sad
speaker,actor_23_statement_None,train,pair_0046_happy
speaker,actor_23_statement_None,train,pair_0046_sad
speaker,actor_23_statement_None,train,pair_0047_happy
speaker,actor_23_statement_None,train,pair_0047_sad
speaker,actor_23_statement_None,train,pair_0048_happy
speaker,actor_23_statement_None,train,pair_0048_sad
speaker,actor_23_statement_None,train,pair_0049_happy
speaker,actor_23_statement_None,train,pair_0049_sad
speaker,actor_23_statement_None,train,pair_0050_happy
speaker,actor_23_statement_None,train,pair_0050_sad
speaker,actor_23_statement_None,train,pair_0051_happy
speaker,actor_23_statement_None,train,pair_0051_sad
speaker,actor_23_statement_None,train,pair_0052_happy
speaker,actor_23_statement_None,train,pair_0052_sad
speaker,actor_23_statement_None,train,pair_0053_happy
speaker,actor_23_statement_None,train,pair_0053_sad
speaker,actor_23_statement_None,train,pair_0054_happy
speaker,actor_23_statement_None,train,pair_0054_sad
speaker,actor_23_statement_None,train,pair_0055_happy
speaker,actor_23_statement_None,train,pair_0055_sad
speaker,actor_23_statement_None,train,pair_0056_happy
speaker,actor_23_statement_None,train,pair_0056_sad
speaker,actor_23_statement_None,train,pair_0057_happy
speaker,actor_23_statement_None,train,pair_0057_sad
speaker,actor_23_statement_None,train,pair_0058_happy
speaker,actor_23_statement_None,train,pair_0058_sad
speaker,actor_23_statement_None,train,pair_0059_happy
speaker,actor_23_statement_None,train,pair_0059_sad
speaker,actor_23_statement_None,train,pair_0060_happy
speaker,actor_23_statement_None,train,pair_0060_sad
speaker,actor_23_statement_None,train,pair_0061_happy
speaker,actor_23_statement_None,train,pair_0061_sad
speaker,actor_23_statement_None,train,pair_0062_happy
speaker,actor_23_statement_None,train,pair_0062_sad
speaker,actor_23_statement_None,train,pair_0063_happy
speaker,actor_23_statement_None,train,pair_0063_sad
speaker,actor_23_statement_None,train,pair_0064_happy
speaker,actor_23_statement_None,train,pair_0064_sad
speaker,actor_23_statement_None,train,pair_0065_happy
speaker,actor_23_statement_None,train,pair_0065_sad
speaker,actor_23_statement_None,train,pair_0066_happy
speaker,actor_23_statement_None,train,pair_0066_sad
speaker,actor_23_statement_None,train,pair_0067_happy
speaker,actor_23_statement_None,train,pair_0067_sad
speaker,actor_23_statement_None,train,pair_0068_happy
speaker,actor_23_statement_None,train,pair_0068_sad
speaker,actor_23_statement_None,train,pair_0069_happy
speaker,actor_23_statement_None,train,pair_0069_sad
speaker,actor_23_statement_None,train,pair_0070_happy
speaker,actor_23_statement_None,train,pair_0070_sad
speaker,actor_23_statement_None,train,pair_0071_happy
speaker,actor_23_statement_None,train,pair_0071_sad
speaker,actor_23_statement_None,train,pair_0072_happy
speaker,actor_23_statement_None,train,pair_0072_sad
speaker,actor_23_statement_None,train,pair_0073_happy
speaker,actor_23_statement_None,train,pair_0073_sad
speaker,actor_23_statement_None,train,pair_0074_happy
speaker,actor_23_statement_None,train,pair_0074_sad
speaker,actor_23_statement_None,train,pair_0075_happy
speaker,actor_23_statement_None,train,pair_0075_sad
speaker,actor_23_statement_None,train,pair_0076_happy
speaker,actor_23_statement_None,train,pair_0076_sad
speaker,actor_23_statement_None,train,pair_0077_happy
speaker,actor_23_statement_None,train,pair_0077_sad
speaker,actor_23_statement_None,train,pair_0078_happy
speaker,actor_23_statement_None,train,pair_0078_sad
speaker,actor_23_statement_None,train,pair_0079_happy
speaker,actor_23_statement_None,train,pair_0079_sad
speaker,actor_23_statement_None,train,pair_0080_happy
speaker,actor_23_statement_None,train,pair_0080_sad
speaker,actor_23_statement_None,train,pair_0081_happy
speaker,actor_23_statement_None,train,pair_0081_sad
speaker,actor_23_statement_None,train,pair_0082_happy
speaker,actor_23_statement_None,train,pair_0082_sad
speaker,actor_23_statement_None,train,pair_0083_happy
speaker,actor_23_statement_None,train,pair_0083_sad
speaker,actor_23_statement_None,train,pair_0084_happy
speaker,actor_23_statement_None,train,pair_0084_sad
speaker,actor_23_statement_None,train,pair_0085_happy
speaker,actor_23_statement_None,train,pair_0085_sad
speaker,actor_23_statement_None,train,pair_0086_happy
speaker,actor_23_statement_None,train,pair_0086_sad
speaker,actor_23_statement_None,train,pair_0087_happy
speaker,actor_23_statement_None,train,pair_0087_sad
speaker,actor_23_statement_None,train,pair_0092_happy
speaker,actor_23_statement_None,train,pair_0092_sad
speaker,actor_23_statement_None,train,pair_0093_happy
speaker,actor_23_statement_None,train,pair_0093_sad
speaker,actor_23_statement_None,train,pair_0094_happy
speaker,actor_23_statement_None,train,pair_0094_sad
speaker,actor_23_statement_None,train,pair_0095_happy
speaker,actor_23_statement_None,train,pair_0095_sad
speaker,actor_23_statement_None,test,pair_0088_happy
speaker,actor_23_statement_None,test,pair_0088_sad
speaker,actor_23_statement_None,test,pair_0089_happy
speaker,actor_23_statement_None,test,pair_0089_sad
speaker,actor_23_statement_None,test,pair_0090_happy
speaker,actor_23_statement_None,test,pair_0090_sad
speaker,actor_23_statement_None,test,pair_0091_happy
speaker,actor_23_statement_None,test,pair_0091_sad
speaker,actor_24_statement_None,train,pair_0000_happy
speaker,actor_24_statement_None,train,pair_0000_sad
speaker,actor_24_statement_None,train,pair_0001_happy
speaker,actor_24_statement_None,train,pair_0001_sad
speaker,actor_24_statement_None,train,pair_0002_happy
speaker,actor_24_statement_None,train,pair_0002_sad
speaker,actor_24_statement_None,train,pair_0003_happy
speaker,actor_24_statement_None,train,pair_0003_sad
speaker,actor_24_statement_None,train,pair_0004_happy
speaker,actor_24_statement_None,train,pair_0004_sad
speaker,actor_24_statement_None,train,pair_0005_happy
speaker,actor_24_statement_None,train,pair_0005_sad
speaker,actor_24_statement_None,train,pair_0006_happy
speaker,actor_24_statement_None,train,pair_0006_sad
speaker,actor_24_statement_None,train,pair_0007_happy
speaker,actor_24_statement_None,train,pair_0007_sad
speaker,actor_24_statement_None,train,pair_0008_happy
speaker,actor_24_statement_None,train,pair_0008_sad
speaker,actor_24_statement_None,train,pair_0009_happy
speaker,actor_24_statement_None,train,pair_0009_sad
speaker,actor_24_statement_None,train,pair_0010_happy
speaker,actor_24_statement_None,train,pair_0010_sad
speaker,actor_24_statement_None,train,pair_0011_happy
speaker,actor_24_statement_None,train,pair_0011_sad
speaker,actor_24_statement_None,train,pair_0012_happy
speaker,actor_24_statement_None,train,pair_0012_sad
speaker,actor_24_statement_None,train,pair_0013_happy
speaker,actor_24_statement_None,train,pair_0013_sad
speaker,actor_24_statement_None,train,pair_0014_happy
speaker,actor_24_statement_None,train,pair_0014_sad
speaker,actor_24_statement_None,train,pair_0015_happy
speaker,actor_24_statement_None,train,pair_0015_sad
speaker,actor_24_statement_None,train,pair_0016_happy
speaker,actor_24_statement_None,train,pair_0016_sad
speaker,actor_24_statement_None,train,pair_0017_happy
speaker,actor_24_statement_None,train,pair_0017_sad
speaker,actor_24_statement_None,train,pair_0018_happy
speaker,actor_24_statement_None,train,pair_0018_sad
speaker,actor_24_statement_None,train,pair_0019_happy
speaker,actor_24_statement_None,train,pair_0019_sad
speaker,actor_24_statement_None,train,pair_0020_happy
speaker,actor_24_statement_None,train,pair_0020_sad
speaker,actor_24_statement_None,train,pair_0021_happy
speaker,actor_24_statement_None,train,pair_0021_sad
speaker,actor_24_statement_None,train,pair_0022_happy
speaker,actor_24_statement_None,train,pair_0022_sad
speaker,actor_24_statement_None,train,pair_0023_happy
speaker,actor_24_statement_None,train,pair_0023_sad
speaker,actor_24_statement_None,train,pair_0024_happy
speaker,actor_24_statement_None,train,pair_0024_sad
speaker,actor_24_statement_None,train,pair_0025_happy
speaker,actor_24_statement_None,train,pair_0025_sad
speaker,actor_24_statement_None,train,pair_0026_happy
speaker,actor_24_statement_None,train,pair_0026_sad
speaker,actor_24_statement_None,train,pair_0027_happy
speaker,actor_24_statement_None,train,pair_0027_sad
speaker,actor_24_statement_None,train,pair_0028_happy
speaker,actor_24_statement_None,train,pair_0028_sad
speaker,actor_24_statement_None,train,pair_0029_happy
speaker,actor_24_statement_None,train,pair_0029_sad
speaker,actor_24_statement_None,train,pair_0030_happy
speaker,actor_24_statement_None,train,pair_0030_sad
speaker,actor_24_statement_None,train,pair_0031_happy
speaker,actor_24_statement_None,train,pair_0031_sad
speaker,actor_24_statement_None,train,pair_0032_happy
speaker,actor_24_statement_None,train,pair_0032_sad
speaker,actor_24_statement_None,train,pair_0033_happy
speaker,actor_24_statement_None,train,pair_0033_sad
speaker,actor_24_statement_None,train,pair_0034_happy
speaker,actor_24_statement_None,train,pair_0034_sad
speaker,actor_24_statement_None,train,pair_0035_happy
speaker,actor_24_statement_None,train,pair_0035_sad
speaker,actor_24_statement_None,train,pair_0036_happy
speaker,actor_24_statement_None,train,pair_0036_sad
speaker,actor_24_statement_None,train,pair_0037_happy
speaker,actor_24_statement_None,train,pair_0037_sad
speaker,actor_24_statement_None,train,pair_0038_happy
speaker,actor_24_statement_None,train,pair_0038_sad
speaker,actor_24_statement_None,train,pair_0039_happy
speaker,actor_24_statement_None,train,pair_0039_sad
speaker,actor_24_statement_None,train,pair_0040_happy
speaker,actor_24_statement_None,train,pair_0040_sad
speaker,actor_24_statement_None,train,pair_0041_happy
speaker,actor_24_statement_None,train,pair_0041_sad
speaker,actor_24_statement_None,train,pair_0042_happy
speaker,actor_24_statement_None,train,pair_0042_sad
speaker,actor_24_statement_None,train,pair_0043_happy
speaker,actor_24_statement_None,train,pair_0043_sad
speaker,actor_24_statement_None,train,pair_0044_happy
speaker,actor_24_statement_None,train,pair_0044_sad
speaker,actor_24_statement_None,train,pair_0045_happy
speaker,actor_24_statement_None,train,pair_0045_sad
speaker,actor_24_statement_None,train,pair_0046_happy
speaker,actor_24_statement_None,train,pair_0046_sad
speaker,actor_24_statement_None,train,pair_0047_happy
speaker,actor_24_statement_None,train,pair_0047_sad
speaker,actor_24_statement_None,train,pair_0048_happy
speaker,actor_24_statement_None,train,pair_0048_sad
speaker,actor_24_statement_None,train,pair_0049_happy
speaker,actor_24_statement_None,train,pair_0049_sad
speaker,actor_24_statement_None,train,pair_0050_happy
speaker,actor_24_statement_None,train,pair_0050_sad
speaker,actor_24_statement_None,train,pair_0051_happy
speaker,actor_24_statement_None,train,pair_0051_sad
speaker,actor_24_statement_None,train,pair_0052_happy
speaker,actor_24_statement_None,train,pair_0052_sad
speaker,actor_24_statement_None,train,pair_0053_happy
speaker,actor_24_statement_None,train,pair_0053_sad
speaker,actor_24_statement_None,train,pair_0054_happy
speaker,actor_24_statement_None,train,pair_0054_sad
speaker,actor_24_statement_None,train,pair_0055_happy
speaker,actor_24_statement_None,train,pair_0055_sad
speaker,actor_24_statement_None,train,pair_0056_happy
speaker,actor_24_statement_None,train,pair_0056_sad
speaker,actor_24_statement_None,train,pair_0057_happy
speaker,actor_24_statement_None,train,pair_0057_sad
speaker,actor_24_statement_None,train,pair_0058_happy
speaker,actor_24_statement_None,train,pair_0058_sad
speaker,actor_24_statement_None,train,pair_0059_happy
speaker,actor_24_statement_None,train,pair_0059_sad
speaker,actor_24_statement_None,train,pair_0060_happy
speaker,actor_24_statement_None,train,pair_0060_sad
speaker,actor_24_statement_None,train,pair_0061_happy
speaker,actor_24_statement_None,train,pair_0061_sad
speaker,actor_24_statement_None,train,pair_0062_happy
speaker,actor_24_statement_None,train,pair_0062_sad
speaker,actor_24_statement_None,train,pair_0063_happy
speaker,actor_24_statement_None,train,pair_0063_sad
speaker,actor_24_statement_None,train,pair_0064_happy
speaker,actor_24_statement_None,train,pair_0064_sad
speaker,actor_24_statement_None,train,pair_0065_happy
speaker,actor_24_statement_None,train,pair_0065_sad
speaker,actor_24_statement_None,train,pair_0066_happy
speaker,actor_24_statement_None,train,pair_0066_sad
speaker,actor_24_statement_None,train,pair_0067_happy
speaker,actor_24_statement_None,train,pair_0067_sad
speaker,actor_24_statement_None,train,pair_0068_happy
speaker,actor_24_statement_None,train,pair_0068_sad
speaker,actor_24_statement_None,train,pair_0069_happy
speaker,actor_24_statement_None,train,pair_0069_sad
speaker,actor_24_statement_None,train,pair_0070_happy
speaker,actor_24_statement_None,train,pair_0070_sad
speaker,actor_24_statement_None,train,pair_0071_happy
speaker,actor_24_statement_None,train,pair_0071_sad
speaker,actor_24_statement_None,train,pair_0072_happy
speaker,actor_24_statement_None,train,pair_0072_sad
speaker,actor_24_statement_None,train,pair_0073_happy
speaker,actor_24_statement_None,train,pair_0073_sad
speaker,actor_24_statement_None,train,pair_0074_happy
speaker,actor_24_statement_None,train,pair_0074_sad
speaker,actor_24_statement_None,train,pair_0075_happy
speaker,actor_24_statement_None,train,pair_0075_sad
speaker,actor_24_statement_None,train,pair_0076_happy
speaker,actor_24_statement_None,train,pair_0076_sad
speaker,actor_24_statement_None,train,pair_0077_happy
speaker,actor_24_statement_None,train,pair_0077_sad
speaker,actor_24_statement_None,train,pair_0078_happy
speaker,actor_24_statement_None,train,pair_0078_sad
speaker,actor_24_statement_None,train,pair_0079_happy
speaker,actor_24_statement_None,train,pair_0079_sad
speaker,actor_24_statement_None,train,pair_0080_happy
speaker,actor_24_statement_None,train,pair_0080_sad
speaker,actor_24_statement_None,train,pair_0081_happy
speaker,actor_24_statement_None,train,pair_0081_sad
speaker,actor_24_statement_None,train,pair_0082_happy
speaker,actor_24_statement_None,train,pair_0082_sad
speaker,actor_24_statement_None,train,pair_0083_happy
speaker,actor_24_statement_None,train,pair_0083_sad
speaker,actor_24_statement_None,train,pair_0084_happy
speaker,actor_24_statement_None,train,pair_0084_sad
speaker,actor_24_statement_None,train,pair_0085_happy
speaker,actor_24_statement_None,train,pair_0085_sad
speaker,actor_24_statement_None,train,pair_0086_happy
speaker,actor_24_statement_None,train,pair_0086_sad
speaker,actor_24_statement_None,train,pair_0087_happy
speaker,actor_24_statement_None,train,pair_0087_sad
speaker,actor_24_statement_None,train,pair_0088_happy
speaker,actor_24_statement_None,train,pair_0088_sad
speaker,actor_24_statement_None,train,pair_0089_happy
speaker,actor_24_statement_None,train,pair_0089_sad
speaker,actor_24_statement_None,train,pair_0090_happy
speaker,actor_24_statement_None,train,pair_0090_sad
speaker,actor_24_statement_None,train,pair_0091_happy
speaker,actor_24_statement_None,train,pair_0091_sad
speaker,actor_24_statement_None,test,pair_0092_happy
speaker,actor_24_statement_None,test,pair_0092_sad
speaker,actor_24_statement_None,test,pair_0093_happy
speaker,actor_24_statement_None,test,pair_0093_sad
speaker,actor_24_statement_None,test,pair_0094_happy
speaker,actor_24_statement_None,test,pair_0094_sad
speaker,actor_24_statement_None,test,pair_0095_happy
speaker,actor_24_statement_None,test,pair_0095_sad
statement,actor_None_statement_01,train,pair_0002_happy
statement,actor_None_statement_01,train,pair_0002_sad
statement,actor_None_statement_01,train,pair_0003_happy
statement,actor_None_statement_01,train,pair_0003_sad
statement,actor_None_statement_01,train,pair_0006_happy
statement,actor_None_statement_01,train,pair_0006_sad
statement,actor_None_statement_01,train,pair_0007_happy
statement,actor_None_statement_01,train,pair_0007_sad
statement,actor_None_statement_01,train,pair_0010_happy
statement,actor_None_statement_01,train,pair_0010_sad
statement,actor_None_statement_01,train,pair_0011_happy
statement,actor_None_statement_01,train,pair_0011_sad
statement,actor_None_statement_01,train,pair_0014_happy
statement,actor_None_statement_01,train,pair_0014_sad
statement,actor_None_statement_01,train,pair_0015_happy
statement,actor_None_statement_01,train,pair_0015_sad
statement,actor_None_statement_01,train,pair_0018_happy
statement,actor_None_statement_01,train,pair_0018_sad
statement,actor_None_statement_01,train,pair_0019_happy
statement,actor_None_statement_01,train,pair_0019_sad
statement,actor_None_statement_01,train,pair_0022_happy
statement,actor_None_statement_01,train,pair_0022_sad
statement,actor_None_statement_01,train,pair_0023_happy
statement,actor_None_statement_01,train,pair_0023_sad
statement,actor_None_statement_01,train,pair_0026_happy
statement,actor_None_statement_01,train,pair_0026_sad
statement,actor_None_statement_01,train,pair_0027_happy
statement,actor_None_statement_01,train,pair_0027_sad
statement,actor_None_statement_01,train,pair_0030_happy
statement,actor_None_statement_01,train,pair_0030_sad
statement,actor_None_statement_01,train,pair_0031_happy
statement,actor_None_statement_01,train,pair_0031_sad
statement,actor_None_statement_01,train,pair_0034_happy
statement,actor_None_statement_01,train,pair_0034_sad
statement,actor_None_statement_01,train,pair_0035_happy
statement,actor_None_statement_01,train,pair_0035_sad
statement,actor_None_statement_01,train,pair_0038_happy
statement,actor_None_statement_01,train,pair_0038_sad
statement,actor_None_statement_01,train,pair_0039_happy
statement,actor_None_statement_01,train,pair_0039_sad
statement,actor_None_statement_01,train,pair_0042_happy
statement,actor_None_statement_01,train,pair_0042_sad
statement,actor_None_statement_01,train,pair_0043_happy
statement,actor_None_statement_01,train,pair_0043_sad
statement,actor_None_statement_01,train,pair_0046_happy
statement,actor_None_statement_01,train,pair_0046_sad
statement,actor_None_statement_01,train,pair_0047_happy
statement,actor_None_statement_01,train,pair_0047_sad
statement,actor_None_statement_01,train,pair_0050_happy
statement,actor_None_statement_01,train,pair_0050_sad
statement,actor_None_statement_01,train,pair_0051_happy
statement,actor_None_statement_01,train,pair_0051_sad
statement,actor_None_statement_01,train,pair_0054_happy
statement,actor_None_statement_01,train,pair_0054_sad
statement,actor_None_statement_01,train,pair_0055_happy
statement,actor_None_statement_01,train,pair_0055_sad
statement,actor_None_statement_01,train,pair_0058_happy
statement,actor_None_statement_01,train,pair_0058_sad
statement,actor_None_statement_01,train,pair_0059_happy
statement,actor_None_statement_01,train,pair_0059_sad
statement,actor_None_statement_01,train,pair_0062_happy
statement,actor_None_statement_01,train,pair_0062_sad
statement,actor_None_statement_01,train,pair_0063_happy
statement,actor_None_statement_01,train,pair_0063_sad
statement,actor_None_statement_01,train,pair_0066_happy
statement,actor_None_statement_01,train,pair_0066_sad
statement,actor_None_statement_01,train,pair_0067_happy
statement,actor_None_statement_01,train,pair_0067_sad
statement,actor_None_statement_01,train,pair_0070_happy
statement,actor_None_statement_01,train,pair_0070_sad
statement,actor_None_statement_01,train,pair_0071_happy
statement,actor_None_statement_01,train,pair_0071_sad
statement,actor_None_statement_01,train,pair_0074_happy
statement,actor_None_statement_01,train,pair_0074_sad
statement,actor_None_statement_01,train,pair_0075_happy
statement,actor_None_statement_01,train,pair_0075_sad
statement,actor_None_statement_01,train,pair_0078_happy
statement,actor_None_statement_01,train,pair_0078_sad
statement,actor_None_statement_01,train,pair_0079_happy
statement,actor_None_statement_01,train,pair_0079_sad
statement,actor_None_statement_01,train,pair_0082_happy
statement,actor_None_statement_01,train,pair_0082_sad
statement,actor_None_statement_01,train,pair_0083_happy
statement,actor_None_statement_01,train,pair_0083_sad
statement,actor_None_statement_01,train,pair_0086_happy
statement,actor_None_statement_01,train,pair_0086_sad
statement,actor_None_statement_01,train,pair_0087_happy
statement,actor_None_statement_01,train,pair_0087_sad
statement,actor_None_statement_01,train,pair_0090_happy
statement,actor_None_statement_01,train,pair_0090_sad
statement,actor_None_statement_01,train,pair_0091_happy
statement,actor_None_statement_01,train,pair_0091_sad
statement,actor_None_statement_01,train,pair_0094_happy
statement,actor_None_statement_01,train,pair_0094_sad
statement,actor_None_statement_01,train,pair_0095_happy
statement,actor_None_statement_01,train,pair_0095_sad
statement,actor_None_statement_01,test,pair_0000_happy
statement,actor_None_statement_01,test,pair_0000_sad
statement,actor_None_statement_01,test,pair_0001_happy
statement,actor_None_statement_01,test,pair_0001_sad
statement,actor_None_statement_01,test,pair_0004_happy
statement,actor_None_statement_01,test,pair_0004_sad
statement,actor_None_statement_01,test,pair_0005_happy
statement,actor_None_statement_01,test,pair_0005_sad
statement,actor_None_statement_01,test,pair_0008_happy
statement,actor_None_statement_01,test,pair_0008_sad
statement,actor_None_statement_01,test,pair_0009_happy
statement,actor_None_statement_01,test,pair_0009_sad
statement,actor_None_statement_01,test,pair_0012_happy
statement,actor_None_statement_01,test,pair_0012_sad
statement,actor_None_statement_01,test,pair_0013_happy
statement,actor_None_statement_01,test,pair_0013_sad
statement,actor_None_statement_01,test,pair_0016_happy
statement,actor_None_statement_01,test,pair_0016_sad
statement,actor_None_statement_01,test,pair_0017_happy
statement,actor_None_statement_01,test,pair_0017_sad
statement,actor_None_statement_01,test,pair_0020_happy
statement,actor_None_statement_01,test,pair_0020_sad
statement,actor_None_statement_01,test,pair_0021_happy
statement,actor_None_statement_01,test,pair_0021_sad
statement,actor_None_statement_01,test,pair_0024_happy
statement,actor_None_statement_01,test,pair_0024_sad
statement,actor_None_statement_01,test,pair_0025_happy
statement,actor_None_statement_01,test,pair_0025_sad
statement,actor_None_statement_01,test,pair_0028_happy
statement,actor_None_statement_01,test,pair_0028_sad
statement,actor_None_statement_01,test,pair_0029_happy
statement,actor_None_statement_01,test,pair_0029_sad
statement,actor_None_statement_01,test,pair_0032_happy
statement,actor_None_statement_01,test,pair_0032_sad
statement,actor_None_statement_01,test,pair_0033_happy
statement,actor_None_statement_01,test,pair_0033_sad
statement,actor_None_statement_01,test,pair_0036_happy
statement,actor_None_statement_01,test,pair_0036_sad
statement,actor_None_statement_01,test,pair_0037_happy
statement,actor_None_statement_01,test,pair_0037_sad
statement,actor_None_statement_01,test,pair_0040_happy
statement,actor_None_statement_01,test,pair_0040_sad
statement,actor_None_statement_01,test,pair_0041_happy
statement,actor_None_statement_01,test,pair_0041_sad
statement,actor_None_statement_01,test,pair_0044_happy
statement,actor_None_statement_01,test,pair_0044_sad
statement,actor_None_statement_01,test,pair_0045_happy
statement,actor_None_statement_01,test,pair_0045_sad
statement,actor_None_statement_01,test,pair_0048_happy
statement,actor_None_statement_01,test,pair_0048_sad
statement,actor_None_statement_01,test,pair_0049_happy
statement,actor_None_statement_01,test,pair_0049_sad
statement,actor_None_statement_01,test,pair_0052_happy
statement,actor_None_statement_01,test,pair_0052_sad
statement,actor_None_statement_01,test,pair_0053_happy
statement,actor_None_statement_01,test,pair_0053_sad
statement,actor_None_statement_01,test,pair_0056_happy
statement,actor_None_statement_01,test,pair_0056_sad
statement,actor_None_statement_01,test,pair_0057_happy
statement,actor_None_statement_01,test,pair_0057_sad
statement,actor_None_statement_01,test,pair_0060_happy
statement,actor_None_statement_01,test,pair_0060_sad
statement,actor_None_statement_01,test,pair_0061_happy
statement,actor_None_statement_01,test,pair_0061_sad
statement,actor_None_statement_01,test,pair_0064_happy
statement,actor_None_statement_01,test,pair_0064_sad
statement,actor_None_statement_01,test,pair_0065_happy
statement,actor_None_statement_01,test,pair_0065_sad
statement,actor_None_statement_01,test,pair_0068_happy
statement,actor_None_statement_01,test,pair_0068_sad
statement,actor_None_statement_01,test,pair_0069_happy
statement,actor_None_statement_01,test,pair_0069_sad
statement,actor_None_statement_01,test,pair_0072_happy
statement,actor_None_statement_01,test,pair_0072_sad
statement,actor_None_statement_01,test,pair_0073_happy
statement,actor_None_statement_01,test,pair_0073_sad
statement,actor_None_statement_01,test,pair_0076_happy
statement,actor_None_statement_01,test,pair_0076_sad
statement,actor_None_statement_01,test,pair_0077_happy
statement,actor_None_statement_01,test,pair_0077_sad
statement,actor_None_statement_01,test,pair_0080_happy
statement,actor_None_statement_01,test,pair_0080_sad
statement,actor_None_statement_01,test,pair_0081_happy
statement,actor_None_statement_01,test,pair_0081_sad
statement,actor_None_statement_01,test,pair_0084_happy
statement,actor_None_statement_01,test,pair_0084_sad
statement,actor_None_statement_01,test,pair_0085_happy
statement,actor_None_statement_01,test,pair_0085_sad
statement,actor_None_statement_01,test,pair_0088_happy
statement,actor_None_statement_01,test,pair_0088_sad
statement,actor_None_statement_01,test,pair_0089_happy
statement,actor_None_statement_01,test,pair_0089_sad
statement,actor_None_statement_01,test,pair_0092_happy
statement,actor_None_statement_01,test,pair_0092_sad
statement,actor_None_statement_01,test,pair_0093_happy
statement,actor_None_statement_01,test,pair_0093_sad
statement,actor_None_statement_02,train,pair_0000_happy
statement,actor_None_statement_02,train,pair_0000_sad
statement,actor_None_statement_02,train,pair_0001_happy
statement,actor_None_statement_02,train,pair_0001_sad
statement,actor_None_statement_02,train,pair_0004_happy
statement,actor_None_statement_02,train,pair_0004_sad
statement,actor_None_statement_02,train,pair_0005_happy
statement,actor_None_statement_02,train,pair_0005_sad
statement,actor_None_statement_02,train,pair_0008_happy
statement,actor_None_statement_02,train,pair_0008_sad
statement,actor_None_statement_02,train,pair_0009_happy
statement,actor_None_statement_02,train,pair_0009_sad
statement,actor_None_statement_02,train,pair_0012_happy
statement,actor_None_statement_02,train,pair_0012_sad
statement,actor_None_statement_02,train,pair_0013_happy
statement,actor_None_statement_02,train,pair_0013_sad
statement,actor_None_statement_02,train,pair_0016_happy
statement,actor_None_statement_02,train,pair_0016_sad
statement,actor_None_statement_02,train,pair_0017_happy
statement,actor_None_statement_02,train,pair_0017_sad
statement,actor_None_statement_02,train,pair_0020_happy
statement,actor_None_statement_02,train,pair_0020_sad
statement,actor_None_statement_02,train,pair_0021_happy
statement,actor_None_statement_02,train,pair_0021_sad
statement,actor_None_statement_02,train,pair_0024_happy
statement,actor_None_statement_02,train,pair_0024_sad
statement,actor_None_statement_02,train,pair_0025_happy
statement,actor_None_statement_02,train,pair_0025_sad
statement,actor_None_statement_02,train,pair_0028_happy
statement,actor_None_statement_02,train,pair_0028_sad
statement,actor_None_statement_02,train,pair_0029_happy
statement,actor_None_statement_02,train,pair_0029_sad
statement,actor_None_statement_02,train,pair_0032_happy
statement,actor_None_statement_02,train,pair_0032_sad
statement,actor_None_statement_02,train,pair_0033_happy
statement,actor_None_statement_02,train,pair_0033_sad
statement,actor_None_statement_02,train,pair_0036_happy
statement,actor_None_statement_02,train,pair_0036_sad
statement,actor_None_statement_02,train,pair_0037_happy
statement,actor_None_statement_02,train,pair_0037_sad
statement,actor_None_statement_02,train,pair_0040_happy
statement,actor_None_statement_02,train,pair_0040_sad
statement,actor_None_statement_02,train,pair_0041_happy
statement,actor_None_statement_02,train,pair_0041_sad
statement,actor_None_statement_02,train,pair_0044_happy
statement,actor_None_statement_02,train,pair_0044_sad
statement,actor_None_statement_02,train,pair_0045_happy
statement,actor_None_statement_02,train,pair_0045_sad
statement,actor_None_statement_02,train,pair_0048_happy
statement,actor_None_statement_02,train,pair_0048_sad
statement,actor_None_statement_02,train,pair_0049_happy
statement,actor_None_statement_02,train,pair_0049_sad
statement,actor_None_statement_02,train,pair_0052_happy
statement,actor_None_statement_02,train,pair_0052_sad
statement,actor_None_statement_02,train,pair_0053_happy
statement,actor_None_statement_02,train,pair_0053_sad
statement,actor_None_statement_02,train,pair_0056_happy
statement,actor_None_statement_02,train,pair_0056_sad
statement,actor_None_statement_02,train,pair_0057_happy
statement,actor_None_statement_02,train,pair_0057_sad
statement,actor_None_statement_02,train,pair_0060_happy
statement,actor_None_statement_02,train,pair_0060_sad
statement,actor_None_statement_02,train,pair_0061_happy
statement,actor_None_statement_02,train,pair_0061_sad
statement,actor_None_statement_02,train,pair_0064_happy
statement,actor_None_statement_02,train,pair_0064_sad
statement,actor_None_statement_02,train,pair_0065_happy
statement,actor_None_statement_02,train,pair_0065_sad
statement,actor_None_statement_02,train,pair_0068_happy
statement,actor_None_statement_02,train,pair_0068_sad
statement,actor_None_statement_02,train,pair_0069_happy
statement,actor_None_statement_02,train,pair_0069_sad
statement,actor_None_statement_02,train,pair_0072_happy
statement,actor_None_statement_02,train,pair_0072_sad
statement,actor_None_statement_02,train,pair_0073_happy
statement,actor_None_statement_02,train,pair_0073_sad
statement,actor_None_statement_02,train,pair_0076_happy
statement,actor_None_statement_02,train,pair_0076_sad
statement,actor_None_statement_02,train,pair_0077_happy
statement,actor_None_statement_02,train,pair_0077_sad
statement,actor_None_statement_02,train,pair_0080_happy
statement,actor_None_statement_02,train,pair_0080_sad
statement,actor_None_statement_02,train,pair_0081_happy
statement,actor_None_statement_02,train,pair_0081_sad
statement,actor_None_statement_02,train,pair_0084_happy
statement,actor_None_statement_02,train,pair_0084_sad
statement,actor_None_statement_02,train,pair_0085_happy
statement,actor_None_statement_02,train,pair_0085_sad
statement,actor_None_statement_02,train,pair_0088_happy
statement,actor_None_statement_02,train,pair_0088_sad
statement,actor_None_statement_02,train,pair_0089_happy
statement,actor_None_statement_02,train,pair_0089_sad
statement,actor_None_statement_02,train,pair_0092_happy
statement,actor_None_statement_02,train,pair_0092_sad
statement,actor_None_statement_02,train,pair_0093_happy
statement,actor_None_statement_02,train,pair_0093_sad
statement,actor_None_statement_02,test,pair_0002_happy
statement,actor_None_statement_02,test,pair_0002_sad
statement,actor_None_statement_02,test,pair_0003_happy
statement,actor_None_statement_02,test,pair_0003_sad
statement,actor_None_statement_02,test,pair_0006_happy
statement,actor_None_statement_02,test,pair_0006_sad
statement,actor_None_statement_02,test,pair_0007_happy
statement,actor_None_statement_02,test,pair_0007_sad
statement,actor_None_statement_02,test,pair_0010_happy
statement,actor_None_statement_02,test,pair_0010_sad
statement,actor_None_statement_02,test,pair_0011_happy
statement,actor_None_statement_02,test,pair_0011_sad
statement,actor_None_statement_02,test,pair_0014_happy
statement,actor_None_statement_02,test,pair_0014_sad
statement,actor_None_statement_02,test,pair_0015_happy
statement,actor_None_statement_02,test,pair_0015_sad
statement,actor_None_statement_02,test,pair_0018_happy
statement,actor_None_statement_02,test,pair_0018_sad
statement,actor_None_statement_02,test,pair_0019_happy
statement,actor_None_statement_02,test,pair_0019_sad
statement,actor_None_statement_02,test,pair_0022_happy
statement,actor_None_statement_02,test,pair_0022_sad
statement,actor_None_statement_02,test,pair_0023_happy
statement,actor_None_statement_02,test,pair_0023_sad
statement,actor_None_statement_02,test,pair_0026_happy
statement,actor_None_statement_02,test,pair_0026_sad
statement,actor_None_statement_02,test,pair_0027_happy
statement,actor_None_statement_02,test,pair_0027_sad
statement,actor_None_statement_02,test,pair_0030_happy
statement,actor_None_statement_02,test,pair_0030_sad
statement,actor_None_statement_02,test,pair_0031_happy
statement,actor_None_statement_02,test,pair_0031_sad
statement,actor_None_statement_02,test,pair_0034_happy
statement,actor_None_statement_02,test,pair_0034_sad
statement,actor_None_statement_02,test,pair_0035_happy
statement,actor_None_statement_02,test,pair_0035_sad
statement,actor_None_statement_02,test,pair_0038_happy
statement,actor_None_statement_02,test,pair_0038_sad
statement,actor_None_statement_02,test,pair_0039_happy
statement,actor_None_statement_02,test,pair_0039_sad
statement,actor_None_statement_02,test,pair_0042_happy
statement,actor_None_statement_02,test,pair_0042_sad
statement,actor_None_statement_02,test,pair_0043_happy
statement,actor_None_statement_02,test,pair_0043_sad
statement,actor_None_statement_02,test,pair_0046_happy
statement,actor_None_statement_02,test,pair_0046_sad
statement,actor_None_statement_02,test,pair_0047_happy
statement,actor_None_statement_02,test,pair_0047_sad
statement,actor_None_statement_02,test,pair_0050_happy
statement,actor_None_statement_02,test,pair_0050_sad
statement,actor_None_statement_02,test,pair_0051_happy
statement,actor_None_statement_02,test,pair_0051_sad
statement,actor_None_statement_02,test,pair_0054_happy
statement,actor_None_statement_02,test,pair_0054_sad
statement,actor_None_statement_02,test,pair_0055_happy
statement,actor_None_statement_02,test,pair_0055_sad
statement,actor_None_statement_02,test,pair_0058_happy
statement,actor_None_statement_02,test,pair_0058_sad
statement,actor_None_statement_02,test,pair_0059_happy
statement,actor_None_statement_02,test,pair_0059_sad
statement,actor_None_statement_02,test,pair_0062_happy
statement,actor_None_statement_02,test,pair_0062_sad
statement,actor_None_statement_02,test,pair_0063_happy
statement,actor_None_statement_02,test,pair_0063_sad
statement,actor_None_statement_02,test,pair_0066_happy
statement,actor_None_statement_02,test,pair_0066_sad
statement,actor_None_statement_02,test,pair_0067_happy
statement,actor_None_statement_02,test,pair_0067_sad
statement,actor_None_statement_02,test,pair_0070_happy
statement,actor_None_statement_02,test,pair_0070_sad
statement,actor_None_statement_02,test,pair_0071_happy
statement,actor_None_statement_02,test,pair_0071_sad
statement,actor_None_statement_02,test,pair_0074_happy
statement,actor_None_statement_02,test,pair_0074_sad
statement,actor_None_statement_02,test,pair_0075_happy
statement,actor_None_statement_02,test,pair_0075_sad
statement,actor_None_statement_02,test,pair_0078_happy
statement,actor_None_statement_02,test,pair_0078_sad
statement,actor_None_statement_02,test,pair_0079_happy
statement,actor_None_statement_02,test,pair_0079_sad
statement,actor_None_statement_02,test,pair_0082_happy
statement,actor_None_statement_02,test,pair_0082_sad
statement,actor_None_statement_02,test,pair_0083_happy
statement,actor_None_statement_02,test,pair_0083_sad
statement,actor_None_statement_02,test,pair_0086_happy
statement,actor_None_statement_02,test,pair_0086_sad
statement,actor_None_statement_02,test,pair_0087_happy
statement,actor_None_statement_02,test,pair_0087_sad
statement,actor_None_statement_02,test,pair_0090_happy
statement,actor_None_statement_02,test,pair_0090_sad
statement,actor_None_statement_02,test,pair_0091_happy
statement,actor_None_statement_02,test,pair_0091_sad
statement,actor_None_statement_02,test,pair_0094_happy
statement,actor_None_statement_02,test,pair_0094_sad
statement,actor_None_statement_02,test,pair_0095_happy
statement,actor_None_statement_02,test,pair_0095_sad
joint,actor_01_statement_01,train,pair_0006_happy
joint,actor_01_statement_01,train,pair_0006_sad
joint,actor_01_statement_01,train,pair_0007_happy
joint,actor_01_statement_01,train,pair_0007_sad
joint,actor_01_statement_01,train,pair_0010_happy
joint,actor_01_statement_01,train,pair_0010_sad
joint,actor_01_statement_01,train,pair_0011_happy
joint,actor_01_statement_01,train,pair_0011_sad
joint,actor_01_statement_01,train,pair_0014_happy
joint,actor_01_statement_01,train,pair_0014_sad
joint,actor_01_statement_01,train,pair_0015_happy
joint,actor_01_statement_01,train,pair_0015_sad
joint,actor_01_statement_01,train,pair_0018_happy
joint,actor_01_statement_01,train,pair_0018_sad
joint,actor_01_statement_01,train,pair_0019_happy
joint,actor_01_statement_01,train,pair_0019_sad
joint,actor_01_statement_01,train,pair_0022_happy
joint,actor_01_statement_01,train,pair_0022_sad
joint,actor_01_statement_01,train,pair_0023_happy
joint,actor_01_statement_01,train,pair_0023_sad
joint,actor_01_statement_01,train,pair_0026_happy
joint,actor_01_statement_01,train,pair_0026_sad
joint,actor_01_statement_01,train,pair_0027_happy
joint,actor_01_statement_01,train,pair_0027_sad
joint,actor_01_statement_01,train,pair_0030_happy
joint,actor_01_statement_01,train,pair_0030_sad
joint,actor_01_statement_01,train,pair_0031_happy
joint,actor_01_statement_01,train,pair_0031_sad
joint,actor_01_statement_01,train,pair_0034_happy
joint,actor_01_statement_01,train,pair_0034_sad
joint,actor_01_statement_01,train,pair_0035_happy
joint,actor_01_statement_01,train,pair_0035_sad
joint,actor_01_statement_01,train,pair_0038_happy
joint,actor_01_statement_01,train,pair_0038_sad
joint,actor_01_statement_01,train,pair_0039_happy
joint,actor_01_statement_01,train,pair_0039_sad
joint,actor_01_statement_01,train,pair_0042_happy
joint,actor_01_statement_01,train,pair_0042_sad
joint,actor_01_statement_01,train,pair_0043_happy
joint,actor_01_statement_01,train,pair_0043_sad
joint,actor_01_statement_01,train,pair_0046_happy
joint,actor_01_statement_01,train,pair_0046_sad
joint,actor_01_statement_01,train,pair_0047_happy
joint,actor_01_statement_01,train,pair_0047_sad
joint,actor_01_statement_01,train,pair_0050_happy
joint,actor_01_statement_01,train,pair_0050_sad
joint,actor_01_statement_01,train,pair_0051_happy
joint,actor_01_statement_01,train,pair_0051_sad
joint,actor_01_statement_01,train,pair_0054_happy
joint,actor_01_statement_01,train,pair_0054_sad
joint,actor_01_statement_01,train,pair_0055_happy
joint,actor_01_statement_01,train,pair_0055_sad
joint,actor_01_statement_01,train,pair_0058_happy
joint,actor_01_statement_01,train,pair_0058_sad
joint,actor_01_statement_01,train,pair_0059_happy
joint,actor_01_statement_01,train,pair_0059_sad
joint,actor_01_statement_01,train,pair_0062_happy
joint,actor_01_statement_01,train,pair_0062_sad
joint,actor_01_statement_01,train,pair_0063_happy
joint,actor_01_statement_01,train,pair_0063_sad
joint,actor_01_statement_01,train,pair_0066_happy
joint,actor_01_statement_01,train,pair_0066_sad
joint,actor_01_statement_01,train,pair_0067_happy
joint,actor_01_statement_01,train,pair_0067_sad
joint,actor_01_statement_01,train,pair_0070_happy
joint,actor_01_statement_01,train,pair_0070_sad
joint,actor_01_statement_01,train,pair_0071_happy
joint,actor_01_statement_01,train,pair_0071_sad
joint,actor_01_statement_01,train,pair_0074_happy
joint,actor_01_statement_01,train,pair_0074_sad
joint,actor_01_statement_01,train,pair_0075_happy
joint,actor_01_statement_01,train,pair_0075_sad
joint,actor_01_statement_01,train,pair_0078_happy
joint,actor_01_statement_01,train,pair_0078_sad
joint,actor_01_statement_01,train,pair_0079_happy
joint,actor_01_statement_01,train,pair_0079_sad
joint,actor_01_statement_01,train,pair_0082_happy
joint,actor_01_statement_01,train,pair_0082_sad
joint,actor_01_statement_01,train,pair_0083_happy
joint,actor_01_statement_01,train,pair_0083_sad
joint,actor_01_statement_01,train,pair_0086_happy
joint,actor_01_statement_01,train,pair_0086_sad
joint,actor_01_statement_01,train,pair_0087_happy
joint,actor_01_statement_01,train,pair_0087_sad
joint,actor_01_statement_01,train,pair_0090_happy
joint,actor_01_statement_01,train,pair_0090_sad
joint,actor_01_statement_01,train,pair_0091_happy
joint,actor_01_statement_01,train,pair_0091_sad
joint,actor_01_statement_01,train,pair_0094_happy
joint,actor_01_statement_01,train,pair_0094_sad
joint,actor_01_statement_01,train,pair_0095_happy
joint,actor_01_statement_01,train,pair_0095_sad
joint,actor_01_statement_01,test,pair_0000_happy
joint,actor_01_statement_01,test,pair_0000_sad
joint,actor_01_statement_01,test,pair_0001_happy
joint,actor_01_statement_01,test,pair_0001_sad
joint,actor_01_statement_02,train,pair_0004_happy
joint,actor_01_statement_02,train,pair_0004_sad
joint,actor_01_statement_02,train,pair_0005_happy
joint,actor_01_statement_02,train,pair_0005_sad
joint,actor_01_statement_02,train,pair_0008_happy
joint,actor_01_statement_02,train,pair_0008_sad
joint,actor_01_statement_02,train,pair_0009_happy
joint,actor_01_statement_02,train,pair_0009_sad
joint,actor_01_statement_02,train,pair_0012_happy
joint,actor_01_statement_02,train,pair_0012_sad
joint,actor_01_statement_02,train,pair_0013_happy
joint,actor_01_statement_02,train,pair_0013_sad
joint,actor_01_statement_02,train,pair_0016_happy
joint,actor_01_statement_02,train,pair_0016_sad
joint,actor_01_statement_02,train,pair_0017_happy
joint,actor_01_statement_02,train,pair_0017_sad
joint,actor_01_statement_02,train,pair_0020_happy
joint,actor_01_statement_02,train,pair_0020_sad
joint,actor_01_statement_02,train,pair_0021_happy
joint,actor_01_statement_02,train,pair_0021_sad
joint,actor_01_statement_02,train,pair_0024_happy
joint,actor_01_statement_02,train,pair_0024_sad
joint,actor_01_statement_02,train,pair_0025_happy
joint,actor_01_statement_02,train,pair_0025_sad
joint,actor_01_statement_02,train,pair_0028_happy
joint,actor_01_statement_02,train,pair_0028_sad
joint,actor_01_statement_02,train,pair_0029_happy
joint,actor_01_statement_02,train,pair_0029_sad
joint,actor_01_statement_02,train,pair_0032_happy
joint,actor_01_statement_02,train,pair_0032_sad
joint,actor_01_statement_02,train,pair_0033_happy
joint,actor_01_statement_02,train,pair_0033_sad
joint,actor_01_statement_02,train,pair_0036_happy
joint,actor_01_statement_02,train,pair_0036_sad
joint,actor_01_statement_02,train,pair_0037_happy
joint,actor_01_statement_02,train,pair_0037_sad
joint,actor_01_statement_02,train,pair_0040_happy
joint,actor_01_statement_02,train,pair_0040_sad
joint,actor_01_statement_02,train,pair_0041_happy
joint,actor_01_statement_02,train,pair_0041_sad
joint,actor_01_statement_02,train,pair_0044_happy
joint,actor_01_statement_02,train,pair_0044_sad
joint,actor_01_statement_02,train,pair_0045_happy
joint,actor_01_statement_02,train,pair_0045_sad
joint,actor_01_statement_02,train,pair_0048_happy
joint,actor_01_statement_02,train,pair_0048_sad
joint,actor_01_statement_02,train,pair_0049_happy
joint,actor_01_statement_02,train,pair_0049_sad
joint,actor_01_statement_02,train,pair_0052_happy
joint,actor_01_statement_02,train,pair_0052_sad
joint,actor_01_statement_02,train,pair_0053_happy
joint,actor_01_statement_02,train,pair_0053_sad
joint,actor_01_statement_02,train,pair_0056_happy
joint,actor_01_statement_02,train,pair_0056_sad
joint,actor_01_statement_02,train,pair_0057_happy
joint,actor_01_statement_02,train,pair_0057_sad
joint,actor_01_statement_02,train,pair_0060_happy
joint,actor_01_statement_02,train,pair_0060_sad
joint,actor_01_statement_02,train,pair_0061_happy
joint,actor_01_statement_02,train,pair_0061_sad
joint,actor_01_statement_02,train,pair_0064_happy
joint,actor_01_statement_02,train,pair_0064_sad
joint,actor_01_statement_02,train,pair_0065_happy
joint,actor_01_statement_02,train,pair_0065_sad
joint,actor_01_statement_02,train,pair_0068_happy
joint,actor_01_statement_02,train,pair_0068_sad
joint,actor_01_statement_02,train,pair_0069_happy
joint,actor_01_statement_02,train,pair_0069_sad
joint,actor_01_statement_02,train,pair_0072_happy
joint,actor_01_statement_02,train,pair_0072_sad
joint,actor_01_statement_02,train,pair_0073_happy
joint,actor_01_statement_02,train,pair_0073_sad
joint,actor_01_statement_02,train,pair_0076_happy
joint,actor_01_statement_02,train,pair_0076_sad
joint,actor_01_statement_02,train,pair_0077_happy
joint,actor_01_statement_02,train,pair_0077_sad
joint,actor_01_statement_02,train,pair_0080_happy
joint,actor_01_statement_02,train,pair_0080_sad
joint,actor_01_statement_02,train,pair_0081_happy
joint,actor_01_statement_02,train,pair_0081_sad
joint,actor_01_statement_02,train,pair_0084_happy
joint,actor_01_statement_02,train,pair_0084_sad
joint,actor_01_statement_02,train,pair_0085_happy
joint,actor_01_statement_02,train,pair_0085_sad
joint,actor_01_statement_02,train,pair_0088_happy
joint,actor_01_statement_02,train,pair_0088_sad
joint,actor_01_statement_02,train,pair_0089_happy
joint,actor_01_statement_02,train,pair_0089_sad
joint,actor_01_statement_02,train,pair_0092_happy
joint,actor_01_statement_02,train,pair_0092_sad
joint,actor_01_statement_02,train,pair_0093_happy
joint,actor_01_statement_02,train,pair_0093_sad
joint,actor_01_statement_02,test,pair_0002_happy
joint,actor_01_statement_02,test,pair_0002_sad
joint,actor_01_statement_02,test,pair_0003_happy
joint,actor_01_statement_02,test,pair_0003_sad
joint,actor_02_statement_01,train,pair_0002_happy
joint,actor_02_statement_01,train,pair_0002_sad
joint,actor_02_statement_01,train,pair_0003_happy
joint,actor_02_statement_01,train,pair_0003_sad
joint,actor_02_statement_01,train,pair_0010_happy
joint,actor_02_statement_01,train,pair_0010_sad
joint,actor_02_statement_01,train,pair_0011_happy
joint,actor_02_statement_01,train,pair_0011_sad
joint,actor_02_statement_01,train,pair_0014_happy
joint,actor_02_statement_01,train,pair_0014_sad
joint,actor_02_statement_01,train,pair_0015_happy
joint,actor_02_statement_01,train,pair_0015_sad
joint,actor_02_statement_01,train,pair_0018_happy
joint,actor_02_statement_01,train,pair_0018_sad
joint,actor_02_statement_01,train,pair_0019_happy
joint,actor_02_statement_01,train,pair_0019_sad
joint,actor_02_statement_01,train,pair_0022_happy
joint,actor_02_statement_01,train,pair_0022_sad
joint,actor_02_statement_01,train,pair_0023_happy
joint,actor_02_statement_01,train,pair_0023_sad
joint,actor_02_statement_01,train,pair_0026_happy
joint,actor_02_statement_01,train,pair_0026_sad
joint,actor_02_statement_01,train,pair_0027_happy
joint,actor_02_statement_01,train,pair_0027_sad
joint,actor_02_statement_01,train,pair_0030_happy
joint,actor_02_statement_01,train,pair_0030_sad
joint,actor_02_statement_01,train,pair_0031_happy
joint,actor_02_statement_01,train,pair_0031_sad
joint,actor_02_statement_01,train,pair_0034_happy
joint,actor_02_statement_01,train,pair_0034_sad
joint,actor_02_statement_01,train,pair_0035_happy
joint,actor_02_statement_01,train,pair_0035_sad
joint,actor_02_statement_01,train,pair_0038_happy
joint,actor_02_statement_01,train,pair_0038_sad
joint,actor_02_statement_01,train,pair_0039_happy
joint,actor_02_statement_01,train,pair_0039_sad
joint,actor_02_statement_01,train,pair_0042_happy
joint,actor_02_statement_01,train,pair_0042_sad
joint,actor_02_statement_01,train,pair_0043_happy
joint,actor_02_statement_01,train,pair_0043_sad
joint,actor_02_statement_01,train,pair_0046_happy
joint,actor_02_statement_01,train,pair_0046_sad
joint,actor_02_statement_01,train,pair_0047_happy
joint,actor_02_statement_01,train,pair_0047_sad
joint,actor_02_statement_01,train,pair_0050_happy
joint,actor_02_statement_01,train,pair_0050_sad
joint,actor_02_statement_01,train,pair_0051_happy
joint,actor_02_statement_01,train,pair_0051_sad
joint,actor_02_statement_01,train,pair_0054_happy
joint,actor_02_statement_01,train,pair_0054_sad
joint,actor_02_statement_01,train,pair_0055_happy
joint,actor_02_statement_01,train,pair_0055_sad
joint,actor_02_statement_01,train,pair_0058_happy
joint,actor_02_statement_01,train,pair_0058_sad
joint,actor_02_statement_01,train,pair_0059_happy
joint,actor_02_statement_01,train,pair_0059_sad
joint,actor_02_statement_01,train,pair_0062_happy
joint,actor_02_statement_01,train,pair_0062_sad
joint,actor_02_statement_01,train,pair_0063_happy
joint,actor_02_statement_01,train,pair_0063_sad
joint,actor_02_statement_01,train,pair_0066_happy
joint,actor_02_statement_01,train,pair_0066_sad
joint,actor_02_statement_01,train,pair_0067_happy
joint,actor_02_statement_01,train,pair_0067_sad
joint,actor_02_statement_01,train,pair_0070_happy
joint,actor_02_statement_01,train,pair_0070_sad
joint,actor_02_statement_01,train,pair_0071_happy
joint,actor_02_statement_01,train,pair_0071_sad
joint,actor_02_statement_01,train,pair_0074_happy
joint,actor_02_statement_01,train,pair_0074_sad
joint,actor_02_statement_01,train,pair_0075_happy
joint,actor_02_statement_01,train,pair_0075_sad
joint,actor_02_statement_01,train,pair_0078_happy
joint,actor_02_statement_01,train,pair_0078_sad
joint,actor_02_statement_01,train,pair_0079_happy
joint,actor_02_statement_01,train,pair_0079_sad
joint,actor_02_statement_01,train,pair_0082_happy
joint,actor_02_statement_01,train,pair_0082_sad
joint,actor_02_statement_01,train,pair_0083_happy
joint,actor_02_statement_01,train,pair_0083_sad
joint,actor_02_statement_01,train,pair_0086_happy
joint,actor_02_statement_01,train,pair_0086_sad
joint,actor_02_statement_01,train,pair_0087_happy
joint,actor_02_statement_01,train,pair_0087_sad
joint,actor_02_statement_01,train,pair_0090_happy
joint,actor_02_statement_01,train,pair_0090_sad
joint,actor_02_statement_01,train,pair_0091_happy
joint,actor_02_statement_01,train,pair_0091_sad
joint,actor_02_statement_01,train,pair_0094_happy
joint,actor_02_statement_01,train,pair_0094_sad
joint,actor_02_statement_01,train,pair_0095_happy
joint,actor_02_statement_01,train,pair_0095_sad
joint,actor_02_statement_01,test,pair_0004_happy
joint,actor_02_statement_01,test,pair_0004_sad
joint,actor_02_statement_01,test,pair_0005_happy
joint,actor_02_statement_01,test,pair_0005_sad
joint,actor_02_statement_02,train,pair_0000_happy
joint,actor_02_statement_02,train,pair_0000_sad
joint,actor_02_statement_02,train,pair_0001_happy
joint,actor_02_statement_02,train,pair_0001_sad
joint,actor_02_statement_02,train,pair_0008_happy
joint,actor_02_statement_02,train,pair_0008_sad
joint,actor_02_statement_02,train,pair_0009_happy
joint,actor_02_statement_02,train,pair_0009_sad
joint,actor_02_statement_02,train,pair_0012_happy
joint,actor_02_statement_02,train,pair_0012_sad
joint,actor_02_statement_02,train,pair_0013_happy
joint,actor_02_statement_02,train,pair_0013_sad
joint,actor_02_statement_02,train,pair_0016_happy
joint,actor_02_statement_02,train,pair_0016_sad
joint,actor_02_statement_02,train,pair_0017_happy
joint,actor_02_statement_02,train,pair_0017_sad
joint,actor_02_statement_02,train,pair_0020_happy
joint,actor_02_statement_02,train,pair_0020_sad
joint,actor_02_statement_02,train,pair_0021_happy
joint,actor_02_statement_02,train,pair_0021_sad
joint,actor_02_statement_02,train,pair_0024_happy
joint,actor_02_statement_02,train,pair_0024_sad
joint,actor_02_statement_02,train,pair_0025_happy
joint,actor_02_statement_02,train,pair_0025_sad
joint,actor_02_statement_02,train,pair_0028_happy
joint,actor_02_statement_02,train,pair_0028_sad
joint,actor_02_statement_02,train,pair_0029_happy
joint,actor_02_statement_02,train,pair_0029_sad
joint,actor_02_statement_02,train,pair_0032_happy
joint,actor_02_statement_02,train,pair_0032_sad
joint,actor_02_statement_02,train,pair_0033_happy
joint,actor_02_statement_02,train,pair_0033_sad
joint,actor_02_statement_02,train,pair_0036_happy
joint,actor_02_statement_02,train,pair_0036_sad
joint,actor_02_statement_02,train,pair_0037_happy
joint,actor_02_statement_02,train,pair_0037_sad
joint,actor_02_statement_02,train,pair_0040_happy
joint,actor_02_statement_02,train,pair_0040_sad
joint,actor_02_statement_02,train,pair_0041_happy
joint,actor_02_statement_02,train,pair_0041_sad
joint,actor_02_statement_02,train,pair_0044_happy
joint,actor_02_statement_02,train,pair_0044_sad
joint,actor_02_statement_02,train,pair_0045_happy
joint,actor_02_statement_02,train,pair_0045_sad
joint,actor_02_statement_02,train,pair_0048_happy
joint,actor_02_statement_02,train,pair_0048_sad
joint,actor_02_statement_02,train,pair_0049_happy
joint,actor_02_statement_02,train,pair_0049_sad
joint,actor_02_statement_02,train,pair_0052_happy
joint,actor_02_statement_02,train,pair_0052_sad
joint,actor_02_statement_02,train,pair_0053_happy
joint,actor_02_statement_02,train,pair_0053_sad
joint,actor_02_statement_02,train,pair_0056_happy
joint,actor_02_statement_02,train,pair_0056_sad
joint,actor_02_statement_02,train,pair_0057_happy
joint,actor_02_statement_02,train,pair_0057_sad
joint,actor_02_statement_02,train,pair_0060_happy
joint,actor_02_statement_02,train,pair_0060_sad
joint,actor_02_statement_02,train,pair_0061_happy
joint,actor_02_statement_02,train,pair_0061_sad
joint,actor_02_statement_02,train,pair_0064_happy
joint,actor_02_statement_02,train,pair_0064_sad
joint,actor_02_statement_02,train,pair_0065_happy
joint,actor_02_statement_02,train,pair_0065_sad
joint,actor_02_statement_02,train,pair_0068_happy
joint,actor_02_statement_02,train,pair_0068_sad
joint,actor_02_statement_02,train,pair_0069_happy
joint,actor_02_statement_02,train,pair_0069_sad
joint,actor_02_statement_02,train,pair_0072_happy
joint,actor_02_statement_02,train,pair_0072_sad
joint,actor_02_statement_02,train,pair_0073_happy
joint,actor_02_statement_02,train,pair_0073_sad
joint,actor_02_statement_02,train,pair_0076_happy
joint,actor_02_statement_02,train,pair_0076_sad
joint,actor_02_statement_02,train,pair_0077_happy
joint,actor_02_statement_02,train,pair_0077_sad
joint,actor_02_statement_02,train,pair_0080_happy
joint,actor_02_statement_02,train,pair_0080_sad
joint,actor_02_statement_02,train,pair_0081_happy
joint,actor_02_statement_02,train,pair_0081_sad
joint,actor_02_statement_02,train,pair_0084_happy
joint,actor_02_statement_02,train,pair_0084_sad
joint,actor_02_statement_02,train,pair_0085_happy
joint,actor_02_statement_02,train,pair_0085_sad
joint,actor_02_statement_02,train,pair_0088_happy
joint,actor_02_statement_02,train,pair_0088_sad
joint,actor_02_statement_02,train,pair_0089_happy
joint,actor_02_statement_02,train,pair_0089_sad
joint,actor_02_statement_02,train,pair_0092_happy
joint,actor_02_statement_02,train,pair_0092_sad
joint,actor_02_statement_02,train,pair_0093_happy
joint,actor_02_statement_02,train,pair_0093_sad
joint,actor_02_statement_02,test,pair_0006_happy
joint,actor_02_statement_02,test,pair_0006_sad
joint,actor_02_statement_02,test,pair_0007_happy
joint,actor_02_statement_02,test,pair_0007_sad
joint,actor_03_statement_01,train,pair_0002_happy
joint,actor_03_statement_01,train,pair_0002_sad
joint,actor_03_statement_01,train,pair_0003_happy
joint,actor_03_statement_01,train,pair_0003_sad
joint,actor_03_statement_01,train,pair_0006_happy
joint,actor_03_statement_01,train,pair_0006_sad
joint,actor_03_statement_01,train,pair_0007_happy
joint,actor_03_statement_01,train,pair_0007_sad
joint,actor_03_statement_01,train,pair_0014_happy
joint,actor_03_statement_01,train,pair_0014_sad
joint,actor_03_statement_01,train,pair_0015_happy
joint,actor_03_statement_01,train,pair_0015_sad
joint,actor_03_statement_01,train,pair_0018_happy
joint,actor_03_statement_01,train,pair_0018_sad
joint,actor_03_statement_01,train,pair_0019_happy
joint,actor_03_statement_01,train,pair_0019_sad
joint,actor_03_statement_01,train,pair_0022_happy
joint,actor_03_statement_01,train,pair_0022_sad
joint,actor_03_statement_01,train,pair_0023_happy
joint,actor_03_statement_01,train,pair_0023_sad
joint,actor_03_statement_01,train,pair_0026_happy
joint,actor_03_statement_01,train,pair_0026_sad
joint,actor_03_statement_01,train,pair_0027_happy
joint,actor_03_statement_01,train,pair_0027_sad
joint,actor_03_statement_01,train,pair_0030_happy
joint,actor_03_statement_01,train,pair_0030_sad
joint,actor_03_statement_01,train,pair_0031_happy
joint,actor_03_statement_01,train,pair_0031_sad
joint,actor_03_statement_01,train,pair_0034_happy
joint,actor_03_statement_01,train,pair_0034_sad
joint,actor_03_statement_01,train,pair_0035_happy
joint,actor_03_statement_01,train,pair_0035_sad
joint,actor_03_statement_01,train,pair_0038_happy
joint,actor_03_statement_01,train,pair_0038_sad
joint,actor_03_statement_01,train,pair_0039_happy
joint,actor_03_statement_01,train,pair_0039_sad
joint,actor_03_statement_01,train,pair_0042_happy
joint,actor_03_statement_01,train,pair_0042_sad
joint,actor_03_statement_01,train,pair_0043_happy
joint,actor_03_statement_01,train,pair_0043_sad
joint,actor_03_statement_01,train,pair_0046_happy
joint,actor_03_statement_01,train,pair_0046_sad
joint,actor_03_statement_01,train,pair_0047_happy
joint,actor_03_statement_01,train,pair_0047_sad
joint,actor_03_statement_01,train,pair_0050_happy
joint,actor_03_statement_01,train,pair_0050_sad
joint,actor_03_statement_01,train,pair_0051_happy
joint,actor_03_statement_01,train,pair_0051_sad
joint,actor_03_statement_01,train,pair_0054_happy
joint,actor_03_statement_01,train,pair_0054_sad
joint,actor_03_statement_01,train,pair_0055_happy
joint,actor_03_statement_01,train,pair_0055_sad
joint,actor_03_statement_01,train,pair_0058_happy
joint,actor_03_statement_01,train,pair_0058_sad
joint,actor_03_statement_01,train,pair_0059_happy
joint,actor_03_statement_01,train,pair_0059_sad
joint,actor_03_statement_01,train,pair_0062_happy
joint,actor_03_statement_01,train,pair_0062_sad
joint,actor_03_statement_01,train,pair_0063_happy
joint,actor_03_statement_01,train,pair_0063_sad
joint,actor_03_statement_01,train,pair_0066_happy
joint,actor_03_statement_01,train,pair_0066_sad
joint,actor_03_statement_01,train,pair_0067_happy
joint,actor_03_statement_01,train,pair_0067_sad
joint,actor_03_statement_01,train,pair_0070_happy
joint,actor_03_statement_01,train,pair_0070_sad
joint,actor_03_statement_01,train,pair_0071_happy
joint,actor_03_statement_01,train,pair_0071_sad
joint,actor_03_statement_01,train,pair_0074_happy
joint,actor_03_statement_01,train,pair_0074_sad
joint,actor_03_statement_01,train,pair_0075_happy
joint,actor_03_statement_01,train,pair_0075_sad
joint,actor_03_statement_01,train,pair_0078_happy
joint,actor_03_statement_01,train,pair_0078_sad
joint,actor_03_statement_01,train,pair_0079_happy
joint,actor_03_statement_01,train,pair_0079_sad
joint,actor_03_statement_01,train,pair_0082_happy
joint,actor_03_statement_01,train,pair_0082_sad
joint,actor_03_statement_01,train,pair_0083_happy
joint,actor_03_statement_01,train,pair_0083_sad
joint,actor_03_statement_01,train,pair_0086_happy
joint,actor_03_statement_01,train,pair_0086_sad
joint,actor_03_statement_01,train,pair_0087_happy
joint,actor_03_statement_01,train,pair_0087_sad
joint,actor_03_statement_01,train,pair_0090_happy
joint,actor_03_statement_01,train,pair_0090_sad
joint,actor_03_statement_01,train,pair_0091_happy
joint,actor_03_statement_01,train,pair_0091_sad
joint,actor_03_statement_01,train,pair_0094_happy
joint,actor_03_statement_01,train,pair_0094_sad
joint,actor_03_statement_01,train,pair_0095_happy
joint,actor_03_statement_01,train,pair_0095_sad
joint,actor_03_statement_01,test,pair_0008_happy
joint,actor_03_statement_01,test,pair_0008_sad
joint,actor_03_statement_01,test,pair_0009_happy
joint,actor_03_statement_01,test,pair_0009_sad
joint,actor_03_statement_02,train,pair_0000_happy
joint,actor_03_statement_02,train,pair_0000_sad
joint,actor_03_statement_02,train,pair_0001_happy
joint,actor_03_statement_02,train,pair_0001_sad
joint,actor_03_statement_02,train,pair_0004_happy
joint,actor_03_statement_02,train,pair_0004_sad
joint,actor_03_statement_02,train,pair_0005_happy
joint,actor_03_statement_02,train,pair_0005_sad
joint,actor_03_statement_02,train,pair_0012_happy
joint,actor_03_statement_02,train,pair_0012_sad
joint,actor_03_statement_02,train,pair_0013_happy
joint,actor_03_statement_02,train,pair_0013_sad
joint,actor_03_statement_02,train,pair_0016_happy
joint,actor_03_statement_02,train,pair_0016_sad
joint,actor_03_statement_02,train,pair_0017_happy
joint,actor_03_statement_02,train,pair_0017_sad
joint,actor_03_statement_02,train,pair_0020_happy
joint,actor_03_statement_02,train,pair_0020_sad
joint,actor_03_statement_02,train,pair_0021_happy
joint,actor_03_statement_02,train,pair_0021_sad
joint,actor_03_statement_02,train,pair_0024_happy
joint,actor_03_statement_02,train,pair_0024_sad
joint,actor_03_statement_02,train,pair_0025_happy
joint,actor_03_statement_02,train,pair_0025_sad
joint,actor_03_statement_02,train,pair_0028_happy
joint,actor_03_statement_02,train,pair_0028_sad
joint,actor_03_statement_02,train,pair_0029_happy
joint,actor_03_statement_02,train,pair_0029_sad
joint,actor_03_statement_02,train,pair_0032_happy
joint,actor_03_statement_02,train,pair_0032_sad
joint,actor_03_statement_02,train,pair_0033_happy
joint,actor_03_statement_02,train,pair_0033_sad
joint,actor_03_statement_02,train,pair_0036_happy
joint,actor_03_statement_02,train,pair_0036_sad
joint,actor_03_statement_02,train,pair_0037_happy
joint,actor_03_statement_02,train,pair_0037_sad
joint,actor_03_statement_02,train,pair_0040_happy
joint,actor_03_statement_02,train,pair_0040_sad
joint,actor_03_statement_02,train,pair_0041_happy
joint,actor_03_statement_02,train,pair_0041_sad
joint,actor_03_statement_02,train,pair_0044_happy
joint,actor_03_statement_02,train,pair_0044_sad
joint,actor_03_statement_02,train,pair_0045_happy
joint,actor_03_statement_02,train,pair_0045_sad
joint,actor_03_statement_02,train,pair_0048_happy
joint,actor_03_statement_02,train,pair_0048_sad
joint,actor_03_statement_02,train,pair_0049_happy
joint,actor_03_statement_02,train,pair_0049_sad
joint,actor_03_statement_02,train,pair_0052_happy
joint,actor_03_statement_02,train,pair_0052_sad
joint,actor_03_statement_02,train,pair_0053_happy
joint,actor_03_statement_02,train,pair_0053_sad
joint,actor_03_statement_02,train,pair_0056_happy
joint,actor_03_statement_02,train,pair_0056_sad
joint,actor_03_statement_02,train,pair_0057_happy
joint,actor_03_statement_02,train,pair_0057_sad
joint,actor_03_statement_02,train,pair_0060_happy
joint,actor_03_statement_02,train,pair_0060_sad
joint,actor_03_statement_02,train,pair_0061_happy
joint,actor_03_statement_02,train,pair_0061_sad
joint,actor_03_statement_02,train,pair_0064_happy
joint,actor_03_statement_02,train,pair_0064_sad
joint,actor_03_statement_02,train,pair_0065_happy
joint,actor_03_statement_02,train,pair_0065_sad
joint,actor_03_statement_02,train,pair_0068_happy
joint,actor_03_statement_02,train,pair_0068_sad
joint,actor_03_statement_02,train,pair_0069_happy
joint,actor_03_statement_02,train,pair_0069_sad
joint,actor_03_statement_02,train,pair_0072_happy
joint,actor_03_statement_02,train,pair_0072_sad
joint,actor_03_statement_02,train,pair_0073_happy
joint,actor_03_statement_02,train,pair_0073_sad
joint,actor_03_statement_02,train,pair_0076_happy
joint,actor_03_statement_02,train,pair_0076_sad
joint,actor_03_statement_02,train,pair_0077_happy
joint,actor_03_statement_02,train,pair_0077_sad
joint,actor_03_statement_02,train,pair_0080_happy
joint,actor_03_statement_02,train,pair_0080_sad
joint,actor_03_statement_02,train,pair_0081_happy
joint,actor_03_statement_02,train,pair_0081_sad
joint,actor_03_statement_02,train,pair_0084_happy
joint,actor_03_statement_02,train,pair_0084_sad
joint,actor_03_statement_02,train,pair_0085_happy
joint,actor_03_statement_02,train,pair_0085_sad
joint,actor_03_statement_02,train,pair_0088_happy
joint,actor_03_statement_02,train,pair_0088_sad
joint,actor_03_statement_02,train,pair_0089_happy
joint,actor_03_statement_02,train,pair_0089_sad
joint,actor_03_statement_02,train,pair_0092_happy
joint,actor_03_statement_02,train,pair_0092_sad
joint,actor_03_statement_02,train,pair_0093_happy
joint,actor_03_statement_02,train,pair_0093_sad
joint,actor_03_statement_02,test,pair_0010_happy
joint,actor_03_statement_02,test,pair_0010_sad
joint,actor_03_statement_02,test,pair_0011_happy
joint,actor_03_statement_02,test,pair_0011_sad
joint,actor_04_statement_01,train,pair_0002_happy
joint,actor_04_statement_01,train,pair_0002_sad
joint,actor_04_statement_01,train,pair_0003_happy
joint,actor_04_statement_01,train,pair_0003_sad
joint,actor_04_statement_01,train,pair_0006_happy
joint,actor_04_statement_01,train,pair_0006_sad
joint,actor_04_statement_01,train,pair_0007_happy
joint,actor_04_statement_01,train,pair_0007_sad
joint,actor_04_statement_01,train,pair_0010_happy
joint,actor_04_statement_01,train,pair_0010_sad
joint,actor_04_statement_01,train,pair_0011_happy
joint,actor_04_statement_01,train,pair_0011_sad
joint,actor_04_statement_01,train,pair_0018_happy
joint,actor_04_statement_01,train,pair_0018_sad
joint,actor_04_statement_01,train,pair_0019_happy
joint,actor_04_statement_01,train,pair_0019_sad
joint,actor_04_statement_01,train,pair_0022_happy
joint,actor_04_statement_01,train,pair_0022_sad
joint,actor_04_statement_01,train,pair_0023_happy
joint,actor_04_statement_01,train,pair_0023_sad
joint,actor_04_statement_01,train,pair_0026_happy
joint,actor_04_statement_01,train,pair_0026_sad
joint,actor_04_statement_01,train,pair_0027_happy
joint,actor_04_statement_01,train,pair_0027_sad
joint,actor_04_statement_01,train,pair_0030_happy
joint,actor_04_statement_01,train,pair_0030_sad
joint,actor_04_statement_01,train,pair_0031_happy
joint,actor_04_statement_01,train,pair_0031_sad
joint,actor_04_statement_01,train,pair_0034_happy
joint,actor_04_statement_01,train,pair_0034_sad
joint,actor_04_statement_01,train,pair_0035_happy
joint,actor_04_statement_01,train,pair_0035_sad
joint,actor_04_statement_01,train,pair_0038_happy
joint,actor_04_statement_01,train,pair_0038_sad
joint,actor_04_statement_01,train,pair_0039_happy
joint,actor_04_statement_01,train,pair_0039_sad
joint,actor_04_statement_01,train,pair_0042_happy
joint,actor_04_statement_01,train,pair_0042_sad
joint,actor_04_statement_01,train,pair_0043_happy
joint,actor_04_statement_01,train,pair_0043_sad
joint,actor_04_statement_01,train,pair_0046_happy
joint,actor_04_statement_01,train,pair_0046_sad
joint,actor_04_statement_01,train,pair_0047_happy
joint,actor_04_statement_01,train,pair_0047_sad
joint,actor_04_statement_01,train,pair_0050_happy
joint,actor_04_statement_01,train,pair_0050_sad
joint,actor_04_statement_01,train,pair_0051_happy
joint,actor_04_statement_01,train,pair_0051_sad
joint,actor_04_statement_01,train,pair_0054_happy
joint,actor_04_statement_01,train,pair_0054_sad
joint,actor_04_statement_01,train,pair_0055_happy
joint,actor_04_statement_01,train,pair_0055_sad
joint,actor_04_statement_01,train,pair_0058_happy
joint,actor_04_statement_01,train,pair_0058_sad
joint,actor_04_statement_01,train,pair_0059_happy
joint,actor_04_statement_01,train,pair_0059_sad
joint,actor_04_statement_01,train,pair_0062_happy
joint,actor_04_statement_01,train,pair_0062_sad
joint,actor_04_statement_01,train,pair_0063_happy
joint,actor_04_statement_01,train,pair_0063_sad
joint,actor_04_statement_01,train,pair_0066_happy
joint,actor_04_statement_01,train,pair_0066_sad
joint,actor_04_statement_01,train,pair_0067_happy
joint,actor_04_statement_01,train,pair_0067_sad
joint,actor_04_statement_01,train,pair_0070_happy
joint,actor_04_statement_01,train,pair_0070_sad
joint,actor_04_statement_01,train,pair_0071_happy
joint,actor_04_statement_01,train,pair_0071_sad
joint,actor_04_statement_01,train,pair_0074_happy
joint,actor_04_statement_01,train,pair_0074_sad
joint,actor_04_statement_01,train,pair_0075_happy
joint,actor_04_statement_01,train,pair_0075_sad
joint,actor_04_statement_01,train,pair_0078_happy
joint,actor_04_statement_01,train,pair_0078_sad
joint,actor_04_statement_01,train,pair_0079_happy
joint,actor_04_statement_01,train,pair_0079_sad
joint,actor_04_statement_01,train,pair_0082_happy
joint,actor_04_statement_01,train,pair_0082_sad
joint,actor_04_statement_01,train,pair_0083_happy
joint,actor_04_statement_01,train,pair_0083_sad
joint,actor_04_statement_01,train,pair_0086_happy
joint,actor_04_statement_01,train,pair_0086_sad
joint,actor_04_statement_01,train,pair_0087_happy
joint,actor_04_statement_01,train,pair_0087_sad
joint,actor_04_statement_01,train,pair_0090_happy
joint,actor_04_statement_01,train,pair_0090_sad
joint,actor_04_statement_01,train,pair_0091_happy
joint,actor_04_statement_01,train,pair_0091_sad
joint,actor_04_statement_01,train,pair_0094_happy
joint,actor_04_statement_01,train,pair_0094_sad
joint,actor_04_statement_01,train,pair_0095_happy
joint,actor_04_statement_01,train,pair_0095_sad
joint,actor_04_statement_01,test,pair_0012_happy
joint,actor_04_statement_01,test,pair_0012_sad
joint,actor_04_statement_01,test,pair_0013_happy
joint,actor_04_statement_01,test,pair_0013_sad
joint,actor_04_statement_02,train,pair_0000_happy
joint,actor_04_statement_02,train,pair_0000_sad
joint,actor_04_statement_02,train,pair_0001_happy
joint,actor_04_statement_02,train,pair_0001_sad
joint,actor_04_statement_02,train,pair_0004_happy
joint,actor_04_statement_02,train,pair_0004_sad
joint,actor_04_statement_02,train,pair_0005_happy
joint,actor_04_statement_02,train,pair_0005_sad
joint,actor_04_statement_02,train,pair_0008_happy
joint,actor_04_statement_02,train,pair_0008_sad
joint,actor_04_statement_02,train,pair_0009_happy
joint,actor_04_statement_02,train,pair_0009_sad
joint,actor_04_statement_02,train,pair_0016_happy
joint,actor_04_statement_02,train,pair_0016_sad
joint,actor_04_statement_02,train,pair_0017_happy
joint,actor_04_statement_02,train,pair_0017_sad
joint,actor_04_statement_02,train,pair_0020_happy
joint,actor_04_statement_02,train,pair_0020_sad
joint,actor_04_statement_02,train,pair_0021_happy
joint,actor_04_statement_02,train,pair_0021_sad
joint,actor_04_statement_02,train,pair_0024_happy
joint,actor_04_statement_02,train,pair_0024_sad
joint,actor_04_statement_02,train,pair_0025_happy
joint,actor_04_statement_02,train,pair_0025_sad
joint,actor_04_statement_02,train,pair_0028_happy
joint,actor_04_statement_02,train,pair_0028_sad
joint,actor_04_statement_02,train,pair_0029_happy
joint,actor_04_statement_02,train,pair_0029_sad
joint,actor_04_statement_02,train,pair_0032_happy
joint,actor_04_statement_02,train,pair_0032_sad
joint,actor_04_statement_02,train,pair_0033_happy
joint,actor_04_statement_02,train,pair_0033_sad
joint,actor_04_statement_02,train,pair_0036_happy
joint,actor_04_statement_02,train,pair_0036_sad
joint,actor_04_statement_02,train,pair_0037_happy
joint,actor_04_statement_02,train,pair_0037_sad
joint,actor_04_statement_02,train,pair_0040_happy
joint,actor_04_statement_02,train,pair_0040_sad
joint,actor_04_statement_02,train,pair_0041_happy
joint,actor_04_statement_02,train,pair_0041_sad
joint,actor_04_statement_02,train,pair_0044_happy
joint,actor_04_statement_02,train,pair_0044_sad
joint,actor_04_statement_02,train,pair_0045_happy
joint,actor_04_statement_02,train,pair_0045_sad
joint,actor_04_statement_02,train,pair_0048_happy
joint,actor_04_statement_02,train,pair_0048_sad
joint,actor_04_statement_02,train,pair_0049_happy
joint,actor_04_statement_02,train,pair_0049_sad
joint,actor_04_statement_02,train,pair_0052_happy
joint,actor_04_statement_02,train,pair_0052_sad
joint,actor_04_statement_02,train,pair_0053_happy
joint,actor_04_statement_02,train,pair_0053_sad
joint,actor_04_statement_02,train,pair_0056_happy
joint,actor_04_statement_02,train,pair_0056_sad
joint,actor_04_statement_02,train,pair_0057_happy
joint,actor_04_statement_02,train,pair_0057_sad
joint,actor_04_statement_02,train,pair_0060_happy
joint,actor_04_statement_02,train,pair_0060_sad
joint,actor_04_statement_02,train,pair_0061_happy
joint,actor_04_statement_02,train,pair_0061_sad
joint,actor_04_statement_02,train,pair_0064_happy
joint,actor_04_statement_02,train,pair_0064_sad
joint,actor_04_statement_02,train,pair_0065_happy
joint,actor_04_statement_02,train,pair_0065_sad
joint,actor_04_statement_02,train,pair_0068_happy
joint,actor_04_statement_02,train,pair_0068_sad
joint,actor_04_statement_02,train,pair_0069_happy
joint,actor_04_statement_02,train,pair_0069_sad
joint,actor_04_statement_02,train,pair_0072_happy
joint,actor_04_statement_02,train,pair_0072_sad
joint,actor_04_statement_02,train,pair_0073_happy
joint,actor_04_statement_02,train,pair_0073_sad
joint,actor_04_statement_02,train,pair_0076_happy
joint,actor_04_statement_02,train,pair_0076_sad
joint,actor_04_statement_02,train,pair_0077_happy
joint,actor_04_statement_02,train,pair_0077_sad
joint,actor_04_statement_02,train,pair_0080_happy
joint,actor_04_statement_02,train,pair_0080_sad
joint,actor_04_statement_02,train,pair_0081_happy
joint,actor_04_statement_02,train,pair_0081_sad
joint,actor_04_statement_02,train,pair_0084_happy
joint,actor_04_statement_02,train,pair_0084_sad
joint,actor_04_statement_02,train,pair_0085_happy
joint,actor_04_statement_02,train,pair_0085_sad
joint,actor_04_statement_02,train,pair_0088_happy
joint,actor_04_statement_02,train,pair_0088_sad
joint,actor_04_statement_02,train,pair_0089_happy
joint,actor_04_statement_02,train,pair_0089_sad
joint,actor_04_statement_02,train,pair_0092_happy
joint,actor_04_statement_02,train,pair_0092_sad
joint,actor_04_statement_02,train,pair_0093_happy
joint,actor_04_statement_02,train,pair_0093_sad
joint,actor_04_statement_02,test,pair_0014_happy
joint,actor_04_statement_02,test,pair_0014_sad
joint,actor_04_statement_02,test,pair_0015_happy
joint,actor_04_statement_02,test,pair_0015_sad
joint,actor_05_statement_01,train,pair_0002_happy
joint,actor_05_statement_01,train,pair_0002_sad
joint,actor_05_statement_01,train,pair_0003_happy
joint,actor_05_statement_01,train,pair_0003_sad
joint,actor_05_statement_01,train,pair_0006_happy
joint,actor_05_statement_01,train,pair_0006_sad
joint,actor_05_statement_01,train,pair_0007_happy
joint,actor_05_statement_01,train,pair_0007_sad
joint,actor_05_statement_01,train,pair_0010_happy
joint,actor_05_statement_01,train,pair_0010_sad
joint,actor_05_statement_01,train,pair_0011_happy
joint,actor_05_statement_01,train,pair_0011_sad
joint,actor_05_statement_01,train,pair_0014_happy
joint,actor_05_statement_01,train,pair_0014_sad
joint,actor_05_statement_01,train,pair_0015_happy
joint,actor_05_statement_01,train,pair_0015_sad
joint,actor_05_statement_01,train,pair_0022_happy
joint,actor_05_statement_01,train,pair_0022_sad
joint,actor_05_statement_01,train,pair_0023_happy
joint,actor_05_statement_01,train,pair_0023_sad
joint,actor_05_statement_01,train,pair_0026_happy
joint,actor_05_statement_01,train,pair_0026_sad
joint,actor_05_statement_01,train,pair_0027_happy
joint,actor_05_statement_01,train,pair_0027_sad
joint,actor_05_statement_01,train,pair_0030_happy
joint,actor_05_statement_01,train,pair_0030_sad
joint,actor_05_statement_01,train,pair_0031_happy
joint,actor_05_statement_01,train,pair_0031_sad
joint,actor_05_statement_01,train,pair_0034_happy
joint,actor_05_statement_01,train,pair_0034_sad
joint,actor_05_statement_01,train,pair_0035_happy
joint,actor_05_statement_01,train,pair_0035_sad
joint,actor_05_statement_01,train,pair_0038_happy
joint,actor_05_statement_01,train,pair_0038_sad
joint,actor_05_statement_01,train,pair_0039_happy
joint,actor_05_statement_01,train,pair_0039_sad
joint,actor_05_statement_01,train,pair_0042_happy
joint,actor_05_statement_01,train,pair_0042_sad
joint,actor_05_statement_01,train,pair_0043_happy
joint,actor_05_statement_01,train,pair_0043_sad
joint,actor_05_statement_01,train,pair_0046_happy
joint,actor_05_statement_01,train,pair_0046_sad
joint,actor_05_statement_01,train,pair_0047_happy
joint,actor_05_statement_01,train,pair_0047_sad
joint,actor_05_statement_01,train,pair_0050_happy
joint,actor_05_statement_01,train,pair_0050_sad
joint,actor_05_statement_01,train,pair_0051_happy
joint,actor_05_statement_01,train,pair_0051_sad
joint,actor_05_statement_01,train,pair_0054_happy
joint,actor_05_statement_01,train,pair_0054_sad
joint,actor_05_statement_01,train,pair_0055_happy
joint,actor_05_statement_01,train,pair_0055_sad
joint,actor_05_statement_01,train,pair_0058_happy
joint,actor_05_statement_01,train,pair_0058_sad
joint,actor_05_statement_01,train,pair_0059_happy
joint,actor_05_statement_01,train,pair_0059_sad
joint,actor_05_statement_01,train,pair_0062_happy
joint,actor_05_statement_01,train,pair_0062_sad
joint,actor_05_statement_01,train,pair_0063_happy
joint,actor_05_statement_01,train,pair_0063_sad
joint,actor_05_statement_01,train,pair_0066_happy
joint,actor_05_statement_01,train,pair_0066_sad
joint,actor_05_statement_01,train,pair_0067_happy
joint,actor_05_statement_01,train,pair_0067_sad
joint,actor_05_statement_01,train,pair_0070_happy
joint,actor_05_statement_01,train,pair_0070_sad
joint,actor_05_statement_01,train,pair_0071_happy
joint,actor_05_statement_01,train,pair_0071_sad
joint,actor_05_statement_01,train,pair_0074_happy
joint,actor_05_statement_01,train,pair_0074_sad
joint,actor_05_statement_01,train,pair_0075_happy
joint,actor_05_statement_01,train,pair_0075_sad
joint,actor_05_statement_01,train,pair_0078_happy
joint,actor_05_statement_01,train,pair_0078_sad
joint,actor_05_statement_01,train,pair_0079_happy
joint,actor_05_statement_01,train,pair_0079_sad
joint,actor_05_statement_01,train,pair_0082_happy
joint,actor_05_statement_01,train,pair_0082_sad
joint,actor_05_statement_01,train,pair_0083_happy
joint,actor_05_statement_01,train,pair_0083_sad
joint,actor_05_statement_01,train,pair_0086_happy
joint,actor_05_statement_01,train,pair_0086_sad
joint,actor_05_statement_01,train,pair_0087_happy
joint,actor_05_statement_01,train,pair_0087_sad
joint,actor_05_statement_01,train,pair_0090_happy
joint,actor_05_statement_01,train,pair_0090_sad
joint,actor_05_statement_01,train,pair_0091_happy
joint,actor_05_statement_01,train,pair_0091_sad
joint,actor_05_statement_01,train,pair_0094_happy
joint,actor_05_statement_01,train,pair_0094_sad
joint,actor_05_statement_01,train,pair_0095_happy
joint,actor_05_statement_01,train,pair_0095_sad
joint,actor_05_statement_01,test,pair_0016_happy
joint,actor_05_statement_01,test,pair_0016_sad
joint,actor_05_statement_01,test,pair_0017_happy
joint,actor_05_statement_01,test,pair_0017_sad
joint,actor_05_statement_02,train,pair_0000_happy
joint,actor_05_statement_02,train,pair_0000_sad
joint,actor_05_statement_02,train,pair_0001_happy
joint,actor_05_statement_02,train,pair_0001_sad
joint,actor_05_statement_02,train,pair_0004_happy
joint,actor_05_statement_02,train,pair_0004_sad
joint,actor_05_statement_02,train,pair_0005_happy
joint,actor_05_statement_02,train,pair_0005_sad
joint,actor_05_statement_02,train,pair_0008_happy
joint,actor_05_statement_02,train,pair_0008_sad
joint,actor_05_statement_02,train,pair_0009_happy
joint,actor_05_statement_02,train,pair_0009_sad
joint,actor_05_statement_02,train,pair_0012_happy
joint,actor_05_statement_02,train,pair_0012_sad
joint,actor_05_statement_02,train,pair_0013_happy
joint,actor_05_statement_02,train,pair_0013_sad
joint,actor_05_statement_02,train,pair_0020_happy
joint,actor_05_statement_02,train,pair_0020_sad
joint,actor_05_statement_02,train,pair_0021_happy
joint,actor_05_statement_02,train,pair_0021_sad
joint,actor_05_statement_02,train,pair_0024_happy
joint,actor_05_statement_02,train,pair_0024_sad
joint,actor_05_statement_02,train,pair_0025_happy
joint,actor_05_statement_02,train,pair_0025_sad
joint,actor_05_statement_02,train,pair_0028_happy
joint,actor_05_statement_02,train,pair_0028_sad
joint,actor_05_statement_02,train,pair_0029_happy
joint,actor_05_statement_02,train,pair_0029_sad
joint,actor_05_statement_02,train,pair_0032_happy
joint,actor_05_statement_02,train,pair_0032_sad
joint,actor_05_statement_02,train,pair_0033_happy
joint,actor_05_statement_02,train,pair_0033_sad
joint,actor_05_statement_02,train,pair_0036_happy
joint,actor_05_statement_02,train,pair_0036_sad
joint,actor_05_statement_02,train,pair_0037_happy
joint,actor_05_statement_02,train,pair_0037_sad
joint,actor_05_statement_02,train,pair_0040_happy
joint,actor_05_statement_02,train,pair_0040_sad
joint,actor_05_statement_02,train,pair_0041_happy
joint,actor_05_statement_02,train,pair_0041_sad
joint,actor_05_statement_02,train,pair_0044_happy
joint,actor_05_statement_02,train,pair_0044_sad
joint,actor_05_statement_02,train,pair_0045_happy
joint,actor_05_statement_02,train,pair_0045_sad
joint,actor_05_statement_02,train,pair_0048_happy
joint,actor_05_statement_02,train,pair_0048_sad
joint,actor_05_statement_02,train,pair_0049_happy
joint,actor_05_statement_02,train,pair_0049_sad
joint,actor_05_statement_02,train,pair_0052_happy
joint,actor_05_statement_02,train,pair_0052_sad
joint,actor_05_statement_02,train,pair_0053_happy
joint,actor_05_statement_02,train,pair_0053_sad
joint,actor_05_statement_02,train,pair_0056_happy
joint,actor_05_statement_02,train,pair_0056_sad
joint,actor_05_statement_02,train,pair_0057_happy
joint,actor_05_statement_02,train,pair_0057_sad
joint,actor_05_statement_02,train,pair_0060_happy
joint,actor_05_statement_02,train,pair_0060_sad
joint,actor_05_statement_02,train,pair_0061_happy
joint,actor_05_statement_02,train,pair_0061_sad
joint,actor_05_statement_02,train,pair_0064_happy
joint,actor_05_statement_02,train,pair_0064_sad
joint,actor_05_statement_02,train,pair_0065_happy
joint,actor_05_statement_02,train,pair_0065_sad
joint,actor_05_statement_02,train,pair_0068_happy
joint,actor_05_statement_02,train,pair_0068_sad
joint,actor_05_statement_02,train,pair_0069_happy
joint,actor_05_statement_02,train,pair_0069_sad
joint,actor_05_statement_02,train,pair_0072_happy
joint,actor_05_statement_02,train,pair_0072_sad
joint,actor_05_statement_02,train,pair_0073_happy
joint,actor_05_statement_02,train,pair_0073_sad
joint,actor_05_statement_02,train,pair_0076_happy
joint,actor_05_statement_02,train,pair_0076_sad
joint,actor_05_statement_02,train,pair_0077_happy
joint,actor_05_statement_02,train,pair_0077_sad
joint,actor_05_statement_02,train,pair_0080_happy
joint,actor_05_statement_02,train,pair_0080_sad
joint,actor_05_statement_02,train,pair_0081_happy
joint,actor_05_statement_02,train,pair_0081_sad
joint,actor_05_statement_02,train,pair_0084_happy
joint,actor_05_statement_02,train,pair_0084_sad
joint,actor_05_statement_02,train,pair_0085_happy
joint,actor_05_statement_02,train,pair_0085_sad
joint,actor_05_statement_02,train,pair_0088_happy
joint,actor_05_statement_02,train,pair_0088_sad
joint,actor_05_statement_02,train,pair_0089_happy
joint,actor_05_statement_02,train,pair_0089_sad
joint,actor_05_statement_02,train,pair_0092_happy
joint,actor_05_statement_02,train,pair_0092_sad
joint,actor_05_statement_02,train,pair_0093_happy
joint,actor_05_statement_02,train,pair_0093_sad
joint,actor_05_statement_02,test,pair_0018_happy
joint,actor_05_statement_02,test,pair_0018_sad
joint,actor_05_statement_02,test,pair_0019_happy
joint,actor_05_statement_02,test,pair_0019_sad
joint,actor_06_statement_01,train,pair_0002_happy
joint,actor_06_statement_01,train,pair_0002_sad
joint,actor_06_statement_01,train,pair_0003_happy
joint,actor_06_statement_01,train,pair_0003_sad
joint,actor_06_statement_01,train,pair_0006_happy
joint,actor_06_statement_01,train,pair_0006_sad
joint,actor_06_statement_01,train,pair_0007_happy
joint,actor_06_statement_01,train,pair_0007_sad
joint,actor_06_statement_01,train,pair_0010_happy
joint,actor_06_statement_01,train,pair_0010_sad
joint,actor_06_statement_01,train,pair_0011_happy
joint,actor_06_statement_01,train,pair_0011_sad
joint,actor_06_statement_01,train,pair_0014_happy
joint,actor_06_statement_01,train,pair_0014_sad
joint,actor_06_statement_01,train,pair_0015_happy
joint,actor_06_statement_01,train,pair_0015_sad
joint,actor_06_statement_01,train,pair_0018_happy
joint,actor_06_statement_01,train,pair_0018_sad
joint,actor_06_statement_01,train,pair_0019_happy
joint,actor_06_statement_01,train,pair_0019_sad
joint,actor_06_statement_01,train,pair_0026_happy
joint,actor_06_statement_01,train,pair_0026_sad
joint,actor_06_statement_01,train,pair_0027_happy
joint,actor_06_statement_01,train,pair_0027_sad
joint,actor_06_statement_01,train,pair_0030_happy
joint,actor_06_statement_01,train,pair_0030_sad
joint,actor_06_statement_01,train,pair_0031_happy
joint,actor_06_statement_01,train,pair_0031_sad
joint,actor_06_statement_01,train,pair_0034_happy
joint,actor_06_statement_01,train,pair_0034_sad
joint,actor_06_statement_01,train,pair_0035_happy
joint,actor_06_statement_01,train,pair_0035_sad
joint,actor_06_statement_01,train,pair_0038_happy
joint,actor_06_statement_01,train,pair_0038_sad
joint,actor_06_statement_01,train,pair_0039_happy
joint,actor_06_statement_01,train,pair_0039_sad
joint,actor_06_statement_01,train,pair_0042_happy
joint,actor_06_statement_01,train,pair_0042_sad
joint,actor_06_statement_01,train,pair_0043_happy
joint,actor_06_statement_01,train,pair_0043_sad
joint,actor_06_statement_01,train,pair_0046_happy
joint,actor_06_statement_01,train,pair_0046_sad
joint,actor_06_statement_01,train,pair_0047_happy
joint,actor_06_statement_01,train,pair_0047_sad
joint,actor_06_statement_01,train,pair_0050_happy
joint,actor_06_statement_01,train,pair_0050_sad
joint,actor_06_statement_01,train,pair_0051_happy
joint,actor_06_statement_01,train,pair_0051_sad
joint,actor_06_statement_01,train,pair_0054_happy
joint,actor_06_statement_01,train,pair_0054_sad
joint,actor_06_statement_01,train,pair_0055_happy
joint,actor_06_statement_01,train,pair_0055_sad
joint,actor_06_statement_01,train,pair_0058_happy
joint,actor_06_statement_01,train,pair_0058_sad
joint,actor_06_statement_01,train,pair_0059_happy
joint,actor_06_statement_01,train,pair_0059_sad
joint,actor_06_statement_01,train,pair_0062_happy
joint,actor_06_statement_01,train,pair_0062_sad
joint,actor_06_statement_01,train,pair_0063_happy
joint,actor_06_statement_01,train,pair_0063_sad
joint,actor_06_statement_01,train,pair_0066_happy
joint,actor_06_statement_01,train,pair_0066_sad
joint,actor_06_statement_01,train,pair_0067_happy
joint,actor_06_statement_01,train,pair_0067_sad
joint,actor_06_statement_01,train,pair_0070_happy
joint,actor_06_statement_01,train,pair_0070_sad
joint,actor_06_statement_01,train,pair_0071_happy
joint,actor_06_statement_01,train,pair_0071_sad
joint,actor_06_statement_01,train,pair_0074_happy
joint,actor_06_statement_01,train,pair_0074_sad
joint,actor_06_statement_01,train,pair_0075_happy
joint,actor_06_statement_01,train,pair_0075_sad
joint,actor_06_statement_01,train,pair_0078_happy
joint,actor_06_statement_01,train,pair_0078_sad
joint,actor_06_statement_01,train,pair_0079_happy
joint,actor_06_statement_01,train,pair_0079_sad
joint,actor_06_statement_01,train,pair_0082_happy
joint,actor_06_statement_01,train,pair_0082_sad
joint,actor_06_statement_01,train,pair_0083_happy
joint,actor_06_statement_01,train,pair_0083_sad
joint,actor_06_statement_01,train,pair_0086_happy
joint,actor_06_statement_01,train,pair_0086_sad
joint,actor_06_statement_01,train,pair_0087_happy
joint,actor_06_statement_01,train,pair_0087_sad
joint,actor_06_statement_01,train,pair_0090_happy
joint,actor_06_statement_01,train,pair_0090_sad
joint,actor_06_statement_01,train,pair_0091_happy
joint,actor_06_statement_01,train,pair_0091_sad
joint,actor_06_statement_01,train,pair_0094_happy
joint,actor_06_statement_01,train,pair_0094_sad
joint,actor_06_statement_01,train,pair_0095_happy
joint,actor_06_statement_01,train,pair_0095_sad
joint,actor_06_statement_01,test,pair_0020_happy
joint,actor_06_statement_01,test,pair_0020_sad
joint,actor_06_statement_01,test,pair_0021_happy
joint,actor_06_statement_01,test,pair_0021_sad
joint,actor_06_statement_02,train,pair_0000_happy
joint,actor_06_statement_02,train,pair_0000_sad
joint,actor_06_statement_02,train,pair_0001_happy
joint,actor_06_statement_02,train,pair_0001_sad
joint,actor_06_statement_02,train,pair_0004_happy
joint,actor_06_statement_02,train,pair_0004_sad
joint,actor_06_statement_02,train,pair_0005_happy
joint,actor_06_statement_02,train,pair_0005_sad
joint,actor_06_statement_02,train,pair_0008_happy
joint,actor_06_statement_02,train,pair_0008_sad
joint,actor_06_statement_02,train,pair_0009_happy
joint,actor_06_statement_02,train,pair_0009_sad
joint,actor_06_statement_02,train,pair_0012_happy
joint,actor_06_statement_02,train,pair_0012_sad
joint,actor_06_statement_02,train,pair_0013_happy
joint,actor_06_statement_02,train,pair_0013_sad
joint,actor_06_statement_02,train,pair_0016_happy
joint,actor_06_statement_02,train,pair_0016_sad
joint,actor_06_statement_02,train,pair_0017_happy
joint,actor_06_statement_02,train,pair_0017_sad
joint,actor_06_statement_02,train,pair_0024_happy
joint,actor_06_statement_02,train,pair_0024_sad
joint,actor_06_statement_02,train,pair_0025_happy
joint,actor_06_statement_02,train,pair_0025_sad
joint,actor_06_statement_02,train,pair_0028_happy
joint,actor_06_statement_02,train,pair_0028_sad
joint,actor_06_statement_02,train,pair_0029_happy
joint,actor_06_statement_02,train,pair_0029_sad
joint,actor_06_statement_02,train,pair_0032_happy
joint,actor_06_statement_02,train,pair_0032_sad
joint,actor_06_statement_02,train,pair_0033_happy
joint,actor_06_statement_02,train,pair_0033_sad
joint,actor_06_statement_02,train,pair_0036_happy
joint,actor_06_statement_02,train,pair_0036_sad
joint,actor_06_statement_02,train,pair_0037_happy
joint,actor_06_statement_02,train,pair_0037_sad
joint,actor_06_statement_02,train,pair_0040_happy
joint,actor_06_statement_02,train,pair_0040_sad
joint,actor_06_statement_02,train,pair_0041_happy
joint,actor_06_statement_02,train,pair_0041_sad
joint,actor_06_statement_02,train,pair_0044_happy
joint,actor_06_statement_02,train,pair_0044_sad
joint,actor_06_statement_02,train,pair_0045_happy
joint,actor_06_statement_02,train,pair_0045_sad
joint,actor_06_statement_02,train,pair_0048_happy
joint,actor_06_statement_02,train,pair_0048_sad
joint,actor_06_statement_02,train,pair_0049_happy
joint,actor_06_statement_02,train,pair_0049_sad
joint,actor_06_statement_02,train,pair_0052_happy
joint,actor_06_statement_02,train,pair_0052_sad
joint,actor_06_statement_02,train,pair_0053_happy
joint,actor_06_statement_02,train,pair_0053_sad
joint,actor_06_statement_02,train,pair_0056_happy
joint,actor_06_statement_02,train,pair_0056_sad
joint,actor_06_statement_02,train,pair_0057_happy
joint,actor_06_statement_02,train,pair_0057_sad
joint,actor_06_statement_02,train,pair_0060_happy
joint,actor_06_statement_02,train,pair_0060_sad
joint,actor_06_statement_02,train,pair_0061_happy
joint,actor_06_statement_02,train,pair_0061_sad
joint,actor_06_statement_02,train,pair_0064_happy
joint,actor_06_statement_02,train,pair_0064_sad
joint,actor_06_statement_02,train,pair_0065_happy
joint,actor_06_statement_02,train,pair_0065_sad
joint,actor_06_statement_02,train,pair_0068_happy
joint,actor_06_statement_02,train,pair_0068_sad
joint,actor_06_statement_02,train,pair_0069_happy
joint,actor_06_statement_02,train,pair_0069_sad
joint,actor_06_statement_02,train,pair_0072_happy
joint,actor_06_statement_02,train,pair_0072_sad
joint,actor_06_statement_02,train,pair_0073_happy
joint,actor_06_statement_02,train,pair_0073_sad
joint,actor_06_statement_02,train,pair_0076_happy
joint,actor_06_statement_02,train,pair_0076_sad
joint,actor_06_statement_02,train,pair_0077_happy
joint,actor_06_statement_02,train,pair_0077_sad
joint,actor_06_statement_02,train,pair_0080_happy
joint,actor_06_statement_02,train,pair_0080_sad
joint,actor_06_statement_02,train,pair_0081_happy
joint,actor_06_statement_02,train,pair_0081_sad
joint,actor_06_statement_02,train,pair_0084_happy
joint,actor_06_statement_02,train,pair_0084_sad
joint,actor_06_statement_02,train,pair_0085_happy
joint,actor_06_statement_02,train,pair_0085_sad
joint,actor_06_statement_02,train,pair_0088_happy
joint,actor_06_statement_02,train,pair_0088_sad
joint,actor_06_statement_02,train,pair_0089_happy
joint,actor_06_statement_02,train,pair_0089_sad
joint,actor_06_statement_02,train,pair_0092_happy
joint,actor_06_statement_02,train,pair_0092_sad
joint,actor_06_statement_02,train,pair_0093_happy
joint,actor_06_statement_02,train,pair_0093_sad
joint,actor_06_statement_02,test,pair_0022_happy
joint,actor_06_statement_02,test,pair_0022_sad
joint,actor_06_statement_02,test,pair_0023_happy
joint,actor_06_statement_02,test,pair_0023_sad
joint,actor_07_statement_01,train,pair_0002_happy
joint,actor_07_statement_01,train,pair_0002_sad
joint,actor_07_statement_01,train,pair_0003_happy
joint,actor_07_statement_01,train,pair_0003_sad
joint,actor_07_statement_01,train,pair_0006_happy
joint,actor_07_statement_01,train,pair_0006_sad
joint,actor_07_statement_01,train,pair_0007_happy
joint,actor_07_statement_01,train,pair_0007_sad
joint,actor_07_statement_01,train,pair_0010_happy
joint,actor_07_statement_01,train,pair_0010_sad
joint,actor_07_statement_01,train,pair_0011_happy
joint,actor_07_statement_01,train,pair_0011_sad
joint,actor_07_statement_01,train,pair_0014_happy
joint,actor_07_statement_01,train,pair_0014_sad
joint,actor_07_statement_01,train,pair_0015_happy
joint,actor_07_statement_01,train,pair_0015_sad
joint,actor_07_statement_01,train,pair_0018_happy
joint,actor_07_statement_01,train,pair_0018_sad
joint,actor_07_statement_01,train,pair_0019_happy
joint,actor_07_statement_01,train,pair_0019_sad
joint,actor_07_statement_01,train,pair_0022_happy
joint,actor_07_statement_01,train,pair_0022_sad
joint,actor_07_statement_01,train,pair_0023_happy
joint,actor_07_statement_01,train,pair_0023_sad
joint,actor_07_statement_01,train,pair_0030_happy
joint,actor_07_statement_01,train,pair_0030_sad
joint,actor_07_statement_01,train,pair_0031_happy
joint,actor_07_statement_01,train,pair_0031_sad
joint,actor_07_statement_01,train,pair_0034_happy
joint,actor_07_statement_01,train,pair_0034_sad
joint,actor_07_statement_01,train,pair_0035_happy
joint,actor_07_statement_01,train,pair_0035_sad
joint,actor_07_statement_01,train,pair_0038_happy
joint,actor_07_statement_01,train,pair_0038_sad
joint,actor_07_statement_01,train,pair_0039_happy
joint,actor_07_statement_01,train,pair_0039_sad
joint,actor_07_statement_01,train,pair_0042_happy
joint,actor_07_statement_01,train,pair_0042_sad
joint,actor_07_statement_01,train,pair_0043_happy
joint,actor_07_statement_01,train,pair_0043_sad
joint,actor_07_statement_01,train,pair_0046_happy
joint,actor_07_statement_01,train,pair_0046_sad
joint,actor_07_statement_01,train,pair_0047_happy
joint,actor_07_statement_01,train,pair_0047_sad
joint,actor_07_statement_01,train,pair_0050_happy
joint,actor_07_statement_01,train,pair_0050_sad
joint,actor_07_statement_01,train,pair_0051_happy
joint,actor_07_statement_01,train,pair_0051_sad
joint,actor_07_statement_01,train,pair_0054_happy
joint,actor_07_statement_01,train,pair_0054_sad
joint,actor_07_statement_01,train,pair_0055_happy
joint,actor_07_statement_01,train,pair_0055_sad
joint,actor_07_statement_01,train,pair_0058_happy
joint,actor_07_statement_01,train,pair_0058_sad
joint,actor_07_statement_01,train,pair_0059_happy
joint,actor_07_statement_01,train,pair_0059_sad
joint,actor_07_statement_01,train,pair_0062_happy
joint,actor_07_statement_01,train,pair_0062_sad
joint,actor_07_statement_01,train,pair_0063_happy
joint,actor_07_statement_01,train,pair_0063_sad
joint,actor_07_statement_01,train,pair_0066_happy
joint,actor_07_statement_01,train,pair_0066_sad
joint,actor_07_statement_01,train,pair_0067_happy
joint,actor_07_statement_01,train,pair_0067_sad
joint,actor_07_statement_01,train,pair_0070_happy
joint,actor_07_statement_01,train,pair_0070_sad
joint,actor_07_statement_01,train,pair_0071_happy
joint,actor_07_statement_01,train,pair_0071_sad
joint,actor_07_statement_01,train,pair_0074_happy
joint,actor_07_statement_01,train,pair_0074_sad
joint,actor_07_statement_01,train,pair_0075_happy
joint,actor_07_statement_01,train,pair_0075_sad
joint,actor_07_statement_01,train,pair_0078_happy
joint,actor_07_statement_01,train,pair_0078_sad
joint,actor_07_statement_01,train,pair_0079_happy
joint,actor_07_statement_01,train,pair_0079_sad
joint,actor_07_statement_01,train,pair_0082_happy
joint,actor_07_statement_01,train,pair_0082_sad
joint,actor_07_statement_01,train,pair_0083_happy
joint,actor_07_statement_01,train,pair_0083_sad
joint,actor_07_statement_01,train,pair_0086_happy
joint,actor_07_statement_01,train,pair_0086_sad
joint,actor_07_statement_01,train,pair_0087_happy
joint,actor_07_statement_01,train,pair_0087_sad
joint,actor_07_statement_01,train,pair_0090_happy
joint,actor_07_statement_01,train,pair_0090_sad
joint,actor_07_statement_01,train,pair_0091_happy
joint,actor_07_statement_01,train,pair_0091_sad
joint,actor_07_statement_01,train,pair_0094_happy
joint,actor_07_statement_01,train,pair_0094_sad
joint,actor_07_statement_01,train,pair_0095_happy
joint,actor_07_statement_01,train,pair_0095_sad
joint,actor_07_statement_01,test,pair_0024_happy
joint,actor_07_statement_01,test,pair_0024_sad
joint,actor_07_statement_01,test,pair_0025_happy
joint,actor_07_statement_01,test,pair_0025_sad
joint,actor_07_statement_02,train,pair_0000_happy
joint,actor_07_statement_02,train,pair_0000_sad
joint,actor_07_statement_02,train,pair_0001_happy
joint,actor_07_statement_02,train,pair_0001_sad
joint,actor_07_statement_02,train,pair_0004_happy
joint,actor_07_statement_02,train,pair_0004_sad
joint,actor_07_statement_02,train,pair_0005_happy
joint,actor_07_statement_02,train,pair_0005_sad
joint,actor_07_statement_02,train,pair_0008_happy
joint,actor_07_statement_02,train,pair_0008_sad
joint,actor_07_statement_02,train,pair_0009_happy
joint,actor_07_statement_02,train,pair_0009_sad
joint,actor_07_statement_02,train,pair_0012_happy
joint,actor_07_statement_02,train,pair_0012_sad
joint,actor_07_statement_02,train,pair_0013_happy
joint,actor_07_statement_02,train,pair_0013_sad
joint,actor_07_statement_02,train,pair_0016_happy
joint,actor_07_statement_02,train,pair_0016_sad
joint,actor_07_statement_02,train,pair_0017_happy
joint,actor_07_statement_02,train,pair_0017_sad
joint,actor_07_statement_02,train,pair_0020_happy
joint,actor_07_statement_02,train,pair_0020_sad
joint,actor_07_statement_02,train,pair_0021_happy
joint,actor_07_statement_02,train,pair_0021_sad
joint,actor_07_statement_02,train,pair_0028_happy
joint,actor_07_statement_02,train,pair_0028_sad
joint,actor_07_statement_02,train,pair_0029_happy
joint,actor_07_statement_02,train,pair_0029_sad
joint,actor_07_statement_02,train,pair_0032_happy
joint,actor_07_statement_02,train,pair_0032_sad
joint,actor_07_statement_02,train,pair_0033_happy
joint,actor_07_statement_02,train,pair_0033_sad
joint,actor_07_statement_02,train,pair_0036_happy
joint,actor_07_statement_02,train,pair_0036_sad
joint,actor_07_statement_02,train,pair_0037_happy
joint,actor_07_statement_02,train,pair_0037_sad
joint,actor_07_statement_02,train,pair_0040_happy
joint,actor_07_statement_02,train,pair_0040_sad
joint,actor_07_statement_02,train,pair_0041_happy
joint,actor_07_statement_02,train,pair_0041_sad
joint,actor_07_statement_02,train,pair_0044_happy
joint,actor_07_statement_02,train,pair_0044_sad
joint,actor_07_statement_02,train,pair_0045_happy
joint,actor_07_statement_02,train,pair_0045_sad
joint,actor_07_statement_02,train,pair_0048_happy
joint,actor_07_statement_02,train,pair_0048_sad
joint,actor_07_statement_02,train,pair_0049_happy
joint,actor_07_statement_02,train,pair_0049_sad
joint,actor_07_statement_02,train,pair_0052_happy
joint,actor_07_statement_02,train,pair_0052_sad
joint,actor_07_statement_02,train,pair_0053_happy
joint,actor_07_statement_02,train,pair_0053_sad
joint,actor_07_statement_02,train,pair_0056_happy
joint,actor_07_statement_02,train,pair_0056_sad
joint,actor_07_statement_02,train,pair_0057_happy
joint,actor_07_statement_02,train,pair_0057_sad
joint,actor_07_statement_02,train,pair_0060_happy
joint,actor_07_statement_02,train,pair_0060_sad
joint,actor_07_statement_02,train,pair_0061_happy
joint,actor_07_statement_02,train,pair_0061_sad
joint,actor_07_statement_02,train,pair_0064_happy
joint,actor_07_statement_02,train,pair_0064_sad
joint,actor_07_statement_02,train,pair_0065_happy
joint,actor_07_statement_02,train,pair_0065_sad
joint,actor_07_statement_02,train,pair_0068_happy
joint,actor_07_statement_02,train,pair_0068_sad
joint,actor_07_statement_02,train,pair_0069_happy
joint,actor_07_statement_02,train,pair_0069_sad
joint,actor_07_statement_02,train,pair_0072_happy
joint,actor_07_statement_02,train,pair_0072_sad
joint,actor_07_statement_02,train,pair_0073_happy
joint,actor_07_statement_02,train,pair_0073_sad
joint,actor_07_statement_02,train,pair_0076_happy
joint,actor_07_statement_02,train,pair_0076_sad
joint,actor_07_statement_02,train,pair_0077_happy
joint,actor_07_statement_02,train,pair_0077_sad
joint,actor_07_statement_02,train,pair_0080_happy
joint,actor_07_statement_02,train,pair_0080_sad
joint,actor_07_statement_02,train,pair_0081_happy
joint,actor_07_statement_02,train,pair_0081_sad
joint,actor_07_statement_02,train,pair_0084_happy
joint,actor_07_statement_02,train,pair_0084_sad
joint,actor_07_statement_02,train,pair_0085_happy
joint,actor_07_statement_02,train,pair_0085_sad
joint,actor_07_statement_02,train,pair_0088_happy
joint,actor_07_statement_02,train,pair_0088_sad
joint,actor_07_statement_02,train,pair_0089_happy
joint,actor_07_statement_02,train,pair_0089_sad
joint,actor_07_statement_02,train,pair_0092_happy
joint,actor_07_statement_02,train,pair_0092_sad
joint,actor_07_statement_02,train,pair_0093_happy
joint,actor_07_statement_02,train,pair_0093_sad
joint,actor_07_statement_02,test,pair_0026_happy
joint,actor_07_statement_02,test,pair_0026_sad
joint,actor_07_statement_02,test,pair_0027_happy
joint,actor_07_statement_02,test,pair_0027_sad
joint,actor_08_statement_01,train,pair_0002_happy
joint,actor_08_statement_01,train,pair_0002_sad
joint,actor_08_statement_01,train,pair_0003_happy
joint,actor_08_statement_01,train,pair_0003_sad
joint,actor_08_statement_01,train,pair_0006_happy
joint,actor_08_statement_01,train,pair_0006_sad
joint,actor_08_statement_01,train,pair_0007_happy
joint,actor_08_statement_01,train,pair_0007_sad
joint,actor_08_statement_01,train,pair_0010_happy
joint,actor_08_statement_01,train,pair_0010_sad
joint,actor_08_statement_01,train,pair_0011_happy
joint,actor_08_statement_01,train,pair_0011_sad
joint,actor_08_statement_01,train,pair_0014_happy
joint,actor_08_statement_01,train,pair_0014_sad
joint,actor_08_statement_01,train,pair_0015_happy
joint,actor_08_statement_01,train,pair_0015_sad
joint,actor_08_statement_01,train,pair_0018_happy
joint,actor_08_statement_01,train,pair_0018_sad
joint,actor_08_statement_01,train,pair_0019_happy
joint,actor_08_statement_01,train,pair_0019_sad
joint,actor_08_statement_01,train,pair_0022_happy
joint,actor_08_statement_01,train,pair_0022_sad
joint,actor_08_statement_01,train,pair_0023_happy
joint,actor_08_statement_01,train,pair_0023_sad
joint,actor_08_statement_01,train,pair_0026_happy
joint,actor_08_statement_01,train,pair_0026_sad
joint,actor_08_statement_01,train,pair_0027_happy
joint,actor_08_statement_01,train,pair_0027_sad
joint,actor_08_statement_01,train,pair_0034_happy
joint,actor_08_statement_01,train,pair_0034_sad
joint,actor_08_statement_01,train,pair_0035_happy
joint,actor_08_statement_01,train,pair_0035_sad
joint,actor_08_statement_01,train,pair_0038_happy
joint,actor_08_statement_01,train,pair_0038_sad
joint,actor_08_statement_01,train,pair_0039_happy
joint,actor_08_statement_01,train,pair_0039_sad
joint,actor_08_statement_01,train,pair_0042_happy
joint,actor_08_statement_01,train,pair_0042_sad
joint,actor_08_statement_01,train,pair_0043_happy
joint,actor_08_statement_01,train,pair_0043_sad
joint,actor_08_statement_01,train,pair_0046_happy
joint,actor_08_statement_01,train,pair_0046_sad
joint,actor_08_statement_01,train,pair_0047_happy
joint,actor_08_statement_01,train,pair_0047_sad
joint,actor_08_statement_01,train,pair_0050_happy
joint,actor_08_statement_01,train,pair_0050_sad
joint,actor_08_statement_01,train,pair_0051_happy
joint,actor_08_statement_01,train,pair_0051_sad
joint,actor_08_statement_01,train,pair_0054_happy
joint,actor_08_statement_01,train,pair_0054_sad
joint,actor_08_statement_01,train,pair_0055_happy
joint,actor_08_statement_01,train,pair_0055_sad
joint,actor_08_statement_01,train,pair_0058_happy
joint,actor_08_statement_01,train,pair_0058_sad
joint,actor_08_statement_01,train,pair_0059_happy
joint,actor_08_statement_01,train,pair_0059_sad
joint,actor_08_statement_01,train,pair_0062_happy
joint,actor_08_statement_01,train,pair_0062_sad
joint,actor_08_statement_01,train,pair_0063_happy
joint,actor_08_statement_01,train,pair_0063_sad
joint,actor_08_statement_01,train,pair_0066_happy
joint,actor_08_statement_01,train,pair_0066_sad
joint,actor_08_statement_01,train,pair_0067_happy
joint,actor_08_statement_01,train,pair_0067_sad
joint,actor_08_statement_01,train,pair_0070_happy
joint,actor_08_statement_01,train,pair_0070_sad
joint,actor_08_statement_01,train,pair_0071_happy
joint,actor_08_statement_01,train,pair_0071_sad
joint,actor_08_statement_01,train,pair_0074_happy
joint,actor_08_statement_01,train,pair_0074_sad
joint,actor_08_statement_01,train,pair_0075_happy
joint,actor_08_statement_01,train,pair_0075_sad
joint,actor_08_statement_01,train,pair_0078_happy
joint,actor_08_statement_01,train,pair_0078_sad
joint,actor_08_statement_01,train,pair_0079_happy
joint,actor_08_statement_01,train,pair_0079_sad
joint,actor_08_statement_01,train,pair_0082_happy
joint,actor_08_statement_01,train,pair_0082_sad
joint,actor_08_statement_01,train,pair_0083_happy
joint,actor_08_statement_01,train,pair_0083_sad
joint,actor_08_statement_01,train,pair_0086_happy
joint,actor_08_statement_01,train,pair_0086_sad
joint,actor_08_statement_01,train,pair_0087_happy
joint,actor_08_statement_01,train,pair_0087_sad
joint,actor_08_statement_01,train,pair_0090_happy
joint,actor_08_statement_01,train,pair_0090_sad
joint,actor_08_statement_01,train,pair_0091_happy
joint,actor_08_statement_01,train,pair_0091_sad
joint,actor_08_statement_01,train,pair_0094_happy
joint,actor_08_statement_01,train,pair_0094_sad
joint,actor_08_statement_01,train,pair_0095_happy
joint,actor_08_statement_01,train,pair_0095_sad
joint,actor_08_statement_01,test,pair_0028_happy
joint,actor_08_statement_01,test,pair_0028_sad
joint,actor_08_statement_01,test,pair_0029_happy
joint,actor_08_statement_01,test,pair_0029_sad
joint,actor_08_statement_02,train,pair_0000_happy
joint,actor_08_statement_02,train,pair_0000_sad
joint,actor_08_statement_02,train,pair_0001_happy
joint,actor_08_statement_02,train,pair_0001_sad
joint,actor_08_statement_02,train,pair_0004_happy
joint,actor_08_statement_02,train,pair_0004_sad
joint,actor_08_statement_02,train,pair_0005_happy
joint,actor_08_statement_02,train,pair_0005_sad
joint,actor_08_statement_02,train,pair_0008_happy
joint,actor_08_statement_02,train,pair_0008_sad
joint,actor_08_statement_02,train,pair_0009_happy
joint,actor_08_statement_02,train,pair_0009_sad
joint,actor_08_statement_02,train,pair_0012_happy
joint,actor_08_statement_02,train,pair_0012_sad
joint,actor_08_statement_02,train,pair_0013_happy
joint,actor_08_statement_02,train,pair_0013_sad
joint,actor_08_statement_02,train,pair_0016_happy
joint,actor_08_statement_02,train,pair_0016_sad
joint,actor_08_statement_02,train,pair_0017_happy
joint,actor_08_statement_02,train,pair_0017_sad
joint,actor_08_statement_02,train,pair_0020_happy
joint,actor_08_statement_02,train,pair_0020_sad
joint,actor_08_statement_02,train,pair_0021_happy
joint,actor_08_statement_02,train,pair_0021_sad
joint,actor_08_statement_02,train,pair_0024_happy
joint,actor_08_statement_02,train,pair_0024_sad
joint,actor_08_statement_02,train,pair_0025_happy
joint,actor_08_statement_02,train,pair_0025_sad
joint,actor_08_statement_02,train,pair_0032_happy
joint,actor_08_statement_02,train,pair_0032_sad
joint,actor_08_statement_02,train,pair_0033_happy
joint,actor_08_statement_02,train,pair_0033_sad
joint,actor_08_statement_02,train,pair_0036_happy
joint,actor_08_statement_02,train,pair_0036_sad
joint,actor_08_statement_02,train,pair_0037_happy
joint,actor_08_statement_02,train,pair_0037_sad
joint,actor_08_statement_02,train,pair_0040_happy
joint,actor_08_statement_02,train,pair_0040_sad
joint,actor_08_statement_02,train,pair_0041_happy
joint,actor_08_statement_02,train,pair_0041_sad
joint,actor_08_statement_02,train,pair_0044_happy
joint,actor_08_statement_02,train,pair_0044_sad
joint,actor_08_statement_02,train,pair_0045_happy
joint,actor_08_statement_02,train,pair_0045_sad
joint,actor_08_statement_02,train,pair_0048_happy
joint,actor_08_statement_02,train,pair_0048_sad
joint,actor_08_statement_02,train,pair_0049_happy
joint,actor_08_statement_02,train,pair_0049_sad
joint,actor_08_statement_02,train,pair_0052_happy
joint,actor_08_statement_02,train,pair_0052_sad
joint,actor_08_statement_02,train,pair_0053_happy
joint,actor_08_statement_02,train,pair_0053_sad
joint,actor_08_statement_02,train,pair_0056_happy
joint,actor_08_statement_02,train,pair_0056_sad
joint,actor_08_statement_02,train,pair_0057_happy
joint,actor_08_statement_02,train,pair_0057_sad
joint,actor_08_statement_02,train,pair_0060_happy
joint,actor_08_statement_02,train,pair_0060_sad
joint,actor_08_statement_02,train,pair_0061_happy
joint,actor_08_statement_02,train,pair_0061_sad
joint,actor_08_statement_02,train,pair_0064_happy
joint,actor_08_statement_02,train,pair_0064_sad
joint,actor_08_statement_02,train,pair_0065_happy
joint,actor_08_statement_02,train,pair_0065_sad
joint,actor_08_statement_02,train,pair_0068_happy
joint,actor_08_statement_02,train,pair_0068_sad
joint,actor_08_statement_02,train,pair_0069_happy
joint,actor_08_statement_02,train,pair_0069_sad
joint,actor_08_statement_02,train,pair_0072_happy
joint,actor_08_statement_02,train,pair_0072_sad
joint,actor_08_statement_02,train,pair_0073_happy
joint,actor_08_statement_02,train,pair_0073_sad
joint,actor_08_statement_02,train,pair_0076_happy
joint,actor_08_statement_02,train,pair_0076_sad
joint,actor_08_statement_02,train,pair_0077_happy
joint,actor_08_statement_02,train,pair_0077_sad
joint,actor_08_statement_02,train,pair_0080_happy
joint,actor_08_statement_02,train,pair_0080_sad
joint,actor_08_statement_02,train,pair_0081_happy
joint,actor_08_statement_02,train,pair_0081_sad
joint,actor_08_statement_02,train,pair_0084_happy
joint,actor_08_statement_02,train,pair_0084_sad
joint,actor_08_statement_02,train,pair_0085_happy
joint,actor_08_statement_02,train,pair_0085_sad
joint,actor_08_statement_02,train,pair_0088_happy
joint,actor_08_statement_02,train,pair_0088_sad
joint,actor_08_statement_02,train,pair_0089_happy
joint,actor_08_statement_02,train,pair_0089_sad
joint,actor_08_statement_02,train,pair_0092_happy
joint,actor_08_statement_02,train,pair_0092_sad
joint,actor_08_statement_02,train,pair_0093_happy
joint,actor_08_statement_02,train,pair_0093_sad
joint,actor_08_statement_02,test,pair_0030_happy
joint,actor_08_statement_02,test,pair_0030_sad
joint,actor_08_statement_02,test,pair_0031_happy
joint,actor_08_statement_02,test,pair_0031_sad
joint,actor_09_statement_01,train,pair_0002_happy
joint,actor_09_statement_01,train,pair_0002_sad
joint,actor_09_statement_01,train,pair_0003_happy
joint,actor_09_statement_01,train,pair_0003_sad
joint,actor_09_statement_01,train,pair_0006_happy
joint,actor_09_statement_01,train,pair_0006_sad
joint,actor_09_statement_01,train,pair_0007_happy
joint,actor_09_statement_01,train,pair_0007_sad
joint,actor_09_statement_01,train,pair_0010_happy
joint,actor_09_statement_01,train,pair_0010_sad
joint,actor_09_statement_01,train,pair_0011_happy
joint,actor_09_statement_01,train,pair_0011_sad
joint,actor_09_statement_01,train,pair_0014_happy
joint,actor_09_statement_01,train,pair_0014_sad
joint,actor_09_statement_01,train,pair_0015_happy
joint,actor_09_statement_01,train,pair_0015_sad
joint,actor_09_statement_01,train,pair_0018_happy
joint,actor_09_statement_01,train,pair_0018_sad
joint,actor_09_statement_01,train,pair_0019_happy
joint,actor_09_statement_01,train,pair_0019_sad
joint,actor_09_statement_01,train,pair_0022_happy
joint,actor_09_statement_01,train,pair_0022_sad
joint,actor_09_statement_01,train,pair_0023_happy
joint,actor_09_statement_01,train,pair_0023_sad
joint,actor_09_statement_01,train,pair_0026_happy
joint,actor_09_statement_01,train,pair_0026_sad
joint,actor_09_statement_01,train,pair_0027_happy
joint,actor_09_statement_01,train,pair_0027_sad
joint,actor_09_statement_01,train,pair_0030_happy
joint,actor_09_statement_01,train,pair_0030_sad
joint,actor_09_statement_01,train,pair_0031_happy
joint,actor_09_statement_01,train,pair_0031_sad
joint,actor_09_statement_01,train,pair_0038_happy
joint,actor_09_statement_01,train,pair_0038_sad
joint,actor_09_statement_01,train,pair_0039_happy
joint,actor_09_statement_01,train,pair_0039_sad
joint,actor_09_statement_01,train,pair_0042_happy
joint,actor_09_statement_01,train,pair_0042_sad
joint,actor_09_statement_01,train,pair_0043_happy
joint,actor_09_statement_01,train,pair_0043_sad
joint,actor_09_statement_01,train,pair_0046_happy
joint,actor_09_statement_01,train,pair_0046_sad
joint,actor_09_statement_01,train,pair_0047_happy
joint,actor_09_statement_01,train,pair_0047_sad
joint,actor_09_statement_01,train,pair_0050_happy
joint,actor_09_statement_01,train,pair_0050_sad
joint,actor_09_statement_01,train,pair_0051_happy
joint,actor_09_statement_01,train,pair_0051_sad
joint,actor_09_statement_01,train,pair_0054_happy
joint,actor_09_statement_01,train,pair_0054_sad
joint,actor_09_statement_01,train,pair_0055_happy
joint,actor_09_statement_01,train,pair_0055_sad
joint,actor_09_statement_01,train,pair_0058_happy
joint,actor_09_statement_01,train,pair_0058_sad
joint,actor_09_statement_01,train,pair_0059_happy
joint,actor_09_statement_01,train,pair_0059_sad
joint,actor_09_statement_01,train,pair_0062_happy
joint,actor_09_statement_01,train,pair_0062_sad
joint,actor_09_statement_01,train,pair_0063_happy
joint,actor_09_statement_01,train,pair_0063_sad
joint,actor_09_statement_01,train,pair_0066_happy
joint,actor_09_statement_01,train,pair_0066_sad
joint,actor_09_statement_01,train,pair_0067_happy
joint,actor_09_statement_01,train,pair_0067_sad
joint,actor_09_statement_01,train,pair_0070_happy
joint,actor_09_statement_01,train,pair_0070_sad
joint,actor_09_statement_01,train,pair_0071_happy
joint,actor_09_statement_01,train,pair_0071_sad
joint,actor_09_statement_01,train,pair_0074_happy
joint,actor_09_statement_01,train,pair_0074_sad
joint,actor_09_statement_01,train,pair_0075_happy
joint,actor_09_statement_01,train,pair_0075_sad
joint,actor_09_statement_01,train,pair_0078_happy
joint,actor_09_statement_01,train,pair_0078_sad
joint,actor_09_statement_01,train,pair_0079_happy
joint,actor_09_statement_01,train,pair_0079_sad
joint,actor_09_statement_01,train,pair_0082_happy
joint,actor_09_statement_01,train,pair_0082_sad
joint,actor_09_statement_01,train,pair_0083_happy
joint,actor_09_statement_01,train,pair_0083_sad
joint,actor_09_statement_01,train,pair_0086_happy
joint,actor_09_statement_01,train,pair_0086_sad
joint,actor_09_statement_01,train,pair_0087_happy
joint,actor_09_statement_01,train,pair_0087_sad
joint,actor_09_statement_01,train,pair_0090_happy
joint,actor_09_statement_01,train,pair_0090_sad
joint,actor_09_statement_01,train,pair_0091_happy
joint,actor_09_statement_01,train,pair_0091_sad
joint,actor_09_statement_01,train,pair_0094_happy
joint,actor_09_statement_01,train,pair_0094_sad
joint,actor_09_statement_01,train,pair_0095_happy
joint,actor_09_statement_01,train,pair_0095_sad
joint,actor_09_statement_01,test,pair_0032_happy
joint,actor_09_statement_01,test,pair_0032_sad
joint,actor_09_statement_01,test,pair_0033_happy
joint,actor_09_statement_01,test,pair_0033_sad
joint,actor_09_statement_02,train,pair_0000_happy
joint,actor_09_statement_02,train,pair_0000_sad
joint,actor_09_statement_02,train,pair_0001_happy
joint,actor_09_statement_02,train,pair_0001_sad
joint,actor_09_statement_02,train,pair_0004_happy
joint,actor_09_statement_02,train,pair_0004_sad
joint,actor_09_statement_02,train,pair_0005_happy
joint,actor_09_statement_02,train,pair_0005_sad
joint,actor_09_statement_02,train,pair_0008_happy
joint,actor_09_statement_02,train,pair_0008_sad
joint,actor_09_statement_02,train,pair_0009_happy
joint,actor_09_statement_02,train,pair_0009_sad
joint,actor_09_statement_02,train,pair_0012_happy
joint,actor_09_statement_02,train,pair_0012_sad
joint,actor_09_statement_02,train,pair_0013_happy
joint,actor_09_statement_02,train,pair_0013_sad
joint,actor_09_statement_02,train,pair_0016_happy
joint,actor_09_statement_02,train,pair_0016_sad
joint,actor_09_statement_02,train,pair_0017_happy
joint,actor_09_statement_02,train,pair_0017_sad
joint,actor_09_statement_02,train,pair_0020_happy
joint,actor_09_statement_02,train,pair_0020_sad
joint,actor_09_statement_02,train,pair_0021_happy
joint,actor_09_statement_02,train,pair_0021_sad
joint,actor_09_statement_02,train,pair_0024_happy
joint,actor_09_statement_02,train,pair_0024_sad
joint,actor_09_statement_02,train,pair_0025_happy
joint,actor_09_statement_02,train,pair_0025_sad
joint,actor_09_statement_02,train,pair_0028_happy
joint,actor_09_statement_02,train,pair_0028_sad
joint,actor_09_statement_02,train,pair_0029_happy
joint,actor_09_statement_02,train,pair_0029_sad
joint,actor_09_statement_02,train,pair_0036_happy
joint,actor_09_statement_02,train,pair_0036_sad
joint,actor_09_statement_02,train,pair_0037_happy
joint,actor_09_statement_02,train,pair_0037_sad
joint,actor_09_statement_02,train,pair_0040_happy
joint,actor_09_statement_02,train,pair_0040_sad
joint,actor_09_statement_02,train,pair_0041_happy
joint,actor_09_statement_02,train,pair_0041_sad
joint,actor_09_statement_02,train,pair_0044_happy
joint,actor_09_statement_02,train,pair_0044_sad
joint,actor_09_statement_02,train,pair_0045_happy
joint,actor_09_statement_02,train,pair_0045_sad
joint,actor_09_statement_02,train,pair_0048_happy
joint,actor_09_statement_02,train,pair_0048_sad
joint,actor_09_statement_02,train,pair_0049_happy
joint,actor_09_statement_02,train,pair_0049_sad
joint,actor_09_statement_02,train,pair_0052_happy
joint,actor_09_statement_02,train,pair_0052_sad
joint,actor_09_statement_02,train,pair_0053_happy
joint,actor_09_statement_02,train,pair_0053_sad
joint,actor_09_statement_02,train,pair_0056_happy
joint,actor_09_statement_02,train,pair_0056_sad
joint,actor_09_statement_02,train,pair_0057_happy
joint,actor_09_statement_02,train,pair_0057_sad
joint,actor_09_statement_02,train,pair_0060_happy
joint,actor_09_statement_02,train,pair_0060_sad
joint,actor_09_statement_02,train,pair_0061_happy
joint,actor_09_statement_02,train,pair_0061_sad
joint,actor_09_statement_02,train,pair_0064_happy
joint,actor_09_statement_02,train,pair_0064_sad
joint,actor_09_statement_02,train,pair_0065_happy
joint,actor_09_statement_02,train,pair_0065_sad
joint,actor_09_statement_02,train,pair_0068_happy
joint,actor_09_statement_02,train,pair_0068_sad
joint,actor_09_statement_02,train,pair_0069_happy
joint,actor_09_statement_02,train,pair_0069_sad
joint,actor_09_statement_02,train,pair_0072_happy
joint,actor_09_statement_02,train,pair_0072_sad
joint,actor_09_statement_02,train,pair_0073_happy
joint,actor_09_statement_02,train,pair_0073_sad
joint,actor_09_statement_02,train,pair_0076_happy
joint,actor_09_statement_02,train,pair_0076_sad
joint,actor_09_statement_02,train,pair_0077_happy
joint,actor_09_statement_02,train,pair_0077_sad
joint,actor_09_statement_02,train,pair_0080_happy
joint,actor_09_statement_02,train,pair_0080_sad
joint,actor_09_statement_02,train,pair_0081_happy
joint,actor_09_statement_02,train,pair_0081_sad
joint,actor_09_statement_02,train,pair_0084_happy
joint,actor_09_statement_02,train,pair_0084_sad
joint,actor_09_statement_02,train,pair_0085_happy
joint,actor_09_statement_02,train,pair_0085_sad
joint,actor_09_statement_02,train,pair_0088_happy
joint,actor_09_statement_02,train,pair_0088_sad
joint,actor_09_statement_02,train,pair_0089_happy
joint,actor_09_statement_02,train,pair_0089_sad
joint,actor_09_statement_02,train,pair_0092_happy
joint,actor_09_statement_02,train,pair_0092_sad
joint,actor_09_statement_02,train,pair_0093_happy
joint,actor_09_statement_02,train,pair_0093_sad
joint,actor_09_statement_02,test,pair_0034_happy
joint,actor_09_statement_02,test,pair_0034_sad
joint,actor_09_statement_02,test,pair_0035_happy
joint,actor_09_statement_02,test,pair_0035_sad
joint,actor_10_statement_01,train,pair_0002_happy
joint,actor_10_statement_01,train,pair_0002_sad
joint,actor_10_statement_01,train,pair_0003_happy
joint,actor_10_statement_01,train,pair_0003_sad
joint,actor_10_statement_01,train,pair_0006_happy
joint,actor_10_statement_01,train,pair_0006_sad
joint,actor_10_statement_01,train,pair_0007_happy
joint,actor_10_statement_01,train,pair_0007_sad
joint,actor_10_statement_01,train,pair_0010_happy
joint,actor_10_statement_01,train,pair_0010_sad
joint,actor_10_statement_01,train,pair_0011_happy
joint,actor_10_statement_01,train,pair_0011_sad
joint,actor_10_statement_01,train,pair_0014_happy
joint,actor_10_statement_01,train,pair_0014_sad
joint,actor_10_statement_01,train,pair_0015_happy
joint,actor_10_statement_01,train,pair_0015_sad
joint,actor_10_statement_01,train,pair_0018_happy
joint,actor_10_statement_01,train,pair_0018_sad
joint,actor_10_statement_01,train,pair_0019_happy
joint,actor_10_statement_01,train,pair_0019_sad
joint,actor_10_statement_01,train,pair_0022_happy
joint,actor_10_statement_01,train,pair_0022_sad
joint,actor_10_statement_01,train,pair_0023_happy
joint,actor_10_statement_01,train,pair_0023_sad
joint,actor_10_statement_01,train,pair_0026_happy
joint,actor_10_statement_01,train,pair_0026_sad
joint,actor_10_statement_01,train,pair_0027_happy
joint,actor_10_statement_01,train,pair_0027_sad
joint,actor_10_statement_01,train,pair_0030_happy
joint,actor_10_statement_01,train,pair_0030_sad
joint,actor_10_statement_01,train,pair_0031_happy
joint,actor_10_statement_01,train,pair_0031_sad
joint,actor_10_statement_01,train,pair_0034_happy
joint,actor_10_statement_01,train,pair_0034_sad
joint,actor_10_statement_01,train,pair_0035_happy
joint,actor_10_statement_01,train,pair_0035_sad
joint,actor_10_statement_01,train,pair_0042_happy
joint,actor_10_statement_01,train,pair_0042_sad
joint,actor_10_statement_01,train,pair_0043_happy
joint,actor_10_statement_01,train,pair_0043_sad
joint,actor_10_statement_01,train,pair_0046_happy
joint,actor_10_statement_01,train,pair_0046_sad
joint,actor_10_statement_01,train,pair_0047_happy
joint,actor_10_statement_01,train,pair_0047_sad
joint,actor_10_statement_01,train,pair_0050_happy
joint,actor_10_statement_01,train,pair_0050_sad
joint,actor_10_statement_01,train,pair_0051_happy
joint,actor_10_statement_01,train,pair_0051_sad
joint,actor_10_statement_01,train,pair_0054_happy
joint,actor_10_statement_01,train,pair_0054_sad
joint,actor_10_statement_01,train,pair_0055_happy
joint,actor_10_statement_01,train,pair_0055_sad
joint,actor_10_statement_01,train,pair_0058_happy
joint,actor_10_statement_01,train,pair_0058_sad
joint,actor_10_statement_01,train,pair_0059_happy
joint,actor_10_statement_01,train,pair_0059_sad
joint,actor_10_statement_01,train,pair_0062_happy
joint,actor_10_statement_01,train,pair_0062_sad
joint,actor_10_statement_01,train,pair_0063_happy
joint,actor_10_statement_01,train,pair_0063_sad
joint,actor_10_statement_01,train,pair_0066_happy
joint,actor_10_statement_01,train,pair_0066_sad
joint,actor_10_statement_01,train,pair_0067_happy
joint,actor_10_statement_01,train,pair_0067_sad
joint,actor_10_statement_01,train,pair_0070_happy
joint,actor_10_statement_01,train,pair_0070_sad
joint,actor_10_statement_01,train,pair_0071_happy
joint,actor_10_statement_01,train,pair_0071_sad
joint,actor_10_statement_01,train,pair_0074_happy
joint,actor_10_statement_01,train,pair_0074_sad
joint,actor_10_statement_01,train,pair_0075_happy
joint,actor_10_statement_01,train,pair_0075_sad
joint,actor_10_statement_01,train,pair_0078_happy
joint,actor_10_statement_01,train,pair_0078_sad
joint,actor_10_statement_01,train,pair_0079_happy
joint,actor_10_statement_01,train,pair_0079_sad
joint,actor_10_statement_01,train,pair_0082_happy
joint,actor_10_statement_01,train,pair_0082_sad
joint,actor_10_statement_01,train,pair_0083_happy
joint,actor_10_statement_01,train,pair_0083_sad
joint,actor_10_statement_01,train,pair_0086_happy
joint,actor_10_statement_01,train,pair_0086_sad
joint,actor_10_statement_01,train,pair_0087_happy
joint,actor_10_statement_01,train,pair_0087_sad
joint,actor_10_statement_01,train,pair_0090_happy
joint,actor_10_statement_01,train,pair_0090_sad
joint,actor_10_statement_01,train,pair_0091_happy
joint,actor_10_statement_01,train,pair_0091_sad
joint,actor_10_statement_01,train,pair_0094_happy
joint,actor_10_statement_01,train,pair_0094_sad
joint,actor_10_statement_01,train,pair_0095_happy
joint,actor_10_statement_01,train,pair_0095_sad
joint,actor_10_statement_01,test,pair_0036_happy
joint,actor_10_statement_01,test,pair_0036_sad
joint,actor_10_statement_01,test,pair_0037_happy
joint,actor_10_statement_01,test,pair_0037_sad
joint,actor_10_statement_02,train,pair_0000_happy
joint,actor_10_statement_02,train,pair_0000_sad
joint,actor_10_statement_02,train,pair_0001_happy
joint,actor_10_statement_02,train,pair_0001_sad
joint,actor_10_statement_02,train,pair_0004_happy
joint,actor_10_statement_02,train,pair_0004_sad
joint,actor_10_statement_02,train,pair_0005_happy
joint,actor_10_statement_02,train,pair_0005_sad
joint,actor_10_statement_02,train,pair_0008_happy
joint,actor_10_statement_02,train,pair_0008_sad
joint,actor_10_statement_02,train,pair_0009_happy
joint,actor_10_statement_02,train,pair_0009_sad
joint,actor_10_statement_02,train,pair_0012_happy
joint,actor_10_statement_02,train,pair_0012_sad
joint,actor_10_statement_02,train,pair_0013_happy
joint,actor_10_statement_02,train,pair_0013_sad
joint,actor_10_statement_02,train,pair_0016_happy
joint,actor_10_statement_02,train,pair_0016_sad
joint,actor_10_statement_02,train,pair_0017_happy
joint,actor_10_statement_02,train,pair_0017_sad
joint,actor_10_statement_02,train,pair_0020_happy
joint,actor_10_statement_02,train,pair_0020_sad
joint,actor_10_statement_02,train,pair_0021_happy
joint,actor_10_statement_02,train,pair_0021_sad
joint,actor_10_statement_02,train,pair_0024_happy
joint,actor_10_statement_02,train,pair_0024_sad
joint,actor_10_statement_02,train,pair_0025_happy
joint,actor_10_statement_02,train,pair_0025_sad
joint,actor_10_statement_02,train,pair_0028_happy
joint,actor_10_statement_02,train,pair_0028_sad
joint,actor_10_statement_02,train,pair_0029_happy
joint,actor_10_statement_02,train,pair_0029_sad
joint,actor_10_statement_02,train,pair_0032_happy
joint,actor_10_statement_02,train,pair_0032_sad
joint,actor_10_statement_02,train,pair_0033_happy
joint,actor_10_statement_02,train,pair_0033_sad
joint,actor_10_statement_02,train,pair_0040_happy
joint,actor_10_statement_02,train,pair_0040_sad
joint,actor_10_statement_02,train,pair_0041_happy
joint,actor_10_statement_02,train,pair_0041_sad
joint,actor_10_statement_02,train,pair_0044_happy
joint,actor_10_statement_02,train,pair_0044_sad
joint,actor_10_statement_02,train,pair_0045_happy
joint,actor_10_statement_02,train,pair_0045_sad
joint,actor_10_statement_02,train,pair_0048_happy
joint,actor_10_statement_02,train,pair_0048_sad
joint,actor_10_statement_02,train,pair_0049_happy
joint,actor_10_statement_02,train,pair_0049_sad
joint,actor_10_statement_02,train,pair_0052_happy
joint,actor_10_statement_02,train,pair_0052_sad
joint,actor_10_statement_02,train,pair_0053_happy
joint,actor_10_statement_02,train,pair_0053_sad
joint,actor_10_statement_02,train,pair_0056_happy
joint,actor_10_statement_02,train,pair_0056_sad
joint,actor_10_statement_02,train,pair_0057_happy
joint,actor_10_statement_02,train,pair_0057_sad
joint,actor_10_statement_02,train,pair_0060_happy
joint,actor_10_statement_02,train,pair_0060_sad
joint,actor_10_statement_02,train,pair_0061_happy
joint,actor_10_statement_02,train,pair_0061_sad
joint,actor_10_statement_02,train,pair_0064_happy
joint,actor_10_statement_02,train,pair_0064_sad
joint,actor_10_statement_02,train,pair_0065_happy
joint,actor_10_statement_02,train,pair_0065_sad
joint,actor_10_statement_02,train,pair_0068_happy
joint,actor_10_statement_02,train,pair_0068_sad
joint,actor_10_statement_02,train,pair_0069_happy
joint,actor_10_statement_02,train,pair_0069_sad
joint,actor_10_statement_02,train,pair_0072_happy
joint,actor_10_statement_02,train,pair_0072_sad
joint,actor_10_statement_02,train,pair_0073_happy
joint,actor_10_statement_02,train,pair_0073_sad
joint,actor_10_statement_02,train,pair_0076_happy
joint,actor_10_statement_02,train,pair_0076_sad
joint,actor_10_statement_02,train,pair_0077_happy
joint,actor_10_statement_02,train,pair_0077_sad
joint,actor_10_statement_02,train,pair_0080_happy
joint,actor_10_statement_02,train,pair_0080_sad
joint,actor_10_statement_02,train,pair_0081_happy
joint,actor_10_statement_02,train,pair_0081_sad
joint,actor_10_statement_02,train,pair_0084_happy
joint,actor_10_statement_02,train,pair_0084_sad
joint,actor_10_statement_02,train,pair_0085_happy
joint,actor_10_statement_02,train,pair_0085_sad
joint,actor_10_statement_02,train,pair_0088_happy
joint,actor_10_statement_02,train,pair_0088_sad
joint,actor_10_statement_02,train,pair_0089_happy
joint,actor_10_statement_02,train,pair_0089_sad
joint,actor_10_statement_02,train,pair_0092_happy
joint,actor_10_statement_02,train,pair_0092_sad
joint,actor_10_statement_02,train,pair_0093_happy
joint,actor_10_statement_02,train,pair_0093_sad
joint,actor_10_statement_02,test,pair_0038_happy
joint,actor_10_statement_02,test,pair_0038_sad
joint,actor_10_statement_02,test,pair_0039_happy
joint,actor_10_statement_02,test,pair_0039_sad
joint,actor_11_statement_01,train,pair_0002_happy
joint,actor_11_statement_01,train,pair_0002_sad
joint,actor_11_statement_01,train,pair_0003_happy
joint,actor_11_statement_01,train,pair_0003_sad
joint,actor_11_statement_01,train,pair_0006_happy
joint,actor_11_statement_01,train,pair_0006_sad
joint,actor_11_statement_01,train,pair_0007_happy
joint,actor_11_statement_01,train,pair_0007_sad
joint,actor_11_statement_01,train,pair_0010_happy
joint,actor_11_statement_01,train,pair_0010_sad
joint,actor_11_statement_01,train,pair_0011_happy
joint,actor_11_statement_01,train,pair_0011_sad
joint,actor_11_statement_01,train,pair_0014_happy
joint,actor_11_statement_01,train,pair_0014_sad
joint,actor_11_statement_01,train,pair_0015_happy
joint,actor_11_statement_01,train,pair_0015_sad
joint,actor_11_statement_01,train,pair_0018_happy
joint,actor_11_statement_01,train,pair_0018_sad
joint,actor_11_statement_01,train,pair_0019_happy
joint,actor_11_statement_01,train,pair_0019_sad
joint,actor_11_statement_01,train,pair_0022_happy
joint,actor_11_statement_01,train,pair_0022_sad
joint,actor_11_statement_01,train,pair_0023_happy
joint,actor_11_statement_01,train,pair_0023_sad
joint,actor_11_statement_01,train,pair_0026_happy
joint,actor_11_statement_01,train,pair_0026_sad
joint,actor_11_statement_01,train,pair_0027_happy
joint,actor_11_statement_01,train,pair_0027_sad
joint,actor_11_statement_01,train,pair_0030_happy
joint,actor_11_statement_01,train,pair_0030_sad
joint,actor_11_statement_01,train,pair_0031_happy
joint,actor_11_statement_01,train,pair_0031_sad
joint,actor_11_statement_01,train,pair_0034_happy
joint,actor_11_statement_01,train,pair_0034_sad
joint,actor_11_statement_01,train,pair_0035_happy
joint,actor_11_statement_01,train,pair_0035_sad
joint,actor_11_statement_01,train,pair_0038_happy
joint,actor_11_statement_01,train,pair_0038_sad
joint,actor_11_statement_01,train,pair_0039_happy
joint,actor_11_statement_01,train,pair_0039_sad
joint,actor_11_statement_01,train,pair_0046_happy
joint,actor_11_statement_01,train,pair_0046_sad
joint,actor_11_statement_01,train,pair_0047_happy
joint,actor_11_statement_01,train,pair_0047_sad
joint,actor_11_statement_01,train,pair_0050_happy
joint,actor_11_statement_01,train,pair_0050_sad
joint,actor_11_statement_01,train,pair_0051_happy
joint,actor_11_statement_01,train,pair_0051_sad
joint,actor_11_statement_01,train,pair_0054_happy
joint,actor_11_statement_01,train,pair_0054_sad
joint,actor_11_statement_01,train,pair_0055_happy
joint,actor_11_statement_01,train,pair_0055_sad
joint,actor_11_statement_01,train,pair_0058_happy
joint,actor_11_statement_01,train,pair_0058_sad
joint,actor_11_statement_01,train,pair_0059_happy
joint,actor_11_statement_01,train,pair_0059_sad
joint,actor_11_statement_01,train,pair_0062_happy
joint,actor_11_statement_01,train,pair_0062_sad
joint,actor_11_statement_01,train,pair_0063_happy
joint,actor_11_statement_01,train,pair_0063_sad
joint,actor_11_statement_01,train,pair_0066_happy
joint,actor_11_statement_01,train,pair_0066_sad
joint,actor_11_statement_01,train,pair_0067_happy
joint,actor_11_statement_01,train,pair_0067_sad
joint,actor_11_statement_01,train,pair_0070_happy
joint,actor_11_statement_01,train,pair_0070_sad
joint,actor_11_statement_01,train,pair_0071_happy
joint,actor_11_statement_01,train,pair_0071_sad
joint,actor_11_statement_01,train,pair_0074_happy
joint,actor_11_statement_01,train,pair_0074_sad
joint,actor_11_statement_01,train,pair_0075_happy
joint,actor_11_statement_01,train,pair_0075_sad
joint,actor_11_statement_01,train,pair_0078_happy
joint,actor_11_statement_01,train,pair_0078_sad
joint,actor_11_statement_01,train,pair_0079_happy
joint,actor_11_statement_01,train,pair_0079_sad
joint,actor_11_statement_01,train,pair_0082_happy
joint,actor_11_statement_01,train,pair_0082_sad
joint,actor_11_statement_01,train,pair_0083_happy
joint,actor_11_statement_01,train,pair_0083_sad
joint,actor_11_statement_01,train,pair_0086_happy
joint,actor_11_statement_01,train,pair_0086_sad
joint,actor_11_statement_01,train,pair_0087_happy
joint,actor_11_statement_01,train,pair_0087_sad
joint,actor_11_statement_01,train,pair_0090_happy
joint,actor_11_statement_01,train,pair_0090_sad
joint,actor_11_statement_01,train,pair_0091_happy
joint,actor_11_statement_01,train,pair_0091_sad
joint,actor_11_statement_01,train,pair_0094_happy
joint,actor_11_statement_01,train,pair_0094_sad
joint,actor_11_statement_01,train,pair_0095_happy
joint,actor_11_statement_01,train,pair_0095_sad
joint,actor_11_statement_01,test,pair_0040_happy
joint,actor_11_statement_01,test,pair_0040_sad
joint,actor_11_statement_01,test,pair_0041_happy
joint,actor_11_statement_01,test,pair_0041_sad
joint,actor_11_statement_02,train,pair_0000_happy
joint,actor_11_statement_02,train,pair_0000_sad
joint,actor_11_statement_02,train,pair_0001_happy
joint,actor_11_statement_02,train,pair_0001_sad
joint,actor_11_statement_02,train,pair_0004_happy
joint,actor_11_statement_02,train,pair_0004_sad
joint,actor_11_statement_02,train,pair_0005_happy
joint,actor_11_statement_02,train,pair_0005_sad
joint,actor_11_statement_02,train,pair_0008_happy
joint,actor_11_statement_02,train,pair_0008_sad
joint,actor_11_statement_02,train,pair_0009_happy
joint,actor_11_statement_02,train,pair_0009_sad
joint,actor_11_statement_02,train,pair_0012_happy
joint,actor_11_statement_02,train,pair_0012_sad
joint,actor_11_statement_02,train,pair_0013_happy
joint,actor_11_statement_02,train,pair_0013_sad
joint,actor_11_statement_02,train,pair_0016_happy
joint,actor_11_statement_02,train,pair_0016_sad
joint,actor_11_statement_02,train,pair_0017_happy
joint,actor_11_statement_02,train,pair_0017_sad
joint,actor_11_statement_02,train,pair_0020_happy
joint,actor_11_statement_02,train,pair_0020_sad
joint,actor_11_statement_02,train,pair_0021_happy
joint,actor_11_statement_02,train,pair_0021_sad
joint,actor_11_statement_02,train,pair_0024_happy
joint,actor_11_statement_02,train,pair_0024_sad
joint,actor_11_statement_02,train,pair_0025_happy
joint,actor_11_statement_02,train,pair_0025_sad
joint,actor_11_statement_02,train,pair_0028_happy
joint,actor_11_statement_02,train,pair_0028_sad
joint,actor_11_statement_02,train,pair_0029_happy
joint,actor_11_statement_02,train,pair_0029_sad
joint,actor_11_statement_02,train,pair_0032_happy
joint,actor_11_statement_02,train,pair_0032_sad
joint,actor_11_statement_02,train,pair_0033_happy
joint,actor_11_statement_02,train,pair_0033_sad
joint,actor_11_statement_02,train,pair_0036_happy
joint,actor_11_statement_02,train,pair_0036_sad
joint,actor_11_statement_02,train,pair_0037_happy
joint,actor_11_statement_02,train,pair_0037_sad
joint,actor_11_statement_02,train,pair_0044_happy
joint,actor_11_statement_02,train,pair_0044_sad
joint,actor_11_statement_02,train,pair_0045_happy
joint,actor_11_statement_02,train,pair_0045_sad
joint,actor_11_statement_02,train,pair_0048_happy
joint,actor_11_statement_02,train,pair_0048_sad
joint,actor_11_statement_02,train,pair_0049_happy
joint,actor_11_statement_02,train,pair_0049_sad
joint,actor_11_statement_02,train,pair_0052_happy
joint,actor_11_statement_02,train,pair_0052_sad
joint,actor_11_statement_02,train,pair_0053_happy
joint,actor_11_statement_02,train,pair_0053_sad
joint,actor_11_statement_02,train,pair_0056_happy
joint,actor_11_statement_02,train,pair_0056_sad
joint,actor_11_statement_02,train,pair_0057_happy
joint,actor_11_statement_02,train,pair_0057_sad
joint,actor_11_statement_02,train,pair_0060_happy
joint,actor_11_statement_02,train,pair_0060_sad
joint,actor_11_statement_02,train,pair_0061_happy
joint,actor_11_statement_02,train,pair_0061_sad
joint,actor_11_statement_02,train,pair_0064_happy
joint,actor_11_statement_02,train,pair_0064_sad
joint,actor_11_statement_02,train,pair_0065_happy
joint,actor_11_statement_02,train,pair_0065_sad
joint,actor_11_statement_02,train,pair_0068_happy
joint,actor_11_statement_02,train,pair_0068_sad
joint,actor_11_statement_02,train,pair_0069_happy
joint,actor_11_statement_02,train,pair_0069_sad
joint,actor_11_statement_02,train,pair_0072_happy
joint,actor_11_statement_02,train,pair_0072_sad
joint,actor_11_statement_02,train,pair_0073_happy
joint,actor_11_statement_02,train,pair_0073_sad
joint,actor_11_statement_02,train,pair_0076_happy
joint,actor_11_statement_02,train,pair_0076_sad
joint,actor_11_statement_02,train,pair_0077_happy
joint,actor_11_statement_02,train,pair_0077_sad
joint,actor_11_statement_02,train,pair_0080_happy
joint,actor_11_statement_02,train,pair_0080_sad
joint,actor_11_statement_02,train,pair_0081_happy
joint,actor_11_statement_02,train,pair_0081_sad
joint,actor_11_statement_02,train,pair_0084_happy
joint,actor_11_statement_02,train,pair_0084_sad
joint,actor_11_statement_02,train,pair_0085_happy
joint,actor_11_statement_02,train,pair_0085_sad
joint,actor_11_statement_02,train,pair_0088_happy
joint,actor_11_statement_02,train,pair_0088_sad
joint,actor_11_statement_02,train,pair_0089_happy
joint,actor_11_statement_02,train,pair_0089_sad
joint,actor_11_statement_02,train,pair_0092_happy
joint,actor_11_statement_02,train,pair_0092_sad
joint,actor_11_statement_02,train,pair_0093_happy
joint,actor_11_statement_02,train,pair_0093_sad
joint,actor_11_statement_02,test,pair_0042_happy
joint,actor_11_statement_02,test,pair_0042_sad
joint,actor_11_statement_02,test,pair_0043_happy
joint,actor_11_statement_02,test,pair_0043_sad
joint,actor_12_statement_01,train,pair_0002_happy
joint,actor_12_statement_01,train,pair_0002_sad
joint,actor_12_statement_01,train,pair_0003_happy
joint,actor_12_statement_01,train,pair_0003_sad
joint,actor_12_statement_01,train,pair_0006_happy
joint,actor_12_statement_01,train,pair_0006_sad
joint,actor_12_statement_01,train,pair_0007_happy
joint,actor_12_statement_01,train,pair_0007_sad
joint,actor_12_statement_01,train,pair_0010_happy
joint,actor_12_statement_01,train,pair_0010_sad
joint,actor_12_statement_01,train,pair_0011_happy
joint,actor_12_statement_01,train,pair_0011_sad
joint,actor_12_statement_01,train,pair_0014_happy
joint,actor_12_statement_01,train,pair_0014_sad
joint,actor_12_statement_01,train,pair_0015_happy
joint,actor_12_statement_01,train,pair_0015_sad
joint,actor_12_statement_01,train,pair_0018_happy
joint,actor_12_statement_01,train,pair_0018_sad
joint,actor_12_statement_01,train,pair_0019_happy
joint,actor_12_statement_01,train,pair_0019_sad
joint,actor_12_statement_01,train,pair_0022_happy
joint,actor_12_statement_01,train,pair_0022_sad
joint,actor_12_statement_01,train,pair_0023_happy
joint,actor_12_statement_01,train,pair_0023_sad
joint,actor_12_statement_01,train,pair_0026_happy
joint,actor_12_statement_01,train,pair_0026_sad
joint,actor_12_statement_01,train,pair_0027_happy
joint,actor_12_statement_01,train,pair_0027_sad
joint,actor_12_statement_01,train,pair_0030_happy
joint,actor_12_statement_01,train,pair_0030_sad
joint,actor_12_statement_01,train,pair_0031_happy
joint,actor_12_statement_01,train,pair_0031_sad
joint,actor_12_statement_01,train,pair_0034_happy
joint,actor_12_statement_01,train,pair_0034_sad
joint,actor_12_statement_01,train,pair_0035_happy
joint,actor_12_statement_01,train,pair_0035_sad
joint,actor_12_statement_01,train,pair_0038_happy
joint,actor_12_statement_01,train,pair_0038_sad
joint,actor_12_statement_01,train,pair_0039_happy
joint,actor_12_statement_01,train,pair_0039_sad
joint,actor_12_statement_01,train,pair_0042_happy
joint,actor_12_statement_01,train,pair_0042_sad
joint,actor_12_statement_01,train,pair_0043_happy
joint,actor_12_statement_01,train,pair_0043_sad
joint,actor_12_statement_01,train,pair_0050_happy
joint,actor_12_statement_01,train,pair_0050_sad
joint,actor_12_statement_01,train,pair_0051_happy
joint,actor_12_statement_01,train,pair_0051_sad
joint,actor_12_statement_01,train,pair_0054_happy
joint,actor_12_statement_01,train,pair_0054_sad
joint,actor_12_statement_01,train,pair_0055_happy
joint,actor_12_statement_01,train,pair_0055_sad
joint,actor_12_statement_01,train,pair_0058_happy
joint,actor_12_statement_01,train,pair_0058_sad
joint,actor_12_statement_01,train,pair_0059_happy
joint,actor_12_statement_01,train,pair_0059_sad
joint,actor_12_statement_01,train,pair_0062_happy
joint,actor_12_statement_01,train,pair_0062_sad
joint,actor_12_statement_01,train,pair_0063_happy
joint,actor_12_statement_01,train,pair_0063_sad
joint,actor_12_statement_01,train,pair_0066_happy
joint,actor_12_statement_01,train,pair_0066_sad
joint,actor_12_statement_01,train,pair_0067_happy
joint,actor_12_statement_01,train,pair_0067_sad
joint,actor_12_statement_01,train,pair_0070_happy
joint,actor_12_statement_01,train,pair_0070_sad
joint,actor_12_statement_01,train,pair_0071_happy
joint,actor_12_statement_01,train,pair_0071_sad
joint,actor_12_statement_01,train,pair_0074_happy
joint,actor_12_statement_01,train,pair_0074_sad
joint,actor_12_statement_01,train,pair_0075_happy
joint,actor_12_statement_01,train,pair_0075_sad
joint,actor_12_statement_01,train,pair_0078_happy
joint,actor_12_statement_01,train,pair_0078_sad
joint,actor_12_statement_01,train,pair_0079_happy
joint,actor_12_statement_01,train,pair_0079_sad
joint,actor_12_statement_01,train,pair_0082_happy
joint,actor_12_statement_01,train,pair_0082_sad
joint,actor_12_statement_01,train,pair_0083_happy
joint,actor_12_statement_01,train,pair_0083_sad
joint,actor_12_statement_01,train,pair_0086_happy
joint,actor_12_statement_01,train,pair_0086_sad
joint,actor_12_statement_01,train,pair_0087_happy
joint,actor_12_statement_01,train,pair_0087_sad
joint,actor_12_statement_01,train,pair_0090_happy
joint,actor_12_statement_01,train,pair_0090_sad
joint,actor_12_statement_01,train,pair_0091_happy
joint,actor_12_statement_01,train,pair_0091_sad
joint,actor_12_statement_01,train,pair_0094_happy
joint,actor_12_statement_01,train,pair_0094_sad
joint,actor_12_statement_01,train,pair_0095_happy
joint,actor_12_statement_01,train,pair_0095_sad
joint,actor_12_statement_01,test,pair_0044_happy
joint,actor_12_statement_01,test,pair_0044_sad
joint,actor_12_statement_01,test,pair_0045_happy
joint,actor_12_statement_01,test,pair_0045_sad
joint,actor_12_statement_02,train,pair_0000_happy
joint,actor_12_statement_02,train,pair_0000_sad
joint,actor_12_statement_02,train,pair_0001_happy
joint,actor_12_statement_02,train,pair_0001_sad
joint,actor_12_statement_02,train,pair_0004_happy
joint,actor_12_statement_02,train,pair_0004_sad
joint,actor_12_statement_02,train,pair_0005_happy
joint,actor_12_statement_02,train,pair_0005_sad
joint,actor_12_statement_02,train,pair_0008_happy
joint,actor_12_statement_02,train,pair_0008_sad
joint,actor_12_statement_02,train,pair_0009_happy
joint,actor_12_statement_02,train,pair_0009_sad
joint,actor_12_statement_02,train,pair_0012_happy
joint,actor_12_statement_02,train,pair_0012_sad
joint,actor_12_statement_02,train,pair_0013_happy
joint,actor_12_statement_02,train,pair_0013_sad
joint,actor_12_statement_02,train,pair_0016_happy
joint,actor_12_statement_02,train,pair_0016_sad
joint,actor_12_statement_02,train,pair_0017_happy
joint,actor_12_statement_02,train,pair_0017_sad
joint,actor_12_statement_02,train,pair_0020_happy
joint,actor_12_statement_02,train,pair_0020_sad
joint,actor_12_statement_02,train,pair_0021_happy
joint,actor_12_statement_02,train,pair_0021_sad
joint,actor_12_statement_02,train,pair_0024_happy
joint,actor_12_statement_02,train,pair_0024_sad
joint,actor_12_statement_02,train,pair_0025_happy
joint,actor_12_statement_02,train,pair_0025_sad
joint,actor_12_statement_02,train,pair_0028_happy
joint,actor_12_statement_02,train,pair_0028_sad
joint,actor_12_statement_02,train,pair_0029_happy
joint,actor_12_statement_02,train,pair_0029_sad
joint,actor_12_statement_02,train,pair_0032_happy
joint,actor_12_statement_02,train,pair_0032_sad
joint,actor_12_statement_02,train,pair_0033_happy
joint,actor_12_statement_02,train,pair_0033_sad
joint,actor_12_statement_02,train,pair_0036_happy
joint,actor_12_statement_02,train,pair_0036_sad
joint,actor_12_statement_02,train,pair_0037_happy
joint,actor_12_statement_02,train,pair_0037_sad
joint,actor_12_statement_02,train,pair_0040_happy
joint,actor_12_statement_02,train,pair_0040_sad
joint,actor_12_statement_02,train,pair_0041_happy
joint,actor_12_statement_02,train,pair_0041_sad
joint,actor_12_statement_02,train,pair_0048_happy
joint,actor_12_statement_02,train,pair_0048_sad
joint,actor_12_statement_02,train,pair_0049_happy
joint,actor_12_statement_02,train,pair_0049_sad
joint,actor_12_statement_02,train,pair_0052_happy
joint,actor_12_statement_02,train,pair_0052_sad
joint,actor_12_statement_02,train,pair_0053_happy
joint,actor_12_statement_02,train,pair_0053_sad
joint,actor_12_statement_02,train,pair_0056_happy
joint,actor_12_statement_02,train,pair_0056_sad
joint,actor_12_statement_02,train,pair_0057_happy
joint,actor_12_statement_02,train,pair_0057_sad
joint,actor_12_statement_02,train,pair_0060_happy
joint,actor_12_statement_02,train,pair_0060_sad
joint,actor_12_statement_02,train,pair_0061_happy
joint,actor_12_statement_02,train,pair_0061_sad
joint,actor_12_statement_02,train,pair_0064_happy
joint,actor_12_statement_02,train,pair_0064_sad
joint,actor_12_statement_02,train,pair_0065_happy
joint,actor_12_statement_02,train,pair_0065_sad
joint,actor_12_statement_02,train,pair_0068_happy
joint,actor_12_statement_02,train,pair_0068_sad
joint,actor_12_statement_02,train,pair_0069_happy
joint,actor_12_statement_02,train,pair_0069_sad
joint,actor_12_statement_02,train,pair_0072_happy
joint,actor_12_statement_02,train,pair_0072_sad
joint,actor_12_statement_02,train,pair_0073_happy
joint,actor_12_statement_02,train,pair_0073_sad
joint,actor_12_statement_02,train,pair_0076_happy
joint,actor_12_statement_02,train,pair_0076_sad
joint,actor_12_statement_02,train,pair_0077_happy
joint,actor_12_statement_02,train,pair_0077_sad
joint,actor_12_statement_02,train,pair_0080_happy
joint,actor_12_statement_02,train,pair_0080_sad
joint,actor_12_statement_02,train,pair_0081_happy
joint,actor_12_statement_02,train,pair_0081_sad
joint,actor_12_statement_02,train,pair_0084_happy
joint,actor_12_statement_02,train,pair_0084_sad
joint,actor_12_statement_02,train,pair_0085_happy
joint,actor_12_statement_02,train,pair_0085_sad
joint,actor_12_statement_02,train,pair_0088_happy
joint,actor_12_statement_02,train,pair_0088_sad
joint,actor_12_statement_02,train,pair_0089_happy
joint,actor_12_statement_02,train,pair_0089_sad
joint,actor_12_statement_02,train,pair_0092_happy
joint,actor_12_statement_02,train,pair_0092_sad
joint,actor_12_statement_02,train,pair_0093_happy
joint,actor_12_statement_02,train,pair_0093_sad
joint,actor_12_statement_02,test,pair_0046_happy
joint,actor_12_statement_02,test,pair_0046_sad
joint,actor_12_statement_02,test,pair_0047_happy
joint,actor_12_statement_02,test,pair_0047_sad
joint,actor_13_statement_01,train,pair_0002_happy
joint,actor_13_statement_01,train,pair_0002_sad
joint,actor_13_statement_01,train,pair_0003_happy
joint,actor_13_statement_01,train,pair_0003_sad
joint,actor_13_statement_01,train,pair_0006_happy
joint,actor_13_statement_01,train,pair_0006_sad
joint,actor_13_statement_01,train,pair_0007_happy
joint,actor_13_statement_01,train,pair_0007_sad
joint,actor_13_statement_01,train,pair_0010_happy
joint,actor_13_statement_01,train,pair_0010_sad
joint,actor_13_statement_01,train,pair_0011_happy
joint,actor_13_statement_01,train,pair_0011_sad
joint,actor_13_statement_01,train,pair_0014_happy
joint,actor_13_statement_01,train,pair_0014_sad
joint,actor_13_statement_01,train,pair_0015_happy
joint,actor_13_statement_01,train,pair_0015_sad
joint,actor_13_statement_01,train,pair_0018_happy
joint,actor_13_statement_01,train,pair_0018_sad
joint,actor_13_statement_01,train,pair_0019_happy
joint,actor_13_statement_01,train,pair_0019_sad
joint,actor_13_statement_01,train,pair_0022_happy
joint,actor_13_statement_01,train,pair_0022_sad
joint,actor_13_statement_01,train,pair_0023_happy
joint,actor_13_statement_01,train,pair_0023_sad
joint,actor_13_statement_01,train,pair_0026_happy
joint,actor_13_statement_01,train,pair_0026_sad
joint,actor_13_statement_01,train,pair_0027_happy
joint,actor_13_statement_01,train,pair_0027_sad
joint,actor_13_statement_01,train,pair_0030_happy
joint,actor_13_statement_01,train,pair_0030_sad
joint,actor_13_statement_01,train,pair_0031_happy
joint,actor_13_statement_01,train,pair_0031_sad
joint,actor_13_statement_01,train,pair_0034_happy
joint,actor_13_statement_01,train,pair_0034_sad
joint,actor_13_statement_01,train,pair_0035_happy
joint,actor_13_statement_01,train,pair_0035_sad
joint,actor_13_statement_01,train,pair_0038_happy
joint,actor_13_statement_01,train,pair_0038_sad
joint,actor_13_statement_01,train,pair_0039_happy
joint,actor_13_statement_01,train,pair_0039_sad
joint,actor_13_statement_01,train,pair_0042_happy
joint,actor_13_statement_01,train,pair_0042_sad
joint,actor_13_statement_01,train,pair_0043_happy
joint,actor_13_statement_01,train,pair_0043_sad
joint,actor_13_statement_01,train,pair_0046_happy
joint,actor_13_statement_01,train,pair_0046_sad
joint,actor_13_statement_01,train,pair_0047_happy
joint,actor_13_statement_01,train,pair_0047_sad
joint,actor_13_statement_01,train,pair_0054_happy
joint,actor_13_statement_01,train,pair_0054_sad
joint,actor_13_statement_01,train,pair_0055_happy
joint,actor_13_statement_01,train,pair_0055_sad
joint,actor_13_statement_01,train,pair_0058_happy
joint,actor_13_statement_01,train,pair_0058_sad
joint,actor_13_statement_01,train,pair_0059_happy
joint,actor_13_statement_01,train,pair_0059_sad
joint,actor_13_statement_01,train,pair_0062_happy
joint,actor_13_statement_01,train,pair_0062_sad
joint,actor_13_statement_01,train,pair_0063_happy
joint,actor_13_statement_01,train,pair_0063_sad
joint,actor_13_statement_01,train,pair_0066_happy
joint,actor_13_statement_01,train,pair_0066_sad
joint,actor_13_statement_01,train,pair_0067_happy
joint,actor_13_statement_01,train,pair_0067_sad
joint,actor_13_statement_01,train,pair_0070_happy
joint,actor_13_statement_01,train,pair_0070_sad
joint,actor_13_statement_01,train,pair_0071_happy
joint,actor_13_statement_01,train,pair_0071_sad
joint,actor_13_statement_01,train,pair_0074_happy
joint,actor_13_statement_01,train,pair_0074_sad
joint,actor_13_statement_01,train,pair_0075_happy
joint,actor_13_statement_01,train,pair_0075_sad
joint,actor_13_statement_01,train,pair_0078_happy
joint,actor_13_statement_01,train,pair_0078_sad
joint,actor_13_statement_01,train,pair_0079_happy
joint,actor_13_statement_01,train,pair_0079_sad
joint,actor_13_statement_01,train,pair_0082_happy
joint,actor_13_statement_01,train,pair_0082_sad
joint,actor_13_statement_01,train,pair_0083_happy
joint,actor_13_statement_01,train,pair_0083_sad
joint,actor_13_statement_01,train,pair_0086_happy
joint,actor_13_statement_01,train,pair_0086_sad
joint,actor_13_statement_01,train,pair_0087_happy
joint,actor_13_statement_01,train,pair_0087_sad
joint,actor_13_statement_01,train,pair_0090_happy
joint,actor_13_statement_01,train,pair_0090_sad
joint,actor_13_statement_01,train,pair_0091_happy
joint,actor_13_statement_01,train,pair_0091_sad
joint,actor_13_statement_01,train,pair_0094_happy
joint,actor_13_statement_01,train,pair_0094_sad
joint,actor_13_statement_01,train,pair_0095_happy
joint,actor_13_statement_01,train,pair_0095_sad
joint,actor_13_statement_01,test,pair_0048_happy
joint,actor_13_statement_01,test,pair_0048_sad
joint,actor_13_statement_01,test,pair_0049_happy
joint,actor_13_statement_01,test,pair_0049_sad
joint,actor_13_statement_02,train,pair_0000_happy
joint,actor_13_statement_02,train,pair_0000_sad
joint,actor_13_statement_02,train,pair_0001_happy
joint,actor_13_statement_02,train,pair_0001_sad
joint,actor_13_statement_02,train,pair_0004_happy
joint,actor_13_statement_02,train,pair_0004_sad
joint,actor_13_statement_02,train,pair_0005_happy
joint,actor_13_statement_02,train,pair_0005_sad
joint,actor_13_statement_02,train,pair_0008_happy
joint,actor_13_statement_02,train,pair_0008_sad
joint,actor_13_statement_02,train,pair_0009_happy
joint,actor_13_statement_02,train,pair_0009_sad
joint,actor_13_statement_02,train,pair_0012_happy
joint,actor_13_statement_02,train,pair_0012_sad
joint,actor_13_statement_02,train,pair_0013_happy
joint,actor_13_statement_02,train,pair_0013_sad
joint,actor_13_statement_02,train,pair_0016_happy
joint,actor_13_statement_02,train,pair_0016_sad
joint,actor_13_statement_02,train,pair_0017_happy
joint,actor_13_statement_02,train,pair_0017_sad
joint,actor_13_statement_02,train,pair_0020_happy
joint,actor_13_statement_02,train,pair_0020_sad
joint,actor_13_statement_02,train,pair_0021_happy
joint,actor_13_statement_02,train,pair_0021_sad
joint,actor_13_statement_02,train,pair_0024_happy
joint,actor_13_statement_02,train,pair_0024_sad
joint,actor_13_statement_02,train,pair_0025_happy
joint,actor_13_statement_02,train,pair_0025_sad
joint,actor_13_statement_02,train,pair_0028_happy
joint,actor_13_statement_02,train,pair_0028_sad
joint,actor_13_statement_02,train,pair_0029_happy
joint,actor_13_statement_02,train,pair_0029_sad
joint,actor_13_statement_02,train,pair_0032_happy
joint,actor_13_statement_02,train,pair_0032_sad
joint,actor_13_statement_02,train,pair_0033_happy
joint,actor_13_statement_02,train,pair_0033_sad
joint,actor_13_statement_02,train,pair_0036_happy
joint,actor_13_statement_02,train,pair_0036_sad
joint,actor_13_statement_02,train,pair_0037_happy
joint,actor_13_statement_02,train,pair_0037_sad
joint,actor_13_statement_02,train,pair_0040_happy
joint,actor_13_statement_02,train,pair_0040_sad
joint,actor_13_statement_02,train,pair_0041_happy
joint,actor_13_statement_02,train,pair_0041_sad
joint,actor_13_statement_02,train,pair_0044_happy
joint,actor_13_statement_02,train,pair_0044_sad
joint,actor_13_statement_02,train,pair_0045_happy
joint,actor_13_statement_02,train,pair_0045_sad
joint,actor_13_statement_02,train,pair_0052_happy
joint,actor_13_statement_02,train,pair_0052_sad
joint,actor_13_statement_02,train,pair_0053_happy
joint,actor_13_statement_02,train,pair_0053_sad
joint,actor_13_statement_02,train,pair_0056_happy
joint,actor_13_statement_02,train,pair_0056_sad
joint,actor_13_statement_02,train,pair_0057_happy
joint,actor_13_statement_02,train,pair_0057_sad
joint,actor_13_statement_02,train,pair_0060_happy
joint,actor_13_statement_02,train,pair_0060_sad
joint,actor_13_statement_02,train,pair_0061_happy
joint,actor_13_statement_02,train,pair_0061_sad
joint,actor_13_statement_02,train,pair_0064_happy
joint,actor_13_statement_02,train,pair_0064_sad
joint,actor_13_statement_02,train,pair_0065_happy
joint,actor_13_statement_02,train,pair_0065_sad
joint,actor_13_statement_02,train,pair_0068_happy
joint,actor_13_statement_02,train,pair_0068_sad
joint,actor_13_statement_02,train,pair_0069_happy
joint,actor_13_statement_02,train,pair_0069_sad
joint,actor_13_statement_02,train,pair_0072_happy
joint,actor_13_statement_02,train,pair_0072_sad
joint,actor_13_statement_02,train,pair_0073_happy
joint,actor_13_statement_02,train,pair_0073_sad
joint,actor_13_statement_02,train,pair_0076_happy
joint,actor_13_statement_02,train,pair_0076_sad
joint,actor_13_statement_02,train,pair_0077_happy
joint,actor_13_statement_02,train,pair_0077_sad
joint,actor_13_statement_02,train,pair_0080_happy
joint,actor_13_statement_02,train,pair_0080_sad
joint,actor_13_statement_02,train,pair_0081_happy
joint,actor_13_statement_02,train,pair_0081_sad
joint,actor_13_statement_02,train,pair_0084_happy
joint,actor_13_statement_02,train,pair_0084_sad
joint,actor_13_statement_02,train,pair_0085_happy
joint,actor_13_statement_02,train,pair_0085_sad
joint,actor_13_statement_02,train,pair_0088_happy
joint,actor_13_statement_02,train,pair_0088_sad
joint,actor_13_statement_02,train,pair_0089_happy
joint,actor_13_statement_02,train,pair_0089_sad
joint,actor_13_statement_02,train,pair_0092_happy
joint,actor_13_statement_02,train,pair_0092_sad
joint,actor_13_statement_02,train,pair_0093_happy
joint,actor_13_statement_02,train,pair_0093_sad
joint,actor_13_statement_02,test,pair_0050_happy
joint,actor_13_statement_02,test,pair_0050_sad
joint,actor_13_statement_02,test,pair_0051_happy
joint,actor_13_statement_02,test,pair_0051_sad
joint,actor_14_statement_01,train,pair_0002_happy
joint,actor_14_statement_01,train,pair_0002_sad
joint,actor_14_statement_01,train,pair_0003_happy
joint,actor_14_statement_01,train,pair_0003_sad
joint,actor_14_statement_01,train,pair_0006_happy
joint,actor_14_statement_01,train,pair_0006_sad
joint,actor_14_statement_01,train,pair_0007_happy
joint,actor_14_statement_01,train,pair_0007_sad
joint,actor_14_statement_01,train,pair_0010_happy
joint,actor_14_statement_01,train,pair_0010_sad
joint,actor_14_statement_01,train,pair_0011_happy
joint,actor_14_statement_01,train,pair_0011_sad
joint,actor_14_statement_01,train,pair_0014_happy
joint,actor_14_statement_01,train,pair_0014_sad
joint,actor_14_statement_01,train,pair_0015_happy
joint,actor_14_statement_01,train,pair_0015_sad
joint,actor_14_statement_01,train,pair_0018_happy
joint,actor_14_statement_01,train,pair_0018_sad
joint,actor_14_statement_01,train,pair_0019_happy
joint,actor_14_statement_01,train,pair_0019_sad
joint,actor_14_statement_01,train,pair_0022_happy
joint,actor_14_statement_01,train,pair_0022_sad
joint,actor_14_statement_01,train,pair_0023_happy
joint,actor_14_statement_01,train,pair_0023_sad
joint,actor_14_statement_01,train,pair_0026_happy
joint,actor_14_statement_01,train,pair_0026_sad
joint,actor_14_statement_01,train,pair_0027_happy
joint,actor_14_statement_01,train,pair_0027_sad
joint,actor_14_statement_01,train,pair_0030_happy
joint,actor_14_statement_01,train,pair_0030_sad
joint,actor_14_statement_01,train,pair_0031_happy
joint,actor_14_statement_01,train,pair_0031_sad
joint,actor_14_statement_01,train,pair_0034_happy
joint,actor_14_statement_01,train,pair_0034_sad
joint,actor_14_statement_01,train,pair_0035_happy
joint,actor_14_statement_01,train,pair_0035_sad
joint,actor_14_statement_01,train,pair_0038_happy
joint,actor_14_statement_01,train,pair_0038_sad
joint,actor_14_statement_01,train,pair_0039_happy
joint,actor_14_statement_01,train,pair_0039_sad
joint,actor_14_statement_01,train,pair_0042_happy
joint,actor_14_statement_01,train,pair_0042_sad
joint,actor_14_statement_01,train,pair_0043_happy
joint,actor_14_statement_01,train,pair_0043_sad
joint,actor_14_statement_01,train,pair_0046_happy
joint,actor_14_statement_01,train,pair_0046_sad
joint,actor_14_statement_01,train,pair_0047_happy
joint,actor_14_statement_01,train,pair_0047_sad
joint,actor_14_statement_01,train,pair_0050_happy
joint,actor_14_statement_01,train,pair_0050_sad
joint,actor_14_statement_01,train,pair_0051_happy
joint,actor_14_statement_01,train,pair_0051_sad
joint,actor_14_statement_01,train,pair_0058_happy
joint,actor_14_statement_01,train,pair_0058_sad
joint,actor_14_statement_01,train,pair_0059_happy
joint,actor_14_statement_01,train,pair_0059_sad
joint,actor_14_statement_01,train,pair_0062_happy
joint,actor_14_statement_01,train,pair_0062_sad
joint,actor_14_statement_01,train,pair_0063_happy
joint,actor_14_statement_01,train,pair_0063_sad
joint,actor_14_statement_01,train,pair_0066_happy
joint,actor_14_statement_01,train,pair_0066_sad
joint,actor_14_statement_01,train,pair_0067_happy
joint,actor_14_statement_01,train,pair_0067_sad
joint,actor_14_statement_01,train,pair_0070_happy
joint,actor_14_statement_01,train,pair_0070_sad
joint,actor_14_statement_01,train,pair_0071_happy
joint,actor_14_statement_01,train,pair_0071_sad
joint,actor_14_statement_01,train,pair_0074_happy
joint,actor_14_statement_01,train,pair_0074_sad
joint,actor_14_statement_01,train,pair_0075_happy
joint,actor_14_statement_01,train,pair_0075_sad
joint,actor_14_statement_01,train,pair_0078_happy
joint,actor_14_statement_01,train,pair_0078_sad
joint,actor_14_statement_01,train,pair_0079_happy
joint,actor_14_statement_01,train,pair_0079_sad
joint,actor_14_statement_01,train,pair_0082_happy
joint,actor_14_statement_01,train,pair_0082_sad
joint,actor_14_statement_01,train,pair_0083_happy
joint,actor_14_statement_01,train,pair_0083_sad
joint,actor_14_statement_01,train,pair_0086_happy
joint,actor_14_statement_01,train,pair_0086_sad
joint,actor_14_statement_01,train,pair_0087_happy
joint,actor_14_statement_01,train,pair_0087_sad
joint,actor_14_statement_01,train,pair_0090_happy
joint,actor_14_statement_01,train,pair_0090_sad
joint,actor_14_statement_01,train,pair_0091_happy
joint,actor_14_statement_01,train,pair_0091_sad
joint,actor_14_statement_01,train,pair_0094_happy
joint,actor_14_statement_01,train,pair_0094_sad
joint,actor_14_statement_01,train,pair_0095_happy
joint,actor_14_statement_01,train,pair_0095_sad
joint,actor_14_statement_01,test,pair_0052_happy
joint,actor_14_statement_01,test,pair_0052_sad
joint,actor_14_statement_01,test,pair_0053_happy
joint,actor_14_statement_01,test,pair_0053_sad
joint,actor_14_statement_02,train,pair_0000_happy
joint,actor_14_statement_02,train,pair_0000_sad
joint,actor_14_statement_02,train,pair_0001_happy
joint,actor_14_statement_02,train,pair_0001_sad
joint,actor_14_statement_02,train,pair_0004_happy
joint,actor_14_statement_02,train,pair_0004_sad
joint,actor_14_statement_02,train,pair_0005_happy
joint,actor_14_statement_02,train,pair_0005_sad
joint,actor_14_statement_02,train,pair_0008_happy
joint,actor_14_statement_02,train,pair_0008_sad
joint,actor_14_statement_02,train,pair_0009_happy
joint,actor_14_statement_02,train,pair_0009_sad
joint,actor_14_statement_02,train,pair_0012_happy
joint,actor_14_statement_02,train,pair_0012_sad
joint,actor_14_statement_02,train,pair_0013_happy
joint,actor_14_statement_02,train,pair_0013_sad
joint,actor_14_statement_02,train,pair_0016_happy
joint,actor_14_statement_02,train,pair_0016_sad
joint,actor_14_statement_02,train,pair_0017_happy
joint,actor_14_statement_02,train,pair_0017_sad
joint,actor_14_statement_02,train,pair_0020_happy
joint,actor_14_statement_02,train,pair_0020_sad
joint,actor_14_statement_02,train,pair_0021_happy
joint,actor_14_statement_02,train,pair_0021_sad
joint,actor_14_statement_02,train,pair_0024_happy
joint,actor_14_statement_02,train,pair_0024_sad
joint,actor_14_statement_02,train,pair_0025_happy
joint,actor_14_statement_02,train,pair_0025_sad
joint,actor_14_statement_02,train,pair_0028_happy
joint,actor_14_statement_02,train,pair_0028_sad
joint,actor_14_statement_02,train,pair_0029_happy
joint,actor_14_statement_02,train,pair_0029_sad
joint,actor_14_statement_02,train,pair_0032_happy
joint,actor_14_statement_02,train,pair_0032_sad
joint,actor_14_statement_02,train,pair_0033_happy
joint,actor_14_statement_02,train,pair_0033_sad
joint,actor_14_statement_02,train,pair_0036_happy
joint,actor_14_statement_02,train,pair_0036_sad
joint,actor_14_statement_02,train,pair_0037_happy
joint,actor_14_statement_02,train,pair_0037_sad
joint,actor_14_statement_02,train,pair_0040_happy
joint,actor_14_statement_02,train,pair_0040_sad
joint,actor_14_statement_02,train,pair_0041_happy
joint,actor_14_statement_02,train,pair_0041_sad
joint,actor_14_statement_02,train,pair_0044_happy
joint,actor_14_statement_02,train,pair_0044_sad
joint,actor_14_statement_02,train,pair_0045_happy
joint,actor_14_statement_02,train,pair_0045_sad
joint,actor_14_statement_02,train,pair_0048_happy
joint,actor_14_statement_02,train,pair_0048_sad
joint,actor_14_statement_02,train,pair_0049_happy
joint,actor_14_statement_02,train,pair_0049_sad
joint,actor_14_statement_02,train,pair_0056_happy
joint,actor_14_statement_02,train,pair_0056_sad
joint,actor_14_statement_02,train,pair_0057_happy
joint,actor_14_statement_02,train,pair_0057_sad
joint,actor_14_statement_02,train,pair_0060_happy
joint,actor_14_statement_02,train,pair_0060_sad
joint,actor_14_statement_02,train,pair_0061_happy
joint,actor_14_statement_02,train,pair_0061_sad
joint,actor_14_statement_02,train,pair_0064_happy
joint,actor_14_statement_02,train,pair_0064_sad
joint,actor_14_statement_02,train,pair_0065_happy
joint,actor_14_statement_02,train,pair_0065_sad
joint,actor_14_statement_02,train,pair_0068_happy
joint,actor_14_statement_02,train,pair_0068_sad
joint,actor_14_statement_02,train,pair_0069_happy
joint,actor_14_statement_02,train,pair_0069_sad
joint,actor_14_statement_02,train,pair_0072_happy
joint,actor_14_statement_02,train,pair_0072_sad
joint,actor_14_statement_02,train,pair_0073_happy
joint,actor_14_statement_02,train,pair_0073_sad
joint,actor_14_statement_02,train,pair_0076_happy
joint,actor_14_statement_02,train,pair_0076_sad
joint,actor_14_statement_02,train,pair_0077_happy
joint,actor_14_statement_02,train,pair_0077_sad
joint,actor_14_statement_02,train,pair_0080_happy
joint,actor_14_statement_02,train,pair_0080_sad
joint,actor_14_statement_02,train,pair_0081_happy
joint,actor_14_statement_02,train,pair_0081_sad
joint,actor_14_statement_02,train,pair_0084_happy
joint,actor_14_statement_02,train,pair_0084_sad
joint,actor_14_statement_02,train,pair_0085_happy
joint,actor_14_statement_02,train,pair_0085_sad
joint,actor_14_statement_02,train,pair_0088_happy
joint,actor_14_statement_02,train,pair_0088_sad
joint,actor_14_statement_02,train,pair_0089_happy
joint,actor_14_statement_02,train,pair_0089_sad
joint,actor_14_statement_02,train,pair_0092_happy
joint,actor_14_statement_02,train,pair_0092_sad
joint,actor_14_statement_02,train,pair_0093_happy
joint,actor_14_statement_02,train,pair_0093_sad
joint,actor_14_statement_02,test,pair_0054_happy
joint,actor_14_statement_02,test,pair_0054_sad
joint,actor_14_statement_02,test,pair_0055_happy
joint,actor_14_statement_02,test,pair_0055_sad
joint,actor_15_statement_01,train,pair_0002_happy
joint,actor_15_statement_01,train,pair_0002_sad
joint,actor_15_statement_01,train,pair_0003_happy
joint,actor_15_statement_01,train,pair_0003_sad
joint,actor_15_statement_01,train,pair_0006_happy
joint,actor_15_statement_01,train,pair_0006_sad
joint,actor_15_statement_01,train,pair_0007_happy
joint,actor_15_statement_01,train,pair_0007_sad
joint,actor_15_statement_01,train,pair_0010_happy
joint,actor_15_statement_01,train,pair_0010_sad
joint,actor_15_statement_01,train,pair_0011_happy
joint,actor_15_statement_01,train,pair_0011_sad
joint,actor_15_statement_01,train,pair_0014_happy
joint,actor_15_statement_01,train,pair_0014_sad
joint,actor_15_statement_01,train,pair_0015_happy
joint,actor_15_statement_01,train,pair_0015_sad
joint,actor_15_statement_01,train,pair_0018_happy
joint,actor_15_statement_01,train,pair_0018_sad
joint,actor_15_statement_01,train,pair_0019_happy
joint,actor_15_statement_01,train,pair_0019_sad
joint,actor_15_statement_01,train,pair_0022_happy
joint,actor_15_statement_01,train,pair_0022_sad
joint,actor_15_statement_01,train,pair_0023_happy
joint,actor_15_statement_01,train,pair_0023_sad
joint,actor_15_statement_01,train,pair_0026_happy
joint,actor_15_statement_01,train,pair_0026_sad
joint,actor_15_statement_01,train,pair_0027_happy
joint,actor_15_statement_01,train,pair_0027_sad
joint,actor_15_statement_01,train,pair_0030_happy
joint,actor_15_statement_01,train,pair_0030_sad
joint,actor_15_statement_01,train,pair_0031_happy
joint,actor_15_statement_01,train,pair_0031_sad
joint,actor_15_statement_01,train,pair_0034_happy
joint,actor_15_statement_01,train,pair_0034_sad
joint,actor_15_statement_01,train,pair_0035_happy
joint,actor_15_statement_01,train,pair_0035_sad
joint,actor_15_statement_01,train,pair_0038_happy
joint,actor_15_statement_01,train,pair_0038_sad
joint,actor_15_statement_01,train,pair_0039_happy
joint,actor_15_statement_01,train,pair_0039_sad
joint,actor_15_statement_01,train,pair_0042_happy
joint,actor_15_statement_01,train,pair_0042_sad
joint,actor_15_statement_01,train,pair_0043_happy
joint,actor_15_statement_01,train,pair_0043_sad
joint,actor_15_statement_01,train,pair_0046_happy
joint,actor_15_statement_01,train,pair_0046_sad
joint,actor_15_statement_01,train,pair_0047_happy
joint,actor_15_statement_01,train,pair_0047_sad
joint,actor_15_statement_01,train,pair_0050_happy
joint,actor_15_statement_01,train,pair_0050_sad
joint,actor_15_statement_01,train,pair_0051_happy
joint,actor_15_statement_01,train,pair_0051_sad
joint,actor_15_statement_01,train,pair_0054_happy
joint,actor_15_statement_01,train,pair_0054_sad
joint,actor_15_statement_01,train,pair_0055_happy
joint,actor_15_statement_01,train,pair_0055_sad
joint,actor_15_statement_01,train,pair_0062_happy
joint,actor_15_statement_01,train,pair_0062_sad
joint,actor_15_statement_01,train,pair_0063_happy
joint,actor_15_statement_01,train,pair_0063_sad
joint,actor_15_statement_01,train,pair_0066_happy
joint,actor_15_statement_01,train,pair_0066_sad
joint,actor_15_statement_01,train,pair_0067_happy
joint,actor_15_statement_01,train,pair_0067_sad
joint,actor_15_statement_01,train,pair_0070_happy
joint,actor_15_statement_01,train,pair_0070_sad
joint,actor_15_statement_01,train,pair_0071_happy
joint,actor_15_statement_01,train,pair_0071_sad
joint,actor_15_statement_01,train,pair_0074_happy
joint,actor_15_statement_01,train,pair_0074_sad
joint,actor_15_statement_01,train,pair_0075_happy
joint,actor_15_statement_01,train,pair_0075_sad
joint,actor_15_statement_01,train,pair_0078_happy
joint,actor_15_statement_01,train,pair_0078_sad
joint,actor_15_statement_01,train,pair_0079_happy
joint,actor_15_statement_01,train,pair_0079_sad
joint,actor_15_statement_01,train,pair_0082_happy
joint,actor_15_statement_01,train,pair_0082_sad
joint,actor_15_statement_01,train,pair_0083_happy
joint,actor_15_statement_01,train,pair_0083_sad
joint,actor_15_statement_01,train,pair_0086_happy
joint,actor_15_statement_01,train,pair_0086_sad
joint,actor_15_statement_01,train,pair_0087_happy
joint,actor_15_statement_01,train,pair_0087_sad
joint,actor_15_statement_01,train,pair_0090_happy
joint,actor_15_statement_01,train,pair_0090_sad
joint,actor_15_statement_01,train,pair_0091_happy
joint,actor_15_statement_01,train,pair_0091_sad
joint,actor_15_statement_01,train,pair_0094_happy
joint,actor_15_statement_01,train,pair_0094_sad
joint,actor_15_statement_01,train,pair_0095_happy
joint,actor_15_statement_01,train,pair_0095_sad
joint,actor_15_statement_01,test,pair_0056_happy
joint,actor_15_statement_01,test,pair_0056_sad
joint,actor_15_statement_01,test,pair_0057_happy
joint,actor_15_statement_01,test,pair_0057_sad
joint,actor_15_statement_02,train,pair_0000_happy
joint,actor_15_statement_02,train,pair_0000_sad
joint,actor_15_statement_02,train,pair_0001_happy
joint,actor_15_statement_02,train,pair_0001_sad
joint,actor_15_statement_02,train,pair_0004_happy
joint,actor_15_statement_02,train,pair_0004_sad
joint,actor_15_statement_02,train,pair_0005_happy
joint,actor_15_statement_02,train,pair_0005_sad
joint,actor_15_statement_02,train,pair_0008_happy
joint,actor_15_statement_02,train,pair_0008_sad
joint,actor_15_statement_02,train,pair_0009_happy
joint,actor_15_statement_02,train,pair_0009_sad
joint,actor_15_statement_02,train,pair_0012_happy
joint,actor_15_statement_02,train,pair_0012_sad
joint,actor_15_statement_02,train,pair_0013_happy
joint,actor_15_statement_02,train,pair_0013_sad
joint,actor_15_statement_02,train,pair_0016_happy
joint,actor_15_statement_02,train,pair_0016_sad
joint,actor_15_statement_02,train,pair_0017_happy
joint,actor_15_statement_02,train,pair_0017_sad
joint,actor_15_statement_02,train,pair_0020_happy
joint,actor_15_statement_02,train,pair_0020_sad
joint,actor_15_statement_02,train,pair_0021_happy
joint,actor_15_statement_02,train,pair_0021_sad
joint,actor_15_statement_02,train,pair_0024_happy
joint,actor_15_statement_02,train,pair_0024_sad
joint,actor_15_statement_02,train,pair_0025_happy
joint,actor_15_statement_02,train,pair_0025_sad
joint,actor_15_statement_02,train,pair_0028_happy
joint,actor_15_statement_02,train,pair_0028_sad
joint,actor_15_statement_02,train,pair_0029_happy
joint,actor_15_statement_02,train,pair_0029_sad
joint,actor_15_statement_02,train,pair_0032_happy
joint,actor_15_statement_02,train,pair_0032_sad
joint,actor_15_statement_02,train,pair_0033_happy
joint,actor_15_statement_02,train,pair_0033_sad
joint,actor_15_statement_02,train,pair_0036_happy
joint,actor_15_statement_02,train,pair_0036_sad
joint,actor_15_statement_02,train,pair_0037_happy
joint,actor_15_statement_02,train,pair_0037_sad
joint,actor_15_statement_02,train,pair_0040_happy
joint,actor_15_statement_02,train,pair_0040_sad
joint,actor_15_statement_02,train,pair_0041_happy
joint,actor_15_statement_02,train,pair_0041_sad
joint,actor_15_statement_02,train,pair_0044_happy
joint,actor_15_statement_02,train,pair_0044_sad
joint,actor_15_statement_02,train,pair_0045_happy
joint,actor_15_statement_02,train,pair_0045_sad
joint,actor_15_statement_02,train,pair_0048_happy
joint,actor_15_statement_02,train,pair_0048_sad
joint,actor_15_statement_02,train,pair_0049_happy
joint,actor_15_statement_02,train,pair_0049_sad
joint,actor_15_statement_02,train,pair_0052_happy
joint,actor_15_statement_02,train,pair_0052_sad
joint,actor_15_statement_02,train,pair_0053_happy
joint,actor_15_statement_02,train,pair_0053_sad
joint,actor_15_statement_02,train,pair_0060_happy
joint,actor_15_statement_02,train,pair_0060_sad
joint,actor_15_statement_02,train,pair_0061_happy
joint,actor_15_statement_02,train,pair_0061_sad
joint,actor_15_statement_02,train,pair_0064_happy
joint,actor_15_statement_02,train,pair_0064_sad
joint,actor_15_statement_02,train,pair_0065_happy
joint,actor_15_statement_02,train,pair_0065_sad
joint,actor_15_statement_02,train,pair_0068_happy
joint,actor_15_statement_02,train,pair_0068_sad
joint,actor_15_statement_02,train,pair_0069_happy
joint,actor_15_statement_02,train,pair_0069_sad
joint,actor_15_statement_02,train,pair_0072_happy
joint,actor_15_statement_02,train,pair_0072_sad
joint,actor_15_statement_02,train,pair_0073_happy
joint,actor_15_statement_02,train,pair_0073_sad
joint,actor_15_statement_02,train,pair_0076_happy
joint,actor_15_statement_02,train,pair_0076_sad
joint,actor_15_statement_02,train,pair_0077_happy
joint,actor_15_statement_02,train,pair_0077_sad
joint,actor_15_statement_02,train,pair_0080_happy
joint,actor_15_statement_02,train,pair_0080_sad
joint,actor_15_statement_02,train,pair_0081_happy
joint,actor_15_statement_02,train,pair_0081_sad
joint,actor_15_statement_02,train,pair_0084_happy
joint,actor_15_statement_02,train,pair_0084_sad
joint,actor_15_statement_02,train,pair_0085_happy
joint,actor_15_statement_02,train,pair_0085_sad
joint,actor_15_statement_02,train,pair_0088_happy
joint,actor_15_statement_02,train,pair_0088_sad
joint,actor_15_statement_02,train,pair_0089_happy
joint,actor_15_statement_02,train,pair_0089_sad
joint,actor_15_statement_02,train,pair_0092_happy
joint,actor_15_statement_02,train,pair_0092_sad
joint,actor_15_statement_02,train,pair_0093_happy
joint,actor_15_statement_02,train,pair_0093_sad
joint,actor_15_statement_02,test,pair_0058_happy
joint,actor_15_statement_02,test,pair_0058_sad
joint,actor_15_statement_02,test,pair_0059_happy
joint,actor_15_statement_02,test,pair_0059_sad
joint,actor_16_statement_01,train,pair_0002_happy
joint,actor_16_statement_01,train,pair_0002_sad
joint,actor_16_statement_01,train,pair_0003_happy
joint,actor_16_statement_01,train,pair_0003_sad
joint,actor_16_statement_01,train,pair_0006_happy
joint,actor_16_statement_01,train,pair_0006_sad
joint,actor_16_statement_01,train,pair_0007_happy
joint,actor_16_statement_01,train,pair_0007_sad
joint,actor_16_statement_01,train,pair_0010_happy
joint,actor_16_statement_01,train,pair_0010_sad
joint,actor_16_statement_01,train,pair_0011_happy
joint,actor_16_statement_01,train,pair_0011_sad
joint,actor_16_statement_01,train,pair_0014_happy
joint,actor_16_statement_01,train,pair_0014_sad
joint,actor_16_statement_01,train,pair_0015_happy
joint,actor_16_statement_01,train,pair_0015_sad
joint,actor_16_statement_01,train,pair_0018_happy
joint,actor_16_statement_01,train,pair_0018_sad
joint,actor_16_statement_01,train,pair_0019_happy
joint,actor_16_statement_01,train,pair_0019_sad
joint,actor_16_statement_01,train,pair_0022_happy
joint,actor_16_statement_01,train,pair_0022_sad
joint,actor_16_statement_01,train,pair_0023_happy
joint,actor_16_statement_01,train,pair_0023_sad
joint,actor_16_statement_01,train,pair_0026_happy
joint,actor_16_statement_01,train,pair_0026_sad
joint,actor_16_statement_01,train,pair_0027_happy
joint,actor_16_statement_01,train,pair_0027_sad
joint,actor_16_statement_01,train,pair_0030_happy
joint,actor_16_statement_01,train,pair_0030_sad
joint,actor_16_statement_01,train,pair_0031_happy
joint,actor_16_statement_01,train,pair_0031_sad
joint,actor_16_statement_01,train,pair_0034_happy
joint,actor_16_statement_01,train,pair_0034_sad
joint,actor_16_statement_01,train,pair_0035_happy
joint,actor_16_statement_01,train,pair_0035_sad
joint,actor_16_statement_01,train,pair_0038_happy
joint,actor_16_statement_01,train,pair_0038_sad
joint,actor_16_statement_01,train,pair_0039_happy
joint,actor_16_statement_01,train,pair_0039_sad
joint,actor_16_statement_01,train,pair_0042_happy
joint,actor_16_statement_01,train,pair_0042_sad
joint,actor_16_statement_01,train,pair_0043_happy
joint,actor_16_statement_01,train,pair_0043_sad
joint,actor_16_statement_01,train,pair_0046_happy
joint,actor_16_statement_01,train,pair_0046_sad
joint,actor_16_statement_01,train,pair_0047_happy
joint,actor_16_statement_01,train,pair_0047_sad
joint,actor_16_statement_01,train,pair_0050_happy
joint,actor_16_statement_01,train,pair_0050_sad
joint,actor_16_statement_01,train,pair_0051_happy
joint,actor_16_statement_01,train,pair_0051_sad
joint,actor_16_statement_01,train,pair_0054_happy
joint,actor_16_statement_01,train,pair_0054_sad
joint,actor_16_statement_01,train,pair_0055_happy
joint,actor_16_statement_01,train,pair_0055_sad
joint,actor_16_statement_01,train,pair_0058_happy
joint,actor_16_statement_01,train,pair_0058_sad
joint,actor_16_statement_01,train,pair_0059_happy
joint,actor_16_statement_01,train,pair_0059_sad
joint,actor_16_statement_01,train,pair_0066_happy
joint,actor_16_statement_01,train,pair_0066_sad
joint,actor_16_statement_01,train,pair_0067_happy
joint,actor_16_statement_01,train,pair_0067_sad
joint,actor_16_statement_01,train,pair_0070_happy
joint,actor_16_statement_01,train,pair_0070_sad
joint,actor_16_statement_01,train,pair_0071_happy
joint,actor_16_statement_01,train,pair_0071_sad
joint,actor_16_statement_01,train,pair_0074_happy
joint,actor_16_statement_01,train,pair_0074_sad
joint,actor_16_statement_01,train,pair_0075_happy
joint,actor_16_statement_01,train,pair_0075_sad
joint,actor_16_statement_01,train,pair_0078_happy
joint,actor_16_statement_01,train,pair_0078_sad
joint,actor_16_statement_01,train,pair_0079_happy
joint,actor_16_statement_01,train,pair_0079_sad
joint,actor_16_statement_01,train,pair_0082_happy
joint,actor_16_statement_01,train,pair_0082_sad
joint,actor_16_statement_01,train,pair_0083_happy
joint,actor_16_statement_01,train,pair_0083_sad
joint,actor_16_statement_01,train,pair_0086_happy
joint,actor_16_statement_01,train,pair_0086_sad
joint,actor_16_statement_01,train,pair_0087_happy
joint,actor_16_statement_01,train,pair_0087_sad
joint,actor_16_statement_01,train,pair_0090_happy
joint,actor_16_statement_01,train,pair_0090_sad
joint,actor_16_statement_01,train,pair_0091_happy
joint,actor_16_statement_01,train,pair_0091_sad
joint,actor_16_statement_01,train,pair_0094_happy
joint,actor_16_statement_01,train,pair_0094_sad
joint,actor_16_statement_01,train,pair_0095_happy
joint,actor_16_statement_01,train,pair_0095_sad
joint,actor_16_statement_01,test,pair_0060_happy
joint,actor_16_statement_01,test,pair_0060_sad
joint,actor_16_statement_01,test,pair_0061_happy
joint,actor_16_statement_01,test,pair_0061_sad
joint,actor_16_statement_02,train,pair_0000_happy
joint,actor_16_statement_02,train,pair_0000_sad
joint,actor_16_statement_02,train,pair_0001_happy
joint,actor_16_statement_02,train,pair_0001_sad
joint,actor_16_statement_02,train,pair_0004_happy
joint,actor_16_statement_02,train,pair_0004_sad
joint,actor_16_statement_02,train,pair_0005_happy
joint,actor_16_statement_02,train,pair_0005_sad
joint,actor_16_statement_02,train,pair_0008_happy
joint,actor_16_statement_02,train,pair_0008_sad
joint,actor_16_statement_02,train,pair_0009_happy
joint,actor_16_statement_02,train,pair_0009_sad
joint,actor_16_statement_02,train,pair_0012_happy
joint,actor_16_statement_02,train,pair_0012_sad
joint,actor_16_statement_02,train,pair_0013_happy
joint,actor_16_statement_02,train,pair_0013_sad
joint,actor_16_statement_02,train,pair_0016_happy
joint,actor_16_statement_02,train,pair_0016_sad
joint,actor_16_statement_02,train,pair_0017_happy
joint,actor_16_statement_02,train,pair_0017_sad
joint,actor_16_statement_02,train,pair_0020_happy
joint,actor_16_statement_02,train,pair_0020_sad
joint,actor_16_statement_02,train,pair_0021_happy
joint,actor_16_statement_02,train,pair_0021_sad
joint,actor_16_statement_02,train,pair_0024_happy
joint,actor_16_statement_02,train,pair_0024_sad
joint,actor_16_statement_02,train,pair_0025_happy
joint,actor_16_statement_02,train,pair_0025_sad
joint,actor_16_statement_02,train,pair_0028_happy
joint,actor_16_statement_02,train,pair_0028_sad
joint,actor_16_statement_02,train,pair_0029_happy
joint,actor_16_statement_02,train,pair_0029_sad
joint,actor_16_statement_02,train,pair_0032_happy
joint,actor_16_statement_02,train,pair_0032_sad
joint,actor_16_statement_02,train,pair_0033_happy
joint,actor_16_statement_02,train,pair_0033_sad
joint,actor_16_statement_02,train,pair_0036_happy
joint,actor_16_statement_02,train,pair_0036_sad
joint,actor_16_statement_02,train,pair_0037_happy
joint,actor_16_statement_02,train,pair_0037_sad
joint,actor_16_statement_02,train,pair_0040_happy
joint,actor_16_statement_02,train,pair_0040_sad
joint,actor_16_statement_02,train,pair_0041_happy
joint,actor_16_statement_02,train,pair_0041_sad
joint,actor_16_statement_02,train,pair_0044_happy
joint,actor_16_statement_02,train,pair_0044_sad
joint,actor_16_statement_02,train,pair_0045_happy
joint,actor_16_statement_02,train,pair_0045_sad
joint,actor_16_statement_02,train,pair_0048_happy
joint,actor_16_statement_02,train,pair_0048_sad
joint,actor_16_statement_02,train,pair_0049_happy
joint,actor_16_statement_02,train,pair_0049_sad
joint,actor_16_statement_02,train,pair_0052_happy
joint,actor_16_statement_02,train,pair_0052_sad
joint,actor_16_statement_02,train,pair_0053_happy
joint,actor_16_statement_02,train,pair_0053_sad
joint,actor_16_statement_02,train,pair_0056_happy
joint,actor_16_statement_02,train,pair_0056_sad
joint,actor_16_statement_02,train,pair_0057_happy
joint,actor_16_statement_02,train,pair_0057_sad
joint,actor_16_statement_02,train,pair_0064_happy
joint,actor_16_statement_02,train,pair_0064_sad
joint,actor_16_statement_02,train,pair_0065_happy
joint,actor_16_statement_02,train,pair_0065_sad
joint,actor_16_statement_02,train,pair_0068_happy
joint,actor_16_statement_02,train,pair_0068_sad
joint,actor_16_statement_02,train,pair_0069_happy
joint,actor_16_statement_02,train,pair_0069_sad
joint,actor_16_statement_02,train,pair_0072_happy
joint,actor_16_statement_02,train,pair_0072_sad
joint,actor_16_statement_02,train,pair_0073_happy
joint,actor_16_statement_02,train,pair_0073_sad
joint,actor_16_statement_02,train,pair_0076_happy
joint,actor_16_statement_02,train,pair_0076_sad
joint,actor_16_statement_02,train,pair_0077_happy
joint,actor_16_statement_02,train,pair_0077_sad
joint,actor_16_statement_02,train,pair_0080_happy
joint,actor_16_statement_02,train,pair_0080_sad
joint,actor_16_statement_02,train,pair_0081_happy
joint,actor_16_statement_02,train,pair_0081_sad
joint,actor_16_statement_02,train,pair_0084_happy
joint,actor_16_statement_02,train,pair_0084_sad
joint,actor_16_statement_02,train,pair_0085_happy
joint,actor_16_statement_02,train,pair_0085_sad
joint,actor_16_statement_02,train,pair_0088_happy
joint,actor_16_statement_02,train,pair_0088_sad
joint,actor_16_statement_02,train,pair_0089_happy
joint,actor_16_statement_02,train,pair_0089_sad
joint,actor_16_statement_02,train,pair_0092_happy
joint,actor_16_statement_02,train,pair_0092_sad
joint,actor_16_statement_02,train,pair_0093_happy
joint,actor_16_statement_02,train,pair_0093_sad
joint,actor_16_statement_02,test,pair_0062_happy
joint,actor_16_statement_02,test,pair_0062_sad
joint,actor_16_statement_02,test,pair_0063_happy
joint,actor_16_statement_02,test,pair_0063_sad
joint,actor_17_statement_01,train,pair_0002_happy
joint,actor_17_statement_01,train,pair_0002_sad
joint,actor_17_statement_01,train,pair_0003_happy
joint,actor_17_statement_01,train,pair_0003_sad
joint,actor_17_statement_01,train,pair_0006_happy
joint,actor_17_statement_01,train,pair_0006_sad
joint,actor_17_statement_01,train,pair_0007_happy
joint,actor_17_statement_01,train,pair_0007_sad
joint,actor_17_statement_01,train,pair_0010_happy
joint,actor_17_statement_01,train,pair_0010_sad
joint,actor_17_statement_01,train,pair_0011_happy
joint,actor_17_statement_01,train,pair_0011_sad
joint,actor_17_statement_01,train,pair_0014_happy
joint,actor_17_statement_01,train,pair_0014_sad
joint,actor_17_statement_01,train,pair_0015_happy
joint,actor_17_statement_01,train,pair_0015_sad
joint,actor_17_statement_01,train,pair_0018_happy
joint,actor_17_statement_01,train,pair_0018_sad
joint,actor_17_statement_01,train,pair_0019_happy
joint,actor_17_statement_01,train,pair_0019_sad
joint,actor_17_statement_01,train,pair_0022_happy
joint,actor_17_statement_01,train,pair_0022_sad
joint,actor_17_statement_01,train,pair_0023_happy
joint,actor_17_statement_01,train,pair_0023_sad
joint,actor_17_statement_01,train,pair_0026_happy
joint,actor_17_statement_01,train,pair_0026_sad
joint,actor_17_statement_01,train,pair_0027_happy
joint,actor_17_statement_01,train,pair_0027_sad
joint,actor_17_statement_01,train,pair_0030_happy
joint,actor_17_statement_01,train,pair_0030_sad
joint,actor_17_statement_01,train,pair_0031_happy
joint,actor_17_statement_01,train,pair_0031_sad
joint,actor_17_statement_01,train,pair_0034_happy
joint,actor_17_statement_01,train,pair_0034_sad
joint,actor_17_statement_01,train,pair_0035_happy
joint,actor_17_statement_01,train,pair_0035_sad
joint,actor_17_statement_01,train,pair_0038_happy
joint,actor_17_statement_01,train,pair_0038_sad
joint,actor_17_statement_01,train,pair_0039_happy
joint,actor_17_statement_01,train,pair_0039_sad
joint,actor_17_statement_01,train,pair_0042_happy
joint,actor_17_statement_01,train,pair_0042_sad
joint,actor_17_statement_01,train,pair_0043_happy
joint,actor_17_statement_01,train,pair_0043_sad
joint,actor_17_statement_01,train,pair_0046_happy
joint,actor_17_statement_01,train,pair_0046_sad
joint,actor_17_statement_01,train,pair_0047_happy
joint,actor_17_statement_01,train,pair_0047_sad
joint,actor_17_statement_01,train,pair_0050_happy
joint,actor_17_statement_01,train,pair_0050_sad
joint,actor_17_statement_01,train,pair_0051_happy
joint,actor_17_statement_01,train,pair_0051_sad
joint,actor_17_statement_01,train,pair_0054_happy
joint,actor_17_statement_01,train,pair_0054_sad
joint,actor_17_statement_01,train,pair_0055_happy
joint,actor_17_statement_01,train,pair_0055_sad
joint,actor_17_statement_01,train,pair_0058_happy
joint,actor_17_statement_01,train,pair_0058_sad
joint,actor_17_statement_01,train,pair_0059_happy
joint,actor_17_statement_01,train,pair_0059_sad
joint,actor_17_statement_01,train,pair_0062_happy
joint,actor_17_statement_01,train,pair_0062_sad
joint,actor_17_statement_01,train,pair_0063_happy
joint,actor_17_statement_01,train,pair_0063_sad
joint,actor_17_statement_01,train,pair_0070_happy
joint,actor_17_statement_01,train,pair_0070_sad
joint,actor_17_statement_01,train,pair_0071_happy
joint,actor_17_statement_01,train,pair_0071_sad
joint,actor_17_statement_01,train,pair_0074_happy
joint,actor_17_statement_01,train,pair_0074_sad
joint,actor_17_statement_01,train,pair_0075_happy
joint,actor_17_statement_01,train,pair_0075_sad
joint,actor_17_statement_01,train,pair_0078_happy
joint,actor_17_statement_01,train,pair_0078_sad
joint,actor_17_statement_01,train,pair_0079_happy
joint,actor_17_statement_01,train,pair_0079_sad
joint,actor_17_statement_01,train,pair_0082_happy
joint,actor_17_statement_01,train,pair_0082_sad
joint,actor_17_statement_01,train,pair_0083_happy
joint,actor_17_statement_01,train,pair_0083_sad
joint,actor_17_statement_01,train,pair_0086_happy
joint,actor_17_statement_01,train,pair_0086_sad
joint,actor_17_statement_01,train,pair_0087_happy
joint,actor_17_statement_01,train,pair_0087_sad
joint,actor_17_statement_01,train,pair_0090_happy
joint,actor_17_statement_01,train,pair_0090_sad
joint,actor_17_statement_01,train,pair_0091_happy
joint,actor_17_statement_01,train,pair_0091_sad
joint,actor_17_statement_01,train,pair_0094_happy
joint,actor_17_statement_01,train,pair_0094_sad
joint,actor_17_statement_01,train,pair_0095_happy
joint,actor_17_statement_01,train,pair_0095_sad
joint,actor_17_statement_01,test,pair_0064_happy
joint,actor_17_statement_01,test,pair_0064_sad
joint,actor_17_statement_01,test,pair_0065_happy
joint,actor_17_statement_01,test,pair_0065_sad
joint,actor_17_statement_02,train,pair_0000_happy
joint,actor_17_statement_02,train,pair_0000_sad
joint,actor_17_statement_02,train,pair_0001_happy
joint,actor_17_statement_02,train,pair_0001_sad
joint,actor_17_statement_02,train,pair_0004_happy
joint,actor_17_statement_02,train,pair_0004_sad
joint,actor_17_statement_02,train,pair_0005_happy
joint,actor_17_statement_02,train,pair_0005_sad
joint,actor_17_statement_02,train,pair_0008_happy
joint,actor_17_statement_02,train,pair_0008_sad
joint,actor_17_statement_02,train,pair_0009_happy
joint,actor_17_statement_02,train,pair_0009_sad
joint,actor_17_statement_02,train,pair_0012_happy
joint,actor_17_statement_02,train,pair_0012_sad
joint,actor_17_statement_02,train,pair_0013_happy
joint,actor_17_statement_02,train,pair_0013_sad
joint,actor_17_statement_02,train,pair_0016_happy
joint,actor_17_statement_02,train,pair_0016_sad
joint,actor_17_statement_02,train,pair_0017_happy
joint,actor_17_statement_02,train,pair_0017_sad
joint,actor_17_statement_02,train,pair_0020_happy
joint,actor_17_statement_02,train,pair_0020_sad
joint,actor_17_statement_02,train,pair_0021_happy
joint,actor_17_statement_02,train,pair_0021_sad
joint,actor_17_statement_02,train,pair_0024_happy
joint,actor_17_statement_02,train,pair_0024_sad
joint,actor_17_statement_02,train,pair_0025_happy
joint,actor_17_statement_02,train,pair_0025_sad
joint,actor_17_statement_02,train,pair_0028_happy
joint,actor_17_statement_02,train,pair_0028_sad
joint,actor_17_statement_02,train,pair_0029_happy
joint,actor_17_statement_02,train,pair_0029_sad
joint,actor_17_statement_02,train,pair_0032_happy
joint,actor_17_statement_02,train,pair_0032_sad
joint,actor_17_statement_02,train,pair_0033_happy
joint,actor_17_statement_02,train,pair_0033_sad
joint,actor_17_statement_02,train,pair_0036_happy
joint,actor_17_statement_02,train,pair_0036_sad
joint,actor_17_statement_02,train,pair_0037_happy
joint,actor_17_statement_02,train,pair_0037_sad
joint,actor_17_statement_02,train,pair_0040_happy
joint,actor_17_statement_02,train,pair_0040_sad
joint,actor_17_statement_02,train,pair_0041_happy
joint,actor_17_statement_02,train,pair_0041_sad
joint,actor_17_statement_02,train,pair_0044_happy
joint,actor_17_statement_02,train,pair_0044_sad
joint,actor_17_statement_02,train,pair_0045_happy
joint,actor_17_statement_02,train,pair_0045_sad
joint,actor_17_statement_02,train,pair_0048_happy
joint,actor_17_statement_02,train,pair_0048_sad
joint,actor_17_statement_02,train,pair_0049_happy
joint,actor_17_statement_02,train,pair_0049_sad
joint,actor_17_statement_02,train,pair_0052_happy
joint,actor_17_statement_02,train,pair_0052_sad
joint,actor_17_statement_02,train,pair_0053_happy
joint,actor_17_statement_02,train,pair_0053_sad
joint,actor_17_statement_02,train,pair_0056_happy
joint,actor_17_statement_02,train,pair_0056_sad
joint,actor_17_statement_02,train,pair_0057_happy
joint,actor_17_statement_02,train,pair_0057_sad
joint,actor_17_statement_02,train,pair_0060_happy
joint,actor_17_statement_02,train,pair_0060_sad
joint,actor_17_statement_02,train,pair_0061_happy
joint,actor_17_statement_02,train,pair_0061_sad
joint,actor_17_statement_02,train,pair_0068_happy
joint,actor_17_statement_02,train,pair_0068_sad
joint,actor_17_statement_02,train,pair_0069_happy
joint,actor_17_statement_02,train,pair_0069_sad
joint,actor_17_statement_02,train,pair_0072_happy
joint,actor_17_statement_02,train,pair_0072_sad
joint,actor_17_statement_02,train,pair_0073_happy
joint,actor_17_statement_02,train,pair_0073_sad
joint,actor_17_statement_02,train,pair_0076_happy
joint,actor_17_statement_02,train,pair_0076_sad
joint,actor_17_statement_02,train,pair_0077_happy
joint,actor_17_statement_02,train,pair_0077_sad
joint,actor_17_statement_02,train,pair_0080_happy
joint,actor_17_statement_02,train,pair_0080_sad
joint,actor_17_statement_02,train,pair_0081_happy
joint,actor_17_statement_02,train,pair_0081_sad
joint,actor_17_statement_02,train,pair_0084_happy
joint,actor_17_statement_02,train,pair_0084_sad
joint,actor_17_statement_02,train,pair_0085_happy
joint,actor_17_statement_02,train,pair_0085_sad
joint,actor_17_statement_02,train,pair_0088_happy
joint,actor_17_statement_02,train,pair_0088_sad
joint,actor_17_statement_02,train,pair_0089_happy
joint,actor_17_statement_02,train,pair_0089_sad
joint,actor_17_statement_02,train,pair_0092_happy
joint,actor_17_statement_02,train,pair_0092_sad
joint,actor_17_statement_02,train,pair_0093_happy
joint,actor_17_statement_02,train,pair_0093_sad
joint,actor_17_statement_02,test,pair_0066_happy
joint,actor_17_statement_02,test,pair_0066_sad
joint,actor_17_statement_02,test,pair_0067_happy
joint,actor_17_statement_02,test,pair_0067_sad
joint,actor_18_statement_01,train,pair_0002_happy
joint,actor_18_statement_01,train,pair_0002_sad
joint,actor_18_statement_01,train,pair_0003_happy
joint,actor_18_statement_01,train,pair_0003_sad
joint,actor_18_statement_01,train,pair_0006_happy
joint,actor_18_statement_01,train,pair_0006_sad
joint,actor_18_statement_01,train,pair_0007_happy
joint,actor_18_statement_01,train,pair_0007_sad
joint,actor_18_statement_01,train,pair_0010_happy
joint,actor_18_statement_01,train,pair_0010_sad
joint,actor_18_statement_01,train,pair_0011_happy
joint,actor_18_statement_01,train,pair_0011_sad
joint,actor_18_statement_01,train,pair_0014_happy
joint,actor_18_statement_01,train,pair_0014_sad
joint,actor_18_statement_01,train,pair_0015_happy
joint,actor_18_statement_01,train,pair_0015_sad
joint,actor_18_statement_01,train,pair_0018_happy
joint,actor_18_statement_01,train,pair_0018_sad
joint,actor_18_statement_01,train,pair_0019_happy
joint,actor_18_statement_01,train,pair_0019_sad
joint,actor_18_statement_01,train,pair_0022_happy
joint,actor_18_statement_01,train,pair_0022_sad
joint,actor_18_statement_01,train,pair_0023_happy
joint,actor_18_statement_01,train,pair_0023_sad
joint,actor_18_statement_01,train,pair_0026_happy
joint,actor_18_statement_01,train,pair_0026_sad
joint,actor_18_statement_01,train,pair_0027_happy
joint,actor_18_statement_01,train,pair_0027_sad
joint,actor_18_statement_01,train,pair_0030_happy
joint,actor_18_statement_01,train,pair_0030_sad
joint,actor_18_statement_01,train,pair_0031_happy
joint,actor_18_statement_01,train,pair_0031_sad
joint,actor_18_statement_01,train,pair_0034_happy
joint,actor_18_statement_01,train,pair_0034_sad
joint,actor_18_statement_01,train,pair_0035_happy
joint,actor_18_statement_01,train,pair_0035_sad
joint,actor_18_statement_01,train,pair_0038_happy
joint,actor_18_statement_01,train,pair_0038_sad
joint,actor_18_statement_01,train,pair_0039_happy
joint,actor_18_statement_01,train,pair_0039_sad
joint,actor_18_statement_01,train,pair_0042_happy
joint,actor_18_statement_01,train,pair_0042_sad
joint,actor_18_statement_01,train,pair_0043_happy
joint,actor_18_statement_01,train,pair_0043_sad
joint,actor_18_statement_01,train,pair_0046_happy
joint,actor_18_statement_01,train,pair_0046_sad
joint,actor_18_statement_01,train,pair_0047_happy
joint,actor_18_statement_01,train,pair_0047_sad
joint,actor_18_statement_01,train,pair_0050_happy
joint,actor_18_statement_01,train,pair_0050_sad
joint,actor_18_statement_01,train,pair_0051_happy
joint,actor_18_statement_01,train,pair_0051_sad
joint,actor_18_statement_01,train,pair_0054_happy
joint,actor_18_statement_01,train,pair_0054_sad
joint,actor_18_statement_01,train,pair_0055_happy
joint,actor_18_statement_01,train,pair_0055_sad
joint,actor_18_statement_01,train,pair_0058_happy
joint,actor_18_statement_01,train,pair_0058_sad
joint,actor_18_statement_01,train,pair_0059_happy
joint,actor_18_statement_01,train,pair_0059_sad
joint,actor_18_statement_01,train,pair_0062_happy
joint,actor_18_statement_01,train,pair_0062_sad
joint,actor_18_statement_01,train,pair_0063_happy
joint,actor_18_statement_01,train,pair_0063_sad
joint,actor_18_statement_01,train,pair_0066_happy
joint,actor_18_statement_01,train,pair_0066_sad
joint,actor_18_statement_01,train,pair_0067_happy
joint,actor_18_statement_01,train,pair_0067_sad
joint,actor_18_statement_01,train,pair_0074_happy
joint,actor_18_statement_01,train,pair_0074_sad
joint,actor_18_statement_01,train,pair_0075_happy
joint,actor_18_statement_01,train,pair_0075_sad
joint,actor_18_statement_01,train,pair_0078_happy
joint,actor_18_statement_01,train,pair_0078_sad
joint,actor_18_statement_01,train,pair_0079_happy
joint,actor_18_statement_01,train,pair_0079_sad
joint,actor_18_statement_01,train,pair_0082_happy
joint,actor_18_statement_01,train,pair_0082_sad
joint,actor_18_statement_01,train,pair_0083_happy
joint,actor_18_statement_01,train,pair_0083_sad
joint,actor_18_statement_01,train,pair_0086_happy
joint,actor_18_statement_01,train,pair_0086_sad
joint,actor_18_statement_01,train,pair_0087_happy
joint,actor_18_statement_01,train,pair_0087_sad
joint,actor_18_statement_01,train,pair_0090_happy
joint,actor_18_statement_01,train,pair_0090_sad
joint,actor_18_statement_01,train,pair_0091_happy
joint,actor_18_statement_01,train,pair_0091_sad
joint,actor_18_statement_01,train,pair_0094_happy
joint,actor_18_statement_01,train,pair_0094_sad
joint,actor_18_statement_01,train,pair_0095_happy
joint,actor_18_statement_01,train,pair_0095_sad
joint,actor_18_statement_01,test,pair_0068_happy
joint,actor_18_statement_01,test,pair_0068_sad
joint,actor_18_statement_01,test,pair_0069_happy
joint,actor_18_statement_01,test,pair_0069_sad
joint,actor_18_statement_02,train,pair_0000_happy
joint,actor_18_statement_02,train,pair_0000_sad
joint,actor_18_statement_02,train,pair_0001_happy
joint,actor_18_statement_02,train,pair_0001_sad
joint,actor_18_statement_02,train,pair_0004_happy
joint,actor_18_statement_02,train,pair_0004_sad
joint,actor_18_statement_02,train,pair_0005_happy
joint,actor_18_statement_02,train,pair_0005_sad
joint,actor_18_statement_02,train,pair_0008_happy
joint,actor_18_statement_02,train,pair_0008_sad
joint,actor_18_statement_02,train,pair_0009_happy
joint,actor_18_statement_02,train,pair_0009_sad
joint,actor_18_statement_02,train,pair_0012_happy
joint,actor_18_statement_02,train,pair_0012_sad
joint,actor_18_statement_02,train,pair_0013_happy
joint,actor_18_statement_02,train,pair_0013_sad
joint,actor_18_statement_02,train,pair_0016_happy
joint,actor_18_statement_02,train,pair_0016_sad
joint,actor_18_statement_02,train,pair_0017_happy
joint,actor_18_statement_02,train,pair_0017_sad
joint,actor_18_statement_02,train,pair_0020_happy
joint,actor_18_statement_02,train,pair_0020_sad
joint,actor_18_statement_02,train,pair_0021_happy
joint,actor_18_statement_02,train,pair_0021_sad
joint,actor_18_statement_02,train,pair_0024_happy
joint,actor_18_statement_02,train,pair_0024_sad
joint,actor_18_statement_02,train,pair_0025_happy
joint,actor_18_statement_02,train,pair_0025_sad
joint,actor_18_statement_02,train,pair_0028_happy
joint,actor_18_statement_02,train,pair_0028_sad
joint,actor_18_statement_02,train,pair_0029_happy
joint,actor_18_statement_02,train,pair_0029_sad
joint,actor_18_statement_02,train,pair_0032_happy
joint,actor_18_statement_02,train,pair_0032_sad
joint,actor_18_statement_02,train,pair_0033_happy
joint,actor_18_statement_02,train,pair_0033_sad
joint,actor_18_statement_02,train,pair_0036_happy
joint,actor_18_statement_02,train,pair_0036_sad
joint,actor_18_statement_02,train,pair_0037_happy
joint,actor_18_statement_02,train,pair_0037_sad
joint,actor_18_statement_02,train,pair_0040_happy
joint,actor_18_statement_02,train,pair_0040_sad
joint,actor_18_statement_02,train,pair_0041_happy
joint,actor_18_statement_02,train,pair_0041_sad
joint,actor_18_statement_02,train,pair_0044_happy
joint,actor_18_statement_02,train,pair_0044_sad
joint,actor_18_statement_02,train,pair_0045_happy
joint,actor_18_statement_02,train,pair_0045_sad
joint,actor_18_statement_02,train,pair_0048_happy
joint,actor_18_statement_02,train,pair_0048_sad
joint,actor_18_statement_02,train,pair_0049_happy
joint,actor_18_statement_02,train,pair_0049_sad
joint,actor_18_statement_02,train,pair_0052_happy
joint,actor_18_statement_02,train,pair_0052_sad
joint,actor_18_statement_02,train,pair_0053_happy
joint,actor_18_statement_02,train,pair_0053_sad
joint,actor_18_statement_02,train,pair_0056_happy
joint,actor_18_statement_02,train,pair_0056_sad
joint,actor_18_statement_02,train,pair_0057_happy
joint,actor_18_statement_02,train,pair_0057_sad
joint,actor_18_statement_02,train,pair_0060_happy
joint,actor_18_statement_02,train,pair_0060_sad
joint,actor_18_statement_02,train,pair_0061_happy
joint,actor_18_statement_02,train,pair_0061_sad
joint,actor_18_statement_02,train,pair_0064_happy
joint,actor_18_statement_02,train,pair_0064_sad
joint,actor_18_statement_02,train,pair_0065_happy
joint,actor_18_statement_02,train,pair_0065_sad
joint,actor_18_statement_02,train,pair_0072_happy
joint,actor_18_statement_02,train,pair_0072_sad
joint,actor_18_statement_02,train,pair_0073_happy
joint,actor_18_statement_02,train,pair_0073_sad
joint,actor_18_statement_02,train,pair_0076_happy
joint,actor_18_statement_02,train,pair_0076_sad
joint,actor_18_statement_02,train,pair_0077_happy
joint,actor_18_statement_02,train,pair_0077_sad
joint,actor_18_statement_02,train,pair_0080_happy
joint,actor_18_statement_02,train,pair_0080_sad
joint,actor_18_statement_02,train,pair_0081_happy
joint,actor_18_statement_02,train,pair_0081_sad
joint,actor_18_statement_02,train,pair_0084_happy
joint,actor_18_statement_02,train,pair_0084_sad
joint,actor_18_statement_02,train,pair_0085_happy
joint,actor_18_statement_02,train,pair_0085_sad
joint,actor_18_statement_02,train,pair_0088_happy
joint,actor_18_statement_02,train,pair_0088_sad
joint,actor_18_statement_02,train,pair_0089_happy
joint,actor_18_statement_02,train,pair_0089_sad
joint,actor_18_statement_02,train,pair_0092_happy
joint,actor_18_statement_02,train,pair_0092_sad
joint,actor_18_statement_02,train,pair_0093_happy
joint,actor_18_statement_02,train,pair_0093_sad
joint,actor_18_statement_02,test,pair_0070_happy
joint,actor_18_statement_02,test,pair_0070_sad
joint,actor_18_statement_02,test,pair_0071_happy
joint,actor_18_statement_02,test,pair_0071_sad
joint,actor_19_statement_01,train,pair_0002_happy
joint,actor_19_statement_01,train,pair_0002_sad
joint,actor_19_statement_01,train,pair_0003_happy
joint,actor_19_statement_01,train,pair_0003_sad
joint,actor_19_statement_01,train,pair_0006_happy
joint,actor_19_statement_01,train,pair_0006_sad
joint,actor_19_statement_01,train,pair_0007_happy
joint,actor_19_statement_01,train,pair_0007_sad
joint,actor_19_statement_01,train,pair_0010_happy
joint,actor_19_statement_01,train,pair_0010_sad
joint,actor_19_statement_01,train,pair_0011_happy
joint,actor_19_statement_01,train,pair_0011_sad
joint,actor_19_statement_01,train,pair_0014_happy
joint,actor_19_statement_01,train,pair_0014_sad
joint,actor_19_statement_01,train,pair_0015_happy
joint,actor_19_statement_01,train,pair_0015_sad
joint,actor_19_statement_01,train,pair_0018_happy
joint,actor_19_statement_01,train,pair_0018_sad
joint,actor_19_statement_01,train,pair_0019_happy
joint,actor_19_statement_01,train,pair_0019_sad
joint,actor_19_statement_01,train,pair_0022_happy
joint,actor_19_statement_01,train,pair_0022_sad
joint,actor_19_statement_01,train,pair_0023_happy
joint,actor_19_statement_01,train,pair_0023_sad
joint,actor_19_statement_01,train,pair_0026_happy
joint,actor_19_statement_01,train,pair_0026_sad
joint,actor_19_statement_01,train,pair_0027_happy
joint,actor_19_statement_01,train,pair_0027_sad
joint,actor_19_statement_01,train,pair_0030_happy
joint,actor_19_statement_01,train,pair_0030_sad
joint,actor_19_statement_01,train,pair_0031_happy
joint,actor_19_statement_01,train,pair_0031_sad
joint,actor_19_statement_01,train,pair_0034_happy
joint,actor_19_statement_01,train,pair_0034_sad
joint,actor_19_statement_01,train,pair_0035_happy
joint,actor_19_statement_01,train,pair_0035_sad
joint,actor_19_statement_01,train,pair_0038_happy
joint,actor_19_statement_01,train,pair_0038_sad
joint,actor_19_statement_01,train,pair_0039_happy
joint,actor_19_statement_01,train,pair_0039_sad
joint,actor_19_statement_01,train,pair_0042_happy
joint,actor_19_statement_01,train,pair_0042_sad
joint,actor_19_statement_01,train,pair_0043_happy
joint,actor_19_statement_01,train,pair_0043_sad
joint,actor_19_statement_01,train,pair_0046_happy
joint,actor_19_statement_01,train,pair_0046_sad
joint,actor_19_statement_01,train,pair_0047_happy
joint,actor_19_statement_01,train,pair_0047_sad
joint,actor_19_statement_01,train,pair_0050_happy
joint,actor_19_statement_01,train,pair_0050_sad
joint,actor_19_statement_01,train,pair_0051_happy
joint,actor_19_statement_01,train,pair_0051_sad
joint,actor_19_statement_01,train,pair_0054_happy
joint,actor_19_statement_01,train,pair_0054_sad
joint,actor_19_statement_01,train,pair_0055_happy
joint,actor_19_statement_01,train,pair_0055_sad
joint,actor_19_statement_01,train,pair_0058_happy
joint,actor_19_statement_01,train,pair_0058_sad
joint,actor_19_statement_01,train,pair_0059_happy
joint,actor_19_statement_01,train,pair_0059_sad
joint,actor_19_statement_01,train,pair_0062_happy
joint,actor_19_statement_01,train,pair_0062_sad
joint,actor_19_statement_01,train,pair_0063_happy
joint,actor_19_statement_01,train,pair_0063_sad
joint,actor_19_statement_01,train,pair_0066_happy
joint,actor_19_statement_01,train,pair_0066_sad
joint,actor_19_statement_01,train,pair_0067_happy
joint,actor_19_statement_01,train,pair_0067_sad
joint,actor_19_statement_01,train,pair_0070_happy
joint,actor_19_statement_01,train,pair_0070_sad
joint,actor_19_statement_01,train,pair_0071_happy
joint,actor_19_statement_01,train,pair_0071_sad
joint,actor_19_statement_01,train,pair_0078_happy
joint,actor_19_statement_01,train,pair_0078_sad
joint,actor_19_statement_01,train,pair_0079_happy
joint,actor_19_statement_01,train,pair_0079_sad
joint,actor_19_statement_01,train,pair_0082_happy
joint,actor_19_statement_01,train,pair_0082_sad
joint,actor_19_statement_01,train,pair_0083_happy
joint,actor_19_statement_01,train,pair_0083_sad
joint,actor_19_statement_01,train,pair_0086_happy
joint,actor_19_statement_01,train,pair_0086_sad
joint,actor_19_statement_01,train,pair_0087_happy
joint,actor_19_statement_01,train,pair_0087_sad
joint,actor_19_statement_01,train,pair_0090_happy
joint,actor_19_statement_01,train,pair_0090_sad
joint,actor_19_statement_01,train,pair_0091_happy
joint,actor_19_statement_01,train,pair_0091_sad
joint,actor_19_statement_01,train,pair_0094_happy
joint,actor_19_statement_01,train,pair_0094_sad
joint,actor_19_statement_01,train,pair_0095_happy
joint,actor_19_statement_01,train,pair_0095_sad
joint,actor_19_statement_01,test,pair_0072_happy
joint,actor_19_statement_01,test,pair_0072_sad
joint,actor_19_statement_01,test,pair_0073_happy
joint,actor_19_statement_01,test,pair_0073_sad
joint,actor_19_statement_02,train,pair_0000_happy
joint,actor_19_statement_02,train,pair_0000_sad
joint,actor_19_statement_02,train,pair_0001_happy
joint,actor_19_statement_02,train,pair_0001_sad
joint,actor_19_statement_02,train,pair_0004_happy
joint,actor_19_statement_02,train,pair_0004_sad
joint,actor_19_statement_02,train,pair_0005_happy
joint,actor_19_statement_02,train,pair_0005_sad
joint,actor_19_statement_02,train,pair_0008_happy
joint,actor_19_statement_02,train,pair_0008_sad
joint,actor_19_statement_02,train,pair_0009_happy
joint,actor_19_statement_02,train,pair_0009_sad
joint,actor_19_statement_02,train,pair_0012_happy
joint,actor_19_statement_02,train,pair_0012_sad
joint,actor_19_statement_02,train,pair_0013_happy
joint,actor_19_statement_02,train,pair_0013_sad
joint,actor_19_statement_02,train,pair_0016_happy
joint,actor_19_statement_02,train,pair_0016_sad
joint,actor_19_statement_02,train,pair_0017_happy
joint,actor_19_statement_02,train,pair_0017_sad
joint,actor_19_statement_02,train,pair_0020_happy
joint,actor_19_statement_02,train,pair_0020_sad
joint,actor_19_statement_02,train,pair_0021_happy
joint,actor_19_statement_02,train,pair_0021_sad
joint,actor_19_statement_02,train,pair_0024_happy
joint,actor_19_statement_02,train,pair_0024_sad
joint,actor_19_statement_02,train,pair_0025_happy
joint,actor_19_statement_02,train,pair_0025_sad
joint,actor_19_statement_02,train,pair_0028_happy
joint,actor_19_statement_02,train,pair_0028_sad
joint,actor_19_statement_02,train,pair_0029_happy
joint,actor_19_statement_02,train,pair_0029_sad
joint,actor_19_statement_02,train,pair_0032_happy
joint,actor_19_statement_02,train,pair_0032_sad
joint,actor_19_statement_02,train,pair_0033_happy
joint,actor_19_statement_02,train,pair_0033_sad
joint,actor_19_statement_02,train,pair_0036_happy
joint,actor_19_statement_02,train,pair_0036_sad
joint,actor_19_statement_02,train,pair_0037_happy
joint,actor_19_statement_02,train,pair_0037_sad
joint,actor_19_statement_02,train,pair_0040_happy
joint,actor_19_statement_02,train,pair_0040_sad
joint,actor_19_statement_02,train,pair_0041_happy
joint,actor_19_statement_02,train,pair_0041_sad
joint,actor_19_statement_02,train,pair_0044_happy
joint,actor_19_statement_02,train,pair_0044_sad
joint,actor_19_statement_02,train,pair_0045_happy
joint,actor_19_statement_02,train,pair_0045_sad
joint,actor_19_statement_02,train,pair_0048_happy
joint,actor_19_statement_02,train,pair_0048_sad
joint,actor_19_statement_02,train,pair_0049_happy
joint,actor_19_statement_02,train,pair_0049_sad
joint,actor_19_statement_02,train,pair_0052_happy
joint,actor_19_statement_02,train,pair_0052_sad
joint,actor_19_statement_02,train,pair_0053_happy
joint,actor_19_statement_02,train,pair_0053_sad
joint,actor_19_statement_02,train,pair_0056_happy
joint,actor_19_statement_02,train,pair_0056_sad
joint,actor_19_statement_02,train,pair_0057_happy
joint,actor_19_statement_02,train,pair_0057_sad
joint,actor_19_statement_02,train,pair_0060_happy
joint,actor_19_statement_02,train,pair_0060_sad
joint,actor_19_statement_02,train,pair_0061_happy
joint,actor_19_statement_02,train,pair_0061_sad
joint,actor_19_statement_02,train,pair_0064_happy
joint,actor_19_statement_02,train,pair_0064_sad
joint,actor_19_statement_02,train,pair_0065_happy
joint,actor_19_statement_02,train,pair_0065_sad
joint,actor_19_statement_02,train,pair_0068_happy
joint,actor_19_statement_02,train,pair_0068_sad
joint,actor_19_statement_02,train,pair_0069_happy
joint,actor_19_statement_02,train,pair_0069_sad
joint,actor_19_statement_02,train,pair_0076_happy
joint,actor_19_statement_02,train,pair_0076_sad
joint,actor_19_statement_02,train,pair_0077_happy
joint,actor_19_statement_02,train,pair_0077_sad
joint,actor_19_statement_02,train,pair_0080_happy
joint,actor_19_statement_02,train,pair_0080_sad
joint,actor_19_statement_02,train,pair_0081_happy
joint,actor_19_statement_02,train,pair_0081_sad
joint,actor_19_statement_02,train,pair_0084_happy
joint,actor_19_statement_02,train,pair_0084_sad
joint,actor_19_statement_02,train,pair_0085_happy
joint,actor_19_statement_02,train,pair_0085_sad
joint,actor_19_statement_02,train,pair_0088_happy
joint,actor_19_statement_02,train,pair_0088_sad
joint,actor_19_statement_02,train,pair_0089_happy
joint,actor_19_statement_02,train,pair_0089_sad
joint,actor_19_statement_02,train,pair_0092_happy
joint,actor_19_statement_02,train,pair_0092_sad
joint,actor_19_statement_02,train,pair_0093_happy
joint,actor_19_statement_02,train,pair_0093_sad
joint,actor_19_statement_02,test,pair_0074_happy
joint,actor_19_statement_02,test,pair_0074_sad
joint,actor_19_statement_02,test,pair_0075_happy
joint,actor_19_statement_02,test,pair_0075_sad
joint,actor_20_statement_01,train,pair_0002_happy
joint,actor_20_statement_01,train,pair_0002_sad
joint,actor_20_statement_01,train,pair_0003_happy
joint,actor_20_statement_01,train,pair_0003_sad
joint,actor_20_statement_01,train,pair_0006_happy
joint,actor_20_statement_01,train,pair_0006_sad
joint,actor_20_statement_01,train,pair_0007_happy
joint,actor_20_statement_01,train,pair_0007_sad
joint,actor_20_statement_01,train,pair_0010_happy
joint,actor_20_statement_01,train,pair_0010_sad
joint,actor_20_statement_01,train,pair_0011_happy
joint,actor_20_statement_01,train,pair_0011_sad
joint,actor_20_statement_01,train,pair_0014_happy
joint,actor_20_statement_01,train,pair_0014_sad
joint,actor_20_statement_01,train,pair_0015_happy
joint,actor_20_statement_01,train,pair_0015_sad
joint,actor_20_statement_01,train,pair_0018_happy
joint,actor_20_statement_01,train,pair_0018_sad
joint,actor_20_statement_01,train,pair_0019_happy
joint,actor_20_statement_01,train,pair_0019_sad
joint,actor_20_statement_01,train,pair_0022_happy
joint,actor_20_statement_01,train,pair_0022_sad
joint,actor_20_statement_01,train,pair_0023_happy
joint,actor_20_statement_01,train,pair_0023_sad
joint,actor_20_statement_01,train,pair_0026_happy
joint,actor_20_statement_01,train,pair_0026_sad
joint,actor_20_statement_01,train,pair_0027_happy
joint,actor_20_statement_01,train,pair_0027_sad
joint,actor_20_statement_01,train,pair_0030_happy
joint,actor_20_statement_01,train,pair_0030_sad
joint,actor_20_statement_01,train,pair_0031_happy
joint,actor_20_statement_01,train,pair_0031_sad
joint,actor_20_statement_01,train,pair_0034_happy
joint,actor_20_statement_01,train,pair_0034_sad
joint,actor_20_statement_01,train,pair_0035_happy
joint,actor_20_statement_01,train,pair_0035_sad
joint,actor_20_statement_01,train,pair_0038_happy
joint,actor_20_statement_01,train,pair_0038_sad
joint,actor_20_statement_01,train,pair_0039_happy
joint,actor_20_statement_01,train,pair_0039_sad
joint,actor_20_statement_01,train,pair_0042_happy
joint,actor_20_statement_01,train,pair_0042_sad
joint,actor_20_statement_01,train,pair_0043_happy
joint,actor_20_statement_01,train,pair_0043_sad
joint,actor_20_statement_01,train,pair_0046_happy
joint,actor_20_statement_01,train,pair_0046_sad
joint,actor_20_statement_01,train,pair_0047_happy
joint,actor_20_statement_01,train,pair_0047_sad
joint,actor_20_statement_01,train,pair_0050_happy
joint,actor_20_statement_01,train,pair_0050_sad
joint,actor_20_statement_01,train,pair_0051_happy
joint,actor_20_statement_01,train,pair_0051_sad
joint,actor_20_statement_01,train,pair_0054_happy
joint,actor_20_statement_01,train,pair_0054_sad
joint,actor_20_statement_01,train,pair_0055_happy
joint,actor_20_statement_01,train,pair_0055_sad
joint,actor_20_statement_01,train,pair_0058_happy
joint,actor_20_statement_01,train,pair_0058_sad
joint,actor_20_statement_01,train,pair_0059_happy
joint,actor_20_statement_01,train,pair_0059_sad
joint,actor_20_statement_01,train,pair_0062_happy
joint,actor_20_statement_01,train,pair_0062_sad
joint,actor_20_statement_01,train,pair_0063_happy
joint,actor_20_statement_01,train,pair_0063_sad
joint,actor_20_statement_01,train,pair_0066_happy
joint,actor_20_statement_01,train,pair_0066_sad
joint,actor_20_statement_01,train,pair_0067_happy
joint,actor_20_statement_01,train,pair_0067_sad
joint,actor_20_statement_01,train,pair_0070_happy
joint,actor_20_statement_01,train,pair_0070_sad
joint,actor_20_statement_01,train,pair_0071_happy
joint,actor_20_statement_01,train,pair_0071_sad
joint,actor_20_statement_01,train,pair_0074_happy
joint,actor_20_statement_01,train,pair_0074_sad
joint,actor_20_statement_01,train,pair_0075_happy
joint,actor_20_statement_01,train,pair_0075_sad
joint,actor_20_statement_01,train,pair_0082_happy
joint,actor_20_statement_01,train,pair_0082_sad
joint,actor_20_statement_01,train,pair_0083_happy
joint,actor_20_statement_01,train,pair_0083_sad
joint,actor_20_statement_01,train,pair_0086_happy
joint,actor_20_statement_01,train,pair_0086_sad
joint,actor_20_statement_01,train,pair_0087_happy
joint,actor_20_statement_01,train,pair_0087_sad
joint,actor_20_statement_01,train,pair_0090_happy
joint,actor_20_statement_01,train,pair_0090_sad
joint,actor_20_statement_01,train,pair_0091_happy
joint,actor_20_statement_01,train,pair_0091_sad
joint,actor_20_statement_01,train,pair_0094_happy
joint,actor_20_statement_01,train,pair_0094_sad
joint,actor_20_statement_01,train,pair_0095_happy
joint,actor_20_statement_01,train,pair_0095_sad
joint,actor_20_statement_01,test,pair_0076_happy
joint,actor_20_statement_01,test,pair_0076_sad
joint,actor_20_statement_01,test,pair_0077_happy
joint,actor_20_statement_01,test,pair_0077_sad
joint,actor_20_statement_02,train,pair_0000_happy
joint,actor_20_statement_02,train,pair_0000_sad
joint,actor_20_statement_02,train,pair_0001_happy
joint,actor_20_statement_02,train,pair_0001_sad
joint,actor_20_statement_02,train,pair_0004_happy
joint,actor_20_statement_02,train,pair_0004_sad
joint,actor_20_statement_02,train,pair_0005_happy
joint,actor_20_statement_02,train,pair_0005_sad
joint,actor_20_statement_02,train,pair_0008_happy
joint,actor_20_statement_02,train,pair_0008_sad
joint,actor_20_statement_02,train,pair_0009_happy
joint,actor_20_statement_02,train,pair_0009_sad
joint,actor_20_statement_02,train,pair_0012_happy
joint,actor_20_statement_02,train,pair_0012_sad
joint,actor_20_statement_02,train,pair_0013_happy
joint,actor_20_statement_02,train,pair_0013_sad
joint,actor_20_statement_02,train,pair_0016_happy
joint,actor_20_statement_02,train,pair_0016_sad
joint,actor_20_statement_02,train,pair_0017_happy
joint,actor_20_statement_02,train,pair_0017_sad
joint,actor_20_statement_02,train,pair_0020_happy
joint,actor_20_statement_02,train,pair_0020_sad
joint,actor_20_statement_02,train,pair_0021_happy
joint,actor_20_statement_02,train,pair_0021_sad
joint,actor_20_statement_02,train,pair_0024_happy
joint,actor_20_statement_02,train,pair_0024_sad
joint,actor_20_statement_02,train,pair_0025_happy
joint,actor_20_statement_02,train,pair_0025_sad
joint,actor_20_statement_02,train,pair_0028_happy
joint,actor_20_statement_02,train,pair_0028_sad
joint,actor_20_statement_02,train,pair_0029_happy
joint,actor_20_statement_02,train,pair_0029_sad
joint,actor_20_statement_02,train,pair_0032_happy
joint,actor_20_statement_02,train,pair_0032_sad
joint,actor_20_statement_02,train,pair_0033_happy
joint,actor_20_statement_02,train,pair_0033_sad
joint,actor_20_statement_02,train,pair_0036_happy
joint,actor_20_statement_02,train,pair_0036_sad
joint,actor_20_statement_02,train,pair_0037_happy
joint,actor_20_statement_02,train,pair_0037_sad
joint,actor_20_statement_02,train,pair_0040_happy
joint,actor_20_statement_02,train,pair_0040_sad
joint,actor_20_statement_02,train,pair_0041_happy
joint,actor_20_statement_02,train,pair_0041_sad
joint,actor_20_statement_02,train,pair_0044_happy
joint,actor_20_statement_02,train,pair_0044_sad
joint,actor_20_statement_02,train,pair_0045_happy
joint,actor_20_statement_02,train,pair_0045_sad
joint,actor_20_statement_02,train,pair_0048_happy
joint,actor_20_statement_02,train,pair_0048_sad
joint,actor_20_statement_02,train,pair_0049_happy
joint,actor_20_statement_02,train,pair_0049_sad
joint,actor_20_statement_02,train,pair_0052_happy
joint,actor_20_statement_02,train,pair_0052_sad
joint,actor_20_statement_02,train,pair_0053_happy
joint,actor_20_statement_02,train,pair_0053_sad
joint,actor_20_statement_02,train,pair_0056_happy
joint,actor_20_statement_02,train,pair_0056_sad
joint,actor_20_statement_02,train,pair_0057_happy
joint,actor_20_statement_02,train,pair_0057_sad
joint,actor_20_statement_02,train,pair_0060_happy
joint,actor_20_statement_02,train,pair_0060_sad
joint,actor_20_statement_02,train,pair_0061_happy
joint,actor_20_statement_02,train,pair_0061_sad
joint,actor_20_statement_02,train,pair_0064_happy
joint,actor_20_statement_02,train,pair_0064_sad
joint,actor_20_statement_02,train,pair_0065_happy
joint,actor_20_statement_02,train,pair_0065_sad
joint,actor_20_statement_02,train,pair_0068_happy
joint,actor_20_statement_02,train,pair_0068_sad
joint,actor_20_statement_02,train,pair_0069_happy
joint,actor_20_statement_02,train,pair_0069_sad
joint,actor_20_statement_02,train,pair_0072_happy
joint,actor_20_statement_02,train,pair_0072_sad
joint,actor_20_statement_02,train,pair_0073_happy
joint,actor_20_statement_02,train,pair_0073_sad
joint,actor_20_statement_02,train,pair_0080_happy
joint,actor_20_statement_02,train,pair_0080_sad
joint,actor_20_statement_02,train,pair_0081_happy
joint,actor_20_statement_02,train,pair_0081_sad
joint,actor_20_statement_02,train,pair_0084_happy
joint,actor_20_statement_02,train,pair_0084_sad
joint,actor_20_statement_02,train,pair_0085_happy
joint,actor_20_statement_02,train,pair_0085_sad
joint,actor_20_statement_02,train,pair_0088_happy
joint,actor_20_statement_02,train,pair_0088_sad
joint,actor_20_statement_02,train,pair_0089_happy
joint,actor_20_statement_02,train,pair_0089_sad
joint,actor_20_statement_02,train,pair_0092_happy
joint,actor_20_statement_02,train,pair_0092_sad
joint,actor_20_statement_02,train,pair_0093_happy
joint,actor_20_statement_02,train,pair_0093_sad
joint,actor_20_statement_02,test,pair_0078_happy
joint,actor_20_statement_02,test,pair_0078_sad
joint,actor_20_statement_02,test,pair_0079_happy
joint,actor_20_statement_02,test,pair_0079_sad
joint,actor_21_statement_01,train,pair_0002_happy
joint,actor_21_statement_01,train,pair_0002_sad
joint,actor_21_statement_01,train,pair_0003_happy
joint,actor_21_statement_01,train,pair_0003_sad
joint,actor_21_statement_01,train,pair_0006_happy
joint,actor_21_statement_01,train,pair_0006_sad
joint,actor_21_statement_01,train,pair_0007_happy
joint,actor_21_statement_01,train,pair_0007_sad
joint,actor_21_statement_01,train,pair_0010_happy
joint,actor_21_statement_01,train,pair_0010_sad
joint,actor_21_statement_01,train,pair_0011_happy
joint,actor_21_statement_01,train,pair_0011_sad
joint,actor_21_statement_01,train,pair_0014_happy
joint,actor_21_statement_01,train,pair_0014_sad
joint,actor_21_statement_01,train,pair_0015_happy
joint,actor_21_statement_01,train,pair_0015_sad
joint,actor_21_statement_01,train,pair_0018_happy
joint,actor_21_statement_01,train,pair_0018_sad
joint,actor_21_statement_01,train,pair_0019_happy
joint,actor_21_statement_01,train,pair_0019_sad
joint,actor_21_statement_01,train,pair_0022_happy
joint,actor_21_statement_01,train,pair_0022_sad
joint,actor_21_statement_01,train,pair_0023_happy
joint,actor_21_statement_01,train,pair_0023_sad
joint,actor_21_statement_01,train,pair_0026_happy
joint,actor_21_statement_01,train,pair_0026_sad
joint,actor_21_statement_01,train,pair_0027_happy
joint,actor_21_statement_01,train,pair_0027_sad
joint,actor_21_statement_01,train,pair_0030_happy
joint,actor_21_statement_01,train,pair_0030_sad
joint,actor_21_statement_01,train,pair_0031_happy
joint,actor_21_statement_01,train,pair_0031_sad
joint,actor_21_statement_01,train,pair_0034_happy
joint,actor_21_statement_01,train,pair_0034_sad
joint,actor_21_statement_01,train,pair_0035_happy
joint,actor_21_statement_01,train,pair_0035_sad
joint,actor_21_statement_01,train,pair_0038_happy
joint,actor_21_statement_01,train,pair_0038_sad
joint,actor_21_statement_01,train,pair_0039_happy
joint,actor_21_statement_01,train,pair_0039_sad
joint,actor_21_statement_01,train,pair_0042_happy
joint,actor_21_statement_01,train,pair_0042_sad
joint,actor_21_statement_01,train,pair_0043_happy
joint,actor_21_statement_01,train,pair_0043_sad
joint,actor_21_statement_01,train,pair_0046_happy
joint,actor_21_statement_01,train,pair_0046_sad
joint,actor_21_statement_01,train,pair_0047_happy
joint,actor_21_statement_01,train,pair_0047_sad
joint,actor_21_statement_01,train,pair_0050_happy
joint,actor_21_statement_01,train,pair_0050_sad
joint,actor_21_statement_01,train,pair_0051_happy
joint,actor_21_statement_01,train,pair_0051_sad
joint,actor_21_statement_01,train,pair_0054_happy
joint,actor_21_statement_01,train,pair_0054_sad
joint,actor_21_statement_01,train,pair_0055_happy
joint,actor_21_statement_01,train,pair_0055_sad
joint,actor_21_statement_01,train,pair_0058_happy
joint,actor_21_statement_01,train,pair_0058_sad
joint,actor_21_statement_01,train,pair_0059_happy
joint,actor_21_statement_01,train,pair_0059_sad
joint,actor_21_statement_01,train,pair_0062_happy
joint,actor_21_statement_01,train,pair_0062_sad
joint,actor_21_statement_01,train,pair_0063_happy
joint,actor_21_statement_01,train,pair_0063_sad
joint,actor_21_statement_01,train,pair_0066_happy
joint,actor_21_statement_01,train,pair_0066_sad
joint,actor_21_statement_01,train,pair_0067_happy
joint,actor_21_statement_01,train,pair_0067_sad
joint,actor_21_statement_01,train,pair_0070_happy
joint,actor_21_statement_01,train,pair_0070_sad
joint,actor_21_statement_01,train,pair_0071_happy
joint,actor_21_statement_01,train,pair_0071_sad
joint,actor_21_statement_01,train,pair_0074_happy
joint,actor_21_statement_01,train,pair_0074_sad
joint,actor_21_statement_01,train,pair_0075_happy
joint,actor_21_statement_01,train,pair_0075_sad
joint,actor_21_statement_01,train,pair_0078_happy
joint,actor_21_statement_01,train,pair_0078_sad
joint,actor_21_statement_01,train,pair_0079_happy
joint,actor_21_statement_01,train,pair_0079_sad
joint,actor_21_statement_01,train,pair_0086_happy
joint,actor_21_statement_01,train,pair_0086_sad
joint,actor_21_statement_01,train,pair_0087_happy
joint,actor_21_statement_01,train,pair_0087_sad
joint,actor_21_statement_01,train,pair_0090_happy
joint,actor_21_statement_01,train,pair_0090_sad
joint,actor_21_statement_01,train,pair_0091_happy
joint,actor_21_statement_01,train,pair_0091_sad
joint,actor_21_statement_01,train,pair_0094_happy
joint,actor_21_statement_01,train,pair_0094_sad
joint,actor_21_statement_01,train,pair_0095_happy
joint,actor_21_statement_01,train,pair_0095_sad
joint,actor_21_statement_01,test,pair_0080_happy
joint,actor_21_statement_01,test,pair_0080_sad
joint,actor_21_statement_01,test,pair_0081_happy
joint,actor_21_statement_01,test,pair_0081_sad
joint,actor_21_statement_02,train,pair_0000_happy
joint,actor_21_statement_02,train,pair_0000_sad
joint,actor_21_statement_02,train,pair_0001_happy
joint,actor_21_statement_02,train,pair_0001_sad
joint,actor_21_statement_02,train,pair_0004_happy
joint,actor_21_statement_02,train,pair_0004_sad
joint,actor_21_statement_02,train,pair_0005_happy
joint,actor_21_statement_02,train,pair_0005_sad
joint,actor_21_statement_02,train,pair_0008_happy
joint,actor_21_statement_02,train,pair_0008_sad
joint,actor_21_statement_02,train,pair_0009_happy
joint,actor_21_statement_02,train,pair_0009_sad
joint,actor_21_statement_02,train,pair_0012_happy
joint,actor_21_statement_02,train,pair_0012_sad
joint,actor_21_statement_02,train,pair_0013_happy
joint,actor_21_statement_02,train,pair_0013_sad
joint,actor_21_statement_02,train,pair_0016_happy
joint,actor_21_statement_02,train,pair_0016_sad
joint,actor_21_statement_02,train,pair_0017_happy
joint,actor_21_statement_02,train,pair_0017_sad
joint,actor_21_statement_02,train,pair_0020_happy
joint,actor_21_statement_02,train,pair_0020_sad
joint,actor_21_statement_02,train,pair_0021_happy
joint,actor_21_statement_02,train,pair_0021_sad
joint,actor_21_statement_02,train,pair_0024_happy
joint,actor_21_statement_02,train,pair_0024_sad
joint,actor_21_statement_02,train,pair_0025_happy
joint,actor_21_statement_02,train,pair_0025_sad
joint,actor_21_statement_02,train,pair_0028_happy
joint,actor_21_statement_02,train,pair_0028_sad
joint,actor_21_statement_02,train,pair_0029_happy
joint,actor_21_statement_02,train,pair_0029_sad
joint,actor_21_statement_02,train,pair_0032_happy
joint,actor_21_statement_02,train,pair_0032_sad
joint,actor_21_statement_02,train,pair_0033_happy
joint,actor_21_statement_02,train,pair_0033_sad
joint,actor_21_statement_02,train,pair_0036_happy
joint,actor_21_statement_02,train,pair_0036_sad
joint,actor_21_statement_02,train,pair_0037_happy
joint,actor_21_statement_02,train,pair_0037_sad
joint,actor_21_statement_02,train,pair_0040_happy
joint,actor_21_statement_02,train,pair_0040_sad
joint,actor_21_statement_02,train,pair_0041_happy
joint,actor_21_statement_02,train,pair_0041_sad
joint,actor_21_statement_02,train,pair_0044_happy
joint,actor_21_statement_02,train,pair_0044_sad
joint,actor_21_statement_02,train,pair_0045_happy
joint,actor_21_statement_02,train,pair_0045_sad
joint,actor_21_statement_02,train,pair_0048_happy
joint,actor_21_statement_02,train,pair_0048_sad
joint,actor_21_statement_02,train,pair_0049_happy
joint,actor_21_statement_02,train,pair_0049_sad
joint,actor_21_statement_02,train,pair_0052_happy
joint,actor_21_statement_02,train,pair_0052_sad
joint,actor_21_statement_02,train,pair_0053_happy
joint,actor_21_statement_02,train,pair_0053_sad
joint,actor_21_statement_02,train,pair_0056_happy
joint,actor_21_statement_02,train,pair_0056_sad
joint,actor_21_statement_02,train,pair_0057_happy
joint,actor_21_statement_02,train,pair_0057_sad
joint,actor_21_statement_02,train,pair_0060_happy
joint,actor_21_statement_02,train,pair_0060_sad
joint,actor_21_statement_02,train,pair_0061_happy
joint,actor_21_statement_02,train,pair_0061_sad
joint,actor_21_statement_02,train,pair_0064_happy
joint,actor_21_statement_02,train,pair_0064_sad
joint,actor_21_statement_02,train,pair_0065_happy
joint,actor_21_statement_02,train,pair_0065_sad
joint,actor_21_statement_02,train,pair_0068_happy
joint,actor_21_statement_02,train,pair_0068_sad
joint,actor_21_statement_02,train,pair_0069_happy
joint,actor_21_statement_02,train,pair_0069_sad
joint,actor_21_statement_02,train,pair_0072_happy
joint,actor_21_statement_02,train,pair_0072_sad
joint,actor_21_statement_02,train,pair_0073_happy
joint,actor_21_statement_02,train,pair_0073_sad
joint,actor_21_statement_02,train,pair_0076_happy
joint,actor_21_statement_02,train,pair_0076_sad
joint,actor_21_statement_02,train,pair_0077_happy
joint,actor_21_statement_02,train,pair_0077_sad
joint,actor_21_statement_02,train,pair_0084_happy
joint,actor_21_statement_02,train,pair_0084_sad
joint,actor_21_statement_02,train,pair_0085_happy
joint,actor_21_statement_02,train,pair_0085_sad
joint,actor_21_statement_02,train,pair_0088_happy
joint,actor_21_statement_02,train,pair_0088_sad
joint,actor_21_statement_02,train,pair_0089_happy
joint,actor_21_statement_02,train,pair_0089_sad
joint,actor_21_statement_02,train,pair_0092_happy
joint,actor_21_statement_02,train,pair_0092_sad
joint,actor_21_statement_02,train,pair_0093_happy
joint,actor_21_statement_02,train,pair_0093_sad
joint,actor_21_statement_02,test,pair_0082_happy
joint,actor_21_statement_02,test,pair_0082_sad
joint,actor_21_statement_02,test,pair_0083_happy
joint,actor_21_statement_02,test,pair_0083_sad
joint,actor_22_statement_01,train,pair_0002_happy
joint,actor_22_statement_01,train,pair_0002_sad
joint,actor_22_statement_01,train,pair_0003_happy
joint,actor_22_statement_01,train,pair_0003_sad
joint,actor_22_statement_01,train,pair_0006_happy
joint,actor_22_statement_01,train,pair_0006_sad
joint,actor_22_statement_01,train,pair_0007_happy
joint,actor_22_statement_01,train,pair_0007_sad
joint,actor_22_statement_01,train,pair_0010_happy
joint,actor_22_statement_01,train,pair_0010_sad
joint,actor_22_statement_01,train,pair_0011_happy
joint,actor_22_statement_01,train,pair_0011_sad
joint,actor_22_statement_01,train,pair_0014_happy
joint,actor_22_statement_01,train,pair_0014_sad
joint,actor_22_statement_01,train,pair_0015_happy
joint,actor_22_statement_01,train,pair_0015_sad
joint,actor_22_statement_01,train,pair_0018_happy
joint,actor_22_statement_01,train,pair_0018_sad
joint,actor_22_statement_01,train,pair_0019_happy
joint,actor_22_statement_01,train,pair_0019_sad
joint,actor_22_statement_01,train,pair_0022_happy
joint,actor_22_statement_01,train,pair_0022_sad
joint,actor_22_statement_01,train,pair_0023_happy
joint,actor_22_statement_01,train,pair_0023_sad
joint,actor_22_statement_01,train,pair_0026_happy
joint,actor_22_statement_01,train,pair_0026_sad
joint,actor_22_statement_01,train,pair_0027_happy
joint,actor_22_statement_01,train,pair_0027_sad
joint,actor_22_statement_01,train,pair_0030_happy
joint,actor_22_statement_01,train,pair_0030_sad
joint,actor_22_statement_01,train,pair_0031_happy
joint,actor_22_statement_01,train,pair_0031_sad
joint,actor_22_statement_01,train,pair_0034_happy
joint,actor_22_statement_01,train,pair_0034_sad
joint,actor_22_statement_01,train,pair_0035_happy
joint,actor_22_statement_01,train,pair_0035_sad
joint,actor_22_statement_01,train,pair_0038_happy
joint,actor_22_statement_01,train,pair_0038_sad
joint,actor_22_statement_01,train,pair_0039_happy
joint,actor_22_statement_01,train,pair_0039_sad
joint,actor_22_statement_01,train,pair_0042_happy
joint,actor_22_statement_01,train,pair_0042_sad
joint,actor_22_statement_01,train,pair_0043_happy
joint,actor_22_statement_01,train,pair_0043_sad
joint,actor_22_statement_01,train,pair_0046_happy
joint,actor_22_statement_01,train,pair_0046_sad
joint,actor_22_statement_01,train,pair_0047_happy
joint,actor_22_statement_01,train,pair_0047_sad
joint,actor_22_statement_01,train,pair_0050_happy
joint,actor_22_statement_01,train,pair_0050_sad
joint,actor_22_statement_01,train,pair_0051_happy
joint,actor_22_statement_01,train,pair_0051_sad
joint,actor_22_statement_01,train,pair_0054_happy
joint,actor_22_statement_01,train,pair_0054_sad
joint,actor_22_statement_01,train,pair_0055_happy
joint,actor_22_statement_01,train,pair_0055_sad
joint,actor_22_statement_01,train,pair_0058_happy
joint,actor_22_statement_01,train,pair_0058_sad
joint,actor_22_statement_01,train,pair_0059_happy
joint,actor_22_statement_01,train,pair_0059_sad
joint,actor_22_statement_01,train,pair_0062_happy
joint,actor_22_statement_01,train,pair_0062_sad
joint,actor_22_statement_01,train,pair_0063_happy
joint,actor_22_statement_01,train,pair_0063_sad
joint,actor_22_statement_01,train,pair_0066_happy
joint,actor_22_statement_01,train,pair_0066_sad
joint,actor_22_statement_01,train,pair_0067_happy
joint,actor_22_statement_01,train,pair_0067_sad
joint,actor_22_statement_01,train,pair_0070_happy
joint,actor_22_statement_01,train,pair_0070_sad
joint,actor_22_statement_01,train,pair_0071_happy
joint,actor_22_statement_01,train,pair_0071_sad
joint,actor_22_statement_01,train,pair_0074_happy
joint,actor_22_statement_01,train,pair_0074_sad
joint,actor_22_statement_01,train,pair_0075_happy
joint,actor_22_statement_01,train,pair_0075_sad
joint,actor_22_statement_01,train,pair_0078_happy
joint,actor_22_statement_01,train,pair_0078_sad
joint,actor_22_statement_01,train,pair_0079_happy
joint,actor_22_statement_01,train,pair_0079_sad
joint,actor_22_statement_01,train,pair_0082_happy
joint,actor_22_statement_01,train,pair_0082_sad
joint,actor_22_statement_01,train,pair_0083_happy
joint,actor_22_statement_01,train,pair_0083_sad
joint,actor_22_statement_01,train,pair_0090_happy
joint,actor_22_statement_01,train,pair_0090_sad
joint,actor_22_statement_01,train,pair_0091_happy
joint,actor_22_statement_01,train,pair_0091_sad
joint,actor_22_statement_01,train,pair_0094_happy
joint,actor_22_statement_01,train,pair_0094_sad
joint,actor_22_statement_01,train,pair_0095_happy
joint,actor_22_statement_01,train,pair_0095_sad
joint,actor_22_statement_01,test,pair_0084_happy
joint,actor_22_statement_01,test,pair_0084_sad
joint,actor_22_statement_01,test,pair_0085_happy
joint,actor_22_statement_01,test,pair_0085_sad
joint,actor_22_statement_02,train,pair_0000_happy
joint,actor_22_statement_02,train,pair_0000_sad
joint,actor_22_statement_02,train,pair_0001_happy
joint,actor_22_statement_02,train,pair_0001_sad
joint,actor_22_statement_02,train,pair_0004_happy
joint,actor_22_statement_02,train,pair_0004_sad
joint,actor_22_statement_02,train,pair_0005_happy
joint,actor_22_statement_02,train,pair_0005_sad
joint,actor_22_statement_02,train,pair_0008_happy
joint,actor_22_statement_02,train,pair_0008_sad
joint,actor_22_statement_02,train,pair_0009_happy
joint,actor_22_statement_02,train,pair_0009_sad
joint,actor_22_statement_02,train,pair_0012_happy
joint,actor_22_statement_02,train,pair_0012_sad
joint,actor_22_statement_02,train,pair_0013_happy
joint,actor_22_statement_02,train,pair_0013_sad
joint,actor_22_statement_02,train,pair_0016_happy
joint,actor_22_statement_02,train,pair_0016_sad
joint,actor_22_statement_02,train,pair_0017_happy
joint,actor_22_statement_02,train,pair_0017_sad
joint,actor_22_statement_02,train,pair_0020_happy
joint,actor_22_statement_02,train,pair_0020_sad
joint,actor_22_statement_02,train,pair_0021_happy
joint,actor_22_statement_02,train,pair_0021_sad
joint,actor_22_statement_02,train,pair_0024_happy
joint,actor_22_statement_02,train,pair_0024_sad
joint,actor_22_statement_02,train,pair_0025_happy
joint,actor_22_statement_02,train,pair_0025_sad
joint,actor_22_statement_02,train,pair_0028_happy
joint,actor_22_statement_02,train,pair_0028_sad
joint,actor_22_statement_02,train,pair_0029_happy
joint,actor_22_statement_02,train,pair_0029_sad
joint,actor_22_statement_02,train,pair_0032_happy
joint,actor_22_statement_02,train,pair_0032_sad
joint,actor_22_statement_02,train,pair_0033_happy
joint,actor_22_statement_02,train,pair_0033_sad
joint,actor_22_statement_02,train,pair_0036_happy
joint,actor_22_statement_02,train,pair_0036_sad
joint,actor_22_statement_02,train,pair_0037_happy
joint,actor_22_statement_02,train,pair_0037_sad
joint,actor_22_statement_02,train,pair_0040_happy
joint,actor_22_statement_02,train,pair_0040_sad
joint,actor_22_statement_02,train,pair_0041_happy
joint,actor_22_statement_02,train,pair_0041_sad
joint,actor_22_statement_02,train,pair_0044_happy
joint,actor_22_statement_02,train,pair_0044_sad
joint,actor_22_statement_02,train,pair_0045_happy
joint,actor_22_statement_02,train,pair_0045_sad
joint,actor_22_statement_02,train,pair_0048_happy
joint,actor_22_statement_02,train,pair_0048_sad
joint,actor_22_statement_02,train,pair_0049_happy
joint,actor_22_statement_02,train,pair_0049_sad
joint,actor_22_statement_02,train,pair_0052_happy
joint,actor_22_statement_02,train,pair_0052_sad
joint,actor_22_statement_02,train,pair_0053_happy
joint,actor_22_statement_02,train,pair_0053_sad
joint,actor_22_statement_02,train,pair_0056_happy
joint,actor_22_statement_02,train,pair_0056_sad
joint,actor_22_statement_02,train,pair_0057_happy
joint,actor_22_statement_02,train,pair_0057_sad
joint,actor_22_statement_02,train,pair_0060_happy
joint,actor_22_statement_02,train,pair_0060_sad
joint,actor_22_statement_02,train,pair_0061_happy
joint,actor_22_statement_02,train,pair_0061_sad
joint,actor_22_statement_02,train,pair_0064_happy
joint,actor_22_statement_02,train,pair_0064_sad
joint,actor_22_statement_02,train,pair_0065_happy
joint,actor_22_statement_02,train,pair_0065_sad
joint,actor_22_statement_02,train,pair_0068_happy
joint,actor_22_statement_02,train,pair_0068_sad
joint,actor_22_statement_02,train,pair_0069_happy
joint,actor_22_statement_02,train,pair_0069_sad
joint,actor_22_statement_02,train,pair_0072_happy
joint,actor_22_statement_02,train,pair_0072_sad
joint,actor_22_statement_02,train,pair_0073_happy
joint,actor_22_statement_02,train,pair_0073_sad
joint,actor_22_statement_02,train,pair_0076_happy
joint,actor_22_statement_02,train,pair_0076_sad
joint,actor_22_statement_02,train,pair_0077_happy
joint,actor_22_statement_02,train,pair_0077_sad
joint,actor_22_statement_02,train,pair_0080_happy
joint,actor_22_statement_02,train,pair_0080_sad
joint,actor_22_statement_02,train,pair_0081_happy
joint,actor_22_statement_02,train,pair_0081_sad
joint,actor_22_statement_02,train,pair_0088_happy
joint,actor_22_statement_02,train,pair_0088_sad
joint,actor_22_statement_02,train,pair_0089_happy
joint,actor_22_statement_02,train,pair_0089_sad
joint,actor_22_statement_02,train,pair_0092_happy
joint,actor_22_statement_02,train,pair_0092_sad
joint,actor_22_statement_02,train,pair_0093_happy
joint,actor_22_statement_02,train,pair_0093_sad
joint,actor_22_statement_02,test,pair_0086_happy
joint,actor_22_statement_02,test,pair_0086_sad
joint,actor_22_statement_02,test,pair_0087_happy
joint,actor_22_statement_02,test,pair_0087_sad
joint,actor_23_statement_01,train,pair_0002_happy
joint,actor_23_statement_01,train,pair_0002_sad
joint,actor_23_statement_01,train,pair_0003_happy
joint,actor_23_statement_01,train,pair_0003_sad
joint,actor_23_statement_01,train,pair_0006_happy
joint,actor_23_statement_01,train,pair_0006_sad
joint,actor_23_statement_01,train,pair_0007_happy
joint,actor_23_statement_01,train,pair_0007_sad
joint,actor_23_statement_01,train,pair_0010_happy
joint,actor_23_statement_01,train,pair_0010_sad
joint,actor_23_statement_01,train,pair_0011_happy
joint,actor_23_statement_01,train,pair_0011_sad
joint,actor_23_statement_01,train,pair_0014_happy
joint,actor_23_statement_01,train,pair_0014_sad
joint,actor_23_statement_01,train,pair_0015_happy
joint,actor_23_statement_01,train,pair_0015_sad
joint,actor_23_statement_01,train,pair_0018_happy
joint,actor_23_statement_01,train,pair_0018_sad
joint,actor_23_statement_01,train,pair_0019_happy
joint,actor_23_statement_01,train,pair_0019_sad
joint,actor_23_statement_01,train,pair_0022_happy
joint,actor_23_statement_01,train,pair_0022_sad
joint,actor_23_statement_01,train,pair_0023_happy
joint,actor_23_statement_01,train,pair_0023_sad
joint,actor_23_statement_01,train,pair_0026_happy
joint,actor_23_statement_01,train,pair_0026_sad
joint,actor_23_statement_01,train,pair_0027_happy
joint,actor_23_statement_01,train,pair_0027_sad
joint,actor_23_statement_01,train,pair_0030_happy
joint,actor_23_statement_01,train,pair_0030_sad
joint,actor_23_statement_01,train,pair_0031_happy
joint,actor_23_statement_01,train,pair_0031_sad
joint,actor_23_statement_01,train,pair_0034_happy
joint,actor_23_statement_01,train,pair_0034_sad
joint,actor_23_statement_01,train,pair_0035_happy
joint,actor_23_statement_01,train,pair_0035_sad
joint,actor_23_statement_01,train,pair_0038_happy
joint,actor_23_statement_01,train,pair_0038_sad
joint,actor_23_statement_01,train,pair_0039_happy
joint,actor_23_statement_01,train,pair_0039_sad
joint,actor_23_statement_01,train,pair_0042_happy
joint,actor_23_statement_01,train,pair_0042_sad
joint,actor_23_statement_01,train,pair_0043_happy
joint,actor_23_statement_01,train,pair_0043_sad
joint,actor_23_statement_01,train,pair_0046_happy
joint,actor_23_statement_01,train,pair_0046_sad
joint,actor_23_statement_01,train,pair_0047_happy
joint,actor_23_statement_01,train,pair_0047_sad
joint,actor_23_statement_01,train,pair_0050_happy
joint,actor_23_statement_01,train,pair_0050_sad
joint,actor_23_statement_01,train,pair_0051_happy
joint,actor_23_statement_01,train,pair_0051_sad
joint,actor_23_statement_01,train,pair_0054_happy
joint,actor_23_statement_01,train,pair_0054_sad
joint,actor_23_statement_01,train,pair_0055_happy
joint,actor_23_statement_01,train,pair_0055_sad
joint,actor_23_statement_01,train,pair_0058_happy
joint,actor_23_statement_01,train,pair_0058_sad
joint,actor_23_statement_01,train,pair_0059_happy
joint,actor_23_statement_01,train,pair_0059_sad
joint,actor_23_statement_01,train,pair_0062_happy
joint,actor_23_statement_01,train,pair_0062_sad
joint,actor_23_statement_01,train,pair_0063_happy
joint,actor_23_statement_01,train,pair_0063_sad
joint,actor_23_statement_01,train,pair_0066_happy
joint,actor_23_statement_01,train,pair_0066_sad
joint,actor_23_statement_01,train,pair_0067_happy
joint,actor_23_statement_01,train,pair_0067_sad
joint,actor_23_statement_01,train,pair_0070_happy
joint,actor_23_statement_01,train,pair_0070_sad
joint,actor_23_statement_01,train,pair_0071_happy
joint,actor_23_statement_01,train,pair_0071_sad
joint,actor_23_statement_01,train,pair_0074_happy
joint,actor_23_statement_01,train,pair_0074_sad
joint,actor_23_statement_01,train,pair_0075_happy
joint,actor_23_statement_01,train,pair_0075_sad
joint,actor_23_statement_01,train,pair_0078_happy
joint,actor_23_statement_01,train,pair_0078_sad
joint,actor_23_statement_01,train,pair_0079_happy
joint,actor_23_statement_01,train,pair_0079_sad
joint,actor_23_statement_01,train,pair_0082_happy
joint,actor_23_statement_01,train,pair_0082_sad
joint,actor_23_statement_01,train,pair_0083_happy
joint,actor_23_statement_01,train,pair_0083_sad
joint,actor_23_statement_01,train,pair_0086_happy
joint,actor_23_statement_01,train,pair_0086_sad
joint,actor_23_statement_01,train,pair_0087_happy
joint,actor_23_statement_01,train,pair_0087_sad
joint,actor_23_statement_01,train,pair_0094_happy
joint,actor_23_statement_01,train,pair_0094_sad
joint,actor_23_statement_01,train,pair_0095_happy
joint,actor_23_statement_01,train,pair_0095_sad
joint,actor_23_statement_01,test,pair_0088_happy
joint,actor_23_statement_01,test,pair_0088_sad
joint,actor_23_statement_01,test,pair_0089_happy
joint,actor_23_statement_01,test,pair_0089_sad
joint,actor_23_statement_02,train,pair_0000_happy
joint,actor_23_statement_02,train,pair_0000_sad
joint,actor_23_statement_02,train,pair_0001_happy
joint,actor_23_statement_02,train,pair_0001_sad
joint,actor_23_statement_02,train,pair_0004_happy
joint,actor_23_statement_02,train,pair_0004_sad
joint,actor_23_statement_02,train,pair_0005_happy
joint,actor_23_statement_02,train,pair_0005_sad
joint,actor_23_statement_02,train,pair_0008_happy
joint,actor_23_statement_02,train,pair_0008_sad
joint,actor_23_statement_02,train,pair_0009_happy
joint,actor_23_statement_02,train,pair_0009_sad
joint,actor_23_statement_02,train,pair_0012_happy
joint,actor_23_statement_02,train,pair_0012_sad
joint,actor_23_statement_02,train,pair_0013_happy
joint,actor_23_statement_02,train,pair_0013_sad
joint,actor_23_statement_02,train,pair_0016_happy
joint,actor_23_statement_02,train,pair_0016_sad
joint,actor_23_statement_02,train,pair_0017_happy
joint,actor_23_statement_02,train,pair_0017_sad
joint,actor_23_statement_02,train,pair_0020_happy
joint,actor_23_statement_02,train,pair_0020_sad
joint,actor_23_statement_02,train,pair_0021_happy
joint,actor_23_statement_02,train,pair_0021_sad
joint,actor_23_statement_02,train,pair_0024_happy
joint,actor_23_statement_02,train,pair_0024_sad
joint,actor_23_statement_02,train,pair_0025_happy
joint,actor_23_statement_02,train,pair_0025_sad
joint,actor_23_statement_02,train,pair_0028_happy
joint,actor_23_statement_02,train,pair_0028_sad
joint,actor_23_statement_02,train,pair_0029_happy
joint,actor_23_statement_02,train,pair_0029_sad
joint,actor_23_statement_02,train,pair_0032_happy
joint,actor_23_statement_02,train,pair_0032_sad
joint,actor_23_statement_02,train,pair_0033_happy
joint,actor_23_statement_02,train,pair_0033_sad
joint,actor_23_statement_02,train,pair_0036_happy
joint,actor_23_statement_02,train,pair_0036_sad
joint,actor_23_statement_02,train,pair_0037_happy
joint,actor_23_statement_02,train,pair_0037_sad
joint,actor_23_statement_02,train,pair_0040_happy
joint,actor_23_statement_02,train,pair_0040_sad
joint,actor_23_statement_02,train,pair_0041_happy
joint,actor_23_statement_02,train,pair_0041_sad
joint,actor_23_statement_02,train,pair_0044_happy
joint,actor_23_statement_02,train,pair_0044_sad
joint,actor_23_statement_02,train,pair_0045_happy
joint,actor_23_statement_02,train,pair_0045_sad
joint,actor_23_statement_02,train,pair_0048_happy
joint,actor_23_statement_02,train,pair_0048_sad
joint,actor_23_statement_02,train,pair_0049_happy
joint,actor_23_statement_02,train,pair_0049_sad
joint,actor_23_statement_02,train,pair_0052_happy
joint,actor_23_statement_02,train,pair_0052_sad
joint,actor_23_statement_02,train,pair_0053_happy
joint,actor_23_statement_02,train,pair_0053_sad
joint,actor_23_statement_02,train,pair_0056_happy
joint,actor_23_statement_02,train,pair_0056_sad
joint,actor_23_statement_02,train,pair_0057_happy
joint,actor_23_statement_02,train,pair_0057_sad
joint,actor_23_statement_02,train,pair_0060_happy
joint,actor_23_statement_02,train,pair_0060_sad
joint,actor_23_statement_02,train,pair_0061_happy
joint,actor_23_statement_02,train,pair_0061_sad
joint,actor_23_statement_02,train,pair_0064_happy
joint,actor_23_statement_02,train,pair_0064_sad
joint,actor_23_statement_02,train,pair_0065_happy
joint,actor_23_statement_02,train,pair_0065_sad
joint,actor_23_statement_02,train,pair_0068_happy
joint,actor_23_statement_02,train,pair_0068_sad
joint,actor_23_statement_02,train,pair_0069_happy
joint,actor_23_statement_02,train,pair_0069_sad
joint,actor_23_statement_02,train,pair_0072_happy
joint,actor_23_statement_02,train,pair_0072_sad
joint,actor_23_statement_02,train,pair_0073_happy
joint,actor_23_statement_02,train,pair_0073_sad
joint,actor_23_statement_02,train,pair_0076_happy
joint,actor_23_statement_02,train,pair_0076_sad
joint,actor_23_statement_02,train,pair_0077_happy
joint,actor_23_statement_02,train,pair_0077_sad
joint,actor_23_statement_02,train,pair_0080_happy
joint,actor_23_statement_02,train,pair_0080_sad
joint,actor_23_statement_02,train,pair_0081_happy
joint,actor_23_statement_02,train,pair_0081_sad
joint,actor_23_statement_02,train,pair_0084_happy
joint,actor_23_statement_02,train,pair_0084_sad
joint,actor_23_statement_02,train,pair_0085_happy
joint,actor_23_statement_02,train,pair_0085_sad
joint,actor_23_statement_02,train,pair_0092_happy
joint,actor_23_statement_02,train,pair_0092_sad
joint,actor_23_statement_02,train,pair_0093_happy
joint,actor_23_statement_02,train,pair_0093_sad
joint,actor_23_statement_02,test,pair_0090_happy
joint,actor_23_statement_02,test,pair_0090_sad
joint,actor_23_statement_02,test,pair_0091_happy
joint,actor_23_statement_02,test,pair_0091_sad
joint,actor_24_statement_01,train,pair_0002_happy
joint,actor_24_statement_01,train,pair_0002_sad
joint,actor_24_statement_01,train,pair_0003_happy
joint,actor_24_statement_01,train,pair_0003_sad
joint,actor_24_statement_01,train,pair_0006_happy
joint,actor_24_statement_01,train,pair_0006_sad
joint,actor_24_statement_01,train,pair_0007_happy
joint,actor_24_statement_01,train,pair_0007_sad
joint,actor_24_statement_01,train,pair_0010_happy
joint,actor_24_statement_01,train,pair_0010_sad
joint,actor_24_statement_01,train,pair_0011_happy
joint,actor_24_statement_01,train,pair_0011_sad
joint,actor_24_statement_01,train,pair_0014_happy
joint,actor_24_statement_01,train,pair_0014_sad
joint,actor_24_statement_01,train,pair_0015_happy
joint,actor_24_statement_01,train,pair_0015_sad
joint,actor_24_statement_01,train,pair_0018_happy
joint,actor_24_statement_01,train,pair_0018_sad
joint,actor_24_statement_01,train,pair_0019_happy
joint,actor_24_statement_01,train,pair_0019_sad
joint,actor_24_statement_01,train,pair_0022_happy
joint,actor_24_statement_01,train,pair_0022_sad
joint,actor_24_statement_01,train,pair_0023_happy
joint,actor_24_statement_01,train,pair_0023_sad
joint,actor_24_statement_01,train,pair_0026_happy
joint,actor_24_statement_01,train,pair_0026_sad
joint,actor_24_statement_01,train,pair_0027_happy
joint,actor_24_statement_01,train,pair_0027_sad
joint,actor_24_statement_01,train,pair_0030_happy
joint,actor_24_statement_01,train,pair_0030_sad
joint,actor_24_statement_01,train,pair_0031_happy
joint,actor_24_statement_01,train,pair_0031_sad
joint,actor_24_statement_01,train,pair_0034_happy
joint,actor_24_statement_01,train,pair_0034_sad
joint,actor_24_statement_01,train,pair_0035_happy
joint,actor_24_statement_01,train,pair_0035_sad
joint,actor_24_statement_01,train,pair_0038_happy
joint,actor_24_statement_01,train,pair_0038_sad
joint,actor_24_statement_01,train,pair_0039_happy
joint,actor_24_statement_01,train,pair_0039_sad
joint,actor_24_statement_01,train,pair_0042_happy
joint,actor_24_statement_01,train,pair_0042_sad
joint,actor_24_statement_01,train,pair_0043_happy
joint,actor_24_statement_01,train,pair_0043_sad
joint,actor_24_statement_01,train,pair_0046_happy
joint,actor_24_statement_01,train,pair_0046_sad
joint,actor_24_statement_01,train,pair_0047_happy
joint,actor_24_statement_01,train,pair_0047_sad
joint,actor_24_statement_01,train,pair_0050_happy
joint,actor_24_statement_01,train,pair_0050_sad
joint,actor_24_statement_01,train,pair_0051_happy
joint,actor_24_statement_01,train,pair_0051_sad
joint,actor_24_statement_01,train,pair_0054_happy
joint,actor_24_statement_01,train,pair_0054_sad
joint,actor_24_statement_01,train,pair_0055_happy
joint,actor_24_statement_01,train,pair_0055_sad
joint,actor_24_statement_01,train,pair_0058_happy
joint,actor_24_statement_01,train,pair_0058_sad
joint,actor_24_statement_01,train,pair_0059_happy
joint,actor_24_statement_01,train,pair_0059_sad
joint,actor_24_statement_01,train,pair_0062_happy
joint,actor_24_statement_01,train,pair_0062_sad
joint,actor_24_statement_01,train,pair_0063_happy
joint,actor_24_statement_01,train,pair_0063_sad
joint,actor_24_statement_01,train,pair_0066_happy
joint,actor_24_statement_01,train,pair_0066_sad
joint,actor_24_statement_01,train,pair_0067_happy
joint,actor_24_statement_01,train,pair_0067_sad
joint,actor_24_statement_01,train,pair_0070_happy
joint,actor_24_statement_01,train,pair_0070_sad
joint,actor_24_statement_01,train,pair_0071_happy
joint,actor_24_statement_01,train,pair_0071_sad
joint,actor_24_statement_01,train,pair_0074_happy
joint,actor_24_statement_01,train,pair_0074_sad
joint,actor_24_statement_01,train,pair_0075_happy
joint,actor_24_statement_01,train,pair_0075_sad
joint,actor_24_statement_01,train,pair_0078_happy
joint,actor_24_statement_01,train,pair_0078_sad
joint,actor_24_statement_01,train,pair_0079_happy
joint,actor_24_statement_01,train,pair_0079_sad
joint,actor_24_statement_01,train,pair_0082_happy
joint,actor_24_statement_01,train,pair_0082_sad
joint,actor_24_statement_01,train,pair_0083_happy
joint,actor_24_statement_01,train,pair_0083_sad
joint,actor_24_statement_01,train,pair_0086_happy
joint,actor_24_statement_01,train,pair_0086_sad
joint,actor_24_statement_01,train,pair_0087_happy
joint,actor_24_statement_01,train,pair_0087_sad
joint,actor_24_statement_01,train,pair_0090_happy
joint,actor_24_statement_01,train,pair_0090_sad
joint,actor_24_statement_01,train,pair_0091_happy
joint,actor_24_statement_01,train,pair_0091_sad
joint,actor_24_statement_01,test,pair_0092_happy
joint,actor_24_statement_01,test,pair_0092_sad
joint,actor_24_statement_01,test,pair_0093_happy
joint,actor_24_statement_01,test,pair_0093_sad
joint,actor_24_statement_02,train,pair_0000_happy
joint,actor_24_statement_02,train,pair_0000_sad
joint,actor_24_statement_02,train,pair_0001_happy
joint,actor_24_statement_02,train,pair_0001_sad
joint,actor_24_statement_02,train,pair_0004_happy
joint,actor_24_statement_02,train,pair_0004_sad
joint,actor_24_statement_02,train,pair_0005_happy
joint,actor_24_statement_02,train,pair_0005_sad
joint,actor_24_statement_02,train,pair_0008_happy
joint,actor_24_statement_02,train,pair_0008_sad
joint,actor_24_statement_02,train,pair_0009_happy
joint,actor_24_statement_02,train,pair_0009_sad
joint,actor_24_statement_02,train,pair_0012_happy
joint,actor_24_statement_02,train,pair_0012_sad
joint,actor_24_statement_02,train,pair_0013_happy
joint,actor_24_statement_02,train,pair_0013_sad
joint,actor_24_statement_02,train,pair_0016_happy
joint,actor_24_statement_02,train,pair_0016_sad
joint,actor_24_statement_02,train,pair_0017_happy
joint,actor_24_statement_02,train,pair_0017_sad
joint,actor_24_statement_02,train,pair_0020_happy
joint,actor_24_statement_02,train,pair_0020_sad
joint,actor_24_statement_02,train,pair_0021_happy
joint,actor_24_statement_02,train,pair_0021_sad
joint,actor_24_statement_02,train,pair_0024_happy
joint,actor_24_statement_02,train,pair_0024_sad
joint,actor_24_statement_02,train,pair_0025_happy
joint,actor_24_statement_02,train,pair_0025_sad
joint,actor_24_statement_02,train,pair_0028_happy
joint,actor_24_statement_02,train,pair_0028_sad
joint,actor_24_statement_02,train,pair_0029_happy
joint,actor_24_statement_02,train,pair_0029_sad
joint,actor_24_statement_02,train,pair_0032_happy
joint,actor_24_statement_02,train,pair_0032_sad
joint,actor_24_statement_02,train,pair_0033_happy
joint,actor_24_statement_02,train,pair_0033_sad
joint,actor_24_statement_02,train,pair_0036_happy
joint,actor_24_statement_02,train,pair_0036_sad
joint,actor_24_statement_02,train,pair_0037_happy
joint,actor_24_statement_02,train,pair_0037_sad
joint,actor_24_statement_02,train,pair_0040_happy
joint,actor_24_statement_02,train,pair_0040_sad
joint,actor_24_statement_02,train,pair_0041_happy
joint,actor_24_statement_02,train,pair_0041_sad
joint,actor_24_statement_02,train,pair_0044_happy
joint,actor_24_statement_02,train,pair_0044_sad
joint,actor_24_statement_02,train,pair_0045_happy
joint,actor_24_statement_02,train,pair_0045_sad
joint,actor_24_statement_02,train,pair_0048_happy
joint,actor_24_statement_02,train,pair_0048_sad
joint,actor_24_statement_02,train,pair_0049_happy
joint,actor_24_statement_02,train,pair_0049_sad
joint,actor_24_statement_02,train,pair_0052_happy
joint,actor_24_statement_02,train,pair_0052_sad
joint,actor_24_statement_02,train,pair_0053_happy
joint,actor_24_statement_02,train,pair_0053_sad
joint,actor_24_statement_02,train,pair_0056_happy
joint,actor_24_statement_02,train,pair_0056_sad
joint,actor_24_statement_02,train,pair_0057_happy
joint,actor_24_statement_02,train,pair_0057_sad
joint,actor_24_statement_02,train,pair_0060_happy
joint,actor_24_statement_02,train,pair_0060_sad
joint,actor_24_statement_02,train,pair_0061_happy
joint,actor_24_statement_02,train,pair_0061_sad
joint,actor_24_statement_02,train,pair_0064_happy
joint,actor_24_statement_02,train,pair_0064_sad
joint,actor_24_statement_02,train,pair_0065_happy
joint,actor_24_statement_02,train,pair_0065_sad
joint,actor_24_statement_02,train,pair_0068_happy
joint,actor_24_statement_02,train,pair_0068_sad
joint,actor_24_statement_02,train,pair_0069_happy
joint,actor_24_statement_02,train,pair_0069_sad
joint,actor_24_statement_02,train,pair_0072_happy
joint,actor_24_statement_02,train,pair_0072_sad
joint,actor_24_statement_02,train,pair_0073_happy
joint,actor_24_statement_02,train,pair_0073_sad
joint,actor_24_statement_02,train,pair_0076_happy
joint,actor_24_statement_02,train,pair_0076_sad
joint,actor_24_statement_02,train,pair_0077_happy
joint,actor_24_statement_02,train,pair_0077_sad
joint,actor_24_statement_02,train,pair_0080_happy
joint,actor_24_statement_02,train,pair_0080_sad
joint,actor_24_statement_02,train,pair_0081_happy
joint,actor_24_statement_02,train,pair_0081_sad
joint,actor_24_statement_02,train,pair_0084_happy
joint,actor_24_statement_02,train,pair_0084_sad
joint,actor_24_statement_02,train,pair_0085_happy
joint,actor_24_statement_02,train,pair_0085_sad
joint,actor_24_statement_02,train,pair_0088_happy
joint,actor_24_statement_02,train,pair_0088_sad
joint,actor_24_statement_02,train,pair_0089_happy
joint,actor_24_statement_02,train,pair_0089_sad
joint,actor_24_statement_02,test,pair_0094_happy
joint,actor_24_statement_02,test,pair_0094_sad
joint,actor_24_statement_02,test,pair_0095_happy
joint,actor_24_statement_02,test,pair_0095_sad
