pair_id,actor,statement,repetition,intensity,happy_sample_id,sad_sample_id,condition_id,prompt,happy_verbalizer,sad_verbalizer,happy_token_ids,sad_token_ids,experiment_type,schedule_id,initial_patch_layer,restore_layer,clamp_end_layer,schedule_entries,patch_site,patch_kind,baseline_happy_happy_score,baseline_happy_sad_score,baseline_sad_happy_score,baseline_sad_sad_score,baseline_happy_margin,baseline_sad_margin,patched_happy_target_happy_score,patched_happy_target_sad_score,patched_sad_target_happy_score,patched_sad_target_sad_score,patched_happy_target_margin,patched_sad_target_margin,happy_effect_toward_sad,sad_effect_toward_happy,counterfactual_effect,happy_direction,sad_direction,error
pair_0000,01,01,01,01,pair_0000_happy,pair_0000_sad,upper_prompt__lower_spaced,Listen to the speech. Is the speaker HAPPY or SAD? Answer only HAPPY or SAD., happy, sad,[6247],[12421],audio_restore,audio_no_restore,17,,,"[{""layer"":17,""patch_kind"":""audio_tokens"",""source"":""donor""}]",post_decoder_block_output,audio_tokens,-18.784337997436523,-14.192665100097656,-18.59215545654297,-14.119668960571289,-4.591672897338867,-4.47248649597168,-18.75589942932129,-14.032888412475586,-18.633888244628906,-14.265663146972656,-4.723011016845703,-4.36822509765625,0.13133811950683594,0.10426139831542969,0.11779975891113281,True,True,
pair_0001,01,01,02,01,pair_0001_happy,pair_0001_sad,upper_prompt__lower_spaced,Listen to the speech. Is the speaker HAPPY or SAD? Answer only HAPPY or SAD., happy, sad,[6247],[12421],audio_restore,audio_no_restore,17,,,"[{""layer"":17,""patch_kind"":""audio_tokens"",""source"":""donor""}]",post_decoder_block_output,audio_tokens,-18.62534523010254,-13.82693862915039,-18.685665130615234,-13.871679306030273,-4.798406600952148,-4.813985824584961,-18.59850311279297,-13.741735458374023,-18.72837257385254,-13.954306602478027,-4.856767654418945,-4.774065971374512,0.058361053466796875,0.03991985321044922,0.04914045333862305,True,True,
pair_0002,01,02,01,01,pair_0002_happy,pair_0002_sad,upper_prompt__lower_spaced,Listen to the speech. Is the speaker HAPPY or SAD? Answer only HAPPY or SAD., happy, sad,[6247],[12421],audio_restore,audio_no_restore,17,,,"[{""layer"":17,""patch_kind"":""audio_tokens"",""source"":""donor""}]",post_decoder_block_output,audio_tokens,-18.101184844970703,-14.566595077514648,-18.250112533569336,-14.308186531066895,-3.5345897674560547,-3.9419260025024414,-18.20102310180664,-14.528854370117188,-18.15317726135254,-14.338617324829102,-3.672168731689453,-3.8145599365234375,0.13757896423339844,0.1273660659790039,0.13247251510620117,True,True,
pair_0003,01,02,02,01,pair_0003_happy,pair_0003_sad,upper_prompt__lower_spaced,Listen to the speech. Is the speaker HAPPY or SAD? Answer only HAPPY or SAD., happy, sad,[6247],[12421],audio_restore,audio_no_restore,17,,,"[{""layer"":17,""patch_kind"":""audio_tokens"",""source"":""donor""}]",post_decoder_block_output,audio_tokens,-18.006914138793945,-14.501709938049316,-18.291980743408203,-14.688089370727539,-3.505204200744629,-3.603891372680664,-18.150188446044922,-14.532867431640625,-18.14378547668457,-14.671212196350098,-3.617321014404297,-3.4725732803344727,0.11211681365966797,0.1313180923461914,0.12171745300292969,True,True,
pair_0004,02,01,01,01,pair_0004_happy,pair_0004_sad,upper_prompt__lower_spaced,Listen to the speech. Is the speaker HAPPY or SAD? Answer only HAPPY or SAD., happy, sad,[6247],[12421],audio_restore,audio_no_restore,17,,,"[{""layer"":17,""patch_kind"":""audio_tokens"",""source"":""donor""}]",post_decoder_block_output,audio_tokens,-18.301326751708984,-14.038238525390625,-18.725671768188477,-13.857430458068848,-4.263088226318359,-4.868241310119629,-18.298757553100586,-13.881199836730957,-18.72808837890625,-14.011162757873535,-4.417557716369629,-4.716925621032715,0.15446949005126953,0.15131568908691406,0.1528925895690918,True,True,
pair_0005,02,01,02,01,pair_0005_happy,pair_0005_sad,upper_prompt__lower_spaced,Listen to the speech. Is the speaker HAPPY or SAD? Answer only HAPPY or SAD., happy, sad,[6247],[12421],audio_restore,audio_no_restore,17,,,"[{""layer"":17,""patch_kind"":""audio_tokens"",""source"":""donor""}]",post_decoder_block_output,audio_tokens,-18.589427947998047,-14.114439964294434,-18.74413299560547,-14.046891212463379,-4.474987983703613,-4.69724178314209,-18.650379180908203,-13.959366798400879,-18.673057556152344,-14.196391105651855,-4.691012382507324,-4.476666450500488,0.21602439880371094,0.22057533264160156,0.21829986572265625,True,True,
pair_0006,02,02,01,01,pair_0006_happy,pair_0006_sad,upper_prompt__lower_spaced,Listen to the speech. Is the speaker HAPPY or SAD? Answer only HAPPY or SAD., happy, sad,[6247],[12421],audio_restore,audio_no_restore,17,,,"[{""layer"":17,""patch_kind"":""audio_tokens"",""source"":""donor""}]",post_decoder_block_output,audio_tokens,-17.821413040161133,-14.312002182006836,-17.82419204711914,-14.049148559570312,-3.509410858154297,-3.775043487548828,-17.761144638061523,-14.337868690490723,-17.879194259643555,-14.01635456085205,-3.423275947570801,-3.862839698791504,-0.0861349105834961,-0.08779621124267578,-0.08696556091308594,False,False,
pair_0007,02,02,02,01,pair_0007_happy,pair_0007_sad,upper_prompt__lower_spaced,Listen to the speech. Is the speaker HAPPY or SAD? Answer only HAPPY or SAD., happy, sad,[6247],[12421],audio_restore,audio_no_restore,17,,,"[{""layer"":17,""patch_kind"":""audio_tokens"",""source"":""donor""}]",post_decoder_block_output,audio_tokens,-17.819889068603516,-14.41187572479248,-17.866769790649414,-14.385616302490234,-3.408013343811035,-3.4811534881591797,-17.69584083557129,-14.47043514251709,-17.981157302856445,-14.322092056274414,-3.225405693054199,-3.6590652465820312,-0.18260765075683594,-0.17791175842285156,-0.18025970458984375,False,False,
pair_0008,03,01,01,01,pair_0008_happy,pair_0008_sad,upper_prompt__lower_spaced,Listen to the speech. Is the speaker HAPPY or SAD? Answer only HAPPY or SAD., happy, sad,[6247],[12421],audio_restore,audio_no_restore,17,,,"[{""layer"":17,""patch_kind"":""audio_tokens"",""source"":""donor""}]",post_decoder_block_output,audio_tokens,-18.818166732788086,-14.119091033935547,-18.65387725830078,-14.069162368774414,-4.699075698852539,-4.584714889526367,-18.758420944213867,-14.101263046264648,-18.702394485473633,-14.07611083984375,-4.657157897949219,-4.626283645629883,-0.04191780090332031,-0.041568756103515625,-0.04174327850341797,False,False,
pair_0009,03,01,02,01,pair_0009_happy,pair_0009_sad,upper_prompt__lower_spaced,Listen to the speech. Is the speaker HAPPY or SAD? Answer only HAPPY or SAD., happy, sad,[6247],[12421],audio_restore,audio_no_restore,17,,,"[{""layer"":17,""patch_kind"":""audio_tokens"",""source"":""donor""}]",post_decoder_block_output,audio_tokens,-18.729928970336914,-14.011101722717285,-18.5625,-14.185173034667969,-4.718827247619629,-4.377326965332031,-18.65721321105957,-13.964044570922852,-18.63226890563965,-14.231562614440918,-4.693168640136719,-4.4007062911987305,-0.025658607482910156,-0.02337932586669922,-0.024518966674804688,False,False,
pair_0010,03,02,01,01,pair_0010_happy,pair_0010_sad,upper_prompt__lower_spaced,Listen to the speech. Is the speaker HAPPY or SAD? Answer only HAPPY or SAD., happy, sad,[6247],[12421],audio_restore,audio_no_restore,17,,,"[{""layer"":17,""patch_kind"":""audio_tokens"",""source"":""donor""}]",post_decoder_block_output,audio_tokens,-18.31175994873047,-14.61680793762207,-17.840412139892578,-14.470471382141113,-3.6949520111083984,-3.369940757751465,-18.32447052001953,-14.626126289367676,-17.831993103027344,-14.463828086853027,-3.6983442306518555,-3.3681650161743164,0.0033922195434570312,0.0017757415771484375,0.0025839805603027344,True,True,
pair_0011,03,02,02,01,pair_0011_happy,pair_0011_sad,upper_prompt__lower_spaced,Listen to the speech. Is the speaker HAPPY or SAD? Answer only HAPPY or SAD., happy, sad,[6247],[12421],audio_restore,audio_no_restore,17,,,"[{""layer"":17,""patch_kind"":""audio_tokens"",""source"":""donor""}]",post_decoder_block_output,audio_tokens,-18.231765747070312,-14.706853866577148,-17.838123321533203,-14.506670951843262,-3.524911880493164,-3.3314523696899414,-18.128570556640625,-14.647894859313965,-17.94618034362793,-14.571980476379395,-3.48067569732666,-3.374199867248535,-0.044236183166503906,-0.04274749755859375,-0.04349184036254883,False,False,
pair_0012,04,01,01,01,pair_0012_happy,pair_0012_sad,upper_prompt__lower_spaced,Listen to the speech. Is the speaker HAPPY or SAD? Answer only HAPPY or SAD., happy, sad,[6247],[12421],audio_restore,audio_no_restore,17,,,"[{""layer"":17,""patch_kind"":""audio_tokens"",""source"":""donor""}]",post_decoder_block_output,audio_tokens,-18.358745574951172,-13.756012916564941,-18.717449188232422,-13.85068130493164,-4.6027326583862305,-4.866767883300781,-18.56679916381836,-13.615745544433594,-18.51878547668457,-14.002073287963867,-4.951053619384766,-4.516712188720703,0.34832096099853516,0.3500556945800781,0.34918832778930664,True,True,
pair_0013,04,01,02,01,pair_0013_happy,pair_0013_sad,upper_prompt__lower_spaced,Listen to the speech. Is the speaker HAPPY or SAD? Answer only HAPPY or SAD., happy, sad,[6247],[12421],audio_restore,audio_no_restore,17,,,"[{""layer"":17,""patch_kind"":""audio_tokens"",""source"":""donor""}]",post_decoder_block_output,audio_tokens,-18.70948600769043,-14.139888763427734,-18.57384490966797,-13.96951675415039,-4.569597244262695,-4.604328155517578,-18.66301155090332,-14.05417251586914,-18.62664031982422,-14.063725471496582,-4.60883903503418,-4.562914848327637,0.039241790771484375,0.041413307189941406,0.04032754898071289,True,True,
pair_0014,04,02,01,01,pair_0014_happy,pair_0014_sad,upper_prompt__lower_spaced,Listen to the speech. Is the speaker HAPPY or SAD? Answer only HAPPY or SAD., happy, sad,[6247],[12421],audio_restore,audio_no_restore,17,,,"[{""layer"":17,""patch_kind"":""audio_tokens"",""source"":""donor""}]",post_decoder_block_output,audio_tokens,-17.875215530395508,-14.271656036376953,-17.993194580078125,-14.42282485961914,-3.6035594940185547,-3.5703697204589844,-17.87201499938965,-14.255998611450195,-17.996429443359375,-14.428422927856445,-3.616016387939453,-3.5680065155029297,0.012456893920898438,0.0023632049560546875,0.0074100494384765625,True,True,
pair_0015,04,02,02,01,pair_0015_happy,pair_0015_sad,upper_prompt__lower_spaced,Listen to the speech. Is the speaker HAPPY or SAD? Answer only HAPPY or SAD., happy, sad,[6247],[12421],audio_restore,audio_no_restore,17,,,"[{""layer"":17,""patch_kind"":""audio_tokens"",""source"":""donor""}]",post_decoder_block_output,audio_tokens,-17.90298080444336,-14.51931095123291,-18.07615089416504,-14.267594337463379,-3.383669853210449,-3.80855655670166,-18.063457489013672,-14.575976371765137,-17.901626586914062,-14.207535743713379,-3.487481117248535,-3.6940908432006836,0.10381126403808594,0.11446571350097656,0.10913848876953125,True,True,
pair_0016,05,01,01,01,pair_0016_happy,pair_0016_sad,upper_prompt__lower_spaced,Listen to the speech. Is the speaker HAPPY or SAD? Answer only HAPPY or SAD., happy, sad,[6247],[12421],audio_restore,audio_no_restore,17,,,"[{""layer"":17,""patch_kind"":""audio_tokens"",""source"":""donor""}]",post_decoder_block_output,audio_tokens,-18.692672729492188,-14.135289192199707,-18.536806106567383,-14.340117454528809,-4.5573835372924805,-4.196688652038574,-18.751745223999023,-14.322535514831543,-18.443880081176758,-14.134444236755371,-4.4292097091674805,-4.309435844421387,-0.128173828125,-0.1127471923828125,-0.12046051025390625,False,False,
pair_0017,05,01,02,01,pair_0017_happy,pair_0017_sad,upper_prompt__lower_spaced,Listen to the speech. Is the speaker HAPPY or SAD? Answer only HAPPY or SAD., happy, sad,[6247],[12421],audio_restore,audio_no_restore,17,,,"[{""layer"":17,""patch_kind"":""audio_tokens"",""source"":""donor""}]",post_decoder_block_output,audio_tokens,-18.638935089111328,-14.255763053894043,-18.50379180908203,-13.944811820983887,-4.383172035217285,-4.5589799880981445,-18.638450622558594,-14.132399559020996,-18.510372161865234,-14.05754566192627,-4.506051063537598,-4.452826499938965,0.1228790283203125,0.10615348815917969,0.1145162582397461,True,True,
pair_0018,05,02,01,01,pair_0018_happy,pair_0018_sad,upper_prompt__lower_spaced,Listen to the speech. Is the speaker HAPPY or SAD? Answer only HAPPY or SAD., happy, sad,[6247],[12421],audio_restore,audio_no_restore,17,,,"[{""layer"":17,""patch_kind"":""audio_tokens"",""source"":""donor""}]",post_decoder_block_output,audio_tokens,-18.000730514526367,-14.714016914367676,-18.26675796508789,-14.785633087158203,-3.2867136001586914,-3.4811248779296875,-18.15530014038086,-14.92945384979248,-18.12106704711914,-14.583504676818848,-3.225846290588379,-3.537562370300293,-0.0608673095703125,-0.05643749237060547,-0.058652400970458984,False,False,
pair_0019,05,02,02,01,pair_0019_happy,pair_0019_sad,upper_prompt__lower_spaced,Listen to the speech. Is the speaker HAPPY or SAD? Answer only HAPPY or SAD., happy, sad,[6247],[12421],audio_restore,audio_no_restore,17,,,"[{""layer"":17,""patch_kind"":""audio_tokens"",""source"":""donor""}]",post_decoder_block_output,audio_tokens,-18.202608108520508,-14.727049827575684,-17.76186752319336,-14.475021362304688,-3.475558280944824,-3.286846160888672,-18.025226593017578,-14.582590103149414,-17.93720817565918,-14.608953475952148,-3.442636489868164,-3.3282546997070312,-0.032921791076660156,-0.041408538818359375,-0.037165164947509766,False,False,
pair_0020,06,01,01,01,pair_0020_happy,pair_0020_sad,upper_prompt__lower_spaced,Listen to the speech. Is the speaker HAPPY or SAD? Answer only HAPPY or SAD., happy, sad,[6247],[12421],audio_restore,audio_no_restore,17,,,"[{""layer"":17,""patch_kind"":""audio_tokens"",""source"":""donor""}]",post_decoder_block_output,audio_tokens,-18.270139694213867,-14.0554780960083,-18.622514724731445,-14.09838581085205,-4.214661598205566,-4.5241289138793945,-18.414548873901367,-14.02036190032959,-18.474882125854492,-14.130912780761719,-4.394186973571777,-4.343969345092773,0.17952537536621094,0.1801595687866211,0.17984247207641602,True,True,
pair_0021,06,01,02,01,pair_0021_happy,pair_0021_sad,upper_prompt__lower_spaced,Listen to the speech. Is the speaker HAPPY or SAD? Answer only HAPPY or SAD., happy, sad,[6247],[12421],audio_restore,audio_no_restore,17,,,"[{""layer"":17,""patch_kind"":""audio_tokens"",""source"":""donor""}]",post_decoder_block_output,audio_tokens,-18.518516540527344,-14.262524604797363,-18.693706512451172,-14.079412460327148,-4.2559919357299805,-4.614294052124023,-18.53440284729004,-14.145896911621094,-18.69407081604004,-14.198806762695312,-4.388505935668945,-4.495264053344727,0.13251399993896484,0.11902999877929688,0.12577199935913086,True,True,
pair_0022,06,02,01,01,pair_0022_happy,pair_0022_sad,upper_prompt__lower_spaced,Listen to the speech. Is the speaker HAPPY or SAD? Answer only HAPPY or SAD., happy, sad,[6247],[12421],audio_restore,audio_no_restore,17,,,"[{""layer"":17,""patch_kind"":""audio_tokens"",""source"":""donor""}]",post_decoder_block_output,audio_tokens,-18.048234939575195,-14.446083068847656,-18.00354766845703,-14.538506507873535,-3.602151870727539,-3.465041160583496,-18.217823028564453,-14.508763313293457,-17.821617126464844,-14.467519760131836,-3.709059715270996,-3.354097366333008,0.10690784454345703,0.11094379425048828,0.10892581939697266,True,True,
pair_0023,06,02,02,01,pair_0023_happy,pair_0023_sad,upper_prompt__lower_spaced,Listen to the speech. Is the speaker HAPPY or SAD? Answer only HAPPY or SAD., happy, sad,[6247],[12421],audio_restore,audio_no_restore,17,,,"[{""layer"":17,""patch_kind"":""audio_tokens"",""source"":""donor""}]",post_decoder_block_output,audio_tokens,-17.950851440429688,-14.493545532226562,-18.027484893798828,-14.372323989868164,-3.457305908203125,-3.655160903930664,-18.0632381439209,-14.530879020690918,-17.918235778808594,-14.337878227233887,-3.5323591232299805,-3.580357551574707,0.07505321502685547,0.07480335235595703,0.07492828369140625,True,True,
pair_0024,07,01,01,01,pair_0024_happy,pair_0024_sad,upper_prompt__lower_spaced,Listen to the speech. Is the speaker HAPPY or SAD? Answer only HAPPY or SAD., happy, sad,[6247],[12421],audio_restore,audio_no_restore,17,,,"[{""layer"":17,""patch_kind"":""audio_tokens"",""source"":""donor""}]",post_decoder_block_output,audio_tokens,-18.09006118774414,-13.70536994934082,-18.24040985107422,-14.0731840133667,-4.38469123840332,-4.1672258377075195,-18.102415084838867,-13.861517906188965,-18.21500015258789,-13.918299674987793,-4.240897178649902,-4.296700477600098,-0.14379405975341797,-0.12947463989257812,-0.13663434982299805,False,False,
pair_0025,07,01,02,01,pair_0025_happy,pair_0025_sad,upper_prompt__lower_spaced,Listen to the speech. Is the speaker HAPPY or SAD? Answer only HAPPY or SAD., happy, sad,[6247],[12421],audio_restore,audio_no_restore,17,,,"[{""layer"":17,""patch_kind"":""audio_tokens"",""source"":""donor""}]",post_decoder_block_output,audio_tokens,-18.489057540893555,-13.88498592376709,-18.49165916442871,-13.795110702514648,-4.604071617126465,-4.6965484619140625,-18.545949935913086,-13.92000961303711,-18.43077850341797,-13.765021324157715,-4.625940322875977,-4.665757179260254,0.02186870574951172,0.030791282653808594,0.026329994201660156,True,True,
pair_0026,07,02,01,01,pair_0026_happy,pair_0026_sad,upper_prompt__lower_spaced,Listen to the speech. Is the speaker HAPPY or SAD? Answer only HAPPY or SAD., happy, sad,[6247],[12421],audio_restore,audio_no_restore,17,,,"[{""layer"":17,""patch_kind"":""audio_tokens"",""source"":""donor""}]",post_decoder_block_output,audio_tokens,-18.1934757232666,-14.413429260253906,-18.108972549438477,-14.478107452392578,-3.7800464630126953,-3.6308650970458984,-18.07926368713379,-14.370295524597168,-18.219247817993164,-14.519583702087402,-3.708968162536621,-3.6996641159057617,-0.07107830047607422,-0.06879901885986328,-0.06993865966796875,False,False,
pair_0027,07,02,02,01,pair_0027_happy,pair_0027_sad,upper_prompt__lower_spaced,Listen to the speech. Is the speaker HAPPY or SAD? Answer only HAPPY or SAD., happy, sad,[6247],[12421],audio_restore,audio_no_restore,17,,,"[{""layer"":17,""patch_kind"":""audio_tokens"",""source"":""donor""}]",post_decoder_block_output,audio_tokens,-18.1934757232666,-14.413429260253906,-17.917301177978516,-14.347782135009766,-3.7800464630126953,-3.56951904296875,-18.162425994873047,-14.434249877929688,-17.93910789489746,-14.328973770141602,-3.7281761169433594,-3.6101341247558594,-0.05187034606933594,-0.040615081787109375,-0.046242713928222656,False,False,
pair_0028,08,01,01,01,pair_0028_happy,pair_0028_sad,upper_prompt__lower_spaced,Listen to the speech. Is the speaker HAPPY or SAD? Answer only HAPPY or SAD., happy, sad,[6247],[12421],audio_restore,audio_no_restore,17,,,"[{""layer"":17,""patch_kind"":""audio_tokens"",""source"":""donor""}]",post_decoder_block_output,audio_tokens,-17.895870208740234,-14.022705078125,-18.853595733642578,-13.817150115966797,-3.8731651306152344,-5.036445617675781,-18.13959312438965,-13.865462303161621,-18.634607315063477,-13.982498168945312,-4.274130821228027,-4.652109146118164,0.40096569061279297,0.3843364715576172,0.3926510810852051,True,True,
pair_0029,08,01,02,01,pair_0029_happy,pair_0029_sad,upper_prompt__lower_spaced,Listen to the speech. Is the speaker HAPPY or SAD? Answer only HAPPY or SAD., happy, sad,[6247],[12421],audio_restore,audio_no_restore,17,,,"[{""layer"":17,""patch_kind"":""audio_tokens"",""source"":""donor""}]",post_decoder_block_output,audio_tokens,-18.307472229003906,-13.782498359680176,-17.66484260559082,-13.374154090881348,-4.5249738693237305,-4.290688514709473,-18.34995460510254,-13.692431449890137,-17.681339263916016,-13.439674377441406,-4.657523155212402,-4.241664886474609,0.13254928588867188,0.04902362823486328,0.09078645706176758,True,True,
pair_0030,08,02,01,01,pair_0030_happy,pair_0030_sad,upper_prompt__lower_spaced,Listen to the speech. Is the speaker HAPPY or SAD? Answer only HAPPY or SAD., happy, sad,[6247],[12421],audio_restore,audio_no_restore,17,,,"[{""layer"":17,""patch_kind"":""audio_tokens"",""source"":""donor""}]",post_decoder_block_output,audio_tokens,-17.869657516479492,-13.974630355834961,-17.25248908996582,-14.594927787780762,-3.8950271606445312,-2.6575613021850586,-17.466644287109375,-14.255681991577148,-17.758182525634766,-14.300164222717285,-3.2109622955322266,-3.4580183029174805,-0.6840648651123047,-0.8004570007324219,-0.7422609329223633,False,False,
pair_0031,08,02,02,01,pair_0031_happy,pair_0031_sad,upper_prompt__lower_spaced,Listen to the speech. Is the speaker HAPPY or SAD? Answer only HAPPY or SAD., happy, sad,[6247],[12421],audio_restore,audio_no_restore,17,,,"[{""layer"":17,""patch_kind"":""audio_tokens"",""source"":""donor""}]",post_decoder_block_output,audio_tokens,-17.836416244506836,-14.024099349975586,-18.205785751342773,-14.933714866638184,-3.81231689453125,-3.27207088470459,-18.20206642150879,-14.541820526123047,-17.74272346496582,-14.185293197631836,-3.660245895385742,-3.5574302673339844,-0.1520709991455078,-0.28535938262939453,-0.21871519088745117,False,False,
pair_0032,09,01,01,01,pair_0032_happy,pair_0032_sad,upper_prompt__lower_spaced,Listen to the speech. Is the speaker HAPPY or SAD? Answer only HAPPY or SAD., happy, sad,[6247],[12421],audio_restore,audio_no_restore,17,,,"[{""layer"":17,""patch_kind"":""audio_tokens"",""source"":""donor""}]",post_decoder_block_output,audio_tokens,-18.71563148498535,-14.05175495147705,-18.32554054260254,-13.615287780761719,-4.663876533508301,-4.71025276184082,-18.611371994018555,-13.942024230957031,-18.40557861328125,-13.707232475280762,-4.669347763061523,-4.698346138000488,0.005471229553222656,0.011906623840332031,0.008688926696777344,True,True,
pair_0033,09,01,02,01,pair_0033_happy,pair_0033_sad,upper_prompt__lower_spaced,Listen to the speech. Is the speaker HAPPY or SAD? Answer only HAPPY or SAD., happy, sad,[6247],[12421],audio_restore,audio_no_restore,17,,,"[{""layer"":17,""patch_kind"":""audio_tokens"",""source"":""donor""}]",post_decoder_block_output,audio_tokens,-18.97260284423828,-13.914822578430176,-17.69182014465332,-13.4166841506958,-5.0577802658081055,-4.2751359939575195,-18.761117935180664,-13.691110610961914,-17.80790138244629,-13.633859634399414,-5.07000732421875,-4.174041748046875,0.012227058410644531,0.10109424591064453,0.05666065216064453,True,True,
pair_0034,09,02,01,01,pair_0034_happy,pair_0034_sad,upper_prompt__lower_spaced,Listen to the speech. Is the speaker HAPPY or SAD? Answer only HAPPY or SAD., happy, sad,[6247],[12421],audio_restore,audio_no_restore,17,,,"[{""layer"":17,""patch_kind"":""audio_tokens"",""source"":""donor""}]",post_decoder_block_output,audio_tokens,-18.46145248413086,-14.497332572937012,-18.005985260009766,-14.08935832977295,-3.9641199111938477,-3.9166269302368164,-18.229816436767578,-14.276479721069336,-18.20899772644043,-14.317529678344727,-3.953336715698242,-3.891468048095703,-0.010783195495605469,0.02515888214111328,0.007187843322753906,False,True,
pair_0035,09,02,02,01,pair_0035_happy,pair_0035_sad,upper_prompt__lower_spaced,Listen to the speech. Is the speaker HAPPY or SAD? Answer only HAPPY or SAD., happy, sad,[6247],[12421],audio_restore,audio_no_restore,17,,,"[{""layer"":17,""patch_kind"":""audio_tokens"",""source"":""donor""}]",post_decoder_block_output,audio_tokens,-18.263702392578125,-14.721343994140625,-18.236169815063477,-13.951910018920898,-3.5423583984375,-4.284259796142578,-18.27265167236328,-14.334593772888184,-18.21415138244629,-14.323103904724121,-3.9380578994750977,-3.891047477722168,0.39569950103759766,0.39321231842041016,0.3944559097290039,True,True,
pair_0036,10,01,01,01,pair_0036_happy,pair_0036_sad,upper_prompt__lower_spaced,Listen to the speech. Is the speaker HAPPY or SAD? Answer only HAPPY or SAD., happy, sad,[6247],[12421],audio_restore,audio_no_restore,17,,,"[{""layer"":17,""patch_kind"":""audio_tokens"",""source"":""donor""}]",post_decoder_block_output,audio_tokens,-18.43072509765625,-14.279913902282715,-18.52195167541504,-13.862289428710938,-4.150811195373535,-4.659662246704102,-18.29741859436035,-14.14836597442627,-18.65691566467285,-13.974299430847168,-4.149052619934082,-4.682616233825684,-0.001758575439453125,-0.02295398712158203,-0.012356281280517578,False,False,
pair_0037,10,01,02,01,pair_0037_happy,pair_0037_sad,upper_prompt__lower_spaced,Listen to the speech. Is the speaker HAPPY or SAD? Answer only HAPPY or SAD., happy, sad,[6247],[12421],audio_restore,audio_no_restore,17,,,"[{""layer"":17,""patch_kind"":""audio_tokens"",""source"":""donor""}]",post_decoder_block_output,audio_tokens,-18.536893844604492,-14.135092735290527,-18.385366439819336,-13.990771293640137,-4.401801109313965,-4.394595146179199,-18.639423370361328,-14.11817741394043,-18.298664093017578,-14.00822925567627,-4.521245956420898,-4.290434837341309,0.1194448471069336,0.10416030883789062,0.11180257797241211,True,True,
pair_0038,10,02,01,01,pair_0038_happy,pair_0038_sad,upper_prompt__lower_spaced,Listen to the speech. Is the speaker HAPPY or SAD? Answer only HAPPY or SAD., happy, sad,[6247],[12421],audio_restore,audio_no_restore,17,,,"[{""layer"":17,""patch_kind"":""audio_tokens"",""source"":""donor""}]",post_decoder_block_output,audio_tokens,-18.626100540161133,-14.971156120300293,-18.138322830200195,-15.568587303161621,-3.65494441986084,-2.569735527038574,-18.782922744750977,-15.195494651794434,-17.841018676757812,-15.177474975585938,-3.587428092956543,-2.663543701171875,-0.06751632690429688,-0.09380817413330078,-0.08066225051879883,False,False,
pair_0039,10,02,02,01,pair_0039_happy,pair_0039_sad,upper_prompt__lower_spaced,Listen to the speech. Is the speaker HAPPY or SAD? Answer only HAPPY or SAD., happy, sad,[6247],[12421],audio_restore,audio_no_restore,17,,,"[{""layer"":17,""patch_kind"":""audio_tokens"",""source"":""donor""}]",post_decoder_block_output,audio_tokens,-17.940845489501953,-14.391155242919922,-18.010360717773438,-14.663244247436523,-3.5496902465820312,-3.347116470336914,-17.87895393371582,-14.412604331970215,-18.036849975585938,-14.600971221923828,-3.4663496017456055,-3.4358787536621094,-0.08334064483642578,-0.08876228332519531,-0.08605146408081055,False,False,
pair_0040,11,01,01,01,pair_0040_happy,pair_0040_sad,upper_prompt__lower_spaced,Listen to the speech. Is the speaker HAPPY or SAD? Answer only HAPPY or SAD., happy, sad,[6247],[12421],audio_restore,audio_no_restore,17,,,"[{""layer"":17,""patch_kind"":""audio_tokens"",""source"":""donor""}]",post_decoder_block_output,audio_tokens,-18.623796463012695,-14.394556045532227,-18.4024658203125,-13.74590015411377,-4.229240417480469,-4.6565656661987305,-18.532331466674805,-14.0721435546875,-18.539159774780273,-14.106451034545898,-4.460187911987305,-4.432708740234375,0.23094749450683594,0.22385692596435547,0.2274022102355957,True,True,
pair_0041,11,01,02,01,pair_0041_happy,pair_0041_sad,upper_prompt__lower_spaced,Listen to the speech. Is the speaker HAPPY or SAD? Answer only HAPPY or SAD., happy, sad,[6247],[12421],audio_restore,audio_no_restore,17,,,"[{""layer"":17,""patch_kind"":""audio_tokens"",""source"":""donor""}]",post_decoder_block_output,audio_tokens,-18.812341690063477,-14.09249210357666,-18.785491943359375,-13.815770149230957,-4.719849586486816,-4.969721794128418,-18.62929344177246,-13.874248504638672,-18.967041015625,-14.02023983001709,-4.755044937133789,-4.94680118560791,0.035195350646972656,0.022920608520507812,0.029057979583740234,True,True,
pair_0042,11,02,01,01,pair_0042_happy,pair_0042_sad,upper_prompt__lower_spaced,Listen to the speech. Is the speaker HAPPY or SAD? Answer only HAPPY or SAD., happy, sad,[6247],[12421],audio_restore,audio_no_restore,17,,,"[{""layer"":17,""patch_kind"":""audio_tokens"",""source"":""donor""}]",post_decoder_block_output,audio_tokens,-18.23929214477539,-14.638985633850098,-17.918140411376953,-14.4312105178833,-3.600306510925293,-3.4869298934936523,-18.19727325439453,-14.498714447021484,-17.96476936340332,-14.568755149841309,-3.698558807373047,-3.3960142135620117,0.0982522964477539,0.09091567993164062,0.09458398818969727,True,True,
pair_0043,11,02,02,01,pair_0043_happy,pair_0043_sad,upper_prompt__lower_spaced,Listen to the speech. Is the speaker HAPPY or SAD? Answer only HAPPY or SAD., happy, sad,[6247],[12421],audio_restore,audio_no_restore,17,,,"[{""layer"":17,""patch_kind"":""audio_tokens"",""source"":""donor""}]",post_decoder_block_output,audio_tokens,-18.15532684326172,-14.518304824829102,-17.905120849609375,-14.42210578918457,-3.637022018432617,-3.4830150604248047,-18.17019271850586,-14.505487442016602,-17.89012908935547,-14.434830665588379,-3.664705276489258,-3.45529842376709,0.027683258056640625,0.027716636657714844,0.027699947357177734,True,True,
pair_0044,12,01,01,01,pair_0044_happy,pair_0044_sad,upper_prompt__lower_spaced,Listen to the speech. Is the speaker HAPPY or SAD? Answer only HAPPY or SAD., happy, sad,[6247],[12421],audio_restore,audio_no_restore,17,,,"[{""layer"":17,""patch_kind"":""audio_tokens"",""source"":""donor""}]",post_decoder_block_output,audio_tokens,-18.62382698059082,-13.893119812011719,-18.424034118652344,-13.92949390411377,-4.730707168579102,-4.494540214538574,-18.643680572509766,-13.806185722351074,-18.40130615234375,-14.020220756530762,-4.837494850158691,-4.381085395812988,0.10678768157958984,0.11345481872558594,0.11012125015258789,True,True,
pair_0045,12,01,02,01,pair_0045_happy,pair_0045_sad,upper_prompt__lower_spaced,Listen to the speech. Is the speaker HAPPY or SAD? Answer only HAPPY or SAD., happy, sad,[6247],[12421],audio_restore,audio_no_restore,17,,,"[{""layer"":17,""patch_kind"":""audio_tokens"",""source"":""donor""}]",post_decoder_block_output,audio_tokens,-18.557336807250977,-14.15941333770752,-18.611474990844727,-14.103328704833984,-4.397923469543457,-4.508146286010742,-18.65456199645996,-14.197492599487305,-18.50545883178711,-14.061819076538086,-4.457069396972656,-4.443639755249023,0.05914592742919922,0.06450653076171875,0.061826229095458984,True,True,
pair_0046,12,02,01,01,pair_0046_happy,pair_0046_sad,upper_prompt__lower_spaced,Listen to the speech. Is the speaker HAPPY or SAD? Answer only HAPPY or SAD., happy, sad,[6247],[12421],audio_restore,audio_no_restore,17,,,"[{""layer"":17,""patch_kind"":""audio_tokens"",""source"":""donor""}]",post_decoder_block_output,audio_tokens,-18.1330623626709,-14.706695556640625,-18.050931930541992,-14.204154014587402,-3.4263668060302734,-3.84677791595459,-18.12424659729004,-14.66356086730957,-18.053979873657227,-14.236270904541016,-3.4606857299804688,-3.817708969116211,0.03431892395019531,0.029068946838378906,0.03169393539428711,True,True,
pair_0047,12,02,02,01,pair_0047_happy,pair_0047_sad,upper_prompt__lower_spaced,Listen to the speech. Is the speaker HAPPY or SAD? Answer only HAPPY or SAD., happy, sad,[6247],[12421],audio_restore,audio_no_restore,17,,,"[{""layer"":17,""patch_kind"":""audio_tokens"",""source"":""donor""}]",post_decoder_block_output,audio_tokens,-18.207361221313477,-14.713201522827148,-18.167673110961914,-14.448575019836426,-3.494159698486328,-3.7190980911254883,-17.974464416503906,-14.655799865722656,-18.408771514892578,-14.51186466217041,-3.31866455078125,-3.896906852722168,-0.17549514770507812,-0.1778087615966797,-0.1766519546508789,False,False,
pair_0048,13,01,01,01,pair_0048_happy,pair_0048_sad,upper_prompt__lower_spaced,Listen to the speech. Is the speaker HAPPY or SAD? Answer only HAPPY or SAD., happy, sad,[6247],[12421],audio_restore,audio_no_restore,17,,,"[{""layer"":17,""patch_kind"":""audio_tokens"",""source"":""donor""}]",post_decoder_block_output,audio_tokens,-18.664913177490234,-14.320459365844727,-18.376577377319336,-13.990562438964844,-4.344453811645508,-4.386014938354492,-18.46137809753418,-14.153155326843262,-18.554317474365234,-14.131022453308105,-4.308222770690918,-4.423295021057129,-0.036231040954589844,-0.03728008270263672,-0.03675556182861328,False,False,
pair_0049,13,01,02,01,pair_0049_happy,pair_0049_sad,upper_prompt__lower_spaced,Listen to the speech. Is the speaker HAPPY or SAD? Answer only HAPPY or SAD., happy, sad,[6247],[12421],audio_restore,audio_no_restore,17,,,"[{""layer"":17,""patch_kind"":""audio_tokens"",""source"":""donor""}]",post_decoder_block_output,audio_tokens,-18.525012969970703,-14.230103492736816,-18.583324432373047,-14.079850196838379,-4.294909477233887,-4.503474235534668,-18.76070785522461,-14.352710723876953,-18.37306785583496,-13.969392776489258,-4.407997131347656,-4.403675079345703,0.11308765411376953,0.09979915618896484,0.10644340515136719,True,True,
pair_0050,13,02,01,01,pair_0050_happy,pair_0050_sad,upper_prompt__lower_spaced,Listen to the speech. Is the speaker HAPPY or SAD? Answer only HAPPY or SAD., happy, sad,[6247],[12421],audio_restore,audio_no_restore,17,,,"[{""layer"":17,""patch_kind"":""audio_tokens"",""source"":""donor""}]",post_decoder_block_output,audio_tokens,-18.306961059570312,-15.119586944580078,-17.864843368530273,-14.535221099853516,-3.1873741149902344,-3.329622268676758,-18.16991424560547,-15.004658699035645,-18.00926399230957,-14.66075325012207,-3.165255546569824,-3.3485107421875,-0.022118568420410156,-0.018888473510742188,-0.020503520965576172,False,False,
pair_0051,13,02,02,01,pair_0051_happy,pair_0051_sad,upper_prompt__lower_spaced,Listen to the speech. Is the speaker HAPPY or SAD? Answer only HAPPY or SAD., happy, sad,[6247],[12421],audio_restore,audio_no_restore,17,,,"[{""layer"":17,""patch_kind"":""audio_tokens"",""source"":""donor""}]",post_decoder_block_output,audio_tokens,-18.100208282470703,-14.651471138000488,-17.757957458496094,-14.480119705200195,-3.448737144470215,-3.2778377532958984,-18.061511993408203,-14.612507820129395,-17.799976348876953,-14.51753044128418,-3.4490041732788086,-3.2824459075927734,0.00026702880859375,-0.004608154296875,-0.002170562744140625,True,False,
pair_0052,14,01,01,01,pair_0052_happy,pair_0052_sad,upper_prompt__lower_spaced,Listen to the speech. Is the speaker HAPPY or SAD? Answer only HAPPY or SAD., happy, sad,[6247],[12421],audio_restore,audio_no_restore,17,,,"[{""layer"":17,""patch_kind"":""audio_tokens"",""source"":""donor""}]",post_decoder_block_output,audio_tokens,-18.30115509033203,-14.129631996154785,-18.541845321655273,-13.755435943603516,-4.171523094177246,-4.786409378051758,-18.12256622314453,-13.961313247680664,-18.735980987548828,-13.91856861114502,-4.161252975463867,-4.817412376403809,-0.010270118713378906,-0.03100299835205078,-0.020636558532714844,False,False,
pair_0053,14,01,02,01,pair_0053_happy,pair_0053_sad,upper_prompt__lower_spaced,Listen to the speech. Is the speaker HAPPY or SAD? Answer only HAPPY or SAD., happy, sad,[6247],[12421],audio_restore,audio_no_restore,17,,,"[{""layer"":17,""patch_kind"":""audio_tokens"",""source"":""donor""}]",post_decoder_block_output,audio_tokens,-18.31179428100586,-14.19974422454834,-18.716501235961914,-14.0404052734375,-4.1120500564575195,-4.676095962524414,-18.427961349487305,-14.220475196838379,-18.578371047973633,-14.008648872375488,-4.207486152648926,-4.5697221755981445,0.09543609619140625,0.10637378692626953,0.10090494155883789,True,True,
pair_0054,14,02,01,01,pair_0054_happy,pair_0054_sad,upper_prompt__lower_spaced,Listen to the speech. Is the speaker HAPPY or SAD? Answer only HAPPY or SAD., happy, sad,[6247],[12421],audio_restore,audio_no_restore,17,,,"[{""layer"":17,""patch_kind"":""audio_tokens"",""source"":""donor""}]",post_decoder_block_output,audio_tokens,-18.179431915283203,-14.604537963867188,-18.362808227539062,-14.593923568725586,-3.5748939514160156,-3.7688846588134766,-18.15403938293457,-14.542336463928223,-18.41128921508789,-14.661869049072266,-3.6117029190063477,-3.749420166015625,0.03680896759033203,0.019464492797851562,0.028136730194091797,True,True,
pair_0055,14,02,02,01,pair_0055_happy,pair_0055_sad,upper_prompt__lower_spaced,Listen to the speech. Is the speaker HAPPY or SAD? Answer only HAPPY or SAD., happy, sad,[6247],[12421],audio_restore,audio_no_restore,17,,,"[{""layer"":17,""patch_kind"":""audio_tokens"",""source"":""donor""}]",post_decoder_block_output,audio_tokens,-18.11598014831543,-14.773356437683105,-18.366622924804688,-14.505785942077637,-3.342623710632324,-3.860836982727051,-18.29342269897461,-14.765318870544434,-18.191911697387695,-14.517350196838379,-3.528103828430176,-3.6745615005493164,0.18548011779785156,0.18627548217773438,0.18587779998779297,True,True,
pair_0056,15,01,01,01,pair_0056_happy,pair_0056_sad,upper_prompt__lower_spaced,Listen to the speech. Is the speaker HAPPY or SAD? Answer only HAPPY or SAD., happy, sad,[6247],[12421],audio_restore,audio_no_restore,17,,,"[{""layer"":17,""patch_kind"":""audio_tokens"",""source"":""donor""}]",post_decoder_block_output,audio_tokens,-18.614431381225586,-14.383585929870605,-18.931833267211914,-14.995478630065918,-4.2308454513549805,-3.936354637145996,-19.005390167236328,-14.974174499511719,-18.554441452026367,-14.43301010131836,-4.031215667724609,-4.121431350708008,-0.1996297836303711,-0.18507671356201172,-0.1923532485961914,False,False,
pair_0057,15,01,02,01,pair_0057_happy,pair_0057_sad,upper_prompt__lower_spaced,Listen to the speech. Is the speaker HAPPY or SAD? Answer only HAPPY or SAD., happy, sad,[6247],[12421],audio_restore,audio_no_restore,17,,,"[{""layer"":17,""patch_kind"":""audio_tokens"",""source"":""donor""}]",post_decoder_block_output,audio_tokens,-18.798620223999023,-14.357476234436035,-18.458749771118164,-14.200200080871582,-4.441143989562988,-4.258549690246582,-18.796445846557617,-14.337516784667969,-18.469463348388672,-14.224244117736816,-4.458929061889648,-4.2452192306518555,0.017785072326660156,0.013330459594726562,0.01555776596069336,True,True,
pair_0058,15,02,01,01,pair_0058_happy,pair_0058_sad,upper_prompt__lower_spaced,Listen to the speech. Is the speaker HAPPY or SAD? Answer only HAPPY or SAD., happy, sad,[6247],[12421],audio_restore,audio_no_restore,17,,,"[{""layer"":17,""patch_kind"":""audio_tokens"",""source"":""donor""}]",post_decoder_block_output,audio_tokens,-18.081218719482422,-14.281206130981445,-18.09486961364746,-14.704352378845215,-3.8000125885009766,-3.390517234802246,-18.204383850097656,-14.406435012817383,-17.96555519104004,-14.575298309326172,-3.7979488372802734,-3.390256881713867,-0.002063751220703125,0.00026035308837890625,-0.0009016990661621094,False,True,
pair_0059,15,02,02,01,pair_0059_happy,pair_0059_sad,upper_prompt__lower_spaced,Listen to the speech. Is the speaker HAPPY or SAD? Answer only HAPPY or SAD., happy, sad,[6247],[12421],audio_restore,audio_no_restore,17,,,"[{""layer"":17,""patch_kind"":""audio_tokens"",""source"":""donor""}]",post_decoder_block_output,audio_tokens,-18.11525535583496,-14.52250862121582,-18.730762481689453,-14.458134651184082,-3.5927467346191406,-4.272627830505371,-18.415666580200195,-14.674043655395508,-18.360889434814453,-14.232537269592285,-3.7416229248046875,-4.128352165222168,0.14887619018554688,0.14427566528320312,0.146575927734375,True,True,
pair_0060,16,01,01,01,pair_0060_happy,pair_0060_sad,upper_prompt__lower_spaced,Listen to the speech. Is the speaker HAPPY or SAD? Answer only HAPPY or SAD., happy, sad,[6247],[12421],audio_restore,audio_no_restore,17,,,"[{""layer"":17,""patch_kind"":""audio_tokens"",""source"":""donor""}]",post_decoder_block_output,audio_tokens,-18.571680068969727,-13.818909645080566,-18.521808624267578,-13.838467597961426,-4.75277042388916,-4.683341026306152,-18.637182235717773,-13.79104232788086,-18.456592559814453,-13.85968017578125,-4.846139907836914,-4.596912384033203,0.0933694839477539,0.08642864227294922,0.08989906311035156,True,True,
pair_0061,16,01,02,01,pair_0061_happy,pair_0061_sad,upper_prompt__lower_spaced,Listen to the speech. Is the speaker HAPPY or SAD? Answer only HAPPY or SAD., happy, sad,[6247],[12421],audio_restore,audio_no_restore,17,,,"[{""layer"":17,""patch_kind"":""audio_tokens"",""source"":""donor""}]",post_decoder_block_output,audio_tokens,-18.674955368041992,-14.01839542388916,-18.26150131225586,-14.158429145812988,-4.656559944152832,-4.103072166442871,-18.90310287475586,-14.123910903930664,-18.04599952697754,-14.072614669799805,-4.779191970825195,-3.9733848571777344,0.12263202667236328,0.12968730926513672,0.12615966796875,True,True,
pair_0062,16,02,01,01,pair_0062_happy,pair_0062_sad,upper_prompt__lower_spaced,Listen to the speech. Is the speaker HAPPY or SAD? Answer only HAPPY or SAD., happy, sad,[6247],[12421],audio_restore,audio_no_restore,17,,,"[{""layer"":17,""patch_kind"":""audio_tokens"",""source"":""donor""}]",post_decoder_block_output,audio_tokens,-18.027568817138672,-14.464719772338867,-17.90529441833496,-14.368427276611328,-3.5628490447998047,-3.536867141723633,-18.056108474731445,-14.514897346496582,-17.875303268432617,-14.30967903137207,-3.5412111282348633,-3.565624237060547,-0.021637916564941406,-0.028757095336914062,-0.025197505950927734,False,False,
pair_0063,16,02,02,01,pair_0063_happy,pair_0063_sad,upper_prompt__lower_spaced,Listen to the speech. Is the speaker HAPPY or SAD? Answer only HAPPY or SAD., happy, sad,[6247],[12421],audio_restore,audio_no_restore,17,,,"[{""layer"":17,""patch_kind"":""audio_tokens"",""source"":""donor""}]",post_decoder_block_output,audio_tokens,-17.94687271118164,-14.69902515411377,-18.040203094482422,-14.327467918395996,-3.247847557067871,-3.712735176086426,-17.963747024536133,-14.575796127319336,-18.01246452331543,-14.434703826904297,-3.387950897216797,-3.577760696411133,0.14010334014892578,0.13497447967529297,0.13753890991210938,True,True,
pair_0064,17,01,01,01,pair_0064_happy,pair_0064_sad,upper_prompt__lower_spaced,Listen to the speech. Is the speaker HAPPY or SAD? Answer only HAPPY or SAD., happy, sad,[6247],[12421],audio_restore,audio_no_restore,17,,,"[{""layer"":17,""patch_kind"":""audio_tokens"",""source"":""donor""}]",post_decoder_block_output,audio_tokens,-18.533706665039062,-14.080385208129883,-18.318815231323242,-13.884380340576172,-4.45332145690918,-4.43443489074707,-18.353618621826172,-13.994380950927734,-18.497451782226562,-13.965168952941895,-4.3592376708984375,-4.532282829284668,-0.09408378601074219,-0.09784793853759766,-0.09596586227416992,False,False,
pair_0065,17,01,02,01,pair_0065_happy,pair_0065_sad,upper_prompt__lower_spaced,Listen to the speech. Is the speaker HAPPY or SAD? Answer only HAPPY or SAD., happy, sad,[6247],[12421],audio_restore,audio_no_restore,17,,,"[{""layer"":17,""patch_kind"":""audio_tokens"",""source"":""donor""}]",post_decoder_block_output,audio_tokens,-18.401418685913086,-14.052645683288574,-18.25725746154785,-13.967479705810547,-4.348773002624512,-4.289777755737305,-18.39739990234375,-14.011717796325684,-18.276363372802734,-14.000027656555176,-4.385682106018066,-4.276335716247559,0.03690910339355469,0.013442039489746094,0.02517557144165039,True,True,
pair_0066,17,02,01,01,pair_0066_happy,pair_0066_sad,upper_prompt__lower_spaced,Listen to the speech. Is the speaker HAPPY or SAD? Answer only HAPPY or SAD., happy, sad,[6247],[12421],audio_restore,audio_no_restore,17,,,"[{""layer"":17,""patch_kind"":""audio_tokens"",""source"":""donor""}]",post_decoder_block_output,audio_tokens,-18.203441619873047,-14.283772468566895,-18.37724494934082,-14.227227210998535,-3.9196691513061523,-4.150017738342285,-18.272287368774414,-14.309125900268555,-18.316482543945312,-14.206036567687988,-3.9631614685058594,-4.110445976257324,0.04349231719970703,0.03957176208496094,0.041532039642333984,True,True,
pair_0067,17,02,02,01,pair_0067_happy,pair_0067_sad,upper_prompt__lower_spaced,Listen to the speech. Is the speaker HAPPY or SAD? Answer only HAPPY or SAD., happy, sad,[6247],[12421],audio_restore,audio_no_restore,17,,,"[{""layer"":17,""patch_kind"":""audio_tokens"",""source"":""donor""}]",post_decoder_block_output,audio_tokens,-18.189525604248047,-14.367218017578125,-18.002729415893555,-14.506258010864258,-3.822307586669922,-3.496471405029297,-18.05308723449707,-14.296470642089844,-18.156841278076172,-14.602943420410156,-3.7566165924072266,-3.5538978576660156,-0.06569099426269531,-0.05742645263671875,-0.06155872344970703,False,False,
pair_0068,18,01,01,01,pair_0068_happy,pair_0068_sad,upper_prompt__lower_spaced,Listen to the speech. Is the speaker HAPPY or SAD? Answer only HAPPY or SAD., happy, sad,[6247],[12421],audio_restore,audio_no_restore,17,,,"[{""layer"":17,""patch_kind"":""audio_tokens"",""source"":""donor""}]",post_decoder_block_output,audio_tokens,-18.210012435913086,-14.200634002685547,-18.49770736694336,-14.28528118133545,-4.009378433227539,-4.21242618560791,-18.147912979125977,-14.406285285949707,-18.58623504638672,-14.10006046295166,-3.7416276931762695,-4.486174583435059,-0.26775074005126953,-0.27374839782714844,-0.270749568939209,False,False,
pair_0069,18,01,02,01,pair_0069_happy,pair_0069_sad,upper_prompt__lower_spaced,Listen to the speech. Is the speaker HAPPY or SAD? Answer only HAPPY or SAD., happy, sad,[6247],[12421],audio_restore,audio_no_restore,17,,,"[{""layer"":17,""patch_kind"":""audio_tokens"",""source"":""donor""}]",post_decoder_block_output,audio_tokens,-18.684219360351562,-14.944689750671387,-18.647714614868164,-14.22707748413086,-3.739529609680176,-4.420637130737305,-18.15234375,-14.536189079284668,-19.240158081054688,-14.708477020263672,-3.616154670715332,-4.531681060791016,-0.12337493896484375,-0.11104393005371094,-0.11720943450927734,False,False,
pair_0070,18,02,01,01,pair_0070_happy,pair_0070_sad,upper_prompt__lower_spaced,Listen to the speech. Is the speaker HAPPY or SAD? Answer only HAPPY or SAD., happy, sad,[6247],[12421],audio_restore,audio_no_restore,17,,,"[{""layer"":17,""patch_kind"":""audio_tokens"",""source"":""donor""}]",post_decoder_block_output,audio_tokens,-18.257858276367188,-14.408829689025879,-18.45116424560547,-14.356088638305664,-3.8490285873413086,-4.095075607299805,-18.24444580078125,-14.46175479888916,-18.44571876525879,-14.31186294555664,-3.78269100189209,-4.133855819702148,-0.06633758544921875,-0.03878021240234375,-0.05255889892578125,False,False,
pair_0071,18,02,02,01,pair_0071_happy,pair_0071_sad,upper_prompt__lower_spaced,Listen to the speech. Is the speaker HAPPY or SAD? Answer only HAPPY or SAD., happy, sad,[6247],[12421],audio_restore,audio_no_restore,17,,,"[{""layer"":17,""patch_kind"":""audio_tokens"",""source"":""donor""}]",post_decoder_block_output,audio_tokens,-18.145662307739258,-13.863798141479492,-18.30503273010254,-14.476175308227539,-4.281864166259766,-3.828857421875,-18.58311653137207,-13.838277816772461,-18.220739364624023,-14.633658409118652,-4.744838714599609,-3.587080955505371,0.46297454833984375,0.2417764663696289,0.35237550735473633,True,True,
pair_0072,19,01,01,01,pair_0072_happy,pair_0072_sad,upper_prompt__lower_spaced,Listen to the speech. Is the speaker HAPPY or SAD? Answer only HAPPY or SAD., happy, sad,[6247],[12421],audio_restore,audio_no_restore,17,,,"[{""layer"":17,""patch_kind"":""audio_tokens"",""source"":""donor""}]",post_decoder_block_output,audio_tokens,-18.514738082885742,-14.067811965942383,-18.540695190429688,-13.83083438873291,-4.446926116943359,-4.709860801696777,-18.620216369628906,-13.983414649963379,-18.44173812866211,-13.903815269470215,-4.636801719665527,-4.5379228591918945,0.18987560272216797,0.1719379425048828,0.1809067726135254,True,True,
pair_0073,19,01,02,01,pair_0073_happy,pair_0073_sad,upper_prompt__lower_spaced,Listen to the speech. Is the speaker HAPPY or SAD? Answer only HAPPY or SAD., happy, sad,[6247],[12421],audio_restore,audio_no_restore,17,,,"[{""layer"":17,""patch_kind"":""audio_tokens"",""source"":""donor""}]",post_decoder_block_output,audio_tokens,-18.675731658935547,-13.967928886413574,-18.710811614990234,-14.28913688659668,-4.707802772521973,-4.421674728393555,-19.019664764404297,-14.004912376403809,-18.39129066467285,-14.268518447875977,-5.014752388000488,-4.122772216796875,0.3069496154785156,0.2989025115966797,0.30292606353759766,True,True,
pair_0074,19,02,01,01,pair_0074_happy,pair_0074_sad,upper_prompt__lower_spaced,Listen to the speech. Is the speaker HAPPY or SAD? Answer only HAPPY or SAD., happy, sad,[6247],[12421],audio_restore,audio_no_restore,17,,,"[{""layer"":17,""patch_kind"":""audio_tokens"",""source"":""donor""}]",post_decoder_block_output,audio_tokens,-18.20193099975586,-14.081350326538086,-18.033628463745117,-12.836380004882812,-4.120580673217773,-5.197248458862305,-18.523422241210938,-13.882256507873535,-17.669340133666992,-13.006158828735352,-4.641165733337402,-4.663181304931641,0.5205850601196289,0.5340671539306641,0.5273261070251465,True,True,
pair_0075,19,02,02,01,pair_0075_happy,pair_0075_sad,upper_prompt__lower_spaced,Listen to the speech. Is the speaker HAPPY or SAD? Answer only HAPPY or SAD., happy, sad,[6247],[12421],audio_restore,audio_no_restore,17,,,"[{""layer"":17,""patch_kind"":""audio_tokens"",""source"":""donor""}]",post_decoder_block_output,audio_tokens,-17.312185287475586,-14.008975982666016,-17.768232345581055,-14.52195930480957,-3.3032093048095703,-3.2462730407714844,-17.575180053710938,-13.920427322387695,-17.470151901245117,-14.591623306274414,-3.654752731323242,-2.878528594970703,0.3515434265136719,0.36774444580078125,0.35964393615722656,True,True,
pair_0076,20,01,01,01,pair_0076_happy,pair_0076_sad,upper_prompt__lower_spaced,Listen to the speech. Is the speaker HAPPY or SAD? Answer only HAPPY or SAD., happy, sad,[6247],[12421],audio_restore,audio_no_restore,17,,,"[{""layer"":17,""patch_kind"":""audio_tokens"",""source"":""donor""}]",post_decoder_block_output,audio_tokens,-18.47559928894043,-13.930008888244629,-18.531600952148438,-13.823415756225586,-4.545590400695801,-4.708185195922852,-18.673913955688477,-14.018206596374512,-18.373136520385742,-13.769157409667969,-4.655707359313965,-4.603979110717773,0.11011695861816406,0.10420608520507812,0.1071615219116211,True,True,
pair_0077,20,01,02,01,pair_0077_happy,pair_0077_sad,upper_prompt__lower_spaced,Listen to the speech. Is the speaker HAPPY or SAD? Answer only HAPPY or SAD., happy, sad,[6247],[12421],audio_restore,audio_no_restore,17,,,"[{""layer"":17,""patch_kind"":""audio_tokens"",""source"":""donor""}]",post_decoder_block_output,audio_tokens,-18.271272659301758,-14.129005432128906,-18.48236846923828,-14.481040000915527,-4.142267227172852,-4.001328468322754,-18.647720336914062,-14.511467933654785,-18.10433578491211,-14.073829650878906,-4.136252403259277,-4.030506134033203,-0.006014823913574219,-0.02917766571044922,-0.01759624481201172,False,False,
pair_0078,20,02,01,01,pair_0078_happy,pair_0078_sad,upper_prompt__lower_spaced,Listen to the speech. Is the speaker HAPPY or SAD? Answer only HAPPY or SAD., happy, sad,[6247],[12421],audio_restore,audio_no_restore,17,,,"[{""layer"":17,""patch_kind"":""audio_tokens"",""source"":""donor""}]",post_decoder_block_output,audio_tokens,-18.257326126098633,-14.755581855773926,-18.208616256713867,-14.755860328674316,-3.501744270324707,-3.452755928039551,-18.282085418701172,-15.103506088256836,-18.131752014160156,-14.129108428955078,-3.178579330444336,-4.002643585205078,-0.3231649398803711,-0.5498876571655273,-0.4365262985229492,False,False,
pair_0079,20,02,02,01,pair_0079_happy,pair_0079_sad,upper_prompt__lower_spaced,Listen to the speech. Is the speaker HAPPY or SAD? Answer only HAPPY or SAD., happy, sad,[6247],[12421],audio_restore,audio_no_restore,17,,,"[{""layer"":17,""patch_kind"":""audio_tokens"",""source"":""donor""}]",post_decoder_block_output,audio_tokens,-18.42920684814453,-14.564261436462402,-17.751972198486328,-14.094348907470703,-3.864945411682129,-3.657623291015625,-18.214887619018555,-14.451979637145996,-17.938331604003906,-14.195968627929688,-3.7629079818725586,-3.7423629760742188,-0.10203742980957031,-0.08473968505859375,-0.09338855743408203,False,False,
pair_0080,21,01,01,01,pair_0080_happy,pair_0080_sad,upper_prompt__lower_spaced,Listen to the speech. Is the speaker HAPPY or SAD? Answer only HAPPY or SAD., happy, sad,[6247],[12421],audio_restore,audio_no_restore,17,,,"[{""layer"":17,""patch_kind"":""audio_tokens"",""source"":""donor""}]",post_decoder_block_output,audio_tokens,-18.470245361328125,-14.200312614440918,-18.25367546081543,-14.158926010131836,-4.269932746887207,-4.094749450683594,-18.335546493530273,-13.98083209991455,-18.36192512512207,-14.369549751281738,-4.354714393615723,-3.992375373840332,0.08478164672851562,0.10237407684326172,0.09357786178588867,True,True,
pair_0081,21,01,02,01,pair_0081_happy,pair_0081_sad,upper_prompt__lower_spaced,Listen to the speech. Is the speaker HAPPY or SAD? Answer only HAPPY or SAD., happy, sad,[6247],[12421],audio_restore,audio_no_restore,17,,,"[{""layer"":17,""patch_kind"":""audio_tokens"",""source"":""donor""}]",post_decoder_block_output,audio_tokens,-18.46053123474121,-14.23830509185791,-18.299312591552734,-14.097284317016602,-4.222226142883301,-4.202028274536133,-18.477535247802734,-14.086668014526367,-18.28985595703125,-14.254136085510254,-4.390867233276367,-4.035719871520996,0.1686410903930664,0.16630840301513672,0.16747474670410156,True,True,
pair_0082,21,02,01,01,pair_0082_happy,pair_0082_sad,upper_prompt__lower_spaced,Listen to the speech. Is the speaker HAPPY or SAD? Answer only HAPPY or SAD., happy, sad,[6247],[12421],audio_restore,audio_no_restore,17,,,"[{""layer"":17,""patch_kind"":""audio_tokens"",""source"":""donor""}]",post_decoder_block_output,audio_tokens,-17.97361183166504,-14.197131156921387,-17.829065322875977,-14.487285614013672,-3.7764806747436523,-3.3417797088623047,-18.03932762145996,-14.237295150756836,-17.74977684020996,-14.454460144042969,-3.802032470703125,-3.295316696166992,0.025551795959472656,0.0464630126953125,0.03600740432739258,True,True,
pair_0083,21,02,02,01,pair_0083_happy,pair_0083_sad,upper_prompt__lower_spaced,Listen to the speech. Is the speaker HAPPY or SAD? Answer only HAPPY or SAD., happy, sad,[6247],[12421],audio_restore,audio_no_restore,17,,,"[{""layer"":17,""patch_kind"":""audio_tokens"",""source"":""donor""}]",post_decoder_block_output,audio_tokens,-17.93297576904297,-14.61596965789795,-18.092235565185547,-14.633484840393066,-3.3170061111450195,-3.4587507247924805,-17.892902374267578,-14.621603012084961,-18.12826156616211,-14.630702018737793,-3.271299362182617,-3.4975595474243164,-0.045706748962402344,-0.03880882263183594,-0.04225778579711914,False,False,
pair_0084,22,01,01,01,pair_0084_happy,pair_0084_sad,upper_prompt__lower_spaced,Listen to the speech. Is the speaker HAPPY or SAD? Answer only HAPPY or SAD., happy, sad,[6247],[12421],audio_restore,audio_no_restore,17,,,"[{""layer"":17,""patch_kind"":""audio_tokens"",""source"":""donor""}]",post_decoder_block_output,audio_tokens,-18.682262420654297,-14.192432403564453,-18.470258712768555,-13.706429481506348,-4.489830017089844,-4.763829231262207,-18.618839263916016,-14.109984397888184,-18.544403076171875,-13.79147720336914,-4.508854866027832,-4.752925872802734,0.01902484893798828,0.010903358459472656,0.014964103698730469,True,True,
pair_0085,22,01,02,01,pair_0085_happy,pair_0085_sad,upper_prompt__lower_spaced,Listen to the speech. Is the speaker HAPPY or SAD? Answer only HAPPY or SAD., happy, sad,[6247],[12421],audio_restore,audio_no_restore,17,,,"[{""layer"":17,""patch_kind"":""audio_tokens"",""source"":""donor""}]",post_decoder_block_output,audio_tokens,-18.272850036621094,-14.236717224121094,-18.724578857421875,-14.284399032592773,-4.0361328125,-4.440179824829102,-18.374359130859375,-14.092780113220215,-18.63301658630371,-14.410658836364746,-4.28157901763916,-4.222357749938965,0.24544620513916016,0.21782207489013672,0.23163414001464844,True,True,
pair_0086,22,02,01,01,pair_0086_happy,pair_0086_sad,upper_prompt__lower_spaced,Listen to the speech. Is the speaker HAPPY or SAD? Answer only HAPPY or SAD., happy, sad,[6247],[12421],audio_restore,audio_no_restore,17,,,"[{""layer"":17,""patch_kind"":""audio_tokens"",""source"":""donor""}]",post_decoder_block_output,audio_tokens,-18.112878799438477,-14.50664234161377,-18.061094284057617,-14.396312713623047,-3.606236457824707,-3.6647815704345703,-18.213815689086914,-14.526771545410156,-17.953420639038086,-14.36648178100586,-3.687044143676758,-3.5869388580322266,0.08080768585205078,0.07784271240234375,0.07932519912719727,True,True,
pair_0087,22,02,02,01,pair_0087_happy,pair_0087_sad,upper_prompt__lower_spaced,Listen to the speech. Is the speaker HAPPY or SAD? Answer only HAPPY or SAD., happy, sad,[6247],[12421],audio_restore,audio_no_restore,17,,,"[{""layer"":17,""patch_kind"":""audio_tokens"",""source"":""donor""}]",post_decoder_block_output,audio_tokens,-17.975412368774414,-14.336179733276367,-17.852388381958008,-14.33988094329834,-3.639232635498047,-3.512507438659668,-17.914371490478516,-14.40013313293457,-17.90139389038086,-14.290976524353027,-3.5142383575439453,-3.610417366027832,-0.12499427795410156,-0.09790992736816406,-0.11145210266113281,False,False,
pair_0088,23,01,01,01,pair_0088_happy,pair_0088_sad,upper_prompt__lower_spaced,Listen to the speech. Is the speaker HAPPY or SAD? Answer only HAPPY or SAD., happy, sad,[6247],[12421],audio_restore,audio_no_restore,17,,,"[{""layer"":17,""patch_kind"":""audio_tokens"",""source"":""donor""}]",post_decoder_block_output,audio_tokens,-18.47939682006836,-14.078022956848145,-18.001972198486328,-13.984725952148438,-4.401373863220215,-4.017246246337891,-18.457355499267578,-13.832605361938477,-18.055355072021484,-14.232736587524414,-4.624750137329102,-3.8226184844970703,0.22337627410888672,0.1946277618408203,0.20900201797485352,True,True,
pair_0089,23,01,02,01,pair_0089_happy,pair_0089_sad,upper_prompt__lower_spaced,Listen to the speech. Is the speaker HAPPY or SAD? Answer only HAPPY or SAD., happy, sad,[6247],[12421],audio_restore,audio_no_restore,17,,,"[{""layer"":17,""patch_kind"":""audio_tokens"",""source"":""donor""}]",post_decoder_block_output,audio_tokens,-18.697004318237305,-14.208320617675781,-18.652122497558594,-14.244013786315918,-4.488683700561523,-4.408108711242676,-18.784547805786133,-14.221373558044434,-18.538856506347656,-14.196900367736816,-4.563174247741699,-4.34195613861084,0.07449054718017578,0.06615257263183594,0.07032155990600586,True,True,
pair_0090,23,02,01,01,pair_0090_happy,pair_0090_sad,upper_prompt__lower_spaced,Listen to the speech. Is the speaker HAPPY or SAD? Answer only HAPPY or SAD., happy, sad,[6247],[12421],audio_restore,audio_no_restore,17,,,"[{""layer"":17,""patch_kind"":""audio_tokens"",""source"":""donor""}]",post_decoder_block_output,audio_tokens,-18.12325668334961,-14.155843734741211,-17.865354537963867,-14.407626152038574,-3.9674129486083984,-3.457728385925293,-18.199357986450195,-14.308028221130371,-17.758407592773438,-14.287781715393066,-3.891329765319824,-3.470625877380371,-0.07608318328857422,-0.012897491455078125,-0.04449033737182617,False,False,
pair_0091,23,02,02,01,pair_0091_happy,pair_0091_sad,upper_prompt__lower_spaced,Listen to the speech. Is the speaker HAPPY or SAD? Answer only HAPPY or SAD., happy, sad,[6247],[12421],audio_restore,audio_no_restore,17,,,"[{""layer"":17,""patch_kind"":""audio_tokens"",""source"":""donor""}]",post_decoder_block_output,audio_tokens,-18.110824584960938,-14.51156234741211,-17.68675994873047,-14.507476806640625,-3.599262237548828,-3.1792831420898438,-18.084510803222656,-14.311515808105469,-17.7624568939209,-14.765251159667969,-3.7729949951171875,-2.9972057342529297,0.17373275756835938,0.18207740783691406,0.17790508270263672,True,True,
pair_0092,24,01,01,01,pair_0092_happy,pair_0092_sad,upper_prompt__lower_spaced,Listen to the speech. Is the speaker HAPPY or SAD? Answer only HAPPY or SAD., happy, sad,[6247],[12421],audio_restore,audio_no_restore,17,,,"[{""layer"":17,""patch_kind"":""audio_tokens"",""source"":""donor""}]",post_decoder_block_output,audio_tokens,-18.272140502929688,-14.17473030090332,-18.658676147460938,-13.953152656555176,-4.097410202026367,-4.705523490905762,-18.57134437561035,-14.162137031555176,-18.362712860107422,-13.960583686828613,-4.409207344055176,-4.402129173278809,0.3117971420288086,0.3033943176269531,0.30759572982788086,True,True,
pair_0093,24,01,02,01,pair_0093_happy,pair_0093_sad,upper_prompt__lower_spaced,Listen to the speech. Is the speaker HAPPY or SAD? Answer only HAPPY or SAD., happy, sad,[6247],[12421],audio_restore,audio_no_restore,17,,,"[{""layer"":17,""patch_kind"":""audio_tokens"",""source"":""donor""}]",post_decoder_block_output,audio_tokens,-18.38443946838379,-14.200296401977539,-18.802410125732422,-14.208366394042969,-4.18414306640625,-4.594043731689453,-18.56170654296875,-14.098531723022461,-18.630023956298828,-14.305419921875,-4.463174819946289,-4.324604034423828,0.27903175354003906,0.269439697265625,0.27423572540283203,True,True,
pair_0094,24,02,01,01,pair_0094_happy,pair_0094_sad,upper_prompt__lower_spaced,Listen to the speech. Is the speaker HAPPY or SAD? Answer only HAPPY or SAD., happy, sad,[6247],[12421],audio_restore,audio_no_restore,17,,,"[{""layer"":17,""patch_kind"":""audio_tokens"",""source"":""donor""}]",post_decoder_block_output,audio_tokens,-18.109331130981445,-14.389881134033203,-17.85662269592285,-14.2269926071167,-3.719449996948242,-3.6296300888061523,-18.307647705078125,-14.415013313293457,-17.662349700927734,-14.232630729675293,-3.892634391784668,-3.4297189712524414,0.17318439483642578,0.19991111755371094,0.18654775619506836,True,True,
pair_0095,24,02,02,01,pair_0095_happy,pair_0095_sad,upper_prompt__lower_spaced,Listen to the speech. Is the speaker HAPPY or SAD? Answer only HAPPY or SAD., happy, sad,[6247],[12421],audio_restore,audio_no_restore,17,,,"[{""layer"":17,""patch_kind"":""audio_tokens"",""source"":""donor""}]",post_decoder_block_output,audio_tokens,-17.84119987487793,-14.09777545928955,-17.919200897216797,-14.292767524719238,-3.743424415588379,-3.6264333724975586,-17.891963958740234,-14.226277351379395,-17.875337600708008,-14.165383338928223,-3.66568660736084,-3.709954261779785,-0.07773780822753906,-0.08352088928222656,-0.08062934875488281,False,False,
pair_0000,01,01,01,01,pair_0000_happy,pair_0000_sad,upper_prompt__lower_spaced,Listen to the speech. Is the speaker HAPPY or SAD? Answer only HAPPY or SAD., happy, sad,[6247],[12421],audio_restore,audio_restore_at_18,17,18,,"[{""layer"":17,""patch_kind"":""audio_tokens"",""source"":""donor""},{""layer"":18,""patch_kind"":""audio_tokens"",""source"":""target""}]",post_decoder_block_output,audio_tokens,-18.784337997436523,-14.192665100097656,-18.59215545654297,-14.119668960571289,-4.591672897338867,-4.47248649597168,-18.755613327026367,-14.141263961791992,-18.628372192382812,-14.16263198852539,-4.614349365234375,-4.465740203857422,0.022676467895507812,0.0067462921142578125,0.014711380004882812,True,True,
pair_0001,01,01,02,01,pair_0001_happy,pair_0001_sad,upper_prompt__lower_spaced,Listen to the speech. Is the speaker HAPPY or SAD? Answer only HAPPY or SAD., happy, sad,[6247],[12421],audio_restore,audio_restore_at_18,17,18,,"[{""layer"":17,""patch_kind"":""audio_tokens"",""source"":""donor""},{""layer"":18,""patch_kind"":""audio_tokens"",""source"":""target""}]",post_decoder_block_output,audio_tokens,-18.62534523010254,-13.82693862915039,-18.685665130615234,-13.871679306030273,-4.798406600952148,-4.813985824584961,-18.54081916809082,-13.739282608032227,-18.774641036987305,-13.958717346191406,-4.801536560058594,-4.815923690795898,0.0031299591064453125,-0.0019378662109375,0.0005960464477539062,True,False,
pair_0002,01,02,01,01,pair_0002_happy,pair_0002_sad,upper_prompt__lower_spaced,Listen to the speech. Is the speaker HAPPY or SAD? Answer only HAPPY or SAD., happy, sad,[6247],[12421],audio_restore,audio_restore_at_18,17,18,,"[{""layer"":17,""patch_kind"":""audio_tokens"",""source"":""donor""},{""layer"":18,""patch_kind"":""audio_tokens"",""source"":""target""}]",post_decoder_block_output,audio_tokens,-18.101184844970703,-14.566595077514648,-18.250112533569336,-14.308186531066895,-3.5345897674560547,-3.9419260025024414,-18.11440658569336,-14.508009910583496,-18.244352340698242,-14.364697456359863,-3.6063966751098633,-3.879654884338379,0.0718069076538086,0.0622711181640625,0.06703901290893555,True,True,
pair_0003,01,02,02,01,pair_0003_happy,pair_0003_sad,upper_prompt__lower_spaced,Listen to the speech. Is the speaker HAPPY or SAD? Answer only HAPPY or SAD., happy, sad,[6247],[12421],audio_restore,audio_restore_at_18,17,18,,"[{""layer"":17,""patch_kind"":""audio_tokens"",""source"":""donor""},{""layer"":18,""patch_kind"":""audio_tokens"",""source"":""target""}]",post_decoder_block_output,audio_tokens,-18.006914138793945,-14.501709938049316,-18.291980743408203,-14.688089370727539,-3.505204200744629,-3.603891372680664,-17.98759651184082,-14.520613670349121,-18.29871940612793,-14.657695770263672,-3.466982841491699,-3.641023635864258,-0.03822135925292969,-0.03713226318359375,-0.03767681121826172,False,False,
pair_0004,02,01,01,01,pair_0004_happy,pair_0004_sad,upper_prompt__lower_spaced,Listen to the speech. Is the speaker HAPPY or SAD? Answer only HAPPY or SAD., happy, sad,[6247],[12421],audio_restore,audio_restore_at_18,17,18,,"[{""layer"":17,""patch_kind"":""audio_tokens"",""source"":""donor""},{""layer"":18,""patch_kind"":""audio_tokens"",""source"":""target""}]",post_decoder_block_output,audio_tokens,-18.301326751708984,-14.038238525390625,-18.725671768188477,-13.857430458068848,-4.263088226318359,-4.868241310119629,-18.250152587890625,-14.010544776916504,-18.787004470825195,-13.879077911376953,-4.239607810974121,-4.907926559448242,-0.02348041534423828,-0.03968524932861328,-0.03158283233642578,False,False,
pair_0005,02,01,02,01,pair_0005_happy,pair_0005_sad,upper_prompt__lower_spaced,Listen to the speech. Is the speaker HAPPY or SAD? Answer only HAPPY or SAD., happy, sad,[6247],[12421],audio_restore,audio_restore_at_18,17,18,,"[{""layer"":17,""patch_kind"":""audio_tokens"",""source"":""donor""},{""layer"":18,""patch_kind"":""audio_tokens"",""source"":""target""}]",post_decoder_block_output,audio_tokens,-18.589427947998047,-14.114439964294434,-18.74413299560547,-14.046891212463379,-4.474987983703613,-4.69724178314209,-18.581737518310547,-14.093001365661621,-18.750747680664062,-14.056321144104004,-4.488736152648926,-4.694426536560059,0.0137481689453125,0.00281524658203125,0.008281707763671875,True,True,
pair_0006,02,02,01,01,pair_0006_happy,pair_0006_sad,upper_prompt__lower_spaced,Listen to the speech. Is the speaker HAPPY or SAD? Answer only HAPPY or SAD., happy, sad,[6247],[12421],audio_restore,audio_restore_at_18,17,18,,"[{""layer"":17,""patch_kind"":""audio_tokens"",""source"":""donor""},{""layer"":18,""patch_kind"":""audio_tokens"",""source"":""target""}]",post_decoder_block_output,audio_tokens,-17.821413040161133,-14.312002182006836,-17.82419204711914,-14.049148559570312,-3.509410858154297,-3.775043487548828,-17.77532958984375,-14.288728713989258,-17.863481521606445,-14.06827163696289,-3.486600875854492,-3.7952098846435547,-0.022809982299804688,-0.020166397094726562,-0.021488189697265625,False,False,
pair_0007,02,02,02,01,pair_0007_happy,pair_0007_sad,upper_prompt__lower_spaced,Listen to the speech. Is the speaker HAPPY or SAD? Answer only HAPPY or SAD., happy, sad,[6247],[12421],audio_restore,audio_restore_at_18,17,18,,"[{""layer"":17,""patch_kind"":""audio_tokens"",""source"":""donor""},{""layer"":18,""patch_kind"":""audio_tokens"",""source"":""target""}]",post_decoder_block_output,audio_tokens,-17.819889068603516,-14.41187572479248,-17.866769790649414,-14.385616302490234,-3.408013343811035,-3.4811534881591797,-17.773496627807617,-14.394137382507324,-17.907569885253906,-14.401501655578613,-3.379359245300293,-3.506068229675293,-0.028654098510742188,-0.02491474151611328,-0.026784420013427734,False,False,
pair_0008,03,01,01,01,pair_0008_happy,pair_0008_sad,upper_prompt__lower_spaced,Listen to the speech. Is the speaker HAPPY or SAD? Answer only HAPPY or SAD., happy, sad,[6247],[12421],audio_restore,audio_restore_at_18,17,18,,"[{""layer"":17,""patch_kind"":""audio_tokens"",""source"":""donor""},{""layer"":18,""patch_kind"":""audio_tokens"",""source"":""target""}]",post_decoder_block_output,audio_tokens,-18.818166732788086,-14.119091033935547,-18.65387725830078,-14.069162368774414,-4.699075698852539,-4.584714889526367,-18.83588981628418,-14.12205982208252,-18.6302490234375,-14.06822395324707,-4.71382999420166,-4.56202507019043,0.014754295349121094,0.0226898193359375,0.018722057342529297,True,True,
pair_0009,03,01,02,01,pair_0009_happy,pair_0009_sad,upper_prompt__lower_spaced,Listen to the speech. Is the speaker HAPPY or SAD? Answer only HAPPY or SAD., happy, sad,[6247],[12421],audio_restore,audio_restore_at_18,17,18,,"[{""layer"":17,""patch_kind"":""audio_tokens"",""source"":""donor""},{""layer"":18,""patch_kind"":""audio_tokens"",""source"":""target""}]",post_decoder_block_output,audio_tokens,-18.729928970336914,-14.011101722717285,-18.5625,-14.185173034667969,-4.718827247619629,-4.377326965332031,-18.735904693603516,-13.998090744018555,-18.55458641052246,-14.200454711914062,-4.737813949584961,-4.354131698608398,0.01898670196533203,0.023195266723632812,0.021090984344482422,True,True,
pair_0010,03,02,01,01,pair_0010_happy,pair_0010_sad,upper_prompt__lower_spaced,Listen to the speech. Is the speaker HAPPY or SAD? Answer only HAPPY or SAD., happy, sad,[6247],[12421],audio_restore,audio_restore_at_18,17,18,,"[{""layer"":17,""patch_kind"":""audio_tokens"",""source"":""donor""},{""layer"":18,""patch_kind"":""audio_tokens"",""source"":""target""}]",post_decoder_block_output,audio_tokens,-18.31175994873047,-14.61680793762207,-17.840412139892578,-14.470471382141113,-3.6949520111083984,-3.369940757751465,-18.404661178588867,-14.623119354248047,-17.74449348449707,-14.465926170349121,-3.7815418243408203,-3.278567314147949,0.08658981323242188,0.09137344360351562,0.08898162841796875,True,True,
pair_0011,03,02,02,01,pair_0011_happy,pair_0011_sad,upper_prompt__lower_spaced,Listen to the speech. Is the speaker HAPPY or SAD? Answer only HAPPY or SAD., happy, sad,[6247],[12421],audio_restore,audio_restore_at_18,17,18,,"[{""layer"":17,""patch_kind"":""audio_tokens"",""source"":""donor""},{""layer"":18,""patch_kind"":""audio_tokens"",""source"":""target""}]",post_decoder_block_output,audio_tokens,-18.231765747070312,-14.706853866577148,-17.838123321533203,-14.506670951843262,-3.524911880493164,-3.3314523696899414,-18.29751968383789,-14.73760986328125,-17.761070251464844,-14.474469184875488,-3.5599098205566406,-3.2866010665893555,0.03499794006347656,0.04485130310058594,0.03992462158203125,True,True,
pair_0012,04,01,01,01,pair_0012_happy,pair_0012_sad,upper_prompt__lower_spaced,Listen to the speech. Is the speaker HAPPY or SAD? Answer only HAPPY or SAD., happy, sad,[6247],[12421],audio_restore,audio_restore_at_18,17,18,,"[{""layer"":17,""patch_kind"":""audio_tokens"",""source"":""donor""},{""layer"":18,""patch_kind"":""audio_tokens"",""source"":""target""}]",post_decoder_block_output,audio_tokens,-18.358745574951172,-13.756012916564941,-18.717449188232422,-13.85068130493164,-4.6027326583862305,-4.866767883300781,-18.400819778442383,-13.727375030517578,-18.695789337158203,-13.897115707397461,-4.673444747924805,-4.798673629760742,0.07071208953857422,0.06809425354003906,0.06940317153930664,True,True,
pair_0013,04,01,02,01,pair_0013_happy,pair_0013_sad,upper_prompt__lower_spaced,Listen to the speech. Is the speaker HAPPY or SAD? Answer only HAPPY or SAD., happy, sad,[6247],[12421],audio_restore,audio_restore_at_18,17,18,,"[{""layer"":17,""patch_kind"":""audio_tokens"",""source"":""donor""},{""layer"":18,""patch_kind"":""audio_tokens"",""source"":""target""}]",post_decoder_block_output,audio_tokens,-18.70948600769043,-14.139888763427734,-18.57384490966797,-13.96951675415039,-4.569597244262695,-4.604328155517578,-18.679039001464844,-14.105204582214355,-18.60504150390625,-14.009766578674316,-4.573834419250488,-4.595274925231934,0.004237174987792969,0.009053230285644531,0.00664520263671875,True,True,
pair_0014,04,02,01,01,pair_0014_happy,pair_0014_sad,upper_prompt__lower_spaced,Listen to the speech. Is the speaker HAPPY or SAD? Answer only HAPPY or SAD., happy, sad,[6247],[12421],audio_restore,audio_restore_at_18,17,18,,"[{""layer"":17,""patch_kind"":""audio_tokens"",""source"":""donor""},{""layer"":18,""patch_kind"":""audio_tokens"",""source"":""target""}]",post_decoder_block_output,audio_tokens,-17.875215530395508,-14.271656036376953,-17.993194580078125,-14.42282485961914,-3.6035594940185547,-3.5703697204589844,-17.89586067199707,-14.276374816894531,-17.974809646606445,-14.4133882522583,-3.619485855102539,-3.5614213943481445,0.015926361083984375,0.008948326110839844,0.01243734359741211,True,True,
pair_0015,04,02,02,01,pair_0015_happy,pair_0015_sad,upper_prompt__lower_spaced,Listen to the speech. Is the speaker HAPPY or SAD? Answer only HAPPY or SAD., happy, sad,[6247],[12421],audio_restore,audio_restore_at_18,17,18,,"[{""layer"":17,""patch_kind"":""audio_tokens"",""source"":""donor""},{""layer"":18,""patch_kind"":""audio_tokens"",""source"":""target""}]",post_decoder_block_output,audio_tokens,-17.90298080444336,-14.51931095123291,-18.07615089416504,-14.267594337463379,-3.383669853210449,-3.80855655670166,-17.955730438232422,-14.533443450927734,-18.015785217285156,-14.254103660583496,-3.4222869873046875,-3.76168155670166,0.03861713409423828,0.046875,0.04274606704711914,True,True,
pair_0016,05,01,01,01,pair_0016_happy,pair_0016_sad,upper_prompt__lower_spaced,Listen to the speech. Is the speaker HAPPY or SAD? Answer only HAPPY or SAD., happy, sad,[6247],[12421],audio_restore,audio_restore_at_18,17,18,,"[{""layer"":17,""patch_kind"":""audio_tokens"",""source"":""donor""},{""layer"":18,""patch_kind"":""audio_tokens"",""source"":""target""}]",post_decoder_block_output,audio_tokens,-18.692672729492188,-14.135289192199707,-18.536806106567383,-14.340117454528809,-4.5573835372924805,-4.196688652038574,-18.89167594909668,-14.20918083190918,-18.30950164794922,-14.247761726379395,-4.6824951171875,-4.061739921569824,0.12511157989501953,0.13494873046875,0.13003015518188477,True,True,
pair_0017,05,01,02,01,pair_0017_happy,pair_0017_sad,upper_prompt__lower_spaced,Listen to the speech. Is the speaker HAPPY or SAD? Answer only HAPPY or SAD., happy, sad,[6247],[12421],audio_restore,audio_restore_at_18,17,18,,"[{""layer"":17,""patch_kind"":""audio_tokens"",""source"":""donor""},{""layer"":18,""patch_kind"":""audio_tokens"",""source"":""target""}]",post_decoder_block_output,audio_tokens,-18.638935089111328,-14.255763053894043,-18.50379180908203,-13.944811820983887,-4.383172035217285,-4.5589799880981445,-18.607162475585938,-14.198780059814453,-18.53335189819336,-14.003596305847168,-4.408382415771484,-4.529755592346191,0.02521038055419922,0.029224395751953125,0.027217388153076172,True,True,
pair_0018,05,02,01,01,pair_0018_happy,pair_0018_sad,upper_prompt__lower_spaced,Listen to the speech. Is the speaker HAPPY or SAD? Answer only HAPPY or SAD., happy, sad,[6247],[12421],audio_restore,audio_restore_at_18,17,18,,"[{""layer"":17,""patch_kind"":""audio_tokens"",""source"":""donor""},{""layer"":18,""patch_kind"":""audio_tokens"",""source"":""target""}]",post_decoder_block_output,audio_tokens,-18.000730514526367,-14.714016914367676,-18.26675796508789,-14.785633087158203,-3.2867136001586914,-3.4811248779296875,-17.95622444152832,-14.688143730163574,-18.313966751098633,-14.821537971496582,-3.268080711364746,-3.492428779602051,-0.018632888793945312,-0.011303901672363281,-0.014968395233154297,False,False,
pair_0019,05,02,02,01,pair_0019_happy,pair_0019_sad,upper_prompt__lower_spaced,Listen to the speech. Is the speaker HAPPY or SAD? Answer only HAPPY or SAD., happy, sad,[6247],[12421],audio_restore,audio_restore_at_18,17,18,,"[{""layer"":17,""patch_kind"":""audio_tokens"",""source"":""donor""},{""layer"":18,""patch_kind"":""audio_tokens"",""source"":""target""}]",post_decoder_block_output,audio_tokens,-18.202608108520508,-14.727049827575684,-17.76186752319336,-14.475021362304688,-3.475558280944824,-3.286846160888672,-18.182167053222656,-14.718448638916016,-17.78091049194336,-14.481163024902344,-3.4637184143066406,-3.2997474670410156,-0.011839866638183594,-0.01290130615234375,-0.012370586395263672,False,False,
pair_0020,06,01,01,01,pair_0020_happy,pair_0020_sad,upper_prompt__lower_spaced,Listen to the speech. Is the speaker HAPPY or SAD? Answer only HAPPY or SAD., happy, sad,[6247],[12421],audio_restore,audio_restore_at_18,17,18,,"[{""layer"":17,""patch_kind"":""audio_tokens"",""source"":""donor""},{""layer"":18,""patch_kind"":""audio_tokens"",""source"":""target""}]",post_decoder_block_output,audio_tokens,-18.270139694213867,-14.0554780960083,-18.622514724731445,-14.09838581085205,-4.214661598205566,-4.5241289138793945,-18.374765396118164,-14.074565887451172,-18.51645851135254,-14.07873821258545,-4.300199508666992,-4.43772029876709,0.08553791046142578,0.08640861511230469,0.08597326278686523,True,True,
pair_0021,06,01,02,01,pair_0021_happy,pair_0021_sad,upper_prompt__lower_spaced,Listen to the speech. Is the speaker HAPPY or SAD? Answer only HAPPY or SAD., happy, sad,[6247],[12421],audio_restore,audio_restore_at_18,17,18,,"[{""layer"":17,""patch_kind"":""audio_tokens"",""source"":""donor""},{""layer"":18,""patch_kind"":""audio_tokens"",""source"":""target""}]",post_decoder_block_output,audio_tokens,-18.518516540527344,-14.262524604797363,-18.693706512451172,-14.079412460327148,-4.2559919357299805,-4.614294052124023,-18.515583038330078,-14.211353302001953,-18.704952239990234,-14.130267143249512,-4.304229736328125,-4.574685096740723,0.04823780059814453,0.03960895538330078,0.043923377990722656,True,True,
pair_0022,06,02,01,01,pair_0022_happy,pair_0022_sad,upper_prompt__lower_spaced,Listen to the speech. Is the speaker HAPPY or SAD? Answer only HAPPY or SAD., happy, sad,[6247],[12421],audio_restore,audio_restore_at_18,17,18,,"[{""layer"":17,""patch_kind"":""audio_tokens"",""source"":""donor""},{""layer"":18,""patch_kind"":""audio_tokens"",""source"":""target""}]",post_decoder_block_output,audio_tokens,-18.048234939575195,-14.446083068847656,-18.00354766845703,-14.538506507873535,-3.602151870727539,-3.465041160583496,-18.15728187561035,-14.494163513183594,-17.883209228515625,-14.484746932983398,-3.663118362426758,-3.3984622955322266,0.06096649169921875,0.06657886505126953,0.06377267837524414,True,True,
pair_0023,06,02,02,01,pair_0023_happy,pair_0023_sad,upper_prompt__lower_spaced,Listen to the speech. Is the speaker HAPPY or SAD? Answer only HAPPY or SAD., happy, sad,[6247],[12421],audio_restore,audio_restore_at_18,17,18,,"[{""layer"":17,""patch_kind"":""audio_tokens"",""source"":""donor""},{""layer"":18,""patch_kind"":""audio_tokens"",""source"":""target""}]",post_decoder_block_output,audio_tokens,-17.950851440429688,-14.493545532226562,-18.027484893798828,-14.372323989868164,-3.457305908203125,-3.655160903930664,-18.011335372924805,-14.509462356567383,-17.971193313598633,-14.357611656188965,-3.501873016357422,-3.613581657409668,0.044567108154296875,0.041579246520996094,0.043073177337646484,True,True,
pair_0024,07,01,01,01,pair_0024_happy,pair_0024_sad,upper_prompt__lower_spaced,Listen to the speech. Is the speaker HAPPY or SAD? Answer only HAPPY or SAD., happy, sad,[6247],[12421],audio_restore,audio_restore_at_18,17,18,,"[{""layer"":17,""patch_kind"":""audio_tokens"",""source"":""donor""},{""layer"":18,""patch_kind"":""audio_tokens"",""source"":""target""}]",post_decoder_block_output,audio_tokens,-18.09006118774414,-13.70536994934082,-18.24040985107422,-14.0731840133667,-4.38469123840332,-4.1672258377075195,-18.206968307495117,-13.73111629486084,-18.11090087890625,-14.047572135925293,-4.475852012634277,-4.063328742980957,0.09116077423095703,0.1038970947265625,0.09752893447875977,True,True,
pair_0025,07,01,02,01,pair_0025_happy,pair_0025_sad,upper_prompt__lower_spaced,Listen to the speech. Is the speaker HAPPY or SAD? Answer only HAPPY or SAD., happy, sad,[6247],[12421],audio_restore,audio_restore_at_18,17,18,,"[{""layer"":17,""patch_kind"":""audio_tokens"",""source"":""donor""},{""layer"":18,""patch_kind"":""audio_tokens"",""source"":""target""}]",post_decoder_block_output,audio_tokens,-18.489057540893555,-13.88498592376709,-18.49165916442871,-13.795110702514648,-4.604071617126465,-4.6965484619140625,-18.526611328125,-13.866743087768555,-18.451900482177734,-13.8173828125,-4.659868240356445,-4.634517669677734,0.05579662322998047,0.062030792236328125,0.0589137077331543,True,True,
pair_0026,07,02,01,01,pair_0026_happy,pair_0026_sad,upper_prompt__lower_spaced,Listen to the speech. Is the speaker HAPPY or SAD? Answer only HAPPY or SAD., happy, sad,[6247],[12421],audio_restore,audio_restore_at_18,17,18,,"[{""layer"":17,""patch_kind"":""audio_tokens"",""source"":""donor""},{""layer"":18,""patch_kind"":""audio_tokens"",""source"":""target""}]",post_decoder_block_output,audio_tokens,-18.1934757232666,-14.413429260253906,-18.108972549438477,-14.478107452392578,-3.7800464630126953,-3.6308650970458984,-18.164875030517578,-14.409188270568848,-18.13201904296875,-14.479076385498047,-3.7556867599487305,-3.652942657470703,-0.024359703063964844,-0.022077560424804688,-0.023218631744384766,False,False,
pair_0027,07,02,02,01,pair_0027_happy,pair_0027_sad,upper_prompt__lower_spaced,Listen to the speech. Is the speaker HAPPY or SAD? Answer only HAPPY or SAD., happy, sad,[6247],[12421],audio_restore,audio_restore_at_18,17,18,,"[{""layer"":17,""patch_kind"":""audio_tokens"",""source"":""donor""},{""layer"":18,""patch_kind"":""audio_tokens"",""source"":""target""}]",post_decoder_block_output,audio_tokens,-18.1934757232666,-14.413429260253906,-17.917301177978516,-14.347782135009766,-3.7800464630126953,-3.56951904296875,-18.19847297668457,-14.42173957824707,-17.916189193725586,-14.333062171936035,-3.7767333984375,-3.583127021789551,-0.0033130645751953125,-0.013607978820800781,-0.008460521697998047,False,False,
pair_0028,08,01,01,01,pair_0028_happy,pair_0028_sad,upper_prompt__lower_spaced,Listen to the speech. Is the speaker HAPPY or SAD? Answer only HAPPY or SAD., happy, sad,[6247],[12421],audio_restore,audio_restore_at_18,17,18,,"[{""layer"":17,""patch_kind"":""audio_tokens"",""source"":""donor""},{""layer"":18,""patch_kind"":""audio_tokens"",""source"":""target""}]",post_decoder_block_output,audio_tokens,-17.895870208740234,-14.022705078125,-18.853595733642578,-13.817150115966797,-3.8731651306152344,-5.036445617675781,-17.9659423828125,-13.99311637878418,-18.79241180419922,-13.845746040344238,-3.9728260040283203,-4.9466657638549805,0.09966087341308594,0.08977985382080078,0.09472036361694336,True,True,
pair_0029,08,01,02,01,pair_0029_happy,pair_0029_sad,upper_prompt__lower_spaced,Listen to the speech. Is the speaker HAPPY or SAD? Answer only HAPPY or SAD., happy, sad,[6247],[12421],audio_restore,audio_restore_at_18,17,18,,"[{""layer"":17,""patch_kind"":""audio_tokens"",""source"":""donor""},{""layer"":18,""patch_kind"":""audio_tokens"",""source"":""target""}]",post_decoder_block_output,audio_tokens,-18.307472229003906,-13.782498359680176,-17.66484260559082,-13.374154090881348,-4.5249738693237305,-4.290688514709473,-18.31127166748047,-13.7781982421875,-17.714433670043945,-13.39030933380127,-4.533073425292969,-4.324124336242676,0.008099555969238281,-0.033435821533203125,-0.012668132781982422,True,False,
pair_0030,08,02,01,01,pair_0030_happy,pair_0030_sad,upper_prompt__lower_spaced,Listen to the speech. Is the speaker HAPPY or SAD? Answer only HAPPY or SAD., happy, sad,[6247],[12421],audio_restore,audio_restore_at_18,17,18,,"[{""layer"":17,""patch_kind"":""audio_tokens"",""source"":""donor""},{""layer"":18,""patch_kind"":""audio_tokens"",""source"":""target""}]",post_decoder_block_output,audio_tokens,-17.869657516479492,-13.974630355834961,-17.25248908996582,-14.594927787780762,-3.8950271606445312,-2.6575613021850586,-17.65743064880371,-13.837991714477539,-17.489276885986328,-14.746477127075195,-3.819438934326172,-2.742799758911133,-0.07558822631835938,-0.08523845672607422,-0.0804133415222168,False,False,
pair_0031,08,02,02,01,pair_0031_happy,pair_0031_sad,upper_prompt__lower_spaced,Listen to the speech. Is the speaker HAPPY or SAD? Answer only HAPPY or SAD., happy, sad,[6247],[12421],audio_restore,audio_restore_at_18,17,18,,"[{""layer"":17,""patch_kind"":""audio_tokens"",""source"":""donor""},{""layer"":18,""patch_kind"":""audio_tokens"",""source"":""target""}]",post_decoder_block_output,audio_tokens,-17.836416244506836,-14.024099349975586,-18.205785751342773,-14.933714866638184,-3.81231689453125,-3.27207088470459,-17.744361877441406,-13.969555854797363,-18.274309158325195,-14.85283088684082,-3.774806022644043,-3.421478271484375,-0.03751087188720703,-0.14940738677978516,-0.0934591293334961,False,False,
pair_0032,09,01,01,01,pair_0032_happy,pair_0032_sad,upper_prompt__lower_spaced,Listen to the speech. Is the speaker HAPPY or SAD? Answer only HAPPY or SAD., happy, sad,[6247],[12421],audio_restore,audio_restore_at_18,17,18,,"[{""layer"":17,""patch_kind"":""audio_tokens"",""source"":""donor""},{""layer"":18,""patch_kind"":""audio_tokens"",""source"":""target""}]",post_decoder_block_output,audio_tokens,-18.71563148498535,-14.05175495147705,-18.32554054260254,-13.615287780761719,-4.663876533508301,-4.71025276184082,-18.68411636352539,-14.087499618530273,-18.341379165649414,-13.560855865478516,-4.596616744995117,-4.780523300170898,-0.0672597885131836,-0.07027053833007812,-0.06876516342163086,False,False,
pair_0033,09,01,02,01,pair_0033_happy,pair_0033_sad,upper_prompt__lower_spaced,Listen to the speech. Is the speaker HAPPY or SAD? Answer only HAPPY or SAD., happy, sad,[6247],[12421],audio_restore,audio_restore_at_18,17,18,,"[{""layer"":17,""patch_kind"":""audio_tokens"",""source"":""donor""},{""layer"":18,""patch_kind"":""audio_tokens"",""source"":""target""}]",post_decoder_block_output,audio_tokens,-18.97260284423828,-13.914822578430176,-17.69182014465332,-13.4166841506958,-5.0577802658081055,-4.2751359939575195,-18.935409545898438,-13.784549713134766,-17.668682098388672,-13.531240463256836,-5.150859832763672,-4.137441635131836,0.0930795669555664,0.1376943588256836,0.115386962890625,True,True,
pair_0034,09,02,01,01,pair_0034_happy,pair_0034_sad,upper_prompt__lower_spaced,Listen to the speech. Is the speaker HAPPY or SAD? Answer only HAPPY or SAD., happy, sad,[6247],[12421],audio_restore,audio_restore_at_18,17,18,,"[{""layer"":17,""patch_kind"":""audio_tokens"",""source"":""donor""},{""layer"":18,""patch_kind"":""audio_tokens"",""source"":""target""}]",post_decoder_block_output,audio_tokens,-18.46145248413086,-14.497332572937012,-18.005985260009766,-14.08935832977295,-3.9641199111938477,-3.9166269302368164,-18.36356544494629,-14.571236610412598,-18.09490203857422,-14.013553619384766,-3.7923288345336914,-4.081348419189453,-0.17179107666015625,-0.16472148895263672,-0.16825628280639648,False,False,
pair_0035,09,02,02,01,pair_0035_happy,pair_0035_sad,upper_prompt__lower_spaced,Listen to the speech. Is the speaker HAPPY or SAD? Answer only HAPPY or SAD., happy, sad,[6247],[12421],audio_restore,audio_restore_at_18,17,18,,"[{""layer"":17,""patch_kind"":""audio_tokens"",""source"":""donor""},{""layer"":18,""patch_kind"":""audio_tokens"",""source"":""target""}]",post_decoder_block_output,audio_tokens,-18.263702392578125,-14.721343994140625,-18.236169815063477,-13.951910018920898,-3.5423583984375,-4.284259796142578,-18.256690979003906,-14.635579109191895,-18.239105224609375,-14.042283058166504,-3.6211118698120117,-4.196822166442871,0.07875347137451172,0.08743762969970703,0.08309555053710938,True,True,
pair_0036,10,01,01,01,pair_0036_happy,pair_0036_sad,upper_prompt__lower_spaced,Listen to the speech. Is the speaker HAPPY or SAD? Answer only HAPPY or SAD., happy, sad,[6247],[12421],audio_restore,audio_restore_at_18,17,18,,"[{""layer"":17,""patch_kind"":""audio_tokens"",""source"":""donor""},{""layer"":18,""patch_kind"":""audio_tokens"",""source"":""target""}]",post_decoder_block_output,audio_tokens,-18.43072509765625,-14.279913902282715,-18.52195167541504,-13.862289428710938,-4.150811195373535,-4.659662246704102,-18.40645980834961,-14.166338920593262,-18.546823501586914,-13.963268280029297,-4.240120887756348,-4.583555221557617,0.0893096923828125,0.07610702514648438,0.08270835876464844,True,True,
pair_0037,10,01,02,01,pair_0037_happy,pair_0037_sad,upper_prompt__lower_spaced,Listen to the speech. Is the speaker HAPPY or SAD? Answer only HAPPY or SAD., happy, sad,[6247],[12421],audio_restore,audio_restore_at_18,17,18,,"[{""layer"":17,""patch_kind"":""audio_tokens"",""source"":""donor""},{""layer"":18,""patch_kind"":""audio_tokens"",""source"":""target""}]",post_decoder_block_output,audio_tokens,-18.536893844604492,-14.135092735290527,-18.385366439819336,-13.990771293640137,-4.401801109313965,-4.394595146179199,-18.552709579467773,-14.106287002563477,-18.38309669494629,-14.023087501525879,-4.446422576904297,-4.36000919342041,0.04462146759033203,0.03458595275878906,0.03960371017456055,True,True,
pair_0038,10,02,01,01,pair_0038_happy,pair_0038_sad,upper_prompt__lower_spaced,Listen to the speech. Is the speaker HAPPY or SAD? Answer only HAPPY or SAD., happy, sad,[6247],[12421],audio_restore,audio_restore_at_18,17,18,,"[{""layer"":17,""patch_kind"":""audio_tokens"",""source"":""donor""},{""layer"":18,""patch_kind"":""audio_tokens"",""source"":""target""}]",post_decoder_block_output,audio_tokens,-18.626100540161133,-14.971156120300293,-18.138322830200195,-15.568587303161621,-3.65494441986084,-2.569735527038574,-18.427785873413086,-14.940132141113281,-18.20745277404785,-15.525038719177246,-3.4876537322998047,-2.6824140548706055,-0.16729068756103516,-0.11267852783203125,-0.1399846076965332,False,False,
pair_0039,10,02,02,01,pair_0039_happy,pair_0039_sad,upper_prompt__lower_spaced,Listen to the speech. Is the speaker HAPPY or SAD? Answer only HAPPY or SAD., happy, sad,[6247],[12421],audio_restore,audio_restore_at_18,17,18,,"[{""layer"":17,""patch_kind"":""audio_tokens"",""source"":""donor""},{""layer"":18,""patch_kind"":""audio_tokens"",""source"":""target""}]",post_decoder_block_output,audio_tokens,-17.940845489501953,-14.391155242919922,-18.010360717773438,-14.663244247436523,-3.5496902465820312,-3.347116470336914,-17.847089767456055,-14.40011978149414,-18.08452796936035,-14.646480560302734,-3.446969985961914,-3.438047409057617,-0.10272026062011719,-0.09093093872070312,-0.09682559967041016,False,False,
pair_0040,11,01,01,01,pair_0040_happy,pair_0040_sad,upper_prompt__lower_spaced,Listen to the speech. Is the speaker HAPPY or SAD? Answer only HAPPY or SAD., happy, sad,[6247],[12421],audio_restore,audio_restore_at_18,17,18,,"[{""layer"":17,""patch_kind"":""audio_tokens"",""source"":""donor""},{""layer"":18,""patch_kind"":""audio_tokens"",""source"":""target""}]",post_decoder_block_output,audio_tokens,-18.623796463012695,-14.394556045532227,-18.4024658203125,-13.74590015411377,-4.229240417480469,-4.6565656661987305,-18.5821475982666,-14.350279808044434,-18.448884963989258,-13.801918029785156,-4.231867790222168,-4.646966934204102,0.0026273727416992188,0.009598731994628906,0.0061130523681640625,True,True,
pair_0041,11,01,02,01,pair_0041_happy,pair_0041_sad,upper_prompt__lower_spaced,Listen to the speech. Is the speaker HAPPY or SAD? Answer only HAPPY or SAD., happy, sad,[6247],[12421],audio_restore,audio_restore_at_18,17,18,,"[{""layer"":17,""patch_kind"":""audio_tokens"",""source"":""donor""},{""layer"":18,""patch_kind"":""audio_tokens"",""source"":""target""}]",post_decoder_block_output,audio_tokens,-18.812341690063477,-14.09249210357666,-18.785491943359375,-13.815770149230957,-4.719849586486816,-4.969721794128418,-18.5999813079834,-14.015202522277832,-18.989030838012695,-13.88962173461914,-4.584778785705566,-5.099409103393555,-0.13507080078125,-0.12968730926513672,-0.13237905502319336,False,False,
pair_0042,11,02,01,01,pair_0042_happy,pair_0042_sad,upper_prompt__lower_spaced,Listen to the speech. Is the speaker HAPPY or SAD? Answer only HAPPY or SAD., happy, sad,[6247],[12421],audio_restore,audio_restore_at_18,17,18,,"[{""layer"":17,""patch_kind"":""audio_tokens"",""source"":""donor""},{""layer"":18,""patch_kind"":""audio_tokens"",""source"":""target""}]",post_decoder_block_output,audio_tokens,-18.23929214477539,-14.638985633850098,-17.918140411376953,-14.4312105178833,-3.600306510925293,-3.4869298934936523,-18.226173400878906,-14.67430591583252,-17.940628051757812,-14.392099380493164,-3.5518674850463867,-3.5485286712646484,-0.04843902587890625,-0.061598777770996094,-0.05501890182495117,False,False,
pair_0043,11,02,02,01,pair_0043_happy,pair_0043_sad,upper_prompt__lower_spaced,Listen to the speech. Is the speaker HAPPY or SAD? Answer only HAPPY or SAD., happy, sad,[6247],[12421],audio_restore,audio_restore_at_18,17,18,,"[{""layer"":17,""patch_kind"":""audio_tokens"",""source"":""donor""},{""layer"":18,""patch_kind"":""audio_tokens"",""source"":""target""}]",post_decoder_block_output,audio_tokens,-18.15532684326172,-14.518304824829102,-17.905120849609375,-14.42210578918457,-3.637022018432617,-3.4830150604248047,-18.167089462280273,-14.572362899780273,-17.909605026245117,-14.358271598815918,-3.5947265625,-3.551333427429199,-0.04229545593261719,-0.06831836700439453,-0.05530691146850586,False,False,
pair_0044,12,01,01,01,pair_0044_happy,pair_0044_sad,upper_prompt__lower_spaced,Listen to the speech. Is the speaker HAPPY or SAD? Answer only HAPPY or SAD., happy, sad,[6247],[12421],audio_restore,audio_restore_at_18,17,18,,"[{""layer"":17,""patch_kind"":""audio_tokens"",""source"":""donor""},{""layer"":18,""patch_kind"":""audio_tokens"",""source"":""target""}]",post_decoder_block_output,audio_tokens,-18.62382698059082,-13.893119812011719,-18.424034118652344,-13.92949390411377,-4.730707168579102,-4.494540214538574,-18.587663650512695,-13.82755184173584,-18.458280563354492,-13.990662574768066,-4.7601118087768555,-4.467617988586426,0.029404640197753906,0.026922225952148438,0.028163433074951172,True,True,
pair_0045,12,01,02,01,pair_0045_happy,pair_0045_sad,upper_prompt__lower_spaced,Listen to the speech. Is the speaker HAPPY or SAD? Answer only HAPPY or SAD., happy, sad,[6247],[12421],audio_restore,audio_restore_at_18,17,18,,"[{""layer"":17,""patch_kind"":""audio_tokens"",""source"":""donor""},{""layer"":18,""patch_kind"":""audio_tokens"",""source"":""target""}]",post_decoder_block_output,audio_tokens,-18.557336807250977,-14.15941333770752,-18.611474990844727,-14.103328704833984,-4.397923469543457,-4.508146286010742,-18.541587829589844,-14.155017852783203,-18.620813369750977,-14.106433868408203,-4.386569976806641,-4.514379501342773,-0.011353492736816406,-0.00623321533203125,-0.008793354034423828,False,False,
pair_0046,12,02,01,01,pair_0046_happy,pair_0046_sad,upper_prompt__lower_spaced,Listen to the speech. Is the speaker HAPPY or SAD? Answer only HAPPY or SAD., happy, sad,[6247],[12421],audio_restore,audio_restore_at_18,17,18,,"[{""layer"":17,""patch_kind"":""audio_tokens"",""source"":""donor""},{""layer"":18,""patch_kind"":""audio_tokens"",""source"":""target""}]",post_decoder_block_output,audio_tokens,-18.1330623626709,-14.706695556640625,-18.050931930541992,-14.204154014587402,-3.4263668060302734,-3.84677791595459,-18.12917137145996,-14.701786994934082,-18.046337127685547,-14.205482482910156,-3.427384376525879,-3.8408546447753906,0.0010175704956054688,0.005923271179199219,0.0034704208374023438,True,True,
pair_0047,12,02,02,01,pair_0047_happy,pair_0047_sad,upper_prompt__lower_spaced,Listen to the speech. Is the speaker HAPPY or SAD? Answer only HAPPY or SAD., happy, sad,[6247],[12421],audio_restore,audio_restore_at_18,17,18,,"[{""layer"":17,""patch_kind"":""audio_tokens"",""source"":""donor""},{""layer"":18,""patch_kind"":""audio_tokens"",""source"":""target""}]",post_decoder_block_output,audio_tokens,-18.207361221313477,-14.713201522827148,-18.167673110961914,-14.448575019836426,-3.494159698486328,-3.7190980911254883,-18.255224227905273,-14.712140083312988,-18.12990379333496,-14.445695877075195,-3.543084144592285,-3.6842079162597656,0.04892444610595703,0.034890174865722656,0.041907310485839844,True,True,
pair_0048,13,01,01,01,pair_0048_happy,pair_0048_sad,upper_prompt__lower_spaced,Listen to the speech. Is the speaker HAPPY or SAD? Answer only HAPPY or SAD., happy, sad,[6247],[12421],audio_restore,audio_restore_at_18,17,18,,"[{""layer"":17,""patch_kind"":""audio_tokens"",""source"":""donor""},{""layer"":18,""patch_kind"":""audio_tokens"",""source"":""target""}]",post_decoder_block_output,audio_tokens,-18.664913177490234,-14.320459365844727,-18.376577377319336,-13.990562438964844,-4.344453811645508,-4.386014938354492,-18.566984176635742,-14.264126777648926,-18.449752807617188,-14.030323028564453,-4.302857398986816,-4.419429779052734,-0.041596412658691406,-0.03341484069824219,-0.0375056266784668,False,False,
pair_0049,13,01,02,01,pair_0049_happy,pair_0049_sad,upper_prompt__lower_spaced,Listen to the speech. Is the speaker HAPPY or SAD? Answer only HAPPY or SAD., happy, sad,[6247],[12421],audio_restore,audio_restore_at_18,17,18,,"[{""layer"":17,""patch_kind"":""audio_tokens"",""source"":""donor""},{""layer"":18,""patch_kind"":""audio_tokens"",""source"":""target""}]",post_decoder_block_output,audio_tokens,-18.525012969970703,-14.230103492736816,-18.583324432373047,-14.079850196838379,-4.294909477233887,-4.503474235534668,-18.661705017089844,-14.299356460571289,-18.462343215942383,-14.019363403320312,-4.362348556518555,-4.44297981262207,0.06743907928466797,0.060494422912597656,0.06396675109863281,True,True,
pair_0050,13,02,01,01,pair_0050_happy,pair_0050_sad,upper_prompt__lower_spaced,Listen to the speech. Is the speaker HAPPY or SAD? Answer only HAPPY or SAD., happy, sad,[6247],[12421],audio_restore,audio_restore_at_18,17,18,,"[{""layer"":17,""patch_kind"":""audio_tokens"",""source"":""donor""},{""layer"":18,""patch_kind"":""audio_tokens"",""source"":""target""}]",post_decoder_block_output,audio_tokens,-18.306961059570312,-15.119586944580078,-17.864843368530273,-14.535221099853516,-3.1873741149902344,-3.329622268676758,-18.329999923706055,-15.133288383483887,-17.833999633789062,-14.517985343933105,-3.196711540222168,-3.316014289855957,0.009337425231933594,0.013607978820800781,0.011472702026367188,True,True,
pair_0051,13,02,02,01,pair_0051_happy,pair_0051_sad,upper_prompt__lower_spaced,Listen to the speech. Is the speaker HAPPY or SAD? Answer only HAPPY or SAD., happy, sad,[6247],[12421],audio_restore,audio_restore_at_18,17,18,,"[{""layer"":17,""patch_kind"":""audio_tokens"",""source"":""donor""},{""layer"":18,""patch_kind"":""audio_tokens"",""source"":""target""}]",post_decoder_block_output,audio_tokens,-18.100208282470703,-14.651471138000488,-17.757957458496094,-14.480119705200195,-3.448737144470215,-3.2778377532958984,-18.039466857910156,-14.707709312438965,-17.819704055786133,-14.418876647949219,-3.3317575454711914,-3.400827407836914,-0.11697959899902344,-0.12298965454101562,-0.11998462677001953,False,False,
pair_0052,14,01,01,01,pair_0052_happy,pair_0052_sad,upper_prompt__lower_spaced,Listen to the speech. Is the speaker HAPPY or SAD? Answer only HAPPY or SAD., happy, sad,[6247],[12421],audio_restore,audio_restore_at_18,17,18,,"[{""layer"":17,""patch_kind"":""audio_tokens"",""source"":""donor""},{""layer"":18,""patch_kind"":""audio_tokens"",""source"":""target""}]",post_decoder_block_output,audio_tokens,-18.30115509033203,-14.129631996154785,-18.541845321655273,-13.755435943603516,-4.171523094177246,-4.786409378051758,-18.337831497192383,-14.183112144470215,-18.511926651000977,-13.701070785522461,-4.154719352722168,-4.810855865478516,-0.016803741455078125,-0.024446487426757812,-0.02062511444091797,False,False,
pair_0053,14,01,02,01,pair_0053_happy,pair_0053_sad,upper_prompt__lower_spaced,Listen to the speech. Is the speaker HAPPY or SAD? Answer only HAPPY or SAD., happy, sad,[6247],[12421],audio_restore,audio_restore_at_18,17,18,,"[{""layer"":17,""patch_kind"":""audio_tokens"",""source"":""donor""},{""layer"":18,""patch_kind"":""audio_tokens"",""source"":""target""}]",post_decoder_block_output,audio_tokens,-18.31179428100586,-14.19974422454834,-18.716501235961914,-14.0404052734375,-4.1120500564575195,-4.676095962524414,-18.446462631225586,-14.249540328979492,-18.570903778076172,-13.984914779663086,-4.196922302246094,-4.585988998413086,0.08487224578857422,0.09010696411132812,0.08748960494995117,True,True,
pair_0054,14,02,01,01,pair_0054_happy,pair_0054_sad,upper_prompt__lower_spaced,Listen to the speech. Is the speaker HAPPY or SAD? Answer only HAPPY or SAD., happy, sad,[6247],[12421],audio_restore,audio_restore_at_18,17,18,,"[{""layer"":17,""patch_kind"":""audio_tokens"",""source"":""donor""},{""layer"":18,""patch_kind"":""audio_tokens"",""source"":""target""}]",post_decoder_block_output,audio_tokens,-18.179431915283203,-14.604537963867188,-18.362808227539062,-14.593923568725586,-3.5748939514160156,-3.7688846588134766,-18.189449310302734,-14.583075523376465,-18.357986450195312,-14.618660926818848,-3.6063737869262695,-3.739325523376465,0.031479835510253906,0.02955913543701172,0.030519485473632812,True,True,
pair_0055,14,02,02,01,pair_0055_happy,pair_0055_sad,upper_prompt__lower_spaced,Listen to the speech. Is the speaker HAPPY or SAD? Answer only HAPPY or SAD., happy, sad,[6247],[12421],audio_restore,audio_restore_at_18,17,18,,"[{""layer"":17,""patch_kind"":""audio_tokens"",""source"":""donor""},{""layer"":18,""patch_kind"":""audio_tokens"",""source"":""target""}]",post_decoder_block_output,audio_tokens,-18.11598014831543,-14.773356437683105,-18.366622924804688,-14.505785942077637,-3.342623710632324,-3.860836982727051,-18.085926055908203,-14.735803604125977,-18.390727996826172,-14.535652160644531,-3.3501224517822266,-3.8550758361816406,0.007498741149902344,0.005761146545410156,0.00662994384765625,True,True,
pair_0056,15,01,01,01,pair_0056_happy,pair_0056_sad,upper_prompt__lower_spaced,Listen to the speech. Is the speaker HAPPY or SAD? Answer only HAPPY or SAD., happy, sad,[6247],[12421],audio_restore,audio_restore_at_18,17,18,,"[{""layer"":17,""patch_kind"":""audio_tokens"",""source"":""donor""},{""layer"":18,""patch_kind"":""audio_tokens"",""source"":""target""}]",post_decoder_block_output,audio_tokens,-18.614431381225586,-14.383585929870605,-18.931833267211914,-14.995478630065918,-4.2308454513549805,-3.936354637145996,-18.695207595825195,-14.513972282409668,-18.850862503051758,-14.86189079284668,-4.181235313415527,-3.988971710205078,-0.049610137939453125,-0.05261707305908203,-0.05111360549926758,False,False,
pair_0057,15,01,02,01,pair_0057_happy,pair_0057_sad,upper_prompt__lower_spaced,Listen to the speech. Is the speaker HAPPY or SAD? Answer only HAPPY or SAD., happy, sad,[6247],[12421],audio_restore,audio_restore_at_18,17,18,,"[{""layer"":17,""patch_kind"":""audio_tokens"",""source"":""donor""},{""layer"":18,""patch_kind"":""audio_tokens"",""source"":""target""}]",post_decoder_block_output,audio_tokens,-18.798620223999023,-14.357476234436035,-18.458749771118164,-14.200200080871582,-4.441143989562988,-4.258549690246582,-18.832977294921875,-14.349486351013184,-18.433870315551758,-14.208488464355469,-4.483490943908691,-4.225381851196289,0.042346954345703125,0.03316783905029297,0.03775739669799805,True,True,
pair_0058,15,02,01,01,pair_0058_happy,pair_0058_sad,upper_prompt__lower_spaced,Listen to the speech. Is the speaker HAPPY or SAD? Answer only HAPPY or SAD., happy, sad,[6247],[12421],audio_restore,audio_restore_at_18,17,18,,"[{""layer"":17,""patch_kind"":""audio_tokens"",""source"":""donor""},{""layer"":18,""patch_kind"":""audio_tokens"",""source"":""target""}]",post_decoder_block_output,audio_tokens,-18.081218719482422,-14.281206130981445,-18.09486961364746,-14.704352378845215,-3.8000125885009766,-3.390517234802246,-18.09161376953125,-14.307034492492676,-18.081872940063477,-14.680622100830078,-3.784579277038574,-3.4012508392333984,-0.015433311462402344,-0.010733604431152344,-0.013083457946777344,False,False,
pair_0059,15,02,02,01,pair_0059_happy,pair_0059_sad,upper_prompt__lower_spaced,Listen to the speech. Is the speaker HAPPY or SAD? Answer only HAPPY or SAD., happy, sad,[6247],[12421],audio_restore,audio_restore_at_18,17,18,,"[{""layer"":17,""patch_kind"":""audio_tokens"",""source"":""donor""},{""layer"":18,""patch_kind"":""audio_tokens"",""source"":""target""}]",post_decoder_block_output,audio_tokens,-18.11525535583496,-14.52250862121582,-18.730762481689453,-14.458134651184082,-3.5927467346191406,-4.272627830505371,-18.124595642089844,-14.481101989746094,-18.771310806274414,-14.550357818603516,-3.64349365234375,-4.220952987670898,0.050746917724609375,0.051674842834472656,0.051210880279541016,True,True,
pair_0060,16,01,01,01,pair_0060_happy,pair_0060_sad,upper_prompt__lower_spaced,Listen to the speech. Is the speaker HAPPY or SAD? Answer only HAPPY or SAD., happy, sad,[6247],[12421],audio_restore,audio_restore_at_18,17,18,,"[{""layer"":17,""patch_kind"":""audio_tokens"",""source"":""donor""},{""layer"":18,""patch_kind"":""audio_tokens"",""source"":""target""}]",post_decoder_block_output,audio_tokens,-18.571680068969727,-13.818909645080566,-18.521808624267578,-13.838467597961426,-4.75277042388916,-4.683341026306152,-18.545881271362305,-13.79454231262207,-18.54900360107422,-13.860161781311035,-4.751338958740234,-4.688841819763184,-0.0014314651489257812,-0.00550079345703125,-0.0034661293029785156,False,False,
pair_0061,16,01,02,01,pair_0061_happy,pair_0061_sad,upper_prompt__lower_spaced,Listen to the speech. Is the speaker HAPPY or SAD? Answer only HAPPY or SAD., happy, sad,[6247],[12421],audio_restore,audio_restore_at_18,17,18,,"[{""layer"":17,""patch_kind"":""audio_tokens"",""source"":""donor""},{""layer"":18,""patch_kind"":""audio_tokens"",""source"":""target""}]",post_decoder_block_output,audio_tokens,-18.674955368041992,-14.01839542388916,-18.26150131225586,-14.158429145812988,-4.656559944152832,-4.103072166442871,-18.68267250061035,-13.970158576965332,-18.264616012573242,-14.229016304016113,-4.7125139236450195,-4.035599708557129,0.0559539794921875,0.06747245788574219,0.061713218688964844,True,True,
pair_0062,16,02,01,01,pair_0062_happy,pair_0062_sad,upper_prompt__lower_spaced,Listen to the speech. Is the speaker HAPPY or SAD? Answer only HAPPY or SAD., happy, sad,[6247],[12421],audio_restore,audio_restore_at_18,17,18,,"[{""layer"":17,""patch_kind"":""audio_tokens"",""source"":""donor""},{""layer"":18,""patch_kind"":""audio_tokens"",""source"":""target""}]",post_decoder_block_output,audio_tokens,-18.027568817138672,-14.464719772338867,-17.90529441833496,-14.368427276611328,-3.5628490447998047,-3.536867141723633,-18.044347763061523,-14.473710060119629,-17.889400482177734,-14.354752540588379,-3.5706377029418945,-3.5346479415893555,0.007788658142089844,0.0022192001342773438,0.005003929138183594,True,True,
pair_0063,16,02,02,01,pair_0063_happy,pair_0063_sad,upper_prompt__lower_spaced,Listen to the speech. Is the speaker HAPPY or SAD? Answer only HAPPY or SAD., happy, sad,[6247],[12421],audio_restore,audio_restore_at_18,17,18,,"[{""layer"":17,""patch_kind"":""audio_tokens"",""source"":""donor""},{""layer"":18,""patch_kind"":""audio_tokens"",""source"":""target""}]",post_decoder_block_output,audio_tokens,-17.94687271118164,-14.69902515411377,-18.040203094482422,-14.327467918395996,-3.247847557067871,-3.712735176086426,-17.965133666992188,-14.67882251739502,-18.028141021728516,-14.336922645568848,-3.286311149597168,-3.691218376159668,0.038463592529296875,0.021516799926757812,0.029990196228027344,True,True,
pair_0064,17,01,01,01,pair_0064_happy,pair_0064_sad,upper_prompt__lower_spaced,Listen to the speech. Is the speaker HAPPY or SAD? Answer only HAPPY or SAD., happy, sad,[6247],[12421],audio_restore,audio_restore_at_18,17,18,,"[{""layer"":17,""patch_kind"":""audio_tokens"",""source"":""donor""},{""layer"":18,""patch_kind"":""audio_tokens"",""source"":""target""}]",post_decoder_block_output,audio_tokens,-18.533706665039062,-14.080385208129883,-18.318815231323242,-13.884380340576172,-4.45332145690918,-4.43443489074707,-18.522598266601562,-14.040021896362305,-18.33110237121582,-13.924728393554688,-4.482576370239258,-4.406373977661133,0.029254913330078125,0.0280609130859375,0.028657913208007812,True,True,
pair_0065,17,01,02,01,pair_0065_happy,pair_0065_sad,upper_prompt__lower_spaced,Listen to the speech. Is the speaker HAPPY or SAD? Answer only HAPPY or SAD., happy, sad,[6247],[12421],audio_restore,audio_restore_at_18,17,18,,"[{""layer"":17,""patch_kind"":""audio_tokens"",""source"":""donor""},{""layer"":18,""patch_kind"":""audio_tokens"",""source"":""target""}]",post_decoder_block_output,audio_tokens,-18.401418685913086,-14.052645683288574,-18.25725746154785,-13.967479705810547,-4.348773002624512,-4.289777755737305,-18.390405654907227,-14.00892448425293,-18.27538299560547,-14.011168479919434,-4.381481170654297,-4.264214515686035,0.032708168029785156,0.02556324005126953,0.029135704040527344,True,True,
pair_0066,17,02,01,01,pair_0066_happy,pair_0066_sad,upper_prompt__lower_spaced,Listen to the speech. Is the speaker HAPPY or SAD? Answer only HAPPY or SAD., happy, sad,[6247],[12421],audio_restore,audio_restore_at_18,17,18,,"[{""layer"":17,""patch_kind"":""audio_tokens"",""source"":""donor""},{""layer"":18,""patch_kind"":""audio_tokens"",""source"":""target""}]",post_decoder_block_output,audio_tokens,-18.203441619873047,-14.283772468566895,-18.37724494934082,-14.227227210998535,-3.9196691513061523,-4.150017738342285,-18.211366653442383,-14.268582344055176,-18.378042221069336,-14.251080513000488,-3.942784309387207,-4.126961708068848,0.023115158081054688,0.0230560302734375,0.023085594177246094,True,True,
pair_0067,17,02,02,01,pair_0067_happy,pair_0067_sad,upper_prompt__lower_spaced,Listen to the speech. Is the speaker HAPPY or SAD? Answer only HAPPY or SAD., happy, sad,[6247],[12421],audio_restore,audio_restore_at_18,17,18,,"[{""layer"":17,""patch_kind"":""audio_tokens"",""source"":""donor""},{""layer"":18,""patch_kind"":""audio_tokens"",""source"":""target""}]",post_decoder_block_output,audio_tokens,-18.189525604248047,-14.367218017578125,-18.002729415893555,-14.506258010864258,-3.822307586669922,-3.496471405029297,-18.234174728393555,-14.414243698120117,-17.9592227935791,-14.476761817932129,-3.8199310302734375,-3.4824609756469727,-0.002376556396484375,0.014010429382324219,0.005816936492919922,False,True,
pair_0068,18,01,01,01,pair_0068_happy,pair_0068_sad,upper_prompt__lower_spaced,Listen to the speech. Is the speaker HAPPY or SAD? Answer only HAPPY or SAD., happy, sad,[6247],[12421],audio_restore,audio_restore_at_18,17,18,,"[{""layer"":17,""patch_kind"":""audio_tokens"",""source"":""donor""},{""layer"":18,""patch_kind"":""audio_tokens"",""source"":""target""}]",post_decoder_block_output,audio_tokens,-18.210012435913086,-14.200634002685547,-18.49770736694336,-14.28528118133545,-4.009378433227539,-4.21242618560791,-18.240983963012695,-14.28119945526123,-18.47597312927246,-14.221393585205078,-3.959784507751465,-4.254579544067383,-0.04959392547607422,-0.042153358459472656,-0.04587364196777344,False,False,
pair_0069,18,01,02,01,pair_0069_happy,pair_0069_sad,upper_prompt__lower_spaced,Listen to the speech. Is the speaker HAPPY or SAD? Answer only HAPPY or SAD., happy, sad,[6247],[12421],audio_restore,audio_restore_at_18,17,18,,"[{""layer"":17,""patch_kind"":""audio_tokens"",""source"":""donor""},{""layer"":18,""patch_kind"":""audio_tokens"",""source"":""target""}]",post_decoder_block_output,audio_tokens,-18.684219360351562,-14.944689750671387,-18.647714614868164,-14.22707748413086,-3.739529609680176,-4.420637130737305,-18.46101188659668,-14.871997833251953,-18.883056640625,-14.303662300109863,-3.5890140533447266,-4.579394340515137,-0.15051555633544922,-0.15875720977783203,-0.15463638305664062,False,False,
pair_0070,18,02,01,01,pair_0070_happy,pair_0070_sad,upper_prompt__lower_spaced,Listen to the speech. Is the speaker HAPPY or SAD? Answer only HAPPY or SAD., happy, sad,[6247],[12421],audio_restore,audio_restore_at_18,17,18,,"[{""layer"":17,""patch_kind"":""audio_tokens"",""source"":""donor""},{""layer"":18,""patch_kind"":""audio_tokens"",""source"":""target""}]",post_decoder_block_output,audio_tokens,-18.257858276367188,-14.408829689025879,-18.45116424560547,-14.356088638305664,-3.8490285873413086,-4.095075607299805,-18.224267959594727,-14.440398216247559,-18.472917556762695,-14.329270362854004,-3.783869743347168,-4.143647193908691,-0.06515884399414062,-0.04857158660888672,-0.05686521530151367,False,False,
pair_0071,18,02,02,01,pair_0071_happy,pair_0071_sad,upper_prompt__lower_spaced,Listen to the speech. Is the speaker HAPPY or SAD? Answer only HAPPY or SAD., happy, sad,[6247],[12421],audio_restore,audio_restore_at_18,17,18,,"[{""layer"":17,""patch_kind"":""audio_tokens"",""source"":""donor""},{""layer"":18,""patch_kind"":""audio_tokens"",""source"":""target""}]",post_decoder_block_output,audio_tokens,-18.145662307739258,-13.863798141479492,-18.30503273010254,-14.476175308227539,-4.281864166259766,-3.828857421875,-18.680625915527344,-14.06163501739502,-17.9768123626709,-14.29218578338623,-4.618990898132324,-3.684626579284668,0.3371267318725586,0.14423084259033203,0.2406787872314453,True,True,
pair_0072,19,01,01,01,pair_0072_happy,pair_0072_sad,upper_prompt__lower_spaced,Listen to the speech. Is the speaker HAPPY or SAD? Answer only HAPPY or SAD., happy, sad,[6247],[12421],audio_restore,audio_restore_at_18,17,18,,"[{""layer"":17,""patch_kind"":""audio_tokens"",""source"":""donor""},{""layer"":18,""patch_kind"":""audio_tokens"",""source"":""target""}]",post_decoder_block_output,audio_tokens,-18.514738082885742,-14.067811965942383,-18.540695190429688,-13.83083438873291,-4.446926116943359,-4.709860801696777,-18.545629501342773,-13.964335441589355,-18.523847579956055,-13.936517715454102,-4.581294059753418,-4.587329864501953,0.1343679428100586,0.12253093719482422,0.1284494400024414,True,True,
pair_0073,19,01,02,01,pair_0073_happy,pair_0073_sad,upper_prompt__lower_spaced,Listen to the speech. Is the speaker HAPPY or SAD? Answer only HAPPY or SAD., happy, sad,[6247],[12421],audio_restore,audio_restore_at_18,17,18,,"[{""layer"":17,""patch_kind"":""audio_tokens"",""source"":""donor""},{""layer"":18,""patch_kind"":""audio_tokens"",""source"":""target""}]",post_decoder_block_output,audio_tokens,-18.675731658935547,-13.967928886413574,-18.710811614990234,-14.28913688659668,-4.707802772521973,-4.421674728393555,-18.821456909179688,-13.999521255493164,-18.566177368164062,-14.263429641723633,-4.821935653686523,-4.30274772644043,0.11413288116455078,0.118927001953125,0.11652994155883789,True,True,
pair_0074,19,02,01,01,pair_0074_happy,pair_0074_sad,upper_prompt__lower_spaced,Listen to the speech. Is the speaker HAPPY or SAD? Answer only HAPPY or SAD., happy, sad,[6247],[12421],audio_restore,audio_restore_at_18,17,18,,"[{""layer"":17,""patch_kind"":""audio_tokens"",""source"":""donor""},{""layer"":18,""patch_kind"":""audio_tokens"",""source"":""target""}]",post_decoder_block_output,audio_tokens,-18.20193099975586,-14.081350326538086,-18.033628463745117,-12.836380004882812,-4.120580673217773,-5.197248458862305,-18.185604095458984,-14.116694450378418,-18.05948829650879,-12.797276496887207,-4.068909645080566,-5.262211799621582,-0.05167102813720703,-0.06496334075927734,-0.05831718444824219,False,False,
pair_0075,19,02,02,01,pair_0075_happy,pair_0075_sad,upper_prompt__lower_spaced,Listen to the speech. Is the speaker HAPPY or SAD? Answer only HAPPY or SAD., happy, sad,[6247],[12421],audio_restore,audio_restore_at_18,17,18,,"[{""layer"":17,""patch_kind"":""audio_tokens"",""source"":""donor""},{""layer"":18,""patch_kind"":""audio_tokens"",""source"":""target""}]",post_decoder_block_output,audio_tokens,-17.312185287475586,-14.008975982666016,-17.768232345581055,-14.52195930480957,-3.3032093048095703,-3.2462730407714844,-17.4093017578125,-14.009133338928223,-17.63335609436035,-14.517671585083008,-3.4001684188842773,-3.1156845092773438,0.09695911407470703,0.13058853149414062,0.11377382278442383,True,True,
pair_0076,20,01,01,01,pair_0076_happy,pair_0076_sad,upper_prompt__lower_spaced,Listen to the speech. Is the speaker HAPPY or SAD? Answer only HAPPY or SAD., happy, sad,[6247],[12421],audio_restore,audio_restore_at_18,17,18,,"[{""layer"":17,""patch_kind"":""audio_tokens"",""source"":""donor""},{""layer"":18,""patch_kind"":""audio_tokens"",""source"":""target""}]",post_decoder_block_output,audio_tokens,-18.47559928894043,-13.930008888244629,-18.531600952148438,-13.823415756225586,-4.545590400695801,-4.708185195922852,-18.574241638183594,-13.983255386352539,-18.459436416625977,-13.784867286682129,-4.590986251831055,-4.674569129943848,0.045395851135253906,0.033616065979003906,0.039505958557128906,True,True,
pair_0077,20,01,02,01,pair_0077_happy,pair_0077_sad,upper_prompt__lower_spaced,Listen to the speech. Is the speaker HAPPY or SAD? Answer only HAPPY or SAD., happy, sad,[6247],[12421],audio_restore,audio_restore_at_18,17,18,,"[{""layer"":17,""patch_kind"":""audio_tokens"",""source"":""donor""},{""layer"":18,""patch_kind"":""audio_tokens"",""source"":""target""}]",post_decoder_block_output,audio_tokens,-18.271272659301758,-14.129005432128906,-18.48236846923828,-14.481040000915527,-4.142267227172852,-4.001328468322754,-18.385364532470703,-14.208706855773926,-18.374740600585938,-14.386651039123535,-4.176657676696777,-3.9880895614624023,0.03439044952392578,0.013238906860351562,0.023814678192138672,True,True,
pair_0078,20,02,01,01,pair_0078_happy,pair_0078_sad,upper_prompt__lower_spaced,Listen to the speech. Is the speaker HAPPY or SAD? Answer only HAPPY or SAD., happy, sad,[6247],[12421],audio_restore,audio_restore_at_18,17,18,,"[{""layer"":17,""patch_kind"":""audio_tokens"",""source"":""donor""},{""layer"":18,""patch_kind"":""audio_tokens"",""source"":""target""}]",post_decoder_block_output,audio_tokens,-18.257326126098633,-14.755581855773926,-18.208616256713867,-14.755860328674316,-3.501744270324707,-3.452755928039551,-17.990819931030273,-14.598067283630371,-18.511018753051758,-14.873274803161621,-3.3927526473999023,-3.6377439498901367,-0.10899162292480469,-0.18498802185058594,-0.1469898223876953,False,False,
pair_0079,20,02,02,01,pair_0079_happy,pair_0079_sad,upper_prompt__lower_spaced,Listen to the speech. Is the speaker HAPPY or SAD? Answer only HAPPY or SAD., happy, sad,[6247],[12421],audio_restore,audio_restore_at_18,17,18,,"[{""layer"":17,""patch_kind"":""audio_tokens"",""source"":""donor""},{""layer"":18,""patch_kind"":""audio_tokens"",""source"":""target""}]",post_decoder_block_output,audio_tokens,-18.42920684814453,-14.564261436462402,-17.751972198486328,-14.094348907470703,-3.864945411682129,-3.657623291015625,-18.420446395874023,-14.524627685546875,-17.754037857055664,-14.126928329467773,-3.8958187103271484,-3.6271095275878906,0.03087329864501953,0.030513763427734375,0.030693531036376953,True,True,
pair_0080,21,01,01,01,pair_0080_happy,pair_0080_sad,upper_prompt__lower_spaced,Listen to the speech. Is the speaker HAPPY or SAD? Answer only HAPPY or SAD., happy, sad,[6247],[12421],audio_restore,audio_restore_at_18,17,18,,"[{""layer"":17,""patch_kind"":""audio_tokens"",""source"":""donor""},{""layer"":18,""patch_kind"":""audio_tokens"",""source"":""target""}]",post_decoder_block_output,audio_tokens,-18.470245361328125,-14.200312614440918,-18.25367546081543,-14.158926010131836,-4.269932746887207,-4.094749450683594,-18.371585845947266,-14.083385467529297,-18.345260620117188,-14.271188735961914,-4.288200378417969,-4.074071884155273,0.01826763153076172,0.020677566528320312,0.019472599029541016,True,True,
pair_0081,21,01,02,01,pair_0081_happy,pair_0081_sad,upper_prompt__lower_spaced,Listen to the speech. Is the speaker HAPPY or SAD? Answer only HAPPY or SAD., happy, sad,[6247],[12421],audio_restore,audio_restore_at_18,17,18,,"[{""layer"":17,""patch_kind"":""audio_tokens"",""source"":""donor""},{""layer"":18,""patch_kind"":""audio_tokens"",""source"":""target""}]",post_decoder_block_output,audio_tokens,-18.46053123474121,-14.23830509185791,-18.299312591552734,-14.097284317016602,-4.222226142883301,-4.202028274536133,-18.434337615966797,-14.13776969909668,-18.329439163208008,-14.211071014404297,-4.296567916870117,-4.118368148803711,0.0743417739868164,0.08366012573242188,0.07900094985961914,True,True,
pair_0082,21,02,01,01,pair_0082_happy,pair_0082_sad,upper_prompt__lower_spaced,Listen to the speech. Is the speaker HAPPY or SAD? Answer only HAPPY or SAD., happy, sad,[6247],[12421],audio_restore,audio_restore_at_18,17,18,,"[{""layer"":17,""patch_kind"":""audio_tokens"",""source"":""donor""},{""layer"":18,""patch_kind"":""audio_tokens"",""source"":""target""}]",post_decoder_block_output,audio_tokens,-17.97361183166504,-14.197131156921387,-17.829065322875977,-14.487285614013672,-3.7764806747436523,-3.3417797088623047,-18.04108238220215,-14.204337120056152,-17.74759864807129,-14.482274055480957,-3.836745262145996,-3.265324592590332,0.06026458740234375,0.07645511627197266,0.0683598518371582,True,True,
pair_0083,21,02,02,01,pair_0083_happy,pair_0083_sad,upper_prompt__lower_spaced,Listen to the speech. Is the speaker HAPPY or SAD? Answer only HAPPY or SAD., happy, sad,[6247],[12421],audio_restore,audio_restore_at_18,17,18,,"[{""layer"":17,""patch_kind"":""audio_tokens"",""source"":""donor""},{""layer"":18,""patch_kind"":""audio_tokens"",""source"":""target""}]",post_decoder_block_output,audio_tokens,-17.93297576904297,-14.61596965789795,-18.092235565185547,-14.633484840393066,-3.3170061111450195,-3.4587507247924805,-17.853479385375977,-14.594066619873047,-18.16536521911621,-14.65545654296875,-3.2594127655029297,-3.509908676147461,-0.057593345642089844,-0.05115795135498047,-0.054375648498535156,False,False,
pair_0084,22,01,01,01,pair_0084_happy,pair_0084_sad,upper_prompt__lower_spaced,Listen to the speech. Is the speaker HAPPY or SAD? Answer only HAPPY or SAD., happy, sad,[6247],[12421],audio_restore,audio_restore_at_18,17,18,,"[{""layer"":17,""patch_kind"":""audio_tokens"",""source"":""donor""},{""layer"":18,""patch_kind"":""audio_tokens"",""source"":""target""}]",post_decoder_block_output,audio_tokens,-18.682262420654297,-14.192432403564453,-18.470258712768555,-13.706429481506348,-4.489830017089844,-4.763829231262207,-18.706239700317383,-14.176379203796387,-18.4421329498291,-13.714706420898438,-4.529860496520996,-4.727426528930664,0.040030479431152344,0.03640270233154297,0.038216590881347656,True,True,
pair_0085,22,01,02,01,pair_0085_happy,pair_0085_sad,upper_prompt__lower_spaced,Listen to the speech. Is the speaker HAPPY or SAD? Answer only HAPPY or SAD., happy, sad,[6247],[12421],audio_restore,audio_restore_at_18,17,18,,"[{""layer"":17,""patch_kind"":""audio_tokens"",""source"":""donor""},{""layer"":18,""patch_kind"":""audio_tokens"",""source"":""target""}]",post_decoder_block_output,audio_tokens,-18.272850036621094,-14.236717224121094,-18.724578857421875,-14.284399032592773,-4.0361328125,-4.440179824829102,-18.254995346069336,-14.252082824707031,-18.761215209960938,-14.262346267700195,-4.002912521362305,-4.498868942260742,-0.03322029113769531,-0.058689117431640625,-0.04595470428466797,False,False,
pair_0086,22,02,01,01,pair_0086_happy,pair_0086_sad,upper_prompt__lower_spaced,Listen to the speech. Is the speaker HAPPY or SAD? Answer only HAPPY or SAD., happy, sad,[6247],[12421],audio_restore,audio_restore_at_18,17,18,,"[{""layer"":17,""patch_kind"":""audio_tokens"",""source"":""donor""},{""layer"":18,""patch_kind"":""audio_tokens"",""source"":""target""}]",post_decoder_block_output,audio_tokens,-18.112878799438477,-14.50664234161377,-18.061094284057617,-14.396312713623047,-3.606236457824707,-3.6647815704345703,-18.139795303344727,-14.524003982543945,-18.03084373474121,-14.378772735595703,-3.6157913208007812,-3.652070999145508,0.009554862976074219,0.0127105712890625,0.01113271713256836,True,True,
pair_0087,22,02,02,01,pair_0087_happy,pair_0087_sad,upper_prompt__lower_spaced,Listen to the speech. Is the speaker HAPPY or SAD? Answer only HAPPY or SAD., happy, sad,[6247],[12421],audio_restore,audio_restore_at_18,17,18,,"[{""layer"":17,""patch_kind"":""audio_tokens"",""source"":""donor""},{""layer"":18,""patch_kind"":""audio_tokens"",""source"":""target""}]",post_decoder_block_output,audio_tokens,-17.975412368774414,-14.336179733276367,-17.852388381958008,-14.33988094329834,-3.639232635498047,-3.512507438659668,-18.019453048706055,-14.342161178588867,-17.802438735961914,-14.338610649108887,-3.6772918701171875,-3.4638280868530273,0.038059234619140625,0.048679351806640625,0.043369293212890625,True,True,
pair_0088,23,01,01,01,pair_0088_happy,pair_0088_sad,upper_prompt__lower_spaced,Listen to the speech. Is the speaker HAPPY or SAD? Answer only HAPPY or SAD., happy, sad,[6247],[12421],audio_restore,audio_restore_at_18,17,18,,"[{""layer"":17,""patch_kind"":""audio_tokens"",""source"":""donor""},{""layer"":18,""patch_kind"":""audio_tokens"",""source"":""target""}]",post_decoder_block_output,audio_tokens,-18.47939682006836,-14.078022956848145,-18.001972198486328,-13.984725952148438,-4.401373863220215,-4.017246246337891,-18.41669273376465,-14.005892753601074,-18.077442169189453,-14.051769256591797,-4.410799980163574,-4.025672912597656,0.009426116943359375,-0.008426666259765625,0.000499725341796875,True,False,
pair_0089,23,01,02,01,pair_0089_happy,pair_0089_sad,upper_prompt__lower_spaced,Listen to the speech. Is the speaker HAPPY or SAD? Answer only HAPPY or SAD., happy, sad,[6247],[12421],audio_restore,audio_restore_at_18,17,18,,"[{""layer"":17,""patch_kind"":""audio_tokens"",""source"":""donor""},{""layer"":18,""patch_kind"":""audio_tokens"",""source"":""target""}]",post_decoder_block_output,audio_tokens,-18.697004318237305,-14.208320617675781,-18.652122497558594,-14.244013786315918,-4.488683700561523,-4.408108711242676,-18.665786743164062,-14.220640182495117,-18.663022994995117,-14.21760082244873,-4.445146560668945,-4.445422172546387,-0.043537139892578125,-0.03731346130371094,-0.04042530059814453,False,False,
pair_0090,23,02,01,01,pair_0090_happy,pair_0090_sad,upper_prompt__lower_spaced,Listen to the speech. Is the speaker HAPPY or SAD? Answer only HAPPY or SAD., happy, sad,[6247],[12421],audio_restore,audio_restore_at_18,17,18,,"[{""layer"":17,""patch_kind"":""audio_tokens"",""source"":""donor""},{""layer"":18,""patch_kind"":""audio_tokens"",""source"":""target""}]",post_decoder_block_output,audio_tokens,-18.12325668334961,-14.155843734741211,-17.865354537963867,-14.407626152038574,-3.9674129486083984,-3.457728385925293,-18.14663314819336,-14.252204895019531,-17.806655883789062,-14.32634449005127,-3.894428253173828,-3.480311393737793,-0.07298469543457031,-0.0225830078125,-0.047783851623535156,False,False,
pair_0091,23,02,02,01,pair_0091_happy,pair_0091_sad,upper_prompt__lower_spaced,Listen to the speech. Is the speaker HAPPY or SAD? Answer only HAPPY or SAD., happy, sad,[6247],[12421],audio_restore,audio_restore_at_18,17,18,,"[{""layer"":17,""patch_kind"":""audio_tokens"",""source"":""donor""},{""layer"":18,""patch_kind"":""audio_tokens"",""source"":""target""}]",post_decoder_block_output,audio_tokens,-18.110824584960938,-14.51156234741211,-17.68675994873047,-14.507476806640625,-3.599262237548828,-3.1792831420898438,-18.17749786376953,-14.628471374511719,-17.59326934814453,-14.4429349899292,-3.5490264892578125,-3.150334358215332,-0.050235748291015625,0.02894878387451172,-0.010643482208251953,False,True,
pair_0092,24,01,01,01,pair_0092_happy,pair_0092_sad,upper_prompt__lower_spaced,Listen to the speech. Is the speaker HAPPY or SAD? Answer only HAPPY or SAD., happy, sad,[6247],[12421],audio_restore,audio_restore_at_18,17,18,,"[{""layer"":17,""patch_kind"":""audio_tokens"",""source"":""donor""},{""layer"":18,""patch_kind"":""audio_tokens"",""source"":""target""}]",post_decoder_block_output,audio_tokens,-18.272140502929688,-14.17473030090332,-18.658676147460938,-13.953152656555176,-4.097410202026367,-4.705523490905762,-18.305286407470703,-14.152495384216309,-18.626266479492188,-13.973907470703125,-4.1527910232543945,-4.6523590087890625,0.055380821228027344,0.05316448211669922,0.05427265167236328,True,True,
pair_0093,24,01,02,01,pair_0093_happy,pair_0093_sad,upper_prompt__lower_spaced,Listen to the speech. Is the speaker HAPPY or SAD? Answer only HAPPY or SAD., happy, sad,[6247],[12421],audio_restore,audio_restore_at_18,17,18,,"[{""layer"":17,""patch_kind"":""audio_tokens"",""source"":""donor""},{""layer"":18,""patch_kind"":""audio_tokens"",""source"":""target""}]",post_decoder_block_output,audio_tokens,-18.38443946838379,-14.200296401977539,-18.802410125732422,-14.208366394042969,-4.18414306640625,-4.594043731689453,-18.351924896240234,-14.174386024475098,-18.84674835205078,-14.22453498840332,-4.177538871765137,-4.622213363647461,-0.006604194641113281,-0.028169631958007812,-0.017386913299560547,False,False,
pair_0094,24,02,01,01,pair_0094_happy,pair_0094_sad,upper_prompt__lower_spaced,Listen to the speech. Is the speaker HAPPY or SAD? Answer only HAPPY or SAD., happy, sad,[6247],[12421],audio_restore,audio_restore_at_18,17,18,,"[{""layer"":17,""patch_kind"":""audio_tokens"",""source"":""donor""},{""layer"":18,""patch_kind"":""audio_tokens"",""source"":""target""}]",post_decoder_block_output,audio_tokens,-18.109331130981445,-14.389881134033203,-17.85662269592285,-14.2269926071167,-3.719449996948242,-3.6296300888061523,-18.155349731445312,-14.407490730285645,-17.81926918029785,-14.186095237731934,-3.747859001159668,-3.633173942565918,0.02840900421142578,-0.003543853759765625,0.012432575225830078,True,False,
pair_0095,24,02,02,01,pair_0095_happy,pair_0095_sad,upper_prompt__lower_spaced,Listen to the speech. Is the speaker HAPPY or SAD? Answer only HAPPY or SAD., happy, sad,[6247],[12421],audio_restore,audio_restore_at_18,17,18,,"[{""layer"":17,""patch_kind"":""audio_tokens"",""source"":""donor""},{""layer"":18,""patch_kind"":""audio_tokens"",""source"":""target""}]",post_decoder_block_output,audio_tokens,-17.84119987487793,-14.09777545928955,-17.919200897216797,-14.292767524719238,-3.743424415588379,-3.6264333724975586,-17.855331420898438,-14.092432022094727,-17.90802574157715,-14.299285888671875,-3.762899398803711,-3.6087398529052734,0.01947498321533203,0.017693519592285156,0.018584251403808594,True,True,
pair_0000,01,01,01,01,pair_0000_happy,pair_0000_sad,upper_prompt__lower_spaced,Listen to the speech. Is the speaker HAPPY or SAD? Answer only HAPPY or SAD., happy, sad,[6247],[12421],decision_clamp,decision_clamp_to_17,17,,17,"[{""layer"":17,""patch_kind"":""decision_token"",""source"":""donor""}]",post_decoder_block_output,decision_token,-18.784337997436523,-14.192665100097656,-18.59215545654297,-14.119668960571289,-4.591672897338867,-4.47248649597168,-18.63395118713379,-14.265569686889648,-18.755807876586914,-14.032973289489746,-4.368381500244141,-4.722834587097168,-0.22329139709472656,-0.2503480911254883,-0.23681974411010742,False,False,
pair_0001,01,01,02,01,pair_0001_happy,pair_0001_sad,upper_prompt__lower_spaced,Listen to the speech. Is the speaker HAPPY or SAD? Answer only HAPPY or SAD., happy, sad,[6247],[12421],decision_clamp,decision_clamp_to_17,17,,17,"[{""layer"":17,""patch_kind"":""decision_token"",""source"":""donor""}]",post_decoder_block_output,decision_token,-18.62534523010254,-13.82693862915039,-18.685665130615234,-13.871679306030273,-4.798406600952148,-4.813985824584961,-18.727750778198242,-13.95434284210205,-18.599119186401367,-13.741742134094238,-4.773407936096191,-4.857377052307129,-0.02499866485595703,-0.04339122772216797,-0.0341949462890625,False,False,
pair_0002,01,02,01,01,pair_0002_happy,pair_0002_sad,upper_prompt__lower_spaced,Listen to the speech. Is the speaker HAPPY or SAD? Answer only HAPPY or SAD., happy, sad,[6247],[12421],decision_clamp,decision_clamp_to_17,17,,17,"[{""layer"":17,""patch_kind"":""decision_token"",""source"":""donor""}]",post_decoder_block_output,decision_token,-18.101184844970703,-14.566595077514648,-18.250112533569336,-14.308186531066895,-3.5345897674560547,-3.9419260025024414,-18.153287887573242,-14.338512420654297,-18.200849533081055,-14.528915405273438,-3.8147754669189453,-3.671934127807617,0.2801856994628906,0.2699918746948242,0.2750887870788574,True,True,
pair_0003,01,02,02,01,pair_0003_happy,pair_0003_sad,upper_prompt__lower_spaced,Listen to the speech. Is the speaker HAPPY or SAD? Answer only HAPPY or SAD., happy, sad,[6247],[12421],decision_clamp,decision_clamp_to_17,17,,17,"[{""layer"":17,""patch_kind"":""decision_token"",""source"":""donor""}]",post_decoder_block_output,decision_token,-18.006914138793945,-14.501709938049316,-18.291980743408203,-14.688089370727539,-3.505204200744629,-3.603891372680664,-18.143598556518555,-14.67107105255127,-18.150341033935547,-14.53296947479248,-3.472527503967285,-3.6173715591430664,-0.03267669677734375,-0.013480186462402344,-0.023078441619873047,False,False,
pair_0004,02,01,01,01,pair_0004_happy,pair_0004_sad,upper_prompt__lower_spaced,Listen to the speech. Is the speaker HAPPY or SAD? Answer only HAPPY or SAD., happy, sad,[6247],[12421],decision_clamp,decision_clamp_to_17,17,,17,"[{""layer"":17,""patch_kind"":""decision_token"",""source"":""donor""}]",post_decoder_block_output,decision_token,-18.301326751708984,-14.038238525390625,-18.725671768188477,-13.857430458068848,-4.263088226318359,-4.868241310119629,-18.727388381958008,-14.010985374450684,-18.2994441986084,-13.881385803222656,-4.716403007507324,-4.418058395385742,0.45331478118896484,0.4501829147338867,0.4517488479614258,True,True,
pair_0005,02,01,02,01,pair_0005_happy,pair_0005_sad,upper_prompt__lower_spaced,Listen to the speech. Is the speaker HAPPY or SAD? Answer only HAPPY or SAD., happy, sad,[6247],[12421],decision_clamp,decision_clamp_to_17,17,,17,"[{""layer"":17,""patch_kind"":""decision_token"",""source"":""donor""}]",post_decoder_block_output,decision_token,-18.589427947998047,-14.114439964294434,-18.74413299560547,-14.046891212463379,-4.474987983703613,-4.69724178314209,-18.673147201538086,-14.196681022644043,-18.650285720825195,-13.959077835083008,-4.476466178894043,-4.6912078857421875,0.0014781951904296875,0.006033897399902344,0.0037560462951660156,True,True,
pair_0006,02,02,01,01,pair_0006_happy,pair_0006_sad,upper_prompt__lower_spaced,Listen to the speech. Is the speaker HAPPY or SAD? Answer only HAPPY or SAD., happy, sad,[6247],[12421],decision_clamp,decision_clamp_to_17,17,,17,"[{""layer"":17,""patch_kind"":""decision_token"",""source"":""donor""}]",post_decoder_block_output,decision_token,-17.821413040161133,-14.312002182006836,-17.82419204711914,-14.049148559570312,-3.509410858154297,-3.775043487548828,-17.878826141357422,-14.01630973815918,-17.761592864990234,-14.337920188903809,-3.862516403198242,-3.423672676086426,0.3531055450439453,0.35137081146240234,0.35223817825317383,True,True,
pair_0007,02,02,02,01,pair_0007_happy,pair_0007_sad,upper_prompt__lower_spaced,Listen to the speech. Is the speaker HAPPY or SAD? Answer only HAPPY or SAD., happy, sad,[6247],[12421],decision_clamp,decision_clamp_to_17,17,,17,"[{""layer"":17,""patch_kind"":""decision_token"",""source"":""donor""}]",post_decoder_block_output,decision_token,-17.819889068603516,-14.41187572479248,-17.866769790649414,-14.385616302490234,-3.408013343811035,-3.4811534881591797,-17.98099708557129,-14.322347640991211,-17.696027755737305,-14.470233917236328,-3.658649444580078,-3.2257938385009766,0.25063610076904297,0.2553596496582031,0.25299787521362305,True,True,
pair_0008,03,01,01,01,pair_0008_happy,pair_0008_sad,upper_prompt__lower_spaced,Listen to the speech. Is the speaker HAPPY or SAD? Answer only HAPPY or SAD., happy, sad,[6247],[12421],decision_clamp,decision_clamp_to_17,17,,17,"[{""layer"":17,""patch_kind"":""decision_token"",""source"":""donor""}]",post_decoder_block_output,decision_token,-18.818166732788086,-14.119091033935547,-18.65387725830078,-14.069162368774414,-4.699075698852539,-4.584714889526367,-18.70237922668457,-14.075800895690918,-18.758460998535156,-14.101617813110352,-4.626578330993652,-4.656843185424805,-0.07249736785888672,-0.0721282958984375,-0.07231283187866211,False,False,
pair_0009,03,01,02,01,pair_0009_happy,pair_0009_sad,upper_prompt__lower_spaced,Listen to the speech. Is the speaker HAPPY or SAD? Answer only HAPPY or SAD., happy, sad,[6247],[12421],decision_clamp,decision_clamp_to_17,17,,17,"[{""layer"":17,""patch_kind"":""decision_token"",""source"":""donor""}]",post_decoder_block_output,decision_token,-18.729928970336914,-14.011101722717285,-18.5625,-14.185173034667969,-4.718827247619629,-4.377326965332031,-18.631948471069336,-14.23123550415039,-18.657535552978516,-13.964376449584961,-4.400712966918945,-4.693159103393555,-0.3181142807006836,-0.31583213806152344,-0.3169732093811035,False,False,
pair_0010,03,02,01,01,pair_0010_happy,pair_0010_sad,upper_prompt__lower_spaced,Listen to the speech. Is the speaker HAPPY or SAD? Answer only HAPPY or SAD., happy, sad,[6247],[12421],decision_clamp,decision_clamp_to_17,17,,17,"[{""layer"":17,""patch_kind"":""decision_token"",""source"":""donor""}]",post_decoder_block_output,decision_token,-18.31175994873047,-14.61680793762207,-17.840412139892578,-14.470471382141113,-3.6949520111083984,-3.369940757751465,-17.832162857055664,-14.463883399963379,-18.32430648803711,-14.626097679138184,-3.368279457092285,-3.698208808898926,-0.3266725540161133,-0.32826805114746094,-0.3274703025817871,False,False,
pair_0011,03,02,02,01,pair_0011_happy,pair_0011_sad,upper_prompt__lower_spaced,Listen to the speech. Is the speaker HAPPY or SAD? Answer only HAPPY or SAD., happy, sad,[6247],[12421],decision_clamp,decision_clamp_to_17,17,,17,"[{""layer"":17,""patch_kind"":""decision_token"",""source"":""donor""}]",post_decoder_block_output,decision_token,-18.231765747070312,-14.706853866577148,-17.838123321533203,-14.506670951843262,-3.524911880493164,-3.3314523696899414,-17.9459228515625,-14.571783065795898,-18.128767013549805,-14.648118019104004,-3.3741397857666016,-3.480648994445801,-0.1507720947265625,-0.14919662475585938,-0.14998435974121094,False,False,
pair_0012,04,01,01,01,pair_0012_happy,pair_0012_sad,upper_prompt__lower_spaced,Listen to the speech. Is the speaker HAPPY or SAD? Answer only HAPPY or SAD., happy, sad,[6247],[12421],decision_clamp,decision_clamp_to_17,17,,17,"[{""layer"":17,""patch_kind"":""decision_token"",""source"":""donor""}]",post_decoder_block_output,decision_token,-18.358745574951172,-13.756012916564941,-18.717449188232422,-13.85068130493164,-4.6027326583862305,-4.866767883300781,-18.518953323364258,-14.0021333694458,-18.566650390625,-13.615728378295898,-4.516819953918457,-4.950922012329102,-0.08591270446777344,-0.08415412902832031,-0.08503341674804688,False,False,
pair_0013,04,01,02,01,pair_0013_happy,pair_0013_sad,upper_prompt__lower_spaced,Listen to the speech. Is the speaker HAPPY or SAD? Answer only HAPPY or SAD., happy, sad,[6247],[12421],decision_clamp,decision_clamp_to_17,17,,17,"[{""layer"":17,""patch_kind"":""decision_token"",""source"":""donor""}]",post_decoder_block_output,decision_token,-18.70948600769043,-14.139888763427734,-18.57384490966797,-13.96951675415039,-4.569597244262695,-4.604328155517578,-18.62661361694336,-14.063423156738281,-18.66300392150879,-14.054476737976074,-4.563190460205078,-4.608527183532715,-0.0064067840576171875,-0.004199028015136719,-0.005302906036376953,False,False,
pair_0014,04,02,01,01,pair_0014_happy,pair_0014_sad,upper_prompt__lower_spaced,Listen to the speech. Is the speaker HAPPY or SAD? Answer only HAPPY or SAD., happy, sad,[6247],[12421],decision_clamp,decision_clamp_to_17,17,,17,"[{""layer"":17,""patch_kind"":""decision_token"",""source"":""donor""}]",post_decoder_block_output,decision_token,-17.875215530395508,-14.271656036376953,-17.993194580078125,-14.42282485961914,-3.6035594940185547,-3.5703697204589844,-17.99616813659668,-14.428171157836914,-17.87226104736328,-14.256221771240234,-3.5679969787597656,-3.616039276123047,-0.03556251525878906,-0.0456695556640625,-0.04061603546142578,False,False,
pair_0015,04,02,02,01,pair_0015_happy,pair_0015_sad,upper_prompt__lower_spaced,Listen to the speech. Is the speaker HAPPY or SAD? Answer only HAPPY or SAD., happy, sad,[6247],[12421],decision_clamp,decision_clamp_to_17,17,,17,"[{""layer"":17,""patch_kind"":""decision_token"",""source"":""donor""}]",post_decoder_block_output,decision_token,-17.90298080444336,-14.51931095123291,-18.07615089416504,-14.267594337463379,-3.383669853210449,-3.80855655670166,-17.90099334716797,-14.207376480102539,-18.064138412475586,-14.576153755187988,-3.6936168670654297,-3.4879846572875977,0.30994701385498047,0.3205718994140625,0.3152594566345215,True,True,
pair_0016,05,01,01,01,pair_0016_happy,pair_0016_sad,upper_prompt__lower_spaced,Listen to the speech. Is the speaker HAPPY or SAD? Answer only HAPPY or SAD., happy, sad,[6247],[12421],decision_clamp,decision_clamp_to_17,17,,17,"[{""layer"":17,""patch_kind"":""decision_token"",""source"":""donor""}]",post_decoder_block_output,decision_token,-18.692672729492188,-14.135289192199707,-18.536806106567383,-14.340117454528809,-4.5573835372924805,-4.196688652038574,-18.443561553955078,-14.134252548217773,-18.752105712890625,-14.322689056396484,-4.309309005737305,-4.429416656494141,-0.24807453155517578,-0.2327280044555664,-0.2404012680053711,False,False,
pair_0017,05,01,02,01,pair_0017_happy,pair_0017_sad,upper_prompt__lower_spaced,Listen to the speech. Is the speaker HAPPY or SAD? Answer only HAPPY or SAD., happy, sad,[6247],[12421],decision_clamp,decision_clamp_to_17,17,,17,"[{""layer"":17,""patch_kind"":""decision_token"",""source"":""donor""}]",post_decoder_block_output,decision_token,-18.638935089111328,-14.255763053894043,-18.50379180908203,-13.944811820983887,-4.383172035217285,-4.5589799880981445,-18.509098052978516,-14.05720043182373,-18.63973617553711,-14.132723808288574,-4.451897621154785,-4.507012367248535,0.0687255859375,0.051967620849609375,0.06034660339355469,True,True,
pair_0018,05,02,01,01,pair_0018_happy,pair_0018_sad,upper_prompt__lower_spaced,Listen to the speech. Is the speaker HAPPY or SAD? Answer only HAPPY or SAD., happy, sad,[6247],[12421],decision_clamp,decision_clamp_to_17,17,,17,"[{""layer"":17,""patch_kind"":""decision_token"",""source"":""donor""}]",post_decoder_block_output,decision_token,-18.000730514526367,-14.714016914367676,-18.26675796508789,-14.785633087158203,-3.2867136001586914,-3.4811248779296875,-18.12100601196289,-14.583807945251465,-18.15534782409668,-14.92918586730957,-3.537198066711426,-3.2261619567871094,0.2504844665527344,0.2549629211425781,0.25272369384765625,True,True,
pair_0019,05,02,02,01,pair_0019_happy,pair_0019_sad,upper_prompt__lower_spaced,Listen to the speech. Is the speaker HAPPY or SAD? Answer only HAPPY or SAD., happy, sad,[6247],[12421],decision_clamp,decision_clamp_to_17,17,,17,"[{""layer"":17,""patch_kind"":""decision_token"",""source"":""donor""}]",post_decoder_block_output,decision_token,-18.202608108520508,-14.727049827575684,-17.76186752319336,-14.475021362304688,-3.475558280944824,-3.286846160888672,-17.936412811279297,-14.608631134033203,-18.025949478149414,-14.582806587219238,-3.3277816772460938,-3.443142890930176,-0.14777660369873047,-0.1562967300415039,-0.1520366668701172,False,False,
pair_0020,06,01,01,01,pair_0020_happy,pair_0020_sad,upper_prompt__lower_spaced,Listen to the speech. Is the speaker HAPPY or SAD? Answer only HAPPY or SAD., happy, sad,[6247],[12421],decision_clamp,decision_clamp_to_17,17,,17,"[{""layer"":17,""patch_kind"":""decision_token"",""source"":""donor""}]",post_decoder_block_output,decision_token,-18.270139694213867,-14.0554780960083,-18.622514724731445,-14.09838581085205,-4.214661598205566,-4.5241289138793945,-18.474445343017578,-14.130699157714844,-18.41497230529785,-14.020614624023438,-4.343746185302734,-4.394357681274414,0.12908458709716797,0.12977123260498047,0.12942790985107422,True,True,
pair_0021,06,01,02,01,pair_0021_happy,pair_0021_sad,upper_prompt__lower_spaced,Listen to the speech. Is the speaker HAPPY or SAD? Answer only HAPPY or SAD., happy, sad,[6247],[12421],decision_clamp,decision_clamp_to_17,17,,17,"[{""layer"":17,""patch_kind"":""decision_token"",""source"":""donor""}]",post_decoder_block_output,decision_token,-18.518516540527344,-14.262524604797363,-18.693706512451172,-14.079412460327148,-4.2559919357299805,-4.614294052124023,-18.69272804260254,-14.198019981384277,-18.53571891784668,-14.146718978881836,-4.494708061218262,-4.388999938964844,0.23871612548828125,0.2252941131591797,0.23200511932373047,True,True,
pair_0022,06,02,01,01,pair_0022_happy,pair_0022_sad,upper_prompt__lower_spaced,Listen to the speech. Is the speaker HAPPY or SAD? Answer only HAPPY or SAD., happy, sad,[6247],[12421],decision_clamp,decision_clamp_to_17,17,,17,"[{""layer"":17,""patch_kind"":""decision_token"",""source"":""donor""}]",post_decoder_block_output,decision_token,-18.048234939575195,-14.446083068847656,-18.00354766845703,-14.538506507873535,-3.602151870727539,-3.465041160583496,-17.821422576904297,-14.46728515625,-18.21795654296875,-14.508967399597168,-3.354137420654297,-3.708989143371582,-0.2480144500732422,-0.24394798278808594,-0.24598121643066406,False,False,
pair_0023,06,02,02,01,pair_0023_happy,pair_0023_sad,upper_prompt__lower_spaced,Listen to the speech. Is the speaker HAPPY or SAD? Answer only HAPPY or SAD., happy, sad,[6247],[12421],decision_clamp,decision_clamp_to_17,17,,17,"[{""layer"":17,""patch_kind"":""decision_token"",""source"":""donor""}]",post_decoder_block_output,decision_token,-17.950851440429688,-14.493545532226562,-18.027484893798828,-14.372323989868164,-3.457305908203125,-3.655160903930664,-17.917470932006836,-14.337569236755371,-18.063997268676758,-14.531150817871094,-3.579901695251465,-3.532846450805664,0.12259578704833984,0.122314453125,0.12245512008666992,True,True,
pair_0024,07,01,01,01,pair_0024_happy,pair_0024_sad,upper_prompt__lower_spaced,Listen to the speech. Is the speaker HAPPY or SAD? Answer only HAPPY or SAD., happy, sad,[6247],[12421],decision_clamp,decision_clamp_to_17,17,,17,"[{""layer"":17,""patch_kind"":""decision_token"",""source"":""donor""}]",post_decoder_block_output,decision_token,-18.09006118774414,-13.70536994934082,-18.24040985107422,-14.0731840133667,-4.38469123840332,-4.1672258377075195,-18.215011596679688,-13.91843318939209,-18.10244369506836,-13.861421585083008,-4.296578407287598,-4.241022109985352,-0.08811283111572266,-0.07379627227783203,-0.08095455169677734,False,False,
pair_0025,07,01,02,01,pair_0025_happy,pair_0025_sad,upper_prompt__lower_spaced,Listen to the speech. Is the speaker HAPPY or SAD? Answer only HAPPY or SAD., happy, sad,[6247],[12421],decision_clamp,decision_clamp_to_17,17,,17,"[{""layer"":17,""patch_kind"":""decision_token"",""source"":""donor""}]",post_decoder_block_output,decision_token,-18.489057540893555,-13.88498592376709,-18.49165916442871,-13.795110702514648,-4.604071617126465,-4.6965484619140625,-18.430561065673828,-13.764909744262695,-18.546123504638672,-13.920089721679688,-4.665651321411133,-4.626033782958984,0.06157970428466797,0.07051467895507812,0.06604719161987305,True,True,
pair_0026,07,02,01,01,pair_0026_happy,pair_0026_sad,upper_prompt__lower_spaced,Listen to the speech. Is the speaker HAPPY or SAD? Answer only HAPPY or SAD., happy, sad,[6247],[12421],decision_clamp,decision_clamp_to_17,17,,17,"[{""layer"":17,""patch_kind"":""decision_token"",""source"":""donor""}]",post_decoder_block_output,decision_token,-18.1934757232666,-14.413429260253906,-18.108972549438477,-14.478107452392578,-3.7800464630126953,-3.6308650970458984,-18.218463897705078,-14.51923942565918,-18.080135345458984,-14.370646476745605,-3.6992244720458984,-3.709488868713379,-0.08082199096679688,-0.07862377166748047,-0.07972288131713867,False,False,
pair_0027,07,02,02,01,pair_0027_happy,pair_0027_sad,upper_prompt__lower_spaced,Listen to the speech. Is the speaker HAPPY or SAD? Answer only HAPPY or SAD., happy, sad,[6247],[12421],decision_clamp,decision_clamp_to_17,17,,17,"[{""layer"":17,""patch_kind"":""decision_token"",""source"":""donor""}]",post_decoder_block_output,decision_token,-18.1934757232666,-14.413429260253906,-17.917301177978516,-14.347782135009766,-3.7800464630126953,-3.56951904296875,-17.939044952392578,-14.328546524047852,-18.16251564025879,-14.434696197509766,-3.6104984283447266,-3.7278194427490234,-0.16954803466796875,-0.15830039978027344,-0.1639242172241211,False,False,
pair_0028,08,01,01,01,pair_0028_happy,pair_0028_sad,upper_prompt__lower_spaced,Listen to the speech. Is the speaker HAPPY or SAD? Answer only HAPPY or SAD., happy, sad,[6247],[12421],decision_clamp,decision_clamp_to_17,17,,17,"[{""layer"":17,""patch_kind"":""decision_token"",""source"":""donor""}]",post_decoder_block_output,decision_token,-17.895870208740234,-14.022705078125,-18.853595733642578,-13.817150115966797,-3.8731651306152344,-5.036445617675781,-18.63459014892578,-13.982159614562988,-18.1396541595459,-13.865894317626953,-4.652430534362793,-4.273759841918945,0.7792654037475586,0.7626857757568359,0.7709755897521973,True,True,
pair_0029,08,01,02,01,pair_0029_happy,pair_0029_sad,upper_prompt__lower_spaced,Listen to the speech. Is the speaker HAPPY or SAD? Answer only HAPPY or SAD., happy, sad,[6247],[12421],decision_clamp,decision_clamp_to_17,17,,17,"[{""layer"":17,""patch_kind"":""decision_token"",""source"":""donor""}]",post_decoder_block_output,decision_token,-18.307472229003906,-13.782498359680176,-17.66484260559082,-13.374154090881348,-4.5249738693237305,-4.290688514709473,-17.681474685668945,-13.439798355102539,-18.34981918334961,-13.692293167114258,-4.241676330566406,-4.657526016235352,-0.2832975387573242,-0.3668375015258789,-0.32506752014160156,False,False,
pair_0030,08,02,01,01,pair_0030_happy,pair_0030_sad,upper_prompt__lower_spaced,Listen to the speech. Is the speaker HAPPY or SAD? Answer only HAPPY or SAD., happy, sad,[6247],[12421],decision_clamp,decision_clamp_to_17,17,,17,"[{""layer"":17,""patch_kind"":""decision_token"",""source"":""donor""}]",post_decoder_block_output,decision_token,-17.869657516479492,-13.974630355834961,-17.25248908996582,-14.594927787780762,-3.8950271606445312,-2.6575613021850586,-17.757143020629883,-14.300082206726074,-17.467607498168945,-14.255715370178223,-3.4570608139038086,-3.2118921279907227,-0.43796634674072266,-0.5543308258056641,-0.49614858627319336,False,False,
pair_0031,08,02,02,01,pair_0031_happy,pair_0031_sad,upper_prompt__lower_spaced,Listen to the speech. Is the speaker HAPPY or SAD? Answer only HAPPY or SAD., happy, sad,[6247],[12421],decision_clamp,decision_clamp_to_17,17,,17,"[{""layer"":17,""patch_kind"":""decision_token"",""source"":""donor""}]",post_decoder_block_output,decision_token,-17.836416244506836,-14.024099349975586,-18.205785751342773,-14.933714866638184,-3.81231689453125,-3.27207088470459,-17.742036819458008,-14.185290336608887,-18.202991485595703,-14.541852951049805,-3.556746482849121,-3.6611385345458984,-0.2555704116821289,-0.3890676498413086,-0.32231903076171875,False,False,
pair_0032,09,01,01,01,pair_0032_happy,pair_0032_sad,upper_prompt__lower_spaced,Listen to the speech. Is the speaker HAPPY or SAD? Answer only HAPPY or SAD., happy, sad,[6247],[12421],decision_clamp,decision_clamp_to_17,17,,17,"[{""layer"":17,""patch_kind"":""decision_token"",""source"":""donor""}]",post_decoder_block_output,decision_token,-18.71563148498535,-14.05175495147705,-18.32554054260254,-13.615287780761719,-4.663876533508301,-4.71025276184082,-18.405227661132812,-13.707027435302734,-18.611839294433594,-13.94229793548584,-4.698200225830078,-4.669541358947754,0.034323692321777344,0.040711402893066406,0.037517547607421875,True,True,
pair_0033,09,01,02,01,pair_0033_happy,pair_0033_sad,upper_prompt__lower_spaced,Listen to the speech. Is the speaker HAPPY or SAD? Answer only HAPPY or SAD., happy, sad,[6247],[12421],decision_clamp,decision_clamp_to_17,17,,17,"[{""layer"":17,""patch_kind"":""decision_token"",""source"":""donor""}]",post_decoder_block_output,decision_token,-18.97260284423828,-13.914822578430176,-17.69182014465332,-13.4166841506958,-5.0577802658081055,-4.2751359939575195,-17.807567596435547,-13.634225845336914,-18.761423110961914,-13.690679550170898,-4.173341751098633,-5.070743560791016,-0.8844385147094727,-0.7956075668334961,-0.8400230407714844,False,False,
pair_0034,09,02,01,01,pair_0034_happy,pair_0034_sad,upper_prompt__lower_spaced,Listen to the speech. Is the speaker HAPPY or SAD? Answer only HAPPY or SAD., happy, sad,[6247],[12421],decision_clamp,decision_clamp_to_17,17,,17,"[{""layer"":17,""patch_kind"":""decision_token"",""source"":""donor""}]",post_decoder_block_output,decision_token,-18.46145248413086,-14.497332572937012,-18.005985260009766,-14.08935832977295,-3.9641199111938477,-3.9166269302368164,-18.208782196044922,-14.317276954650879,-18.2299861907959,-14.276649475097656,-3.891505241394043,-3.953336715698242,-0.07261466979980469,-0.03670978546142578,-0.054662227630615234,False,False,
pair_0035,09,02,02,01,pair_0035_happy,pair_0035_sad,upper_prompt__lower_spaced,Listen to the speech. Is the speaker HAPPY or SAD? Answer only HAPPY or SAD., happy, sad,[6247],[12421],decision_clamp,decision_clamp_to_17,17,,17,"[{""layer"":17,""patch_kind"":""decision_token"",""source"":""donor""}]",post_decoder_block_output,decision_token,-18.263702392578125,-14.721343994140625,-18.236169815063477,-13.951910018920898,-3.5423583984375,-4.284259796142578,-18.213348388671875,-14.322718620300293,-18.273422241210938,-14.334930419921875,-3.890629768371582,-3.9384918212890625,0.34827136993408203,0.3457679748535156,0.34701967239379883,True,True,
pair_0036,10,01,01,01,pair_0036_happy,pair_0036_sad,upper_prompt__lower_spaced,Listen to the speech. Is the speaker HAPPY or SAD? Answer only HAPPY or SAD., happy, sad,[6247],[12421],decision_clamp,decision_clamp_to_17,17,,17,"[{""layer"":17,""patch_kind"":""decision_token"",""source"":""donor""}]",post_decoder_block_output,decision_token,-18.43072509765625,-14.279913902282715,-18.52195167541504,-13.862289428710938,-4.150811195373535,-4.659662246704102,-18.656763076782227,-13.97429370880127,-18.29751968383789,-14.148361206054688,-4.682469367980957,-4.149158477783203,0.5316581726074219,0.5105037689208984,0.5210809707641602,True,True,
pair_0037,10,01,02,01,pair_0037_happy,pair_0037_sad,upper_prompt__lower_spaced,Listen to the speech. Is the speaker HAPPY or SAD? Answer only HAPPY or SAD., happy, sad,[6247],[12421],decision_clamp,decision_clamp_to_17,17,,17,"[{""layer"":17,""patch_kind"":""decision_token"",""source"":""donor""}]",post_decoder_block_output,decision_token,-18.536893844604492,-14.135092735290527,-18.385366439819336,-13.990771293640137,-4.401801109313965,-4.394595146179199,-18.298723220825195,-14.008285522460938,-18.639245986938477,-14.11811351776123,-4.290437698364258,-4.521132469177246,-0.11136341094970703,-0.12653732299804688,-0.11895036697387695,False,False,
pair_0038,10,02,01,01,pair_0038_happy,pair_0038_sad,upper_prompt__lower_spaced,Listen to the speech. Is the speaker HAPPY or SAD? Answer only HAPPY or SAD., happy, sad,[6247],[12421],decision_clamp,decision_clamp_to_17,17,,17,"[{""layer"":17,""patch_kind"":""decision_token"",""source"":""donor""}]",post_decoder_block_output,decision_token,-18.626100540161133,-14.971156120300293,-18.138322830200195,-15.568587303161621,-3.65494441986084,-2.569735527038574,-17.840784072875977,-15.177489280700684,-18.783472061157227,-15.195784568786621,-2.663294792175293,-3.5876874923706055,-0.9916496276855469,-1.0179519653320312,-1.004800796508789,False,False,
pair_0039,10,02,02,01,pair_0039_happy,pair_0039_sad,upper_prompt__lower_spaced,Listen to the speech. Is the speaker HAPPY or SAD? Answer only HAPPY or SAD., happy, sad,[6247],[12421],decision_clamp,decision_clamp_to_17,17,,17,"[{""layer"":17,""patch_kind"":""decision_token"",""source"":""donor""}]",post_decoder_block_output,decision_token,-17.940845489501953,-14.391155242919922,-18.010360717773438,-14.663244247436523,-3.5496902465820312,-3.347116470336914,-18.036441802978516,-14.600988388061523,-17.879423141479492,-14.41259765625,-3.435453414916992,-3.466825485229492,-0.11423683166503906,-0.11970901489257812,-0.1169729232788086,False,False,
pair_0040,11,01,01,01,pair_0040_happy,pair_0040_sad,upper_prompt__lower_spaced,Listen to the speech. Is the speaker HAPPY or SAD? Answer only HAPPY or SAD., happy, sad,[6247],[12421],decision_clamp,decision_clamp_to_17,17,,17,"[{""layer"":17,""patch_kind"":""decision_token"",""source"":""donor""}]",post_decoder_block_output,decision_token,-18.623796463012695,-14.394556045532227,-18.4024658203125,-13.74590015411377,-4.229240417480469,-4.6565656661987305,-18.538867950439453,-14.106257438659668,-18.53264808654785,-14.07236385345459,-4.432610511779785,-4.460284233093262,0.2033700942993164,0.19628143310546875,0.19982576370239258,True,True,
pair_0041,11,01,02,01,pair_0041_happy,pair_0041_sad,upper_prompt__lower_spaced,Listen to the speech. Is the speaker HAPPY or SAD? Answer only HAPPY or SAD., happy, sad,[6247],[12421],decision_clamp,decision_clamp_to_17,17,,17,"[{""layer"":17,""patch_kind"":""decision_token"",""source"":""donor""}]",post_decoder_block_output,decision_token,-18.812341690063477,-14.09249210357666,-18.785491943359375,-13.815770149230957,-4.719849586486816,-4.969721794128418,-18.966182708740234,-14.01995849609375,-18.63016700744629,-13.874503135681152,-4.946224212646484,-4.755663871765137,0.22637462615966797,0.21405792236328125,0.2202162742614746,True,True,
pair_0042,11,02,01,01,pair_0042_happy,pair_0042_sad,upper_prompt__lower_spaced,Listen to the speech. Is the speaker HAPPY or SAD? Answer only HAPPY or SAD., happy, sad,[6247],[12421],decision_clamp,decision_clamp_to_17,17,,17,"[{""layer"":17,""patch_kind"":""decision_token"",""source"":""donor""}]",post_decoder_block_output,decision_token,-18.23929214477539,-14.638985633850098,-17.918140411376953,-14.4312105178833,-3.600306510925293,-3.4869298934936523,-17.96416664123535,-14.568289756774902,-18.197961807250977,-14.499215126037598,-3.395876884460449,-3.698746681213379,-0.20442962646484375,-0.21181678771972656,-0.20812320709228516,False,False,
pair_0043,11,02,02,01,pair_0043_happy,pair_0043_sad,upper_prompt__lower_spaced,Listen to the speech. Is the speaker HAPPY or SAD? Answer only HAPPY or SAD., happy, sad,[6247],[12421],decision_clamp,decision_clamp_to_17,17,,17,"[{""layer"":17,""patch_kind"":""decision_token"",""source"":""donor""}]",post_decoder_block_output,decision_token,-18.15532684326172,-14.518304824829102,-17.905120849609375,-14.42210578918457,-3.637022018432617,-3.4830150604248047,-17.889211654663086,-14.434564590454102,-18.17125701904297,-14.5057954788208,-3.4546470642089844,-3.665461540222168,-0.1823749542236328,-0.18244647979736328,-0.18241071701049805,False,False,
pair_0044,12,01,01,01,pair_0044_happy,pair_0044_sad,upper_prompt__lower_spaced,Listen to the speech. Is the speaker HAPPY or SAD? Answer only HAPPY or SAD., happy, sad,[6247],[12421],decision_clamp,decision_clamp_to_17,17,,17,"[{""layer"":17,""patch_kind"":""decision_token"",""source"":""donor""}]",post_decoder_block_output,decision_token,-18.62382698059082,-13.893119812011719,-18.424034118652344,-13.92949390411377,-4.730707168579102,-4.494540214538574,-18.401227951049805,-14.0203275680542,-18.643739700317383,-13.806073188781738,-4.3809003829956055,-4.8376665115356445,-0.3498067855834961,-0.3431262969970703,-0.3464665412902832,False,False,
pair_0045,12,01,02,01,pair_0045_happy,pair_0045_sad,upper_prompt__lower_spaced,Listen to the speech. Is the speaker HAPPY or SAD? Answer only HAPPY or SAD., happy, sad,[6247],[12421],decision_clamp,decision_clamp_to_17,17,,17,"[{""layer"":17,""patch_kind"":""decision_token"",""source"":""donor""}]",post_decoder_block_output,decision_token,-18.557336807250977,-14.15941333770752,-18.611474990844727,-14.103328704833984,-4.397923469543457,-4.508146286010742,-18.505369186401367,-14.0618257522583,-18.654695510864258,-14.197492599487305,-4.443543434143066,-4.457202911376953,0.045619964599609375,0.05094337463378906,0.04828166961669922,True,True,
pair_0046,12,02,01,01,pair_0046_happy,pair_0046_sad,upper_prompt__lower_spaced,Listen to the speech. Is the speaker HAPPY or SAD? Answer only HAPPY or SAD., happy, sad,[6247],[12421],decision_clamp,decision_clamp_to_17,17,,17,"[{""layer"":17,""patch_kind"":""decision_token"",""source"":""donor""}]",post_decoder_block_output,decision_token,-18.1330623626709,-14.706695556640625,-18.050931930541992,-14.204154014587402,-3.4263668060302734,-3.84677791595459,-18.053958892822266,-14.236072540283203,-18.124191284179688,-14.663739204406738,-3.8178863525390625,-3.460452079772949,0.39151954650878906,0.3863258361816406,0.38892269134521484,True,True,
pair_0047,12,02,02,01,pair_0047_happy,pair_0047_sad,upper_prompt__lower_spaced,Listen to the speech. Is the speaker HAPPY or SAD? Answer only HAPPY or SAD., happy, sad,[6247],[12421],decision_clamp,decision_clamp_to_17,17,,17,"[{""layer"":17,""patch_kind"":""decision_token"",""source"":""donor""}]",post_decoder_block_output,decision_token,-18.207361221313477,-14.713201522827148,-18.167673110961914,-14.448575019836426,-3.494159698486328,-3.7190980911254883,-18.408132553100586,-14.51146411895752,-17.975120544433594,-14.656249046325684,-3.8966684341430664,-3.31887149810791,0.4025087356567383,0.4002265930175781,0.4013676643371582,True,True,
pair_0048,13,01,01,01,pair_0048_happy,pair_0048_sad,upper_prompt__lower_spaced,Listen to the speech. Is the speaker HAPPY or SAD? Answer only HAPPY or SAD., happy, sad,[6247],[12421],decision_clamp,decision_clamp_to_17,17,,17,"[{""layer"":17,""patch_kind"":""decision_token"",""source"":""donor""}]",post_decoder_block_output,decision_token,-18.664913177490234,-14.320459365844727,-18.376577377319336,-13.990562438964844,-4.344453811645508,-4.386014938354492,-18.553646087646484,-14.130659103393555,-18.461984634399414,-14.153497695922852,-4.42298698425293,-4.3084869384765625,0.07853317260742188,0.07752799987792969,0.07803058624267578,True,True,
pair_0049,13,01,02,01,pair_0049_happy,pair_0049_sad,upper_prompt__lower_spaced,Listen to the speech. Is the speaker HAPPY or SAD? Answer only HAPPY or SAD., happy, sad,[6247],[12421],decision_clamp,decision_clamp_to_17,17,,17,"[{""layer"":17,""patch_kind"":""decision_token"",""source"":""donor""}]",post_decoder_block_output,decision_token,-18.525012969970703,-14.230103492736816,-18.583324432373047,-14.079850196838379,-4.294909477233887,-4.503474235534668,-18.372411727905273,-13.968814849853516,-18.761404037475586,-14.353351593017578,-4.403596878051758,-4.408052444458008,0.1086874008178711,0.09542179107666016,0.10205459594726562,True,True,
pair_0050,13,02,01,01,pair_0050_happy,pair_0050_sad,upper_prompt__lower_spaced,Listen to the speech. Is the speaker HAPPY or SAD? Answer only HAPPY or SAD., happy, sad,[6247],[12421],decision_clamp,decision_clamp_to_17,17,,17,"[{""layer"":17,""patch_kind"":""decision_token"",""source"":""donor""}]",post_decoder_block_output,decision_token,-18.306961059570312,-15.119586944580078,-17.864843368530273,-14.535221099853516,-3.1873741149902344,-3.329622268676758,-18.00821876525879,-14.660273551940918,-18.17082977294922,-15.005043983459473,-3.347945213317871,-3.165785789489746,0.16057109832763672,0.16383647918701172,0.16220378875732422,True,True,
pair_0051,13,02,02,01,pair_0051_happy,pair_0051_sad,upper_prompt__lower_spaced,Listen to the speech. Is the speaker HAPPY or SAD? Answer only HAPPY or SAD., happy, sad,[6247],[12421],decision_clamp,decision_clamp_to_17,17,,17,"[{""layer"":17,""patch_kind"":""decision_token"",""source"":""donor""}]",post_decoder_block_output,decision_token,-18.100208282470703,-14.651471138000488,-17.757957458496094,-14.480119705200195,-3.448737144470215,-3.2778377532958984,-17.799591064453125,-14.517558097839355,-18.061914443969727,-14.612496376037598,-3.2820329666137695,-3.449418067932129,-0.1667041778564453,-0.17158031463623047,-0.1691422462463379,False,False,
pair_0052,14,01,01,01,pair_0052_happy,pair_0052_sad,upper_prompt__lower_spaced,Listen to the speech. Is the speaker HAPPY or SAD? Answer only HAPPY or SAD., happy, sad,[6247],[12421],decision_clamp,decision_clamp_to_17,17,,17,"[{""layer"":17,""patch_kind"":""decision_token"",""source"":""donor""}]",post_decoder_block_output,decision_token,-18.30115509033203,-14.129631996154785,-18.541845321655273,-13.755435943603516,-4.171523094177246,-4.786409378051758,-18.736087799072266,-13.918871879577637,-18.12238311767578,-13.960993766784668,-4.817215919494629,-4.161389350891113,0.6456928253173828,0.6250200271606445,0.6353564262390137,True,True,
pair_0053,14,01,02,01,pair_0053_happy,pair_0053_sad,upper_prompt__lower_spaced,Listen to the speech. Is the speaker HAPPY or SAD? Answer only HAPPY or SAD., happy, sad,[6247],[12421],decision_clamp,decision_clamp_to_17,17,,17,"[{""layer"":17,""patch_kind"":""decision_token"",""source"":""donor""}]",post_decoder_block_output,decision_token,-18.31179428100586,-14.19974422454834,-18.716501235961914,-14.0404052734375,-4.1120500564575195,-4.676095962524414,-18.578868865966797,-14.00885009765625,-18.42743492126465,-14.220276832580566,-4.570018768310547,-4.207158088684082,0.45796871185302734,0.46893787384033203,0.4634532928466797,True,True,
pair_0054,14,02,01,01,pair_0054_happy,pair_0054_sad,upper_prompt__lower_spaced,Listen to the speech. Is the speaker HAPPY or SAD? Answer only HAPPY or SAD., happy, sad,[6247],[12421],decision_clamp,decision_clamp_to_17,17,,17,"[{""layer"":17,""patch_kind"":""decision_token"",""source"":""donor""}]",post_decoder_block_output,decision_token,-18.179431915283203,-14.604537963867188,-18.362808227539062,-14.593923568725586,-3.5748939514160156,-3.7688846588134766,-18.4111328125,-14.661892890930176,-18.154212951660156,-14.542305946350098,-3.749239921569824,-3.6119070053100586,0.1743459701538086,0.15697765350341797,0.16566181182861328,True,True,
pair_0055,14,02,02,01,pair_0055_happy,pair_0055_sad,upper_prompt__lower_spaced,Listen to the speech. Is the speaker HAPPY or SAD? Answer only HAPPY or SAD., happy, sad,[6247],[12421],decision_clamp,decision_clamp_to_17,17,,17,"[{""layer"":17,""patch_kind"":""decision_token"",""source"":""donor""}]",post_decoder_block_output,decision_token,-18.11598014831543,-14.773356437683105,-18.366622924804688,-14.505785942077637,-3.342623710632324,-3.860836982727051,-18.191633224487305,-14.517138481140137,-18.293746948242188,-14.76559066772461,-3.674494743347168,-3.528156280517578,0.33187103271484375,0.33268070220947266,0.3322758674621582,True,True,
pair_0056,15,01,01,01,pair_0056_happy,pair_0056_sad,upper_prompt__lower_spaced,Listen to the speech. Is the speaker HAPPY or SAD? Answer only HAPPY or SAD., happy, sad,[6247],[12421],decision_clamp,decision_clamp_to_17,17,,17,"[{""layer"":17,""patch_kind"":""decision_token"",""source"":""donor""}]",post_decoder_block_output,decision_token,-18.614431381225586,-14.383585929870605,-18.931833267211914,-14.995478630065918,-4.2308454513549805,-3.936354637145996,-18.554462432861328,-14.432791709899902,-19.00534439086914,-14.974381446838379,-4.121670722961426,-4.030962944030762,-0.10917472839355469,-0.09460830688476562,-0.10189151763916016,False,False,
pair_0057,15,01,02,01,pair_0057_happy,pair_0057_sad,upper_prompt__lower_spaced,Listen to the speech. Is the speaker HAPPY or SAD? Answer only HAPPY or SAD., happy, sad,[6247],[12421],decision_clamp,decision_clamp_to_17,17,,17,"[{""layer"":17,""patch_kind"":""decision_token"",""source"":""donor""}]",post_decoder_block_output,decision_token,-18.798620223999023,-14.357476234436035,-18.458749771118164,-14.200200080871582,-4.441143989562988,-4.258549690246582,-18.469707489013672,-14.22437858581543,-18.79621124267578,-14.337347030639648,-4.245328903198242,-4.458864212036133,-0.1958150863647461,-0.20031452178955078,-0.19806480407714844,False,False,
pair_0058,15,02,01,01,pair_0058_happy,pair_0058_sad,upper_prompt__lower_spaced,Listen to the speech. Is the speaker HAPPY or SAD? Answer only HAPPY or SAD., happy, sad,[6247],[12421],decision_clamp,decision_clamp_to_17,17,,17,"[{""layer"":17,""patch_kind"":""decision_token"",""source"":""donor""}]",post_decoder_block_output,decision_token,-18.081218719482422,-14.281206130981445,-18.09486961364746,-14.704352378845215,-3.8000125885009766,-3.390517234802246,-17.964874267578125,-14.574677467346191,-18.205081939697266,-14.407004356384277,-3.3901968002319336,-3.7980775833129883,-0.40981578826904297,-0.4075603485107422,-0.4086880683898926,False,False,
pair_0059,15,02,02,01,pair_0059_happy,pair_0059_sad,upper_prompt__lower_spaced,Listen to the speech. Is the speaker HAPPY or SAD? Answer only HAPPY or SAD., happy, sad,[6247],[12421],decision_clamp,decision_clamp_to_17,17,,17,"[{""layer"":17,""patch_kind"":""decision_token"",""source"":""donor""}]",post_decoder_block_output,decision_token,-18.11525535583496,-14.52250862121582,-18.730762481689453,-14.458134651184082,-3.5927467346191406,-4.272627830505371,-18.361684799194336,-14.23315715789795,-18.414796829223633,-14.673364639282227,-4.128527641296387,-3.7414321899414062,0.5357809066772461,0.5311956405639648,0.5334882736206055,True,True,
pair_0060,16,01,01,01,pair_0060_happy,pair_0060_sad,upper_prompt__lower_spaced,Listen to the speech. Is the speaker HAPPY or SAD? Answer only HAPPY or SAD., happy, sad,[6247],[12421],decision_clamp,decision_clamp_to_17,17,,17,"[{""layer"":17,""patch_kind"":""decision_token"",""source"":""donor""}]",post_decoder_block_output,decision_token,-18.571680068969727,-13.818909645080566,-18.521808624267578,-13.838467597961426,-4.75277042388916,-4.683341026306152,-18.456758499145508,-13.859905242919922,-18.63699722290039,-13.790786743164062,-4.596853256225586,-4.846210479736328,-0.15591716766357422,-0.16286945343017578,-0.159393310546875,False,False,
pair_0061,16,01,02,01,pair_0061_happy,pair_0061_sad,upper_prompt__lower_spaced,Listen to the speech. Is the speaker HAPPY or SAD? Answer only HAPPY or SAD., happy, sad,[6247],[12421],decision_clamp,decision_clamp_to_17,17,,17,"[{""layer"":17,""patch_kind"":""decision_token"",""source"":""donor""}]",post_decoder_block_output,decision_token,-18.674955368041992,-14.01839542388916,-18.26150131225586,-14.158429145812988,-4.656559944152832,-4.103072166442871,-18.045827865600586,-14.072582244873047,-18.903305053710938,-14.123955726623535,-3.973245620727539,-4.779349327087402,-0.683314323425293,-0.6762771606445312,-0.6797957420349121,False,False,
pair_0062,16,02,01,01,pair_0062_happy,pair_0062_sad,upper_prompt__lower_spaced,Listen to the speech. Is the speaker HAPPY or SAD? Answer only HAPPY or SAD., happy, sad,[6247],[12421],decision_clamp,decision_clamp_to_17,17,,17,"[{""layer"":17,""patch_kind"":""decision_token"",""source"":""donor""}]",post_decoder_block_output,decision_token,-18.027568817138672,-14.464719772338867,-17.90529441833496,-14.368427276611328,-3.5628490447998047,-3.536867141723633,-17.875673294067383,-14.310002326965332,-18.055770874023438,-14.514605522155762,-3.565670967102051,-3.541165351867676,0.0028219223022460938,-0.004298210144042969,-0.0007381439208984375,True,False,
pair_0063,16,02,02,01,pair_0063_happy,pair_0063_sad,upper_prompt__lower_spaced,Listen to the speech. Is the speaker HAPPY or SAD? Answer only HAPPY or SAD., happy, sad,[6247],[12421],decision_clamp,decision_clamp_to_17,17,,17,"[{""layer"":17,""patch_kind"":""decision_token"",""source"":""donor""}]",post_decoder_block_output,decision_token,-17.94687271118164,-14.69902515411377,-18.040203094482422,-14.327467918395996,-3.247847557067871,-3.712735176086426,-18.01239013671875,-14.434554100036621,-17.96381187438965,-14.575925827026367,-3.577836036682129,-3.3878860473632812,0.3299884796142578,0.32484912872314453,0.32741880416870117,True,True,
pair_0064,17,01,01,01,pair_0064_happy,pair_0064_sad,upper_prompt__lower_spaced,Listen to the speech. Is the speaker HAPPY or SAD? Answer only HAPPY or SAD., happy, sad,[6247],[12421],decision_clamp,decision_clamp_to_17,17,,17,"[{""layer"":17,""patch_kind"":""decision_token"",""source"":""donor""}]",post_decoder_block_output,decision_token,-18.533706665039062,-14.080385208129883,-18.318815231323242,-13.884380340576172,-4.45332145690918,-4.43443489074707,-18.497459411621094,-13.965181350708008,-18.353607177734375,-13.994424819946289,-4.532278060913086,-4.359182357788086,0.07895660400390625,0.07525253295898438,0.07710456848144531,True,True,
pair_0065,17,01,02,01,pair_0065_happy,pair_0065_sad,upper_prompt__lower_spaced,Listen to the speech. Is the speaker HAPPY or SAD? Answer only HAPPY or SAD., happy, sad,[6247],[12421],decision_clamp,decision_clamp_to_17,17,,17,"[{""layer"":17,""patch_kind"":""decision_token"",""source"":""donor""}]",post_decoder_block_output,decision_token,-18.401418685913086,-14.052645683288574,-18.25725746154785,-13.967479705810547,-4.348773002624512,-4.289777755737305,-18.27593421936035,-13.99966812133789,-18.397811889648438,-14.012093544006348,-4.276266098022461,-4.38571834564209,-0.07250690460205078,-0.09594058990478516,-0.08422374725341797,False,False,
pair_0066,17,02,01,01,pair_0066_happy,pair_0066_sad,upper_prompt__lower_spaced,Listen to the speech. Is the speaker HAPPY or SAD? Answer only HAPPY or SAD., happy, sad,[6247],[12421],decision_clamp,decision_clamp_to_17,17,,17,"[{""layer"":17,""patch_kind"":""decision_token"",""source"":""donor""}]",post_decoder_block_output,decision_token,-18.203441619873047,-14.283772468566895,-18.37724494934082,-14.227227210998535,-3.9196691513061523,-4.150017738342285,-18.31613540649414,-14.205587387084961,-18.27254295349121,-14.30954360961914,-4.11054801940918,-3.9629993438720703,0.19087886810302734,0.18701839447021484,0.1889486312866211,True,True,
pair_0067,17,02,02,01,pair_0067_happy,pair_0067_sad,upper_prompt__lower_spaced,Listen to the speech. Is the speaker HAPPY or SAD? Answer only HAPPY or SAD., happy, sad,[6247],[12421],decision_clamp,decision_clamp_to_17,17,,17,"[{""layer"":17,""patch_kind"":""decision_token"",""source"":""donor""}]",post_decoder_block_output,decision_token,-18.189525604248047,-14.367218017578125,-18.002729415893555,-14.506258010864258,-3.822307586669922,-3.496471405029297,-18.15643310546875,-14.602640151977539,-18.053438186645508,-14.296754837036133,-3.553792953491211,-3.756683349609375,-0.26851463317871094,-0.2602119445800781,-0.26436328887939453,False,False,
pair_0068,18,01,01,01,pair_0068_happy,pair_0068_sad,upper_prompt__lower_spaced,Listen to the speech. Is the speaker HAPPY or SAD? Answer only HAPPY or SAD., happy, sad,[6247],[12421],decision_clamp,decision_clamp_to_17,17,,17,"[{""layer"":17,""patch_kind"":""decision_token"",""source"":""donor""}]",post_decoder_block_output,decision_token,-18.210012435913086,-14.200634002685547,-18.49770736694336,-14.28528118133545,-4.009378433227539,-4.21242618560791,-18.5861759185791,-14.099884033203125,-18.1479434967041,-14.406424522399902,-4.486291885375977,-3.741518974304199,0.4769134521484375,0.47090721130371094,0.4739103317260742,True,True,
pair_0069,18,01,02,01,pair_0069_happy,pair_0069_sad,upper_prompt__lower_spaced,Listen to the speech. Is the speaker HAPPY or SAD? Answer only HAPPY or SAD., happy, sad,[6247],[12421],decision_clamp,decision_clamp_to_17,17,,17,"[{""layer"":17,""patch_kind"":""decision_token"",""source"":""donor""}]",post_decoder_block_output,decision_token,-18.684219360351562,-14.944689750671387,-18.647714614868164,-14.22707748413086,-3.739529609680176,-4.420637130737305,-19.239337921142578,-14.708000183105469,-18.153074264526367,-14.53658390045166,-4.531337738037109,-3.616490364074707,0.7918081283569336,0.8041467666625977,0.7979774475097656,True,True,
pair_0070,18,02,01,01,pair_0070_happy,pair_0070_sad,upper_prompt__lower_spaced,Listen to the speech. Is the speaker HAPPY or SAD? Answer only HAPPY or SAD., happy, sad,[6247],[12421],decision_clamp,decision_clamp_to_17,17,,17,"[{""layer"":17,""patch_kind"":""decision_token"",""source"":""donor""}]",post_decoder_block_output,decision_token,-18.257858276367188,-14.408829689025879,-18.45116424560547,-14.356088638305664,-3.8490285873413086,-4.095075607299805,-18.44559097290039,-14.311372756958008,-18.244565963745117,-14.462175369262695,-4.134218215942383,-3.782390594482422,0.2851896286010742,0.3126850128173828,0.2989373207092285,True,True,
pair_0071,18,02,02,01,pair_0071_happy,pair_0071_sad,upper_prompt__lower_spaced,Listen to the speech. Is the speaker HAPPY or SAD? Answer only HAPPY or SAD., happy, sad,[6247],[12421],decision_clamp,decision_clamp_to_17,17,,17,"[{""layer"":17,""patch_kind"":""decision_token"",""source"":""donor""}]",post_decoder_block_output,decision_token,-18.145662307739258,-13.863798141479492,-18.30503273010254,-14.476175308227539,-4.281864166259766,-3.828857421875,-18.219974517822266,-14.633072853088379,-18.583969116210938,-13.838665962219238,-3.5869016647338867,-4.745303153991699,-0.6949625015258789,-0.9164457321166992,-0.8057041168212891,False,False,
pair_0072,19,01,01,01,pair_0072_happy,pair_0072_sad,upper_prompt__lower_spaced,Listen to the speech. Is the speaker HAPPY or SAD? Answer only HAPPY or SAD., happy, sad,[6247],[12421],decision_clamp,decision_clamp_to_17,17,,17,"[{""layer"":17,""patch_kind"":""decision_token"",""source"":""donor""}]",post_decoder_block_output,decision_token,-18.514738082885742,-14.067811965942383,-18.540695190429688,-13.83083438873291,-4.446926116943359,-4.709860801696777,-18.44137191772461,-13.903785705566406,-18.620620727539062,-13.98340892791748,-4.537586212158203,-4.637211799621582,0.09066009521484375,0.07264900207519531,0.08165454864501953,True,True,
pair_0073,19,01,02,01,pair_0073_happy,pair_0073_sad,upper_prompt__lower_spaced,Listen to the speech. Is the speaker HAPPY or SAD? Answer only HAPPY or SAD., happy, sad,[6247],[12421],decision_clamp,decision_clamp_to_17,17,,17,"[{""layer"":17,""patch_kind"":""decision_token"",""source"":""donor""}]",post_decoder_block_output,decision_token,-18.675731658935547,-13.967928886413574,-18.710811614990234,-14.28913688659668,-4.707802772521973,-4.421674728393555,-18.39019775390625,-14.268105506896973,-19.02092742919922,-14.005341529846191,-4.122092247009277,-5.015585899353027,-0.5857105255126953,-0.5939111709594727,-0.589810848236084,False,False,
pair_0074,19,02,01,01,pair_0074_happy,pair_0074_sad,upper_prompt__lower_spaced,Listen to the speech. Is the speaker HAPPY or SAD? Answer only HAPPY or SAD., happy, sad,[6247],[12421],decision_clamp,decision_clamp_to_17,17,,17,"[{""layer"":17,""patch_kind"":""decision_token"",""source"":""donor""}]",post_decoder_block_output,decision_token,-18.20193099975586,-14.081350326538086,-18.033628463745117,-12.836380004882812,-4.120580673217773,-5.197248458862305,-17.668729782104492,-13.006109237670898,-18.52373504638672,-13.882417678833008,-4.662620544433594,-4.641317367553711,0.5420398712158203,0.5559310913085938,0.548985481262207,True,True,
pair_0075,19,02,02,01,pair_0075_happy,pair_0075_sad,upper_prompt__lower_spaced,Listen to the speech. Is the speaker HAPPY or SAD? Answer only HAPPY or SAD., happy, sad,[6247],[12421],decision_clamp,decision_clamp_to_17,17,,17,"[{""layer"":17,""patch_kind"":""decision_token"",""source"":""donor""}]",post_decoder_block_output,decision_token,-17.312185287475586,-14.008975982666016,-17.768232345581055,-14.52195930480957,-3.3032093048095703,-3.2462730407714844,-17.469261169433594,-14.59117603302002,-17.576082229614258,-13.92089557647705,-2.878085136413574,-3.655186653137207,-0.4251241683959961,-0.40891361236572266,-0.4170188903808594,False,False,
pair_0076,20,01,01,01,pair_0076_happy,pair_0076_sad,upper_prompt__lower_spaced,Listen to the speech. Is the speaker HAPPY or SAD? Answer only HAPPY or SAD., happy, sad,[6247],[12421],decision_clamp,decision_clamp_to_17,17,,17,"[{""layer"":17,""patch_kind"":""decision_token"",""source"":""donor""}]",post_decoder_block_output,decision_token,-18.47559928894043,-13.930008888244629,-18.531600952148438,-13.823415756225586,-4.545590400695801,-4.708185195922852,-18.37259864807129,-13.769059181213379,-18.674482345581055,-14.01826286315918,-4.60353946685791,-4.656219482421875,0.057949066162109375,0.05196571350097656,0.05495738983154297,True,True,
pair_0077,20,01,02,01,pair_0077_happy,pair_0077_sad,upper_prompt__lower_spaced,Listen to the speech. Is the speaker HAPPY or SAD? Answer only HAPPY or SAD., happy, sad,[6247],[12421],decision_clamp,decision_clamp_to_17,17,,17,"[{""layer"":17,""patch_kind"":""decision_token"",""source"":""donor""}]",post_decoder_block_output,decision_token,-18.271272659301758,-14.129005432128906,-18.48236846923828,-14.481040000915527,-4.142267227172852,-4.001328468322754,-18.104114532470703,-14.074050903320312,-18.648000717163086,-14.511188507080078,-4.030063629150391,-4.136812210083008,-0.11220359802246094,-0.1354837417602539,-0.12384366989135742,False,False,
pair_0078,20,02,01,01,pair_0078_happy,pair_0078_sad,upper_prompt__lower_spaced,Listen to the speech. Is the speaker HAPPY or SAD? Answer only HAPPY or SAD., happy, sad,[6247],[12421],decision_clamp,decision_clamp_to_17,17,,17,"[{""layer"":17,""patch_kind"":""decision_token"",""source"":""donor""}]",post_decoder_block_output,decision_token,-18.257326126098633,-14.755581855773926,-18.208616256713867,-14.755860328674316,-3.501744270324707,-3.452755928039551,-18.13055419921875,-14.12913703918457,-18.2829647064209,-15.103435516357422,-4.00141716003418,-3.1795291900634766,0.49967288970947266,0.2732267379760742,0.38644981384277344,True,True,
pair_0079,20,02,02,01,pair_0079_happy,pair_0079_sad,upper_prompt__lower_spaced,Listen to the speech. Is the speaker HAPPY or SAD? Answer only HAPPY or SAD., happy, sad,[6247],[12421],decision_clamp,decision_clamp_to_17,17,,17,"[{""layer"":17,""patch_kind"":""decision_token"",""source"":""donor""}]",post_decoder_block_output,decision_token,-18.42920684814453,-14.564261436462402,-17.751972198486328,-14.094348907470703,-3.864945411682129,-3.657623291015625,-17.93749237060547,-14.195884704589844,-18.215856552124023,-14.452173233032227,-3.741607666015625,-3.763683319091797,-0.1233377456665039,-0.10606002807617188,-0.11469888687133789,False,False,
pair_0080,21,01,01,01,pair_0080_happy,pair_0080_sad,upper_prompt__lower_spaced,Listen to the speech. Is the speaker HAPPY or SAD? Answer only HAPPY or SAD., happy, sad,[6247],[12421],decision_clamp,decision_clamp_to_17,17,,17,"[{""layer"":17,""patch_kind"":""decision_token"",""source"":""donor""}]",post_decoder_block_output,decision_token,-18.470245361328125,-14.200312614440918,-18.25367546081543,-14.158926010131836,-4.269932746887207,-4.094749450683594,-18.361997604370117,-14.369377136230469,-18.335453033447266,-13.980955123901367,-3.9926204681396484,-4.354497909545898,-0.2773122787475586,-0.2597484588623047,-0.26853036880493164,False,False,
pair_0081,21,01,02,01,pair_0081_happy,pair_0081_sad,upper_prompt__lower_spaced,Listen to the speech. Is the speaker HAPPY or SAD? Answer only HAPPY or SAD., happy, sad,[6247],[12421],decision_clamp,decision_clamp_to_17,17,,17,"[{""layer"":17,""patch_kind"":""decision_token"",""source"":""donor""}]",post_decoder_block_output,decision_token,-18.46053123474121,-14.23830509185791,-18.299312591552734,-14.097284317016602,-4.222226142883301,-4.202028274536133,-18.289472579956055,-14.253963470458984,-18.47793197631836,-14.086812973022461,-4.03550910949707,-4.391119003295898,-0.18671703338623047,-0.18909072875976562,-0.18790388107299805,False,False,
pair_0082,21,02,01,01,pair_0082_happy,pair_0082_sad,upper_prompt__lower_spaced,Listen to the speech. Is the speaker HAPPY or SAD? Answer only HAPPY or SAD., happy, sad,[6247],[12421],decision_clamp,decision_clamp_to_17,17,,17,"[{""layer"":17,""patch_kind"":""decision_token"",""source"":""donor""}]",post_decoder_block_output,decision_token,-17.97361183166504,-14.197131156921387,-17.829065322875977,-14.487285614013672,-3.7764806747436523,-3.3417797088623047,-17.74989128112793,-14.454362869262695,-18.039222717285156,-14.237349510192871,-3.2955284118652344,-3.801873207092285,-0.48095226287841797,-0.46009349822998047,-0.4705228805541992,False,False,
pair_0083,21,02,02,01,pair_0083_happy,pair_0083_sad,upper_prompt__lower_spaced,Listen to the speech. Is the speaker HAPPY or SAD? Answer only HAPPY or SAD., happy, sad,[6247],[12421],decision_clamp,decision_clamp_to_17,17,,17,"[{""layer"":17,""patch_kind"":""decision_token"",""source"":""donor""}]",post_decoder_block_output,decision_token,-17.93297576904297,-14.61596965789795,-18.092235565185547,-14.633484840393066,-3.3170061111450195,-3.4587507247924805,-18.128265380859375,-14.630711555480957,-17.89293670654297,-14.62158489227295,-3.497553825378418,-3.2713518142700195,0.18054771423339844,0.18739891052246094,0.1839733123779297,True,True,
pair_0084,22,01,01,01,pair_0084_happy,pair_0084_sad,upper_prompt__lower_spaced,Listen to the speech. Is the speaker HAPPY or SAD? Answer only HAPPY or SAD., happy, sad,[6247],[12421],decision_clamp,decision_clamp_to_17,17,,17,"[{""layer"":17,""patch_kind"":""decision_token"",""source"":""donor""}]",post_decoder_block_output,decision_token,-18.682262420654297,-14.192432403564453,-18.470258712768555,-13.706429481506348,-4.489830017089844,-4.763829231262207,-18.544343948364258,-13.791240692138672,-18.618925094604492,-14.110269546508789,-4.753103256225586,-4.508655548095703,0.2632732391357422,0.2551736831665039,0.25922346115112305,True,True,
pair_0085,22,01,02,01,pair_0085_happy,pair_0085_sad,upper_prompt__lower_spaced,Listen to the speech. Is the speaker HAPPY or SAD? Answer only HAPPY or SAD., happy, sad,[6247],[12421],decision_clamp,decision_clamp_to_17,17,,17,"[{""layer"":17,""patch_kind"":""decision_token"",""source"":""donor""}]",post_decoder_block_output,decision_token,-18.272850036621094,-14.236717224121094,-18.724578857421875,-14.284399032592773,-4.0361328125,-4.440179824829102,-18.632648468017578,-14.410737037658691,-18.37480354309082,-14.092761039733887,-4.221911430358887,-4.282042503356934,0.18577861785888672,0.15813732147216797,0.17195796966552734,True,True,
pair_0086,22,02,01,01,pair_0086_happy,pair_0086_sad,upper_prompt__lower_spaced,Listen to the speech. Is the speaker HAPPY or SAD? Answer only HAPPY or SAD., happy, sad,[6247],[12421],decision_clamp,decision_clamp_to_17,17,,17,"[{""layer"":17,""patch_kind"":""decision_token"",""source"":""donor""}]",post_decoder_block_output,decision_token,-18.112878799438477,-14.50664234161377,-18.061094284057617,-14.396312713623047,-3.606236457824707,-3.6647815704345703,-17.953659057617188,-14.36664867401123,-18.21355438232422,-14.526582717895508,-3.587010383605957,-3.686971664428711,-0.01922607421875,-0.022190093994140625,-0.020708084106445312,False,False,
pair_0087,22,02,02,01,pair_0087_happy,pair_0087_sad,upper_prompt__lower_spaced,Listen to the speech. Is the speaker HAPPY or SAD? Answer only HAPPY or SAD., happy, sad,[6247],[12421],decision_clamp,decision_clamp_to_17,17,,17,"[{""layer"":17,""patch_kind"":""decision_token"",""source"":""donor""}]",post_decoder_block_output,decision_token,-17.975412368774414,-14.336179733276367,-17.852388381958008,-14.33988094329834,-3.639232635498047,-3.512507438659668,-17.901609420776367,-14.290970802307129,-17.914100646972656,-14.400083541870117,-3.6106386184692383,-3.514017105102539,-0.028594017028808594,-0.0015096664428710938,-0.015051841735839844,False,False,
pair_0088,23,01,01,01,pair_0088_happy,pair_0088_sad,upper_prompt__lower_spaced,Listen to the speech. Is the speaker HAPPY or SAD? Answer only HAPPY or SAD., happy, sad,[6247],[12421],decision_clamp,decision_clamp_to_17,17,,17,"[{""layer"":17,""patch_kind"":""decision_token"",""source"":""donor""}]",post_decoder_block_output,decision_token,-18.47939682006836,-14.078022956848145,-18.001972198486328,-13.984725952148438,-4.401373863220215,-4.017246246337891,-18.054967880249023,-14.232972145080566,-18.457746505737305,-13.832380294799805,-3.821995735168457,-4.6253662109375,-0.5793781280517578,-0.6081199645996094,-0.5937490463256836,False,False,
pair_0089,23,01,02,01,pair_0089_happy,pair_0089_sad,upper_prompt__lower_spaced,Listen to the speech. Is the speaker HAPPY or SAD? Answer only HAPPY or SAD., happy, sad,[6247],[12421],decision_clamp,decision_clamp_to_17,17,,17,"[{""layer"":17,""patch_kind"":""decision_token"",""source"":""donor""}]",post_decoder_block_output,decision_token,-18.697004318237305,-14.208320617675781,-18.652122497558594,-14.244013786315918,-4.488683700561523,-4.408108711242676,-18.538415908813477,-14.196797370910645,-18.784957885742188,-14.221455574035645,-4.341618537902832,-4.563502311706543,-0.1470651626586914,-0.1553936004638672,-0.1512293815612793,False,False,
pair_0090,23,02,01,01,pair_0090_happy,pair_0090_sad,upper_prompt__lower_spaced,Listen to the speech. Is the speaker HAPPY or SAD? Answer only HAPPY or SAD., happy, sad,[6247],[12421],decision_clamp,decision_clamp_to_17,17,,17,"[{""layer"":17,""patch_kind"":""decision_token"",""source"":""donor""}]",post_decoder_block_output,decision_token,-18.12325668334961,-14.155843734741211,-17.865354537963867,-14.407626152038574,-3.9674129486083984,-3.457728385925293,-17.757984161376953,-14.28771686553955,-18.199676513671875,-14.308099746704102,-3.4702672958374023,-3.8915767669677734,-0.4971456527709961,-0.43384838104248047,-0.4654970169067383,False,False,
pair_0091,23,02,02,01,pair_0091_happy,pair_0091_sad,upper_prompt__lower_spaced,Listen to the speech. Is the speaker HAPPY or SAD? Answer only HAPPY or SAD., happy, sad,[6247],[12421],decision_clamp,decision_clamp_to_17,17,,17,"[{""layer"":17,""patch_kind"":""decision_token"",""source"":""donor""}]",post_decoder_block_output,decision_token,-18.110824584960938,-14.51156234741211,-17.68675994873047,-14.507476806640625,-3.599262237548828,-3.1792831420898438,-17.76222801208496,-14.765223503112793,-18.084766387939453,-14.311685562133789,-2.997004508972168,-3.773080825805664,-0.6022577285766602,-0.5937976837158203,-0.5980277061462402,False,False,
pair_0092,24,01,01,01,pair_0092_happy,pair_0092_sad,upper_prompt__lower_spaced,Listen to the speech. Is the speaker HAPPY or SAD? Answer only HAPPY or SAD., happy, sad,[6247],[12421],decision_clamp,decision_clamp_to_17,17,,17,"[{""layer"":17,""patch_kind"":""decision_token"",""source"":""donor""}]",post_decoder_block_output,decision_token,-18.272140502929688,-14.17473030090332,-18.658676147460938,-13.953152656555176,-4.097410202026367,-4.705523490905762,-18.362796783447266,-13.960561752319336,-18.57122039794922,-14.162116050720215,-4.40223503112793,-4.409104347229004,0.3048248291015625,0.2964191436767578,0.30062198638916016,True,True,
pair_0093,24,01,02,01,pair_0093_happy,pair_0093_sad,upper_prompt__lower_spaced,Listen to the speech. Is the speaker HAPPY or SAD? Answer only HAPPY or SAD., happy, sad,[6247],[12421],decision_clamp,decision_clamp_to_17,17,,17,"[{""layer"":17,""patch_kind"":""decision_token"",""source"":""donor""}]",post_decoder_block_output,decision_token,-18.38443946838379,-14.200296401977539,-18.802410125732422,-14.208366394042969,-4.18414306640625,-4.594043731689453,-18.629535675048828,-14.305304527282715,-18.562150955200195,-14.098662376403809,-4.324231147766113,-4.463488578796387,0.14008808135986328,0.1305551528930664,0.13532161712646484,True,True,
pair_0094,24,02,01,01,pair_0094_happy,pair_0094_sad,upper_prompt__lower_spaced,Listen to the speech. Is the speaker HAPPY or SAD? Answer only HAPPY or SAD., happy, sad,[6247],[12421],decision_clamp,decision_clamp_to_17,17,,17,"[{""layer"":17,""patch_kind"":""decision_token"",""source"":""donor""}]",post_decoder_block_output,decision_token,-18.109331130981445,-14.389881134033203,-17.85662269592285,-14.2269926071167,-3.719449996948242,-3.6296300888061523,-17.662857055664062,-14.23257064819336,-18.307283401489258,-14.4151029586792,-3.430286407470703,-3.8921804428100586,-0.28916358947753906,-0.26255035400390625,-0.27585697174072266,False,False,
pair_0095,24,02,02,01,pair_0095_happy,pair_0095_sad,upper_prompt__lower_spaced,Listen to the speech. Is the speaker HAPPY or SAD? Answer only HAPPY or SAD., happy, sad,[6247],[12421],decision_clamp,decision_clamp_to_17,17,,17,"[{""layer"":17,""patch_kind"":""decision_token"",""source"":""donor""}]",post_decoder_block_output,decision_token,-17.84119987487793,-14.09777545928955,-17.919200897216797,-14.292767524719238,-3.743424415588379,-3.6264333724975586,-17.874841690063477,-14.165138244628906,-17.892427444458008,-14.226529121398926,-3.7097034454345703,-3.665898323059082,-0.033720970153808594,-0.03946495056152344,-0.036592960357666016,False,False,
pair_0000,01,01,01,01,pair_0000_happy,pair_0000_sad,upper_prompt__lower_spaced,Listen to the speech. Is the speaker HAPPY or SAD? Answer only HAPPY or SAD., happy, sad,[6247],[12421],decision_clamp,decision_clamp_to_18,17,,18,"[{""layer"":17,""patch_kind"":""decision_token"",""source"":""donor""},{""layer"":18,""patch_kind"":""decision_token"",""source"":""donor""}]",post_decoder_block_output,decision_token,-18.784337997436523,-14.192665100097656,-18.59215545654297,-14.119668960571289,-4.591672897338867,-4.47248649597168,-18.595186233520508,-14.217316627502441,-18.78172492980957,-14.078957557678223,-4.377869606018066,-4.702767372131348,-0.21380329132080078,-0.23028087615966797,-0.22204208374023438,False,False,
pair_0001,01,01,02,01,pair_0001_happy,pair_0001_sad,upper_prompt__lower_spaced,Listen to the speech. Is the speaker HAPPY or SAD? Answer only HAPPY or SAD., happy, sad,[6247],[12421],decision_clamp,decision_clamp_to_18,17,,18,"[{""layer"":17,""patch_kind"":""decision_token"",""source"":""donor""},{""layer"":18,""patch_kind"":""decision_token"",""source"":""donor""}]",post_decoder_block_output,decision_token,-18.62534523010254,-13.82693862915039,-18.685665130615234,-13.871679306030273,-4.798406600952148,-4.813985824584961,-18.638792037963867,-13.869771957397461,-18.68320083618164,-13.831828117370605,-4.769020080566406,-4.851372718811035,-0.029386520385742188,-0.03738689422607422,-0.0333867073059082,False,False,
pair_0002,01,02,01,01,pair_0002_happy,pair_0002_sad,upper_prompt__lower_spaced,Listen to the speech. Is the speaker HAPPY or SAD? Answer only HAPPY or SAD., happy, sad,[6247],[12421],decision_clamp,decision_clamp_to_18,17,,18,"[{""layer"":17,""patch_kind"":""decision_token"",""source"":""donor""},{""layer"":18,""patch_kind"":""decision_token"",""source"":""donor""}]",post_decoder_block_output,decision_token,-18.101184844970703,-14.566595077514648,-18.250112533569336,-14.308186531066895,-3.5345897674560547,-3.9419260025024414,-18.159202575683594,-14.281173706054688,-18.188207626342773,-14.586771965026855,-3.8780288696289062,-3.601435661315918,0.34343910217285156,0.34049034118652344,0.3419647216796875,True,True,
pair_0003,01,02,02,01,pair_0003_happy,pair_0003_sad,upper_prompt__lower_spaced,Listen to the speech. Is the speaker HAPPY or SAD? Answer only HAPPY or SAD., happy, sad,[6247],[12421],decision_clamp,decision_clamp_to_18,17,,18,"[{""layer"":17,""patch_kind"":""decision_token"",""source"":""donor""},{""layer"":18,""patch_kind"":""decision_token"",""source"":""donor""}]",post_decoder_block_output,decision_token,-18.006914138793945,-14.501709938049316,-18.291980743408203,-14.688089370727539,-3.505204200744629,-3.603891372680664,-18.1375789642334,-14.701558113098145,-18.170286178588867,-14.514283180236816,-3.436020851135254,-3.656002998352051,-0.069183349609375,-0.05211162567138672,-0.06064748764038086,False,False,
pair_0004,02,01,01,01,pair_0004_happy,pair_0004_sad,upper_prompt__lower_spaced,Listen to the speech. Is the speaker HAPPY or SAD? Answer only HAPPY or SAD., happy, sad,[6247],[12421],decision_clamp,decision_clamp_to_18,17,,18,"[{""layer"":17,""patch_kind"":""decision_token"",""source"":""donor""},{""layer"":18,""patch_kind"":""decision_token"",""source"":""donor""}]",post_decoder_block_output,decision_token,-18.301326751708984,-14.038238525390625,-18.725671768188477,-13.857430458068848,-4.263088226318359,-4.868241310119629,-18.664064407348633,-13.986836433410645,-18.349266052246094,-13.906770706176758,-4.677227973937988,-4.442495346069336,0.4141397476196289,0.42574596405029297,0.41994285583496094,True,True,
pair_0005,02,01,02,01,pair_0005_happy,pair_0005_sad,upper_prompt__lower_spaced,Listen to the speech. Is the speaker HAPPY or SAD? Answer only HAPPY or SAD., happy, sad,[6247],[12421],decision_clamp,decision_clamp_to_18,17,,18,"[{""layer"":17,""patch_kind"":""decision_token"",""source"":""donor""},{""layer"":18,""patch_kind"":""decision_token"",""source"":""donor""}]",post_decoder_block_output,decision_token,-18.589427947998047,-14.114439964294434,-18.74413299560547,-14.046891212463379,-4.474987983703613,-4.69724178314209,-18.66640853881836,-14.185821533203125,-18.657400131225586,-13.97891902923584,-4.480587005615234,-4.678481101989746,0.005599021911621094,0.01876068115234375,0.012179851531982422,True,True,
pair_0006,02,02,01,01,pair_0006_happy,pair_0006_sad,upper_prompt__lower_spaced,Listen to the speech. Is the speaker HAPPY or SAD? Answer only HAPPY or SAD., happy, sad,[6247],[12421],decision_clamp,decision_clamp_to_18,17,,18,"[{""layer"":17,""patch_kind"":""decision_token"",""source"":""donor""},{""layer"":18,""patch_kind"":""decision_token"",""source"":""donor""}]",post_decoder_block_output,decision_token,-17.821413040161133,-14.312002182006836,-17.82419204711914,-14.049148559570312,-3.509410858154297,-3.775043487548828,-17.83823013305664,-13.995903968811035,-17.806108474731445,-14.360142707824707,-3.8423261642456055,-3.4459657669067383,0.3329153060913086,0.32907772064208984,0.3309965133666992,True,True,
pair_0007,02,02,02,01,pair_0007_happy,pair_0007_sad,upper_prompt__lower_spaced,Listen to the speech. Is the speaker HAPPY or SAD? Answer only HAPPY or SAD., happy, sad,[6247],[12421],decision_clamp,decision_clamp_to_18,17,,18,"[{""layer"":17,""patch_kind"":""decision_token"",""source"":""donor""},{""layer"":18,""patch_kind"":""decision_token"",""source"":""donor""}]",post_decoder_block_output,decision_token,-17.819889068603516,-14.41187572479248,-17.866769790649414,-14.385616302490234,-3.408013343811035,-3.4811534881591797,-17.941322326660156,-14.306107521057129,-17.743629455566406,-14.487936019897461,-3.6352148056030273,-3.2556934356689453,0.2272014617919922,0.22546005249023438,0.22633075714111328,True,True,
pair_0008,03,01,01,01,pair_0008_happy,pair_0008_sad,upper_prompt__lower_spaced,Listen to the speech. Is the speaker HAPPY or SAD? Answer only HAPPY or SAD., happy, sad,[6247],[12421],decision_clamp,decision_clamp_to_18,17,,18,"[{""layer"":17,""patch_kind"":""decision_token"",""source"":""donor""},{""layer"":18,""patch_kind"":""decision_token"",""source"":""donor""}]",post_decoder_block_output,decision_token,-18.818166732788086,-14.119091033935547,-18.65387725830078,-14.069162368774414,-4.699075698852539,-4.584714889526367,-18.728229522705078,-14.078323364257812,-18.742206573486328,-14.099333763122559,-4.649906158447266,-4.6428728103637695,-0.04916954040527344,-0.058157920837402344,-0.05366373062133789,False,False,
pair_0009,03,01,02,01,pair_0009_happy,pair_0009_sad,upper_prompt__lower_spaced,Listen to the speech. Is the speaker HAPPY or SAD? Answer only HAPPY or SAD., happy, sad,[6247],[12421],decision_clamp,decision_clamp_to_18,17,,18,"[{""layer"":17,""patch_kind"":""decision_token"",""source"":""donor""},{""layer"":18,""patch_kind"":""decision_token"",""source"":""donor""}]",post_decoder_block_output,decision_token,-18.729928970336914,-14.011101722717285,-18.5625,-14.185173034667969,-4.718827247619629,-4.377326965332031,-18.638357162475586,-14.216361999511719,-18.649755477905273,-13.977067947387695,-4.421995162963867,-4.672687530517578,-0.2968320846557617,-0.2953605651855469,-0.2960963249206543,False,False,
pair_0010,03,02,01,01,pair_0010_happy,pair_0010_sad,upper_prompt__lower_spaced,Listen to the speech. Is the speaker HAPPY or SAD? Answer only HAPPY or SAD., happy, sad,[6247],[12421],decision_clamp,decision_clamp_to_18,17,,18,"[{""layer"":17,""patch_kind"":""decision_token"",""source"":""donor""},{""layer"":18,""patch_kind"":""decision_token"",""source"":""donor""}]",post_decoder_block_output,decision_token,-18.31175994873047,-14.61680793762207,-17.840412139892578,-14.470471382141113,-3.6949520111083984,-3.369940757751465,-17.929216384887695,-14.468110084533691,-18.23247528076172,-14.619470596313477,-3.461106300354004,-3.613004684448242,-0.23384571075439453,-0.24306392669677734,-0.23845481872558594,False,False,
pair_0011,03,02,02,01,pair_0011_happy,pair_0011_sad,upper_prompt__lower_spaced,Listen to the speech. Is the speaker HAPPY or SAD? Answer only HAPPY or SAD., happy, sad,[6247],[12421],decision_clamp,decision_clamp_to_18,17,,18,"[{""layer"":17,""patch_kind"":""decision_token"",""source"":""donor""},{""layer"":18,""patch_kind"":""decision_token"",""source"":""donor""}]",post_decoder_block_output,decision_token,-18.231765747070312,-14.706853866577148,-17.838123321533203,-14.506670951843262,-3.524911880493164,-3.3314523696899414,-18.021642684936523,-14.602849006652832,-18.061485290527344,-14.615389823913574,-3.4187936782836914,-3.4460954666137695,-0.10611820220947266,-0.11464309692382812,-0.11038064956665039,False,False,
pair_0012,04,01,01,01,pair_0012_happy,pair_0012_sad,upper_prompt__lower_spaced,Listen to the speech. Is the speaker HAPPY or SAD? Answer only HAPPY or SAD., happy, sad,[6247],[12421],decision_clamp,decision_clamp_to_18,17,,18,"[{""layer"":17,""patch_kind"":""decision_token"",""source"":""donor""},{""layer"":18,""patch_kind"":""decision_token"",""source"":""donor""}]",post_decoder_block_output,decision_token,-18.358745574951172,-13.756012916564941,-18.717449188232422,-13.85068130493164,-4.6027326583862305,-4.866767883300781,-18.539369583129883,-13.95346450805664,-18.523681640625,-13.642802238464355,-4.585905075073242,-4.8808794021606445,-0.01682758331298828,-0.014111518859863281,-0.015469551086425781,False,False,
pair_0013,04,01,02,01,pair_0013_happy,pair_0013_sad,upper_prompt__lower_spaced,Listen to the speech. Is the speaker HAPPY or SAD? Answer only HAPPY or SAD., happy, sad,[6247],[12421],decision_clamp,decision_clamp_to_18,17,,18,"[{""layer"":17,""patch_kind"":""decision_token"",""source"":""donor""},{""layer"":18,""patch_kind"":""decision_token"",""source"":""donor""}]",post_decoder_block_output,decision_token,-18.70948600769043,-14.139888763427734,-18.57384490966797,-13.96951675415039,-4.569597244262695,-4.604328155517578,-18.59608268737793,-14.023690223693848,-18.694345474243164,-14.089529037475586,-4.572392463684082,-4.604816436767578,0.0027952194213867188,-0.00048828125,0.0011534690856933594,True,False,
pair_0014,04,02,01,01,pair_0014_happy,pair_0014_sad,upper_prompt__lower_spaced,Listen to the speech. Is the speaker HAPPY or SAD? Answer only HAPPY or SAD., happy, sad,[6247],[12421],decision_clamp,decision_clamp_to_18,17,,18,"[{""layer"":17,""patch_kind"":""decision_token"",""source"":""donor""},{""layer"":18,""patch_kind"":""decision_token"",""source"":""donor""}]",post_decoder_block_output,decision_token,-17.875215530395508,-14.271656036376953,-17.993194580078125,-14.42282485961914,-3.6035594940185547,-3.5703697204589844,-18.014944076538086,-14.436810493469238,-17.85171890258789,-14.250509262084961,-3.5781335830688477,-3.6012096405029297,-0.02542591094970703,-0.030839920043945312,-0.028132915496826172,False,False,
pair_0015,04,02,02,01,pair_0015_happy,pair_0015_sad,upper_prompt__lower_spaced,Listen to the speech. Is the speaker HAPPY or SAD? Answer only HAPPY or SAD., happy, sad,[6247],[12421],decision_clamp,decision_clamp_to_18,17,,18,"[{""layer"":17,""patch_kind"":""decision_token"",""source"":""donor""},{""layer"":18,""patch_kind"":""decision_token"",""source"":""donor""}]",post_decoder_block_output,decision_token,-17.90298080444336,-14.51931095123291,-18.07615089416504,-14.267594337463379,-3.383669853210449,-3.80855655670166,-17.958698272705078,-14.22102165222168,-18.0089054107666,-14.562440872192383,-3.7376766204833984,-3.4464645385742188,0.3540067672729492,0.3620920181274414,0.3580493927001953,True,True,
pair_0016,05,01,01,01,pair_0016_happy,pair_0016_sad,upper_prompt__lower_spaced,Listen to the speech. Is the speaker HAPPY or SAD? Answer only HAPPY or SAD., happy, sad,[6247],[12421],decision_clamp,decision_clamp_to_18,17,,18,"[{""layer"":17,""patch_kind"":""decision_token"",""source"":""donor""},{""layer"":18,""patch_kind"":""decision_token"",""source"":""donor""}]",post_decoder_block_output,decision_token,-18.692672729492188,-14.135289192199707,-18.536806106567383,-14.340117454528809,-4.5573835372924805,-4.196688652038574,-18.657630920410156,-14.222929954528809,-18.540849685668945,-14.244619369506836,-4.434700965881348,-4.296230316162109,-0.12268257141113281,-0.09954166412353516,-0.11111211776733398,False,False,
pair_0017,05,01,02,01,pair_0017_happy,pair_0017_sad,upper_prompt__lower_spaced,Listen to the speech. Is the speaker HAPPY or SAD? Answer only HAPPY or SAD., happy, sad,[6247],[12421],decision_clamp,decision_clamp_to_18,17,,18,"[{""layer"":17,""patch_kind"":""decision_token"",""source"":""donor""},{""layer"":18,""patch_kind"":""decision_token"",""source"":""donor""}]",post_decoder_block_output,decision_token,-18.638935089111328,-14.255763053894043,-18.50379180908203,-13.944811820983887,-4.383172035217285,-4.5589799880981445,-18.477767944335938,-13.998477935791016,-18.669715881347656,-14.189016342163086,-4.479290008544922,-4.48069953918457,0.09611797332763672,0.07828044891357422,0.08719921112060547,True,True,
pair_0018,05,02,01,01,pair_0018_happy,pair_0018_sad,upper_prompt__lower_spaced,Listen to the speech. Is the speaker HAPPY or SAD? Answer only HAPPY or SAD., happy, sad,[6247],[12421],decision_clamp,decision_clamp_to_18,17,,18,"[{""layer"":17,""patch_kind"":""decision_token"",""source"":""donor""},{""layer"":18,""patch_kind"":""decision_token"",""source"":""donor""}]",post_decoder_block_output,decision_token,-18.000730514526367,-14.714016914367676,-18.26675796508789,-14.785633087158203,-3.2867136001586914,-3.4811248779296875,-18.075407028198242,-14.547515869140625,-18.20144271850586,-14.954829216003418,-3.527891159057617,-3.2466135025024414,0.24117755889892578,0.2345113754272461,0.23784446716308594,True,True,
pair_0019,05,02,02,01,pair_0019_happy,pair_0019_sad,upper_prompt__lower_spaced,Listen to the speech. Is the speaker HAPPY or SAD? Answer only HAPPY or SAD., happy, sad,[6247],[12421],decision_clamp,decision_clamp_to_18,17,,18,"[{""layer"":17,""patch_kind"":""decision_token"",""source"":""donor""},{""layer"":18,""patch_kind"":""decision_token"",""source"":""donor""}]",post_decoder_block_output,decision_token,-18.202608108520508,-14.727049827575684,-17.76186752319336,-14.475021362304688,-3.475558280944824,-3.286846160888672,-17.917274475097656,-14.602720260620117,-18.04674530029297,-14.592031478881836,-3.314554214477539,-3.454713821411133,-0.16100406646728516,-0.16786766052246094,-0.16443586349487305,False,False,
pair_0020,06,01,01,01,pair_0020_happy,pair_0020_sad,upper_prompt__lower_spaced,Listen to the speech. Is the speaker HAPPY or SAD? Answer only HAPPY or SAD., happy, sad,[6247],[12421],decision_clamp,decision_clamp_to_18,17,,18,"[{""layer"":17,""patch_kind"":""decision_token"",""source"":""donor""},{""layer"":18,""patch_kind"":""decision_token"",""source"":""donor""}]",post_decoder_block_output,decision_token,-18.270139694213867,-14.0554780960083,-18.622514724731445,-14.09838581085205,-4.214661598205566,-4.5241289138793945,-18.5801944732666,-14.149969100952148,-18.309368133544922,-14.00045394897461,-4.430225372314453,-4.3089141845703125,0.21556377410888672,0.21521472930908203,0.21538925170898438,True,True,
pair_0021,06,01,02,01,pair_0021_happy,pair_0021_sad,upper_prompt__lower_spaced,Listen to the speech. Is the speaker HAPPY or SAD? Answer only HAPPY or SAD., happy, sad,[6247],[12421],decision_clamp,decision_clamp_to_18,17,,18,"[{""layer"":17,""patch_kind"":""decision_token"",""source"":""donor""},{""layer"":18,""patch_kind"":""decision_token"",""source"":""donor""}]",post_decoder_block_output,decision_token,-18.518516540527344,-14.262524604797363,-18.693706512451172,-14.079412460327148,-4.2559919357299805,-4.614294052124023,-18.683149337768555,-14.147838592529297,-18.538728713989258,-14.197691917419434,-4.535310745239258,-4.341036796569824,0.27931880950927734,0.2732572555541992,0.2762880325317383,True,True,
pair_0022,06,02,01,01,pair_0022_happy,pair_0022_sad,upper_prompt__lower_spaced,Listen to the speech. Is the speaker HAPPY or SAD? Answer only HAPPY or SAD., happy, sad,[6247],[12421],decision_clamp,decision_clamp_to_18,17,,18,"[{""layer"":17,""patch_kind"":""decision_token"",""source"":""donor""},{""layer"":18,""patch_kind"":""decision_token"",""source"":""donor""}]",post_decoder_block_output,decision_token,-18.048234939575195,-14.446083068847656,-18.00354766845703,-14.538506507873535,-3.602151870727539,-3.465041160583496,-17.940515518188477,-14.518110275268555,-18.107450485229492,-14.458134651184082,-3.422405242919922,-3.64931583404541,-0.1797466278076172,-0.18427467346191406,-0.18201065063476562,False,False,
pair_0023,06,02,02,01,pair_0023_happy,pair_0023_sad,upper_prompt__lower_spaced,Listen to the speech. Is the speaker HAPPY or SAD? Answer only HAPPY or SAD., happy, sad,[6247],[12421],decision_clamp,decision_clamp_to_18,17,,18,"[{""layer"":17,""patch_kind"":""decision_token"",""source"":""donor""},{""layer"":18,""patch_kind"":""decision_token"",""source"":""donor""}]",post_decoder_block_output,decision_token,-17.950851440429688,-14.493545532226562,-18.027484893798828,-14.372323989868164,-3.457305908203125,-3.655160903930664,-17.974409103393555,-14.352856636047363,-18.004003524780273,-14.515881538391113,-3.6215524673461914,-3.48812198638916,0.1642465591430664,0.1670389175415039,0.16564273834228516,True,True,
pair_0024,07,01,01,01,pair_0024_happy,pair_0024_sad,upper_prompt__lower_spaced,Listen to the speech. Is the speaker HAPPY or SAD? Answer only HAPPY or SAD., happy, sad,[6247],[12421],decision_clamp,decision_clamp_to_18,17,,18,"[{""layer"":17,""patch_kind"":""decision_token"",""source"":""donor""},{""layer"":18,""patch_kind"":""decision_token"",""source"":""donor""}]",post_decoder_block_output,decision_token,-18.09006118774414,-13.70536994934082,-18.24040985107422,-14.0731840133667,-4.38469123840332,-4.1672258377075195,-18.341800689697266,-13.94221305847168,-17.982603073120117,-13.83537483215332,-4.399587631225586,-4.147228240966797,0.014896392822265625,0.019997596740722656,0.01744699478149414,True,True,
pair_0025,07,01,02,01,pair_0025_happy,pair_0025_sad,upper_prompt__lower_spaced,Listen to the speech. Is the speaker HAPPY or SAD? Answer only HAPPY or SAD., happy, sad,[6247],[12421],decision_clamp,decision_clamp_to_18,17,,18,"[{""layer"":17,""patch_kind"":""decision_token"",""source"":""donor""},{""layer"":18,""patch_kind"":""decision_token"",""source"":""donor""}]",post_decoder_block_output,decision_token,-18.489057540893555,-13.88498592376709,-18.49165916442871,-13.795110702514648,-4.604071617126465,-4.6965484619140625,-18.469844818115234,-13.742198944091797,-18.50823211669922,-13.937822341918945,-4.7276458740234375,-4.570409774780273,0.12357425689697266,0.12613868713378906,0.12485647201538086,True,True,
pair_0026,07,02,01,01,pair_0026_happy,pair_0026_sad,upper_prompt__lower_spaced,Listen to the speech. Is the speaker HAPPY or SAD? Answer only HAPPY or SAD., happy, sad,[6247],[12421],decision_clamp,decision_clamp_to_18,17,,18,"[{""layer"":17,""patch_kind"":""decision_token"",""source"":""donor""},{""layer"":18,""patch_kind"":""decision_token"",""source"":""donor""}]",post_decoder_block_output,decision_token,-18.1934757232666,-14.413429260253906,-18.108972549438477,-14.478107452392578,-3.7800464630126953,-3.6308650970458984,-18.1945858001709,-14.517176628112793,-18.10822296142578,-14.374078750610352,-3.6774091720581055,-3.7341442108154297,-0.10263729095458984,-0.10327911376953125,-0.10295820236206055,False,False,
pair_0027,07,02,02,01,pair_0027_happy,pair_0027_sad,upper_prompt__lower_spaced,Listen to the speech. Is the speaker HAPPY or SAD? Answer only HAPPY or SAD., happy, sad,[6247],[12421],decision_clamp,decision_clamp_to_18,17,,18,"[{""layer"":17,""patch_kind"":""decision_token"",""source"":""donor""},{""layer"":18,""patch_kind"":""decision_token"",""source"":""donor""}]",post_decoder_block_output,decision_token,-18.1934757232666,-14.413429260253906,-17.917301177978516,-14.347782135009766,-3.7800464630126953,-3.56951904296875,-17.939016342163086,-14.340985298156738,-18.15709686279297,-14.423920631408691,-3.5980310440063477,-3.7331762313842773,-0.18201541900634766,-0.16365718841552734,-0.1728363037109375,False,False,
pair_0028,08,01,01,01,pair_0028_happy,pair_0028_sad,upper_prompt__lower_spaced,Listen to the speech. Is the speaker HAPPY or SAD? Answer only HAPPY or SAD., happy, sad,[6247],[12421],decision_clamp,decision_clamp_to_18,17,,18,"[{""layer"":17,""patch_kind"":""decision_token"",""source"":""donor""},{""layer"":18,""patch_kind"":""decision_token"",""source"":""donor""}]",post_decoder_block_output,decision_token,-17.895870208740234,-14.022705078125,-18.853595733642578,-13.817150115966797,-3.8731651306152344,-5.036445617675781,-18.69717788696289,-13.954728126525879,-18.070266723632812,-13.897159576416016,-4.742449760437012,-4.173107147216797,0.8692846298217773,0.8633384704589844,0.8663115501403809,True,True,
pair_0029,08,01,02,01,pair_0029_happy,pair_0029_sad,upper_prompt__lower_spaced,Listen to the speech. Is the speaker HAPPY or SAD? Answer only HAPPY or SAD., happy, sad,[6247],[12421],decision_clamp,decision_clamp_to_18,17,,18,"[{""layer"":17,""patch_kind"":""decision_token"",""source"":""donor""},{""layer"":18,""patch_kind"":""decision_token"",""source"":""donor""}]",post_decoder_block_output,decision_token,-18.307472229003906,-13.782498359680176,-17.66484260559082,-13.374154090881348,-4.5249738693237305,-4.290688514709473,-17.634418487548828,-13.426614761352539,-18.34966278076172,-13.700091361999512,-4.207803726196289,-4.649571418762207,-0.3171701431274414,-0.3588829040527344,-0.3380265235900879,False,False,
pair_0030,08,02,01,01,pair_0030_happy,pair_0030_sad,upper_prompt__lower_spaced,Listen to the speech. Is the speaker HAPPY or SAD? Answer only HAPPY or SAD., happy, sad,[6247],[12421],decision_clamp,decision_clamp_to_18,17,,18,"[{""layer"":17,""patch_kind"":""decision_token"",""source"":""donor""},{""layer"":18,""patch_kind"":""decision_token"",""source"":""donor""}]",post_decoder_block_output,decision_token,-17.869657516479492,-13.974630355834961,-17.25248908996582,-14.594927787780762,-3.8950271606445312,-2.6575613021850586,-17.531352996826172,-14.147871971130371,-17.693082809448242,-14.389824867248535,-3.383481025695801,-3.303257942199707,-0.5115461349487305,-0.6456966400146484,-0.5786213874816895,False,False,
pair_0031,08,02,02,01,pair_0031_happy,pair_0031_sad,upper_prompt__lower_spaced,Listen to the speech. Is the speaker HAPPY or SAD? Answer only HAPPY or SAD., happy, sad,[6247],[12421],decision_clamp,decision_clamp_to_18,17,,18,"[{""layer"":17,""patch_kind"":""decision_token"",""source"":""donor""},{""layer"":18,""patch_kind"":""decision_token"",""source"":""donor""}]",post_decoder_block_output,decision_token,-17.836416244506836,-14.024099349975586,-18.205785751342773,-14.933714866638184,-3.81231689453125,-3.27207088470459,-17.679080963134766,-14.256975173950195,-18.289335250854492,-14.573266983032227,-3.4221057891845703,-3.7160682678222656,-0.3902111053466797,-0.4439973831176758,-0.41710424423217773,False,False,
pair_0032,09,01,01,01,pair_0032_happy,pair_0032_sad,upper_prompt__lower_spaced,Listen to the speech. Is the speaker HAPPY or SAD? Answer only HAPPY or SAD., happy, sad,[6247],[12421],decision_clamp,decision_clamp_to_18,17,,18,"[{""layer"":17,""patch_kind"":""decision_token"",""source"":""donor""},{""layer"":18,""patch_kind"":""decision_token"",""source"":""donor""}]",post_decoder_block_output,decision_token,-18.71563148498535,-14.05175495147705,-18.32554054260254,-13.615287780761719,-4.663876533508301,-4.71025276184082,-18.389442443847656,-13.761768341064453,-18.643375396728516,-13.907519340515137,-4.627674102783203,-4.735856056213379,-0.036202430725097656,-0.025603294372558594,-0.030902862548828125,False,False,
pair_0033,09,01,02,01,pair_0033_happy,pair_0033_sad,upper_prompt__lower_spaced,Listen to the speech. Is the speaker HAPPY or SAD? Answer only HAPPY or SAD., happy, sad,[6247],[12421],decision_clamp,decision_clamp_to_18,17,,18,"[{""layer"":17,""patch_kind"":""decision_token"",""source"":""donor""},{""layer"":18,""patch_kind"":""decision_token"",""source"":""donor""}]",post_decoder_block_output,decision_token,-18.97260284423828,-13.914822578430176,-17.69182014465332,-13.4166841506958,-5.0577802658081055,-4.2751359939575195,-17.8232364654541,-13.51917552947998,-18.7861328125,-13.815084457397461,-4.304060935974121,-4.971048355102539,-0.7537193298339844,-0.6959123611450195,-0.724815845489502,False,False,
pair_0034,09,02,01,01,pair_0034_happy,pair_0034_sad,upper_prompt__lower_spaced,Listen to the speech. Is the speaker HAPPY or SAD? Answer only HAPPY or SAD., happy, sad,[6247],[12421],decision_clamp,decision_clamp_to_18,17,,18,"[{""layer"":17,""patch_kind"":""decision_token"",""source"":""donor""},{""layer"":18,""patch_kind"":""decision_token"",""source"":""donor""}]",post_decoder_block_output,decision_token,-18.46145248413086,-14.497332572937012,-18.005985260009766,-14.08935832977295,-3.9641199111938477,-3.9166269302368164,-18.118785858154297,-14.388162612915039,-18.32634735107422,-14.198054313659668,-3.730623245239258,-4.128293037414551,-0.23349666595458984,-0.21166610717773438,-0.2225813865661621,False,False,
pair_0035,09,02,02,01,pair_0035_happy,pair_0035_sad,upper_prompt__lower_spaced,Listen to the speech. Is the speaker HAPPY or SAD? Answer only HAPPY or SAD., happy, sad,[6247],[12421],decision_clamp,decision_clamp_to_18,17,,18,"[{""layer"":17,""patch_kind"":""decision_token"",""source"":""donor""},{""layer"":18,""patch_kind"":""decision_token"",""source"":""donor""}]",post_decoder_block_output,decision_token,-18.263702392578125,-14.721343994140625,-18.236169815063477,-13.951910018920898,-3.5423583984375,-4.284259796142578,-18.216402053833008,-14.235115051269531,-18.284923553466797,-14.422966957092285,-3.9812870025634766,-3.8619565963745117,0.43892860412597656,0.4223031997680664,0.4306159019470215,True,True,
pair_0036,10,01,01,01,pair_0036_happy,pair_0036_sad,upper_prompt__lower_spaced,Listen to the speech. Is the speaker HAPPY or SAD? Answer only HAPPY or SAD., happy, sad,[6247],[12421],decision_clamp,decision_clamp_to_18,17,,18,"[{""layer"":17,""patch_kind"":""decision_token"",""source"":""donor""},{""layer"":18,""patch_kind"":""decision_token"",""source"":""donor""}]",post_decoder_block_output,decision_token,-18.43072509765625,-14.279913902282715,-18.52195167541504,-13.862289428710938,-4.150811195373535,-4.659662246704102,-18.632034301757812,-13.874263763427734,-18.322465896606445,-14.263163566589355,-4.757770538330078,-4.05930233001709,0.606959342956543,0.6003599166870117,0.6036596298217773,True,True,
pair_0037,10,01,02,01,pair_0037_happy,pair_0037_sad,upper_prompt__lower_spaced,Listen to the speech. Is the speaker HAPPY or SAD? Answer only HAPPY or SAD., happy, sad,[6247],[12421],decision_clamp,decision_clamp_to_18,17,,18,"[{""layer"":17,""patch_kind"":""decision_token"",""source"":""donor""},{""layer"":18,""patch_kind"":""decision_token"",""source"":""donor""}]",post_decoder_block_output,decision_token,-18.536893844604492,-14.135092735290527,-18.385366439819336,-13.990771293640137,-4.401801109313965,-4.394595146179199,-18.300254821777344,-13.97652530670166,-18.623180389404297,-14.147542953491211,-4.323729515075684,-4.475637435913086,-0.07807159423828125,-0.08104228973388672,-0.07955694198608398,False,False,
pair_0038,10,02,01,01,pair_0038_happy,pair_0038_sad,upper_prompt__lower_spaced,Listen to the speech. Is the speaker HAPPY or SAD? Answer only HAPPY or SAD., happy, sad,[6247],[12421],decision_clamp,decision_clamp_to_18,17,,18,"[{""layer"":17,""patch_kind"":""decision_token"",""source"":""donor""},{""layer"":18,""patch_kind"":""decision_token"",""source"":""donor""}]",post_decoder_block_output,decision_token,-18.626100540161133,-14.971156120300293,-18.138322830200195,-15.568587303161621,-3.65494441986084,-2.569735527038574,-17.755874633789062,-15.195511817932129,-18.96558380126953,-15.209656715393066,-2.5603628158569336,-3.755927085876465,-1.0945816040039062,-1.1861915588378906,-1.1403865814208984,False,False,
pair_0039,10,02,02,01,pair_0039_happy,pair_0039_sad,upper_prompt__lower_spaced,Listen to the speech. Is the speaker HAPPY or SAD? Answer only HAPPY or SAD., happy, sad,[6247],[12421],decision_clamp,decision_clamp_to_18,17,,18,"[{""layer"":17,""patch_kind"":""decision_token"",""source"":""donor""},{""layer"":18,""patch_kind"":""decision_token"",""source"":""donor""}]",post_decoder_block_output,decision_token,-17.940845489501953,-14.391155242919922,-18.010360717773438,-14.663244247436523,-3.5496902465820312,-3.347116470336914,-17.964174270629883,-14.619260787963867,-17.976112365722656,-14.406632423400879,-3.3449134826660156,-3.5694799423217773,-0.20477676391601562,-0.22236347198486328,-0.21357011795043945,False,False,
pair_0040,11,01,01,01,pair_0040_happy,pair_0040_sad,upper_prompt__lower_spaced,Listen to the speech. Is the speaker HAPPY or SAD? Answer only HAPPY or SAD., happy, sad,[6247],[12421],decision_clamp,decision_clamp_to_18,17,,18,"[{""layer"":17,""patch_kind"":""decision_token"",""source"":""donor""},{""layer"":18,""patch_kind"":""decision_token"",""source"":""donor""}]",post_decoder_block_output,decision_token,-18.623796463012695,-14.394556045532227,-18.4024658203125,-13.74590015411377,-4.229240417480469,-4.6565656661987305,-18.490528106689453,-14.049067497253418,-18.571996688842773,-14.115179061889648,-4.441460609436035,-4.456817626953125,0.2122201919555664,0.19974803924560547,0.20598411560058594,True,True,
pair_0041,11,01,02,01,pair_0041_happy,pair_0041_sad,upper_prompt__lower_spaced,Listen to the speech. Is the speaker HAPPY or SAD? Answer only HAPPY or SAD., happy, sad,[6247],[12421],decision_clamp,decision_clamp_to_18,17,,18,"[{""layer"":17,""patch_kind"":""decision_token"",""source"":""donor""},{""layer"":18,""patch_kind"":""decision_token"",""source"":""donor""}]",post_decoder_block_output,decision_token,-18.812341690063477,-14.09249210357666,-18.785491943359375,-13.815770149230957,-4.719849586486816,-4.969721794128418,-18.761341094970703,-13.946608543395996,-18.840946197509766,-13.951367378234863,-4.814732551574707,-4.889578819274902,0.09488296508789062,0.08014297485351562,0.08751296997070312,True,True,
pair_0042,11,02,01,01,pair_0042_happy,pair_0042_sad,upper_prompt__lower_spaced,Listen to the speech. Is the speaker HAPPY or SAD? Answer only HAPPY or SAD., happy, sad,[6247],[12421],decision_clamp,decision_clamp_to_18,17,,18,"[{""layer"":17,""patch_kind"":""decision_token"",""source"":""donor""},{""layer"":18,""patch_kind"":""decision_token"",""source"":""donor""}]",post_decoder_block_output,decision_token,-18.23929214477539,-14.638985633850098,-17.918140411376953,-14.4312105178833,-3.600306510925293,-3.4869298934936523,-17.94418716430664,-14.608222961425781,-18.213443756103516,-14.464716911315918,-3.3359642028808594,-3.7487268447875977,-0.2643423080444336,-0.2617969512939453,-0.26306962966918945,False,False,
pair_0043,11,02,02,01,pair_0043_happy,pair_0043_sad,upper_prompt__lower_spaced,Listen to the speech. Is the speaker HAPPY or SAD? Answer only HAPPY or SAD., happy, sad,[6247],[12421],decision_clamp,decision_clamp_to_18,17,,18,"[{""layer"":17,""patch_kind"":""decision_token"",""source"":""donor""},{""layer"":18,""patch_kind"":""decision_token"",""source"":""donor""}]",post_decoder_block_output,decision_token,-18.15532684326172,-14.518304824829102,-17.905120849609375,-14.42210578918457,-3.637022018432617,-3.4830150604248047,-17.88629150390625,-14.496160507202148,-18.160917282104492,-14.449963569641113,-3.3901309967041016,-3.710953712463379,-0.24689102172851562,-0.22793865203857422,-0.23741483688354492,False,False,
pair_0044,12,01,01,01,pair_0044_happy,pair_0044_sad,upper_prompt__lower_spaced,Listen to the speech. Is the speaker HAPPY or SAD? Answer only HAPPY or SAD., happy, sad,[6247],[12421],decision_clamp,decision_clamp_to_18,17,,18,"[{""layer"":17,""patch_kind"":""decision_token"",""source"":""donor""},{""layer"":18,""patch_kind"":""decision_token"",""source"":""donor""}]",post_decoder_block_output,decision_token,-18.62382698059082,-13.893119812011719,-18.424034118652344,-13.92949390411377,-4.730707168579102,-4.494540214538574,-18.36785888671875,-13.957959175109863,-18.68055534362793,-13.87101936340332,-4.409899711608887,-4.809535980224609,-0.32080745697021484,-0.31499576568603516,-0.317901611328125,False,False,
pair_0045,12,01,02,01,pair_0045_happy,pair_0045_sad,upper_prompt__lower_spaced,Listen to the speech. Is the speaker HAPPY or SAD? Answer only HAPPY or SAD., happy, sad,[6247],[12421],decision_clamp,decision_clamp_to_18,17,,18,"[{""layer"":17,""patch_kind"":""decision_token"",""source"":""donor""},{""layer"":18,""patch_kind"":""decision_token"",""source"":""donor""}]",post_decoder_block_output,decision_token,-18.557336807250977,-14.15941333770752,-18.611474990844727,-14.103328704833984,-4.397923469543457,-4.508146286010742,-18.495262145996094,-14.059037208557129,-18.669620513916016,-14.202046394348145,-4.436224937438965,-4.467574119567871,0.03830146789550781,0.040572166442871094,0.03943681716918945,True,True,
pair_0046,12,02,01,01,pair_0046_happy,pair_0046_sad,upper_prompt__lower_spaced,Listen to the speech. Is the speaker HAPPY or SAD? Answer only HAPPY or SAD., happy, sad,[6247],[12421],decision_clamp,decision_clamp_to_18,17,,18,"[{""layer"":17,""patch_kind"":""decision_token"",""source"":""donor""},{""layer"":18,""patch_kind"":""decision_token"",""source"":""donor""}]",post_decoder_block_output,decision_token,-18.1330623626709,-14.706695556640625,-18.050931930541992,-14.204154014587402,-3.4263668060302734,-3.84677791595459,-18.057418823242188,-14.23315715789795,-18.1270694732666,-14.666800498962402,-3.8242616653442383,-3.460268974304199,0.39789485931396484,0.3865089416503906,0.39220190048217773,True,True,
pair_0047,12,02,02,01,pair_0047_happy,pair_0047_sad,upper_prompt__lower_spaced,Listen to the speech. Is the speaker HAPPY or SAD? Answer only HAPPY or SAD., happy, sad,[6247],[12421],decision_clamp,decision_clamp_to_18,17,,18,"[{""layer"":17,""patch_kind"":""decision_token"",""source"":""donor""},{""layer"":18,""patch_kind"":""decision_token"",""source"":""donor""}]",post_decoder_block_output,decision_token,-18.207361221313477,-14.713201522827148,-18.167673110961914,-14.448575019836426,-3.494159698486328,-3.7190980911254883,-18.443437576293945,-14.512866973876953,-17.924890518188477,-14.65556812286377,-3.930570602416992,-3.269322395324707,0.43641090393066406,0.44977569580078125,0.44309329986572266,True,True,
pair_0048,13,01,01,01,pair_0048_happy,pair_0048_sad,upper_prompt__lower_spaced,Listen to the speech. Is the speaker HAPPY or SAD? Answer only HAPPY or SAD., happy, sad,[6247],[12421],decision_clamp,decision_clamp_to_18,17,,18,"[{""layer"":17,""patch_kind"":""decision_token"",""source"":""donor""},{""layer"":18,""patch_kind"":""decision_token"",""source"":""donor""}]",post_decoder_block_output,decision_token,-18.664913177490234,-14.320459365844727,-18.376577377319336,-13.990562438964844,-4.344453811645508,-4.386014938354492,-18.479808807373047,-14.090508460998535,-18.558700561523438,-14.209197998046875,-4.389300346374512,-4.3495025634765625,0.044846534729003906,0.03651237487792969,0.0406794548034668,True,True,
pair_0049,13,01,02,01,pair_0049_happy,pair_0049_sad,upper_prompt__lower_spaced,Listen to the speech. Is the speaker HAPPY or SAD? Answer only HAPPY or SAD., happy, sad,[6247],[12421],decision_clamp,decision_clamp_to_18,17,,18,"[{""layer"":17,""patch_kind"":""decision_token"",""source"":""donor""},{""layer"":18,""patch_kind"":""decision_token"",""source"":""donor""}]",post_decoder_block_output,decision_token,-18.525012969970703,-14.230103492736816,-18.583324432373047,-14.079850196838379,-4.294909477233887,-4.503474235534668,-18.48894691467285,-14.028719902038574,-18.619722366333008,-14.284199714660645,-4.460227012634277,-4.335522651672363,0.16531753540039062,0.1679515838623047,0.16663455963134766,True,True,
pair_0050,13,02,01,01,pair_0050_happy,pair_0050_sad,upper_prompt__lower_spaced,Listen to the speech. Is the speaker HAPPY or SAD? Answer only HAPPY or SAD., happy, sad,[6247],[12421],decision_clamp,decision_clamp_to_18,17,,18,"[{""layer"":17,""patch_kind"":""decision_token"",""source"":""donor""},{""layer"":18,""patch_kind"":""decision_token"",""source"":""donor""}]",post_decoder_block_output,decision_token,-18.306961059570312,-15.119586944580078,-17.864843368530273,-14.535221099853516,-3.1873741149902344,-3.329622268676758,-18.0389347076416,-14.675931930541992,-18.148597717285156,-14.989853858947754,-3.3630027770996094,-3.1587438583374023,0.175628662109375,0.17087841033935547,0.17325353622436523,True,True,
pair_0051,13,02,02,01,pair_0051_happy,pair_0051_sad,upper_prompt__lower_spaced,Listen to the speech. Is the speaker HAPPY or SAD? Answer only HAPPY or SAD., happy, sad,[6247],[12421],decision_clamp,decision_clamp_to_18,17,,18,"[{""layer"":17,""patch_kind"":""decision_token"",""source"":""donor""},{""layer"":18,""patch_kind"":""decision_token"",""source"":""donor""}]",post_decoder_block_output,decision_token,-18.100208282470703,-14.651471138000488,-17.757957458496094,-14.480119705200195,-3.448737144470215,-3.2778377532958984,-17.736865997314453,-14.577202796936035,-18.121578216552734,-14.555011749267578,-3.159663200378418,-3.5665664672851562,-0.2890739440917969,-0.2887287139892578,-0.28890132904052734,False,False,
pair_0052,14,01,01,01,pair_0052_happy,pair_0052_sad,upper_prompt__lower_spaced,Listen to the speech. Is the speaker HAPPY or SAD? Answer only HAPPY or SAD., happy, sad,[6247],[12421],decision_clamp,decision_clamp_to_18,17,,18,"[{""layer"":17,""patch_kind"":""decision_token"",""source"":""donor""},{""layer"":18,""patch_kind"":""decision_token"",""source"":""donor""}]",post_decoder_block_output,decision_token,-18.30115509033203,-14.129631996154785,-18.541845321655273,-13.755435943603516,-4.171523094177246,-4.786409378051758,-18.7658634185791,-13.972646713256836,-18.08542251586914,-13.907007217407227,-4.793216705322266,-4.178415298461914,0.6216936111450195,0.6079940795898438,0.6148438453674316,True,True,
pair_0053,14,01,02,01,pair_0053_happy,pair_0053_sad,upper_prompt__lower_spaced,Listen to the speech. Is the speaker HAPPY or SAD? Answer only HAPPY or SAD., happy, sad,[6247],[12421],decision_clamp,decision_clamp_to_18,17,,18,"[{""layer"":17,""patch_kind"":""decision_token"",""source"":""donor""},{""layer"":18,""patch_kind"":""decision_token"",""source"":""donor""}]",post_decoder_block_output,decision_token,-18.31179428100586,-14.19974422454834,-18.716501235961914,-14.0404052734375,-4.1120500564575195,-4.676095962524414,-18.724166870117188,-14.06374740600586,-18.2924861907959,-14.169977188110352,-4.660419464111328,-4.122509002685547,0.5483694076538086,0.5535869598388672,0.5509781837463379,True,True,
pair_0054,14,02,01,01,pair_0054_happy,pair_0054_sad,upper_prompt__lower_spaced,Listen to the speech. Is the speaker HAPPY or SAD? Answer only HAPPY or SAD., happy, sad,[6247],[12421],decision_clamp,decision_clamp_to_18,17,,18,"[{""layer"":17,""patch_kind"":""decision_token"",""source"":""donor""},{""layer"":18,""patch_kind"":""decision_token"",""source"":""donor""}]",post_decoder_block_output,decision_token,-18.179431915283203,-14.604537963867188,-18.362808227539062,-14.593923568725586,-3.5748939514160156,-3.7688846588134766,-18.41495132446289,-14.638618469238281,-18.14377212524414,-14.565902709960938,-3.7763328552246094,-3.577869415283203,0.20143890380859375,0.19101524353027344,0.1962270736694336,True,True,
pair_0055,14,02,02,01,pair_0055_happy,pair_0055_sad,upper_prompt__lower_spaced,Listen to the speech. Is the speaker HAPPY or SAD? Answer only HAPPY or SAD., happy, sad,[6247],[12421],decision_clamp,decision_clamp_to_18,17,,18,"[{""layer"":17,""patch_kind"":""decision_token"",""source"":""donor""},{""layer"":18,""patch_kind"":""decision_token"",""source"":""donor""}]",post_decoder_block_output,decision_token,-18.11598014831543,-14.773356437683105,-18.366622924804688,-14.505785942077637,-3.342623710632324,-3.860836982727051,-18.167625427246094,-14.487288475036621,-18.323802947998047,-14.803454399108887,-3.6803369522094727,-3.52034854888916,0.33771324157714844,0.3404884338378906,0.33910083770751953,True,True,
pair_0056,15,01,01,01,pair_0056_happy,pair_0056_sad,upper_prompt__lower_spaced,Listen to the speech. Is the speaker HAPPY or SAD? Answer only HAPPY or SAD., happy, sad,[6247],[12421],decision_clamp,decision_clamp_to_18,17,,18,"[{""layer"":17,""patch_kind"":""decision_token"",""source"":""donor""},{""layer"":18,""patch_kind"":""decision_token"",""source"":""donor""}]",post_decoder_block_output,decision_token,-18.614431381225586,-14.383585929870605,-18.931833267211914,-14.995478630065918,-4.2308454513549805,-3.936354637145996,-18.63068389892578,-14.553924560546875,-18.918115615844727,-14.827566146850586,-4.076759338378906,-4.090549468994141,-0.15408611297607422,-0.15419483184814453,-0.15414047241210938,False,False,
pair_0057,15,01,02,01,pair_0057_happy,pair_0057_sad,upper_prompt__lower_spaced,Listen to the speech. Is the speaker HAPPY or SAD? Answer only HAPPY or SAD., happy, sad,[6247],[12421],decision_clamp,decision_clamp_to_18,17,,18,"[{""layer"":17,""patch_kind"":""decision_token"",""source"":""donor""},{""layer"":18,""patch_kind"":""decision_token"",""source"":""donor""}]",post_decoder_block_output,decision_token,-18.798620223999023,-14.357476234436035,-18.458749771118164,-14.200200080871582,-4.441143989562988,-4.258549690246582,-18.49395751953125,-14.215534210205078,-18.761119842529297,-14.345271110534668,-4.278423309326172,-4.415848731994629,-0.1627206802368164,-0.15729904174804688,-0.16000986099243164,False,False,
pair_0058,15,02,01,01,pair_0058_happy,pair_0058_sad,upper_prompt__lower_spaced,Listen to the speech. Is the speaker HAPPY or SAD? Answer only HAPPY or SAD., happy, sad,[6247],[12421],decision_clamp,decision_clamp_to_18,17,,18,"[{""layer"":17,""patch_kind"":""decision_token"",""source"":""donor""},{""layer"":18,""patch_kind"":""decision_token"",""source"":""donor""}]",post_decoder_block_output,decision_token,-18.081218719482422,-14.281206130981445,-18.09486961364746,-14.704352378845215,-3.8000125885009766,-3.390517234802246,-17.978271484375,-14.599350929260254,-18.1944580078125,-14.381790161132812,-3.378920555114746,-3.8126678466796875,-0.42109203338623047,-0.4221506118774414,-0.42162132263183594,False,False,
pair_0059,15,02,02,01,pair_0059_happy,pair_0059_sad,upper_prompt__lower_spaced,Listen to the speech. Is the speaker HAPPY or SAD? Answer only HAPPY or SAD., happy, sad,[6247],[12421],decision_clamp,decision_clamp_to_18,17,,18,"[{""layer"":17,""patch_kind"":""decision_token"",""source"":""donor""},{""layer"":18,""patch_kind"":""decision_token"",""source"":""donor""}]",post_decoder_block_output,decision_token,-18.11525535583496,-14.52250862121582,-18.730762481689453,-14.458134651184082,-3.5927467346191406,-4.272627830505371,-18.329971313476562,-14.145917892456055,-18.40839958190918,-14.717167854309082,-4.184053421020508,-3.6912317276000977,0.5913066864013672,0.5813961029052734,0.5863513946533203,True,True,
pair_0060,16,01,01,01,pair_0060_happy,pair_0060_sad,upper_prompt__lower_spaced,Listen to the speech. Is the speaker HAPPY or SAD? Answer only HAPPY or SAD., happy, sad,[6247],[12421],decision_clamp,decision_clamp_to_18,17,,18,"[{""layer"":17,""patch_kind"":""decision_token"",""source"":""donor""},{""layer"":18,""patch_kind"":""decision_token"",""source"":""donor""}]",post_decoder_block_output,decision_token,-18.571680068969727,-13.818909645080566,-18.521808624267578,-13.838467597961426,-4.75277042388916,-4.683341026306152,-18.429550170898438,-13.839045524597168,-18.66286849975586,-13.81589412689209,-4.5905046463012695,-4.8469743728637695,-0.16226577758789062,-0.1636333465576172,-0.1629495620727539,False,False,
pair_0061,16,01,02,01,pair_0061_happy,pair_0061_sad,upper_prompt__lower_spaced,Listen to the speech. Is the speaker HAPPY or SAD? Answer only HAPPY or SAD., happy, sad,[6247],[12421],decision_clamp,decision_clamp_to_18,17,,18,"[{""layer"":17,""patch_kind"":""decision_token"",""source"":""donor""},{""layer"":18,""patch_kind"":""decision_token"",""source"":""donor""}]",post_decoder_block_output,decision_token,-18.674955368041992,-14.01839542388916,-18.26150131225586,-14.158429145812988,-4.656559944152832,-4.103072166442871,-18.045034408569336,-14.00399112701416,-18.895999908447266,-14.173110008239746,-4.041043281555176,-4.7228899002075195,-0.6155166625976562,-0.6198177337646484,-0.6176671981811523,False,False,
pair_0062,16,02,01,01,pair_0062_happy,pair_0062_sad,upper_prompt__lower_spaced,Listen to the speech. Is the speaker HAPPY or SAD? Answer only HAPPY or SAD., happy, sad,[6247],[12421],decision_clamp,decision_clamp_to_18,17,,18,"[{""layer"":17,""patch_kind"":""decision_token"",""source"":""donor""},{""layer"":18,""patch_kind"":""decision_token"",""source"":""donor""}]",post_decoder_block_output,decision_token,-18.027568817138672,-14.464719772338867,-17.90529441833496,-14.368427276611328,-3.5628490447998047,-3.536867141723633,-17.890878677368164,-14.323114395141602,-18.038372039794922,-14.504877090454102,-3.5677642822265625,-3.5334949493408203,0.0049152374267578125,0.0033721923828125,0.004143714904785156,True,True,
pair_0063,16,02,02,01,pair_0063_happy,pair_0063_sad,upper_prompt__lower_spaced,Listen to the speech. Is the speaker HAPPY or SAD? Answer only HAPPY or SAD., happy, sad,[6247],[12421],decision_clamp,decision_clamp_to_18,17,,18,"[{""layer"":17,""patch_kind"":""decision_token"",""source"":""donor""},{""layer"":18,""patch_kind"":""decision_token"",""source"":""donor""}]",post_decoder_block_output,decision_token,-17.94687271118164,-14.69902515411377,-18.040203094482422,-14.327467918395996,-3.247847557067871,-3.712735176086426,-18.024911880493164,-14.426512718200684,-17.946016311645508,-14.59748649597168,-3.5983991622924805,-3.348529815673828,0.3505516052246094,0.36420536041259766,0.3573784828186035,True,True,
pair_0064,17,01,01,01,pair_0064_happy,pair_0064_sad,upper_prompt__lower_spaced,Listen to the speech. Is the speaker HAPPY or SAD? Answer only HAPPY or SAD., happy, sad,[6247],[12421],decision_clamp,decision_clamp_to_18,17,,18,"[{""layer"":17,""patch_kind"":""decision_token"",""source"":""donor""},{""layer"":18,""patch_kind"":""decision_token"",""source"":""donor""}]",post_decoder_block_output,decision_token,-18.533706665039062,-14.080385208129883,-18.318815231323242,-13.884380340576172,-4.45332145690918,-4.43443489074707,-18.486309051513672,-13.92458438873291,-18.36620330810547,-14.034826278686523,-4.561724662780762,-4.331377029418945,0.10840320587158203,0.103057861328125,0.10573053359985352,True,True,
pair_0065,17,01,02,01,pair_0065_happy,pair_0065_sad,upper_prompt__lower_spaced,Listen to the speech. Is the speaker HAPPY or SAD? Answer only HAPPY or SAD., happy, sad,[6247],[12421],decision_clamp,decision_clamp_to_18,17,,18,"[{""layer"":17,""patch_kind"":""decision_token"",""source"":""donor""},{""layer"":18,""patch_kind"":""decision_token"",""source"":""donor""}]",post_decoder_block_output,decision_token,-18.401418685913086,-14.052645683288574,-18.25725746154785,-13.967479705810547,-4.348773002624512,-4.289777755737305,-18.2580509185791,-13.957324028015137,-18.40913963317871,-14.057148933410645,-4.300726890563965,-4.351990699768066,-0.048046112060546875,-0.06221294403076172,-0.0551295280456543,False,False,
pair_0066,17,02,01,01,pair_0066_happy,pair_0066_sad,upper_prompt__lower_spaced,Listen to the speech. Is the speaker HAPPY or SAD? Answer only HAPPY or SAD., happy, sad,[6247],[12421],decision_clamp,decision_clamp_to_18,17,,18,"[{""layer"":17,""patch_kind"":""decision_token"",""source"":""donor""},{""layer"":18,""patch_kind"":""decision_token"",""source"":""donor""}]",post_decoder_block_output,decision_token,-18.203441619873047,-14.283772468566895,-18.37724494934082,-14.227227210998535,-3.9196691513061523,-4.150017738342285,-18.316883087158203,-14.181519508361816,-18.2664794921875,-14.323371887207031,-4.135363578796387,-3.9431076049804688,0.21569442749023438,0.2069101333618164,0.2113022804260254,True,True,
pair_0067,17,02,02,01,pair_0067_happy,pair_0067_sad,upper_prompt__lower_spaced,Listen to the speech. Is the speaker HAPPY or SAD? Answer only HAPPY or SAD., happy, sad,[6247],[12421],decision_clamp,decision_clamp_to_18,17,,18,"[{""layer"":17,""patch_kind"":""decision_token"",""source"":""donor""},{""layer"":18,""patch_kind"":""decision_token"",""source"":""donor""}]",post_decoder_block_output,decision_token,-18.189525604248047,-14.367218017578125,-18.002729415893555,-14.506258010864258,-3.822307586669922,-3.496471405029297,-18.19989013671875,-14.631001472473145,-18.009794235229492,-14.24847412109375,-3.5688886642456055,-3.761320114135742,-0.2534189224243164,-0.2648487091064453,-0.25913381576538086,False,False,
pair_0068,18,01,01,01,pair_0068_happy,pair_0068_sad,upper_prompt__lower_spaced,Listen to the speech. Is the speaker HAPPY or SAD? Answer only HAPPY or SAD., happy, sad,[6247],[12421],decision_clamp,decision_clamp_to_18,17,,18,"[{""layer"":17,""patch_kind"":""decision_token"",""source"":""donor""},{""layer"":18,""patch_kind"":""decision_token"",""source"":""donor""}]",post_decoder_block_output,decision_token,-18.210012435913086,-14.200634002685547,-18.49770736694336,-14.28528118133545,-4.009378433227539,-4.21242618560791,-18.605445861816406,-14.159904479980469,-18.116151809692383,-14.322649002075195,-4.4455413818359375,-3.7935028076171875,0.43616294860839844,0.41892337799072266,0.42754316329956055,True,True,
pair_0069,18,01,02,01,pair_0069_happy,pair_0069_sad,upper_prompt__lower_spaced,Listen to the speech. Is the speaker HAPPY or SAD? Answer only HAPPY or SAD., happy, sad,[6247],[12421],decision_clamp,decision_clamp_to_18,17,,18,"[{""layer"":17,""patch_kind"":""decision_token"",""source"":""donor""},{""layer"":18,""patch_kind"":""decision_token"",""source"":""donor""}]",post_decoder_block_output,decision_token,-18.684219360351562,-14.944689750671387,-18.647714614868164,-14.22707748413086,-3.739529609680176,-4.420637130737305,-19.005659103393555,-14.62070369720459,-18.376359939575195,-14.601605415344238,-4.384955406188965,-3.774754524230957,0.6454257965087891,0.6458826065063477,0.6456542015075684,True,True,
pair_0070,18,02,01,01,pair_0070_happy,pair_0070_sad,upper_prompt__lower_spaced,Listen to the speech. Is the speaker HAPPY or SAD? Answer only HAPPY or SAD., happy, sad,[6247],[12421],decision_clamp,decision_clamp_to_18,17,,18,"[{""layer"":17,""patch_kind"":""decision_token"",""source"":""donor""},{""layer"":18,""patch_kind"":""decision_token"",""source"":""donor""}]",post_decoder_block_output,decision_token,-18.257858276367188,-14.408829689025879,-18.45116424560547,-14.356088638305664,-3.8490285873413086,-4.095075607299805,-18.423093795776367,-14.33873462677002,-18.277057647705078,-14.431082725524902,-4.084359169006348,-3.845974922180176,0.23533058166503906,0.2491006851196289,0.24221563339233398,True,True,
pair_0071,18,02,02,01,pair_0071_happy,pair_0071_sad,upper_prompt__lower_spaced,Listen to the speech. Is the speaker HAPPY or SAD? Answer only HAPPY or SAD., happy, sad,[6247],[12421],decision_clamp,decision_clamp_to_18,17,,18,"[{""layer"":17,""patch_kind"":""decision_token"",""source"":""donor""},{""layer"":18,""patch_kind"":""decision_token"",""source"":""donor""}]",post_decoder_block_output,decision_token,-18.145662307739258,-13.863798141479492,-18.30503273010254,-14.476175308227539,-4.281864166259766,-3.828857421875,-18.567726135253906,-14.764530181884766,-18.09737205505371,-13.535796165466309,-3.8031959533691406,-4.561575889587402,-0.478668212890625,-0.7327184677124023,-0.6056933403015137,False,False,
pair_0072,19,01,01,01,pair_0072_happy,pair_0072_sad,upper_prompt__lower_spaced,Listen to the speech. Is the speaker HAPPY or SAD? Answer only HAPPY or SAD., happy, sad,[6247],[12421],decision_clamp,decision_clamp_to_18,17,,18,"[{""layer"":17,""patch_kind"":""decision_token"",""source"":""donor""},{""layer"":18,""patch_kind"":""decision_token"",""source"":""donor""}]",post_decoder_block_output,decision_token,-18.514738082885742,-14.067811965942383,-18.540695190429688,-13.83083438873291,-4.446926116943359,-4.709860801696777,-18.46082878112793,-13.800020217895508,-18.59237289428711,-14.089008331298828,-4.660808563232422,-4.503364562988281,0.2138824462890625,0.2064962387084961,0.2101893424987793,True,True,
pair_0073,19,01,02,01,pair_0073_happy,pair_0073_sad,upper_prompt__lower_spaced,Listen to the speech. Is the speaker HAPPY or SAD? Answer only HAPPY or SAD., happy, sad,[6247],[12421],decision_clamp,decision_clamp_to_18,17,,18,"[{""layer"":17,""patch_kind"":""decision_token"",""source"":""donor""},{""layer"":18,""patch_kind"":""decision_token"",""source"":""donor""}]",post_decoder_block_output,decision_token,-18.675731658935547,-13.967928886413574,-18.710811614990234,-14.28913688659668,-4.707802772521973,-4.421674728393555,-18.53639793395996,-14.293220520019531,-18.874670028686523,-13.97142505645752,-4.24317741394043,-4.903244972229004,-0.46462535858154297,-0.4815702438354492,-0.4730978012084961,False,False,
pair_0074,19,02,01,01,pair_0074_happy,pair_0074_sad,upper_prompt__lower_spaced,Listen to the speech. Is the speaker HAPPY or SAD? Answer only HAPPY or SAD., happy, sad,[6247],[12421],decision_clamp,decision_clamp_to_18,17,,18,"[{""layer"":17,""patch_kind"":""decision_token"",""source"":""donor""},{""layer"":18,""patch_kind"":""decision_token"",""source"":""donor""}]",post_decoder_block_output,decision_token,-18.20193099975586,-14.081350326538086,-18.033628463745117,-12.836380004882812,-4.120580673217773,-5.197248458862305,-17.63922691345215,-13.041749954223633,-18.534156799316406,-13.842550277709961,-4.597476959228516,-4.691606521606445,0.4768962860107422,0.5056419372558594,0.4912691116333008,True,True,
pair_0075,19,02,02,01,pair_0075_happy,pair_0075_sad,upper_prompt__lower_spaced,Listen to the speech. Is the speaker HAPPY or SAD? Answer only HAPPY or SAD., happy, sad,[6247],[12421],decision_clamp,decision_clamp_to_18,17,,18,"[{""layer"":17,""patch_kind"":""decision_token"",""source"":""donor""},{""layer"":18,""patch_kind"":""decision_token"",""source"":""donor""}]",post_decoder_block_output,decision_token,-17.312185287475586,-14.008975982666016,-17.768232345581055,-14.52195930480957,-3.3032093048095703,-3.2462730407714844,-17.6021671295166,-14.593378067016602,-17.4771728515625,-13.918855667114258,-3.0087890625,-3.558317184448242,-0.2944202423095703,-0.3120441436767578,-0.30323219299316406,False,False,
pair_0076,20,01,01,01,pair_0076_happy,pair_0076_sad,upper_prompt__lower_spaced,Listen to the speech. Is the speaker HAPPY or SAD? Answer only HAPPY or SAD., happy, sad,[6247],[12421],decision_clamp,decision_clamp_to_18,17,,18,"[{""layer"":17,""patch_kind"":""decision_token"",""source"":""donor""},{""layer"":18,""patch_kind"":""decision_token"",""source"":""donor""}]",post_decoder_block_output,decision_token,-18.47559928894043,-13.930008888244629,-18.531600952148438,-13.823415756225586,-4.545590400695801,-4.708185195922852,-18.449535369873047,-13.80660629272461,-18.581804275512695,-13.96426773071289,-4.6429290771484375,-4.617536544799805,0.09733867645263672,0.09064865112304688,0.0939936637878418,True,True,
pair_0077,20,01,02,01,pair_0077_happy,pair_0077_sad,upper_prompt__lower_spaced,Listen to the speech. Is the speaker HAPPY or SAD? Answer only HAPPY or SAD., happy, sad,[6247],[12421],decision_clamp,decision_clamp_to_18,17,,18,"[{""layer"":17,""patch_kind"":""decision_token"",""source"":""donor""},{""layer"":18,""patch_kind"":""decision_token"",""source"":""donor""}]",post_decoder_block_output,decision_token,-18.271272659301758,-14.129005432128906,-18.48236846923828,-14.481040000915527,-4.142267227172852,-4.001328468322754,-18.212434768676758,-14.166570663452148,-18.534154891967773,-14.428730010986328,-4.045864105224609,-4.105424880981445,-0.09640312194824219,-0.1040964126586914,-0.1002497673034668,False,False,
pair_0078,20,02,01,01,pair_0078_happy,pair_0078_sad,upper_prompt__lower_spaced,Listen to the speech. Is the speaker HAPPY or SAD? Answer only HAPPY or SAD., happy, sad,[6247],[12421],decision_clamp,decision_clamp_to_18,17,,18,"[{""layer"":17,""patch_kind"":""decision_token"",""source"":""donor""},{""layer"":18,""patch_kind"":""decision_token"",""source"":""donor""}]",post_decoder_block_output,decision_token,-18.257326126098633,-14.755581855773926,-18.208616256713867,-14.755860328674316,-3.501744270324707,-3.452755928039551,-17.84626579284668,-13.997960090637207,-18.552732467651367,-15.226495742797852,-3.8483057022094727,-3.3262367248535156,0.3465614318847656,0.12651920318603516,0.2365403175354004,True,True,
pair_0079,20,02,02,01,pair_0079_happy,pair_0079_sad,upper_prompt__lower_spaced,Listen to the speech. Is the speaker HAPPY or SAD? Answer only HAPPY or SAD., happy, sad,[6247],[12421],decision_clamp,decision_clamp_to_18,17,,18,"[{""layer"":17,""patch_kind"":""decision_token"",""source"":""donor""},{""layer"":18,""patch_kind"":""decision_token"",""source"":""donor""}]",post_decoder_block_output,decision_token,-18.42920684814453,-14.564261436462402,-17.751972198486328,-14.094348907470703,-3.864945411682129,-3.657623291015625,-17.94314956665039,-14.162959098815918,-18.235010147094727,-14.493193626403809,-3.7801904678344727,-3.741816520690918,-0.08475494384765625,-0.08419322967529297,-0.08447408676147461,False,False,
pair_0080,21,01,01,01,pair_0080_happy,pair_0080_sad,upper_prompt__lower_spaced,Listen to the speech. Is the speaker HAPPY or SAD? Answer only HAPPY or SAD., happy, sad,[6247],[12421],decision_clamp,decision_clamp_to_18,17,,18,"[{""layer"":17,""patch_kind"":""decision_token"",""source"":""donor""},{""layer"":18,""patch_kind"":""decision_token"",""source"":""donor""}]",post_decoder_block_output,decision_token,-18.470245361328125,-14.200312614440918,-18.25367546081543,-14.158926010131836,-4.269932746887207,-4.094749450683594,-18.271785736083984,-14.255938529968262,-18.434558868408203,-14.095926284790039,-4.015847206115723,-4.338632583618164,-0.2540855407714844,-0.2438831329345703,-0.24898433685302734,False,False,
pair_0081,21,01,02,01,pair_0081_happy,pair_0081_sad,upper_prompt__lower_spaced,Listen to the speech. Is the speaker HAPPY or SAD? Answer only HAPPY or SAD., happy, sad,[6247],[12421],decision_clamp,decision_clamp_to_18,17,,18,"[{""layer"":17,""patch_kind"":""decision_token"",""source"":""donor""},{""layer"":18,""patch_kind"":""decision_token"",""source"":""donor""}]",post_decoder_block_output,decision_token,-18.46053123474121,-14.23830509185791,-18.299312591552734,-14.097284317016602,-4.222226142883301,-4.202028274536133,-18.25505828857422,-14.143524169921875,-18.499372482299805,-14.191117286682129,-4.111534118652344,-4.308255195617676,-0.11069202423095703,-0.10622692108154297,-0.10845947265625,False,False,
pair_0082,21,02,01,01,pair_0082_happy,pair_0082_sad,upper_prompt__lower_spaced,Listen to the speech. Is the speaker HAPPY or SAD? Answer only HAPPY or SAD., happy, sad,[6247],[12421],decision_clamp,decision_clamp_to_18,17,,18,"[{""layer"":17,""patch_kind"":""decision_token"",""source"":""donor""},{""layer"":18,""patch_kind"":""decision_token"",""source"":""donor""}]",post_decoder_block_output,decision_token,-17.97361183166504,-14.197131156921387,-17.829065322875977,-14.487285614013672,-3.7764806747436523,-3.3417797088623047,-17.83051300048828,-14.459332466125488,-17.970094680786133,-14.229724884033203,-3.371180534362793,-3.7403697967529297,-0.4053001403808594,-0.398590087890625,-0.4019451141357422,False,False,
pair_0083,21,02,02,01,pair_0083_happy,pair_0083_sad,upper_prompt__lower_spaced,Listen to the speech. Is the speaker HAPPY or SAD? Answer only HAPPY or SAD., happy, sad,[6247],[12421],decision_clamp,decision_clamp_to_18,17,,18,"[{""layer"":17,""patch_kind"":""decision_token"",""source"":""donor""},{""layer"":18,""patch_kind"":""decision_token"",""source"":""donor""}]",post_decoder_block_output,decision_token,-17.93297576904297,-14.61596965789795,-18.092235565185547,-14.633484840393066,-3.3170061111450195,-3.4587507247924805,-18.055437088012695,-14.609480857849121,-17.97317123413086,-14.644182205200195,-3.445956230163574,-3.328989028930664,0.1289501190185547,0.1297616958618164,0.12935590744018555,True,True,
pair_0084,22,01,01,01,pair_0084_happy,pair_0084_sad,upper_prompt__lower_spaced,Listen to the speech. Is the speaker HAPPY or SAD? Answer only HAPPY or SAD., happy, sad,[6247],[12421],decision_clamp,decision_clamp_to_18,17,,18,"[{""layer"":17,""patch_kind"":""decision_token"",""source"":""donor""},{""layer"":18,""patch_kind"":""decision_token"",""source"":""donor""}]",post_decoder_block_output,decision_token,-18.682262420654297,-14.192432403564453,-18.470258712768555,-13.706429481506348,-4.489830017089844,-4.763829231262207,-18.569908142089844,-13.782855987548828,-18.591806411743164,-14.12596607208252,-4.787052154541016,-4.4658403396606445,0.2972221374511719,0.2979888916015625,0.2976055145263672,True,True,
pair_0085,22,01,02,01,pair_0085_happy,pair_0085_sad,upper_prompt__lower_spaced,Listen to the speech. Is the speaker HAPPY or SAD? Answer only HAPPY or SAD., happy, sad,[6247],[12421],decision_clamp,decision_clamp_to_18,17,,18,"[{""layer"":17,""patch_kind"":""decision_token"",""source"":""donor""},{""layer"":18,""patch_kind"":""decision_token"",""source"":""donor""}]",post_decoder_block_output,decision_token,-18.272850036621094,-14.236717224121094,-18.724578857421875,-14.284399032592773,-4.0361328125,-4.440179824829102,-18.596364974975586,-14.433432579040527,-18.392108917236328,-14.076489448547363,-4.162932395935059,-4.315619468688965,0.1267995834350586,0.12456035614013672,0.12567996978759766,True,True,
pair_0086,22,02,01,01,pair_0086_happy,pair_0086_sad,upper_prompt__lower_spaced,Listen to the speech. Is the speaker HAPPY or SAD? Answer only HAPPY or SAD., happy, sad,[6247],[12421],decision_clamp,decision_clamp_to_18,17,,18,"[{""layer"":17,""patch_kind"":""decision_token"",""source"":""donor""},{""layer"":18,""patch_kind"":""decision_token"",""source"":""donor""}]",post_decoder_block_output,decision_token,-18.112878799438477,-14.50664234161377,-18.061094284057617,-14.396312713623047,-3.606236457824707,-3.6647815704345703,-17.985031127929688,-14.385708808898926,-18.18755531311035,-14.51069450378418,-3.5993223190307617,-3.676860809326172,-0.0069141387939453125,-0.012079238891601562,-0.009496688842773438,False,False,
pair_0087,22,02,02,01,pair_0087_happy,pair_0087_sad,upper_prompt__lower_spaced,Listen to the speech. Is the speaker HAPPY or SAD? Answer only HAPPY or SAD., happy, sad,[6247],[12421],decision_clamp,decision_clamp_to_18,17,,18,"[{""layer"":17,""patch_kind"":""decision_token"",""source"":""donor""},{""layer"":18,""patch_kind"":""decision_token"",""source"":""donor""}]",post_decoder_block_output,decision_token,-17.975412368774414,-14.336179733276367,-17.852388381958008,-14.33988094329834,-3.639232635498047,-3.512507438659668,-17.949352264404297,-14.291318893432617,-17.86829376220703,-14.393026351928711,-3.6580333709716797,-3.4752674102783203,0.018800735473632812,0.037240028381347656,0.028020381927490234,True,True,
pair_0088,23,01,01,01,pair_0088_happy,pair_0088_sad,upper_prompt__lower_spaced,Listen to the speech. Is the speaker HAPPY or SAD? Answer only HAPPY or SAD., happy, sad,[6247],[12421],decision_clamp,decision_clamp_to_18,17,,18,"[{""layer"":17,""patch_kind"":""decision_token"",""source"":""donor""},{""layer"":18,""patch_kind"":""decision_token"",""source"":""donor""}]",post_decoder_block_output,decision_token,-18.47939682006836,-14.078022956848145,-18.001972198486328,-13.984725952148438,-4.401373863220215,-4.017246246337891,-17.973539352416992,-14.159134864807129,-18.513952255249023,-13.897622108459473,-3.8144044876098633,-4.616330146789551,-0.5869693756103516,-0.5990839004516602,-0.5930266380310059,False,False,
pair_0089,23,01,02,01,pair_0089_happy,pair_0089_sad,upper_prompt__lower_spaced,Listen to the speech. Is the speaker HAPPY or SAD? Answer only HAPPY or SAD., happy, sad,[6247],[12421],decision_clamp,decision_clamp_to_18,17,,18,"[{""layer"":17,""patch_kind"":""decision_token"",""source"":""donor""},{""layer"":18,""patch_kind"":""decision_token"",""source"":""donor""}]",post_decoder_block_output,decision_token,-18.697004318237305,-14.208320617675781,-18.652122497558594,-14.244013786315918,-4.488683700561523,-4.408108711242676,-18.52433204650879,-14.22363567352295,-18.812623977661133,-14.209061622619629,-4.30069637298584,-4.603562355041504,-0.1879873275756836,-0.19545364379882812,-0.19172048568725586,False,False,
pair_0090,23,02,01,01,pair_0090_happy,pair_0090_sad,upper_prompt__lower_spaced,Listen to the speech. Is the speaker HAPPY or SAD? Answer only HAPPY or SAD., happy, sad,[6247],[12421],decision_clamp,decision_clamp_to_18,17,,18,"[{""layer"":17,""patch_kind"":""decision_token"",""source"":""donor""},{""layer"":18,""patch_kind"":""decision_token"",""source"":""donor""}]",post_decoder_block_output,decision_token,-18.12325668334961,-14.155843734741211,-17.865354537963867,-14.407626152038574,-3.9674129486083984,-3.457728385925293,-17.8184757232666,-14.366005897521973,-18.17740249633789,-14.207087516784668,-3.452469825744629,-3.9703149795532227,-0.5149431228637695,-0.5125865936279297,-0.5137648582458496,False,False,
pair_0091,23,02,02,01,pair_0091_happy,pair_0091_sad,upper_prompt__lower_spaced,Listen to the speech. Is the speaker HAPPY or SAD? Answer only HAPPY or SAD., happy, sad,[6247],[12421],decision_clamp,decision_clamp_to_18,17,,18,"[{""layer"":17,""patch_kind"":""decision_token"",""source"":""donor""},{""layer"":18,""patch_kind"":""decision_token"",""source"":""donor""}]",post_decoder_block_output,decision_token,-18.110824584960938,-14.51156234741211,-17.68675994873047,-14.507476806640625,-3.599262237548828,-3.1792831420898438,-17.86113166809082,-14.822258949279785,-18.030187606811523,-14.19302749633789,-3.038872718811035,-3.837160110473633,-0.560389518737793,-0.6578769683837891,-0.609133243560791,False,False,
pair_0092,24,01,01,01,pair_0092_happy,pair_0092_sad,upper_prompt__lower_spaced,Listen to the speech. Is the speaker HAPPY or SAD? Answer only HAPPY or SAD., happy, sad,[6247],[12421],decision_clamp,decision_clamp_to_18,17,,18,"[{""layer"":17,""patch_kind"":""decision_token"",""source"":""donor""},{""layer"":18,""patch_kind"":""decision_token"",""source"":""donor""}]",post_decoder_block_output,decision_token,-18.272140502929688,-14.17473030090332,-18.658676147460938,-13.953152656555176,-4.097410202026367,-4.705523490905762,-18.395891189575195,-13.938797950744629,-18.53821563720703,-14.183093070983887,-4.457093238830566,-4.3551225662231445,0.3596830368041992,0.3504009246826172,0.3550419807434082,True,True,
pair_0093,24,01,02,01,pair_0093_happy,pair_0093_sad,upper_prompt__lower_spaced,Listen to the speech. Is the speaker HAPPY or SAD? Answer only HAPPY or SAD., happy, sad,[6247],[12421],decision_clamp,decision_clamp_to_18,17,,18,"[{""layer"":17,""patch_kind"":""decision_token"",""source"":""donor""},{""layer"":18,""patch_kind"":""decision_token"",""source"":""donor""}]",post_decoder_block_output,decision_token,-18.38443946838379,-14.200296401977539,-18.802410125732422,-14.208366394042969,-4.18414306640625,-4.594043731689453,-18.587242126464844,-14.287995338439941,-18.596410751342773,-14.123395919799805,-4.299246788024902,-4.473014831542969,0.11510372161865234,0.12102890014648438,0.11806631088256836,True,True,
pair_0094,24,02,01,01,pair_0094_happy,pair_0094_sad,upper_prompt__lower_spaced,Listen to the speech. Is the speaker HAPPY or SAD? Answer only HAPPY or SAD., happy, sad,[6247],[12421],decision_clamp,decision_clamp_to_18,17,,18,"[{""layer"":17,""patch_kind"":""decision_token"",""source"":""donor""},{""layer"":18,""patch_kind"":""decision_token"",""source"":""donor""}]",post_decoder_block_output,decision_token,-18.109331130981445,-14.389881134033203,-17.85662269592285,-14.2269926071167,-3.719449996948242,-3.6296300888061523,-17.702510833740234,-14.268898963928223,-18.261959075927734,-14.39436149597168,-3.4336118698120117,-3.8675975799560547,-0.28583812713623047,-0.23796749114990234,-0.2619028091430664,False,False,
pair_0095,24,02,02,01,pair_0095_happy,pair_0095_sad,upper_prompt__lower_spaced,Listen to the speech. Is the speaker HAPPY or SAD? Answer only HAPPY or SAD., happy, sad,[6247],[12421],decision_clamp,decision_clamp_to_18,17,,18,"[{""layer"":17,""patch_kind"":""decision_token"",""source"":""donor""},{""layer"":18,""patch_kind"":""decision_token"",""source"":""donor""}]",post_decoder_block_output,decision_token,-17.84119987487793,-14.09777545928955,-17.919200897216797,-14.292767524719238,-3.743424415588379,-3.6264333724975586,-17.88628578186035,-14.158146858215332,-17.878400802612305,-14.231572151184082,-3.7281389236450195,-3.6468286514282227,-0.015285491943359375,-0.020395278930664062,-0.01784038543701172,False,False,
pair_0000,01,01,01,01,pair_0000_happy,pair_0000_sad,upper_prompt__lower_spaced,Listen to the speech. Is the speaker HAPPY or SAD? Answer only HAPPY or SAD., happy, sad,[6247],[12421],decision_clamp,decision_clamp_to_19,17,,19,"[{""layer"":17,""patch_kind"":""decision_token"",""source"":""donor""},{""layer"":18,""patch_kind"":""decision_token"",""source"":""donor""},{""layer"":19,""patch_kind"":""decision_token"",""source"":""donor""}]",post_decoder_block_output,decision_token,-18.784337997436523,-14.192665100097656,-18.59215545654297,-14.119668960571289,-4.591672897338867,-4.47248649597168,-18.64159393310547,-14.214943885803223,-18.73611068725586,-14.087449073791504,-4.426650047302246,-4.6486616134643555,-0.1650228500366211,-0.17617511749267578,-0.17059898376464844,False,False,
pair_0001,01,01,02,01,pair_0001_happy,pair_0001_sad,upper_prompt__lower_spaced,Listen to the speech. Is the speaker HAPPY or SAD? Answer only HAPPY or SAD., happy, sad,[6247],[12421],decision_clamp,decision_clamp_to_19,17,,19,"[{""layer"":17,""patch_kind"":""decision_token"",""source"":""donor""},{""layer"":18,""patch_kind"":""decision_token"",""source"":""donor""},{""layer"":19,""patch_kind"":""decision_token"",""source"":""donor""}]",post_decoder_block_output,decision_token,-18.62534523010254,-13.82693862915039,-18.685665130615234,-13.871679306030273,-4.798406600952148,-4.813985824584961,-18.621841430664062,-13.847907066345215,-18.693893432617188,-13.852340698242188,-4.773934364318848,-4.841552734375,-0.02447223663330078,-0.027566909790039062,-0.026019573211669922,False,False,
pair_0002,01,02,01,01,pair_0002_happy,pair_0002_sad,upper_prompt__lower_spaced,Listen to the speech. Is the speaker HAPPY or SAD? Answer only HAPPY or SAD., happy, sad,[6247],[12421],decision_clamp,decision_clamp_to_19,17,,19,"[{""layer"":17,""patch_kind"":""decision_token"",""source"":""donor""},{""layer"":18,""patch_kind"":""decision_token"",""source"":""donor""},{""layer"":19,""patch_kind"":""decision_token"",""source"":""donor""}]",post_decoder_block_output,decision_token,-18.101184844970703,-14.566595077514648,-18.250112533569336,-14.308186531066895,-3.5345897674560547,-3.9419260025024414,-18.13284683227539,-14.296809196472168,-18.21270179748535,-14.576080322265625,-3.8360376358032227,-3.6366214752197266,0.30144786834716797,0.30530452728271484,0.3033761978149414,True,True,
pair_0003,01,02,02,01,pair_0003_happy,pair_0003_sad,upper_prompt__lower_spaced,Listen to the speech. Is the speaker HAPPY or SAD? Answer only HAPPY or SAD., happy, sad,[6247],[12421],decision_clamp,decision_clamp_to_19,17,,19,"[{""layer"":17,""patch_kind"":""decision_token"",""source"":""donor""},{""layer"":18,""patch_kind"":""decision_token"",""source"":""donor""},{""layer"":19,""patch_kind"":""decision_token"",""source"":""donor""}]",post_decoder_block_output,decision_token,-18.006914138793945,-14.501709938049316,-18.291980743408203,-14.688089370727539,-3.505204200744629,-3.603891372680664,-18.16926383972168,-14.749385833740234,-18.13298225402832,-14.463732719421387,-3.4198780059814453,-3.6692495346069336,-0.0853261947631836,-0.06535816192626953,-0.07534217834472656,False,False,
pair_0004,02,01,01,01,pair_0004_happy,pair_0004_sad,upper_prompt__lower_spaced,Listen to the speech. Is the speaker HAPPY or SAD? Answer only HAPPY or SAD., happy, sad,[6247],[12421],decision_clamp,decision_clamp_to_19,17,,19,"[{""layer"":17,""patch_kind"":""decision_token"",""source"":""donor""},{""layer"":18,""patch_kind"":""decision_token"",""source"":""donor""},{""layer"":19,""patch_kind"":""decision_token"",""source"":""donor""}]",post_decoder_block_output,decision_token,-18.301326751708984,-14.038238525390625,-18.725671768188477,-13.857430458068848,-4.263088226318359,-4.868241310119629,-18.697734832763672,-13.99201488494873,-18.318220138549805,-13.904699325561523,-4.705719947814941,-4.413520812988281,0.44263172149658203,0.45472049713134766,0.44867610931396484,True,True,
pair_0005,02,01,02,01,pair_0005_happy,pair_0005_sad,upper_prompt__lower_spaced,Listen to the speech. Is the speaker HAPPY or SAD? Answer only HAPPY or SAD., happy, sad,[6247],[12421],decision_clamp,decision_clamp_to_19,17,,19,"[{""layer"":17,""patch_kind"":""decision_token"",""source"":""donor""},{""layer"":18,""patch_kind"":""decision_token"",""source"":""donor""},{""layer"":19,""patch_kind"":""decision_token"",""source"":""donor""}]",post_decoder_block_output,decision_token,-18.589427947998047,-14.114439964294434,-18.74413299560547,-14.046891212463379,-4.474987983703613,-4.69724178314209,-18.716602325439453,-14.206938743591309,-18.613386154174805,-13.960360527038574,-4.5096635818481445,-4.6530256271362305,0.03467559814453125,0.044216156005859375,0.03944587707519531,True,True,
pair_0006,02,02,01,01,pair_0006_happy,pair_0006_sad,upper_prompt__lower_spaced,Listen to the speech. Is the speaker HAPPY or SAD? Answer only HAPPY or SAD., happy, sad,[6247],[12421],decision_clamp,decision_clamp_to_19,17,,19,"[{""layer"":17,""patch_kind"":""decision_token"",""source"":""donor""},{""layer"":18,""patch_kind"":""decision_token"",""source"":""donor""},{""layer"":19,""patch_kind"":""decision_token"",""source"":""donor""}]",post_decoder_block_output,decision_token,-17.821413040161133,-14.312002182006836,-17.82419204711914,-14.049148559570312,-3.509410858154297,-3.775043487548828,-17.81789207458496,-13.999748229980469,-17.823726654052734,-14.360982894897461,-3.818143844604492,-3.4627437591552734,0.3087329864501953,0.3122997283935547,0.310516357421875,True,True,
pair_0007,02,02,02,01,pair_0007_happy,pair_0007_sad,upper_prompt__lower_spaced,Listen to the speech. Is the speaker HAPPY or SAD? Answer only HAPPY or SAD., happy, sad,[6247],[12421],decision_clamp,decision_clamp_to_19,17,,19,"[{""layer"":17,""patch_kind"":""decision_token"",""source"":""donor""},{""layer"":18,""patch_kind"":""decision_token"",""source"":""donor""},{""layer"":19,""patch_kind"":""decision_token"",""source"":""donor""}]",post_decoder_block_output,decision_token,-17.819889068603516,-14.41187572479248,-17.866769790649414,-14.385616302490234,-3.408013343811035,-3.4811534881591797,-17.853126525878906,-14.310276985168457,-17.832490921020508,-14.486321449279785,-3.542849540710449,-3.3461694717407227,0.13483619689941406,0.13498401641845703,0.13491010665893555,True,True,
pair_0008,03,01,01,01,pair_0008_happy,pair_0008_sad,upper_prompt__lower_spaced,Listen to the speech. Is the speaker HAPPY or SAD? Answer only HAPPY or SAD., happy, sad,[6247],[12421],decision_clamp,decision_clamp_to_19,17,,19,"[{""layer"":17,""patch_kind"":""decision_token"",""source"":""donor""},{""layer"":18,""patch_kind"":""decision_token"",""source"":""donor""},{""layer"":19,""patch_kind"":""decision_token"",""source"":""donor""}]",post_decoder_block_output,decision_token,-18.818166732788086,-14.119091033935547,-18.65387725830078,-14.069162368774414,-4.699075698852539,-4.584714889526367,-18.688344955444336,-14.042488098144531,-18.78451919555664,-14.1353759765625,-4.645856857299805,-4.649143218994141,-0.053218841552734375,-0.06442832946777344,-0.058823585510253906,False,False,
pair_0009,03,01,02,01,pair_0009_happy,pair_0009_sad,upper_prompt__lower_spaced,Listen to the speech. Is the speaker HAPPY or SAD? Answer only HAPPY or SAD., happy, sad,[6247],[12421],decision_clamp,decision_clamp_to_19,17,,19,"[{""layer"":17,""patch_kind"":""decision_token"",""source"":""donor""},{""layer"":18,""patch_kind"":""decision_token"",""source"":""donor""},{""layer"":19,""patch_kind"":""decision_token"",""source"":""donor""}]",post_decoder_block_output,decision_token,-18.729928970336914,-14.011101722717285,-18.5625,-14.185173034667969,-4.718827247619629,-4.377326965332031,-18.600902557373047,-14.220640182495117,-18.68717384338379,-13.972143173217773,-4.38026237487793,-4.715030670166016,-0.3385648727416992,-0.3377037048339844,-0.3381342887878418,False,False,
pair_0010,03,02,01,01,pair_0010_happy,pair_0010_sad,upper_prompt__lower_spaced,Listen to the speech. Is the speaker HAPPY or SAD? Answer only HAPPY or SAD., happy, sad,[6247],[12421],decision_clamp,decision_clamp_to_19,17,,19,"[{""layer"":17,""patch_kind"":""decision_token"",""source"":""donor""},{""layer"":18,""patch_kind"":""decision_token"",""source"":""donor""},{""layer"":19,""patch_kind"":""decision_token"",""source"":""donor""}]",post_decoder_block_output,decision_token,-18.31175994873047,-14.61680793762207,-17.840412139892578,-14.470471382141113,-3.6949520111083984,-3.369940757751465,-17.893409729003906,-14.480669021606445,-18.25942039489746,-14.602128982543945,-3.412740707397461,-3.6572914123535156,-0.2822113037109375,-0.2873506546020508,-0.28478097915649414,False,False,
pair_0011,03,02,02,01,pair_0011_happy,pair_0011_sad,upper_prompt__lower_spaced,Listen to the speech. Is the speaker HAPPY or SAD? Answer only HAPPY or SAD., happy, sad,[6247],[12421],decision_clamp,decision_clamp_to_19,17,,19,"[{""layer"":17,""patch_kind"":""decision_token"",""source"":""donor""},{""layer"":18,""patch_kind"":""decision_token"",""source"":""donor""},{""layer"":19,""patch_kind"":""decision_token"",""source"":""donor""}]",post_decoder_block_output,decision_token,-18.231765747070312,-14.706853866577148,-17.838123321533203,-14.506670951843262,-3.524911880493164,-3.3314523696899414,-17.95759391784668,-14.621941566467285,-18.116666793823242,-14.59280776977539,-3.3356523513793945,-3.5238590240478516,-0.18925952911376953,-0.19240665435791016,-0.19083309173583984,False,False,
pair_0012,04,01,01,01,pair_0012_happy,pair_0012_sad,upper_prompt__lower_spaced,Listen to the speech. Is the speaker HAPPY or SAD? Answer only HAPPY or SAD., happy, sad,[6247],[12421],decision_clamp,decision_clamp_to_19,17,,19,"[{""layer"":17,""patch_kind"":""decision_token"",""source"":""donor""},{""layer"":18,""patch_kind"":""decision_token"",""source"":""donor""},{""layer"":19,""patch_kind"":""decision_token"",""source"":""donor""}]",post_decoder_block_output,decision_token,-18.358745574951172,-13.756012916564941,-18.717449188232422,-13.85068130493164,-4.6027326583862305,-4.866767883300781,-18.6044921875,-13.935831069946289,-18.46561622619629,-13.662373542785645,-4.668661117553711,-4.8032426834106445,0.06592845916748047,0.06352519989013672,0.0647268295288086,True,True,
pair_0013,04,01,02,01,pair_0013_happy,pair_0013_sad,upper_prompt__lower_spaced,Listen to the speech. Is the speaker HAPPY or SAD? Answer only HAPPY or SAD., happy, sad,[6247],[12421],decision_clamp,decision_clamp_to_19,17,,19,"[{""layer"":17,""patch_kind"":""decision_token"",""source"":""donor""},{""layer"":18,""patch_kind"":""decision_token"",""source"":""donor""},{""layer"":19,""patch_kind"":""decision_token"",""source"":""donor""}]",post_decoder_block_output,decision_token,-18.70948600769043,-14.139888763427734,-18.57384490966797,-13.96951675415039,-4.569597244262695,-4.604328155517578,-18.624710083007812,-13.988972663879395,-18.661670684814453,-14.122241973876953,-4.635737419128418,-4.5394287109375,0.06614017486572266,0.06489944458007812,0.06551980972290039,True,True,
pair_0014,04,02,01,01,pair_0014_happy,pair_0014_sad,upper_prompt__lower_spaced,Listen to the speech. Is the speaker HAPPY or SAD? Answer only HAPPY or SAD., happy, sad,[6247],[12421],decision_clamp,decision_clamp_to_19,17,,19,"[{""layer"":17,""patch_kind"":""decision_token"",""source"":""donor""},{""layer"":18,""patch_kind"":""decision_token"",""source"":""donor""},{""layer"":19,""patch_kind"":""decision_token"",""source"":""donor""}]",post_decoder_block_output,decision_token,-17.875215530395508,-14.271656036376953,-17.993194580078125,-14.42282485961914,-3.6035594940185547,-3.5703697204589844,-17.98826026916504,-14.41670036315918,-17.881324768066406,-14.272790908813477,-3.5715599060058594,-3.6085338592529297,-0.03199958801269531,-0.03816413879394531,-0.03508186340332031,False,False,
pair_0015,04,02,02,01,pair_0015_happy,pair_0015_sad,upper_prompt__lower_spaced,Listen to the speech. Is the speaker HAPPY or SAD? Answer only HAPPY or SAD., happy, sad,[6247],[12421],decision_clamp,decision_clamp_to_19,17,,19,"[{""layer"":17,""patch_kind"":""decision_token"",""source"":""donor""},{""layer"":18,""patch_kind"":""decision_token"",""source"":""donor""},{""layer"":19,""patch_kind"":""decision_token"",""source"":""donor""}]",post_decoder_block_output,decision_token,-17.90298080444336,-14.51931095123291,-18.07615089416504,-14.267594337463379,-3.383669853210449,-3.80855655670166,-17.996244430541992,-14.171446800231934,-17.977481842041016,-14.608954429626465,-3.8247976303100586,-3.368527412414551,0.4411277770996094,0.4400291442871094,0.4405784606933594,True,True,
pair_0016,05,01,01,01,pair_0016_happy,pair_0016_sad,upper_prompt__lower_spaced,Listen to the speech. Is the speaker HAPPY or SAD? Answer only HAPPY or SAD., happy, sad,[6247],[12421],decision_clamp,decision_clamp_to_19,17,,19,"[{""layer"":17,""patch_kind"":""decision_token"",""source"":""donor""},{""layer"":18,""patch_kind"":""decision_token"",""source"":""donor""},{""layer"":19,""patch_kind"":""decision_token"",""source"":""donor""}]",post_decoder_block_output,decision_token,-18.692672729492188,-14.135289192199707,-18.536806106567383,-14.340117454528809,-4.5573835372924805,-4.196688652038574,-18.646289825439453,-14.244718551635742,-18.5481014251709,-14.226947784423828,-4.401571273803711,-4.32115364074707,-0.15581226348876953,-0.1244649887084961,-0.1401386260986328,False,False,
pair_0017,05,01,02,01,pair_0017_happy,pair_0017_sad,upper_prompt__lower_spaced,Listen to the speech. Is the speaker HAPPY or SAD? Answer only HAPPY or SAD., happy, sad,[6247],[12421],decision_clamp,decision_clamp_to_19,17,,19,"[{""layer"":17,""patch_kind"":""decision_token"",""source"":""donor""},{""layer"":18,""patch_kind"":""decision_token"",""source"":""donor""},{""layer"":19,""patch_kind"":""decision_token"",""source"":""donor""}]",post_decoder_block_output,decision_token,-18.638935089111328,-14.255763053894043,-18.50379180908203,-13.944811820983887,-4.383172035217285,-4.5589799880981445,-18.41381072998047,-13.971359252929688,-18.727664947509766,-14.2201509475708,-4.442451477050781,-4.507513999938965,0.059279441833496094,0.05146598815917969,0.05537271499633789,True,True,
pair_0018,05,02,01,01,pair_0018_happy,pair_0018_sad,upper_prompt__lower_spaced,Listen to the speech. Is the speaker HAPPY or SAD? Answer only HAPPY or SAD., happy, sad,[6247],[12421],decision_clamp,decision_clamp_to_19,17,,19,"[{""layer"":17,""patch_kind"":""decision_token"",""source"":""donor""},{""layer"":18,""patch_kind"":""decision_token"",""source"":""donor""},{""layer"":19,""patch_kind"":""decision_token"",""source"":""donor""}]",post_decoder_block_output,decision_token,-18.000730514526367,-14.714016914367676,-18.26675796508789,-14.785633087158203,-3.2867136001586914,-3.4811248779296875,-18.082714080810547,-14.515615463256836,-18.197383880615234,-14.984101295471191,-3.567098617553711,-3.213282585144043,0.28038501739501953,0.26784229278564453,0.27411365509033203,True,True,
pair_0019,05,02,02,01,pair_0019_happy,pair_0019_sad,upper_prompt__lower_spaced,Listen to the speech. Is the speaker HAPPY or SAD? Answer only HAPPY or SAD., happy, sad,[6247],[12421],decision_clamp,decision_clamp_to_19,17,,19,"[{""layer"":17,""patch_kind"":""decision_token"",""source"":""donor""},{""layer"":18,""patch_kind"":""decision_token"",""source"":""donor""},{""layer"":19,""patch_kind"":""decision_token"",""source"":""donor""}]",post_decoder_block_output,decision_token,-18.202608108520508,-14.727049827575684,-17.76186752319336,-14.475021362304688,-3.475558280944824,-3.286846160888672,-17.875728607177734,-14.598575592041016,-18.092044830322266,-14.6027250289917,-3.2771530151367188,-3.4893198013305664,-0.19840526580810547,-0.20247364044189453,-0.200439453125,False,False,
pair_0020,06,01,01,01,pair_0020_happy,pair_0020_sad,upper_prompt__lower_spaced,Listen to the speech. Is the speaker HAPPY or SAD? Answer only HAPPY or SAD., happy, sad,[6247],[12421],decision_clamp,decision_clamp_to_19,17,,19,"[{""layer"":17,""patch_kind"":""decision_token"",""source"":""donor""},{""layer"":18,""patch_kind"":""decision_token"",""source"":""donor""},{""layer"":19,""patch_kind"":""decision_token"",""source"":""donor""}]",post_decoder_block_output,decision_token,-18.270139694213867,-14.0554780960083,-18.622514724731445,-14.09838581085205,-4.214661598205566,-4.5241289138793945,-18.623291015625,-14.174304962158203,-18.267719268798828,-13.975858688354492,-4.448986053466797,-4.291860580444336,0.23432445526123047,0.2322683334350586,0.23329639434814453,True,True,
pair_0021,06,01,02,01,pair_0021_happy,pair_0021_sad,upper_prompt__lower_spaced,Listen to the speech. Is the speaker HAPPY or SAD? Answer only HAPPY or SAD., happy, sad,[6247],[12421],decision_clamp,decision_clamp_to_19,17,,19,"[{""layer"":17,""patch_kind"":""decision_token"",""source"":""donor""},{""layer"":18,""patch_kind"":""decision_token"",""source"":""donor""},{""layer"":19,""patch_kind"":""decision_token"",""source"":""donor""}]",post_decoder_block_output,decision_token,-18.518516540527344,-14.262524604797363,-18.693706512451172,-14.079412460327148,-4.2559919357299805,-4.614294052124023,-18.727325439453125,-14.142990112304688,-18.4932861328125,-14.20181941986084,-4.5843353271484375,-4.29146671295166,0.32834339141845703,0.3228273391723633,0.32558536529541016,True,True,
pair_0022,06,02,01,01,pair_0022_happy,pair_0022_sad,upper_prompt__lower_spaced,Listen to the speech. Is the speaker HAPPY or SAD? Answer only HAPPY or SAD., happy, sad,[6247],[12421],decision_clamp,decision_clamp_to_19,17,,19,"[{""layer"":17,""patch_kind"":""decision_token"",""source"":""donor""},{""layer"":18,""patch_kind"":""decision_token"",""source"":""donor""},{""layer"":19,""patch_kind"":""decision_token"",""source"":""donor""}]",post_decoder_block_output,decision_token,-18.048234939575195,-14.446083068847656,-18.00354766845703,-14.538506507873535,-3.602151870727539,-3.465041160583496,-17.965198516845703,-14.50932502746582,-18.087051391601562,-14.473896026611328,-3.455873489379883,-3.6131553649902344,-0.14627838134765625,-0.14811420440673828,-0.14719629287719727,False,False,
pair_0023,06,02,02,01,pair_0023_happy,pair_0023_sad,upper_prompt__lower_spaced,Listen to the speech. Is the speaker HAPPY or SAD? Answer only HAPPY or SAD., happy, sad,[6247],[12421],decision_clamp,decision_clamp_to_19,17,,19,"[{""layer"":17,""patch_kind"":""decision_token"",""source"":""donor""},{""layer"":18,""patch_kind"":""decision_token"",""source"":""donor""},{""layer"":19,""patch_kind"":""decision_token"",""source"":""donor""}]",post_decoder_block_output,decision_token,-17.950851440429688,-14.493545532226562,-18.027484893798828,-14.372323989868164,-3.457305908203125,-3.655160903930664,-17.987869262695312,-14.358519554138184,-17.990751266479492,-14.510796546936035,-3.629349708557129,-3.479954719543457,0.1720438003540039,0.17520618438720703,0.17362499237060547,True,True,
pair_0024,07,01,01,01,pair_0024_happy,pair_0024_sad,upper_prompt__lower_spaced,Listen to the speech. Is the speaker HAPPY or SAD? Answer only HAPPY or SAD., happy, sad,[6247],[12421],decision_clamp,decision_clamp_to_19,17,,19,"[{""layer"":17,""patch_kind"":""decision_token"",""source"":""donor""},{""layer"":18,""patch_kind"":""decision_token"",""source"":""donor""},{""layer"":19,""patch_kind"":""decision_token"",""source"":""donor""}]",post_decoder_block_output,decision_token,-18.09006118774414,-13.70536994934082,-18.24040985107422,-14.0731840133667,-4.38469123840332,-4.1672258377075195,-18.416358947753906,-13.944252967834473,-17.90060806274414,-13.826066970825195,-4.472105979919434,-4.074541091918945,0.08741474151611328,0.09268474578857422,0.09004974365234375,True,True,
pair_0025,07,01,02,01,pair_0025_happy,pair_0025_sad,upper_prompt__lower_spaced,Listen to the speech. Is the speaker HAPPY or SAD? Answer only HAPPY or SAD., happy, sad,[6247],[12421],decision_clamp,decision_clamp_to_19,17,,19,"[{""layer"":17,""patch_kind"":""decision_token"",""source"":""donor""},{""layer"":18,""patch_kind"":""decision_token"",""source"":""donor""},{""layer"":19,""patch_kind"":""decision_token"",""source"":""donor""}]",post_decoder_block_output,decision_token,-18.489057540893555,-13.88498592376709,-18.49165916442871,-13.795110702514648,-4.604071617126465,-4.6965484619140625,-18.47571563720703,-13.722860336303711,-18.502243041992188,-13.955155372619629,-4.75285530090332,-4.547087669372559,0.14878368377685547,0.1494607925415039,0.1491222381591797,True,True,
pair_0026,07,02,01,01,pair_0026_happy,pair_0026_sad,upper_prompt__lower_spaced,Listen to the speech. Is the speaker HAPPY or SAD? Answer only HAPPY or SAD., happy, sad,[6247],[12421],decision_clamp,decision_clamp_to_19,17,,19,"[{""layer"":17,""patch_kind"":""decision_token"",""source"":""donor""},{""layer"":18,""patch_kind"":""decision_token"",""source"":""donor""},{""layer"":19,""patch_kind"":""decision_token"",""source"":""donor""}]",post_decoder_block_output,decision_token,-18.1934757232666,-14.413429260253906,-18.108972549438477,-14.478107452392578,-3.7800464630126953,-3.6308650970458984,-18.141515731811523,-14.500845909118652,-18.157943725585938,-14.391070365905762,-3.640669822692871,-3.766873359680176,-0.13937664031982422,-0.13600826263427734,-0.13769245147705078,False,False,
pair_0027,07,02,02,01,pair_0027_happy,pair_0027_sad,upper_prompt__lower_spaced,Listen to the speech. Is the speaker HAPPY or SAD? Answer only HAPPY or SAD., happy, sad,[6247],[12421],decision_clamp,decision_clamp_to_19,17,,19,"[{""layer"":17,""patch_kind"":""decision_token"",""source"":""donor""},{""layer"":18,""patch_kind"":""decision_token"",""source"":""donor""},{""layer"":19,""patch_kind"":""decision_token"",""source"":""donor""}]",post_decoder_block_output,decision_token,-18.1934757232666,-14.413429260253906,-17.917301177978516,-14.347782135009766,-3.7800464630126953,-3.56951904296875,-17.9389705657959,-14.333122253417969,-18.158599853515625,-14.42730712890625,-3.6058483123779297,-3.731292724609375,-0.17419815063476562,-0.161773681640625,-0.1679859161376953,False,False,
pair_0028,08,01,01,01,pair_0028_happy,pair_0028_sad,upper_prompt__lower_spaced,Listen to the speech. Is the speaker HAPPY or SAD? Answer only HAPPY or SAD., happy, sad,[6247],[12421],decision_clamp,decision_clamp_to_19,17,,19,"[{""layer"":17,""patch_kind"":""decision_token"",""source"":""donor""},{""layer"":18,""patch_kind"":""decision_token"",""source"":""donor""},{""layer"":19,""patch_kind"":""decision_token"",""source"":""donor""}]",post_decoder_block_output,decision_token,-17.895870208740234,-14.022705078125,-18.853595733642578,-13.817150115966797,-3.8731651306152344,-5.036445617675781,-18.880207061767578,-13.884134292602539,-17.8840389251709,-13.965381622314453,-4.996072769165039,-3.9186573028564453,1.1229076385498047,1.117788314819336,1.1203479766845703,True,True,
pair_0029,08,01,02,01,pair_0029_happy,pair_0029_sad,upper_prompt__lower_spaced,Listen to the speech. Is the speaker HAPPY or SAD? Answer only HAPPY or SAD., happy, sad,[6247],[12421],decision_clamp,decision_clamp_to_19,17,,19,"[{""layer"":17,""patch_kind"":""decision_token"",""source"":""donor""},{""layer"":18,""patch_kind"":""decision_token"",""source"":""donor""},{""layer"":19,""patch_kind"":""decision_token"",""source"":""donor""}]",post_decoder_block_output,decision_token,-18.307472229003906,-13.782498359680176,-17.66484260559082,-13.374154090881348,-4.5249738693237305,-4.290688514709473,-17.725547790527344,-13.426328659057617,-18.229591369628906,-13.718230247497559,-4.299219131469727,-4.511361122131348,-0.2257547378540039,-0.220672607421875,-0.22321367263793945,False,False,
pair_0030,08,02,01,01,pair_0030_happy,pair_0030_sad,upper_prompt__lower_spaced,Listen to the speech. Is the speaker HAPPY or SAD? Answer only HAPPY or SAD., happy, sad,[6247],[12421],decision_clamp,decision_clamp_to_19,17,,19,"[{""layer"":17,""patch_kind"":""decision_token"",""source"":""donor""},{""layer"":18,""patch_kind"":""decision_token"",""source"":""donor""},{""layer"":19,""patch_kind"":""decision_token"",""source"":""donor""}]",post_decoder_block_output,decision_token,-17.869657516479492,-13.974630355834961,-17.25248908996582,-14.594927787780762,-3.8950271606445312,-2.6575613021850586,-17.519556045532227,-14.073468208312988,-17.71002197265625,-14.475894927978516,-3.4460878372192383,-3.2341270446777344,-0.44893932342529297,-0.5765657424926758,-0.5127525329589844,False,False,
pair_0031,08,02,02,01,pair_0031_happy,pair_0031_sad,upper_prompt__lower_spaced,Listen to the speech. Is the speaker HAPPY or SAD? Answer only HAPPY or SAD., happy, sad,[6247],[12421],decision_clamp,decision_clamp_to_19,17,,19,"[{""layer"":17,""patch_kind"":""decision_token"",""source"":""donor""},{""layer"":18,""patch_kind"":""decision_token"",""source"":""donor""},{""layer"":19,""patch_kind"":""decision_token"",""source"":""donor""}]",post_decoder_block_output,decision_token,-17.836416244506836,-14.024099349975586,-18.205785751342773,-14.933714866638184,-3.81231689453125,-3.27207088470459,-17.821712493896484,-14.238105773925781,-18.142654418945312,-14.609651565551758,-3.583606719970703,-3.5330028533935547,-0.22871017456054688,-0.26093196868896484,-0.24482107162475586,False,False,
pair_0032,09,01,01,01,pair_0032_happy,pair_0032_sad,upper_prompt__lower_spaced,Listen to the speech. Is the speaker HAPPY or SAD? Answer only HAPPY or SAD., happy, sad,[6247],[12421],decision_clamp,decision_clamp_to_19,17,,19,"[{""layer"":17,""patch_kind"":""decision_token"",""source"":""donor""},{""layer"":18,""patch_kind"":""decision_token"",""source"":""donor""},{""layer"":19,""patch_kind"":""decision_token"",""source"":""donor""}]",post_decoder_block_output,decision_token,-18.71563148498535,-14.05175495147705,-18.32554054260254,-13.615287780761719,-4.663876533508301,-4.71025276184082,-18.429027557373047,-13.748485565185547,-18.607467651367188,-13.921290397644043,-4.6805419921875,-4.6861772537231445,0.01666545867919922,0.02407550811767578,0.0203704833984375,True,True,
pair_0033,09,01,02,01,pair_0033_happy,pair_0033_sad,upper_prompt__lower_spaced,Listen to the speech. Is the speaker HAPPY or SAD? Answer only HAPPY or SAD., happy, sad,[6247],[12421],decision_clamp,decision_clamp_to_19,17,,19,"[{""layer"":17,""patch_kind"":""decision_token"",""source"":""donor""},{""layer"":18,""patch_kind"":""decision_token"",""source"":""donor""},{""layer"":19,""patch_kind"":""decision_token"",""source"":""donor""}]",post_decoder_block_output,decision_token,-18.97260284423828,-13.914822578430176,-17.69182014465332,-13.4166841506958,-5.0577802658081055,-4.2751359939575195,-17.795795440673828,-13.51210880279541,-18.822715759277344,-13.808588981628418,-4.283686637878418,-5.014126777648926,-0.7740936279296875,-0.7389907836914062,-0.7565422058105469,False,False,
pair_0034,09,02,01,01,pair_0034_happy,pair_0034_sad,upper_prompt__lower_spaced,Listen to the speech. Is the speaker HAPPY or SAD? Answer only HAPPY or SAD., happy, sad,[6247],[12421],decision_clamp,decision_clamp_to_19,17,,19,"[{""layer"":17,""patch_kind"":""decision_token"",""source"":""donor""},{""layer"":18,""patch_kind"":""decision_token"",""source"":""donor""},{""layer"":19,""patch_kind"":""decision_token"",""source"":""donor""}]",post_decoder_block_output,decision_token,-18.46145248413086,-14.497332572937012,-18.005985260009766,-14.08935832977295,-3.9641199111938477,-3.9166269302368164,-18.086320877075195,-14.450132369995117,-18.36685562133789,-14.137988090515137,-3.636188507080078,-4.228867530822754,-0.32793140411376953,-0.3122406005859375,-0.3200860023498535,False,False,
pair_0035,09,02,02,01,pair_0035_happy,pair_0035_sad,upper_prompt__lower_spaced,Listen to the speech. Is the speaker HAPPY or SAD? Answer only HAPPY or SAD., happy, sad,[6247],[12421],decision_clamp,decision_clamp_to_19,17,,19,"[{""layer"":17,""patch_kind"":""decision_token"",""source"":""donor""},{""layer"":18,""patch_kind"":""decision_token"",""source"":""donor""},{""layer"":19,""patch_kind"":""decision_token"",""source"":""donor""}]",post_decoder_block_output,decision_token,-18.263702392578125,-14.721343994140625,-18.236169815063477,-13.951910018920898,-3.5423583984375,-4.284259796142578,-18.1920166015625,-14.17012882232666,-18.313398361206055,-14.490103721618652,-4.02188777923584,-3.8232946395874023,0.47952938079833984,0.4609651565551758,0.4702472686767578,True,True,
pair_0036,10,01,01,01,pair_0036_happy,pair_0036_sad,upper_prompt__lower_spaced,Listen to the speech. Is the speaker HAPPY or SAD? Answer only HAPPY or SAD., happy, sad,[6247],[12421],decision_clamp,decision_clamp_to_19,17,,19,"[{""layer"":17,""patch_kind"":""decision_token"",""source"":""donor""},{""layer"":18,""patch_kind"":""decision_token"",""source"":""donor""},{""layer"":19,""patch_kind"":""decision_token"",""source"":""donor""}]",post_decoder_block_output,decision_token,-18.43072509765625,-14.279913902282715,-18.52195167541504,-13.862289428710938,-4.150811195373535,-4.659662246704102,-18.604694366455078,-13.871536254882812,-18.343162536621094,-14.270641326904297,-4.733158111572266,-4.072521209716797,0.5823469161987305,0.5871410369873047,0.5847439765930176,True,True,
pair_0037,10,01,02,01,pair_0037_happy,pair_0037_sad,upper_prompt__lower_spaced,Listen to the speech. Is the speaker HAPPY or SAD? Answer only HAPPY or SAD., happy, sad,[6247],[12421],decision_clamp,decision_clamp_to_19,17,,19,"[{""layer"":17,""patch_kind"":""decision_token"",""source"":""donor""},{""layer"":18,""patch_kind"":""decision_token"",""source"":""donor""},{""layer"":19,""patch_kind"":""decision_token"",""source"":""donor""}]",post_decoder_block_output,decision_token,-18.536893844604492,-14.135092735290527,-18.385366439819336,-13.990771293640137,-4.401801109313965,-4.394595146179199,-18.309532165527344,-14.000587463378906,-18.613903045654297,-14.123133659362793,-4.3089447021484375,-4.490769386291504,-0.09285640716552734,-0.09617424011230469,-0.09451532363891602,False,False,
pair_0038,10,02,01,01,pair_0038_happy,pair_0038_sad,upper_prompt__lower_spaced,Listen to the speech. Is the speaker HAPPY or SAD? Answer only HAPPY or SAD., happy, sad,[6247],[12421],decision_clamp,decision_clamp_to_19,17,,19,"[{""layer"":17,""patch_kind"":""decision_token"",""source"":""donor""},{""layer"":18,""patch_kind"":""decision_token"",""source"":""donor""},{""layer"":19,""patch_kind"":""decision_token"",""source"":""donor""}]",post_decoder_block_output,decision_token,-18.626100540161133,-14.971156120300293,-18.138322830200195,-15.568587303161621,-3.65494441986084,-2.569735527038574,-17.80321502685547,-15.31195068359375,-18.9083194732666,-15.1221284866333,-2.4912643432617188,-3.786190986633301,-1.163680076599121,-1.2164554595947266,-1.1900677680969238,False,False,
pair_0039,10,02,02,01,pair_0039_happy,pair_0039_sad,upper_prompt__lower_spaced,Listen to the speech. Is the speaker HAPPY or SAD? Answer only HAPPY or SAD., happy, sad,[6247],[12421],decision_clamp,decision_clamp_to_19,17,,19,"[{""layer"":17,""patch_kind"":""decision_token"",""source"":""donor""},{""layer"":18,""patch_kind"":""decision_token"",""source"":""donor""},{""layer"":19,""patch_kind"":""decision_token"",""source"":""donor""}]",post_decoder_block_output,decision_token,-17.940845489501953,-14.391155242919922,-18.010360717773438,-14.663244247436523,-3.5496902465820312,-3.347116470336914,-17.958417892456055,-14.58742618560791,-17.975494384765625,-14.441192626953125,-3.3709917068481445,-3.5343017578125,-0.17869853973388672,-0.18718528747558594,-0.18294191360473633,False,False,
pair_0040,11,01,01,01,pair_0040_happy,pair_0040_sad,upper_prompt__lower_spaced,Listen to the speech. Is the speaker HAPPY or SAD? Answer only HAPPY or SAD., happy, sad,[6247],[12421],decision_clamp,decision_clamp_to_19,17,,19,"[{""layer"":17,""patch_kind"":""decision_token"",""source"":""donor""},{""layer"":18,""patch_kind"":""decision_token"",""source"":""donor""},{""layer"":19,""patch_kind"":""decision_token"",""source"":""donor""}]",post_decoder_block_output,decision_token,-18.623796463012695,-14.394556045532227,-18.4024658203125,-13.74590015411377,-4.229240417480469,-4.6565656661987305,-18.54540252685547,-14.014738082885742,-18.51730728149414,-14.150118827819824,-4.530664443969727,-4.367188453674316,0.3014240264892578,0.28937721252441406,0.29540061950683594,True,True,
pair_0041,11,01,02,01,pair_0041_happy,pair_0041_sad,upper_prompt__lower_spaced,Listen to the speech. Is the speaker HAPPY or SAD? Answer only HAPPY or SAD., happy, sad,[6247],[12421],decision_clamp,decision_clamp_to_19,17,,19,"[{""layer"":17,""patch_kind"":""decision_token"",""source"":""donor""},{""layer"":18,""patch_kind"":""decision_token"",""source"":""donor""},{""layer"":19,""patch_kind"":""decision_token"",""source"":""donor""}]",post_decoder_block_output,decision_token,-18.812341690063477,-14.09249210357666,-18.785491943359375,-13.815770149230957,-4.719849586486816,-4.969721794128418,-18.757671356201172,-13.944917678833008,-18.83780288696289,-13.955159187316895,-4.812753677368164,-4.882643699645996,0.09290409088134766,0.08707809448242188,0.08999109268188477,True,True,
pair_0042,11,02,01,01,pair_0042_happy,pair_0042_sad,upper_prompt__lower_spaced,Listen to the speech. Is the speaker HAPPY or SAD? Answer only HAPPY or SAD., happy, sad,[6247],[12421],decision_clamp,decision_clamp_to_19,17,,19,"[{""layer"":17,""patch_kind"":""decision_token"",""source"":""donor""},{""layer"":18,""patch_kind"":""decision_token"",""source"":""donor""},{""layer"":19,""patch_kind"":""decision_token"",""source"":""donor""}]",post_decoder_block_output,decision_token,-18.23929214477539,-14.638985633850098,-17.918140411376953,-14.4312105178833,-3.600306510925293,-3.4869298934936523,-17.954545974731445,-14.544633865356445,-18.20132827758789,-14.521636009216309,-3.409912109375,-3.679692268371582,-0.19039440155029297,-0.1927623748779297,-0.19157838821411133,False,False,
pair_0043,11,02,02,01,pair_0043_happy,pair_0043_sad,upper_prompt__lower_spaced,Listen to the speech. Is the speaker HAPPY or SAD? Answer only HAPPY or SAD., happy, sad,[6247],[12421],decision_clamp,decision_clamp_to_19,17,,19,"[{""layer"":17,""patch_kind"":""decision_token"",""source"":""donor""},{""layer"":18,""patch_kind"":""decision_token"",""source"":""donor""},{""layer"":19,""patch_kind"":""decision_token"",""source"":""donor""}]",post_decoder_block_output,decision_token,-18.15532684326172,-14.518304824829102,-17.905120849609375,-14.42210578918457,-3.637022018432617,-3.4830150604248047,-17.965965270996094,-14.471856117248535,-18.091310501098633,-14.46772575378418,-3.4941091537475586,-3.623584747314453,-0.1429128646850586,-0.14056968688964844,-0.14174127578735352,False,False,
pair_0044,12,01,01,01,pair_0044_happy,pair_0044_sad,upper_prompt__lower_spaced,Listen to the speech. Is the speaker HAPPY or SAD? Answer only HAPPY or SAD., happy, sad,[6247],[12421],decision_clamp,decision_clamp_to_19,17,,19,"[{""layer"":17,""patch_kind"":""decision_token"",""source"":""donor""},{""layer"":18,""patch_kind"":""decision_token"",""source"":""donor""},{""layer"":19,""patch_kind"":""decision_token"",""source"":""donor""}]",post_decoder_block_output,decision_token,-18.62382698059082,-13.893119812011719,-18.424034118652344,-13.92949390411377,-4.730707168579102,-4.494540214538574,-18.370420455932617,-13.979701042175293,-18.67714500427246,-13.848471641540527,-4.390719413757324,-4.828673362731934,-0.33998775482177734,-0.3341331481933594,-0.33706045150756836,False,False,
pair_0045,12,01,02,01,pair_0045_happy,pair_0045_sad,upper_prompt__lower_spaced,Listen to the speech. Is the speaker HAPPY or SAD? Answer only HAPPY or SAD., happy, sad,[6247],[12421],decision_clamp,decision_clamp_to_19,17,,19,"[{""layer"":17,""patch_kind"":""decision_token"",""source"":""donor""},{""layer"":18,""patch_kind"":""decision_token"",""source"":""donor""},{""layer"":19,""patch_kind"":""decision_token"",""source"":""donor""}]",post_decoder_block_output,decision_token,-18.557336807250977,-14.15941333770752,-18.611474990844727,-14.103328704833984,-4.397923469543457,-4.508146286010742,-18.536022186279297,-14.091765403747559,-18.630098342895508,-14.17226505279541,-4.444256782531738,-4.457833290100098,0.04633331298828125,0.05031299591064453,0.04832315444946289,True,True,
pair_0046,12,02,01,01,pair_0046_happy,pair_0046_sad,upper_prompt__lower_spaced,Listen to the speech. Is the speaker HAPPY or SAD? Answer only HAPPY or SAD., happy, sad,[6247],[12421],decision_clamp,decision_clamp_to_19,17,,19,"[{""layer"":17,""patch_kind"":""decision_token"",""source"":""donor""},{""layer"":18,""patch_kind"":""decision_token"",""source"":""donor""},{""layer"":19,""patch_kind"":""decision_token"",""source"":""donor""}]",post_decoder_block_output,decision_token,-18.1330623626709,-14.706695556640625,-18.050931930541992,-14.204154014587402,-3.4263668060302734,-3.84677791595459,-18.06662368774414,-14.212784767150879,-18.12183380126953,-14.688616752624512,-3.8538389205932617,-3.4332170486450195,0.4274721145629883,0.4135608673095703,0.4205164909362793,True,True,
pair_0047,12,02,02,01,pair_0047_happy,pair_0047_sad,upper_prompt__lower_spaced,Listen to the speech. Is the speaker HAPPY or SAD? Answer only HAPPY or SAD., happy, sad,[6247],[12421],decision_clamp,decision_clamp_to_19,17,,19,"[{""layer"":17,""patch_kind"":""decision_token"",""source"":""donor""},{""layer"":18,""patch_kind"":""decision_token"",""source"":""donor""},{""layer"":19,""patch_kind"":""decision_token"",""source"":""donor""}]",post_decoder_block_output,decision_token,-18.207361221313477,-14.713201522827148,-18.167673110961914,-14.448575019836426,-3.494159698486328,-3.7190980911254883,-18.405466079711914,-14.463783264160156,-17.967559814453125,-14.703722953796387,-3.941682815551758,-3.2638368606567383,0.4475231170654297,0.45526123046875,0.45139217376708984,True,True,
pair_0048,13,01,01,01,pair_0048_happy,pair_0048_sad,upper_prompt__lower_spaced,Listen to the speech. Is the speaker HAPPY or SAD? Answer only HAPPY or SAD., happy, sad,[6247],[12421],decision_clamp,decision_clamp_to_19,17,,19,"[{""layer"":17,""patch_kind"":""decision_token"",""source"":""donor""},{""layer"":18,""patch_kind"":""decision_token"",""source"":""donor""},{""layer"":19,""patch_kind"":""decision_token"",""source"":""donor""}]",post_decoder_block_output,decision_token,-18.664913177490234,-14.320459365844727,-18.376577377319336,-13.990562438964844,-4.344453811645508,-4.386014938354492,-18.42696189880371,-14.106368064880371,-18.610382080078125,-14.193686485290527,-4.32059383392334,-4.416695594787598,-0.02385997772216797,-0.03068065643310547,-0.02727031707763672,False,False,
pair_0049,13,01,02,01,pair_0049_happy,pair_0049_sad,upper_prompt__lower_spaced,Listen to the speech. Is the speaker HAPPY or SAD? Answer only HAPPY or SAD., happy, sad,[6247],[12421],decision_clamp,decision_clamp_to_19,17,,19,"[{""layer"":17,""patch_kind"":""decision_token"",""source"":""donor""},{""layer"":18,""patch_kind"":""decision_token"",""source"":""donor""},{""layer"":19,""patch_kind"":""decision_token"",""source"":""donor""}]",post_decoder_block_output,decision_token,-18.525012969970703,-14.230103492736816,-18.583324432373047,-14.079850196838379,-4.294909477233887,-4.503474235534668,-18.546977996826172,-14.05100154876709,-18.563899993896484,-14.260336875915527,-4.495976448059082,-4.303563117980957,0.2010669708251953,0.19991111755371094,0.20048904418945312,True,True,
pair_0050,13,02,01,01,pair_0050_happy,pair_0050_sad,upper_prompt__lower_spaced,Listen to the speech. Is the speaker HAPPY or SAD? Answer only HAPPY or SAD., happy, sad,[6247],[12421],decision_clamp,decision_clamp_to_19,17,,19,"[{""layer"":17,""patch_kind"":""decision_token"",""source"":""donor""},{""layer"":18,""patch_kind"":""decision_token"",""source"":""donor""},{""layer"":19,""patch_kind"":""decision_token"",""source"":""donor""}]",post_decoder_block_output,decision_token,-18.306961059570312,-15.119586944580078,-17.864843368530273,-14.535221099853516,-3.1873741149902344,-3.329622268676758,-17.917072296142578,-14.683394432067871,-18.249488830566406,-14.975257873535156,-3.233677864074707,-3.27423095703125,0.046303749084472656,0.05539131164550781,0.050847530364990234,True,True,
pair_0051,13,02,02,01,pair_0051_happy,pair_0051_sad,upper_prompt__lower_spaced,Listen to the speech. Is the speaker HAPPY or SAD? Answer only HAPPY or SAD., happy, sad,[6247],[12421],decision_clamp,decision_clamp_to_19,17,,19,"[{""layer"":17,""patch_kind"":""decision_token"",""source"":""donor""},{""layer"":18,""patch_kind"":""decision_token"",""source"":""donor""},{""layer"":19,""patch_kind"":""decision_token"",""source"":""donor""}]",post_decoder_block_output,decision_token,-18.100208282470703,-14.651471138000488,-17.757957458496094,-14.480119705200195,-3.448737144470215,-3.2778377532958984,-17.75836944580078,-14.565629005432129,-18.101526260375977,-14.567849159240723,-3.1927404403686523,-3.533677101135254,-0.2559967041015625,-0.25583934783935547,-0.255918025970459,False,False,
pair_0052,14,01,01,01,pair_0052_happy,pair_0052_sad,upper_prompt__lower_spaced,Listen to the speech. Is the speaker HAPPY or SAD? Answer only HAPPY or SAD., happy, sad,[6247],[12421],decision_clamp,decision_clamp_to_19,17,,19,"[{""layer"":17,""patch_kind"":""decision_token"",""source"":""donor""},{""layer"":18,""patch_kind"":""decision_token"",""source"":""donor""},{""layer"":19,""patch_kind"":""decision_token"",""source"":""donor""}]",post_decoder_block_output,decision_token,-18.30115509033203,-14.129631996154785,-18.541845321655273,-13.755435943603516,-4.171523094177246,-4.786409378051758,-18.855758666992188,-13.996542930603027,-17.998088836669922,-13.883373260498047,-4.85921573638916,-4.114715576171875,0.6876926422119141,0.6716938018798828,0.6796932220458984,True,True,
pair_0053,14,01,02,01,pair_0053_happy,pair_0053_sad,upper_prompt__lower_spaced,Listen to the speech. Is the speaker HAPPY or SAD? Answer only HAPPY or SAD., happy, sad,[6247],[12421],decision_clamp,decision_clamp_to_19,17,,19,"[{""layer"":17,""patch_kind"":""decision_token"",""source"":""donor""},{""layer"":18,""patch_kind"":""decision_token"",""source"":""donor""},{""layer"":19,""patch_kind"":""decision_token"",""source"":""donor""}]",post_decoder_block_output,decision_token,-18.31179428100586,-14.19974422454834,-18.716501235961914,-14.0404052734375,-4.1120500564575195,-4.676095962524414,-18.753822326660156,-14.0977783203125,-18.265850067138672,-14.136748313903809,-4.656044006347656,-4.129101753234863,0.5439939498901367,0.5469942092895508,0.5454940795898438,True,True,
pair_0054,14,02,01,01,pair_0054_happy,pair_0054_sad,upper_prompt__lower_spaced,Listen to the speech. Is the speaker HAPPY or SAD? Answer only HAPPY or SAD., happy, sad,[6247],[12421],decision_clamp,decision_clamp_to_19,17,,19,"[{""layer"":17,""patch_kind"":""decision_token"",""source"":""donor""},{""layer"":18,""patch_kind"":""decision_token"",""source"":""donor""},{""layer"":19,""patch_kind"":""decision_token"",""source"":""donor""}]",post_decoder_block_output,decision_token,-18.179431915283203,-14.604537963867188,-18.362808227539062,-14.593923568725586,-3.5748939514160156,-3.7688846588134766,-18.35283088684082,-14.64096450805664,-18.203805923461914,-14.569811820983887,-3.7118663787841797,-3.6339941024780273,0.13697242736816406,0.13489055633544922,0.13593149185180664,True,True,
pair_0055,14,02,02,01,pair_0055_happy,pair_0055_sad,upper_prompt__lower_spaced,Listen to the speech. Is the speaker HAPPY or SAD? Answer only HAPPY or SAD., happy, sad,[6247],[12421],decision_clamp,decision_clamp_to_19,17,,19,"[{""layer"":17,""patch_kind"":""decision_token"",""source"":""donor""},{""layer"":18,""patch_kind"":""decision_token"",""source"":""donor""},{""layer"":19,""patch_kind"":""decision_token"",""source"":""donor""}]",post_decoder_block_output,decision_token,-18.11598014831543,-14.773356437683105,-18.366622924804688,-14.505785942077637,-3.342623710632324,-3.860836982727051,-18.296506881713867,-14.484661102294922,-18.188535690307617,-14.802560806274414,-3.8118457794189453,-3.385974884033203,0.4692220687866211,0.47486209869384766,0.4720420837402344,True,True,
pair_0056,15,01,01,01,pair_0056_happy,pair_0056_sad,upper_prompt__lower_spaced,Listen to the speech. Is the speaker HAPPY or SAD? Answer only HAPPY or SAD., happy, sad,[6247],[12421],decision_clamp,decision_clamp_to_19,17,,19,"[{""layer"":17,""patch_kind"":""decision_token"",""source"":""donor""},{""layer"":18,""patch_kind"":""decision_token"",""source"":""donor""},{""layer"":19,""patch_kind"":""decision_token"",""source"":""donor""}]",post_decoder_block_output,decision_token,-18.614431381225586,-14.383585929870605,-18.931833267211914,-14.995478630065918,-4.2308454513549805,-3.936354637145996,-18.657411575317383,-14.564125061035156,-18.889602661132812,-14.818452835083008,-4.093286514282227,-4.071149826049805,-0.1375589370727539,-0.1347951889038086,-0.13617706298828125,False,False,
pair_0057,15,01,02,01,pair_0057_happy,pair_0057_sad,upper_prompt__lower_spaced,Listen to the speech. Is the speaker HAPPY or SAD? Answer only HAPPY or SAD., happy, sad,[6247],[12421],decision_clamp,decision_clamp_to_19,17,,19,"[{""layer"":17,""patch_kind"":""decision_token"",""source"":""donor""},{""layer"":18,""patch_kind"":""decision_token"",""source"":""donor""},{""layer"":19,""patch_kind"":""decision_token"",""source"":""donor""}]",post_decoder_block_output,decision_token,-18.798620223999023,-14.357476234436035,-18.458749771118164,-14.200200080871582,-4.441143989562988,-4.258549690246582,-18.522031784057617,-14.221882820129395,-18.73904037475586,-14.341900825500488,-4.300148963928223,-4.397139549255371,-0.14099502563476562,-0.13858985900878906,-0.13979244232177734,False,False,
pair_0058,15,02,01,01,pair_0058_happy,pair_0058_sad,upper_prompt__lower_spaced,Listen to the speech. Is the speaker HAPPY or SAD? Answer only HAPPY or SAD., happy, sad,[6247],[12421],decision_clamp,decision_clamp_to_19,17,,19,"[{""layer"":17,""patch_kind"":""decision_token"",""source"":""donor""},{""layer"":18,""patch_kind"":""decision_token"",""source"":""donor""},{""layer"":19,""patch_kind"":""decision_token"",""source"":""donor""}]",post_decoder_block_output,decision_token,-18.081218719482422,-14.281206130981445,-18.09486961364746,-14.704352378845215,-3.8000125885009766,-3.390517234802246,-18.005672454833984,-14.640300750732422,-18.16730308532715,-14.34031867980957,-3.3653717041015625,-3.826984405517578,-0.43464088439941406,-0.43646717071533203,-0.43555402755737305,False,False,
pair_0059,15,02,02,01,pair_0059_happy,pair_0059_sad,upper_prompt__lower_spaced,Listen to the speech. Is the speaker HAPPY or SAD? Answer only HAPPY or SAD., happy, sad,[6247],[12421],decision_clamp,decision_clamp_to_19,17,,19,"[{""layer"":17,""patch_kind"":""decision_token"",""source"":""donor""},{""layer"":18,""patch_kind"":""decision_token"",""source"":""donor""},{""layer"":19,""patch_kind"":""decision_token"",""source"":""donor""}]",post_decoder_block_output,decision_token,-18.11525535583496,-14.52250862121582,-18.730762481689453,-14.458134651184082,-3.5927467346191406,-4.272627830505371,-18.345895767211914,-14.157527923583984,-18.402481079101562,-14.697072982788086,-4.18836784362793,-3.7054080963134766,0.5956211090087891,0.5672197341918945,0.5814204216003418,True,True,
pair_0060,16,01,01,01,pair_0060_happy,pair_0060_sad,upper_prompt__lower_spaced,Listen to the speech. Is the speaker HAPPY or SAD? Answer only HAPPY or SAD., happy, sad,[6247],[12421],decision_clamp,decision_clamp_to_19,17,,19,"[{""layer"":17,""patch_kind"":""decision_token"",""source"":""donor""},{""layer"":18,""patch_kind"":""decision_token"",""source"":""donor""},{""layer"":19,""patch_kind"":""decision_token"",""source"":""donor""}]",post_decoder_block_output,decision_token,-18.571680068969727,-13.818909645080566,-18.521808624267578,-13.838467597961426,-4.75277042388916,-4.683341026306152,-18.43372917175293,-13.868101119995117,-18.659955978393555,-13.787030220031738,-4.5656280517578125,-4.872925758361816,-0.18714237213134766,-0.18958473205566406,-0.18836355209350586,False,False,
pair_0061,16,01,02,01,pair_0061_happy,pair_0061_sad,upper_prompt__lower_spaced,Listen to the speech. Is the speaker HAPPY or SAD? Answer only HAPPY or SAD., happy, sad,[6247],[12421],decision_clamp,decision_clamp_to_19,17,,19,"[{""layer"":17,""patch_kind"":""decision_token"",""source"":""donor""},{""layer"":18,""patch_kind"":""decision_token"",""source"":""donor""},{""layer"":19,""patch_kind"":""decision_token"",""source"":""donor""}]",post_decoder_block_output,decision_token,-18.674955368041992,-14.01839542388916,-18.26150131225586,-14.158429145812988,-4.656559944152832,-4.103072166442871,-18.113815307617188,-14.020060539245605,-18.832056045532227,-14.159987449645996,-4.093754768371582,-4.6720685958862305,-0.56280517578125,-0.5689964294433594,-0.5659008026123047,False,False,
pair_0062,16,02,01,01,pair_0062_happy,pair_0062_sad,upper_prompt__lower_spaced,Listen to the speech. Is the speaker HAPPY or SAD? Answer only HAPPY or SAD., happy, sad,[6247],[12421],decision_clamp,decision_clamp_to_19,17,,19,"[{""layer"":17,""patch_kind"":""decision_token"",""source"":""donor""},{""layer"":18,""patch_kind"":""decision_token"",""source"":""donor""},{""layer"":19,""patch_kind"":""decision_token"",""source"":""donor""}]",post_decoder_block_output,decision_token,-18.027568817138672,-14.464719772338867,-17.90529441833496,-14.368427276611328,-3.5628490447998047,-3.536867141723633,-17.83091163635254,-14.297064781188965,-18.09369659423828,-14.529234886169434,-3.533846855163574,-3.5644617080688477,-0.02900218963623047,-0.027594566345214844,-0.028298377990722656,False,False,
pair_0063,16,02,02,01,pair_0063_happy,pair_0063_sad,upper_prompt__lower_spaced,Listen to the speech. Is the speaker HAPPY or SAD? Answer only HAPPY or SAD., happy, sad,[6247],[12421],decision_clamp,decision_clamp_to_19,17,,19,"[{""layer"":17,""patch_kind"":""decision_token"",""source"":""donor""},{""layer"":18,""patch_kind"":""decision_token"",""source"":""donor""},{""layer"":19,""patch_kind"":""decision_token"",""source"":""donor""}]",post_decoder_block_output,decision_token,-17.94687271118164,-14.69902515411377,-18.040203094482422,-14.327467918395996,-3.247847557067871,-3.712735176086426,-18.01774787902832,-14.413461685180664,-17.95159339904785,-14.609519004821777,-3.6042861938476562,-3.342074394226074,0.35643863677978516,0.37066078186035156,0.36354970932006836,True,True,
pair_0064,17,01,01,01,pair_0064_happy,pair_0064_sad,upper_prompt__lower_spaced,Listen to the speech. Is the speaker HAPPY or SAD? Answer only HAPPY or SAD., happy, sad,[6247],[12421],decision_clamp,decision_clamp_to_19,17,,19,"[{""layer"":17,""patch_kind"":""decision_token"",""source"":""donor""},{""layer"":18,""patch_kind"":""decision_token"",""source"":""donor""},{""layer"":19,""patch_kind"":""decision_token"",""source"":""donor""}]",post_decoder_block_output,decision_token,-18.533706665039062,-14.080385208129883,-18.318815231323242,-13.884380340576172,-4.45332145690918,-4.43443489074707,-18.422115325927734,-13.929049491882324,-18.4307804107666,-14.032154083251953,-4.49306583404541,-4.398626327514648,0.03974437713623047,0.035808563232421875,0.03777647018432617,True,True,
pair_0065,17,01,02,01,pair_0065_happy,pair_0065_sad,upper_prompt__lower_spaced,Listen to the speech. Is the speaker HAPPY or SAD? Answer only HAPPY or SAD., happy, sad,[6247],[12421],decision_clamp,decision_clamp_to_19,17,,19,"[{""layer"":17,""patch_kind"":""decision_token"",""source"":""donor""},{""layer"":18,""patch_kind"":""decision_token"",""source"":""donor""},{""layer"":19,""patch_kind"":""decision_token"",""source"":""donor""}]",post_decoder_block_output,decision_token,-18.401418685913086,-14.052645683288574,-18.25725746154785,-13.967479705810547,-4.348773002624512,-4.289777755737305,-18.228845596313477,-13.992279052734375,-18.43497085571289,-14.02774429321289,-4.236566543579102,-4.4072265625,-0.11220645904541016,-0.11744880676269531,-0.11482763290405273,False,False,
pair_0066,17,02,01,01,pair_0066_happy,pair_0066_sad,upper_prompt__lower_spaced,Listen to the speech. Is the speaker HAPPY or SAD? Answer only HAPPY or SAD., happy, sad,[6247],[12421],decision_clamp,decision_clamp_to_19,17,,19,"[{""layer"":17,""patch_kind"":""decision_token"",""source"":""donor""},{""layer"":18,""patch_kind"":""decision_token"",""source"":""donor""},{""layer"":19,""patch_kind"":""decision_token"",""source"":""donor""}]",post_decoder_block_output,decision_token,-18.203441619873047,-14.283772468566895,-18.37724494934082,-14.227227210998535,-3.9196691513061523,-4.150017738342285,-18.34754753112793,-14.175470352172852,-18.22646713256836,-14.325570106506348,-4.172077178955078,-3.9008970260620117,0.2524080276489258,0.24912071228027344,0.2507643699645996,True,True,
pair_0067,17,02,02,01,pair_0067_happy,pair_0067_sad,upper_prompt__lower_spaced,Listen to the speech. Is the speaker HAPPY or SAD? Answer only HAPPY or SAD., happy, sad,[6247],[12421],decision_clamp,decision_clamp_to_19,17,,19,"[{""layer"":17,""patch_kind"":""decision_token"",""source"":""donor""},{""layer"":18,""patch_kind"":""decision_token"",""source"":""donor""},{""layer"":19,""patch_kind"":""decision_token"",""source"":""donor""}]",post_decoder_block_output,decision_token,-18.189525604248047,-14.367218017578125,-18.002729415893555,-14.506258010864258,-3.822307586669922,-3.496471405029297,-18.1870059967041,-14.661991119384766,-18.023202896118164,-14.22062873840332,-3.525014877319336,-3.8025741577148438,-0.29729270935058594,-0.3061027526855469,-0.3016977310180664,False,False,
pair_0068,18,01,01,01,pair_0068_happy,pair_0068_sad,upper_prompt__lower_spaced,Listen to the speech. Is the speaker HAPPY or SAD? Answer only HAPPY or SAD., happy, sad,[6247],[12421],decision_clamp,decision_clamp_to_19,17,,19,"[{""layer"":17,""patch_kind"":""decision_token"",""source"":""donor""},{""layer"":18,""patch_kind"":""decision_token"",""source"":""donor""},{""layer"":19,""patch_kind"":""decision_token"",""source"":""donor""}]",post_decoder_block_output,decision_token,-18.210012435913086,-14.200634002685547,-18.49770736694336,-14.28528118133545,-4.009378433227539,-4.21242618560791,-18.549734115600586,-14.206558227539062,-18.1627197265625,-14.270097732543945,-4.343175888061523,-3.8926219940185547,0.3337974548339844,0.31980419158935547,0.3268008232116699,True,True,
pair_0069,18,01,02,01,pair_0069_happy,pair_0069_sad,upper_prompt__lower_spaced,Listen to the speech. Is the speaker HAPPY or SAD? Answer only HAPPY or SAD., happy, sad,[6247],[12421],decision_clamp,decision_clamp_to_19,17,,19,"[{""layer"":17,""patch_kind"":""decision_token"",""source"":""donor""},{""layer"":18,""patch_kind"":""decision_token"",""source"":""donor""},{""layer"":19,""patch_kind"":""decision_token"",""source"":""donor""}]",post_decoder_block_output,decision_token,-18.684219360351562,-14.944689750671387,-18.647714614868164,-14.22707748413086,-3.739529609680176,-4.420637130737305,-18.94078254699707,-14.695720672607422,-18.434926986694336,-14.524224281311035,-4.245061874389648,-3.910702705383301,0.5055322647094727,0.5099344253540039,0.5077333450317383,True,True,
pair_0070,18,02,01,01,pair_0070_happy,pair_0070_sad,upper_prompt__lower_spaced,Listen to the speech. Is the speaker HAPPY or SAD? Answer only HAPPY or SAD., happy, sad,[6247],[12421],decision_clamp,decision_clamp_to_19,17,,19,"[{""layer"":17,""patch_kind"":""decision_token"",""source"":""donor""},{""layer"":18,""patch_kind"":""decision_token"",""source"":""donor""},{""layer"":19,""patch_kind"":""decision_token"",""source"":""donor""}]",post_decoder_block_output,decision_token,-18.257858276367188,-14.408829689025879,-18.45116424560547,-14.356088638305664,-3.8490285873413086,-4.095075607299805,-18.41170310974121,-14.360986709594727,-18.293411254882812,-14.409186363220215,-4.050716400146484,-3.8842248916625977,0.20168781280517578,0.21085071563720703,0.2062692642211914,True,True,
pair_0071,18,02,02,01,pair_0071_happy,pair_0071_sad,upper_prompt__lower_spaced,Listen to the speech. Is the speaker HAPPY or SAD? Answer only HAPPY or SAD., happy, sad,[6247],[12421],decision_clamp,decision_clamp_to_19,17,,19,"[{""layer"":17,""patch_kind"":""decision_token"",""source"":""donor""},{""layer"":18,""patch_kind"":""decision_token"",""source"":""donor""},{""layer"":19,""patch_kind"":""decision_token"",""source"":""donor""}]",post_decoder_block_output,decision_token,-18.145662307739258,-13.863798141479492,-18.30503273010254,-14.476175308227539,-4.281864166259766,-3.828857421875,-18.649629592895508,-14.82156753540039,-18.04889488220215,-13.491090774536133,-3.828062057495117,-4.557804107666016,-0.45380210876464844,-0.7289466857910156,-0.591374397277832,False,False,
pair_0072,19,01,01,01,pair_0072_happy,pair_0072_sad,upper_prompt__lower_spaced,Listen to the speech. Is the speaker HAPPY or SAD? Answer only HAPPY or SAD., happy, sad,[6247],[12421],decision_clamp,decision_clamp_to_19,17,,19,"[{""layer"":17,""patch_kind"":""decision_token"",""source"":""donor""},{""layer"":18,""patch_kind"":""decision_token"",""source"":""donor""},{""layer"":19,""patch_kind"":""decision_token"",""source"":""donor""}]",post_decoder_block_output,decision_token,-18.514738082885742,-14.067811965942383,-18.540695190429688,-13.83083438873291,-4.446926116943359,-4.709860801696777,-18.44635772705078,-13.762582778930664,-18.607173919677734,-14.131304740905762,-4.683774948120117,-4.475869178771973,0.2368488311767578,0.2339916229248047,0.23542022705078125,True,True,
pair_0073,19,01,02,01,pair_0073_happy,pair_0073_sad,upper_prompt__lower_spaced,Listen to the speech. Is the speaker HAPPY or SAD? Answer only HAPPY or SAD., happy, sad,[6247],[12421],decision_clamp,decision_clamp_to_19,17,,19,"[{""layer"":17,""patch_kind"":""decision_token"",""source"":""donor""},{""layer"":18,""patch_kind"":""decision_token"",""source"":""donor""},{""layer"":19,""patch_kind"":""decision_token"",""source"":""donor""}]",post_decoder_block_output,decision_token,-18.675731658935547,-13.967928886413574,-18.710811614990234,-14.28913688659668,-4.707802772521973,-4.421674728393555,-18.60310173034668,-14.311849594116211,-18.79852294921875,-13.954970359802246,-4.291252136230469,-4.843552589416504,-0.4165506362915039,-0.4218778610229492,-0.41921424865722656,False,False,
pair_0074,19,02,01,01,pair_0074_happy,pair_0074_sad,upper_prompt__lower_spaced,Listen to the speech. Is the speaker HAPPY or SAD? Answer only HAPPY or SAD., happy, sad,[6247],[12421],decision_clamp,decision_clamp_to_19,17,,19,"[{""layer"":17,""patch_kind"":""decision_token"",""source"":""donor""},{""layer"":18,""patch_kind"":""decision_token"",""source"":""donor""},{""layer"":19,""patch_kind"":""decision_token"",""source"":""donor""}]",post_decoder_block_output,decision_token,-18.20193099975586,-14.081350326538086,-18.033628463745117,-12.836380004882812,-4.120580673217773,-5.197248458862305,-17.76724624633789,-13.044886589050293,-18.429555892944336,-13.846465110778809,-4.722359657287598,-4.583090782165527,0.6017789840698242,0.6141576766967773,0.6079683303833008,True,True,
pair_0075,19,02,02,01,pair_0075_happy,pair_0075_sad,upper_prompt__lower_spaced,Listen to the speech. Is the speaker HAPPY or SAD? Answer only HAPPY or SAD., happy, sad,[6247],[12421],decision_clamp,decision_clamp_to_19,17,,19,"[{""layer"":17,""patch_kind"":""decision_token"",""source"":""donor""},{""layer"":18,""patch_kind"":""decision_token"",""source"":""donor""},{""layer"":19,""patch_kind"":""decision_token"",""source"":""donor""}]",post_decoder_block_output,decision_token,-17.312185287475586,-14.008975982666016,-17.768232345581055,-14.52195930480957,-3.3032093048095703,-3.2462730407714844,-17.66769027709961,-14.56350040435791,-17.399503707885742,-13.935089111328125,-3.104189872741699,-3.464414596557617,-0.1990194320678711,-0.2181415557861328,-0.20858049392700195,False,False,
pair_0076,20,01,01,01,pair_0076_happy,pair_0076_sad,upper_prompt__lower_spaced,Listen to the speech. Is the speaker HAPPY or SAD? Answer only HAPPY or SAD., happy, sad,[6247],[12421],decision_clamp,decision_clamp_to_19,17,,19,"[{""layer"":17,""patch_kind"":""decision_token"",""source"":""donor""},{""layer"":18,""patch_kind"":""decision_token"",""source"":""donor""},{""layer"":19,""patch_kind"":""decision_token"",""source"":""donor""}]",post_decoder_block_output,decision_token,-18.47559928894043,-13.930008888244629,-18.531600952148438,-13.823415756225586,-4.545590400695801,-4.708185195922852,-18.49919891357422,-13.813636779785156,-18.528217315673828,-13.952067375183105,-4.6855621337890625,-4.576149940490723,0.13997173309326172,0.1320352554321289,0.1360034942626953,True,True,
pair_0077,20,01,02,01,pair_0077_happy,pair_0077_sad,upper_prompt__lower_spaced,Listen to the speech. Is the speaker HAPPY or SAD? Answer only HAPPY or SAD., happy, sad,[6247],[12421],decision_clamp,decision_clamp_to_19,17,,19,"[{""layer"":17,""patch_kind"":""decision_token"",""source"":""donor""},{""layer"":18,""patch_kind"":""decision_token"",""source"":""donor""},{""layer"":19,""patch_kind"":""decision_token"",""source"":""donor""}]",post_decoder_block_output,decision_token,-18.271272659301758,-14.129005432128906,-18.48236846923828,-14.481040000915527,-4.142267227172852,-4.001328468322754,-18.267627716064453,-14.200130462646484,-18.474929809570312,-14.396976470947266,-4.067497253417969,-4.077953338623047,-0.07476997375488281,-0.07662487030029297,-0.07569742202758789,False,False,
pair_0078,20,02,01,01,pair_0078_happy,pair_0078_sad,upper_prompt__lower_spaced,Listen to the speech. Is the speaker HAPPY or SAD? Answer only HAPPY or SAD., happy, sad,[6247],[12421],decision_clamp,decision_clamp_to_19,17,,19,"[{""layer"":17,""patch_kind"":""decision_token"",""source"":""donor""},{""layer"":18,""patch_kind"":""decision_token"",""source"":""donor""},{""layer"":19,""patch_kind"":""decision_token"",""source"":""donor""}]",post_decoder_block_output,decision_token,-18.257326126098633,-14.755581855773926,-18.208616256713867,-14.755860328674316,-3.501744270324707,-3.452755928039551,-17.80644416809082,-13.970209121704102,-18.627077102661133,-15.268267631530762,-3.8362350463867188,-3.358809471130371,0.3344907760620117,0.09394645690917969,0.2142186164855957,True,True,
pair_0079,20,02,02,01,pair_0079_happy,pair_0079_sad,upper_prompt__lower_spaced,Listen to the speech. Is the speaker HAPPY or SAD? Answer only HAPPY or SAD., happy, sad,[6247],[12421],decision_clamp,decision_clamp_to_19,17,,19,"[{""layer"":17,""patch_kind"":""decision_token"",""source"":""donor""},{""layer"":18,""patch_kind"":""decision_token"",""source"":""donor""},{""layer"":19,""patch_kind"":""decision_token"",""source"":""donor""}]",post_decoder_block_output,decision_token,-18.42920684814453,-14.564261436462402,-17.751972198486328,-14.094348907470703,-3.864945411682129,-3.657623291015625,-17.9742488861084,-14.158589363098145,-18.20937728881836,-14.502411842346191,-3.815659523010254,-3.706965446472168,-0.049285888671875,-0.04934215545654297,-0.049314022064208984,False,False,
pair_0080,21,01,01,01,pair_0080_happy,pair_0080_sad,upper_prompt__lower_spaced,Listen to the speech. Is the speaker HAPPY or SAD? Answer only HAPPY or SAD., happy, sad,[6247],[12421],decision_clamp,decision_clamp_to_19,17,,19,"[{""layer"":17,""patch_kind"":""decision_token"",""source"":""donor""},{""layer"":18,""patch_kind"":""decision_token"",""source"":""donor""},{""layer"":19,""patch_kind"":""decision_token"",""source"":""donor""}]",post_decoder_block_output,decision_token,-18.470245361328125,-14.200312614440918,-18.25367546081543,-14.158926010131836,-4.269932746887207,-4.094749450683594,-18.16748809814453,-14.226116180419922,-18.54146385192871,-14.122334480285645,-3.9413719177246094,-4.419129371643066,-0.32856082916259766,-0.32437992095947266,-0.32647037506103516,False,False,
pair_0081,21,01,02,01,pair_0081_happy,pair_0081_sad,upper_prompt__lower_spaced,Listen to the speech. Is the speaker HAPPY or SAD? Answer only HAPPY or SAD., happy, sad,[6247],[12421],decision_clamp,decision_clamp_to_19,17,,19,"[{""layer"":17,""patch_kind"":""decision_token"",""source"":""donor""},{""layer"":18,""patch_kind"":""decision_token"",""source"":""donor""},{""layer"":19,""patch_kind"":""decision_token"",""source"":""donor""}]",post_decoder_block_output,decision_token,-18.46053123474121,-14.23830509185791,-18.299312591552734,-14.097284317016602,-4.222226142883301,-4.202028274536133,-18.25969886779785,-14.114523887634277,-18.49675178527832,-14.219554901123047,-4.145174980163574,-4.277196884155273,-0.07705116271972656,-0.07516860961914062,-0.0761098861694336,False,False,
pair_0082,21,02,01,01,pair_0082_happy,pair_0082_sad,upper_prompt__lower_spaced,Listen to the speech. Is the speaker HAPPY or SAD? Answer only HAPPY or SAD., happy, sad,[6247],[12421],decision_clamp,decision_clamp_to_19,17,,19,"[{""layer"":17,""patch_kind"":""decision_token"",""source"":""donor""},{""layer"":18,""patch_kind"":""decision_token"",""source"":""donor""},{""layer"":19,""patch_kind"":""decision_token"",""source"":""donor""}]",post_decoder_block_output,decision_token,-17.97361183166504,-14.197131156921387,-17.829065322875977,-14.487285614013672,-3.7764806747436523,-3.3417797088623047,-17.797029495239258,-14.46458911895752,-17.99187660217285,-14.217187881469727,-3.3324403762817383,-3.774688720703125,-0.44404029846191406,-0.4329090118408203,-0.4384746551513672,False,False,
pair_0083,21,02,02,01,pair_0083_happy,pair_0083_sad,upper_prompt__lower_spaced,Listen to the speech. Is the speaker HAPPY or SAD? Answer only HAPPY or SAD., happy, sad,[6247],[12421],decision_clamp,decision_clamp_to_19,17,,19,"[{""layer"":17,""patch_kind"":""decision_token"",""source"":""donor""},{""layer"":18,""patch_kind"":""decision_token"",""source"":""donor""},{""layer"":19,""patch_kind"":""decision_token"",""source"":""donor""}]",post_decoder_block_output,decision_token,-17.93297576904297,-14.61596965789795,-18.092235565185547,-14.633484840393066,-3.3170061111450195,-3.4587507247924805,-18.028772354125977,-14.602188110351562,-18.004013061523438,-14.651932716369629,-3.426584243774414,-3.3520803451538086,0.10957813262939453,0.10667037963867188,0.1081242561340332,True,True,
pair_0084,22,01,01,01,pair_0084_happy,pair_0084_sad,upper_prompt__lower_spaced,Listen to the speech. Is the speaker HAPPY or SAD? Answer only HAPPY or SAD., happy, sad,[6247],[12421],decision_clamp,decision_clamp_to_19,17,,19,"[{""layer"":17,""patch_kind"":""decision_token"",""source"":""donor""},{""layer"":18,""patch_kind"":""decision_token"",""source"":""donor""},{""layer"":19,""patch_kind"":""decision_token"",""source"":""donor""}]",post_decoder_block_output,decision_token,-18.682262420654297,-14.192432403564453,-18.470258712768555,-13.706429481506348,-4.489830017089844,-4.763829231262207,-18.542112350463867,-13.747156143188477,-18.62099266052246,-14.162976264953613,-4.794956207275391,-4.458016395568848,0.3051261901855469,0.3058128356933594,0.3054695129394531,True,True,
pair_0085,22,01,02,01,pair_0085_happy,pair_0085_sad,upper_prompt__lower_spaced,Listen to the speech. Is the speaker HAPPY or SAD? Answer only HAPPY or SAD., happy, sad,[6247],[12421],decision_clamp,decision_clamp_to_19,17,,19,"[{""layer"":17,""patch_kind"":""decision_token"",""source"":""donor""},{""layer"":18,""patch_kind"":""decision_token"",""source"":""donor""},{""layer"":19,""patch_kind"":""decision_token"",""source"":""donor""}]",post_decoder_block_output,decision_token,-18.272850036621094,-14.236717224121094,-18.724578857421875,-14.284399032592773,-4.0361328125,-4.440179824829102,-18.592849731445312,-14.4556245803833,-18.39381980895996,-14.052578926086426,-4.137225151062012,-4.341240882873535,0.10109233856201172,0.0989389419555664,0.10001564025878906,True,True,
pair_0086,22,02,01,01,pair_0086_happy,pair_0086_sad,upper_prompt__lower_spaced,Listen to the speech. Is the speaker HAPPY or SAD? Answer only HAPPY or SAD., happy, sad,[6247],[12421],decision_clamp,decision_clamp_to_19,17,,19,"[{""layer"":17,""patch_kind"":""decision_token"",""source"":""donor""},{""layer"":18,""patch_kind"":""decision_token"",""source"":""donor""},{""layer"":19,""patch_kind"":""decision_token"",""source"":""donor""}]",post_decoder_block_output,decision_token,-18.112878799438477,-14.50664234161377,-18.061094284057617,-14.396312713623047,-3.606236457824707,-3.6647815704345703,-18.00716209411621,-14.370482444763184,-18.167694091796875,-14.52588939666748,-3.6366796493530273,-3.6418046951293945,0.030443191528320312,0.02297687530517578,0.026710033416748047,True,True,
pair_0087,22,02,02,01,pair_0087_happy,pair_0087_sad,upper_prompt__lower_spaced,Listen to the speech. Is the speaker HAPPY or SAD? Answer only HAPPY or SAD., happy, sad,[6247],[12421],decision_clamp,decision_clamp_to_19,17,,19,"[{""layer"":17,""patch_kind"":""decision_token"",""source"":""donor""},{""layer"":18,""patch_kind"":""decision_token"",""source"":""donor""},{""layer"":19,""patch_kind"":""decision_token"",""source"":""donor""}]",post_decoder_block_output,decision_token,-17.975412368774414,-14.336179733276367,-17.852388381958008,-14.33988094329834,-3.639232635498047,-3.512507438659668,-17.886661529541016,-14.299468040466309,-17.9393310546875,-14.390385627746582,-3.587193489074707,-3.548945426940918,-0.052039146423339844,-0.03643798828125,-0.04423856735229492,False,False,
pair_0088,23,01,01,01,pair_0088_happy,pair_0088_sad,upper_prompt__lower_spaced,Listen to the speech. Is the speaker HAPPY or SAD? Answer only HAPPY or SAD., happy, sad,[6247],[12421],decision_clamp,decision_clamp_to_19,17,,19,"[{""layer"":17,""patch_kind"":""decision_token"",""source"":""donor""},{""layer"":18,""patch_kind"":""decision_token"",""source"":""donor""},{""layer"":19,""patch_kind"":""decision_token"",""source"":""donor""}]",post_decoder_block_output,decision_token,-18.47939682006836,-14.078022956848145,-18.001972198486328,-13.984725952148438,-4.401373863220215,-4.017246246337891,-18.014005661010742,-14.15571117401123,-18.46346092224121,-13.894359588623047,-3.8582944869995117,-4.569101333618164,-0.5430793762207031,-0.5518550872802734,-0.5474672317504883,False,False,
pair_0089,23,01,02,01,pair_0089_happy,pair_0089_sad,upper_prompt__lower_spaced,Listen to the speech. Is the speaker HAPPY or SAD? Answer only HAPPY or SAD., happy, sad,[6247],[12421],decision_clamp,decision_clamp_to_19,17,,19,"[{""layer"":17,""patch_kind"":""decision_token"",""source"":""donor""},{""layer"":18,""patch_kind"":""decision_token"",""source"":""donor""},{""layer"":19,""patch_kind"":""decision_token"",""source"":""donor""}]",post_decoder_block_output,decision_token,-18.697004318237305,-14.208320617675781,-18.652122497558594,-14.244013786315918,-4.488683700561523,-4.408108711242676,-18.610795974731445,-14.210871696472168,-18.73817253112793,-14.227645874023438,-4.399924278259277,-4.510526657104492,-0.0887594223022461,-0.1024179458618164,-0.09558868408203125,False,False,
pair_0090,23,02,01,01,pair_0090_happy,pair_0090_sad,upper_prompt__lower_spaced,Listen to the speech. Is the speaker HAPPY or SAD? Answer only HAPPY or SAD., happy, sad,[6247],[12421],decision_clamp,decision_clamp_to_19,17,,19,"[{""layer"":17,""patch_kind"":""decision_token"",""source"":""donor""},{""layer"":18,""patch_kind"":""decision_token"",""source"":""donor""},{""layer"":19,""patch_kind"":""decision_token"",""source"":""donor""}]",post_decoder_block_output,decision_token,-18.12325668334961,-14.155843734741211,-17.865354537963867,-14.407626152038574,-3.9674129486083984,-3.457728385925293,-17.90388298034668,-14.358057022094727,-18.100133895874023,-14.215171813964844,-3.545825958251953,-3.8849620819091797,-0.4215869903564453,-0.4272336959838867,-0.424410343170166,False,False,
pair_0091,23,02,02,01,pair_0091_happy,pair_0091_sad,upper_prompt__lower_spaced,Listen to the speech. Is the speaker HAPPY or SAD? Answer only HAPPY or SAD., happy, sad,[6247],[12421],decision_clamp,decision_clamp_to_19,17,,19,"[{""layer"":17,""patch_kind"":""decision_token"",""source"":""donor""},{""layer"":18,""patch_kind"":""decision_token"",""source"":""donor""},{""layer"":19,""patch_kind"":""decision_token"",""source"":""donor""}]",post_decoder_block_output,decision_token,-18.110824584960938,-14.51156234741211,-17.68675994873047,-14.507476806640625,-3.599262237548828,-3.1792831420898438,-17.793916702270508,-14.818388938903809,-18.073131561279297,-14.19412899017334,-2.975527763366699,-3.879002571105957,-0.6237344741821289,-0.6997194290161133,-0.6617269515991211,False,False,
pair_0092,24,01,01,01,pair_0092_happy,pair_0092_sad,upper_prompt__lower_spaced,Listen to the speech. Is the speaker HAPPY or SAD? Answer only HAPPY or SAD., happy, sad,[6247],[12421],decision_clamp,decision_clamp_to_19,17,,19,"[{""layer"":17,""patch_kind"":""decision_token"",""source"":""donor""},{""layer"":18,""patch_kind"":""decision_token"",""source"":""donor""},{""layer"":19,""patch_kind"":""decision_token"",""source"":""donor""}]",post_decoder_block_output,decision_token,-18.272140502929688,-14.17473030090332,-18.658676147460938,-13.953152656555176,-4.097410202026367,-4.705523490905762,-18.4165096282959,-13.917854309082031,-18.516868591308594,-14.210333824157715,-4.498655319213867,-4.306534767150879,0.4012451171875,0.3989887237548828,0.4001169204711914,True,True,
pair_0093,24,01,02,01,pair_0093_happy,pair_0093_sad,upper_prompt__lower_spaced,Listen to the speech. Is the speaker HAPPY or SAD? Answer only HAPPY or SAD., happy, sad,[6247],[12421],decision_clamp,decision_clamp_to_19,17,,19,"[{""layer"":17,""patch_kind"":""decision_token"",""source"":""donor""},{""layer"":18,""patch_kind"":""decision_token"",""source"":""donor""},{""layer"":19,""patch_kind"":""decision_token"",""source"":""donor""}]",post_decoder_block_output,decision_token,-18.38443946838379,-14.200296401977539,-18.802410125732422,-14.208366394042969,-4.18414306640625,-4.594043731689453,-18.622840881347656,-14.24746036529541,-18.56610679626465,-14.161898612976074,-4.375380516052246,-4.404208183288574,0.1912374496459961,0.1898355484008789,0.1905364990234375,True,True,
pair_0094,24,02,01,01,pair_0094_happy,pair_0094_sad,upper_prompt__lower_spaced,Listen to the speech. Is the speaker HAPPY or SAD? Answer only HAPPY or SAD., happy, sad,[6247],[12421],decision_clamp,decision_clamp_to_19,17,,19,"[{""layer"":17,""patch_kind"":""decision_token"",""source"":""donor""},{""layer"":18,""patch_kind"":""decision_token"",""source"":""donor""},{""layer"":19,""patch_kind"":""decision_token"",""source"":""donor""}]",post_decoder_block_output,decision_token,-18.109331130981445,-14.389881134033203,-17.85662269592285,-14.2269926071167,-3.719449996948242,-3.6296300888061523,-17.688562393188477,-14.30512809753418,-18.286209106445312,-14.364248275756836,-3.383434295654297,-3.9219608306884766,-0.3360157012939453,-0.2923307418823242,-0.31417322158813477,False,False,
pair_0095,24,02,02,01,pair_0095_happy,pair_0095_sad,upper_prompt__lower_spaced,Listen to the speech. Is the speaker HAPPY or SAD? Answer only HAPPY or SAD., happy, sad,[6247],[12421],decision_clamp,decision_clamp_to_19,17,,19,"[{""layer"":17,""patch_kind"":""decision_token"",""source"":""donor""},{""layer"":18,""patch_kind"":""decision_token"",""source"":""donor""},{""layer"":19,""patch_kind"":""decision_token"",""source"":""donor""}]",post_decoder_block_output,decision_token,-17.84119987487793,-14.09777545928955,-17.919200897216797,-14.292767524719238,-3.743424415588379,-3.6264333724975586,-17.91665267944336,-14.17182731628418,-17.847658157348633,-14.220624923706055,-3.7448253631591797,-3.627033233642578,0.0014009475708007812,-0.0005998611450195312,0.000400543212890625,True,False,
pair_0000,01,01,01,01,pair_0000_happy,pair_0000_sad,upper_prompt__lower_spaced,Listen to the speech. Is the speaker HAPPY or SAD? Answer only HAPPY or SAD., happy, sad,[6247],[12421],decision_clamp,decision_clamp_to_20,17,,20,"[{""layer"":17,""patch_kind"":""decision_token"",""source"":""donor""},{""layer"":18,""patch_kind"":""decision_token"",""source"":""donor""},{""layer"":19,""patch_kind"":""decision_token"",""source"":""donor""},{""layer"":20,""patch_kind"":""decision_token"",""source"":""donor""}]",post_decoder_block_output,decision_token,-18.784337997436523,-14.192665100097656,-18.59215545654297,-14.119668960571289,-4.591672897338867,-4.47248649597168,-18.63920021057129,-14.2354736328125,-18.73731803894043,-14.059328079223633,-4.403726577758789,-4.677989959716797,-0.18794631958007812,-0.2055034637451172,-0.19672489166259766,False,False,
pair_0001,01,01,02,01,pair_0001_happy,pair_0001_sad,upper_prompt__lower_spaced,Listen to the speech. Is the speaker HAPPY or SAD? Answer only HAPPY or SAD., happy, sad,[6247],[12421],decision_clamp,decision_clamp_to_20,17,,20,"[{""layer"":17,""patch_kind"":""decision_token"",""source"":""donor""},{""layer"":18,""patch_kind"":""decision_token"",""source"":""donor""},{""layer"":19,""patch_kind"":""decision_token"",""source"":""donor""},{""layer"":20,""patch_kind"":""decision_token"",""source"":""donor""}]",post_decoder_block_output,decision_token,-18.62534523010254,-13.82693862915039,-18.685665130615234,-13.871679306030273,-4.798406600952148,-4.813985824584961,-18.622276306152344,-13.87312126159668,-18.69584846496582,-13.831340789794922,-4.749155044555664,-4.864507675170898,-0.049251556396484375,-0.0505218505859375,-0.04988670349121094,False,False,
pair_0002,01,02,01,01,pair_0002_happy,pair_0002_sad,upper_prompt__lower_spaced,Listen to the speech. Is the speaker HAPPY or SAD? Answer only HAPPY or SAD., happy, sad,[6247],[12421],decision_clamp,decision_clamp_to_20,17,,20,"[{""layer"":17,""patch_kind"":""decision_token"",""source"":""donor""},{""layer"":18,""patch_kind"":""decision_token"",""source"":""donor""},{""layer"":19,""patch_kind"":""decision_token"",""source"":""donor""},{""layer"":20,""patch_kind"":""decision_token"",""source"":""donor""}]",post_decoder_block_output,decision_token,-18.101184844970703,-14.566595077514648,-18.250112533569336,-14.308186531066895,-3.5345897674560547,-3.9419260025024414,-18.10199546813965,-14.320047378540039,-18.24286651611328,-14.551203727722168,-3.7819480895996094,-3.6916627883911133,0.2473583221435547,0.2502632141113281,0.2488107681274414,True,True,
pair_0003,01,02,02,01,pair_0003_happy,pair_0003_sad,upper_prompt__lower_spaced,Listen to the speech. Is the speaker HAPPY or SAD? Answer only HAPPY or SAD., happy, sad,[6247],[12421],decision_clamp,decision_clamp_to_20,17,,20,"[{""layer"":17,""patch_kind"":""decision_token"",""source"":""donor""},{""layer"":18,""patch_kind"":""decision_token"",""source"":""donor""},{""layer"":19,""patch_kind"":""decision_token"",""source"":""donor""},{""layer"":20,""patch_kind"":""decision_token"",""source"":""donor""}]",post_decoder_block_output,decision_token,-18.006914138793945,-14.501709938049316,-18.291980743408203,-14.688089370727539,-3.505204200744629,-3.603891372680664,-18.174957275390625,-14.768956184387207,-18.116708755493164,-14.442483901977539,-3.406001091003418,-3.674224853515625,-0.09920310974121094,-0.07033348083496094,-0.08476829528808594,False,False,
pair_0004,02,01,01,01,pair_0004_happy,pair_0004_sad,upper_prompt__lower_spaced,Listen to the speech. Is the speaker HAPPY or SAD? Answer only HAPPY or SAD., happy, sad,[6247],[12421],decision_clamp,decision_clamp_to_20,17,,20,"[{""layer"":17,""patch_kind"":""decision_token"",""source"":""donor""},{""layer"":18,""patch_kind"":""decision_token"",""source"":""donor""},{""layer"":19,""patch_kind"":""decision_token"",""source"":""donor""},{""layer"":20,""patch_kind"":""decision_token"",""source"":""donor""}]",post_decoder_block_output,decision_token,-18.301326751708984,-14.038238525390625,-18.725671768188477,-13.857430458068848,-4.263088226318359,-4.868241310119629,-18.697755813598633,-14.01574420928955,-18.319496154785156,-13.880895614624023,-4.682011604309082,-4.438600540161133,0.41892337799072266,0.4296407699584961,0.4242820739746094,True,True,
pair_0005,02,01,02,01,pair_0005_happy,pair_0005_sad,upper_prompt__lower_spaced,Listen to the speech. Is the speaker HAPPY or SAD? Answer only HAPPY or SAD., happy, sad,[6247],[12421],decision_clamp,decision_clamp_to_20,17,,20,"[{""layer"":17,""patch_kind"":""decision_token"",""source"":""donor""},{""layer"":18,""patch_kind"":""decision_token"",""source"":""donor""},{""layer"":19,""patch_kind"":""decision_token"",""source"":""donor""},{""layer"":20,""patch_kind"":""decision_token"",""source"":""donor""}]",post_decoder_block_output,decision_token,-18.589427947998047,-14.114439964294434,-18.74413299560547,-14.046891212463379,-4.474987983703613,-4.69724178314209,-18.730831146240234,-14.208518981933594,-18.601972579956055,-13.960369110107422,-4.522312164306641,-4.641603469848633,0.047324180603027344,0.05563831329345703,0.05148124694824219,True,True,
pair_0006,02,02,01,01,pair_0006_happy,pair_0006_sad,upper_prompt__lower_spaced,Listen to the speech. Is the speaker HAPPY or SAD? Answer only HAPPY or SAD., happy, sad,[6247],[12421],decision_clamp,decision_clamp_to_20,17,,20,"[{""layer"":17,""patch_kind"":""decision_token"",""source"":""donor""},{""layer"":18,""patch_kind"":""decision_token"",""source"":""donor""},{""layer"":19,""patch_kind"":""decision_token"",""source"":""donor""},{""layer"":20,""patch_kind"":""decision_token"",""source"":""donor""}]",post_decoder_block_output,decision_token,-17.821413040161133,-14.312002182006836,-17.82419204711914,-14.049148559570312,-3.509410858154297,-3.775043487548828,-17.776485443115234,-13.982565879821777,-17.868375778198242,-14.376914978027344,-3.793919563293457,-3.4914608001708984,0.28450870513916016,0.2835826873779297,0.2840456962585449,True,True,
pair_0007,02,02,02,01,pair_0007_happy,pair_0007_sad,upper_prompt__lower_spaced,Listen to the speech. Is the speaker HAPPY or SAD? Answer only HAPPY or SAD., happy, sad,[6247],[12421],decision_clamp,decision_clamp_to_20,17,,20,"[{""layer"":17,""patch_kind"":""decision_token"",""source"":""donor""},{""layer"":18,""patch_kind"":""decision_token"",""source"":""donor""},{""layer"":19,""patch_kind"":""decision_token"",""source"":""donor""},{""layer"":20,""patch_kind"":""decision_token"",""source"":""donor""}]",post_decoder_block_output,decision_token,-17.819889068603516,-14.41187572479248,-17.866769790649414,-14.385616302490234,-3.408013343811035,-3.4811534881591797,-17.8684139251709,-14.31906795501709,-17.8178768157959,-14.47708797454834,-3.5493459701538086,-3.3407888412475586,0.14133262634277344,0.1403646469116211,0.14084863662719727,True,True,
pair_0008,03,01,01,01,pair_0008_happy,pair_0008_sad,upper_prompt__lower_spaced,Listen to the speech. Is the speaker HAPPY or SAD? Answer only HAPPY or SAD., happy, sad,[6247],[12421],decision_clamp,decision_clamp_to_20,17,,20,"[{""layer"":17,""patch_kind"":""decision_token"",""source"":""donor""},{""layer"":18,""patch_kind"":""decision_token"",""source"":""donor""},{""layer"":19,""patch_kind"":""decision_token"",""source"":""donor""},{""layer"":20,""patch_kind"":""decision_token"",""source"":""donor""}]",post_decoder_block_output,decision_token,-18.818166732788086,-14.119091033935547,-18.65387725830078,-14.069162368774414,-4.699075698852539,-4.584714889526367,-18.661787033081055,-14.003747940063477,-18.813940048217773,-14.18390941619873,-4.658039093017578,-4.630030632019043,-0.04103660583496094,-0.04531574249267578,-0.04317617416381836,False,False,
pair_0009,03,01,02,01,pair_0009_happy,pair_0009_sad,upper_prompt__lower_spaced,Listen to the speech. Is the speaker HAPPY or SAD? Answer only HAPPY or SAD., happy, sad,[6247],[12421],decision_clamp,decision_clamp_to_20,17,,20,"[{""layer"":17,""patch_kind"":""decision_token"",""source"":""donor""},{""layer"":18,""patch_kind"":""decision_token"",""source"":""donor""},{""layer"":19,""patch_kind"":""decision_token"",""source"":""donor""},{""layer"":20,""patch_kind"":""decision_token"",""source"":""donor""}]",post_decoder_block_output,decision_token,-18.729928970336914,-14.011101722717285,-18.5625,-14.185173034667969,-4.718827247619629,-4.377326965332031,-18.595224380493164,-14.211666107177734,-18.69253921508789,-13.982244491577148,-4.38355827331543,-4.710294723510742,-0.3352689743041992,-0.33296775817871094,-0.3341183662414551,False,False,
pair_0010,03,02,01,01,pair_0010_happy,pair_0010_sad,upper_prompt__lower_spaced,Listen to the speech. Is the speaker HAPPY or SAD? Answer only HAPPY or SAD., happy, sad,[6247],[12421],decision_clamp,decision_clamp_to_20,17,,20,"[{""layer"":17,""patch_kind"":""decision_token"",""source"":""donor""},{""layer"":18,""patch_kind"":""decision_token"",""source"":""donor""},{""layer"":19,""patch_kind"":""decision_token"",""source"":""donor""},{""layer"":20,""patch_kind"":""decision_token"",""source"":""donor""}]",post_decoder_block_output,decision_token,-18.31175994873047,-14.61680793762207,-17.840412139892578,-14.470471382141113,-3.6949520111083984,-3.369940757751465,-17.86322593688965,-14.471084594726562,-18.2882022857666,-14.611299514770508,-3.392141342163086,-3.6769027709960938,-0.3028106689453125,-0.3069620132446289,-0.3048863410949707,False,False,
pair_0011,03,02,02,01,pair_0011_happy,pair_0011_sad,upper_prompt__lower_spaced,Listen to the speech. Is the speaker HAPPY or SAD? Answer only HAPPY or SAD., happy, sad,[6247],[12421],decision_clamp,decision_clamp_to_20,17,,20,"[{""layer"":17,""patch_kind"":""decision_token"",""source"":""donor""},{""layer"":18,""patch_kind"":""decision_token"",""source"":""donor""},{""layer"":19,""patch_kind"":""decision_token"",""source"":""donor""},{""layer"":20,""patch_kind"":""decision_token"",""source"":""donor""}]",post_decoder_block_output,decision_token,-18.231765747070312,-14.706853866577148,-17.838123321533203,-14.506670951843262,-3.524911880493164,-3.3314523696899414,-17.93988037109375,-14.583392143249512,-18.129207611083984,-14.625943183898926,-3.3564882278442383,-3.5032644271850586,-0.16842365264892578,-0.1718120574951172,-0.17011785507202148,False,False,
pair_0012,04,01,01,01,pair_0012_happy,pair_0012_sad,upper_prompt__lower_spaced,Listen to the speech. Is the speaker HAPPY or SAD? Answer only HAPPY or SAD., happy, sad,[6247],[12421],decision_clamp,decision_clamp_to_20,17,,20,"[{""layer"":17,""patch_kind"":""decision_token"",""source"":""donor""},{""layer"":18,""patch_kind"":""decision_token"",""source"":""donor""},{""layer"":19,""patch_kind"":""decision_token"",""source"":""donor""},{""layer"":20,""patch_kind"":""decision_token"",""source"":""donor""}]",post_decoder_block_output,decision_token,-18.358745574951172,-13.756012916564941,-18.717449188232422,-13.85068130493164,-4.6027326583862305,-4.866767883300781,-18.610557556152344,-13.934640884399414,-18.459362030029297,-13.662096977233887,-4.67591667175293,-4.79726505279541,0.07318401336669922,0.0695028305053711,0.07134342193603516,True,True,
pair_0013,04,01,02,01,pair_0013_happy,pair_0013_sad,upper_prompt__lower_spaced,Listen to the speech. Is the speaker HAPPY or SAD? Answer only HAPPY or SAD., happy, sad,[6247],[12421],decision_clamp,decision_clamp_to_20,17,,20,"[{""layer"":17,""patch_kind"":""decision_token"",""source"":""donor""},{""layer"":18,""patch_kind"":""decision_token"",""source"":""donor""},{""layer"":19,""patch_kind"":""decision_token"",""source"":""donor""},{""layer"":20,""patch_kind"":""decision_token"",""source"":""donor""}]",post_decoder_block_output,decision_token,-18.70948600769043,-14.139888763427734,-18.57384490966797,-13.96951675415039,-4.569597244262695,-4.604328155517578,-18.614898681640625,-13.991761207580566,-18.671213150024414,-14.118287086486816,-4.623137474060059,-4.552926063537598,0.05354022979736328,0.05140209197998047,0.052471160888671875,True,True,
pair_0014,04,02,01,01,pair_0014_happy,pair_0014_sad,upper_prompt__lower_spaced,Listen to the speech. Is the speaker HAPPY or SAD? Answer only HAPPY or SAD., happy, sad,[6247],[12421],decision_clamp,decision_clamp_to_20,17,,20,"[{""layer"":17,""patch_kind"":""decision_token"",""source"":""donor""},{""layer"":18,""patch_kind"":""decision_token"",""source"":""donor""},{""layer"":19,""patch_kind"":""decision_token"",""source"":""donor""},{""layer"":20,""patch_kind"":""decision_token"",""source"":""donor""}]",post_decoder_block_output,decision_token,-17.875215530395508,-14.271656036376953,-17.993194580078125,-14.42282485961914,-3.6035594940185547,-3.5703697204589844,-17.984146118164062,-14.42458724975586,-17.887208938598633,-14.267891883850098,-3.559558868408203,-3.619317054748535,-0.04400062561035156,-0.04894733428955078,-0.04647397994995117,False,False,
pair_0015,04,02,02,01,pair_0015_happy,pair_0015_sad,upper_prompt__lower_spaced,Listen to the speech. Is the speaker HAPPY or SAD? Answer only HAPPY or SAD., happy, sad,[6247],[12421],decision_clamp,decision_clamp_to_20,17,,20,"[{""layer"":17,""patch_kind"":""decision_token"",""source"":""donor""},{""layer"":18,""patch_kind"":""decision_token"",""source"":""donor""},{""layer"":19,""patch_kind"":""decision_token"",""source"":""donor""},{""layer"":20,""patch_kind"":""decision_token"",""source"":""donor""}]",post_decoder_block_output,decision_token,-17.90298080444336,-14.51931095123291,-18.07615089416504,-14.267594337463379,-3.383669853210449,-3.80855655670166,-17.941720962524414,-14.177170753479004,-18.031532287597656,-14.603194236755371,-3.76455020904541,-3.428338050842285,0.38088035583496094,0.380218505859375,0.38054943084716797,True,True,
pair_0016,05,01,01,01,pair_0016_happy,pair_0016_sad,upper_prompt__lower_spaced,Listen to the speech. Is the speaker HAPPY or SAD? Answer only HAPPY or SAD., happy, sad,[6247],[12421],decision_clamp,decision_clamp_to_20,17,,20,"[{""layer"":17,""patch_kind"":""decision_token"",""source"":""donor""},{""layer"":18,""patch_kind"":""decision_token"",""source"":""donor""},{""layer"":19,""patch_kind"":""decision_token"",""source"":""donor""},{""layer"":20,""patch_kind"":""decision_token"",""source"":""donor""}]",post_decoder_block_output,decision_token,-18.692672729492188,-14.135289192199707,-18.536806106567383,-14.340117454528809,-4.5573835372924805,-4.196688652038574,-18.585145950317383,-14.251469612121582,-18.622224807739258,-14.232542991638184,-4.333676338195801,-4.389681816101074,-0.2237071990966797,-0.1929931640625,-0.20835018157958984,False,False,
pair_0017,05,01,02,01,pair_0017_happy,pair_0017_sad,upper_prompt__lower_spaced,Listen to the speech. Is the speaker HAPPY or SAD? Answer only HAPPY or SAD., happy, sad,[6247],[12421],decision_clamp,decision_clamp_to_20,17,,20,"[{""layer"":17,""patch_kind"":""decision_token"",""source"":""donor""},{""layer"":18,""patch_kind"":""decision_token"",""source"":""donor""},{""layer"":19,""patch_kind"":""decision_token"",""source"":""donor""},{""layer"":20,""patch_kind"":""decision_token"",""source"":""donor""}]",post_decoder_block_output,decision_token,-18.638935089111328,-14.255763053894043,-18.50379180908203,-13.944811820983887,-4.383172035217285,-4.5589799880981445,-18.452796936035156,-13.981765747070312,-18.694400787353516,-14.212804794311523,-4.471031188964844,-4.481595993041992,0.0878591537475586,0.07738399505615234,0.08262157440185547,True,True,
pair_0018,05,02,01,01,pair_0018_happy,pair_0018_sad,upper_prompt__lower_spaced,Listen to the speech. Is the speaker HAPPY or SAD? Answer only HAPPY or SAD., happy, sad,[6247],[12421],decision_clamp,decision_clamp_to_20,17,,20,"[{""layer"":17,""patch_kind"":""decision_token"",""source"":""donor""},{""layer"":18,""patch_kind"":""decision_token"",""source"":""donor""},{""layer"":19,""patch_kind"":""decision_token"",""source"":""donor""},{""layer"":20,""patch_kind"":""decision_token"",""source"":""donor""}]",post_decoder_block_output,decision_token,-18.000730514526367,-14.714016914367676,-18.26675796508789,-14.785633087158203,-3.2867136001586914,-3.4811248779296875,-18.09773063659668,-14.573160171508789,-18.181997299194336,-14.92471694946289,-3.5245704650878906,-3.2572803497314453,0.23785686492919922,0.2238445281982422,0.2308506965637207,True,True,
pair_0019,05,02,02,01,pair_0019_happy,pair_0019_sad,upper_prompt__lower_spaced,Listen to the speech. Is the speaker HAPPY or SAD? Answer only HAPPY or SAD., happy, sad,[6247],[12421],decision_clamp,decision_clamp_to_20,17,,20,"[{""layer"":17,""patch_kind"":""decision_token"",""source"":""donor""},{""layer"":18,""patch_kind"":""decision_token"",""source"":""donor""},{""layer"":19,""patch_kind"":""decision_token"",""source"":""donor""},{""layer"":20,""patch_kind"":""decision_token"",""source"":""donor""}]",post_decoder_block_output,decision_token,-18.202608108520508,-14.727049827575684,-17.76186752319336,-14.475021362304688,-3.475558280944824,-3.286846160888672,-17.82917022705078,-14.544686317443848,-18.135746002197266,-14.65713882446289,-3.2844839096069336,-3.478607177734375,-0.19107437133789062,-0.19176101684570312,-0.19141769409179688,False,False,
pair_0020,06,01,01,01,pair_0020_happy,pair_0020_sad,upper_prompt__lower_spaced,Listen to the speech. Is the speaker HAPPY or SAD? Answer only HAPPY or SAD., happy, sad,[6247],[12421],decision_clamp,decision_clamp_to_20,17,,20,"[{""layer"":17,""patch_kind"":""decision_token"",""source"":""donor""},{""layer"":18,""patch_kind"":""decision_token"",""source"":""donor""},{""layer"":19,""patch_kind"":""decision_token"",""source"":""donor""},{""layer"":20,""patch_kind"":""decision_token"",""source"":""donor""}]",post_decoder_block_output,decision_token,-18.270139694213867,-14.0554780960083,-18.622514724731445,-14.09838581085205,-4.214661598205566,-4.5241289138793945,-18.614789962768555,-14.178292274475098,-18.278167724609375,-13.974081993103027,-4.436497688293457,-4.304085731506348,0.22183609008789062,0.22004318237304688,0.22093963623046875,True,True,
pair_0021,06,01,02,01,pair_0021_happy,pair_0021_sad,upper_prompt__lower_spaced,Listen to the speech. Is the speaker HAPPY or SAD? Answer only HAPPY or SAD., happy, sad,[6247],[12421],decision_clamp,decision_clamp_to_20,17,,20,"[{""layer"":17,""patch_kind"":""decision_token"",""source"":""donor""},{""layer"":18,""patch_kind"":""decision_token"",""source"":""donor""},{""layer"":19,""patch_kind"":""decision_token"",""source"":""donor""},{""layer"":20,""patch_kind"":""decision_token"",""source"":""donor""}]",post_decoder_block_output,decision_token,-18.518516540527344,-14.262524604797363,-18.693706512451172,-14.079412460327148,-4.2559919357299805,-4.614294052124023,-18.70684814453125,-14.127545356750488,-18.517353057861328,-14.217266082763672,-4.579302787780762,-4.300086975097656,0.32331085205078125,0.3142070770263672,0.3187589645385742,True,True,
pair_0022,06,02,01,01,pair_0022_happy,pair_0022_sad,upper_prompt__lower_spaced,Listen to the speech. Is the speaker HAPPY or SAD? Answer only HAPPY or SAD., happy, sad,[6247],[12421],decision_clamp,decision_clamp_to_20,17,,20,"[{""layer"":17,""patch_kind"":""decision_token"",""source"":""donor""},{""layer"":18,""patch_kind"":""decision_token"",""source"":""donor""},{""layer"":19,""patch_kind"":""decision_token"",""source"":""donor""},{""layer"":20,""patch_kind"":""decision_token"",""source"":""donor""}]",post_decoder_block_output,decision_token,-18.048234939575195,-14.446083068847656,-18.00354766845703,-14.538506507873535,-3.602151870727539,-3.465041160583496,-17.977746963500977,-14.513686180114746,-18.076478958129883,-14.467677116394043,-3.4640607833862305,-3.60880184173584,-0.1380910873413086,-0.14376068115234375,-0.14092588424682617,False,False,
pair_0023,06,02,02,01,pair_0023_happy,pair_0023_sad,upper_prompt__lower_spaced,Listen to the speech. Is the speaker HAPPY or SAD? Answer only HAPPY or SAD., happy, sad,[6247],[12421],decision_clamp,decision_clamp_to_20,17,,20,"[{""layer"":17,""patch_kind"":""decision_token"",""source"":""donor""},{""layer"":18,""patch_kind"":""decision_token"",""source"":""donor""},{""layer"":19,""patch_kind"":""decision_token"",""source"":""donor""},{""layer"":20,""patch_kind"":""decision_token"",""source"":""donor""}]",post_decoder_block_output,decision_token,-17.950851440429688,-14.493545532226562,-18.027484893798828,-14.372323989868164,-3.457305908203125,-3.655160903930664,-18.00663185119629,-14.364093780517578,-17.9720458984375,-14.50396728515625,-3.642538070678711,-3.46807861328125,0.18523216247558594,0.18708229064941406,0.1861572265625,True,True,
pair_0024,07,01,01,01,pair_0024_happy,pair_0024_sad,upper_prompt__lower_spaced,Listen to the speech. Is the speaker HAPPY or SAD? Answer only HAPPY or SAD., happy, sad,[6247],[12421],decision_clamp,decision_clamp_to_20,17,,20,"[{""layer"":17,""patch_kind"":""decision_token"",""source"":""donor""},{""layer"":18,""patch_kind"":""decision_token"",""source"":""donor""},{""layer"":19,""patch_kind"":""decision_token"",""source"":""donor""},{""layer"":20,""patch_kind"":""decision_token"",""source"":""donor""}]",post_decoder_block_output,decision_token,-18.09006118774414,-13.70536994934082,-18.24040985107422,-14.0731840133667,-4.38469123840332,-4.1672258377075195,-18.390419006347656,-14.007506370544434,-17.92354965209961,-13.768966674804688,-4.382912635803223,-4.154582977294922,-0.0017786026000976562,0.012642860412597656,0.00543212890625,False,True,
pair_0025,07,01,02,01,pair_0025_happy,pair_0025_sad,upper_prompt__lower_spaced,Listen to the speech. Is the speaker HAPPY or SAD? Answer only HAPPY or SAD., happy, sad,[6247],[12421],decision_clamp,decision_clamp_to_20,17,,20,"[{""layer"":17,""patch_kind"":""decision_token"",""source"":""donor""},{""layer"":18,""patch_kind"":""decision_token"",""source"":""donor""},{""layer"":19,""patch_kind"":""decision_token"",""source"":""donor""},{""layer"":20,""patch_kind"":""decision_token"",""source"":""donor""}]",post_decoder_block_output,decision_token,-18.489057540893555,-13.88498592376709,-18.49165916442871,-13.795110702514648,-4.604071617126465,-4.6965484619140625,-18.480060577392578,-13.729558944702148,-18.498205184936523,-13.949559211730957,-4.75050163269043,-4.548645973205566,0.14643001556396484,0.1479024887084961,0.14716625213623047,True,True,
pair_0026,07,02,01,01,pair_0026_happy,pair_0026_sad,upper_prompt__lower_spaced,Listen to the speech. Is the speaker HAPPY or SAD? Answer only HAPPY or SAD., happy, sad,[6247],[12421],decision_clamp,decision_clamp_to_20,17,,20,"[{""layer"":17,""patch_kind"":""decision_token"",""source"":""donor""},{""layer"":18,""patch_kind"":""decision_token"",""source"":""donor""},{""layer"":19,""patch_kind"":""decision_token"",""source"":""donor""},{""layer"":20,""patch_kind"":""decision_token"",""source"":""donor""}]",post_decoder_block_output,decision_token,-18.1934757232666,-14.413429260253906,-18.108972549438477,-14.478107452392578,-3.7800464630126953,-3.6308650970458984,-18.15933609008789,-14.485239028930664,-18.141971588134766,-14.408571243286133,-3.6740970611572266,-3.733400344848633,-0.10594940185546875,-0.10253524780273438,-0.10424232482910156,False,False,
pair_0027,07,02,02,01,pair_0027_happy,pair_0027_sad,upper_prompt__lower_spaced,Listen to the speech. Is the speaker HAPPY or SAD? Answer only HAPPY or SAD., happy, sad,[6247],[12421],decision_clamp,decision_clamp_to_20,17,,20,"[{""layer"":17,""patch_kind"":""decision_token"",""source"":""donor""},{""layer"":18,""patch_kind"":""decision_token"",""source"":""donor""},{""layer"":19,""patch_kind"":""decision_token"",""source"":""donor""},{""layer"":20,""patch_kind"":""decision_token"",""source"":""donor""}]",post_decoder_block_output,decision_token,-18.1934757232666,-14.413429260253906,-17.917301177978516,-14.347782135009766,-3.7800464630126953,-3.56951904296875,-17.965543746948242,-14.34305191040039,-18.138324737548828,-14.419093132019043,-3.6224918365478516,-3.719231605529785,-0.15755462646484375,-0.14971256256103516,-0.15363359451293945,False,False,
pair_0028,08,01,01,01,pair_0028_happy,pair_0028_sad,upper_prompt__lower_spaced,Listen to the speech. Is the speaker HAPPY or SAD? Answer only HAPPY or SAD., happy, sad,[6247],[12421],decision_clamp,decision_clamp_to_20,17,,20,"[{""layer"":17,""patch_kind"":""decision_token"",""source"":""donor""},{""layer"":18,""patch_kind"":""decision_token"",""source"":""donor""},{""layer"":19,""patch_kind"":""decision_token"",""source"":""donor""},{""layer"":20,""patch_kind"":""decision_token"",""source"":""donor""}]",post_decoder_block_output,decision_token,-17.895870208740234,-14.022705078125,-18.853595733642578,-13.817150115966797,-3.8731651306152344,-5.036445617675781,-18.949262619018555,-13.898523330688477,-17.8247127532959,-13.955975532531738,-5.050739288330078,-3.86873722076416,1.1775741577148438,1.167708396911621,1.1726412773132324,True,True,
pair_0029,08,01,02,01,pair_0029_happy,pair_0029_sad,upper_prompt__lower_spaced,Listen to the speech. Is the speaker HAPPY or SAD? Answer only HAPPY or SAD., happy, sad,[6247],[12421],decision_clamp,decision_clamp_to_20,17,,20,"[{""layer"":17,""patch_kind"":""decision_token"",""source"":""donor""},{""layer"":18,""patch_kind"":""decision_token"",""source"":""donor""},{""layer"":19,""patch_kind"":""decision_token"",""source"":""donor""},{""layer"":20,""patch_kind"":""decision_token"",""source"":""donor""}]",post_decoder_block_output,decision_token,-18.307472229003906,-13.782498359680176,-17.66484260559082,-13.374154090881348,-4.5249738693237305,-4.290688514709473,-17.777381896972656,-13.437540054321289,-18.184885025024414,-13.714951515197754,-4.339841842651367,-4.46993350982666,-0.18513202667236328,-0.1792449951171875,-0.1821885108947754,False,False,
pair_0030,08,02,01,01,pair_0030_happy,pair_0030_sad,upper_prompt__lower_spaced,Listen to the speech. Is the speaker HAPPY or SAD? Answer only HAPPY or SAD., happy, sad,[6247],[12421],decision_clamp,decision_clamp_to_20,17,,20,"[{""layer"":17,""patch_kind"":""decision_token"",""source"":""donor""},{""layer"":18,""patch_kind"":""decision_token"",""source"":""donor""},{""layer"":19,""patch_kind"":""decision_token"",""source"":""donor""},{""layer"":20,""patch_kind"":""decision_token"",""source"":""donor""}]",post_decoder_block_output,decision_token,-17.869657516479492,-13.974630355834961,-17.25248908996582,-14.594927787780762,-3.8950271606445312,-2.6575613021850586,-17.453079223632812,-14.160035133361816,-17.77062225341797,-14.314985275268555,-3.293044090270996,-3.455636978149414,-0.6019830703735352,-0.7980756759643555,-0.7000293731689453,False,False,
pair_0031,08,02,02,01,pair_0031_happy,pair_0031_sad,upper_prompt__lower_spaced,Listen to the speech. Is the speaker HAPPY or SAD? Answer only HAPPY or SAD., happy, sad,[6247],[12421],decision_clamp,decision_clamp_to_20,17,,20,"[{""layer"":17,""patch_kind"":""decision_token"",""source"":""donor""},{""layer"":18,""patch_kind"":""decision_token"",""source"":""donor""},{""layer"":19,""patch_kind"":""decision_token"",""source"":""donor""},{""layer"":20,""patch_kind"":""decision_token"",""source"":""donor""}]",post_decoder_block_output,decision_token,-17.836416244506836,-14.024099349975586,-18.205785751342773,-14.933714866638184,-3.81231689453125,-3.27207088470459,-17.80148696899414,-14.260786056518555,-18.164905548095703,-14.546154975891113,-3.540700912475586,-3.61875057220459,-0.27161598205566406,-0.3466796875,-0.30914783477783203,False,False,
pair_0032,09,01,01,01,pair_0032_happy,pair_0032_sad,upper_prompt__lower_spaced,Listen to the speech. Is the speaker HAPPY or SAD? Answer only HAPPY or SAD., happy, sad,[6247],[12421],decision_clamp,decision_clamp_to_20,17,,20,"[{""layer"":17,""patch_kind"":""decision_token"",""source"":""donor""},{""layer"":18,""patch_kind"":""decision_token"",""source"":""donor""},{""layer"":19,""patch_kind"":""decision_token"",""source"":""donor""},{""layer"":20,""patch_kind"":""decision_token"",""source"":""donor""}]",post_decoder_block_output,decision_token,-18.71563148498535,-14.05175495147705,-18.32554054260254,-13.615287780761719,-4.663876533508301,-4.71025276184082,-18.387983322143555,-13.70935344696045,-18.644161224365234,-13.955022811889648,-4.6786298751831055,-4.689138412475586,0.014753341674804688,0.021114349365234375,0.01793384552001953,True,True,
pair_0033,09,01,02,01,pair_0033_happy,pair_0033_sad,upper_prompt__lower_spaced,Listen to the speech. Is the speaker HAPPY or SAD? Answer only HAPPY or SAD., happy, sad,[6247],[12421],decision_clamp,decision_clamp_to_20,17,,20,"[{""layer"":17,""patch_kind"":""decision_token"",""source"":""donor""},{""layer"":18,""patch_kind"":""decision_token"",""source"":""donor""},{""layer"":19,""patch_kind"":""decision_token"",""source"":""donor""},{""layer"":20,""patch_kind"":""decision_token"",""source"":""donor""}]",post_decoder_block_output,decision_token,-18.97260284423828,-13.914822578430176,-17.69182014465332,-13.4166841506958,-5.0577802658081055,-4.2751359939575195,-17.816572189331055,-13.509247779846191,-18.81117820739746,-13.808509826660156,-4.307324409484863,-5.002668380737305,-0.7504558563232422,-0.7275323867797852,-0.7389941215515137,False,False,
pair_0034,09,02,01,01,pair_0034_happy,pair_0034_sad,upper_prompt__lower_spaced,Listen to the speech. Is the speaker HAPPY or SAD? Answer only HAPPY or SAD., happy, sad,[6247],[12421],decision_clamp,decision_clamp_to_20,17,,20,"[{""layer"":17,""patch_kind"":""decision_token"",""source"":""donor""},{""layer"":18,""patch_kind"":""decision_token"",""source"":""donor""},{""layer"":19,""patch_kind"":""decision_token"",""source"":""donor""},{""layer"":20,""patch_kind"":""decision_token"",""source"":""donor""}]",post_decoder_block_output,decision_token,-18.46145248413086,-14.497332572937012,-18.005985260009766,-14.08935832977295,-3.9641199111938477,-3.9166269302368164,-18.121326446533203,-14.41966438293457,-18.3311710357666,-14.161702156066895,-3.701662063598633,-4.169468879699707,-0.26245784759521484,-0.2528419494628906,-0.25764989852905273,False,False,
pair_0035,09,02,02,01,pair_0035_happy,pair_0035_sad,upper_prompt__lower_spaced,Listen to the speech. Is the speaker HAPPY or SAD? Answer only HAPPY or SAD., happy, sad,[6247],[12421],decision_clamp,decision_clamp_to_20,17,,20,"[{""layer"":17,""patch_kind"":""decision_token"",""source"":""donor""},{""layer"":18,""patch_kind"":""decision_token"",""source"":""donor""},{""layer"":19,""patch_kind"":""decision_token"",""source"":""donor""},{""layer"":20,""patch_kind"":""decision_token"",""source"":""donor""}]",post_decoder_block_output,decision_token,-18.263702392578125,-14.721343994140625,-18.236169815063477,-13.951910018920898,-3.5423583984375,-4.284259796142578,-18.13471794128418,-14.134049415588379,-18.388792037963867,-14.518839836120605,-4.000668525695801,-3.8699522018432617,0.4583101272583008,0.4143075942993164,0.4363088607788086,True,True,
pair_0036,10,01,01,01,pair_0036_happy,pair_0036_sad,upper_prompt__lower_spaced,Listen to the speech. Is the speaker HAPPY or SAD? Answer only HAPPY or SAD., happy, sad,[6247],[12421],decision_clamp,decision_clamp_to_20,17,,20,"[{""layer"":17,""patch_kind"":""decision_token"",""source"":""donor""},{""layer"":18,""patch_kind"":""decision_token"",""source"":""donor""},{""layer"":19,""patch_kind"":""decision_token"",""source"":""donor""},{""layer"":20,""patch_kind"":""decision_token"",""source"":""donor""}]",post_decoder_block_output,decision_token,-18.43072509765625,-14.279913902282715,-18.52195167541504,-13.862289428710938,-4.150811195373535,-4.659662246704102,-18.53596305847168,-13.825793266296387,-18.410120010375977,-14.316149711608887,-4.710169792175293,-4.09397029876709,0.5593585968017578,0.5656919479370117,0.5625252723693848,True,True,
pair_0037,10,01,02,01,pair_0037_happy,pair_0037_sad,upper_prompt__lower_spaced,Listen to the speech. Is the speaker HAPPY or SAD? Answer only HAPPY or SAD., happy, sad,[6247],[12421],decision_clamp,decision_clamp_to_20,17,,20,"[{""layer"":17,""patch_kind"":""decision_token"",""source"":""donor""},{""layer"":18,""patch_kind"":""decision_token"",""source"":""donor""},{""layer"":19,""patch_kind"":""decision_token"",""source"":""donor""},{""layer"":20,""patch_kind"":""decision_token"",""source"":""donor""}]",post_decoder_block_output,decision_token,-18.536893844604492,-14.135092735290527,-18.385366439819336,-13.990771293640137,-4.401801109313965,-4.394595146179199,-18.30254554748535,-13.99677848815918,-18.61758804321289,-14.124025344848633,-4.305767059326172,-4.493562698364258,-0.09603404998779297,-0.0989675521850586,-0.09750080108642578,False,False,
pair_0038,10,02,01,01,pair_0038_happy,pair_0038_sad,upper_prompt__lower_spaced,Listen to the speech. Is the speaker HAPPY or SAD? Answer only HAPPY or SAD., happy, sad,[6247],[12421],decision_clamp,decision_clamp_to_20,17,,20,"[{""layer"":17,""patch_kind"":""decision_token"",""source"":""donor""},{""layer"":18,""patch_kind"":""decision_token"",""source"":""donor""},{""layer"":19,""patch_kind"":""decision_token"",""source"":""donor""},{""layer"":20,""patch_kind"":""decision_token"",""source"":""donor""}]",post_decoder_block_output,decision_token,-18.626100540161133,-14.971156120300293,-18.138322830200195,-15.568587303161621,-3.65494441986084,-2.569735527038574,-17.822505950927734,-15.262022972106934,-18.862165451049805,-15.165711402893066,-2.560482978820801,-3.6964540481567383,-1.094461441040039,-1.126718521118164,-1.1105899810791016,False,False,
pair_0039,10,02,02,01,pair_0039_happy,pair_0039_sad,upper_prompt__lower_spaced,Listen to the speech. Is the speaker HAPPY or SAD? Answer only HAPPY or SAD., happy, sad,[6247],[12421],decision_clamp,decision_clamp_to_20,17,,20,"[{""layer"":17,""patch_kind"":""decision_token"",""source"":""donor""},{""layer"":18,""patch_kind"":""decision_token"",""source"":""donor""},{""layer"":19,""patch_kind"":""decision_token"",""source"":""donor""},{""layer"":20,""patch_kind"":""decision_token"",""source"":""donor""}]",post_decoder_block_output,decision_token,-17.940845489501953,-14.391155242919922,-18.010360717773438,-14.663244247436523,-3.5496902465820312,-3.347116470336914,-17.97674560546875,-14.58181095123291,-17.950963973999023,-14.447322845458984,-3.39493465423584,-3.503641128540039,-0.1547555923461914,-0.156524658203125,-0.1556401252746582,False,False,
pair_0040,11,01,01,01,pair_0040_happy,pair_0040_sad,upper_prompt__lower_spaced,Listen to the speech. Is the speaker HAPPY or SAD? Answer only HAPPY or SAD., happy, sad,[6247],[12421],decision_clamp,decision_clamp_to_20,17,,20,"[{""layer"":17,""patch_kind"":""decision_token"",""source"":""donor""},{""layer"":18,""patch_kind"":""decision_token"",""source"":""donor""},{""layer"":19,""patch_kind"":""decision_token"",""source"":""donor""},{""layer"":20,""patch_kind"":""decision_token"",""source"":""donor""}]",post_decoder_block_output,decision_token,-18.623796463012695,-14.394556045532227,-18.4024658203125,-13.74590015411377,-4.229240417480469,-4.6565656661987305,-18.539892196655273,-13.998855590820312,-18.513221740722656,-14.16950798034668,-4.541036605834961,-4.343713760375977,0.3117961883544922,0.3128519058227539,0.31232404708862305,True,True,
pair_0041,11,01,02,01,pair_0041_happy,pair_0041_sad,upper_prompt__lower_spaced,Listen to the speech. Is the speaker HAPPY or SAD? Answer only HAPPY or SAD., happy, sad,[6247],[12421],decision_clamp,decision_clamp_to_20,17,,20,"[{""layer"":17,""patch_kind"":""decision_token"",""source"":""donor""},{""layer"":18,""patch_kind"":""decision_token"",""source"":""donor""},{""layer"":19,""patch_kind"":""decision_token"",""source"":""donor""},{""layer"":20,""patch_kind"":""decision_token"",""source"":""donor""}]",post_decoder_block_output,decision_token,-18.812341690063477,-14.09249210357666,-18.785491943359375,-13.815770149230957,-4.719849586486816,-4.969721794128418,-18.747684478759766,-13.932380676269531,-18.85418128967285,-13.969354629516602,-4.815303802490234,-4.88482666015625,0.09545421600341797,0.08489513397216797,0.09017467498779297,True,True,
pair_0042,11,02,01,01,pair_0042_happy,pair_0042_sad,upper_prompt__lower_spaced,Listen to the speech. Is the speaker HAPPY or SAD? Answer only HAPPY or SAD., happy, sad,[6247],[12421],decision_clamp,decision_clamp_to_20,17,,20,"[{""layer"":17,""patch_kind"":""decision_token"",""source"":""donor""},{""layer"":18,""patch_kind"":""decision_token"",""source"":""donor""},{""layer"":19,""patch_kind"":""decision_token"",""source"":""donor""},{""layer"":20,""patch_kind"":""decision_token"",""source"":""donor""}]",post_decoder_block_output,decision_token,-18.23929214477539,-14.638985633850098,-17.918140411376953,-14.4312105178833,-3.600306510925293,-3.4869298934936523,-17.94980812072754,-14.507586479187012,-18.206022262573242,-14.559844970703125,-3.4422216415405273,-3.646177291870117,-0.15808486938476562,-0.15924739837646484,-0.15866613388061523,False,False,
pair_0043,11,02,02,01,pair_0043_happy,pair_0043_sad,upper_prompt__lower_spaced,Listen to the speech. Is the speaker HAPPY or SAD? Answer only HAPPY or SAD., happy, sad,[6247],[12421],decision_clamp,decision_clamp_to_20,17,,20,"[{""layer"":17,""patch_kind"":""decision_token"",""source"":""donor""},{""layer"":18,""patch_kind"":""decision_token"",""source"":""donor""},{""layer"":19,""patch_kind"":""decision_token"",""source"":""donor""},{""layer"":20,""patch_kind"":""decision_token"",""source"":""donor""}]",post_decoder_block_output,decision_token,-18.15532684326172,-14.518304824829102,-17.905120849609375,-14.42210578918457,-3.637022018432617,-3.4830150604248047,-17.962726593017578,-14.4440279006958,-18.09840202331543,-14.499173164367676,-3.5186986923217773,-3.599228858947754,-0.11832332611083984,-0.11621379852294922,-0.11726856231689453,False,False,
pair_0044,12,01,01,01,pair_0044_happy,pair_0044_sad,upper_prompt__lower_spaced,Listen to the speech. Is the speaker HAPPY or SAD? Answer only HAPPY or SAD., happy, sad,[6247],[12421],decision_clamp,decision_clamp_to_20,17,,20,"[{""layer"":17,""patch_kind"":""decision_token"",""source"":""donor""},{""layer"":18,""patch_kind"":""decision_token"",""source"":""donor""},{""layer"":19,""patch_kind"":""decision_token"",""source"":""donor""},{""layer"":20,""patch_kind"":""decision_token"",""source"":""donor""}]",post_decoder_block_output,decision_token,-18.62382698059082,-13.893119812011719,-18.424034118652344,-13.92949390411377,-4.730707168579102,-4.494540214538574,-18.369958877563477,-13.97592544555664,-18.677602767944336,-13.852300643920898,-4.394033432006836,-4.8253021240234375,-0.3366737365722656,-0.3307619094848633,-0.33371782302856445,False,False,
pair_0045,12,01,02,01,pair_0045_happy,pair_0045_sad,upper_prompt__lower_spaced,Listen to the speech. Is the speaker HAPPY or SAD? Answer only HAPPY or SAD., happy, sad,[6247],[12421],decision_clamp,decision_clamp_to_20,17,,20,"[{""layer"":17,""patch_kind"":""decision_token"",""source"":""donor""},{""layer"":18,""patch_kind"":""decision_token"",""source"":""donor""},{""layer"":19,""patch_kind"":""decision_token"",""source"":""donor""},{""layer"":20,""patch_kind"":""decision_token"",""source"":""donor""}]",post_decoder_block_output,decision_token,-18.557336807250977,-14.15941333770752,-18.611474990844727,-14.103328704833984,-4.397923469543457,-4.508146286010742,-18.560386657714844,-14.101759910583496,-18.60735511779785,-14.163634300231934,-4.458626747131348,-4.443720817565918,0.060703277587890625,0.06442546844482422,0.06256437301635742,True,True,
pair_0046,12,02,01,01,pair_0046_happy,pair_0046_sad,upper_prompt__lower_spaced,Listen to the speech. Is the speaker HAPPY or SAD? Answer only HAPPY or SAD., happy, sad,[6247],[12421],decision_clamp,decision_clamp_to_20,17,,20,"[{""layer"":17,""patch_kind"":""decision_token"",""source"":""donor""},{""layer"":18,""patch_kind"":""decision_token"",""source"":""donor""},{""layer"":19,""patch_kind"":""decision_token"",""source"":""donor""},{""layer"":20,""patch_kind"":""decision_token"",""source"":""donor""}]",post_decoder_block_output,decision_token,-18.1330623626709,-14.706695556640625,-18.050931930541992,-14.204154014587402,-3.4263668060302734,-3.84677791595459,-18.01955223083496,-14.19211483001709,-18.170757293701172,-14.714019775390625,-3.827437400817871,-3.456737518310547,0.40107059478759766,0.39004039764404297,0.3955554962158203,True,True,
pair_0047,12,02,02,01,pair_0047_happy,pair_0047_sad,upper_prompt__lower_spaced,Listen to the speech. Is the speaker HAPPY or SAD? Answer only HAPPY or SAD., happy, sad,[6247],[12421],decision_clamp,decision_clamp_to_20,17,,20,"[{""layer"":17,""patch_kind"":""decision_token"",""source"":""donor""},{""layer"":18,""patch_kind"":""decision_token"",""source"":""donor""},{""layer"":19,""patch_kind"":""decision_token"",""source"":""donor""},{""layer"":20,""patch_kind"":""decision_token"",""source"":""donor""}]",post_decoder_block_output,decision_token,-18.207361221313477,-14.713201522827148,-18.167673110961914,-14.448575019836426,-3.494159698486328,-3.7190980911254883,-18.36031150817871,-14.450971603393555,-18.0135498046875,-14.710457801818848,-3.9093399047851562,-3.3030920028686523,0.4151802062988281,0.41600608825683594,0.41559314727783203,True,True,
pair_0048,13,01,01,01,pair_0048_happy,pair_0048_sad,upper_prompt__lower_spaced,Listen to the speech. Is the speaker HAPPY or SAD? Answer only HAPPY or SAD., happy, sad,[6247],[12421],decision_clamp,decision_clamp_to_20,17,,20,"[{""layer"":17,""patch_kind"":""decision_token"",""source"":""donor""},{""layer"":18,""patch_kind"":""decision_token"",""source"":""donor""},{""layer"":19,""patch_kind"":""decision_token"",""source"":""donor""},{""layer"":20,""patch_kind"":""decision_token"",""source"":""donor""}]",post_decoder_block_output,decision_token,-18.664913177490234,-14.320459365844727,-18.376577377319336,-13.990562438964844,-4.344453811645508,-4.386014938354492,-18.456344604492188,-14.141902923583984,-18.584386825561523,-14.167388916015625,-4.314441680908203,-4.416997909545898,-0.030012130737304688,-0.03098297119140625,-0.03049755096435547,False,False,
pair_0049,13,01,02,01,pair_0049_happy,pair_0049_sad,upper_prompt__lower_spaced,Listen to the speech. Is the speaker HAPPY or SAD? Answer only HAPPY or SAD., happy, sad,[6247],[12421],decision_clamp,decision_clamp_to_20,17,,20,"[{""layer"":17,""patch_kind"":""decision_token"",""source"":""donor""},{""layer"":18,""patch_kind"":""decision_token"",""source"":""donor""},{""layer"":19,""patch_kind"":""decision_token"",""source"":""donor""},{""layer"":20,""patch_kind"":""decision_token"",""source"":""donor""}]",post_decoder_block_output,decision_token,-18.525012969970703,-14.230103492736816,-18.583324432373047,-14.079850196838379,-4.294909477233887,-4.503474235534668,-18.55112648010254,-14.059117317199707,-18.547029495239258,-14.247957229614258,-4.492009162902832,-4.299072265625,0.1970996856689453,0.20440196990966797,0.20075082778930664,True,True,
pair_0050,13,02,01,01,pair_0050_happy,pair_0050_sad,upper_prompt__lower_spaced,Listen to the speech. Is the speaker HAPPY or SAD? Answer only HAPPY or SAD., happy, sad,[6247],[12421],decision_clamp,decision_clamp_to_20,17,,20,"[{""layer"":17,""patch_kind"":""decision_token"",""source"":""donor""},{""layer"":18,""patch_kind"":""decision_token"",""source"":""donor""},{""layer"":19,""patch_kind"":""decision_token"",""source"":""donor""},{""layer"":20,""patch_kind"":""decision_token"",""source"":""donor""}]",post_decoder_block_output,decision_token,-18.306961059570312,-15.119586944580078,-17.864843368530273,-14.535221099853516,-3.1873741149902344,-3.329622268676758,-17.913333892822266,-14.648398399353027,-18.250988006591797,-15.000775337219238,-3.2649354934692383,-3.2502126693725586,0.0775613784790039,0.07940959930419922,0.07848548889160156,True,True,
pair_0051,13,02,02,01,pair_0051_happy,pair_0051_sad,upper_prompt__lower_spaced,Listen to the speech. Is the speaker HAPPY or SAD? Answer only HAPPY or SAD., happy, sad,[6247],[12421],decision_clamp,decision_clamp_to_20,17,,20,"[{""layer"":17,""patch_kind"":""decision_token"",""source"":""donor""},{""layer"":18,""patch_kind"":""decision_token"",""source"":""donor""},{""layer"":19,""patch_kind"":""decision_token"",""source"":""donor""},{""layer"":20,""patch_kind"":""decision_token"",""source"":""donor""}]",post_decoder_block_output,decision_token,-18.100208282470703,-14.651471138000488,-17.757957458496094,-14.480119705200195,-3.448737144470215,-3.2778377532958984,-17.727954864501953,-14.557129859924316,-18.134048461914062,-14.576434135437012,-3.1708250045776367,-3.557614326477051,-0.2779121398925781,-0.27977657318115234,-0.27884435653686523,False,False,
pair_0052,14,01,01,01,pair_0052_happy,pair_0052_sad,upper_prompt__lower_spaced,Listen to the speech. Is the speaker HAPPY or SAD? Answer only HAPPY or SAD., happy, sad,[6247],[12421],decision_clamp,decision_clamp_to_20,17,,20,"[{""layer"":17,""patch_kind"":""decision_token"",""source"":""donor""},{""layer"":18,""patch_kind"":""decision_token"",""source"":""donor""},{""layer"":19,""patch_kind"":""decision_token"",""source"":""donor""},{""layer"":20,""patch_kind"":""decision_token"",""source"":""donor""}]",post_decoder_block_output,decision_token,-18.30115509033203,-14.129631996154785,-18.541845321655273,-13.755435943603516,-4.171523094177246,-4.786409378051758,-18.855335235595703,-14.007948875427246,-17.99282455444336,-13.87399673461914,-4.847386360168457,-4.118827819824219,0.6758632659912109,0.6675815582275391,0.671722412109375,True,True,
pair_0053,14,01,02,01,pair_0053_happy,pair_0053_sad,upper_prompt__lower_spaced,Listen to the speech. Is the speaker HAPPY or SAD? Answer only HAPPY or SAD., happy, sad,[6247],[12421],decision_clamp,decision_clamp_to_20,17,,20,"[{""layer"":17,""patch_kind"":""decision_token"",""source"":""donor""},{""layer"":18,""patch_kind"":""decision_token"",""source"":""donor""},{""layer"":19,""patch_kind"":""decision_token"",""source"":""donor""},{""layer"":20,""patch_kind"":""decision_token"",""source"":""donor""}]",post_decoder_block_output,decision_token,-18.31179428100586,-14.19974422454834,-18.716501235961914,-14.0404052734375,-4.1120500564575195,-4.676095962524414,-18.80145835876465,-14.114542007446289,-18.218294143676758,-14.11884593963623,-4.686916351318359,-4.099448204040527,0.5748662948608398,0.5766477584838867,0.5757570266723633,True,True,
pair_0054,14,02,01,01,pair_0054_happy,pair_0054_sad,upper_prompt__lower_spaced,Listen to the speech. Is the speaker HAPPY or SAD? Answer only HAPPY or SAD., happy, sad,[6247],[12421],decision_clamp,decision_clamp_to_20,17,,20,"[{""layer"":17,""patch_kind"":""decision_token"",""source"":""donor""},{""layer"":18,""patch_kind"":""decision_token"",""source"":""donor""},{""layer"":19,""patch_kind"":""decision_token"",""source"":""donor""},{""layer"":20,""patch_kind"":""decision_token"",""source"":""donor""}]",post_decoder_block_output,decision_token,-18.179431915283203,-14.604537963867188,-18.362808227539062,-14.593923568725586,-3.5748939514160156,-3.7688846588134766,-18.30011749267578,-14.594345092773438,-18.246599197387695,-14.607728004455566,-3.7057723999023438,-3.638871192932129,0.13087844848632812,0.13001346588134766,0.1304459571838379,True,True,
pair_0055,14,02,02,01,pair_0055_happy,pair_0055_sad,upper_prompt__lower_spaced,Listen to the speech. Is the speaker HAPPY or SAD? Answer only HAPPY or SAD., happy, sad,[6247],[12421],decision_clamp,decision_clamp_to_20,17,,20,"[{""layer"":17,""patch_kind"":""decision_token"",""source"":""donor""},{""layer"":18,""patch_kind"":""decision_token"",""source"":""donor""},{""layer"":19,""patch_kind"":""decision_token"",""source"":""donor""},{""layer"":20,""patch_kind"":""decision_token"",""source"":""donor""}]",post_decoder_block_output,decision_token,-18.11598014831543,-14.773356437683105,-18.366622924804688,-14.505785942077637,-3.342623710632324,-3.860836982727051,-18.258163452148438,-14.467310905456543,-18.223651885986328,-14.81711483001709,-3.7908525466918945,-3.4065370559692383,0.4482288360595703,0.4542999267578125,0.4512643814086914,True,True,
pair_0056,15,01,01,01,pair_0056_happy,pair_0056_sad,upper_prompt__lower_spaced,Listen to the speech. Is the speaker HAPPY or SAD? Answer only HAPPY or SAD., happy, sad,[6247],[12421],decision_clamp,decision_clamp_to_20,17,,20,"[{""layer"":17,""patch_kind"":""decision_token"",""source"":""donor""},{""layer"":18,""patch_kind"":""decision_token"",""source"":""donor""},{""layer"":19,""patch_kind"":""decision_token"",""source"":""donor""},{""layer"":20,""patch_kind"":""decision_token"",""source"":""donor""}]",post_decoder_block_output,decision_token,-18.614431381225586,-14.383585929870605,-18.931833267211914,-14.995478630065918,-4.2308454513549805,-3.936354637145996,-18.691789627075195,-14.645547866821289,-18.8618106842041,-14.745711326599121,-4.046241760253906,-4.1160993576049805,-0.18460369110107422,-0.17974472045898438,-0.1821742057800293,False,False,
pair_0057,15,01,02,01,pair_0057_happy,pair_0057_sad,upper_prompt__lower_spaced,Listen to the speech. Is the speaker HAPPY or SAD? Answer only HAPPY or SAD., happy, sad,[6247],[12421],decision_clamp,decision_clamp_to_20,17,,20,"[{""layer"":17,""patch_kind"":""decision_token"",""source"":""donor""},{""layer"":18,""patch_kind"":""decision_token"",""source"":""donor""},{""layer"":19,""patch_kind"":""decision_token"",""source"":""donor""},{""layer"":20,""patch_kind"":""decision_token"",""source"":""donor""}]",post_decoder_block_output,decision_token,-18.798620223999023,-14.357476234436035,-18.458749771118164,-14.200200080871582,-4.441143989562988,-4.258549690246582,-18.51535987854004,-14.20821475982666,-18.7432918548584,-14.350690841674805,-4.307145118713379,-4.392601013183594,-0.13399887084960938,-0.13405132293701172,-0.13402509689331055,False,False,
pair_0058,15,02,01,01,pair_0058_happy,pair_0058_sad,upper_prompt__lower_spaced,Listen to the speech. Is the speaker HAPPY or SAD? Answer only HAPPY or SAD., happy, sad,[6247],[12421],decision_clamp,decision_clamp_to_20,17,,20,"[{""layer"":17,""patch_kind"":""decision_token"",""source"":""donor""},{""layer"":18,""patch_kind"":""decision_token"",""source"":""donor""},{""layer"":19,""patch_kind"":""decision_token"",""source"":""donor""},{""layer"":20,""patch_kind"":""decision_token"",""source"":""donor""}]",post_decoder_block_output,decision_token,-18.081218719482422,-14.281206130981445,-18.09486961364746,-14.704352378845215,-3.8000125885009766,-3.390517234802246,-18.033178329467773,-14.64505386352539,-18.135990142822266,-14.334320068359375,-3.388124465942383,-3.8016700744628906,-0.41188812255859375,-0.41115283966064453,-0.41152048110961914,False,False,
pair_0059,15,02,02,01,pair_0059_happy,pair_0059_sad,upper_prompt__lower_spaced,Listen to the speech. Is the speaker HAPPY or SAD? Answer only HAPPY or SAD., happy, sad,[6247],[12421],decision_clamp,decision_clamp_to_20,17,,20,"[{""layer"":17,""patch_kind"":""decision_token"",""source"":""donor""},{""layer"":18,""patch_kind"":""decision_token"",""source"":""donor""},{""layer"":19,""patch_kind"":""decision_token"",""source"":""donor""},{""layer"":20,""patch_kind"":""decision_token"",""source"":""donor""}]",post_decoder_block_output,decision_token,-18.11525535583496,-14.52250862121582,-18.730762481689453,-14.458134651184082,-3.5927467346191406,-4.272627830505371,-18.27648162841797,-14.073331832885742,-18.463335037231445,-14.745025634765625,-4.203149795532227,-3.7183094024658203,0.6104030609130859,0.5543184280395508,0.5823607444763184,True,True,
pair_0060,16,01,01,01,pair_0060_happy,pair_0060_sad,upper_prompt__lower_spaced,Listen to the speech. Is the speaker HAPPY or SAD? Answer only HAPPY or SAD., happy, sad,[6247],[12421],decision_clamp,decision_clamp_to_20,17,,20,"[{""layer"":17,""patch_kind"":""decision_token"",""source"":""donor""},{""layer"":18,""patch_kind"":""decision_token"",""source"":""donor""},{""layer"":19,""patch_kind"":""decision_token"",""source"":""donor""},{""layer"":20,""patch_kind"":""decision_token"",""source"":""donor""}]",post_decoder_block_output,decision_token,-18.571680068969727,-13.818909645080566,-18.521808624267578,-13.838467597961426,-4.75277042388916,-4.683341026306152,-18.419143676757812,-13.86258602142334,-18.675031661987305,-13.794743537902832,-4.556557655334473,-4.880288124084473,-0.1962127685546875,-0.1969470977783203,-0.1965799331665039,False,False,
pair_0061,16,01,02,01,pair_0061_happy,pair_0061_sad,upper_prompt__lower_spaced,Listen to the speech. Is the speaker HAPPY or SAD? Answer only HAPPY or SAD., happy, sad,[6247],[12421],decision_clamp,decision_clamp_to_20,17,,20,"[{""layer"":17,""patch_kind"":""decision_token"",""source"":""donor""},{""layer"":18,""patch_kind"":""decision_token"",""source"":""donor""},{""layer"":19,""patch_kind"":""decision_token"",""source"":""donor""},{""layer"":20,""patch_kind"":""decision_token"",""source"":""donor""}]",post_decoder_block_output,decision_token,-18.674955368041992,-14.01839542388916,-18.26150131225586,-14.158429145812988,-4.656559944152832,-4.103072166442871,-18.08490753173828,-14.028727531433105,-18.867774963378906,-14.15250015258789,-4.056180000305176,-4.715274810791016,-0.6003799438476562,-0.6122026443481445,-0.6062912940979004,False,False,
pair_0062,16,02,01,01,pair_0062_happy,pair_0062_sad,upper_prompt__lower_spaced,Listen to the speech. Is the speaker HAPPY or SAD? Answer only HAPPY or SAD., happy, sad,[6247],[12421],decision_clamp,decision_clamp_to_20,17,,20,"[{""layer"":17,""patch_kind"":""decision_token"",""source"":""donor""},{""layer"":18,""patch_kind"":""decision_token"",""source"":""donor""},{""layer"":19,""patch_kind"":""decision_token"",""source"":""donor""},{""layer"":20,""patch_kind"":""decision_token"",""source"":""donor""}]",post_decoder_block_output,decision_token,-18.027568817138672,-14.464719772338867,-17.90529441833496,-14.368427276611328,-3.5628490447998047,-3.536867141723633,-17.796844482421875,-14.318565368652344,-18.125459671020508,-14.511250495910645,-3.4782791137695312,-3.6142091751098633,-0.08456993103027344,-0.07734203338623047,-0.08095598220825195,False,False,
pair_0063,16,02,02,01,pair_0063_happy,pair_0063_sad,upper_prompt__lower_spaced,Listen to the speech. Is the speaker HAPPY or SAD? Answer only HAPPY or SAD., happy, sad,[6247],[12421],decision_clamp,decision_clamp_to_20,17,,20,"[{""layer"":17,""patch_kind"":""decision_token"",""source"":""donor""},{""layer"":18,""patch_kind"":""decision_token"",""source"":""donor""},{""layer"":19,""patch_kind"":""decision_token"",""source"":""donor""},{""layer"":20,""patch_kind"":""decision_token"",""source"":""donor""}]",post_decoder_block_output,decision_token,-17.94687271118164,-14.69902515411377,-18.040203094482422,-14.327467918395996,-3.247847557067871,-3.712735176086426,-17.97664451599121,-14.406435012817383,-18.008047103881836,-14.620545387268066,-3.570209503173828,-3.3875017166137695,0.32236194610595703,0.32523345947265625,0.32379770278930664,True,True,
pair_0064,17,01,01,01,pair_0064_happy,pair_0064_sad,upper_prompt__lower_spaced,Listen to the speech. Is the speaker HAPPY or SAD? Answer only HAPPY or SAD., happy, sad,[6247],[12421],decision_clamp,decision_clamp_to_20,17,,20,"[{""layer"":17,""patch_kind"":""decision_token"",""source"":""donor""},{""layer"":18,""patch_kind"":""decision_token"",""source"":""donor""},{""layer"":19,""patch_kind"":""decision_token"",""source"":""donor""},{""layer"":20,""patch_kind"":""decision_token"",""source"":""donor""}]",post_decoder_block_output,decision_token,-18.533706665039062,-14.080385208129883,-18.318815231323242,-13.884380340576172,-4.45332145690918,-4.43443489074707,-18.41075897216797,-13.923481941223145,-18.44042205810547,-14.035189628601074,-4.487277030944824,-4.4052324295043945,0.03395557403564453,0.02920246124267578,0.031579017639160156,True,True,
pair_0065,17,01,02,01,pair_0065_happy,pair_0065_sad,upper_prompt__lower_spaced,Listen to the speech. Is the speaker HAPPY or SAD? Answer only HAPPY or SAD., happy, sad,[6247],[12421],decision_clamp,decision_clamp_to_20,17,,20,"[{""layer"":17,""patch_kind"":""decision_token"",""source"":""donor""},{""layer"":18,""patch_kind"":""decision_token"",""source"":""donor""},{""layer"":19,""patch_kind"":""decision_token"",""source"":""donor""},{""layer"":20,""patch_kind"":""decision_token"",""source"":""donor""}]",post_decoder_block_output,decision_token,-18.401418685913086,-14.052645683288574,-18.25725746154785,-13.967479705810547,-4.348773002624512,-4.289777755737305,-18.223915100097656,-14.007501602172852,-18.436994552612305,-14.01195240020752,-4.216413497924805,-4.425042152404785,-0.13235950469970703,-0.13526439666748047,-0.13381195068359375,False,False,
pair_0066,17,02,01,01,pair_0066_happy,pair_0066_sad,upper_prompt__lower_spaced,Listen to the speech. Is the speaker HAPPY or SAD? Answer only HAPPY or SAD., happy, sad,[6247],[12421],decision_clamp,decision_clamp_to_20,17,,20,"[{""layer"":17,""patch_kind"":""decision_token"",""source"":""donor""},{""layer"":18,""patch_kind"":""decision_token"",""source"":""donor""},{""layer"":19,""patch_kind"":""decision_token"",""source"":""donor""},{""layer"":20,""patch_kind"":""decision_token"",""source"":""donor""}]",post_decoder_block_output,decision_token,-18.203441619873047,-14.283772468566895,-18.37724494934082,-14.227227210998535,-3.9196691513061523,-4.150017738342285,-18.41726303100586,-14.21555233001709,-18.15813636779785,-14.276873588562012,-4.2017107009887695,-3.88126277923584,0.2820415496826172,0.2687549591064453,0.27539825439453125,True,True,
pair_0067,17,02,02,01,pair_0067_happy,pair_0067_sad,upper_prompt__lower_spaced,Listen to the speech. Is the speaker HAPPY or SAD? Answer only HAPPY or SAD., happy, sad,[6247],[12421],decision_clamp,decision_clamp_to_20,17,,20,"[{""layer"":17,""patch_kind"":""decision_token"",""source"":""donor""},{""layer"":18,""patch_kind"":""decision_token"",""source"":""donor""},{""layer"":19,""patch_kind"":""decision_token"",""source"":""donor""},{""layer"":20,""patch_kind"":""decision_token"",""source"":""donor""}]",post_decoder_block_output,decision_token,-18.189525604248047,-14.367218017578125,-18.002729415893555,-14.506258010864258,-3.822307586669922,-3.496471405029297,-18.188920974731445,-14.620647430419922,-18.008546829223633,-14.249726295471191,-3.5682735443115234,-3.7588205337524414,-0.25403404235839844,-0.26234912872314453,-0.2581915855407715,False,False,
pair_0068,18,01,01,01,pair_0068_happy,pair_0068_sad,upper_prompt__lower_spaced,Listen to the speech. Is the speaker HAPPY or SAD? Answer only HAPPY or SAD., happy, sad,[6247],[12421],decision_clamp,decision_clamp_to_20,17,,20,"[{""layer"":17,""patch_kind"":""decision_token"",""source"":""donor""},{""layer"":18,""patch_kind"":""decision_token"",""source"":""donor""},{""layer"":19,""patch_kind"":""decision_token"",""source"":""donor""},{""layer"":20,""patch_kind"":""decision_token"",""source"":""donor""}]",post_decoder_block_output,decision_token,-18.210012435913086,-14.200634002685547,-18.49770736694336,-14.28528118133545,-4.009378433227539,-4.21242618560791,-18.543607711791992,-14.214470863342285,-18.16610336303711,-14.261491775512695,-4.329136848449707,-3.904611587524414,0.31975841522216797,0.3078145980834961,0.31378650665283203,True,True,
pair_0069,18,01,02,01,pair_0069_happy,pair_0069_sad,upper_prompt__lower_spaced,Listen to the speech. Is the speaker HAPPY or SAD? Answer only HAPPY or SAD., happy, sad,[6247],[12421],decision_clamp,decision_clamp_to_20,17,,20,"[{""layer"":17,""patch_kind"":""decision_token"",""source"":""donor""},{""layer"":18,""patch_kind"":""decision_token"",""source"":""donor""},{""layer"":19,""patch_kind"":""decision_token"",""source"":""donor""},{""layer"":20,""patch_kind"":""decision_token"",""source"":""donor""}]",post_decoder_block_output,decision_token,-18.684219360351562,-14.944689750671387,-18.647714614868164,-14.22707748413086,-3.739529609680176,-4.420637130737305,-18.907636642456055,-14.726919174194336,-18.454696655273438,-14.483264923095703,-4.180717468261719,-3.9714317321777344,0.44118785858154297,0.4492053985595703,0.44519662857055664,True,True,
pair_0070,18,02,01,01,pair_0070_happy,pair_0070_sad,upper_prompt__lower_spaced,Listen to the speech. Is the speaker HAPPY or SAD? Answer only HAPPY or SAD., happy, sad,[6247],[12421],decision_clamp,decision_clamp_to_20,17,,20,"[{""layer"":17,""patch_kind"":""decision_token"",""source"":""donor""},{""layer"":18,""patch_kind"":""decision_token"",""source"":""donor""},{""layer"":19,""patch_kind"":""decision_token"",""source"":""donor""},{""layer"":20,""patch_kind"":""decision_token"",""source"":""donor""}]",post_decoder_block_output,decision_token,-18.257858276367188,-14.408829689025879,-18.45116424560547,-14.356088638305664,-3.8490285873413086,-4.095075607299805,-18.38702964782715,-14.336206436157227,-18.317916870117188,-14.434258460998535,-4.050823211669922,-3.8836584091186523,0.20179462432861328,0.21141719818115234,0.2066059112548828,True,True,
pair_0071,18,02,02,01,pair_0071_happy,pair_0071_sad,upper_prompt__lower_spaced,Listen to the speech. Is the speaker HAPPY or SAD? Answer only HAPPY or SAD., happy, sad,[6247],[12421],decision_clamp,decision_clamp_to_20,17,,20,"[{""layer"":17,""patch_kind"":""decision_token"",""source"":""donor""},{""layer"":18,""patch_kind"":""decision_token"",""source"":""donor""},{""layer"":19,""patch_kind"":""decision_token"",""source"":""donor""},{""layer"":20,""patch_kind"":""decision_token"",""source"":""donor""}]",post_decoder_block_output,decision_token,-18.145662307739258,-13.863798141479492,-18.30503273010254,-14.476175308227539,-4.281864166259766,-3.828857421875,-18.836936950683594,-14.817972183227539,-17.728605270385742,-13.246668815612793,-4.018964767456055,-4.481936454772949,-0.26289939880371094,-0.6530790328979492,-0.4579892158508301,False,False,
pair_0072,19,01,01,01,pair_0072_happy,pair_0072_sad,upper_prompt__lower_spaced,Listen to the speech. Is the speaker HAPPY or SAD? Answer only HAPPY or SAD., happy, sad,[6247],[12421],decision_clamp,decision_clamp_to_20,17,,20,"[{""layer"":17,""patch_kind"":""decision_token"",""source"":""donor""},{""layer"":18,""patch_kind"":""decision_token"",""source"":""donor""},{""layer"":19,""patch_kind"":""decision_token"",""source"":""donor""},{""layer"":20,""patch_kind"":""decision_token"",""source"":""donor""}]",post_decoder_block_output,decision_token,-18.514738082885742,-14.067811965942383,-18.540695190429688,-13.83083438873291,-4.446926116943359,-4.709860801696777,-18.478782653808594,-13.776846885681152,-18.576457977294922,-14.121098518371582,-4.701935768127441,-4.45535945892334,0.25500965118408203,0.2545013427734375,0.25475549697875977,True,True,
pair_0073,19,01,02,01,pair_0073_happy,pair_0073_sad,upper_prompt__lower_spaced,Listen to the speech. Is the speaker HAPPY or SAD? Answer only HAPPY or SAD., happy, sad,[6247],[12421],decision_clamp,decision_clamp_to_20,17,,20,"[{""layer"":17,""patch_kind"":""decision_token"",""source"":""donor""},{""layer"":18,""patch_kind"":""decision_token"",""source"":""donor""},{""layer"":19,""patch_kind"":""decision_token"",""source"":""donor""},{""layer"":20,""patch_kind"":""decision_token"",""source"":""donor""}]",post_decoder_block_output,decision_token,-18.675731658935547,-13.967928886413574,-18.710811614990234,-14.28913688659668,-4.707802772521973,-4.421674728393555,-18.644683837890625,-14.292061805725098,-18.76069450378418,-13.977849960327148,-4.352622032165527,-4.782844543457031,-0.3551807403564453,-0.36116981506347656,-0.35817527770996094,False,False,
pair_0074,19,02,01,01,pair_0074_happy,pair_0074_sad,upper_prompt__lower_spaced,Listen to the speech. Is the speaker HAPPY or SAD? Answer only HAPPY or SAD., happy, sad,[6247],[12421],decision_clamp,decision_clamp_to_20,17,,20,"[{""layer"":17,""patch_kind"":""decision_token"",""source"":""donor""},{""layer"":18,""patch_kind"":""decision_token"",""source"":""donor""},{""layer"":19,""patch_kind"":""decision_token"",""source"":""donor""},{""layer"":20,""patch_kind"":""decision_token"",""source"":""donor""}]",post_decoder_block_output,decision_token,-18.20193099975586,-14.081350326538086,-18.033628463745117,-12.836380004882812,-4.120580673217773,-5.197248458862305,-17.771236419677734,-13.039647102355957,-18.43256378173828,-13.851909637451172,-4.731589317321777,-4.580654144287109,0.6110086441040039,0.6165943145751953,0.6138014793395996,True,True,
pair_0075,19,02,02,01,pair_0075_happy,pair_0075_sad,upper_prompt__lower_spaced,Listen to the speech. Is the speaker HAPPY or SAD? Answer only HAPPY or SAD., happy, sad,[6247],[12421],decision_clamp,decision_clamp_to_20,17,,20,"[{""layer"":17,""patch_kind"":""decision_token"",""source"":""donor""},{""layer"":18,""patch_kind"":""decision_token"",""source"":""donor""},{""layer"":19,""patch_kind"":""decision_token"",""source"":""donor""},{""layer"":20,""patch_kind"":""decision_token"",""source"":""donor""}]",post_decoder_block_output,decision_token,-17.312185287475586,-14.008975982666016,-17.768232345581055,-14.52195930480957,-3.3032093048095703,-3.2462730407714844,-17.67281150817871,-14.599270820617676,-17.396684646606445,-13.908117294311523,-3.073540687561035,-3.488567352294922,-0.22966861724853516,-0.2422943115234375,-0.23598146438598633,False,False,
pair_0076,20,01,01,01,pair_0076_happy,pair_0076_sad,upper_prompt__lower_spaced,Listen to the speech. Is the speaker HAPPY or SAD? Answer only HAPPY or SAD., happy, sad,[6247],[12421],decision_clamp,decision_clamp_to_20,17,,20,"[{""layer"":17,""patch_kind"":""decision_token"",""source"":""donor""},{""layer"":18,""patch_kind"":""decision_token"",""source"":""donor""},{""layer"":19,""patch_kind"":""decision_token"",""source"":""donor""},{""layer"":20,""patch_kind"":""decision_token"",""source"":""donor""}]",post_decoder_block_output,decision_token,-18.47559928894043,-13.930008888244629,-18.531600952148438,-13.823415756225586,-4.545590400695801,-4.708185195922852,-18.48598289489746,-13.817099571228027,-18.542945861816406,-13.945042610168457,-4.668883323669434,-4.597903251647949,0.12329292297363281,0.11028194427490234,0.11678743362426758,True,True,
pair_0077,20,01,02,01,pair_0077_happy,pair_0077_sad,upper_prompt__lower_spaced,Listen to the speech. Is the speaker HAPPY or SAD? Answer only HAPPY or SAD., happy, sad,[6247],[12421],decision_clamp,decision_clamp_to_20,17,,20,"[{""layer"":17,""patch_kind"":""decision_token"",""source"":""donor""},{""layer"":18,""patch_kind"":""decision_token"",""source"":""donor""},{""layer"":19,""patch_kind"":""decision_token"",""source"":""donor""},{""layer"":20,""patch_kind"":""decision_token"",""source"":""donor""}]",post_decoder_block_output,decision_token,-18.271272659301758,-14.129005432128906,-18.48236846923828,-14.481040000915527,-4.142267227172852,-4.001328468322754,-18.372934341430664,-14.207181930541992,-18.354995727539062,-14.377161026000977,-4.165752410888672,-3.977834701538086,0.023485183715820312,0.02349376678466797,0.02348947525024414,True,True,
pair_0078,20,02,01,01,pair_0078_happy,pair_0078_sad,upper_prompt__lower_spaced,Listen to the speech. Is the speaker HAPPY or SAD? Answer only HAPPY or SAD., happy, sad,[6247],[12421],decision_clamp,decision_clamp_to_20,17,,20,"[{""layer"":17,""patch_kind"":""decision_token"",""source"":""donor""},{""layer"":18,""patch_kind"":""decision_token"",""source"":""donor""},{""layer"":19,""patch_kind"":""decision_token"",""source"":""donor""},{""layer"":20,""patch_kind"":""decision_token"",""source"":""donor""}]",post_decoder_block_output,decision_token,-18.257326126098633,-14.755581855773926,-18.208616256713867,-14.755860328674316,-3.501744270324707,-3.452755928039551,-17.707242965698242,-13.962897300720215,-18.711612701416016,-15.085978507995605,-3.7443456649780273,-3.62563419342041,0.2426013946533203,-0.17287826538085938,0.03486156463623047,True,False,
pair_0079,20,02,02,01,pair_0079_happy,pair_0079_sad,upper_prompt__lower_spaced,Listen to the speech. Is the speaker HAPPY or SAD? Answer only HAPPY or SAD., happy, sad,[6247],[12421],decision_clamp,decision_clamp_to_20,17,,20,"[{""layer"":17,""patch_kind"":""decision_token"",""source"":""donor""},{""layer"":18,""patch_kind"":""decision_token"",""source"":""donor""},{""layer"":19,""patch_kind"":""decision_token"",""source"":""donor""},{""layer"":20,""patch_kind"":""decision_token"",""source"":""donor""}]",post_decoder_block_output,decision_token,-18.42920684814453,-14.564261436462402,-17.751972198486328,-14.094348907470703,-3.864945411682129,-3.657623291015625,-17.928848266601562,-14.129364013671875,-18.253313064575195,-14.523653030395508,-3.7994842529296875,-3.7296600341796875,-0.0654611587524414,-0.0720367431640625,-0.06874895095825195,False,False,
pair_0080,21,01,01,01,pair_0080_happy,pair_0080_sad,upper_prompt__lower_spaced,Listen to the speech. Is the speaker HAPPY or SAD? Answer only HAPPY or SAD., happy, sad,[6247],[12421],decision_clamp,decision_clamp_to_20,17,,20,"[{""layer"":17,""patch_kind"":""decision_token"",""source"":""donor""},{""layer"":18,""patch_kind"":""decision_token"",""source"":""donor""},{""layer"":19,""patch_kind"":""decision_token"",""source"":""donor""},{""layer"":20,""patch_kind"":""decision_token"",""source"":""donor""}]",post_decoder_block_output,decision_token,-18.470245361328125,-14.200312614440918,-18.25367546081543,-14.158926010131836,-4.269932746887207,-4.094749450683594,-18.195459365844727,-14.23775577545166,-18.51682472229004,-14.117298126220703,-3.9577035903930664,-4.399526596069336,-0.3122291564941406,-0.3047771453857422,-0.3085031509399414,False,False,
pair_0081,21,01,02,01,pair_0081_happy,pair_0081_sad,upper_prompt__lower_spaced,Listen to the speech. Is the speaker HAPPY or SAD? Answer only HAPPY or SAD., happy, sad,[6247],[12421],decision_clamp,decision_clamp_to_20,17,,20,"[{""layer"":17,""patch_kind"":""decision_token"",""source"":""donor""},{""layer"":18,""patch_kind"":""decision_token"",""source"":""donor""},{""layer"":19,""patch_kind"":""decision_token"",""source"":""donor""},{""layer"":20,""patch_kind"":""decision_token"",""source"":""donor""}]",post_decoder_block_output,decision_token,-18.46053123474121,-14.23830509185791,-18.299312591552734,-14.097284317016602,-4.222226142883301,-4.202028274536133,-18.240283966064453,-14.11870288848877,-18.517210006713867,-14.217659950256348,-4.121581077575684,-4.2995500564575195,-0.10064506530761719,-0.09752178192138672,-0.09908342361450195,False,False,
pair_0082,21,02,01,01,pair_0082_happy,pair_0082_sad,upper_prompt__lower_spaced,Listen to the speech. Is the speaker HAPPY or SAD? Answer only HAPPY or SAD., happy, sad,[6247],[12421],decision_clamp,decision_clamp_to_20,17,,20,"[{""layer"":17,""patch_kind"":""decision_token"",""source"":""donor""},{""layer"":18,""patch_kind"":""decision_token"",""source"":""donor""},{""layer"":19,""patch_kind"":""decision_token"",""source"":""donor""},{""layer"":20,""patch_kind"":""decision_token"",""source"":""donor""}]",post_decoder_block_output,decision_token,-17.97361183166504,-14.197131156921387,-17.829065322875977,-14.487285614013672,-3.7764806747436523,-3.3417797088623047,-17.85768699645996,-14.472649574279785,-17.937076568603516,-14.209994316101074,-3.385037422180176,-3.7270822525024414,-0.39144325256347656,-0.3853025436401367,-0.38837289810180664,False,False,
pair_0083,21,02,02,01,pair_0083_happy,pair_0083_sad,upper_prompt__lower_spaced,Listen to the speech. Is the speaker HAPPY or SAD? Answer only HAPPY or SAD., happy, sad,[6247],[12421],decision_clamp,decision_clamp_to_20,17,,20,"[{""layer"":17,""patch_kind"":""decision_token"",""source"":""donor""},{""layer"":18,""patch_kind"":""decision_token"",""source"":""donor""},{""layer"":19,""patch_kind"":""decision_token"",""source"":""donor""},{""layer"":20,""patch_kind"":""decision_token"",""source"":""donor""}]",post_decoder_block_output,decision_token,-17.93297576904297,-14.61596965789795,-18.092235565185547,-14.633484840393066,-3.3170061111450195,-3.4587507247924805,-18.067033767700195,-14.602301597595215,-17.958995819091797,-14.646862983703613,-3.4647321701049805,-3.3121328353881836,0.14772605895996094,0.14661788940429688,0.1471719741821289,True,True,
pair_0084,22,01,01,01,pair_0084_happy,pair_0084_sad,upper_prompt__lower_spaced,Listen to the speech. Is the speaker HAPPY or SAD? Answer only HAPPY or SAD., happy, sad,[6247],[12421],decision_clamp,decision_clamp_to_20,17,,20,"[{""layer"":17,""patch_kind"":""decision_token"",""source"":""donor""},{""layer"":18,""patch_kind"":""decision_token"",""source"":""donor""},{""layer"":19,""patch_kind"":""decision_token"",""source"":""donor""},{""layer"":20,""patch_kind"":""decision_token"",""source"":""donor""}]",post_decoder_block_output,decision_token,-18.682262420654297,-14.192432403564453,-18.470258712768555,-13.706429481506348,-4.489830017089844,-4.763829231262207,-18.52573013305664,-13.724946022033691,-18.63206672668457,-14.182373046875,-4.800784111022949,-4.44969367980957,0.31095409393310547,0.3141355514526367,0.3125448226928711,True,True,
pair_0085,22,01,02,01,pair_0085_happy,pair_0085_sad,upper_prompt__lower_spaced,Listen to the speech. Is the speaker HAPPY or SAD? Answer only HAPPY or SAD., happy, sad,[6247],[12421],decision_clamp,decision_clamp_to_20,17,,20,"[{""layer"":17,""patch_kind"":""decision_token"",""source"":""donor""},{""layer"":18,""patch_kind"":""decision_token"",""source"":""donor""},{""layer"":19,""patch_kind"":""decision_token"",""source"":""donor""},{""layer"":20,""patch_kind"":""decision_token"",""source"":""donor""}]",post_decoder_block_output,decision_token,-18.272850036621094,-14.236717224121094,-18.724578857421875,-14.284399032592773,-4.0361328125,-4.440179824829102,-18.63291358947754,-14.488748550415039,-18.360336303710938,-14.027220726013184,-4.1441650390625,-4.333115577697754,0.1080322265625,0.10706424713134766,0.10754823684692383,True,True,
pair_0086,22,02,01,01,pair_0086_happy,pair_0086_sad,upper_prompt__lower_spaced,Listen to the speech. Is the speaker HAPPY or SAD? Answer only HAPPY or SAD., happy, sad,[6247],[12421],decision_clamp,decision_clamp_to_20,17,,20,"[{""layer"":17,""patch_kind"":""decision_token"",""source"":""donor""},{""layer"":18,""patch_kind"":""decision_token"",""source"":""donor""},{""layer"":19,""patch_kind"":""decision_token"",""source"":""donor""},{""layer"":20,""patch_kind"":""decision_token"",""source"":""donor""}]",post_decoder_block_output,decision_token,-18.112878799438477,-14.50664234161377,-18.061094284057617,-14.396312713623047,-3.606236457824707,-3.6647815704345703,-17.996566772460938,-14.353084564208984,-18.177478790283203,-14.542616844177246,-3.643482208251953,-3.634861946105957,0.037245750427246094,0.02991962432861328,0.03358268737792969,True,True,
pair_0087,22,02,02,01,pair_0087_happy,pair_0087_sad,upper_prompt__lower_spaced,Listen to the speech. Is the speaker HAPPY or SAD? Answer only HAPPY or SAD., happy, sad,[6247],[12421],decision_clamp,decision_clamp_to_20,17,,20,"[{""layer"":17,""patch_kind"":""decision_token"",""source"":""donor""},{""layer"":18,""patch_kind"":""decision_token"",""source"":""donor""},{""layer"":19,""patch_kind"":""decision_token"",""source"":""donor""},{""layer"":20,""patch_kind"":""decision_token"",""source"":""donor""}]",post_decoder_block_output,decision_token,-17.975412368774414,-14.336179733276367,-17.852388381958008,-14.33988094329834,-3.639232635498047,-3.512507438659668,-17.881492614746094,-14.304935455322266,-17.943767547607422,-14.382701873779297,-3.576557159423828,-3.561065673828125,-0.06267547607421875,-0.04855823516845703,-0.05561685562133789,False,False,
pair_0088,23,01,01,01,pair_0088_happy,pair_0088_sad,upper_prompt__lower_spaced,Listen to the speech. Is the speaker HAPPY or SAD? Answer only HAPPY or SAD., happy, sad,[6247],[12421],decision_clamp,decision_clamp_to_20,17,,20,"[{""layer"":17,""patch_kind"":""decision_token"",""source"":""donor""},{""layer"":18,""patch_kind"":""decision_token"",""source"":""donor""},{""layer"":19,""patch_kind"":""decision_token"",""source"":""donor""},{""layer"":20,""patch_kind"":""decision_token"",""source"":""donor""}]",post_decoder_block_output,decision_token,-18.47939682006836,-14.078022956848145,-18.001972198486328,-13.984725952148438,-4.401373863220215,-4.017246246337891,-18.020475387573242,-14.183757781982422,-18.455326080322266,-13.8748779296875,-3.8367176055908203,-4.580448150634766,-0.5646562576293945,-0.563201904296875,-0.5639290809631348,False,False,
pair_0089,23,01,02,01,pair_0089_happy,pair_0089_sad,upper_prompt__lower_spaced,Listen to the speech. Is the speaker HAPPY or SAD? Answer only HAPPY or SAD., happy, sad,[6247],[12421],decision_clamp,decision_clamp_to_20,17,,20,"[{""layer"":17,""patch_kind"":""decision_token"",""source"":""donor""},{""layer"":18,""patch_kind"":""decision_token"",""source"":""donor""},{""layer"":19,""patch_kind"":""decision_token"",""source"":""donor""},{""layer"":20,""patch_kind"":""decision_token"",""source"":""donor""}]",post_decoder_block_output,decision_token,-18.697004318237305,-14.208320617675781,-18.652122497558594,-14.244013786315918,-4.488683700561523,-4.408108711242676,-18.614944458007812,-14.254280090332031,-18.727815628051758,-14.177332878112793,-4.360664367675781,-4.550482749938965,-0.1280193328857422,-0.14237403869628906,-0.13519668579101562,False,False,
pair_0090,23,02,01,01,pair_0090_happy,pair_0090_sad,upper_prompt__lower_spaced,Listen to the speech. Is the speaker HAPPY or SAD? Answer only HAPPY or SAD., happy, sad,[6247],[12421],decision_clamp,decision_clamp_to_20,17,,20,"[{""layer"":17,""patch_kind"":""decision_token"",""source"":""donor""},{""layer"":18,""patch_kind"":""decision_token"",""source"":""donor""},{""layer"":19,""patch_kind"":""decision_token"",""source"":""donor""},{""layer"":20,""patch_kind"":""decision_token"",""source"":""donor""}]",post_decoder_block_output,decision_token,-18.12325668334961,-14.155843734741211,-17.865354537963867,-14.407626152038574,-3.9674129486083984,-3.457728385925293,-17.921602249145508,-14.307113647460938,-18.07502555847168,-14.26685905456543,-3.6144886016845703,-3.80816650390625,-0.3529243469238281,-0.35043811798095703,-0.3516812324523926,False,False,
pair_0091,23,02,02,01,pair_0091_happy,pair_0091_sad,upper_prompt__lower_spaced,Listen to the speech. Is the speaker HAPPY or SAD? Answer only HAPPY or SAD., happy, sad,[6247],[12421],decision_clamp,decision_clamp_to_20,17,,20,"[{""layer"":17,""patch_kind"":""decision_token"",""source"":""donor""},{""layer"":18,""patch_kind"":""decision_token"",""source"":""donor""},{""layer"":19,""patch_kind"":""decision_token"",""source"":""donor""},{""layer"":20,""patch_kind"":""decision_token"",""source"":""donor""}]",post_decoder_block_output,decision_token,-18.110824584960938,-14.51156234741211,-17.68675994873047,-14.507476806640625,-3.599262237548828,-3.1792831420898438,-17.817169189453125,-14.717649459838867,-17.991743087768555,-14.265355110168457,-3.099519729614258,-3.7263879776000977,-0.4997425079345703,-0.5471048355102539,-0.5234236717224121,False,False,
pair_0092,24,01,01,01,pair_0092_happy,pair_0092_sad,upper_prompt__lower_spaced,Listen to the speech. Is the speaker HAPPY or SAD? Answer only HAPPY or SAD., happy, sad,[6247],[12421],decision_clamp,decision_clamp_to_20,17,,20,"[{""layer"":17,""patch_kind"":""decision_token"",""source"":""donor""},{""layer"":18,""patch_kind"":""decision_token"",""source"":""donor""},{""layer"":19,""patch_kind"":""decision_token"",""source"":""donor""},{""layer"":20,""patch_kind"":""decision_token"",""source"":""donor""}]",post_decoder_block_output,decision_token,-18.272140502929688,-14.17473030090332,-18.658676147460938,-13.953152656555176,-4.097410202026367,-4.705523490905762,-18.468595504760742,-13.939123153686523,-18.469919204711914,-14.190031051635742,-4.529472351074219,-4.279888153076172,0.43206214904785156,0.42563533782958984,0.4288487434387207,True,True,
pair_0093,24,01,02,01,pair_0093_happy,pair_0093_sad,upper_prompt__lower_spaced,Listen to the speech. Is the speaker HAPPY or SAD? Answer only HAPPY or SAD., happy, sad,[6247],[12421],decision_clamp,decision_clamp_to_20,17,,20,"[{""layer"":17,""patch_kind"":""decision_token"",""source"":""donor""},{""layer"":18,""patch_kind"":""decision_token"",""source"":""donor""},{""layer"":19,""patch_kind"":""decision_token"",""source"":""donor""},{""layer"":20,""patch_kind"":""decision_token"",""source"":""donor""}]",post_decoder_block_output,decision_token,-18.38443946838379,-14.200296401977539,-18.802410125732422,-14.208366394042969,-4.18414306640625,-4.594043731689453,-18.682889938354492,-14.25917911529541,-18.50887107849121,-14.152436256408691,-4.423710823059082,-4.3564348220825195,0.23956775665283203,0.2376089096069336,0.2385883331298828,True,True,
pair_0094,24,02,01,01,pair_0094_happy,pair_0094_sad,upper_prompt__lower_spaced,Listen to the speech. Is the speaker HAPPY or SAD? Answer only HAPPY or SAD., happy, sad,[6247],[12421],decision_clamp,decision_clamp_to_20,17,,20,"[{""layer"":17,""patch_kind"":""decision_token"",""source"":""donor""},{""layer"":18,""patch_kind"":""decision_token"",""source"":""donor""},{""layer"":19,""patch_kind"":""decision_token"",""source"":""donor""},{""layer"":20,""patch_kind"":""decision_token"",""source"":""donor""}]",post_decoder_block_output,decision_token,-18.109331130981445,-14.389881134033203,-17.85662269592285,-14.2269926071167,-3.719449996948242,-3.6296300888061523,-17.743900299072266,-14.31820297241211,-18.22603416442871,-14.336963653564453,-3.4256973266601562,-3.889070510864258,-0.29375267028808594,-0.25944042205810547,-0.2765965461730957,False,False,
pair_0095,24,02,02,01,pair_0095_happy,pair_0095_sad,upper_prompt__lower_spaced,Listen to the speech. Is the speaker HAPPY or SAD? Answer only HAPPY or SAD., happy, sad,[6247],[12421],decision_clamp,decision_clamp_to_20,17,,20,"[{""layer"":17,""patch_kind"":""decision_token"",""source"":""donor""},{""layer"":18,""patch_kind"":""decision_token"",""source"":""donor""},{""layer"":19,""patch_kind"":""decision_token"",""source"":""donor""},{""layer"":20,""patch_kind"":""decision_token"",""source"":""donor""}]",post_decoder_block_output,decision_token,-17.84119987487793,-14.09777545928955,-17.919200897216797,-14.292767524719238,-3.743424415588379,-3.6264333724975586,-17.946382522583008,-14.193872451782227,-17.814367294311523,-14.197471618652344,-3.7525100708007812,-3.6168956756591797,0.009085655212402344,0.009537696838378906,0.009311676025390625,True,True,
pair_0000,01,01,01,01,pair_0000_happy,pair_0000_sad,upper_prompt__lower_spaced,Listen to the speech. Is the speaker HAPPY or SAD? Answer only HAPPY or SAD., happy, sad,[6247],[12421],decision_clamp,decision_clamp_to_21,17,,21,"[{""layer"":17,""patch_kind"":""decision_token"",""source"":""donor""},{""layer"":18,""patch_kind"":""decision_token"",""source"":""donor""},{""layer"":19,""patch_kind"":""decision_token"",""source"":""donor""},{""layer"":20,""patch_kind"":""decision_token"",""source"":""donor""},{""layer"":21,""patch_kind"":""decision_token"",""source"":""donor""}]",post_decoder_block_output,decision_token,-18.784337997436523,-14.192665100097656,-18.59215545654297,-14.119668960571289,-4.591672897338867,-4.47248649597168,-18.578216552734375,-14.173534393310547,-18.80437660217285,-14.13270092010498,-4.404682159423828,-4.671675682067871,-0.18699073791503906,-0.1991891860961914,-0.19308996200561523,False,False,
pair_0001,01,01,02,01,pair_0001_happy,pair_0001_sad,upper_prompt__lower_spaced,Listen to the speech. Is the speaker HAPPY or SAD? Answer only HAPPY or SAD., happy, sad,[6247],[12421],decision_clamp,decision_clamp_to_21,17,,21,"[{""layer"":17,""patch_kind"":""decision_token"",""source"":""donor""},{""layer"":18,""patch_kind"":""decision_token"",""source"":""donor""},{""layer"":19,""patch_kind"":""decision_token"",""source"":""donor""},{""layer"":20,""patch_kind"":""decision_token"",""source"":""donor""},{""layer"":21,""patch_kind"":""decision_token"",""source"":""donor""}]",post_decoder_block_output,decision_token,-18.62534523010254,-13.82693862915039,-18.685665130615234,-13.871679306030273,-4.798406600952148,-4.813985824584961,-18.695363998413086,-13.852489471435547,-18.61985206604004,-13.84847354888916,-4.842874526977539,-4.771378517150879,0.044467926025390625,0.04260730743408203,0.04353761672973633,True,True,
pair_0002,01,02,01,01,pair_0002_happy,pair_0002_sad,upper_prompt__lower_spaced,Listen to the speech. Is the speaker HAPPY or SAD? Answer only HAPPY or SAD., happy, sad,[6247],[12421],decision_clamp,decision_clamp_to_21,17,,21,"[{""layer"":17,""patch_kind"":""decision_token"",""source"":""donor""},{""layer"":18,""patch_kind"":""decision_token"",""source"":""donor""},{""layer"":19,""patch_kind"":""decision_token"",""source"":""donor""},{""layer"":20,""patch_kind"":""decision_token"",""source"":""donor""},{""layer"":21,""patch_kind"":""decision_token"",""source"":""donor""}]",post_decoder_block_output,decision_token,-18.101184844970703,-14.566595077514648,-18.250112533569336,-14.308186531066895,-3.5345897674560547,-3.9419260025024414,-18.07403564453125,-14.33910846710205,-18.2653865814209,-14.53350830078125,-3.734927177429199,-3.7318782806396484,0.20033740997314453,0.21004772186279297,0.20519256591796875,True,True,
pair_0003,01,02,02,01,pair_0003_happy,pair_0003_sad,upper_prompt__lower_spaced,Listen to the speech. Is the speaker HAPPY or SAD? Answer only HAPPY or SAD., happy, sad,[6247],[12421],decision_clamp,decision_clamp_to_21,17,,21,"[{""layer"":17,""patch_kind"":""decision_token"",""source"":""donor""},{""layer"":18,""patch_kind"":""decision_token"",""source"":""donor""},{""layer"":19,""patch_kind"":""decision_token"",""source"":""donor""},{""layer"":20,""patch_kind"":""decision_token"",""source"":""donor""},{""layer"":21,""patch_kind"":""decision_token"",""source"":""donor""}]",post_decoder_block_output,decision_token,-18.006914138793945,-14.501709938049316,-18.291980743408203,-14.688089370727539,-3.505204200744629,-3.603891372680664,-18.19598960876465,-14.786492347717285,-18.095611572265625,-14.4237060546875,-3.4094972610473633,-3.671905517578125,-0.09570693969726562,-0.06801414489746094,-0.08186054229736328,False,False,
pair_0004,02,01,01,01,pair_0004_happy,pair_0004_sad,upper_prompt__lower_spaced,Listen to the speech. Is the speaker HAPPY or SAD? Answer only HAPPY or SAD., happy, sad,[6247],[12421],decision_clamp,decision_clamp_to_21,17,,21,"[{""layer"":17,""patch_kind"":""decision_token"",""source"":""donor""},{""layer"":18,""patch_kind"":""decision_token"",""source"":""donor""},{""layer"":19,""patch_kind"":""decision_token"",""source"":""donor""},{""layer"":20,""patch_kind"":""decision_token"",""source"":""donor""},{""layer"":21,""patch_kind"":""decision_token"",""source"":""donor""}]",post_decoder_block_output,decision_token,-18.301326751708984,-14.038238525390625,-18.725671768188477,-13.857430458068848,-4.263088226318359,-4.868241310119629,-18.727298736572266,-13.903641700744629,-18.295888900756836,-13.988929748535156,-4.823657035827637,-4.30695915222168,0.5605688095092773,0.5612821578979492,0.5609254837036133,True,True,
pair_0005,02,01,02,01,pair_0005_happy,pair_0005_sad,upper_prompt__lower_spaced,Listen to the speech. Is the speaker HAPPY or SAD? Answer only HAPPY or SAD., happy, sad,[6247],[12421],decision_clamp,decision_clamp_to_21,17,,21,"[{""layer"":17,""patch_kind"":""decision_token"",""source"":""donor""},{""layer"":18,""patch_kind"":""decision_token"",""source"":""donor""},{""layer"":19,""patch_kind"":""decision_token"",""source"":""donor""},{""layer"":20,""patch_kind"":""decision_token"",""source"":""donor""},{""layer"":21,""patch_kind"":""decision_token"",""source"":""donor""}]",post_decoder_block_output,decision_token,-18.589427947998047,-14.114439964294434,-18.74413299560547,-14.046891212463379,-4.474987983703613,-4.69724178314209,-18.724853515625,-14.086143493652344,-18.609088897705078,-14.07431411743164,-4.638710021972656,-4.5347747802734375,0.16372203826904297,0.16246700286865234,0.16309452056884766,True,True,
pair_0006,02,02,01,01,pair_0006_happy,pair_0006_sad,upper_prompt__lower_spaced,Listen to the speech. Is the speaker HAPPY or SAD? Answer only HAPPY or SAD., happy, sad,[6247],[12421],decision_clamp,decision_clamp_to_21,17,,21,"[{""layer"":17,""patch_kind"":""decision_token"",""source"":""donor""},{""layer"":18,""patch_kind"":""decision_token"",""source"":""donor""},{""layer"":19,""patch_kind"":""decision_token"",""source"":""donor""},{""layer"":20,""patch_kind"":""decision_token"",""source"":""donor""},{""layer"":21,""patch_kind"":""decision_token"",""source"":""donor""}]",post_decoder_block_output,decision_token,-17.821413040161133,-14.312002182006836,-17.82419204711914,-14.049148559570312,-3.509410858154297,-3.775043487548828,-17.77788734436035,-13.991159439086914,-17.8644962310791,-14.369030952453613,-3.7867279052734375,-3.4954652786254883,0.2773170471191406,0.27957820892333984,0.27844762802124023,True,True,
pair_0007,02,02,02,01,pair_0007_happy,pair_0007_sad,upper_prompt__lower_spaced,Listen to the speech. Is the speaker HAPPY or SAD? Answer only HAPPY or SAD., happy, sad,[6247],[12421],decision_clamp,decision_clamp_to_21,17,,21,"[{""layer"":17,""patch_kind"":""decision_token"",""source"":""donor""},{""layer"":18,""patch_kind"":""decision_token"",""source"":""donor""},{""layer"":19,""patch_kind"":""decision_token"",""source"":""donor""},{""layer"":20,""patch_kind"":""decision_token"",""source"":""donor""},{""layer"":21,""patch_kind"":""decision_token"",""source"":""donor""}]",post_decoder_block_output,decision_token,-17.819889068603516,-14.41187572479248,-17.866769790649414,-14.385616302490234,-3.408013343811035,-3.4811534881591797,-17.881816864013672,-14.333815574645996,-17.803085327148438,-14.461084365844727,-3.548001289367676,-3.342000961303711,0.13998794555664062,0.13915252685546875,0.1395702362060547,True,True,
pair_0008,03,01,01,01,pair_0008_happy,pair_0008_sad,upper_prompt__lower_spaced,Listen to the speech. Is the speaker HAPPY or SAD? Answer only HAPPY or SAD., happy, sad,[6247],[12421],decision_clamp,decision_clamp_to_21,17,,21,"[{""layer"":17,""patch_kind"":""decision_token"",""source"":""donor""},{""layer"":18,""patch_kind"":""decision_token"",""source"":""donor""},{""layer"":19,""patch_kind"":""decision_token"",""source"":""donor""},{""layer"":20,""patch_kind"":""decision_token"",""source"":""donor""},{""layer"":21,""patch_kind"":""decision_token"",""source"":""donor""}]",post_decoder_block_output,decision_token,-18.818166732788086,-14.119091033935547,-18.65387725830078,-14.069162368774414,-4.699075698852539,-4.584714889526367,-18.61832618713379,-14.038605690002441,-18.8497257232666,-14.145856857299805,-4.579720497131348,-4.703868865966797,-0.1193552017211914,-0.11915397644042969,-0.11925458908081055,False,False,
pair_0009,03,01,02,01,pair_0009_happy,pair_0009_sad,upper_prompt__lower_spaced,Listen to the speech. Is the speaker HAPPY or SAD? Answer only HAPPY or SAD., happy, sad,[6247],[12421],decision_clamp,decision_clamp_to_21,17,,21,"[{""layer"":17,""patch_kind"":""decision_token"",""source"":""donor""},{""layer"":18,""patch_kind"":""decision_token"",""source"":""donor""},{""layer"":19,""patch_kind"":""decision_token"",""source"":""donor""},{""layer"":20,""patch_kind"":""decision_token"",""source"":""donor""},{""layer"":21,""patch_kind"":""decision_token"",""source"":""donor""}]",post_decoder_block_output,decision_token,-18.729928970336914,-14.011101722717285,-18.5625,-14.185173034667969,-4.718827247619629,-4.377326965332031,-18.52802276611328,-14.18700885772705,-18.762569427490234,-14.00854778289795,-4.3410139083862305,-4.754021644592285,-0.37781333923339844,-0.3766946792602539,-0.37725400924682617,False,False,
pair_0010,03,02,01,01,pair_0010_happy,pair_0010_sad,upper_prompt__lower_spaced,Listen to the speech. Is the speaker HAPPY or SAD? Answer only HAPPY or SAD., happy, sad,[6247],[12421],decision_clamp,decision_clamp_to_21,17,,21,"[{""layer"":17,""patch_kind"":""decision_token"",""source"":""donor""},{""layer"":18,""patch_kind"":""decision_token"",""source"":""donor""},{""layer"":19,""patch_kind"":""decision_token"",""source"":""donor""},{""layer"":20,""patch_kind"":""decision_token"",""source"":""donor""},{""layer"":21,""patch_kind"":""decision_token"",""source"":""donor""}]",post_decoder_block_output,decision_token,-18.31175994873047,-14.61680793762207,-17.840412139892578,-14.470471382141113,-3.6949520111083984,-3.369940757751465,-17.84246063232422,-14.444817543029785,-18.306198120117188,-14.634503364562988,-3.3976430892944336,-3.671694755554199,-0.29730892181396484,-0.3017539978027344,-0.2995314598083496,False,False,
pair_0011,03,02,02,01,pair_0011_happy,pair_0011_sad,upper_prompt__lower_spaced,Listen to the speech. Is the speaker HAPPY or SAD? Answer only HAPPY or SAD., happy, sad,[6247],[12421],decision_clamp,decision_clamp_to_21,17,,21,"[{""layer"":17,""patch_kind"":""decision_token"",""source"":""donor""},{""layer"":18,""patch_kind"":""decision_token"",""source"":""donor""},{""layer"":19,""patch_kind"":""decision_token"",""source"":""donor""},{""layer"":20,""patch_kind"":""decision_token"",""source"":""donor""},{""layer"":21,""patch_kind"":""decision_token"",""source"":""donor""}]",post_decoder_block_output,decision_token,-18.231765747070312,-14.706853866577148,-17.838123321533203,-14.506670951843262,-3.524911880493164,-3.3314523696899414,-17.889286041259766,-14.514399528503418,-18.177400588989258,-14.692721366882324,-3.3748865127563477,-3.4846792221069336,-0.1500253677368164,-0.1532268524169922,-0.1516261100769043,False,False,
pair_0012,04,01,01,01,pair_0012_happy,pair_0012_sad,upper_prompt__lower_spaced,Listen to the speech. Is the speaker HAPPY or SAD? Answer only HAPPY or SAD., happy, sad,[6247],[12421],decision_clamp,decision_clamp_to_21,17,,21,"[{""layer"":17,""patch_kind"":""decision_token"",""source"":""donor""},{""layer"":18,""patch_kind"":""decision_token"",""source"":""donor""},{""layer"":19,""patch_kind"":""decision_token"",""source"":""donor""},{""layer"":20,""patch_kind"":""decision_token"",""source"":""donor""},{""layer"":21,""patch_kind"":""decision_token"",""source"":""donor""}]",post_decoder_block_output,decision_token,-18.358745574951172,-13.756012916564941,-18.717449188232422,-13.85068130493164,-4.6027326583862305,-4.866767883300781,-18.70268440246582,-13.889771461486816,-18.375051498413086,-13.716443061828613,-4.812912940979004,-4.658608436584473,0.21018028259277344,0.2081594467163086,0.20916986465454102,True,True,
pair_0013,04,01,02,01,pair_0013_happy,pair_0013_sad,upper_prompt__lower_spaced,Listen to the speech. Is the speaker HAPPY or SAD? Answer only HAPPY or SAD., happy, sad,[6247],[12421],decision_clamp,decision_clamp_to_21,17,,21,"[{""layer"":17,""patch_kind"":""decision_token"",""source"":""donor""},{""layer"":18,""patch_kind"":""decision_token"",""source"":""donor""},{""layer"":19,""patch_kind"":""decision_token"",""source"":""donor""},{""layer"":20,""patch_kind"":""decision_token"",""source"":""donor""},{""layer"":21,""patch_kind"":""decision_token"",""source"":""donor""}]",post_decoder_block_output,decision_token,-18.70948600769043,-14.139888763427734,-18.57384490966797,-13.96951675415039,-4.569597244262695,-4.604328155517578,-18.62212371826172,-14.020025253295898,-18.662683486938477,-14.091169357299805,-4.60209846496582,-4.571514129638672,0.032501220703125,0.03281402587890625,0.032657623291015625,True,True,
pair_0014,04,02,01,01,pair_0014_happy,pair_0014_sad,upper_prompt__lower_spaced,Listen to the speech. Is the speaker HAPPY or SAD? Answer only HAPPY or SAD., happy, sad,[6247],[12421],decision_clamp,decision_clamp_to_21,17,,21,"[{""layer"":17,""patch_kind"":""decision_token"",""source"":""donor""},{""layer"":18,""patch_kind"":""decision_token"",""source"":""donor""},{""layer"":19,""patch_kind"":""decision_token"",""source"":""donor""},{""layer"":20,""patch_kind"":""decision_token"",""source"":""donor""},{""layer"":21,""patch_kind"":""decision_token"",""source"":""donor""}]",post_decoder_block_output,decision_token,-17.875215530395508,-14.271656036376953,-17.993194580078125,-14.42282485961914,-3.6035594940185547,-3.5703697204589844,-18.00412368774414,-14.4417142868042,-17.86824607849121,-14.250741004943848,-3.5624094009399414,-3.6175050735473633,-0.04115009307861328,-0.047135353088378906,-0.044142723083496094,False,False,
pair_0015,04,02,02,01,pair_0015_happy,pair_0015_sad,upper_prompt__lower_spaced,Listen to the speech. Is the speaker HAPPY or SAD? Answer only HAPPY or SAD., happy, sad,[6247],[12421],decision_clamp,decision_clamp_to_21,17,,21,"[{""layer"":17,""patch_kind"":""decision_token"",""source"":""donor""},{""layer"":18,""patch_kind"":""decision_token"",""source"":""donor""},{""layer"":19,""patch_kind"":""decision_token"",""source"":""donor""},{""layer"":20,""patch_kind"":""decision_token"",""source"":""donor""},{""layer"":21,""patch_kind"":""decision_token"",""source"":""donor""}]",post_decoder_block_output,decision_token,-17.90298080444336,-14.51931095123291,-18.07615089416504,-14.267594337463379,-3.383669853210449,-3.80855655670166,-17.98723602294922,-14.220470428466797,-17.989233016967773,-14.566426277160645,-3.766765594482422,-3.422806739807129,0.38309574127197266,0.38574981689453125,0.38442277908325195,True,True,
pair_0016,05,01,01,01,pair_0016_happy,pair_0016_sad,upper_prompt__lower_spaced,Listen to the speech. Is the speaker HAPPY or SAD? Answer only HAPPY or SAD., happy, sad,[6247],[12421],decision_clamp,decision_clamp_to_21,17,,21,"[{""layer"":17,""patch_kind"":""decision_token"",""source"":""donor""},{""layer"":18,""patch_kind"":""decision_token"",""source"":""donor""},{""layer"":19,""patch_kind"":""decision_token"",""source"":""donor""},{""layer"":20,""patch_kind"":""decision_token"",""source"":""donor""},{""layer"":21,""patch_kind"":""decision_token"",""source"":""donor""}]",post_decoder_block_output,decision_token,-18.692672729492188,-14.135289192199707,-18.536806106567383,-14.340117454528809,-4.5573835372924805,-4.196688652038574,-18.557703018188477,-14.4140043258667,-18.66300392150879,-14.0781888961792,-4.143698692321777,-4.58481502532959,-0.4136848449707031,-0.3881263732910156,-0.4009056091308594,False,False,
pair_0017,05,01,02,01,pair_0017_happy,pair_0017_sad,upper_prompt__lower_spaced,Listen to the speech. Is the speaker HAPPY or SAD? Answer only HAPPY or SAD., happy, sad,[6247],[12421],decision_clamp,decision_clamp_to_21,17,,21,"[{""layer"":17,""patch_kind"":""decision_token"",""source"":""donor""},{""layer"":18,""patch_kind"":""decision_token"",""source"":""donor""},{""layer"":19,""patch_kind"":""decision_token"",""source"":""donor""},{""layer"":20,""patch_kind"":""decision_token"",""source"":""donor""},{""layer"":21,""patch_kind"":""decision_token"",""source"":""donor""}]",post_decoder_block_output,decision_token,-18.638935089111328,-14.255763053894043,-18.50379180908203,-13.944811820983887,-4.383172035217285,-4.5589799880981445,-18.489248275756836,-13.96745777130127,-18.6644287109375,-14.230975151062012,-4.521790504455566,-4.433453559875488,0.13861846923828125,0.12552642822265625,0.13207244873046875,True,True,
pair_0018,05,02,01,01,pair_0018_happy,pair_0018_sad,upper_prompt__lower_spaced,Listen to the speech. Is the speaker HAPPY or SAD? Answer only HAPPY or SAD., happy, sad,[6247],[12421],decision_clamp,decision_clamp_to_21,17,,21,"[{""layer"":17,""patch_kind"":""decision_token"",""source"":""donor""},{""layer"":18,""patch_kind"":""decision_token"",""source"":""donor""},{""layer"":19,""patch_kind"":""decision_token"",""source"":""donor""},{""layer"":20,""patch_kind"":""decision_token"",""source"":""donor""},{""layer"":21,""patch_kind"":""decision_token"",""source"":""donor""}]",post_decoder_block_output,decision_token,-18.000730514526367,-14.714016914367676,-18.26675796508789,-14.785633087158203,-3.2867136001586914,-3.4811248779296875,-18.161649703979492,-14.632407188415527,-18.106718063354492,-14.856170654296875,-3.529242515563965,-3.250547409057617,0.24252891540527344,0.2305774688720703,0.23655319213867188,True,True,
pair_0019,05,02,02,01,pair_0019_happy,pair_0019_sad,upper_prompt__lower_spaced,Listen to the speech. Is the speaker HAPPY or SAD? Answer only HAPPY or SAD., happy, sad,[6247],[12421],decision_clamp,decision_clamp_to_21,17,,21,"[{""layer"":17,""patch_kind"":""decision_token"",""source"":""donor""},{""layer"":18,""patch_kind"":""decision_token"",""source"":""donor""},{""layer"":19,""patch_kind"":""decision_token"",""source"":""donor""},{""layer"":20,""patch_kind"":""decision_token"",""source"":""donor""},{""layer"":21,""patch_kind"":""decision_token"",""source"":""donor""}]",post_decoder_block_output,decision_token,-18.202608108520508,-14.727049827575684,-17.76186752319336,-14.475021362304688,-3.475558280944824,-3.286846160888672,-17.775014877319336,-14.501079559326172,-18.190576553344727,-14.703731536865234,-3.273935317993164,-3.486845016479492,-0.20162296295166016,-0.1999988555908203,-0.20081090927124023,False,False,
pair_0020,06,01,01,01,pair_0020_happy,pair_0020_sad,upper_prompt__lower_spaced,Listen to the speech. Is the speaker HAPPY or SAD? Answer only HAPPY or SAD., happy, sad,[6247],[12421],decision_clamp,decision_clamp_to_21,17,,21,"[{""layer"":17,""patch_kind"":""decision_token"",""source"":""donor""},{""layer"":18,""patch_kind"":""decision_token"",""source"":""donor""},{""layer"":19,""patch_kind"":""decision_token"",""source"":""donor""},{""layer"":20,""patch_kind"":""decision_token"",""source"":""donor""},{""layer"":21,""patch_kind"":""decision_token"",""source"":""donor""}]",post_decoder_block_output,decision_token,-18.270139694213867,-14.0554780960083,-18.622514724731445,-14.09838581085205,-4.214661598205566,-4.5241289138793945,-18.64220428466797,-14.09883975982666,-18.2528018951416,-14.056269645690918,-4.543364524841309,-4.196532249450684,0.3287029266357422,0.32759666442871094,0.32814979553222656,True,True,
pair_0021,06,01,02,01,pair_0021_happy,pair_0021_sad,upper_prompt__lower_spaced,Listen to the speech. Is the speaker HAPPY or SAD? Answer only HAPPY or SAD., happy, sad,[6247],[12421],decision_clamp,decision_clamp_to_21,17,,21,"[{""layer"":17,""patch_kind"":""decision_token"",""source"":""donor""},{""layer"":18,""patch_kind"":""decision_token"",""source"":""donor""},{""layer"":19,""patch_kind"":""decision_token"",""source"":""donor""},{""layer"":20,""patch_kind"":""decision_token"",""source"":""donor""},{""layer"":21,""patch_kind"":""decision_token"",""source"":""donor""}]",post_decoder_block_output,decision_token,-18.518516540527344,-14.262524604797363,-18.693706512451172,-14.079412460327148,-4.2559919357299805,-4.614294052124023,-18.69156837463379,-14.109724044799805,-18.52227210998535,-14.230695724487305,-4.581844329833984,-4.291576385498047,0.3258523941040039,0.32271766662597656,0.32428503036499023,True,True,
pair_0022,06,02,01,01,pair_0022_happy,pair_0022_sad,upper_prompt__lower_spaced,Listen to the speech. Is the speaker HAPPY or SAD? Answer only HAPPY or SAD., happy, sad,[6247],[12421],decision_clamp,decision_clamp_to_21,17,,21,"[{""layer"":17,""patch_kind"":""decision_token"",""source"":""donor""},{""layer"":18,""patch_kind"":""decision_token"",""source"":""donor""},{""layer"":19,""patch_kind"":""decision_token"",""source"":""donor""},{""layer"":20,""patch_kind"":""decision_token"",""source"":""donor""},{""layer"":21,""patch_kind"":""decision_token"",""source"":""donor""}]",post_decoder_block_output,decision_token,-18.048234939575195,-14.446083068847656,-18.00354766845703,-14.538506507873535,-3.602151870727539,-3.465041160583496,-18.01978874206543,-14.510170936584473,-18.033857345581055,-14.475180625915527,-3.509617805480957,-3.5586767196655273,-0.09253406524658203,-0.09363555908203125,-0.09308481216430664,False,False,
pair_0023,06,02,02,01,pair_0023_happy,pair_0023_sad,upper_prompt__lower_spaced,Listen to the speech. Is the speaker HAPPY or SAD? Answer only HAPPY or SAD., happy, sad,[6247],[12421],decision_clamp,decision_clamp_to_21,17,,21,"[{""layer"":17,""patch_kind"":""decision_token"",""source"":""donor""},{""layer"":18,""patch_kind"":""decision_token"",""source"":""donor""},{""layer"":19,""patch_kind"":""decision_token"",""source"":""donor""},{""layer"":20,""patch_kind"":""decision_token"",""source"":""donor""},{""layer"":21,""patch_kind"":""decision_token"",""source"":""donor""}]",post_decoder_block_output,decision_token,-17.950851440429688,-14.493545532226562,-18.027484893798828,-14.372323989868164,-3.457305908203125,-3.655160903930664,-18.037267684936523,-14.37703800201416,-17.942584991455078,-14.491901397705078,-3.6602296829223633,-3.45068359375,0.20292377471923828,0.20447731018066406,0.20370054244995117,True,True,
pair_0024,07,01,01,01,pair_0024_happy,pair_0024_sad,upper_prompt__lower_spaced,Listen to the speech. Is the speaker HAPPY or SAD? Answer only HAPPY or SAD., happy, sad,[6247],[12421],decision_clamp,decision_clamp_to_21,17,,21,"[{""layer"":17,""patch_kind"":""decision_token"",""source"":""donor""},{""layer"":18,""patch_kind"":""decision_token"",""source"":""donor""},{""layer"":19,""patch_kind"":""decision_token"",""source"":""donor""},{""layer"":20,""patch_kind"":""decision_token"",""source"":""donor""},{""layer"":21,""patch_kind"":""decision_token"",""source"":""donor""}]",post_decoder_block_output,decision_token,-18.09006118774414,-13.70536994934082,-18.24040985107422,-14.0731840133667,-4.38469123840332,-4.1672258377075195,-18.312936782836914,-14.06177043914795,-17.99576759338379,-13.722640991210938,-4.251166343688965,-4.273126602172852,-0.13352489471435547,-0.10590076446533203,-0.11971282958984375,False,False,
pair_0025,07,01,02,01,pair_0025_happy,pair_0025_sad,upper_prompt__lower_spaced,Listen to the speech. Is the speaker HAPPY or SAD? Answer only HAPPY or SAD., happy, sad,[6247],[12421],decision_clamp,decision_clamp_to_21,17,,21,"[{""layer"":17,""patch_kind"":""decision_token"",""source"":""donor""},{""layer"":18,""patch_kind"":""decision_token"",""source"":""donor""},{""layer"":19,""patch_kind"":""decision_token"",""source"":""donor""},{""layer"":20,""patch_kind"":""decision_token"",""source"":""donor""},{""layer"":21,""patch_kind"":""decision_token"",""source"":""donor""}]",post_decoder_block_output,decision_token,-18.489057540893555,-13.88498592376709,-18.49165916442871,-13.795110702514648,-4.604071617126465,-4.6965484619140625,-18.47739601135254,-13.795435905456543,-18.50121307373047,-13.88294792175293,-4.681960105895996,-4.618265151977539,0.07788848876953125,0.07828330993652344,0.07808589935302734,True,True,
pair_0026,07,02,01,01,pair_0026_happy,pair_0026_sad,upper_prompt__lower_spaced,Listen to the speech. Is the speaker HAPPY or SAD? Answer only HAPPY or SAD., happy, sad,[6247],[12421],decision_clamp,decision_clamp_to_21,17,,21,"[{""layer"":17,""patch_kind"":""decision_token"",""source"":""donor""},{""layer"":18,""patch_kind"":""decision_token"",""source"":""donor""},{""layer"":19,""patch_kind"":""decision_token"",""source"":""donor""},{""layer"":20,""patch_kind"":""decision_token"",""source"":""donor""},{""layer"":21,""patch_kind"":""decision_token"",""source"":""donor""}]",post_decoder_block_output,decision_token,-18.1934757232666,-14.413429260253906,-18.108972549438477,-14.478107452392578,-3.7800464630126953,-3.6308650970458984,-18.18890380859375,-14.49898910522461,-18.10994529724121,-14.39194107055664,-3.6899147033691406,-3.7180042266845703,-0.09013175964355469,-0.08713912963867188,-0.08863544464111328,False,False,
pair_0027,07,02,02,01,pair_0027_happy,pair_0027_sad,upper_prompt__lower_spaced,Listen to the speech. Is the speaker HAPPY or SAD? Answer only HAPPY or SAD., happy, sad,[6247],[12421],decision_clamp,decision_clamp_to_21,17,,21,"[{""layer"":17,""patch_kind"":""decision_token"",""source"":""donor""},{""layer"":18,""patch_kind"":""decision_token"",""source"":""donor""},{""layer"":19,""patch_kind"":""decision_token"",""source"":""donor""},{""layer"":20,""patch_kind"":""decision_token"",""source"":""donor""},{""layer"":21,""patch_kind"":""decision_token"",""source"":""donor""}]",post_decoder_block_output,decision_token,-18.1934757232666,-14.413429260253906,-17.917301177978516,-14.347782135009766,-3.7800464630126953,-3.56951904296875,-18.003995895385742,-14.351672172546387,-18.10541343688965,-14.409891128540039,-3.6523237228393555,-3.6955223083496094,-0.12772274017333984,-0.12600326538085938,-0.1268630027770996,False,False,
pair_0028,08,01,01,01,pair_0028_happy,pair_0028_sad,upper_prompt__lower_spaced,Listen to the speech. Is the speaker HAPPY or SAD? Answer only HAPPY or SAD., happy, sad,[6247],[12421],decision_clamp,decision_clamp_to_21,17,,21,"[{""layer"":17,""patch_kind"":""decision_token"",""source"":""donor""},{""layer"":18,""patch_kind"":""decision_token"",""source"":""donor""},{""layer"":19,""patch_kind"":""decision_token"",""source"":""donor""},{""layer"":20,""patch_kind"":""decision_token"",""source"":""donor""},{""layer"":21,""patch_kind"":""decision_token"",""source"":""donor""}]",post_decoder_block_output,decision_token,-17.895870208740234,-14.022705078125,-18.853595733642578,-13.817150115966797,-3.8731651306152344,-5.036445617675781,-18.768512725830078,-13.786574363708496,-18.01398468017578,-14.067742347717285,-4.981938362121582,-3.946242332458496,1.1087732315063477,1.0902032852172852,1.0994882583618164,True,True,
pair_0029,08,01,02,01,pair_0029_happy,pair_0029_sad,upper_prompt__lower_spaced,Listen to the speech. Is the speaker HAPPY or SAD? Answer only HAPPY or SAD., happy, sad,[6247],[12421],decision_clamp,decision_clamp_to_21,17,,21,"[{""layer"":17,""patch_kind"":""decision_token"",""source"":""donor""},{""layer"":18,""patch_kind"":""decision_token"",""source"":""donor""},{""layer"":19,""patch_kind"":""decision_token"",""source"":""donor""},{""layer"":20,""patch_kind"":""decision_token"",""source"":""donor""},{""layer"":21,""patch_kind"":""decision_token"",""source"":""donor""}]",post_decoder_block_output,decision_token,-18.307472229003906,-13.782498359680176,-17.66484260559082,-13.374154090881348,-4.5249738693237305,-4.290688514709473,-17.71071434020996,-13.454583168029785,-18.25638198852539,-13.700750350952148,-4.256131172180176,-4.555631637573242,-0.2688426971435547,-0.26494312286376953,-0.2668929100036621,False,False,
pair_0030,08,02,01,01,pair_0030_happy,pair_0030_sad,upper_prompt__lower_spaced,Listen to the speech. Is the speaker HAPPY or SAD? Answer only HAPPY or SAD., happy, sad,[6247],[12421],decision_clamp,decision_clamp_to_21,17,,21,"[{""layer"":17,""patch_kind"":""decision_token"",""source"":""donor""},{""layer"":18,""patch_kind"":""decision_token"",""source"":""donor""},{""layer"":19,""patch_kind"":""decision_token"",""source"":""donor""},{""layer"":20,""patch_kind"":""decision_token"",""source"":""donor""},{""layer"":21,""patch_kind"":""decision_token"",""source"":""donor""}]",post_decoder_block_output,decision_token,-17.869657516479492,-13.974630355834961,-17.25248908996582,-14.594927787780762,-3.8950271606445312,-2.6575613021850586,-17.580184936523438,-14.347038269042969,-17.657392501831055,-14.150853157043457,-3.2331466674804688,-3.5065393447875977,-0.6618804931640625,-0.8489780426025391,-0.7554292678833008,False,False,
pair_0031,08,02,02,01,pair_0031_happy,pair_0031_sad,upper_prompt__lower_spaced,Listen to the speech. Is the speaker HAPPY or SAD? Answer only HAPPY or SAD., happy, sad,[6247],[12421],decision_clamp,decision_clamp_to_21,17,,21,"[{""layer"":17,""patch_kind"":""decision_token"",""source"":""donor""},{""layer"":18,""patch_kind"":""decision_token"",""source"":""donor""},{""layer"":19,""patch_kind"":""decision_token"",""source"":""donor""},{""layer"":20,""patch_kind"":""decision_token"",""source"":""donor""},{""layer"":21,""patch_kind"":""decision_token"",""source"":""donor""}]",post_decoder_block_output,decision_token,-17.836416244506836,-14.024099349975586,-18.205785751342773,-14.933714866638184,-3.81231689453125,-3.27207088470459,-17.932146072387695,-14.467900276184082,-18.0449161529541,-14.36644172668457,-3.4642457962036133,-3.6784744262695312,-0.3480710983276367,-0.4064035415649414,-0.37723731994628906,False,False,
pair_0032,09,01,01,01,pair_0032_happy,pair_0032_sad,upper_prompt__lower_spaced,Listen to the speech. Is the speaker HAPPY or SAD? Answer only HAPPY or SAD., happy, sad,[6247],[12421],decision_clamp,decision_clamp_to_21,17,,21,"[{""layer"":17,""patch_kind"":""decision_token"",""source"":""donor""},{""layer"":18,""patch_kind"":""decision_token"",""source"":""donor""},{""layer"":19,""patch_kind"":""decision_token"",""source"":""donor""},{""layer"":20,""patch_kind"":""decision_token"",""source"":""donor""},{""layer"":21,""patch_kind"":""decision_token"",""source"":""donor""}]",post_decoder_block_output,decision_token,-18.71563148498535,-14.05175495147705,-18.32554054260254,-13.615287780761719,-4.663876533508301,-4.71025276184082,-18.42532730102539,-13.66901969909668,-18.601289749145508,-13.993500709533691,-4.756307601928711,-4.607789039611816,0.09243106842041016,0.1024637222290039,0.09744739532470703,True,True,
pair_0033,09,01,02,01,pair_0033_happy,pair_0033_sad,upper_prompt__lower_spaced,Listen to the speech. Is the speaker HAPPY or SAD? Answer only HAPPY or SAD., happy, sad,[6247],[12421],decision_clamp,decision_clamp_to_21,17,,21,"[{""layer"":17,""patch_kind"":""decision_token"",""source"":""donor""},{""layer"":18,""patch_kind"":""decision_token"",""source"":""donor""},{""layer"":19,""patch_kind"":""decision_token"",""source"":""donor""},{""layer"":20,""patch_kind"":""decision_token"",""source"":""donor""},{""layer"":21,""patch_kind"":""decision_token"",""source"":""donor""}]",post_decoder_block_output,decision_token,-18.97260284423828,-13.914822578430176,-17.69182014465332,-13.4166841506958,-5.0577802658081055,-4.2751359939575195,-17.729476928710938,-13.372754096984863,-18.91720962524414,-13.951638221740723,-4.356722831726074,-4.965571403503418,-0.7010574340820312,-0.6904354095458984,-0.6957464218139648,False,False,
pair_0034,09,02,01,01,pair_0034_happy,pair_0034_sad,upper_prompt__lower_spaced,Listen to the speech. Is the speaker HAPPY or SAD? Answer only HAPPY or SAD., happy, sad,[6247],[12421],decision_clamp,decision_clamp_to_21,17,,21,"[{""layer"":17,""patch_kind"":""decision_token"",""source"":""donor""},{""layer"":18,""patch_kind"":""decision_token"",""source"":""donor""},{""layer"":19,""patch_kind"":""decision_token"",""source"":""donor""},{""layer"":20,""patch_kind"":""decision_token"",""source"":""donor""},{""layer"":21,""patch_kind"":""decision_token"",""source"":""donor""}]",post_decoder_block_output,decision_token,-18.46145248413086,-14.497332572937012,-18.005985260009766,-14.08935832977295,-3.9641199111938477,-3.9166269302368164,-18.128381729125977,-14.350732803344727,-18.32236671447754,-14.215435028076172,-3.77764892578125,-4.106931686401367,-0.18647098541259766,-0.19030475616455078,-0.18838787078857422,False,False,
pair_0035,09,02,02,01,pair_0035_happy,pair_0035_sad,upper_prompt__lower_spaced,Listen to the speech. Is the speaker HAPPY or SAD? Answer only HAPPY or SAD., happy, sad,[6247],[12421],decision_clamp,decision_clamp_to_21,17,,21,"[{""layer"":17,""patch_kind"":""decision_token"",""source"":""donor""},{""layer"":18,""patch_kind"":""decision_token"",""source"":""donor""},{""layer"":19,""patch_kind"":""decision_token"",""source"":""donor""},{""layer"":20,""patch_kind"":""decision_token"",""source"":""donor""},{""layer"":21,""patch_kind"":""decision_token"",""source"":""donor""}]",post_decoder_block_output,decision_token,-18.263702392578125,-14.721343994140625,-18.236169815063477,-13.951910018920898,-3.5423583984375,-4.284259796142578,-18.042842864990234,-14.123175621032715,-18.462461471557617,-14.526121139526367,-3.9196672439575195,-3.93634033203125,0.37730884552001953,0.3479194641113281,0.36261415481567383,True,True,
pair_0036,10,01,01,01,pair_0036_happy,pair_0036_sad,upper_prompt__lower_spaced,Listen to the speech. Is the speaker HAPPY or SAD? Answer only HAPPY or SAD., happy, sad,[6247],[12421],decision_clamp,decision_clamp_to_21,17,,21,"[{""layer"":17,""patch_kind"":""decision_token"",""source"":""donor""},{""layer"":18,""patch_kind"":""decision_token"",""source"":""donor""},{""layer"":19,""patch_kind"":""decision_token"",""source"":""donor""},{""layer"":20,""patch_kind"":""decision_token"",""source"":""donor""},{""layer"":21,""patch_kind"":""decision_token"",""source"":""donor""}]",post_decoder_block_output,decision_token,-18.43072509765625,-14.279913902282715,-18.52195167541504,-13.862289428710938,-4.150811195373535,-4.659662246704102,-18.49659538269043,-13.858579635620117,-18.4501953125,-14.27902889251709,-4.6380157470703125,-4.17116641998291,0.48720455169677734,0.4884958267211914,0.4878501892089844,True,True,
pair_0037,10,01,02,01,pair_0037_happy,pair_0037_sad,upper_prompt__lower_spaced,Listen to the speech. Is the speaker HAPPY or SAD? Answer only HAPPY or SAD., happy, sad,[6247],[12421],decision_clamp,decision_clamp_to_21,17,,21,"[{""layer"":17,""patch_kind"":""decision_token"",""source"":""donor""},{""layer"":18,""patch_kind"":""decision_token"",""source"":""donor""},{""layer"":19,""patch_kind"":""decision_token"",""source"":""donor""},{""layer"":20,""patch_kind"":""decision_token"",""source"":""donor""},{""layer"":21,""patch_kind"":""decision_token"",""source"":""donor""}]",post_decoder_block_output,decision_token,-18.536893844604492,-14.135092735290527,-18.385366439819336,-13.990771293640137,-4.401801109313965,-4.394595146179199,-18.461362838745117,-14.013033866882324,-18.447744369506836,-14.102840423583984,-4.448328971862793,-4.344903945922852,0.046527862548828125,0.049691200256347656,0.04810953140258789,True,True,
pair_0038,10,02,01,01,pair_0038_happy,pair_0038_sad,upper_prompt__lower_spaced,Listen to the speech. Is the speaker HAPPY or SAD? Answer only HAPPY or SAD., happy, sad,[6247],[12421],decision_clamp,decision_clamp_to_21,17,,21,"[{""layer"":17,""patch_kind"":""decision_token"",""source"":""donor""},{""layer"":18,""patch_kind"":""decision_token"",""source"":""donor""},{""layer"":19,""patch_kind"":""decision_token"",""source"":""donor""},{""layer"":20,""patch_kind"":""decision_token"",""source"":""donor""},{""layer"":21,""patch_kind"":""decision_token"",""source"":""donor""}]",post_decoder_block_output,decision_token,-18.626100540161133,-14.971156120300293,-18.138322830200195,-15.568587303161621,-3.65494441986084,-2.569735527038574,-17.904512405395508,-15.225846290588379,-18.869247436523438,-15.303609848022461,-2.678666114807129,-3.5656375885009766,-0.9762783050537109,-0.9959020614624023,-0.9860901832580566,False,False,
pair_0039,10,02,02,01,pair_0039_happy,pair_0039_sad,upper_prompt__lower_spaced,Listen to the speech. Is the speaker HAPPY or SAD? Answer only HAPPY or SAD., happy, sad,[6247],[12421],decision_clamp,decision_clamp_to_21,17,,21,"[{""layer"":17,""patch_kind"":""decision_token"",""source"":""donor""},{""layer"":18,""patch_kind"":""decision_token"",""source"":""donor""},{""layer"":19,""patch_kind"":""decision_token"",""source"":""donor""},{""layer"":20,""patch_kind"":""decision_token"",""source"":""donor""},{""layer"":21,""patch_kind"":""decision_token"",""source"":""donor""}]",post_decoder_block_output,decision_token,-17.940845489501953,-14.391155242919922,-18.010360717773438,-14.663244247436523,-3.5496902465820312,-3.347116470336914,-17.921009063720703,-14.585896492004395,-18.02288246154785,-14.449390411376953,-3.3351125717163086,-3.5734920501708984,-0.21457767486572266,-0.22637557983398438,-0.22047662734985352,False,False,
pair_0040,11,01,01,01,pair_0040_happy,pair_0040_sad,upper_prompt__lower_spaced,Listen to the speech. Is the speaker HAPPY or SAD? Answer only HAPPY or SAD., happy, sad,[6247],[12421],decision_clamp,decision_clamp_to_21,17,,21,"[{""layer"":17,""patch_kind"":""decision_token"",""source"":""donor""},{""layer"":18,""patch_kind"":""decision_token"",""source"":""donor""},{""layer"":19,""patch_kind"":""decision_token"",""source"":""donor""},{""layer"":20,""patch_kind"":""decision_token"",""source"":""donor""},{""layer"":21,""patch_kind"":""decision_token"",""source"":""donor""}]",post_decoder_block_output,decision_token,-18.623796463012695,-14.394556045532227,-18.4024658203125,-13.74590015411377,-4.229240417480469,-4.6565656661987305,-18.45785140991211,-13.830655097961426,-18.58057403564453,-14.318581581115723,-4.627196311950684,-4.261992454528809,0.39795589447021484,0.3945732116699219,0.39626455307006836,True,True,
pair_0041,11,01,02,01,pair_0041_happy,pair_0041_sad,upper_prompt__lower_spaced,Listen to the speech. Is the speaker HAPPY or SAD? Answer only HAPPY or SAD., happy, sad,[6247],[12421],decision_clamp,decision_clamp_to_21,17,,21,"[{""layer"":17,""patch_kind"":""decision_token"",""source"":""donor""},{""layer"":18,""patch_kind"":""decision_token"",""source"":""donor""},{""layer"":19,""patch_kind"":""decision_token"",""source"":""donor""},{""layer"":20,""patch_kind"":""decision_token"",""source"":""donor""},{""layer"":21,""patch_kind"":""decision_token"",""source"":""donor""}]",post_decoder_block_output,decision_token,-18.812341690063477,-14.09249210357666,-18.785491943359375,-13.815770149230957,-4.719849586486816,-4.969721794128418,-18.7919864654541,-13.85158920288086,-18.80899429321289,-14.05198860168457,-4.940397262573242,-4.75700569152832,0.22054767608642578,0.21271610260009766,0.21663188934326172,True,True,
pair_0042,11,02,01,01,pair_0042_happy,pair_0042_sad,upper_prompt__lower_spaced,Listen to the speech. Is the speaker HAPPY or SAD? Answer only HAPPY or SAD., happy, sad,[6247],[12421],decision_clamp,decision_clamp_to_21,17,,21,"[{""layer"":17,""patch_kind"":""decision_token"",""source"":""donor""},{""layer"":18,""patch_kind"":""decision_token"",""source"":""donor""},{""layer"":19,""patch_kind"":""decision_token"",""source"":""donor""},{""layer"":20,""patch_kind"":""decision_token"",""source"":""donor""},{""layer"":21,""patch_kind"":""decision_token"",""source"":""donor""}]",post_decoder_block_output,decision_token,-18.23929214477539,-14.638985633850098,-17.918140411376953,-14.4312105178833,-3.600306510925293,-3.4869298934936523,-17.898258209228516,-14.507229804992676,-18.25571060180664,-14.560866355895996,-3.39102840423584,-3.6948442459106445,-0.20927810668945312,-0.2079143524169922,-0.20859622955322266,False,False,
pair_0043,11,02,02,01,pair_0043_happy,pair_0043_sad,upper_prompt__lower_spaced,Listen to the speech. Is the speaker HAPPY or SAD? Answer only HAPPY or SAD., happy, sad,[6247],[12421],decision_clamp,decision_clamp_to_21,17,,21,"[{""layer"":17,""patch_kind"":""decision_token"",""source"":""donor""},{""layer"":18,""patch_kind"":""decision_token"",""source"":""donor""},{""layer"":19,""patch_kind"":""decision_token"",""source"":""donor""},{""layer"":20,""patch_kind"":""decision_token"",""source"":""donor""},{""layer"":21,""patch_kind"":""decision_token"",""source"":""donor""}]",post_decoder_block_output,decision_token,-18.15532684326172,-14.518304824829102,-17.905120849609375,-14.42210578918457,-3.637022018432617,-3.4830150604248047,-17.95189666748047,-14.445219039916992,-18.11415672302246,-14.502647399902344,-3.5066776275634766,-3.611509323120117,-0.13034439086914062,-0.1284942626953125,-0.12941932678222656,False,False,
pair_0044,12,01,01,01,pair_0044_happy,pair_0044_sad,upper_prompt__lower_spaced,Listen to the speech. Is the speaker HAPPY or SAD? Answer only HAPPY or SAD., happy, sad,[6247],[12421],decision_clamp,decision_clamp_to_21,17,,21,"[{""layer"":17,""patch_kind"":""decision_token"",""source"":""donor""},{""layer"":18,""patch_kind"":""decision_token"",""source"":""donor""},{""layer"":19,""patch_kind"":""decision_token"",""source"":""donor""},{""layer"":20,""patch_kind"":""decision_token"",""source"":""donor""},{""layer"":21,""patch_kind"":""decision_token"",""source"":""donor""}]",post_decoder_block_output,decision_token,-18.62382698059082,-13.893119812011719,-18.424034118652344,-13.92949390411377,-4.730707168579102,-4.494540214538574,-18.456161499023438,-13.9557466506958,-18.588134765625,-13.867476463317871,-4.500414848327637,-4.720658302307129,-0.23029232025146484,-0.2261180877685547,-0.22820520401000977,False,False,
pair_0045,12,01,02,01,pair_0045_happy,pair_0045_sad,upper_prompt__lower_spaced,Listen to the speech. Is the speaker HAPPY or SAD? Answer only HAPPY or SAD., happy, sad,[6247],[12421],decision_clamp,decision_clamp_to_21,17,,21,"[{""layer"":17,""patch_kind"":""decision_token"",""source"":""donor""},{""layer"":18,""patch_kind"":""decision_token"",""source"":""donor""},{""layer"":19,""patch_kind"":""decision_token"",""source"":""donor""},{""layer"":20,""patch_kind"":""decision_token"",""source"":""donor""},{""layer"":21,""patch_kind"":""decision_token"",""source"":""donor""}]",post_decoder_block_output,decision_token,-18.557336807250977,-14.15941333770752,-18.611474990844727,-14.103328704833984,-4.397923469543457,-4.508146286010742,-18.62244415283203,-14.112706184387207,-18.54758071899414,-14.151838302612305,-4.509737968444824,-4.395742416381836,0.11181449890136719,0.11240386962890625,0.11210918426513672,True,True,
pair_0046,12,02,01,01,pair_0046_happy,pair_0046_sad,upper_prompt__lower_spaced,Listen to the speech. Is the speaker HAPPY or SAD? Answer only HAPPY or SAD., happy, sad,[6247],[12421],decision_clamp,decision_clamp_to_21,17,,21,"[{""layer"":17,""patch_kind"":""decision_token"",""source"":""donor""},{""layer"":18,""patch_kind"":""decision_token"",""source"":""donor""},{""layer"":19,""patch_kind"":""decision_token"",""source"":""donor""},{""layer"":20,""patch_kind"":""decision_token"",""source"":""donor""},{""layer"":21,""patch_kind"":""decision_token"",""source"":""donor""}]",post_decoder_block_output,decision_token,-18.1330623626709,-14.706695556640625,-18.050931930541992,-14.204154014587402,-3.4263668060302734,-3.84677791595459,-17.95503044128418,-14.207842826843262,-18.2250919342041,-14.704071998596191,-3.747187614440918,-3.52101993560791,0.32082080841064453,0.3257579803466797,0.3232893943786621,True,True,
pair_0047,12,02,02,01,pair_0047_happy,pair_0047_sad,upper_prompt__lower_spaced,Listen to the speech. Is the speaker HAPPY or SAD? Answer only HAPPY or SAD., happy, sad,[6247],[12421],decision_clamp,decision_clamp_to_21,17,,21,"[{""layer"":17,""patch_kind"":""decision_token"",""source"":""donor""},{""layer"":18,""patch_kind"":""decision_token"",""source"":""donor""},{""layer"":19,""patch_kind"":""decision_token"",""source"":""donor""},{""layer"":20,""patch_kind"":""decision_token"",""source"":""donor""},{""layer"":21,""patch_kind"":""decision_token"",""source"":""donor""}]",post_decoder_block_output,decision_token,-18.207361221313477,-14.713201522827148,-18.167673110961914,-14.448575019836426,-3.494159698486328,-3.7190980911254883,-18.313993453979492,-14.4177885055542,-18.056852340698242,-14.74278736114502,-3.896204948425293,-3.3140649795532227,0.40204524993896484,0.4050331115722656,0.40353918075561523,True,True,
pair_0048,13,01,01,01,pair_0048_happy,pair_0048_sad,upper_prompt__lower_spaced,Listen to the speech. Is the speaker HAPPY or SAD? Answer only HAPPY or SAD., happy, sad,[6247],[12421],decision_clamp,decision_clamp_to_21,17,,21,"[{""layer"":17,""patch_kind"":""decision_token"",""source"":""donor""},{""layer"":18,""patch_kind"":""decision_token"",""source"":""donor""},{""layer"":19,""patch_kind"":""decision_token"",""source"":""donor""},{""layer"":20,""patch_kind"":""decision_token"",""source"":""donor""},{""layer"":21,""patch_kind"":""decision_token"",""source"":""donor""}]",post_decoder_block_output,decision_token,-18.664913177490234,-14.320459365844727,-18.376577377319336,-13.990562438964844,-4.344453811645508,-4.386014938354492,-18.40188217163086,-14.036234855651855,-18.639799118041992,-14.273883819580078,-4.365647315979004,-4.365915298461914,0.021193504333496094,0.020099639892578125,0.02064657211303711,True,True,
pair_0049,13,01,02,01,pair_0049_happy,pair_0049_sad,upper_prompt__lower_spaced,Listen to the speech. Is the speaker HAPPY or SAD? Answer only HAPPY or SAD., happy, sad,[6247],[12421],decision_clamp,decision_clamp_to_21,17,,21,"[{""layer"":17,""patch_kind"":""decision_token"",""source"":""donor""},{""layer"":18,""patch_kind"":""decision_token"",""source"":""donor""},{""layer"":19,""patch_kind"":""decision_token"",""source"":""donor""},{""layer"":20,""patch_kind"":""decision_token"",""source"":""donor""},{""layer"":21,""patch_kind"":""decision_token"",""source"":""donor""}]",post_decoder_block_output,decision_token,-18.525012969970703,-14.230103492736816,-18.583324432373047,-14.079850196838379,-4.294909477233887,-4.503474235534668,-18.454078674316406,-14.075658798217773,-18.649494171142578,-14.232484817504883,-4.378419876098633,-4.417009353637695,0.0835103988647461,0.08646488189697266,0.08498764038085938,True,True,
pair_0050,13,02,01,01,pair_0050_happy,pair_0050_sad,upper_prompt__lower_spaced,Listen to the speech. Is the speaker HAPPY or SAD? Answer only HAPPY or SAD., happy, sad,[6247],[12421],decision_clamp,decision_clamp_to_21,17,,21,"[{""layer"":17,""patch_kind"":""decision_token"",""source"":""donor""},{""layer"":18,""patch_kind"":""decision_token"",""source"":""donor""},{""layer"":19,""patch_kind"":""decision_token"",""source"":""donor""},{""layer"":20,""patch_kind"":""decision_token"",""source"":""donor""},{""layer"":21,""patch_kind"":""decision_token"",""source"":""donor""}]",post_decoder_block_output,decision_token,-18.306961059570312,-15.119586944580078,-17.864843368530273,-14.535221099853516,-3.1873741149902344,-3.329622268676758,-17.909290313720703,-14.597747802734375,-18.255008697509766,-15.050928115844727,-3.311542510986328,-3.204080581665039,0.12416839599609375,0.12554168701171875,0.12485504150390625,True,True,
pair_0051,13,02,02,01,pair_0051_happy,pair_0051_sad,upper_prompt__lower_spaced,Listen to the speech. Is the speaker HAPPY or SAD? Answer only HAPPY or SAD., happy, sad,[6247],[12421],decision_clamp,decision_clamp_to_21,17,,21,"[{""layer"":17,""patch_kind"":""decision_token"",""source"":""donor""},{""layer"":18,""patch_kind"":""decision_token"",""source"":""donor""},{""layer"":19,""patch_kind"":""decision_token"",""source"":""donor""},{""layer"":20,""patch_kind"":""decision_token"",""source"":""donor""},{""layer"":21,""patch_kind"":""decision_token"",""source"":""donor""}]",post_decoder_block_output,decision_token,-18.100208282470703,-14.651471138000488,-17.757957458496094,-14.480119705200195,-3.448737144470215,-3.2778377532958984,-17.67211151123047,-14.523791313171387,-18.188623428344727,-14.607821464538574,-3.148320198059082,-3.5808019638061523,-0.3004169464111328,-0.3029642105102539,-0.30169057846069336,False,False,
pair_0052,14,01,01,01,pair_0052_happy,pair_0052_sad,upper_prompt__lower_spaced,Listen to the speech. Is the speaker HAPPY or SAD? Answer only HAPPY or SAD., happy, sad,[6247],[12421],decision_clamp,decision_clamp_to_21,17,,21,"[{""layer"":17,""patch_kind"":""decision_token"",""source"":""donor""},{""layer"":18,""patch_kind"":""decision_token"",""source"":""donor""},{""layer"":19,""patch_kind"":""decision_token"",""source"":""donor""},{""layer"":20,""patch_kind"":""decision_token"",""source"":""donor""},{""layer"":21,""patch_kind"":""decision_token"",""source"":""donor""}]",post_decoder_block_output,decision_token,-18.30115509033203,-14.129631996154785,-18.541845321655273,-13.755435943603516,-4.171523094177246,-4.786409378051758,-18.675514221191406,-13.818573951721191,-18.16412353515625,-14.065421104431152,-4.856940269470215,-4.098702430725098,0.6854171752929688,0.6877069473266602,0.6865620613098145,True,True,
pair_0053,14,01,02,01,pair_0053_happy,pair_0053_sad,upper_prompt__lower_spaced,Listen to the speech. Is the speaker HAPPY or SAD? Answer only HAPPY or SAD., happy, sad,[6247],[12421],decision_clamp,decision_clamp_to_21,17,,21,"[{""layer"":17,""patch_kind"":""decision_token"",""source"":""donor""},{""layer"":18,""patch_kind"":""decision_token"",""source"":""donor""},{""layer"":19,""patch_kind"":""decision_token"",""source"":""donor""},{""layer"":20,""patch_kind"":""decision_token"",""source"":""donor""},{""layer"":21,""patch_kind"":""decision_token"",""source"":""donor""}]",post_decoder_block_output,decision_token,-18.31179428100586,-14.19974422454834,-18.716501235961914,-14.0404052734375,-4.1120500564575195,-4.676095962524414,-18.728256225585938,-14.04206657409668,-18.298709869384766,-14.198921203613281,-4.686189651489258,-4.099788665771484,0.5741395950317383,0.5763072967529297,0.575223445892334,True,True,
pair_0054,14,02,01,01,pair_0054_happy,pair_0054_sad,upper_prompt__lower_spaced,Listen to the speech. Is the speaker HAPPY or SAD? Answer only HAPPY or SAD., happy, sad,[6247],[12421],decision_clamp,decision_clamp_to_21,17,,21,"[{""layer"":17,""patch_kind"":""decision_token"",""source"":""donor""},{""layer"":18,""patch_kind"":""decision_token"",""source"":""donor""},{""layer"":19,""patch_kind"":""decision_token"",""source"":""donor""},{""layer"":20,""patch_kind"":""decision_token"",""source"":""donor""},{""layer"":21,""patch_kind"":""decision_token"",""source"":""donor""}]",post_decoder_block_output,decision_token,-18.179431915283203,-14.604537963867188,-18.362808227539062,-14.593923568725586,-3.5748939514160156,-3.7688846588134766,-18.272998809814453,-14.60921859741211,-18.27228355407715,-14.586856842041016,-3.6637802124023438,-3.685426712036133,0.08888626098632812,0.08345794677734375,0.08617210388183594,True,True,
pair_0055,14,02,02,01,pair_0055_happy,pair_0055_sad,upper_prompt__lower_spaced,Listen to the speech. Is the speaker HAPPY or SAD? Answer only HAPPY or SAD., happy, sad,[6247],[12421],decision_clamp,decision_clamp_to_21,17,,21,"[{""layer"":17,""patch_kind"":""decision_token"",""source"":""donor""},{""layer"":18,""patch_kind"":""decision_token"",""source"":""donor""},{""layer"":19,""patch_kind"":""decision_token"",""source"":""donor""},{""layer"":20,""patch_kind"":""decision_token"",""source"":""donor""},{""layer"":21,""patch_kind"":""decision_token"",""source"":""donor""}]",post_decoder_block_output,decision_token,-18.11598014831543,-14.773356437683105,-18.366622924804688,-14.505785942077637,-3.342623710632324,-3.860836982727051,-18.285400390625,-14.453388214111328,-18.194971084594727,-14.829483985900879,-3.832012176513672,-3.3654870986938477,0.48938846588134766,0.4953498840332031,0.4923691749572754,True,True,
pair_0056,15,01,01,01,pair_0056_happy,pair_0056_sad,upper_prompt__lower_spaced,Listen to the speech. Is the speaker HAPPY or SAD? Answer only HAPPY or SAD., happy, sad,[6247],[12421],decision_clamp,decision_clamp_to_21,17,,21,"[{""layer"":17,""patch_kind"":""decision_token"",""source"":""donor""},{""layer"":18,""patch_kind"":""decision_token"",""source"":""donor""},{""layer"":19,""patch_kind"":""decision_token"",""source"":""donor""},{""layer"":20,""patch_kind"":""decision_token"",""source"":""donor""},{""layer"":21,""patch_kind"":""decision_token"",""source"":""donor""}]",post_decoder_block_output,decision_token,-18.614431381225586,-14.383585929870605,-18.931833267211914,-14.995478630065918,-4.2308454513549805,-3.936354637145996,-18.829214096069336,-14.912113189697266,-18.744417190551758,-14.485710144042969,-3.9171009063720703,-4.258707046508789,-0.31374454498291016,-0.32235240936279297,-0.31804847717285156,False,False,
pair_0057,15,01,02,01,pair_0057_happy,pair_0057_sad,upper_prompt__lower_spaced,Listen to the speech. Is the speaker HAPPY or SAD? Answer only HAPPY or SAD., happy, sad,[6247],[12421],decision_clamp,decision_clamp_to_21,17,,21,"[{""layer"":17,""patch_kind"":""decision_token"",""source"":""donor""},{""layer"":18,""patch_kind"":""decision_token"",""source"":""donor""},{""layer"":19,""patch_kind"":""decision_token"",""source"":""donor""},{""layer"":20,""patch_kind"":""decision_token"",""source"":""donor""},{""layer"":21,""patch_kind"":""decision_token"",""source"":""donor""}]",post_decoder_block_output,decision_token,-18.798620223999023,-14.357476234436035,-18.458749771118164,-14.200200080871582,-4.441143989562988,-4.258549690246582,-18.418121337890625,-14.157317161560059,-18.8344669342041,-14.39498233795166,-4.260804176330566,-4.439484596252441,-0.18033981323242188,-0.18093490600585938,-0.18063735961914062,False,False,
pair_0058,15,02,01,01,pair_0058_happy,pair_0058_sad,upper_prompt__lower_spaced,Listen to the speech. Is the speaker HAPPY or SAD? Answer only HAPPY or SAD., happy, sad,[6247],[12421],decision_clamp,decision_clamp_to_21,17,,21,"[{""layer"":17,""patch_kind"":""decision_token"",""source"":""donor""},{""layer"":18,""patch_kind"":""decision_token"",""source"":""donor""},{""layer"":19,""patch_kind"":""decision_token"",""source"":""donor""},{""layer"":20,""patch_kind"":""decision_token"",""source"":""donor""},{""layer"":21,""patch_kind"":""decision_token"",""source"":""donor""}]",post_decoder_block_output,decision_token,-18.081218719482422,-14.281206130981445,-18.09486961364746,-14.704352378845215,-3.8000125885009766,-3.390517234802246,-18.07498550415039,-14.669983863830566,-18.100643157958984,-14.315313339233398,-3.405001640319824,-3.785329818725586,-0.39501094818115234,-0.39481258392333984,-0.3949117660522461,False,False,
pair_0059,15,02,02,01,pair_0059_happy,pair_0059_sad,upper_prompt__lower_spaced,Listen to the speech. Is the speaker HAPPY or SAD? Answer only HAPPY or SAD., happy, sad,[6247],[12421],decision_clamp,decision_clamp_to_21,17,,21,"[{""layer"":17,""patch_kind"":""decision_token"",""source"":""donor""},{""layer"":18,""patch_kind"":""decision_token"",""source"":""donor""},{""layer"":19,""patch_kind"":""decision_token"",""source"":""donor""},{""layer"":20,""patch_kind"":""decision_token"",""source"":""donor""},{""layer"":21,""patch_kind"":""decision_token"",""source"":""donor""}]",post_decoder_block_output,decision_token,-18.11525535583496,-14.52250862121582,-18.730762481689453,-14.458134651184082,-3.5927467346191406,-4.272627830505371,-18.346906661987305,-14.225950241088867,-18.381460189819336,-14.56594181060791,-4.1209564208984375,-3.815518379211426,0.5282096862792969,0.4571094512939453,0.4926595687866211,True,True,
pair_0060,16,01,01,01,pair_0060_happy,pair_0060_sad,upper_prompt__lower_spaced,Listen to the speech. Is the speaker HAPPY or SAD? Answer only HAPPY or SAD., happy, sad,[6247],[12421],decision_clamp,decision_clamp_to_21,17,,21,"[{""layer"":17,""patch_kind"":""decision_token"",""source"":""donor""},{""layer"":18,""patch_kind"":""decision_token"",""source"":""donor""},{""layer"":19,""patch_kind"":""decision_token"",""source"":""donor""},{""layer"":20,""patch_kind"":""decision_token"",""source"":""donor""},{""layer"":21,""patch_kind"":""decision_token"",""source"":""donor""}]",post_decoder_block_output,decision_token,-18.571680068969727,-13.818909645080566,-18.521808624267578,-13.838467597961426,-4.75277042388916,-4.683341026306152,-18.5048828125,-13.851943969726562,-18.5882511138916,-13.805033683776855,-4.6529388427734375,-4.783217430114746,-0.09983158111572266,-0.09987640380859375,-0.0998539924621582,False,False,
pair_0061,16,01,02,01,pair_0061_happy,pair_0061_sad,upper_prompt__lower_spaced,Listen to the speech. Is the speaker HAPPY or SAD? Answer only HAPPY or SAD., happy, sad,[6247],[12421],decision_clamp,decision_clamp_to_21,17,,21,"[{""layer"":17,""patch_kind"":""decision_token"",""source"":""donor""},{""layer"":18,""patch_kind"":""decision_token"",""source"":""donor""},{""layer"":19,""patch_kind"":""decision_token"",""source"":""donor""},{""layer"":20,""patch_kind"":""decision_token"",""source"":""donor""},{""layer"":21,""patch_kind"":""decision_token"",""source"":""donor""}]",post_decoder_block_output,decision_token,-18.674955368041992,-14.01839542388916,-18.26150131225586,-14.158429145812988,-4.656559944152832,-4.103072166442871,-18.230234146118164,-14.149855613708496,-18.712703704833984,-14.028529167175293,-4.080378532409668,-4.684174537658691,-0.5761814117431641,-0.5811023712158203,-0.5786418914794922,False,False,
pair_0062,16,02,01,01,pair_0062_happy,pair_0062_sad,upper_prompt__lower_spaced,Listen to the speech. Is the speaker HAPPY or SAD? Answer only HAPPY or SAD., happy, sad,[6247],[12421],decision_clamp,decision_clamp_to_21,17,,21,"[{""layer"":17,""patch_kind"":""decision_token"",""source"":""donor""},{""layer"":18,""patch_kind"":""decision_token"",""source"":""donor""},{""layer"":19,""patch_kind"":""decision_token"",""source"":""donor""},{""layer"":20,""patch_kind"":""decision_token"",""source"":""donor""},{""layer"":21,""patch_kind"":""decision_token"",""source"":""donor""}]",post_decoder_block_output,decision_token,-18.027568817138672,-14.464719772338867,-17.90529441833496,-14.368427276611328,-3.5628490447998047,-3.536867141723633,-17.83083724975586,-14.316573143005371,-18.09316062927246,-14.513282775878906,-3.5142641067504883,-3.5798778533935547,-0.048584938049316406,-0.043010711669921875,-0.04579782485961914,False,False,
pair_0063,16,02,02,01,pair_0063_happy,pair_0063_sad,upper_prompt__lower_spaced,Listen to the speech. Is the speaker HAPPY or SAD? Answer only HAPPY or SAD., happy, sad,[6247],[12421],decision_clamp,decision_clamp_to_21,17,,21,"[{""layer"":17,""patch_kind"":""decision_token"",""source"":""donor""},{""layer"":18,""patch_kind"":""decision_token"",""source"":""donor""},{""layer"":19,""patch_kind"":""decision_token"",""source"":""donor""},{""layer"":20,""patch_kind"":""decision_token"",""source"":""donor""},{""layer"":21,""patch_kind"":""decision_token"",""source"":""donor""}]",post_decoder_block_output,decision_token,-17.94687271118164,-14.69902515411377,-18.040203094482422,-14.327467918395996,-3.247847557067871,-3.712735176086426,-17.975982666015625,-14.390090942382812,-18.007225036621094,-14.635781288146973,-3.5858917236328125,-3.371443748474121,0.3380441665649414,0.3412914276123047,0.33966779708862305,True,True,
pair_0064,17,01,01,01,pair_0064_happy,pair_0064_sad,upper_prompt__lower_spaced,Listen to the speech. Is the speaker HAPPY or SAD? Answer only HAPPY or SAD., happy, sad,[6247],[12421],decision_clamp,decision_clamp_to_21,17,,21,"[{""layer"":17,""patch_kind"":""decision_token"",""source"":""donor""},{""layer"":18,""patch_kind"":""decision_token"",""source"":""donor""},{""layer"":19,""patch_kind"":""decision_token"",""source"":""donor""},{""layer"":20,""patch_kind"":""decision_token"",""source"":""donor""},{""layer"":21,""patch_kind"":""decision_token"",""source"":""donor""}]",post_decoder_block_output,decision_token,-18.533706665039062,-14.080385208129883,-18.318815231323242,-13.884380340576172,-4.45332145690918,-4.43443489074707,-18.354759216308594,-13.895866394042969,-18.497669219970703,-14.065746307373047,-4.458892822265625,-4.431922912597656,0.0055713653564453125,0.0025119781494140625,0.0040416717529296875,True,True,
pair_0065,17,01,02,01,pair_0065_happy,pair_0065_sad,upper_prompt__lower_spaced,Listen to the speech. Is the speaker HAPPY or SAD? Answer only HAPPY or SAD., happy, sad,[6247],[12421],decision_clamp,decision_clamp_to_21,17,,21,"[{""layer"":17,""patch_kind"":""decision_token"",""source"":""donor""},{""layer"":18,""patch_kind"":""decision_token"",""source"":""donor""},{""layer"":19,""patch_kind"":""decision_token"",""source"":""donor""},{""layer"":20,""patch_kind"":""decision_token"",""source"":""donor""},{""layer"":21,""patch_kind"":""decision_token"",""source"":""donor""}]",post_decoder_block_output,decision_token,-18.401418685913086,-14.052645683288574,-18.25725746154785,-13.967479705810547,-4.348773002624512,-4.289777755737305,-18.238636016845703,-14.001761436462402,-18.420957565307617,-14.019719123840332,-4.236874580383301,-4.401238441467285,-0.11189842224121094,-0.11146068572998047,-0.1116795539855957,False,False,
pair_0066,17,02,01,01,pair_0066_happy,pair_0066_sad,upper_prompt__lower_spaced,Listen to the speech. Is the speaker HAPPY or SAD? Answer only HAPPY or SAD., happy, sad,[6247],[12421],decision_clamp,decision_clamp_to_21,17,,21,"[{""layer"":17,""patch_kind"":""decision_token"",""source"":""donor""},{""layer"":18,""patch_kind"":""decision_token"",""source"":""donor""},{""layer"":19,""patch_kind"":""decision_token"",""source"":""donor""},{""layer"":20,""patch_kind"":""decision_token"",""source"":""donor""},{""layer"":21,""patch_kind"":""decision_token"",""source"":""donor""}]",post_decoder_block_output,decision_token,-18.203441619873047,-14.283772468566895,-18.37724494934082,-14.227227210998535,-3.9196691513061523,-4.150017738342285,-18.47130584716797,-14.20753288269043,-18.102153778076172,-14.286202430725098,-4.263772964477539,-3.815951347351074,0.3441038131713867,0.33406639099121094,0.33908510208129883,True,True,
pair_0067,17,02,02,01,pair_0067_happy,pair_0067_sad,upper_prompt__lower_spaced,Listen to the speech. Is the speaker HAPPY or SAD? Answer only HAPPY or SAD., happy, sad,[6247],[12421],decision_clamp,decision_clamp_to_21,17,,21,"[{""layer"":17,""patch_kind"":""decision_token"",""source"":""donor""},{""layer"":18,""patch_kind"":""decision_token"",""source"":""donor""},{""layer"":19,""patch_kind"":""decision_token"",""source"":""donor""},{""layer"":20,""patch_kind"":""decision_token"",""source"":""donor""},{""layer"":21,""patch_kind"":""decision_token"",""source"":""donor""}]",post_decoder_block_output,decision_token,-18.189525604248047,-14.367218017578125,-18.002729415893555,-14.506258010864258,-3.822307586669922,-3.496471405029297,-18.105850219726562,-14.518272399902344,-18.089948654174805,-14.348410606384277,-3.5875778198242188,-3.7415380477905273,-0.23472976684570312,-0.24506664276123047,-0.2398982048034668,False,False,
pair_0068,18,01,01,01,pair_0068_happy,pair_0068_sad,upper_prompt__lower_spaced,Listen to the speech. Is the speaker HAPPY or SAD? Answer only HAPPY or SAD., happy, sad,[6247],[12421],decision_clamp,decision_clamp_to_21,17,,21,"[{""layer"":17,""patch_kind"":""decision_token"",""source"":""donor""},{""layer"":18,""patch_kind"":""decision_token"",""source"":""donor""},{""layer"":19,""patch_kind"":""decision_token"",""source"":""donor""},{""layer"":20,""patch_kind"":""decision_token"",""source"":""donor""},{""layer"":21,""patch_kind"":""decision_token"",""source"":""donor""}]",post_decoder_block_output,decision_token,-18.210012435913086,-14.200634002685547,-18.49770736694336,-14.28528118133545,-4.009378433227539,-4.21242618560791,-18.511363983154297,-14.27556037902832,-18.20025062561035,-14.208452224731445,-4.235803604125977,-3.9917984008789062,0.2264251708984375,0.2206277847290039,0.2235264778137207,True,True,
pair_0069,18,01,02,01,pair_0069_happy,pair_0069_sad,upper_prompt__lower_spaced,Listen to the speech. Is the speaker HAPPY or SAD? Answer only HAPPY or SAD., happy, sad,[6247],[12421],decision_clamp,decision_clamp_to_21,17,,21,"[{""layer"":17,""patch_kind"":""decision_token"",""source"":""donor""},{""layer"":18,""patch_kind"":""decision_token"",""source"":""donor""},{""layer"":19,""patch_kind"":""decision_token"",""source"":""donor""},{""layer"":20,""patch_kind"":""decision_token"",""source"":""donor""},{""layer"":21,""patch_kind"":""decision_token"",""source"":""donor""}]",post_decoder_block_output,decision_token,-18.684219360351562,-14.944689750671387,-18.647714614868164,-14.22707748413086,-3.739529609680176,-4.420637130737305,-18.633146286010742,-14.323723793029785,-18.700057983398438,-14.846650123596191,-4.309422492980957,-3.853407859802246,0.5698928833007812,0.5672292709350586,0.5685610771179199,True,True,
pair_0070,18,02,01,01,pair_0070_happy,pair_0070_sad,upper_prompt__lower_spaced,Listen to the speech. Is the speaker HAPPY or SAD? Answer only HAPPY or SAD., happy, sad,[6247],[12421],decision_clamp,decision_clamp_to_21,17,,21,"[{""layer"":17,""patch_kind"":""decision_token"",""source"":""donor""},{""layer"":18,""patch_kind"":""decision_token"",""source"":""donor""},{""layer"":19,""patch_kind"":""decision_token"",""source"":""donor""},{""layer"":20,""patch_kind"":""decision_token"",""source"":""donor""},{""layer"":21,""patch_kind"":""decision_token"",""source"":""donor""}]",post_decoder_block_output,decision_token,-18.257858276367188,-14.408829689025879,-18.45116424560547,-14.356088638305664,-3.8490285873413086,-4.095075607299805,-18.403757095336914,-14.335108757019043,-18.30393409729004,-14.436331748962402,-4.068648338317871,-3.8676023483276367,0.2196197509765625,0.22747325897216797,0.22354650497436523,True,True,
pair_0071,18,02,02,01,pair_0071_happy,pair_0071_sad,upper_prompt__lower_spaced,Listen to the speech. Is the speaker HAPPY or SAD? Answer only HAPPY or SAD., happy, sad,[6247],[12421],decision_clamp,decision_clamp_to_21,17,,21,"[{""layer"":17,""patch_kind"":""decision_token"",""source"":""donor""},{""layer"":18,""patch_kind"":""decision_token"",""source"":""donor""},{""layer"":19,""patch_kind"":""decision_token"",""source"":""donor""},{""layer"":20,""patch_kind"":""decision_token"",""source"":""donor""},{""layer"":21,""patch_kind"":""decision_token"",""source"":""donor""}]",post_decoder_block_output,decision_token,-18.145662307739258,-13.863798141479492,-18.30503273010254,-14.476175308227539,-4.281864166259766,-3.828857421875,-18.704513549804688,-14.571341514587402,-17.837783813476562,-13.405640602111816,-4.133172035217285,-4.432143211364746,-0.14869213104248047,-0.6032857894897461,-0.3759889602661133,False,False,
pair_0072,19,01,01,01,pair_0072_happy,pair_0072_sad,upper_prompt__lower_spaced,Listen to the speech. Is the speaker HAPPY or SAD? Answer only HAPPY or SAD., happy, sad,[6247],[12421],decision_clamp,decision_clamp_to_21,17,,21,"[{""layer"":17,""patch_kind"":""decision_token"",""source"":""donor""},{""layer"":18,""patch_kind"":""decision_token"",""source"":""donor""},{""layer"":19,""patch_kind"":""decision_token"",""source"":""donor""},{""layer"":20,""patch_kind"":""decision_token"",""source"":""donor""},{""layer"":21,""patch_kind"":""decision_token"",""source"":""donor""}]",post_decoder_block_output,decision_token,-18.514738082885742,-14.067811965942383,-18.540695190429688,-13.83083438873291,-4.446926116943359,-4.709860801696777,-18.446529388427734,-13.8281888961792,-18.60274887084961,-14.070013046264648,-4.618340492248535,-4.532735824584961,0.17141437530517578,0.1771249771118164,0.1742696762084961,True,True,
pair_0073,19,01,02,01,pair_0073_happy,pair_0073_sad,upper_prompt__lower_spaced,Listen to the speech. Is the speaker HAPPY or SAD? Answer only HAPPY or SAD., happy, sad,[6247],[12421],decision_clamp,decision_clamp_to_21,17,,21,"[{""layer"":17,""patch_kind"":""decision_token"",""source"":""donor""},{""layer"":18,""patch_kind"":""decision_token"",""source"":""donor""},{""layer"":19,""patch_kind"":""decision_token"",""source"":""donor""},{""layer"":20,""patch_kind"":""decision_token"",""source"":""donor""},{""layer"":21,""patch_kind"":""decision_token"",""source"":""donor""}]",post_decoder_block_output,decision_token,-18.675731658935547,-13.967928886413574,-18.710811614990234,-14.28913688659668,-4.707802772521973,-4.421674728393555,-18.621809005737305,-14.259206771850586,-18.772249221801758,-13.997013092041016,-4.362602233886719,-4.775236129760742,-0.3452005386352539,-0.3535614013671875,-0.3493809700012207,False,False,
pair_0074,19,02,01,01,pair_0074_happy,pair_0074_sad,upper_prompt__lower_spaced,Listen to the speech. Is the speaker HAPPY or SAD? Answer only HAPPY or SAD., happy, sad,[6247],[12421],decision_clamp,decision_clamp_to_21,17,,21,"[{""layer"":17,""patch_kind"":""decision_token"",""source"":""donor""},{""layer"":18,""patch_kind"":""decision_token"",""source"":""donor""},{""layer"":19,""patch_kind"":""decision_token"",""source"":""donor""},{""layer"":20,""patch_kind"":""decision_token"",""source"":""donor""},{""layer"":21,""patch_kind"":""decision_token"",""source"":""donor""}]",post_decoder_block_output,decision_token,-18.20193099975586,-14.081350326538086,-18.033628463745117,-12.836380004882812,-4.120580673217773,-5.197248458862305,-17.793489456176758,-13.064470291137695,-18.43035888671875,-13.84799575805664,-4.7290191650390625,-4.582363128662109,0.6084384918212891,0.6148853302001953,0.6116619110107422,True,True,
pair_0075,19,02,02,01,pair_0075_happy,pair_0075_sad,upper_prompt__lower_spaced,Listen to the speech. Is the speaker HAPPY or SAD? Answer only HAPPY or SAD., happy, sad,[6247],[12421],decision_clamp,decision_clamp_to_21,17,,21,"[{""layer"":17,""patch_kind"":""decision_token"",""source"":""donor""},{""layer"":18,""patch_kind"":""decision_token"",""source"":""donor""},{""layer"":19,""patch_kind"":""decision_token"",""source"":""donor""},{""layer"":20,""patch_kind"":""decision_token"",""source"":""donor""},{""layer"":21,""patch_kind"":""decision_token"",""source"":""donor""}]",post_decoder_block_output,decision_token,-17.312185287475586,-14.008975982666016,-17.768232345581055,-14.52195930480957,-3.3032093048095703,-3.2462730407714844,-17.748687744140625,-14.639281272888184,-17.32288360595703,-13.87134075164795,-3.1094064712524414,-3.451542854309082,-0.1938028335571289,-0.20526981353759766,-0.19953632354736328,False,False,
pair_0076,20,01,01,01,pair_0076_happy,pair_0076_sad,upper_prompt__lower_spaced,Listen to the speech. Is the speaker HAPPY or SAD? Answer only HAPPY or SAD., happy, sad,[6247],[12421],decision_clamp,decision_clamp_to_21,17,,21,"[{""layer"":17,""patch_kind"":""decision_token"",""source"":""donor""},{""layer"":18,""patch_kind"":""decision_token"",""source"":""donor""},{""layer"":19,""patch_kind"":""decision_token"",""source"":""donor""},{""layer"":20,""patch_kind"":""decision_token"",""source"":""donor""},{""layer"":21,""patch_kind"":""decision_token"",""source"":""donor""}]",post_decoder_block_output,decision_token,-18.47559928894043,-13.930008888244629,-18.531600952148438,-13.823415756225586,-4.545590400695801,-4.708185195922852,-18.63218116760254,-13.803723335266113,-18.387773513793945,-13.957808494567871,-4.828457832336426,-4.429965019226074,0.282867431640625,0.27822017669677734,0.28054380416870117,True,True,
pair_0077,20,01,02,01,pair_0077_happy,pair_0077_sad,upper_prompt__lower_spaced,Listen to the speech. Is the speaker HAPPY or SAD? Answer only HAPPY or SAD., happy, sad,[6247],[12421],decision_clamp,decision_clamp_to_21,17,,21,"[{""layer"":17,""patch_kind"":""decision_token"",""source"":""donor""},{""layer"":18,""patch_kind"":""decision_token"",""source"":""donor""},{""layer"":19,""patch_kind"":""decision_token"",""source"":""donor""},{""layer"":20,""patch_kind"":""decision_token"",""source"":""donor""},{""layer"":21,""patch_kind"":""decision_token"",""source"":""donor""}]",post_decoder_block_output,decision_token,-18.271272659301758,-14.129005432128906,-18.48236846923828,-14.481040000915527,-4.142267227172852,-4.001328468322754,-18.479612350463867,-14.30310344696045,-18.263408660888672,-14.281320571899414,-4.176508903503418,-3.982088088989258,0.034241676330566406,0.019240379333496094,0.02674102783203125,True,True,
pair_0078,20,02,01,01,pair_0078_happy,pair_0078_sad,upper_prompt__lower_spaced,Listen to the speech. Is the speaker HAPPY or SAD? Answer only HAPPY or SAD., happy, sad,[6247],[12421],decision_clamp,decision_clamp_to_21,17,,21,"[{""layer"":17,""patch_kind"":""decision_token"",""source"":""donor""},{""layer"":18,""patch_kind"":""decision_token"",""source"":""donor""},{""layer"":19,""patch_kind"":""decision_token"",""source"":""donor""},{""layer"":20,""patch_kind"":""decision_token"",""source"":""donor""},{""layer"":21,""patch_kind"":""decision_token"",""source"":""donor""}]",post_decoder_block_output,decision_token,-18.257326126098633,-14.755581855773926,-18.208616256713867,-14.755860328674316,-3.501744270324707,-3.452755928039551,-17.937042236328125,-14.30048656463623,-18.56439208984375,-14.869717597961426,-3.6365556716918945,-3.694674491882324,0.1348114013671875,-0.24191856384277344,-0.05355358123779297,True,False,
pair_0079,20,02,02,01,pair_0079_happy,pair_0079_sad,upper_prompt__lower_spaced,Listen to the speech. Is the speaker HAPPY or SAD? Answer only HAPPY or SAD., happy, sad,[6247],[12421],decision_clamp,decision_clamp_to_21,17,,21,"[{""layer"":17,""patch_kind"":""decision_token"",""source"":""donor""},{""layer"":18,""patch_kind"":""decision_token"",""source"":""donor""},{""layer"":19,""patch_kind"":""decision_token"",""source"":""donor""},{""layer"":20,""patch_kind"":""decision_token"",""source"":""donor""},{""layer"":21,""patch_kind"":""decision_token"",""source"":""donor""}]",post_decoder_block_output,decision_token,-18.42920684814453,-14.564261436462402,-17.751972198486328,-14.094348907470703,-3.864945411682129,-3.657623291015625,-17.90826988220215,-14.120715141296387,-18.271955490112305,-14.52653694152832,-3.7875547409057617,-3.7454185485839844,-0.07739067077636719,-0.08779525756835938,-0.08259296417236328,False,False,
pair_0080,21,01,01,01,pair_0080_happy,pair_0080_sad,upper_prompt__lower_spaced,Listen to the speech. Is the speaker HAPPY or SAD? Answer only HAPPY or SAD., happy, sad,[6247],[12421],decision_clamp,decision_clamp_to_21,17,,21,"[{""layer"":17,""patch_kind"":""decision_token"",""source"":""donor""},{""layer"":18,""patch_kind"":""decision_token"",""source"":""donor""},{""layer"":19,""patch_kind"":""decision_token"",""source"":""donor""},{""layer"":20,""patch_kind"":""decision_token"",""source"":""donor""},{""layer"":21,""patch_kind"":""decision_token"",""source"":""donor""}]",post_decoder_block_output,decision_token,-18.470245361328125,-14.200312614440918,-18.25367546081543,-14.158926010131836,-4.269932746887207,-4.094749450683594,-18.21319007873535,-14.162663459777832,-18.516468048095703,-14.199127197265625,-4.0505266189575195,-4.317340850830078,-0.2194061279296875,-0.22259140014648438,-0.22099876403808594,False,False,
pair_0081,21,01,02,01,pair_0081_happy,pair_0081_sad,upper_prompt__lower_spaced,Listen to the speech. Is the speaker HAPPY or SAD? Answer only HAPPY or SAD., happy, sad,[6247],[12421],decision_clamp,decision_clamp_to_21,17,,21,"[{""layer"":17,""patch_kind"":""decision_token"",""source"":""donor""},{""layer"":18,""patch_kind"":""decision_token"",""source"":""donor""},{""layer"":19,""patch_kind"":""decision_token"",""source"":""donor""},{""layer"":20,""patch_kind"":""decision_token"",""source"":""donor""},{""layer"":21,""patch_kind"":""decision_token"",""source"":""donor""}]",post_decoder_block_output,decision_token,-18.46053123474121,-14.23830509185791,-18.299312591552734,-14.097284317016602,-4.222226142883301,-4.202028274536133,-18.27239227294922,-14.114638328552246,-18.490266799926758,-14.220894813537598,-4.157753944396973,-4.26937198638916,-0.06447219848632812,-0.06734371185302734,-0.06590795516967773,False,False,
pair_0082,21,02,01,01,pair_0082_happy,pair_0082_sad,upper_prompt__lower_spaced,Listen to the speech. Is the speaker HAPPY or SAD? Answer only HAPPY or SAD., happy, sad,[6247],[12421],decision_clamp,decision_clamp_to_21,17,,21,"[{""layer"":17,""patch_kind"":""decision_token"",""source"":""donor""},{""layer"":18,""patch_kind"":""decision_token"",""source"":""donor""},{""layer"":19,""patch_kind"":""decision_token"",""source"":""donor""},{""layer"":20,""patch_kind"":""decision_token"",""source"":""donor""},{""layer"":21,""patch_kind"":""decision_token"",""source"":""donor""}]",post_decoder_block_output,decision_token,-17.97361183166504,-14.197131156921387,-17.829065322875977,-14.487285614013672,-3.7764806747436523,-3.3417797088623047,-17.91451072692871,-14.474510192871094,-17.882732391357422,-14.209925651550293,-3.440000534057617,-3.672806739807129,-0.33648014068603516,-0.3310270309448242,-0.3337535858154297,False,False,
pair_0083,21,02,02,01,pair_0083_happy,pair_0083_sad,upper_prompt__lower_spaced,Listen to the speech. Is the speaker HAPPY or SAD? Answer only HAPPY or SAD., happy, sad,[6247],[12421],decision_clamp,decision_clamp_to_21,17,,21,"[{""layer"":17,""patch_kind"":""decision_token"",""source"":""donor""},{""layer"":18,""patch_kind"":""decision_token"",""source"":""donor""},{""layer"":19,""patch_kind"":""decision_token"",""source"":""donor""},{""layer"":20,""patch_kind"":""decision_token"",""source"":""donor""},{""layer"":21,""patch_kind"":""decision_token"",""source"":""donor""}]",post_decoder_block_output,decision_token,-17.93297576904297,-14.61596965789795,-18.092235565185547,-14.633484840393066,-3.3170061111450195,-3.4587507247924805,-18.05718421936035,-14.606183052062988,-17.967126846313477,-14.641411781311035,-3.4510011672973633,-3.3257150650024414,0.13399505615234375,0.13303565979003906,0.1335153579711914,True,True,
pair_0084,22,01,01,01,pair_0084_happy,pair_0084_sad,upper_prompt__lower_spaced,Listen to the speech. Is the speaker HAPPY or SAD? Answer only HAPPY or SAD., happy, sad,[6247],[12421],decision_clamp,decision_clamp_to_21,17,,21,"[{""layer"":17,""patch_kind"":""decision_token"",""source"":""donor""},{""layer"":18,""patch_kind"":""decision_token"",""source"":""donor""},{""layer"":19,""patch_kind"":""decision_token"",""source"":""donor""},{""layer"":20,""patch_kind"":""decision_token"",""source"":""donor""},{""layer"":21,""patch_kind"":""decision_token"",""source"":""donor""}]",post_decoder_block_output,decision_token,-18.682262420654297,-14.192432403564453,-18.470258712768555,-13.706429481506348,-4.489830017089844,-4.763829231262207,-18.44921875,-13.721843719482422,-18.701005935668945,-14.178044319152832,-4.727375030517578,-4.522961616516113,0.23754501342773438,0.24086761474609375,0.23920631408691406,True,True,
pair_0085,22,01,02,01,pair_0085_happy,pair_0085_sad,upper_prompt__lower_spaced,Listen to the speech. Is the speaker HAPPY or SAD? Answer only HAPPY or SAD., happy, sad,[6247],[12421],decision_clamp,decision_clamp_to_21,17,,21,"[{""layer"":17,""patch_kind"":""decision_token"",""source"":""donor""},{""layer"":18,""patch_kind"":""decision_token"",""source"":""donor""},{""layer"":19,""patch_kind"":""decision_token"",""source"":""donor""},{""layer"":20,""patch_kind"":""decision_token"",""source"":""donor""},{""layer"":21,""patch_kind"":""decision_token"",""source"":""donor""}]",post_decoder_block_output,decision_token,-18.272850036621094,-14.236717224121094,-18.724578857421875,-14.284399032592773,-4.0361328125,-4.440179824829102,-18.683698654174805,-14.314188957214355,-18.317304611206055,-14.20813274383545,-4.369509696960449,-4.1091718673706055,0.3333768844604492,0.3310079574584961,0.33219242095947266,True,True,
pair_0086,22,02,01,01,pair_0086_happy,pair_0086_sad,upper_prompt__lower_spaced,Listen to the speech. Is the speaker HAPPY or SAD? Answer only HAPPY or SAD., happy, sad,[6247],[12421],decision_clamp,decision_clamp_to_21,17,,21,"[{""layer"":17,""patch_kind"":""decision_token"",""source"":""donor""},{""layer"":18,""patch_kind"":""decision_token"",""source"":""donor""},{""layer"":19,""patch_kind"":""decision_token"",""source"":""donor""},{""layer"":20,""patch_kind"":""decision_token"",""source"":""donor""},{""layer"":21,""patch_kind"":""decision_token"",""source"":""donor""}]",post_decoder_block_output,decision_token,-18.112878799438477,-14.50664234161377,-18.061094284057617,-14.396312713623047,-3.606236457824707,-3.6647815704345703,-18.02608299255371,-14.371132850646973,-18.14983367919922,-14.527726173400879,-3.6549501419067383,-3.62210750579834,0.04871368408203125,0.04267406463623047,0.04569387435913086,True,True,
pair_0087,22,02,02,01,pair_0087_happy,pair_0087_sad,upper_prompt__lower_spaced,Listen to the speech. Is the speaker HAPPY or SAD? Answer only HAPPY or SAD., happy, sad,[6247],[12421],decision_clamp,decision_clamp_to_21,17,,21,"[{""layer"":17,""patch_kind"":""decision_token"",""source"":""donor""},{""layer"":18,""patch_kind"":""decision_token"",""source"":""donor""},{""layer"":19,""patch_kind"":""decision_token"",""source"":""donor""},{""layer"":20,""patch_kind"":""decision_token"",""source"":""donor""},{""layer"":21,""patch_kind"":""decision_token"",""source"":""donor""}]",post_decoder_block_output,decision_token,-17.975412368774414,-14.336179733276367,-17.852388381958008,-14.33988094329834,-3.639232635498047,-3.512507438659668,-17.93795394897461,-14.328758239746094,-17.883628845214844,-14.358014106750488,-3.6091957092285156,-3.5256147384643555,-0.03003692626953125,-0.0131072998046875,-0.021572113037109375,False,False,
pair_0088,23,01,01,01,pair_0088_happy,pair_0088_sad,upper_prompt__lower_spaced,Listen to the speech. Is the speaker HAPPY or SAD? Answer only HAPPY or SAD., happy, sad,[6247],[12421],decision_clamp,decision_clamp_to_21,17,,21,"[{""layer"":17,""patch_kind"":""decision_token"",""source"":""donor""},{""layer"":18,""patch_kind"":""decision_token"",""source"":""donor""},{""layer"":19,""patch_kind"":""decision_token"",""source"":""donor""},{""layer"":20,""patch_kind"":""decision_token"",""source"":""donor""},{""layer"":21,""patch_kind"":""decision_token"",""source"":""donor""}]",post_decoder_block_output,decision_token,-18.47939682006836,-14.078022956848145,-18.001972198486328,-13.984725952148438,-4.401373863220215,-4.017246246337891,-17.97857093811035,-14.029999732971191,-18.507850646972656,-14.02779483795166,-3.94857120513916,-4.480055809020996,-0.4528026580810547,-0.46280956268310547,-0.4578061103820801,False,False,
pair_0089,23,01,02,01,pair_0089_happy,pair_0089_sad,upper_prompt__lower_spaced,Listen to the speech. Is the speaker HAPPY or SAD? Answer only HAPPY or SAD., happy, sad,[6247],[12421],decision_clamp,decision_clamp_to_21,17,,21,"[{""layer"":17,""patch_kind"":""decision_token"",""source"":""donor""},{""layer"":18,""patch_kind"":""decision_token"",""source"":""donor""},{""layer"":19,""patch_kind"":""decision_token"",""source"":""donor""},{""layer"":20,""patch_kind"":""decision_token"",""source"":""donor""},{""layer"":21,""patch_kind"":""decision_token"",""source"":""donor""}]",post_decoder_block_output,decision_token,-18.697004318237305,-14.208320617675781,-18.652122497558594,-14.244013786315918,-4.488683700561523,-4.408108711242676,-18.551183700561523,-14.282905578613281,-18.801773071289062,-14.158430099487305,-4.268278121948242,-4.643342971801758,-0.22040557861328125,-0.23523426055908203,-0.22781991958618164,False,False,
pair_0090,23,02,01,01,pair_0090_happy,pair_0090_sad,upper_prompt__lower_spaced,Listen to the speech. Is the speaker HAPPY or SAD? Answer only HAPPY or SAD., happy, sad,[6247],[12421],decision_clamp,decision_clamp_to_21,17,,21,"[{""layer"":17,""patch_kind"":""decision_token"",""source"":""donor""},{""layer"":18,""patch_kind"":""decision_token"",""source"":""donor""},{""layer"":19,""patch_kind"":""decision_token"",""source"":""donor""},{""layer"":20,""patch_kind"":""decision_token"",""source"":""donor""},{""layer"":21,""patch_kind"":""decision_token"",""source"":""donor""}]",post_decoder_block_output,decision_token,-18.12325668334961,-14.155843734741211,-17.865354537963867,-14.407626152038574,-3.9674129486083984,-3.457728385925293,-17.864255905151367,-14.292611122131348,-18.147741317749023,-14.28453254699707,-3.5716447830200195,-3.863208770751953,-0.3957681655883789,-0.40548038482666016,-0.40062427520751953,False,False,
pair_0091,23,02,02,01,pair_0091_happy,pair_0091_sad,upper_prompt__lower_spaced,Listen to the speech. Is the speaker HAPPY or SAD? Answer only HAPPY or SAD., happy, sad,[6247],[12421],decision_clamp,decision_clamp_to_21,17,,21,"[{""layer"":17,""patch_kind"":""decision_token"",""source"":""donor""},{""layer"":18,""patch_kind"":""decision_token"",""source"":""donor""},{""layer"":19,""patch_kind"":""decision_token"",""source"":""donor""},{""layer"":20,""patch_kind"":""decision_token"",""source"":""donor""},{""layer"":21,""patch_kind"":""decision_token"",""source"":""donor""}]",post_decoder_block_output,decision_token,-18.110824584960938,-14.51156234741211,-17.68675994873047,-14.507476806640625,-3.599262237548828,-3.1792831420898438,-17.7202091217041,-14.612181663513184,-18.10763931274414,-14.360301971435547,-3.108027458190918,-3.7473373413085938,-0.49123477935791016,-0.56805419921875,-0.5296444892883301,False,False,
pair_0092,24,01,01,01,pair_0092_happy,pair_0092_sad,upper_prompt__lower_spaced,Listen to the speech. Is the speaker HAPPY or SAD? Answer only HAPPY or SAD., happy, sad,[6247],[12421],decision_clamp,decision_clamp_to_21,17,,21,"[{""layer"":17,""patch_kind"":""decision_token"",""source"":""donor""},{""layer"":18,""patch_kind"":""decision_token"",""source"":""donor""},{""layer"":19,""patch_kind"":""decision_token"",""source"":""donor""},{""layer"":20,""patch_kind"":""decision_token"",""source"":""donor""},{""layer"":21,""patch_kind"":""decision_token"",""source"":""donor""}]",post_decoder_block_output,decision_token,-18.272140502929688,-14.17473030090332,-18.658676147460938,-13.953152656555176,-4.097410202026367,-4.705523490905762,-18.584260940551758,-13.947325706481934,-18.353567123413086,-14.184045791625977,-4.636935234069824,-4.169521331787109,0.539525032043457,0.5360021591186523,0.5377635955810547,True,True,
pair_0093,24,01,02,01,pair_0093_happy,pair_0093_sad,upper_prompt__lower_spaced,Listen to the speech. Is the speaker HAPPY or SAD? Answer only HAPPY or SAD., happy, sad,[6247],[12421],decision_clamp,decision_clamp_to_21,17,,21,"[{""layer"":17,""patch_kind"":""decision_token"",""source"":""donor""},{""layer"":18,""patch_kind"":""decision_token"",""source"":""donor""},{""layer"":19,""patch_kind"":""decision_token"",""source"":""donor""},{""layer"":20,""patch_kind"":""decision_token"",""source"":""donor""},{""layer"":21,""patch_kind"":""decision_token"",""source"":""donor""}]",post_decoder_block_output,decision_token,-18.38443946838379,-14.200296401977539,-18.802410125732422,-14.208366394042969,-4.18414306640625,-4.594043731689453,-18.74570655822754,-14.230213165283203,-18.444568634033203,-14.180070877075195,-4.515493392944336,-4.264497756958008,0.33135032653808594,0.3295459747314453,0.3304481506347656,True,True,
pair_0094,24,02,01,01,pair_0094_happy,pair_0094_sad,upper_prompt__lower_spaced,Listen to the speech. Is the speaker HAPPY or SAD? Answer only HAPPY or SAD., happy, sad,[6247],[12421],decision_clamp,decision_clamp_to_21,17,,21,"[{""layer"":17,""patch_kind"":""decision_token"",""source"":""donor""},{""layer"":18,""patch_kind"":""decision_token"",""source"":""donor""},{""layer"":19,""patch_kind"":""decision_token"",""source"":""donor""},{""layer"":20,""patch_kind"":""decision_token"",""source"":""donor""},{""layer"":21,""patch_kind"":""decision_token"",""source"":""donor""}]",post_decoder_block_output,decision_token,-18.109331130981445,-14.389881134033203,-17.85662269592285,-14.2269926071167,-3.719449996948242,-3.6296300888061523,-17.709400177001953,-14.325898170471191,-18.24018669128418,-14.314825057983398,-3.3835020065307617,-3.9253616333007812,-0.33594799041748047,-0.2957315444946289,-0.3158397674560547,False,False,
pair_0095,24,02,02,01,pair_0095_happy,pair_0095_sad,upper_prompt__lower_spaced,Listen to the speech. Is the speaker HAPPY or SAD? Answer only HAPPY or SAD., happy, sad,[6247],[12421],decision_clamp,decision_clamp_to_21,17,,21,"[{""layer"":17,""patch_kind"":""decision_token"",""source"":""donor""},{""layer"":18,""patch_kind"":""decision_token"",""source"":""donor""},{""layer"":19,""patch_kind"":""decision_token"",""source"":""donor""},{""layer"":20,""patch_kind"":""decision_token"",""source"":""donor""},{""layer"":21,""patch_kind"":""decision_token"",""source"":""donor""}]",post_decoder_block_output,decision_token,-17.84119987487793,-14.09777545928955,-17.919200897216797,-14.292767524719238,-3.743424415588379,-3.6264333724975586,-17.96580696105957,-14.20240592956543,-17.792367935180664,-14.188334465026855,-3.7634010314941406,-3.6040334701538086,0.01997661590576172,0.02239990234375,0.02118825912475586,True,True,
pair_0000,01,01,01,01,pair_0000_happy,pair_0000_sad,upper_prompt__lower_spaced,Listen to the speech. Is the speaker HAPPY or SAD? Answer only HAPPY or SAD., happy, sad,[6247],[12421],decision_clamp,decision_clamp_to_22,17,,22,"[{""layer"":17,""patch_kind"":""decision_token"",""source"":""donor""},{""layer"":18,""patch_kind"":""decision_token"",""source"":""donor""},{""layer"":19,""patch_kind"":""decision_token"",""source"":""donor""},{""layer"":20,""patch_kind"":""decision_token"",""source"":""donor""},{""layer"":21,""patch_kind"":""decision_token"",""source"":""donor""},{""layer"":22,""patch_kind"":""decision_token"",""source"":""donor""}]",post_decoder_block_output,decision_token,-18.784337997436523,-14.192665100097656,-18.59215545654297,-14.119668960571289,-4.591672897338867,-4.47248649597168,-18.600990295410156,-14.14711856842041,-18.774532318115234,-14.160333633422852,-4.453871726989746,-4.614198684692383,-0.1378011703491211,-0.14171218872070312,-0.1397566795349121,False,False,
pair_0001,01,01,02,01,pair_0001_happy,pair_0001_sad,upper_prompt__lower_spaced,Listen to the speech. Is the speaker HAPPY or SAD? Answer only HAPPY or SAD., happy, sad,[6247],[12421],decision_clamp,decision_clamp_to_22,17,,22,"[{""layer"":17,""patch_kind"":""decision_token"",""source"":""donor""},{""layer"":18,""patch_kind"":""decision_token"",""source"":""donor""},{""layer"":19,""patch_kind"":""decision_token"",""source"":""donor""},{""layer"":20,""patch_kind"":""decision_token"",""source"":""donor""},{""layer"":21,""patch_kind"":""decision_token"",""source"":""donor""},{""layer"":22,""patch_kind"":""decision_token"",""source"":""donor""}]",post_decoder_block_output,decision_token,-18.62534523010254,-13.82693862915039,-18.685665130615234,-13.871679306030273,-4.798406600952148,-4.813985824584961,-18.654417037963867,-13.838977813720703,-18.659423828125,-13.861577033996582,-4.815439224243164,-4.797846794128418,0.017032623291015625,0.01613903045654297,0.016585826873779297,True,True,
pair_0002,01,02,01,01,pair_0002_happy,pair_0002_sad,upper_prompt__lower_spaced,Listen to the speech. Is the speaker HAPPY or SAD? Answer only HAPPY or SAD., happy, sad,[6247],[12421],decision_clamp,decision_clamp_to_22,17,,22,"[{""layer"":17,""patch_kind"":""decision_token"",""source"":""donor""},{""layer"":18,""patch_kind"":""decision_token"",""source"":""donor""},{""layer"":19,""patch_kind"":""decision_token"",""source"":""donor""},{""layer"":20,""patch_kind"":""decision_token"",""source"":""donor""},{""layer"":21,""patch_kind"":""decision_token"",""source"":""donor""},{""layer"":22,""patch_kind"":""decision_token"",""source"":""donor""}]",post_decoder_block_output,decision_token,-18.101184844970703,-14.566595077514648,-18.250112533569336,-14.308186531066895,-3.5345897674560547,-3.9419260025024414,-18.178165435791016,-14.329852104187012,-18.17561912536621,-14.54566478729248,-3.848313331604004,-3.6299543380737305,0.3137235641479492,0.31197166442871094,0.3128476142883301,True,True,
pair_0003,01,02,02,01,pair_0003_happy,pair_0003_sad,upper_prompt__lower_spaced,Listen to the speech. Is the speaker HAPPY or SAD? Answer only HAPPY or SAD., happy, sad,[6247],[12421],decision_clamp,decision_clamp_to_22,17,,22,"[{""layer"":17,""patch_kind"":""decision_token"",""source"":""donor""},{""layer"":18,""patch_kind"":""decision_token"",""source"":""donor""},{""layer"":19,""patch_kind"":""decision_token"",""source"":""donor""},{""layer"":20,""patch_kind"":""decision_token"",""source"":""donor""},{""layer"":21,""patch_kind"":""decision_token"",""source"":""donor""},{""layer"":22,""patch_kind"":""decision_token"",""source"":""donor""}]",post_decoder_block_output,decision_token,-18.006914138793945,-14.501709938049316,-18.291980743408203,-14.688089370727539,-3.505204200744629,-3.603891372680664,-18.246667861938477,-14.70059585571289,-18.051597595214844,-14.48910903930664,-3.546072006225586,-3.562488555908203,0.04086780548095703,0.04140281677246094,0.041135311126708984,True,True,
pair_0004,02,01,01,01,pair_0004_happy,pair_0004_sad,upper_prompt__lower_spaced,Listen to the speech. Is the speaker HAPPY or SAD? Answer only HAPPY or SAD., happy, sad,[6247],[12421],decision_clamp,decision_clamp_to_22,17,,22,"[{""layer"":17,""patch_kind"":""decision_token"",""source"":""donor""},{""layer"":18,""patch_kind"":""decision_token"",""source"":""donor""},{""layer"":19,""patch_kind"":""decision_token"",""source"":""donor""},{""layer"":20,""patch_kind"":""decision_token"",""source"":""donor""},{""layer"":21,""patch_kind"":""decision_token"",""source"":""donor""},{""layer"":22,""patch_kind"":""decision_token"",""source"":""donor""}]",post_decoder_block_output,decision_token,-18.301326751708984,-14.038238525390625,-18.725671768188477,-13.857430458068848,-4.263088226318359,-4.868241310119629,-18.721359252929688,-13.864958763122559,-18.306230545043945,-14.029594421386719,-4.856400489807129,-4.276636123657227,0.5933122634887695,0.5916051864624023,0.5924587249755859,True,True,
pair_0005,02,01,02,01,pair_0005_happy,pair_0005_sad,upper_prompt__lower_spaced,Listen to the speech. Is the speaker HAPPY or SAD? Answer only HAPPY or SAD., happy, sad,[6247],[12421],decision_clamp,decision_clamp_to_22,17,,22,"[{""layer"":17,""patch_kind"":""decision_token"",""source"":""donor""},{""layer"":18,""patch_kind"":""decision_token"",""source"":""donor""},{""layer"":19,""patch_kind"":""decision_token"",""source"":""donor""},{""layer"":20,""patch_kind"":""decision_token"",""source"":""donor""},{""layer"":21,""patch_kind"":""decision_token"",""source"":""donor""},{""layer"":22,""patch_kind"":""decision_token"",""source"":""donor""}]",post_decoder_block_output,decision_token,-18.589427947998047,-14.114439964294434,-18.74413299560547,-14.046891212463379,-4.474987983703613,-4.69724178314209,-18.719520568847656,-14.035093307495117,-18.61533546447754,-14.126484870910645,-4.684427261352539,-4.4888505935668945,0.20943927764892578,0.2083911895751953,0.20891523361206055,True,True,
pair_0006,02,02,01,01,pair_0006_happy,pair_0006_sad,upper_prompt__lower_spaced,Listen to the speech. Is the speaker HAPPY or SAD? Answer only HAPPY or SAD., happy, sad,[6247],[12421],decision_clamp,decision_clamp_to_22,17,,22,"[{""layer"":17,""patch_kind"":""decision_token"",""source"":""donor""},{""layer"":18,""patch_kind"":""decision_token"",""source"":""donor""},{""layer"":19,""patch_kind"":""decision_token"",""source"":""donor""},{""layer"":20,""patch_kind"":""decision_token"",""source"":""donor""},{""layer"":21,""patch_kind"":""decision_token"",""source"":""donor""},{""layer"":22,""patch_kind"":""decision_token"",""source"":""donor""}]",post_decoder_block_output,decision_token,-17.821413040161133,-14.312002182006836,-17.82419204711914,-14.049148559570312,-3.509410858154297,-3.775043487548828,-17.759321212768555,-14.036148071289062,-17.88666534423828,-14.324581146240234,-3.723173141479492,-3.562084197998047,0.2137622833251953,0.21295928955078125,0.21336078643798828,True,True,
pair_0007,02,02,02,01,pair_0007_happy,pair_0007_sad,upper_prompt__lower_spaced,Listen to the speech. Is the speaker HAPPY or SAD? Answer only HAPPY or SAD., happy, sad,[6247],[12421],decision_clamp,decision_clamp_to_22,17,,22,"[{""layer"":17,""patch_kind"":""decision_token"",""source"":""donor""},{""layer"":18,""patch_kind"":""decision_token"",""source"":""donor""},{""layer"":19,""patch_kind"":""decision_token"",""source"":""donor""},{""layer"":20,""patch_kind"":""decision_token"",""source"":""donor""},{""layer"":21,""patch_kind"":""decision_token"",""source"":""donor""},{""layer"":22,""patch_kind"":""decision_token"",""source"":""donor""}]",post_decoder_block_output,decision_token,-17.819889068603516,-14.41187572479248,-17.866769790649414,-14.385616302490234,-3.408013343811035,-3.4811534881591797,-17.831619262695312,-14.37841796875,-17.85673713684082,-14.41909408569336,-3.4532012939453125,-3.437643051147461,0.045187950134277344,0.04351043701171875,0.04434919357299805,True,True,
pair_0008,03,01,01,01,pair_0008_happy,pair_0008_sad,upper_prompt__lower_spaced,Listen to the speech. Is the speaker HAPPY or SAD? Answer only HAPPY or SAD., happy, sad,[6247],[12421],decision_clamp,decision_clamp_to_22,17,,22,"[{""layer"":17,""patch_kind"":""decision_token"",""source"":""donor""},{""layer"":18,""patch_kind"":""decision_token"",""source"":""donor""},{""layer"":19,""patch_kind"":""decision_token"",""source"":""donor""},{""layer"":20,""patch_kind"":""decision_token"",""source"":""donor""},{""layer"":21,""patch_kind"":""decision_token"",""source"":""donor""},{""layer"":22,""patch_kind"":""decision_token"",""source"":""donor""}]",post_decoder_block_output,decision_token,-18.818166732788086,-14.119091033935547,-18.65387725830078,-14.069162368774414,-4.699075698852539,-4.584714889526367,-18.631038665771484,-14.04520034790039,-18.837053298950195,-14.139728546142578,-4.585838317871094,-4.697324752807617,-0.11323738098144531,-0.11260986328125,-0.11292362213134766,False,False,
pair_0009,03,01,02,01,pair_0009_happy,pair_0009_sad,upper_prompt__lower_spaced,Listen to the speech. Is the speaker HAPPY or SAD? Answer only HAPPY or SAD., happy, sad,[6247],[12421],decision_clamp,decision_clamp_to_22,17,,22,"[{""layer"":17,""patch_kind"":""decision_token"",""source"":""donor""},{""layer"":18,""patch_kind"":""decision_token"",""source"":""donor""},{""layer"":19,""patch_kind"":""decision_token"",""source"":""donor""},{""layer"":20,""patch_kind"":""decision_token"",""source"":""donor""},{""layer"":21,""patch_kind"":""decision_token"",""source"":""donor""},{""layer"":22,""patch_kind"":""decision_token"",""source"":""donor""}]",post_decoder_block_output,decision_token,-18.729928970336914,-14.011101722717285,-18.5625,-14.185173034667969,-4.718827247619629,-4.377326965332031,-18.562450408935547,-14.197480201721191,-18.730300903320312,-14.0,-4.3649702072143555,-4.7303009033203125,-0.35385704040527344,-0.35297393798828125,-0.35341548919677734,False,False,
pair_0010,03,02,01,01,pair_0010_happy,pair_0010_sad,upper_prompt__lower_spaced,Listen to the speech. Is the speaker HAPPY or SAD? Answer only HAPPY or SAD., happy, sad,[6247],[12421],decision_clamp,decision_clamp_to_22,17,,22,"[{""layer"":17,""patch_kind"":""decision_token"",""source"":""donor""},{""layer"":18,""patch_kind"":""decision_token"",""source"":""donor""},{""layer"":19,""patch_kind"":""decision_token"",""source"":""donor""},{""layer"":20,""patch_kind"":""decision_token"",""source"":""donor""},{""layer"":21,""patch_kind"":""decision_token"",""source"":""donor""},{""layer"":22,""patch_kind"":""decision_token"",""source"":""donor""}]",post_decoder_block_output,decision_token,-18.31175994873047,-14.61680793762207,-17.840412139892578,-14.470471382141113,-3.6949520111083984,-3.369940757751465,-17.84364891052246,-14.469005584716797,-18.309053421020508,-14.618701934814453,-3.374643325805664,-3.6903514862060547,-0.3203086853027344,-0.32041072845458984,-0.3203597068786621,False,False,
pair_0011,03,02,02,01,pair_0011_happy,pair_0011_sad,upper_prompt__lower_spaced,Listen to the speech. Is the speaker HAPPY or SAD? Answer only HAPPY or SAD., happy, sad,[6247],[12421],decision_clamp,decision_clamp_to_22,17,,22,"[{""layer"":17,""patch_kind"":""decision_token"",""source"":""donor""},{""layer"":18,""patch_kind"":""decision_token"",""source"":""donor""},{""layer"":19,""patch_kind"":""decision_token"",""source"":""donor""},{""layer"":20,""patch_kind"":""decision_token"",""source"":""donor""},{""layer"":21,""patch_kind"":""decision_token"",""source"":""donor""},{""layer"":22,""patch_kind"":""decision_token"",""source"":""donor""}]",post_decoder_block_output,decision_token,-18.231765747070312,-14.706853866577148,-17.838123321533203,-14.506670951843262,-3.524911880493164,-3.3314523696899414,-17.86949348449707,-14.533793449401855,-18.202144622802734,-14.680540084838867,-3.335700035095215,-3.521604537963867,-0.18921184539794922,-0.19015216827392578,-0.1896820068359375,False,False,
pair_0012,04,01,01,01,pair_0012_happy,pair_0012_sad,upper_prompt__lower_spaced,Listen to the speech. Is the speaker HAPPY or SAD? Answer only HAPPY or SAD., happy, sad,[6247],[12421],decision_clamp,decision_clamp_to_22,17,,22,"[{""layer"":17,""patch_kind"":""decision_token"",""source"":""donor""},{""layer"":18,""patch_kind"":""decision_token"",""source"":""donor""},{""layer"":19,""patch_kind"":""decision_token"",""source"":""donor""},{""layer"":20,""patch_kind"":""decision_token"",""source"":""donor""},{""layer"":21,""patch_kind"":""decision_token"",""source"":""donor""},{""layer"":22,""patch_kind"":""decision_token"",""source"":""donor""}]",post_decoder_block_output,decision_token,-18.358745574951172,-13.756012916564941,-18.717449188232422,-13.85068130493164,-4.6027326583862305,-4.866767883300781,-18.721729278564453,-13.888869285583496,-18.355012893676758,-13.714869499206543,-4.832859992980957,-4.640143394470215,0.23012733459472656,0.2266244888305664,0.22837591171264648,True,True,
pair_0013,04,01,02,01,pair_0013_happy,pair_0013_sad,upper_prompt__lower_spaced,Listen to the speech. Is the speaker HAPPY or SAD? Answer only HAPPY or SAD., happy, sad,[6247],[12421],decision_clamp,decision_clamp_to_22,17,,22,"[{""layer"":17,""patch_kind"":""decision_token"",""source"":""donor""},{""layer"":18,""patch_kind"":""decision_token"",""source"":""donor""},{""layer"":19,""patch_kind"":""decision_token"",""source"":""donor""},{""layer"":20,""patch_kind"":""decision_token"",""source"":""donor""},{""layer"":21,""patch_kind"":""decision_token"",""source"":""donor""},{""layer"":22,""patch_kind"":""decision_token"",""source"":""donor""}]",post_decoder_block_output,decision_token,-18.70948600769043,-14.139888763427734,-18.57384490966797,-13.96951675415039,-4.569597244262695,-4.604328155517578,-18.591562271118164,-13.9995756149292,-18.69164276123047,-14.11017894744873,-4.591986656188965,-4.581463813781738,0.02238941192626953,0.022864341735839844,0.022626876831054688,True,True,
pair_0014,04,02,01,01,pair_0014_happy,pair_0014_sad,upper_prompt__lower_spaced,Listen to the speech. Is the speaker HAPPY or SAD? Answer only HAPPY or SAD., happy, sad,[6247],[12421],decision_clamp,decision_clamp_to_22,17,,22,"[{""layer"":17,""patch_kind"":""decision_token"",""source"":""donor""},{""layer"":18,""patch_kind"":""decision_token"",""source"":""donor""},{""layer"":19,""patch_kind"":""decision_token"",""source"":""donor""},{""layer"":20,""patch_kind"":""decision_token"",""source"":""donor""},{""layer"":21,""patch_kind"":""decision_token"",""source"":""donor""},{""layer"":22,""patch_kind"":""decision_token"",""source"":""donor""}]",post_decoder_block_output,decision_token,-17.875215530395508,-14.271656036376953,-17.993194580078125,-14.42282485961914,-3.6035594940185547,-3.5703697204589844,-17.994773864746094,-14.4373197555542,-17.874034881591797,-14.257349014282227,-3.5574541091918945,-3.6166858673095703,-0.046105384826660156,-0.04631614685058594,-0.04621076583862305,False,False,
pair_0015,04,02,02,01,pair_0015_happy,pair_0015_sad,upper_prompt__lower_spaced,Listen to the speech. Is the speaker HAPPY or SAD? Answer only HAPPY or SAD., happy, sad,[6247],[12421],decision_clamp,decision_clamp_to_22,17,,22,"[{""layer"":17,""patch_kind"":""decision_token"",""source"":""donor""},{""layer"":18,""patch_kind"":""decision_token"",""source"":""donor""},{""layer"":19,""patch_kind"":""decision_token"",""source"":""donor""},{""layer"":20,""patch_kind"":""decision_token"",""source"":""donor""},{""layer"":21,""patch_kind"":""decision_token"",""source"":""donor""},{""layer"":22,""patch_kind"":""decision_token"",""source"":""donor""}]",post_decoder_block_output,decision_token,-17.90298080444336,-14.51931095123291,-18.07615089416504,-14.267594337463379,-3.383669853210449,-3.80855655670166,-18.03126335144043,-14.276651382446289,-17.94811248779297,-14.510345458984375,-3.7546119689941406,-3.4377670288085938,0.3709421157836914,0.3707895278930664,0.3708658218383789,True,True,
pair_0016,05,01,01,01,pair_0016_happy,pair_0016_sad,upper_prompt__lower_spaced,Listen to the speech. Is the speaker HAPPY or SAD? Answer only HAPPY or SAD., happy, sad,[6247],[12421],decision_clamp,decision_clamp_to_22,17,,22,"[{""layer"":17,""patch_kind"":""decision_token"",""source"":""donor""},{""layer"":18,""patch_kind"":""decision_token"",""source"":""donor""},{""layer"":19,""patch_kind"":""decision_token"",""source"":""donor""},{""layer"":20,""patch_kind"":""decision_token"",""source"":""donor""},{""layer"":21,""patch_kind"":""decision_token"",""source"":""donor""},{""layer"":22,""patch_kind"":""decision_token"",""source"":""donor""}]",post_decoder_block_output,decision_token,-18.692672729492188,-14.135289192199707,-18.536806106567383,-14.340117454528809,-4.5573835372924805,-4.196688652038574,-18.576053619384766,-14.375467300415039,-18.655746459960938,-14.103543281555176,-4.200586318969727,-4.552203178405762,-0.3567972183227539,-0.3555145263671875,-0.3561558723449707,False,False,
pair_0017,05,01,02,01,pair_0017_happy,pair_0017_sad,upper_prompt__lower_spaced,Listen to the speech. Is the speaker HAPPY or SAD? Answer only HAPPY or SAD., happy, sad,[6247],[12421],decision_clamp,decision_clamp_to_22,17,,22,"[{""layer"":17,""patch_kind"":""decision_token"",""source"":""donor""},{""layer"":18,""patch_kind"":""decision_token"",""source"":""donor""},{""layer"":19,""patch_kind"":""decision_token"",""source"":""donor""},{""layer"":20,""patch_kind"":""decision_token"",""source"":""donor""},{""layer"":21,""patch_kind"":""decision_token"",""source"":""donor""},{""layer"":22,""patch_kind"":""decision_token"",""source"":""donor""}]",post_decoder_block_output,decision_token,-18.638935089111328,-14.255763053894043,-18.50379180908203,-13.944811820983887,-4.383172035217285,-4.5589799880981445,-18.513507843017578,-13.930676460266113,-18.63023567199707,-14.273324966430664,-4.582831382751465,-4.356910705566406,0.1996593475341797,0.20206928253173828,0.20086431503295898,True,True,
pair_0018,05,02,01,01,pair_0018_happy,pair_0018_sad,upper_prompt__lower_spaced,Listen to the speech. Is the speaker HAPPY or SAD? Answer only HAPPY or SAD., happy, sad,[6247],[12421],decision_clamp,decision_clamp_to_22,17,,22,"[{""layer"":17,""patch_kind"":""decision_token"",""source"":""donor""},{""layer"":18,""patch_kind"":""decision_token"",""source"":""donor""},{""layer"":19,""patch_kind"":""decision_token"",""source"":""donor""},{""layer"":20,""patch_kind"":""decision_token"",""source"":""donor""},{""layer"":21,""patch_kind"":""decision_token"",""source"":""donor""},{""layer"":22,""patch_kind"":""decision_token"",""source"":""donor""}]",post_decoder_block_output,decision_token,-18.000730514526367,-14.714016914367676,-18.26675796508789,-14.785633087158203,-3.2867136001586914,-3.4811248779296875,-18.285911560058594,-14.780699729919434,-17.980480194091797,-14.717679977416992,-3.50521183013916,-3.2628002166748047,0.21849822998046875,0.2183246612548828,0.21841144561767578,True,True,
pair_0019,05,02,02,01,pair_0019_happy,pair_0019_sad,upper_prompt__lower_spaced,Listen to the speech. Is the speaker HAPPY or SAD? Answer only HAPPY or SAD., happy, sad,[6247],[12421],decision_clamp,decision_clamp_to_22,17,,22,"[{""layer"":17,""patch_kind"":""decision_token"",""source"":""donor""},{""layer"":18,""patch_kind"":""decision_token"",""source"":""donor""},{""layer"":19,""patch_kind"":""decision_token"",""source"":""donor""},{""layer"":20,""patch_kind"":""decision_token"",""source"":""donor""},{""layer"":21,""patch_kind"":""decision_token"",""source"":""donor""},{""layer"":22,""patch_kind"":""decision_token"",""source"":""donor""}]",post_decoder_block_output,decision_token,-18.202608108520508,-14.727049827575684,-17.76186752319336,-14.475021362304688,-3.475558280944824,-3.286846160888672,-17.73271369934082,-14.467204093933105,-18.23240852355957,-14.73482608795166,-3.265509605407715,-3.49758243560791,-0.21004867553710938,-0.21073627471923828,-0.21039247512817383,False,False,
pair_0020,06,01,01,01,pair_0020_happy,pair_0020_sad,upper_prompt__lower_spaced,Listen to the speech. Is the speaker HAPPY or SAD? Answer only HAPPY or SAD., happy, sad,[6247],[12421],decision_clamp,decision_clamp_to_22,17,,22,"[{""layer"":17,""patch_kind"":""decision_token"",""source"":""donor""},{""layer"":18,""patch_kind"":""decision_token"",""source"":""donor""},{""layer"":19,""patch_kind"":""decision_token"",""source"":""donor""},{""layer"":20,""patch_kind"":""decision_token"",""source"":""donor""},{""layer"":21,""patch_kind"":""decision_token"",""source"":""donor""},{""layer"":22,""patch_kind"":""decision_token"",""source"":""donor""}]",post_decoder_block_output,decision_token,-18.270139694213867,-14.0554780960083,-18.622514724731445,-14.09838581085205,-4.214661598205566,-4.5241289138793945,-18.616470336914062,-14.099328994750977,-18.277414321899414,-14.054797172546387,-4.517141342163086,-4.222617149353027,0.30247974395751953,0.3015117645263672,0.30199575424194336,True,True,
pair_0021,06,01,02,01,pair_0021_happy,pair_0021_sad,upper_prompt__lower_spaced,Listen to the speech. Is the speaker HAPPY or SAD? Answer only HAPPY or SAD., happy, sad,[6247],[12421],decision_clamp,decision_clamp_to_22,17,,22,"[{""layer"":17,""patch_kind"":""decision_token"",""source"":""donor""},{""layer"":18,""patch_kind"":""decision_token"",""source"":""donor""},{""layer"":19,""patch_kind"":""decision_token"",""source"":""donor""},{""layer"":20,""patch_kind"":""decision_token"",""source"":""donor""},{""layer"":21,""patch_kind"":""decision_token"",""source"":""donor""},{""layer"":22,""patch_kind"":""decision_token"",""source"":""donor""}]",post_decoder_block_output,decision_token,-18.518516540527344,-14.262524604797363,-18.693706512451172,-14.079412460327148,-4.2559919357299805,-4.614294052124023,-18.71340560913086,-14.108050346374512,-18.498371124267578,-14.234478950500488,-4.605355262756348,-4.26389217376709,0.3493633270263672,0.3504018783569336,0.3498826026916504,True,True,
pair_0022,06,02,01,01,pair_0022_happy,pair_0022_sad,upper_prompt__lower_spaced,Listen to the speech. Is the speaker HAPPY or SAD? Answer only HAPPY or SAD., happy, sad,[6247],[12421],decision_clamp,decision_clamp_to_22,17,,22,"[{""layer"":17,""patch_kind"":""decision_token"",""source"":""donor""},{""layer"":18,""patch_kind"":""decision_token"",""source"":""donor""},{""layer"":19,""patch_kind"":""decision_token"",""source"":""donor""},{""layer"":20,""patch_kind"":""decision_token"",""source"":""donor""},{""layer"":21,""patch_kind"":""decision_token"",""source"":""donor""},{""layer"":22,""patch_kind"":""decision_token"",""source"":""donor""}]",post_decoder_block_output,decision_token,-18.048234939575195,-14.446083068847656,-18.00354766845703,-14.538506507873535,-3.602151870727539,-3.465041160583496,-18.00745964050293,-14.55180835723877,-18.045310974121094,-14.43299674987793,-3.45565128326416,-3.612314224243164,-0.1465005874633789,-0.14727306365966797,-0.14688682556152344,False,False,
pair_0023,06,02,02,01,pair_0023_happy,pair_0023_sad,upper_prompt__lower_spaced,Listen to the speech. Is the speaker HAPPY or SAD? Answer only HAPPY or SAD., happy, sad,[6247],[12421],decision_clamp,decision_clamp_to_22,17,,22,"[{""layer"":17,""patch_kind"":""decision_token"",""source"":""donor""},{""layer"":18,""patch_kind"":""decision_token"",""source"":""donor""},{""layer"":19,""patch_kind"":""decision_token"",""source"":""donor""},{""layer"":20,""patch_kind"":""decision_token"",""source"":""donor""},{""layer"":21,""patch_kind"":""decision_token"",""source"":""donor""},{""layer"":22,""patch_kind"":""decision_token"",""source"":""donor""}]",post_decoder_block_output,decision_token,-17.950851440429688,-14.493545532226562,-18.027484893798828,-14.372323989868164,-3.457305908203125,-3.655160903930664,-18.0233097076416,-14.381278991699219,-17.954896926879883,-14.484993934631348,-3.642030715942383,-3.469902992248535,0.1847248077392578,0.1852579116821289,0.18499135971069336,True,True,
pair_0024,07,01,01,01,pair_0024_happy,pair_0024_sad,upper_prompt__lower_spaced,Listen to the speech. Is the speaker HAPPY or SAD? Answer only HAPPY or SAD., happy, sad,[6247],[12421],decision_clamp,decision_clamp_to_22,17,,22,"[{""layer"":17,""patch_kind"":""decision_token"",""source"":""donor""},{""layer"":18,""patch_kind"":""decision_token"",""source"":""donor""},{""layer"":19,""patch_kind"":""decision_token"",""source"":""donor""},{""layer"":20,""patch_kind"":""decision_token"",""source"":""donor""},{""layer"":21,""patch_kind"":""decision_token"",""source"":""donor""},{""layer"":22,""patch_kind"":""decision_token"",""source"":""donor""}]",post_decoder_block_output,decision_token,-18.09006118774414,-13.70536994934082,-18.24040985107422,-14.0731840133667,-4.38469123840332,-4.1672258377075195,-18.233448028564453,-14.051797866821289,-18.096689224243164,-13.727177619934082,-4.181650161743164,-4.369511604309082,-0.20304107666015625,-0.2022857666015625,-0.20266342163085938,False,False,
pair_0025,07,01,02,01,pair_0025_happy,pair_0025_sad,upper_prompt__lower_spaced,Listen to the speech. Is the speaker HAPPY or SAD? Answer only HAPPY or SAD., happy, sad,[6247],[12421],decision_clamp,decision_clamp_to_22,17,,22,"[{""layer"":17,""patch_kind"":""decision_token"",""source"":""donor""},{""layer"":18,""patch_kind"":""decision_token"",""source"":""donor""},{""layer"":19,""patch_kind"":""decision_token"",""source"":""donor""},{""layer"":20,""patch_kind"":""decision_token"",""source"":""donor""},{""layer"":21,""patch_kind"":""decision_token"",""source"":""donor""},{""layer"":22,""patch_kind"":""decision_token"",""source"":""donor""}]",post_decoder_block_output,decision_token,-18.489057540893555,-13.88498592376709,-18.49165916442871,-13.795110702514648,-4.604071617126465,-4.6965484619140625,-18.461977005004883,-13.79484748840332,-18.516210556030273,-13.885270118713379,-4.6671295166015625,-4.6309404373168945,0.06305789947509766,0.06560802459716797,0.06433296203613281,True,True,
pair_0026,07,02,01,01,pair_0026_happy,pair_0026_sad,upper_prompt__lower_spaced,Listen to the speech. Is the speaker HAPPY or SAD? Answer only HAPPY or SAD., happy, sad,[6247],[12421],decision_clamp,decision_clamp_to_22,17,,22,"[{""layer"":17,""patch_kind"":""decision_token"",""source"":""donor""},{""layer"":18,""patch_kind"":""decision_token"",""source"":""donor""},{""layer"":19,""patch_kind"":""decision_token"",""source"":""donor""},{""layer"":20,""patch_kind"":""decision_token"",""source"":""donor""},{""layer"":21,""patch_kind"":""decision_token"",""source"":""donor""},{""layer"":22,""patch_kind"":""decision_token"",""source"":""donor""}]",post_decoder_block_output,decision_token,-18.1934757232666,-14.413429260253906,-18.108972549438477,-14.478107452392578,-3.7800464630126953,-3.6308650970458984,-18.143951416015625,-14.46650505065918,-18.157358169555664,-14.424545288085938,-3.6774463653564453,-3.7328128814697266,-0.10260009765625,-0.10194778442382812,-0.10227394104003906,False,False,
pair_0027,07,02,02,01,pair_0027_happy,pair_0027_sad,upper_prompt__lower_spaced,Listen to the speech. Is the speaker HAPPY or SAD? Answer only HAPPY or SAD., happy, sad,[6247],[12421],decision_clamp,decision_clamp_to_22,17,,22,"[{""layer"":17,""patch_kind"":""decision_token"",""source"":""donor""},{""layer"":18,""patch_kind"":""decision_token"",""source"":""donor""},{""layer"":19,""patch_kind"":""decision_token"",""source"":""donor""},{""layer"":20,""patch_kind"":""decision_token"",""source"":""donor""},{""layer"":21,""patch_kind"":""decision_token"",""source"":""donor""},{""layer"":22,""patch_kind"":""decision_token"",""source"":""donor""}]",post_decoder_block_output,decision_token,-18.1934757232666,-14.413429260253906,-17.917301177978516,-14.347782135009766,-3.7800464630126953,-3.56951904296875,-17.980348587036133,-14.338142395019531,-18.129549026489258,-14.41967487335205,-3.6422061920166016,-3.709874153137207,-0.13784027099609375,-0.14035511016845703,-0.1390976905822754,False,False,
pair_0028,08,01,01,01,pair_0028_happy,pair_0028_sad,upper_prompt__lower_spaced,Listen to the speech. Is the speaker HAPPY or SAD? Answer only HAPPY or SAD., happy, sad,[6247],[12421],decision_clamp,decision_clamp_to_22,17,,22,"[{""layer"":17,""patch_kind"":""decision_token"",""source"":""donor""},{""layer"":18,""patch_kind"":""decision_token"",""source"":""donor""},{""layer"":19,""patch_kind"":""decision_token"",""source"":""donor""},{""layer"":20,""patch_kind"":""decision_token"",""source"":""donor""},{""layer"":21,""patch_kind"":""decision_token"",""source"":""donor""},{""layer"":22,""patch_kind"":""decision_token"",""source"":""donor""}]",post_decoder_block_output,decision_token,-17.895870208740234,-14.022705078125,-18.853595733642578,-13.817150115966797,-3.8731651306152344,-5.036445617675781,-18.843692779541016,-13.81622314453125,-17.908016204833984,-14.02527904510498,-5.027469635009766,-3.882737159729004,1.1543045043945312,1.1537084579467773,1.1540064811706543,True,True,
pair_0029,08,01,02,01,pair_0029_happy,pair_0029_sad,upper_prompt__lower_spaced,Listen to the speech. Is the speaker HAPPY or SAD? Answer only HAPPY or SAD., happy, sad,[6247],[12421],decision_clamp,decision_clamp_to_22,17,,22,"[{""layer"":17,""patch_kind"":""decision_token"",""source"":""donor""},{""layer"":18,""patch_kind"":""decision_token"",""source"":""donor""},{""layer"":19,""patch_kind"":""decision_token"",""source"":""donor""},{""layer"":20,""patch_kind"":""decision_token"",""source"":""donor""},{""layer"":21,""patch_kind"":""decision_token"",""source"":""donor""},{""layer"":22,""patch_kind"":""decision_token"",""source"":""donor""}]",post_decoder_block_output,decision_token,-18.307472229003906,-13.782498359680176,-17.66484260559082,-13.374154090881348,-4.5249738693237305,-4.290688514709473,-17.66159439086914,-13.340217590332031,-18.314353942871094,-13.816533088684082,-4.321376800537109,-4.497820854187012,-0.2035970687866211,-0.20713233947753906,-0.20536470413208008,False,False,
pair_0030,08,02,01,01,pair_0030_happy,pair_0030_sad,upper_prompt__lower_spaced,Listen to the speech. Is the speaker HAPPY or SAD? Answer only HAPPY or SAD., happy, sad,[6247],[12421],decision_clamp,decision_clamp_to_22,17,,22,"[{""layer"":17,""patch_kind"":""decision_token"",""source"":""donor""},{""layer"":18,""patch_kind"":""decision_token"",""source"":""donor""},{""layer"":19,""patch_kind"":""decision_token"",""source"":""donor""},{""layer"":20,""patch_kind"":""decision_token"",""source"":""donor""},{""layer"":21,""patch_kind"":""decision_token"",""source"":""donor""},{""layer"":22,""patch_kind"":""decision_token"",""source"":""donor""}]",post_decoder_block_output,decision_token,-17.869657516479492,-13.974630355834961,-17.25248908996582,-14.594927787780762,-3.8950271606445312,-2.6575613021850586,-17.13921356201172,-14.68470573425293,-17.984331130981445,-13.892589569091797,-2.454507827758789,-4.091741561889648,-1.4405193328857422,-1.4341802597045898,-1.437349796295166,False,False,
pair_0031,08,02,02,01,pair_0031_happy,pair_0031_sad,upper_prompt__lower_spaced,Listen to the speech. Is the speaker HAPPY or SAD? Answer only HAPPY or SAD., happy, sad,[6247],[12421],decision_clamp,decision_clamp_to_22,17,,22,"[{""layer"":17,""patch_kind"":""decision_token"",""source"":""donor""},{""layer"":18,""patch_kind"":""decision_token"",""source"":""donor""},{""layer"":19,""patch_kind"":""decision_token"",""source"":""donor""},{""layer"":20,""patch_kind"":""decision_token"",""source"":""donor""},{""layer"":21,""patch_kind"":""decision_token"",""source"":""donor""},{""layer"":22,""patch_kind"":""decision_token"",""source"":""donor""}]",post_decoder_block_output,decision_token,-17.836416244506836,-14.024099349975586,-18.205785751342773,-14.933714866638184,-3.81231689453125,-3.27207088470459,-18.115184783935547,-14.94277572631836,-17.932222366333008,-14.00900650024414,-3.1724090576171875,-3.923215866088867,-0.6399078369140625,-0.6511449813842773,-0.6455264091491699,False,False,
pair_0032,09,01,01,01,pair_0032_happy,pair_0032_sad,upper_prompt__lower_spaced,Listen to the speech. Is the speaker HAPPY or SAD? Answer only HAPPY or SAD., happy, sad,[6247],[12421],decision_clamp,decision_clamp_to_22,17,,22,"[{""layer"":17,""patch_kind"":""decision_token"",""source"":""donor""},{""layer"":18,""patch_kind"":""decision_token"",""source"":""donor""},{""layer"":19,""patch_kind"":""decision_token"",""source"":""donor""},{""layer"":20,""patch_kind"":""decision_token"",""source"":""donor""},{""layer"":21,""patch_kind"":""decision_token"",""source"":""donor""},{""layer"":22,""patch_kind"":""decision_token"",""source"":""donor""}]",post_decoder_block_output,decision_token,-18.71563148498535,-14.05175495147705,-18.32554054260254,-13.615287780761719,-4.663876533508301,-4.71025276184082,-18.331266403198242,-13.607057571411133,-18.709564208984375,-14.063006401062012,-4.724208831787109,-4.646557807922363,0.060332298278808594,0.06369495391845703,0.06201362609863281,True,True,
pair_0033,09,01,02,01,pair_0033_happy,pair_0033_sad,upper_prompt__lower_spaced,Listen to the speech. Is the speaker HAPPY or SAD? Answer only HAPPY or SAD., happy, sad,[6247],[12421],decision_clamp,decision_clamp_to_22,17,,22,"[{""layer"":17,""patch_kind"":""decision_token"",""source"":""donor""},{""layer"":18,""patch_kind"":""decision_token"",""source"":""donor""},{""layer"":19,""patch_kind"":""decision_token"",""source"":""donor""},{""layer"":20,""patch_kind"":""decision_token"",""source"":""donor""},{""layer"":21,""patch_kind"":""decision_token"",""source"":""donor""},{""layer"":22,""patch_kind"":""decision_token"",""source"":""donor""}]",post_decoder_block_output,decision_token,-18.97260284423828,-13.914822578430176,-17.69182014465332,-13.4166841506958,-5.0577802658081055,-4.2751359939575195,-17.635948181152344,-13.391007423400879,-19.02688980102539,-13.9327974319458,-4.244940757751465,-5.09409236907959,-0.8128395080566406,-0.8189563751220703,-0.8158979415893555,False,False,
pair_0034,09,02,01,01,pair_0034_happy,pair_0034_sad,upper_prompt__lower_spaced,Listen to the speech. Is the speaker HAPPY or SAD? Answer only HAPPY or SAD., happy, sad,[6247],[12421],decision_clamp,decision_clamp_to_22,17,,22,"[{""layer"":17,""patch_kind"":""decision_token"",""source"":""donor""},{""layer"":18,""patch_kind"":""decision_token"",""source"":""donor""},{""layer"":19,""patch_kind"":""decision_token"",""source"":""donor""},{""layer"":20,""patch_kind"":""decision_token"",""source"":""donor""},{""layer"":21,""patch_kind"":""decision_token"",""source"":""donor""},{""layer"":22,""patch_kind"":""decision_token"",""source"":""donor""}]",post_decoder_block_output,decision_token,-18.46145248413086,-14.497332572937012,-18.005985260009766,-14.08935832977295,-3.9641199111938477,-3.9166269302368164,-18.0312442779541,-14.103158950805664,-18.435291290283203,-14.47959041595459,-3.9280853271484375,-3.9557008743286133,-0.036034584045410156,-0.039073944091796875,-0.037554264068603516,False,False,
pair_0035,09,02,02,01,pair_0035_happy,pair_0035_sad,upper_prompt__lower_spaced,Listen to the speech. Is the speaker HAPPY or SAD? Answer only HAPPY or SAD., happy, sad,[6247],[12421],decision_clamp,decision_clamp_to_22,17,,22,"[{""layer"":17,""patch_kind"":""decision_token"",""source"":""donor""},{""layer"":18,""patch_kind"":""decision_token"",""source"":""donor""},{""layer"":19,""patch_kind"":""decision_token"",""source"":""donor""},{""layer"":20,""patch_kind"":""decision_token"",""source"":""donor""},{""layer"":21,""patch_kind"":""decision_token"",""source"":""donor""},{""layer"":22,""patch_kind"":""decision_token"",""source"":""donor""}]",post_decoder_block_output,decision_token,-18.263702392578125,-14.721343994140625,-18.236169815063477,-13.951910018920898,-3.5423583984375,-4.284259796142578,-18.087379455566406,-13.977948188781738,-18.416967391967773,-14.68303108215332,-4.109431266784668,-3.733936309814453,0.567072868347168,0.550323486328125,0.5586981773376465,True,True,
pair_0036,10,01,01,01,pair_0036_happy,pair_0036_sad,upper_prompt__lower_spaced,Listen to the speech. Is the speaker HAPPY or SAD? Answer only HAPPY or SAD., happy, sad,[6247],[12421],decision_clamp,decision_clamp_to_22,17,,22,"[{""layer"":17,""patch_kind"":""decision_token"",""source"":""donor""},{""layer"":18,""patch_kind"":""decision_token"",""source"":""donor""},{""layer"":19,""patch_kind"":""decision_token"",""source"":""donor""},{""layer"":20,""patch_kind"":""decision_token"",""source"":""donor""},{""layer"":21,""patch_kind"":""decision_token"",""source"":""donor""},{""layer"":22,""patch_kind"":""decision_token"",""source"":""donor""}]",post_decoder_block_output,decision_token,-18.43072509765625,-14.279913902282715,-18.52195167541504,-13.862289428710938,-4.150811195373535,-4.659662246704102,-18.539566040039062,-13.895606994628906,-18.415203094482422,-14.246248245239258,-4.643959045410156,-4.168954849243164,0.4931478500366211,0.4907073974609375,0.4919276237487793,True,True,
pair_0037,10,01,02,01,pair_0037_happy,pair_0037_sad,upper_prompt__lower_spaced,Listen to the speech. Is the speaker HAPPY or SAD? Answer only HAPPY or SAD., happy, sad,[6247],[12421],decision_clamp,decision_clamp_to_22,17,,22,"[{""layer"":17,""patch_kind"":""decision_token"",""source"":""donor""},{""layer"":18,""patch_kind"":""decision_token"",""source"":""donor""},{""layer"":19,""patch_kind"":""decision_token"",""source"":""donor""},{""layer"":20,""patch_kind"":""decision_token"",""source"":""donor""},{""layer"":21,""patch_kind"":""decision_token"",""source"":""donor""},{""layer"":22,""patch_kind"":""decision_token"",""source"":""donor""}]",post_decoder_block_output,decision_token,-18.536893844604492,-14.135092735290527,-18.385366439819336,-13.990771293640137,-4.401801109313965,-4.394595146179199,-18.410558700561523,-13.98998737335205,-18.50885772705078,-14.13497257232666,-4.420571327209473,-4.373885154724121,0.018770217895507812,0.020709991455078125,0.01974010467529297,True,True,
pair_0038,10,02,01,01,pair_0038_happy,pair_0038_sad,upper_prompt__lower_spaced,Listen to the speech. Is the speaker HAPPY or SAD? Answer only HAPPY or SAD., happy, sad,[6247],[12421],decision_clamp,decision_clamp_to_22,17,,22,"[{""layer"":17,""patch_kind"":""decision_token"",""source"":""donor""},{""layer"":18,""patch_kind"":""decision_token"",""source"":""donor""},{""layer"":19,""patch_kind"":""decision_token"",""source"":""donor""},{""layer"":20,""patch_kind"":""decision_token"",""source"":""donor""},{""layer"":21,""patch_kind"":""decision_token"",""source"":""donor""},{""layer"":22,""patch_kind"":""decision_token"",""source"":""donor""}]",post_decoder_block_output,decision_token,-18.626100540161133,-14.971156120300293,-18.138322830200195,-15.568587303161621,-3.65494441986084,-2.569735527038574,-18.18239402770996,-15.560532569885254,-18.582120895385742,-14.982730865478516,-2.621861457824707,-3.5993900299072266,-1.0330829620361328,-1.0296545028686523,-1.0313687324523926,False,False,
pair_0039,10,02,02,01,pair_0039_happy,pair_0039_sad,upper_prompt__lower_spaced,Listen to the speech. Is the speaker HAPPY or SAD? Answer only HAPPY or SAD., happy, sad,[6247],[12421],decision_clamp,decision_clamp_to_22,17,,22,"[{""layer"":17,""patch_kind"":""decision_token"",""source"":""donor""},{""layer"":18,""patch_kind"":""decision_token"",""source"":""donor""},{""layer"":19,""patch_kind"":""decision_token"",""source"":""donor""},{""layer"":20,""patch_kind"":""decision_token"",""source"":""donor""},{""layer"":21,""patch_kind"":""decision_token"",""source"":""donor""},{""layer"":22,""patch_kind"":""decision_token"",""source"":""donor""}]",post_decoder_block_output,decision_token,-17.940845489501953,-14.391155242919922,-18.010360717773438,-14.663244247436523,-3.5496902465820312,-3.347116470336914,-17.943172454833984,-14.64962100982666,-18.00991439819336,-14.407061576843262,-3.293551445007324,-3.6028528213500977,-0.25613880157470703,-0.2557363510131836,-0.2559375762939453,False,False,
pair_0040,11,01,01,01,pair_0040_happy,pair_0040_sad,upper_prompt__lower_spaced,Listen to the speech. Is the speaker HAPPY or SAD? Answer only HAPPY or SAD., happy, sad,[6247],[12421],decision_clamp,decision_clamp_to_22,17,,22,"[{""layer"":17,""patch_kind"":""decision_token"",""source"":""donor""},{""layer"":18,""patch_kind"":""decision_token"",""source"":""donor""},{""layer"":19,""patch_kind"":""decision_token"",""source"":""donor""},{""layer"":20,""patch_kind"":""decision_token"",""source"":""donor""},{""layer"":21,""patch_kind"":""decision_token"",""source"":""donor""},{""layer"":22,""patch_kind"":""decision_token"",""source"":""donor""}]",post_decoder_block_output,decision_token,-18.623796463012695,-14.394556045532227,-18.4024658203125,-13.74590015411377,-4.229240417480469,-4.6565656661987305,-18.41498565673828,-13.777746200561523,-18.612199783325195,-14.367146492004395,-4.637239456176758,-4.245053291320801,0.40799903869628906,0.4115123748779297,0.4097557067871094,True,True,
pair_0041,11,01,02,01,pair_0041_happy,pair_0041_sad,upper_prompt__lower_spaced,Listen to the speech. Is the speaker HAPPY or SAD? Answer only HAPPY or SAD., happy, sad,[6247],[12421],decision_clamp,decision_clamp_to_22,17,,22,"[{""layer"":17,""patch_kind"":""decision_token"",""source"":""donor""},{""layer"":18,""patch_kind"":""decision_token"",""source"":""donor""},{""layer"":19,""patch_kind"":""decision_token"",""source"":""donor""},{""layer"":20,""patch_kind"":""decision_token"",""source"":""donor""},{""layer"":21,""patch_kind"":""decision_token"",""source"":""donor""},{""layer"":22,""patch_kind"":""decision_token"",""source"":""donor""}]",post_decoder_block_output,decision_token,-18.812341690063477,-14.09249210357666,-18.785491943359375,-13.815770149230957,-4.719849586486816,-4.969721794128418,-18.79199981689453,-13.796972274780273,-18.80508041381836,-14.113009452819824,-4.995027542114258,-4.692070960998535,0.2751779556274414,0.2776508331298828,0.2764143943786621,True,True,
pair_0042,11,02,01,01,pair_0042_happy,pair_0042_sad,upper_prompt__lower_spaced,Listen to the speech. Is the speaker HAPPY or SAD? Answer only HAPPY or SAD., happy, sad,[6247],[12421],decision_clamp,decision_clamp_to_22,17,,22,"[{""layer"":17,""patch_kind"":""decision_token"",""source"":""donor""},{""layer"":18,""patch_kind"":""decision_token"",""source"":""donor""},{""layer"":19,""patch_kind"":""decision_token"",""source"":""donor""},{""layer"":20,""patch_kind"":""decision_token"",""source"":""donor""},{""layer"":21,""patch_kind"":""decision_token"",""source"":""donor""},{""layer"":22,""patch_kind"":""decision_token"",""source"":""donor""}]",post_decoder_block_output,decision_token,-18.23929214477539,-14.638985633850098,-17.918140411376953,-14.4312105178833,-3.600306510925293,-3.4869298934936523,-17.871665954589844,-14.433338165283203,-18.284420013427734,-14.636571884155273,-3.4383277893066406,-3.647848129272461,-0.16197872161865234,-0.1609182357788086,-0.16144847869873047,False,False,
pair_0043,11,02,02,01,pair_0043_happy,pair_0043_sad,upper_prompt__lower_spaced,Listen to the speech. Is the speaker HAPPY or SAD? Answer only HAPPY or SAD., happy, sad,[6247],[12421],decision_clamp,decision_clamp_to_22,17,,22,"[{""layer"":17,""patch_kind"":""decision_token"",""source"":""donor""},{""layer"":18,""patch_kind"":""decision_token"",""source"":""donor""},{""layer"":19,""patch_kind"":""decision_token"",""source"":""donor""},{""layer"":20,""patch_kind"":""decision_token"",""source"":""donor""},{""layer"":21,""patch_kind"":""decision_token"",""source"":""donor""},{""layer"":22,""patch_kind"":""decision_token"",""source"":""donor""}]",post_decoder_block_output,decision_token,-18.15532684326172,-14.518304824829102,-17.905120849609375,-14.42210578918457,-3.637022018432617,-3.4830150604248047,-17.898637771606445,-14.433740615844727,-18.160982131958008,-14.506763458251953,-3.4648971557617188,-3.6542186737060547,-0.17212486267089844,-0.17120361328125,-0.17166423797607422,False,False,
pair_0044,12,01,01,01,pair_0044_happy,pair_0044_sad,upper_prompt__lower_spaced,Listen to the speech. Is the speaker HAPPY or SAD? Answer only HAPPY or SAD., happy, sad,[6247],[12421],decision_clamp,decision_clamp_to_22,17,,22,"[{""layer"":17,""patch_kind"":""decision_token"",""source"":""donor""},{""layer"":18,""patch_kind"":""decision_token"",""source"":""donor""},{""layer"":19,""patch_kind"":""decision_token"",""source"":""donor""},{""layer"":20,""patch_kind"":""decision_token"",""source"":""donor""},{""layer"":21,""patch_kind"":""decision_token"",""source"":""donor""},{""layer"":22,""patch_kind"":""decision_token"",""source"":""donor""}]",post_decoder_block_output,decision_token,-18.62382698059082,-13.893119812011719,-18.424034118652344,-13.92949390411377,-4.730707168579102,-4.494540214538574,-18.409578323364258,-13.906508445739746,-18.6378231048584,-13.916991233825684,-4.503069877624512,-4.720831871032715,-0.22763729095458984,-0.22629165649414062,-0.22696447372436523,False,False,
pair_0045,12,01,02,01,pair_0045_happy,pair_0045_sad,upper_prompt__lower_spaced,Listen to the speech. Is the speaker HAPPY or SAD? Answer only HAPPY or SAD., happy, sad,[6247],[12421],decision_clamp,decision_clamp_to_22,17,,22,"[{""layer"":17,""patch_kind"":""decision_token"",""source"":""donor""},{""layer"":18,""patch_kind"":""decision_token"",""source"":""donor""},{""layer"":19,""patch_kind"":""decision_token"",""source"":""donor""},{""layer"":20,""patch_kind"":""decision_token"",""source"":""donor""},{""layer"":21,""patch_kind"":""decision_token"",""source"":""donor""},{""layer"":22,""patch_kind"":""decision_token"",""source"":""donor""}]",post_decoder_block_output,decision_token,-18.557336807250977,-14.15941333770752,-18.611474990844727,-14.103328704833984,-4.397923469543457,-4.508146286010742,-18.60597038269043,-14.105995178222656,-18.56246566772461,-14.156169891357422,-4.499975204467773,-4.4062957763671875,0.1020517349243164,0.10185050964355469,0.10195112228393555,True,True,
pair_0046,12,02,01,01,pair_0046_happy,pair_0046_sad,upper_prompt__lower_spaced,Listen to the speech. Is the speaker HAPPY or SAD? Answer only HAPPY or SAD., happy, sad,[6247],[12421],decision_clamp,decision_clamp_to_22,17,,22,"[{""layer"":17,""patch_kind"":""decision_token"",""source"":""donor""},{""layer"":18,""patch_kind"":""decision_token"",""source"":""donor""},{""layer"":19,""patch_kind"":""decision_token"",""source"":""donor""},{""layer"":20,""patch_kind"":""decision_token"",""source"":""donor""},{""layer"":21,""patch_kind"":""decision_token"",""source"":""donor""},{""layer"":22,""patch_kind"":""decision_token"",""source"":""donor""}]",post_decoder_block_output,decision_token,-18.1330623626709,-14.706695556640625,-18.050931930541992,-14.204154014587402,-3.4263668060302734,-3.84677791595459,-18.03408432006836,-14.20797348022461,-18.152362823486328,-14.701434135437012,-3.82611083984375,-3.4509286880493164,0.39974403381347656,0.39584922790527344,0.397796630859375,True,True,
pair_0047,12,02,02,01,pair_0047_happy,pair_0047_sad,upper_prompt__lower_spaced,Listen to the speech. Is the speaker HAPPY or SAD? Answer only HAPPY or SAD., happy, sad,[6247],[12421],decision_clamp,decision_clamp_to_22,17,,22,"[{""layer"":17,""patch_kind"":""decision_token"",""source"":""donor""},{""layer"":18,""patch_kind"":""decision_token"",""source"":""donor""},{""layer"":19,""patch_kind"":""decision_token"",""source"":""donor""},{""layer"":20,""patch_kind"":""decision_token"",""source"":""donor""},{""layer"":21,""patch_kind"":""decision_token"",""source"":""donor""},{""layer"":22,""patch_kind"":""decision_token"",""source"":""donor""}]",post_decoder_block_output,decision_token,-18.207361221313477,-14.713201522827148,-18.167673110961914,-14.448575019836426,-3.494159698486328,-3.7190980911254883,-18.25870132446289,-14.444416046142578,-18.116565704345703,-14.717767715454102,-3.8142852783203125,-3.3987979888916016,0.3201255798339844,0.3203001022338867,0.32021284103393555,True,True,
pair_0048,13,01,01,01,pair_0048_happy,pair_0048_sad,upper_prompt__lower_spaced,Listen to the speech. Is the speaker HAPPY or SAD? Answer only HAPPY or SAD., happy, sad,[6247],[12421],decision_clamp,decision_clamp_to_22,17,,22,"[{""layer"":17,""patch_kind"":""decision_token"",""source"":""donor""},{""layer"":18,""patch_kind"":""decision_token"",""source"":""donor""},{""layer"":19,""patch_kind"":""decision_token"",""source"":""donor""},{""layer"":20,""patch_kind"":""decision_token"",""source"":""donor""},{""layer"":21,""patch_kind"":""decision_token"",""source"":""donor""},{""layer"":22,""patch_kind"":""decision_token"",""source"":""donor""}]",post_decoder_block_output,decision_token,-18.664913177490234,-14.320459365844727,-18.376577377319336,-13.990562438964844,-4.344453811645508,-4.386014938354492,-18.37091064453125,-13.995606422424316,-18.67085075378418,-14.315329551696777,-4.375304222106934,-4.355521202087402,0.03085041046142578,0.030493736267089844,0.030672073364257812,True,True,
pair_0049,13,01,02,01,pair_0049_happy,pair_0049_sad,upper_prompt__lower_spaced,Listen to the speech. Is the speaker HAPPY or SAD? Answer only HAPPY or SAD., happy, sad,[6247],[12421],decision_clamp,decision_clamp_to_22,17,,22,"[{""layer"":17,""patch_kind"":""decision_token"",""source"":""donor""},{""layer"":18,""patch_kind"":""decision_token"",""source"":""donor""},{""layer"":19,""patch_kind"":""decision_token"",""source"":""donor""},{""layer"":20,""patch_kind"":""decision_token"",""source"":""donor""},{""layer"":21,""patch_kind"":""decision_token"",""source"":""donor""},{""layer"":22,""patch_kind"":""decision_token"",""source"":""donor""}]",post_decoder_block_output,decision_token,-18.525012969970703,-14.230103492736816,-18.583324432373047,-14.079850196838379,-4.294909477233887,-4.503474235534668,-18.56893539428711,-14.087508201599121,-18.537906646728516,-14.221844673156738,-4.481427192687988,-4.316061973571777,0.18651771545410156,0.18741226196289062,0.1869649887084961,True,True,
pair_0050,13,02,01,01,pair_0050_happy,pair_0050_sad,upper_prompt__lower_spaced,Listen to the speech. Is the speaker HAPPY or SAD? Answer only HAPPY or SAD., happy, sad,[6247],[12421],decision_clamp,decision_clamp_to_22,17,,22,"[{""layer"":17,""patch_kind"":""decision_token"",""source"":""donor""},{""layer"":18,""patch_kind"":""decision_token"",""source"":""donor""},{""layer"":19,""patch_kind"":""decision_token"",""source"":""donor""},{""layer"":20,""patch_kind"":""decision_token"",""source"":""donor""},{""layer"":21,""patch_kind"":""decision_token"",""source"":""donor""},{""layer"":22,""patch_kind"":""decision_token"",""source"":""donor""}]",post_decoder_block_output,decision_token,-18.306961059570312,-15.119586944580078,-17.864843368530273,-14.535221099853516,-3.1873741149902344,-3.329622268676758,-17.886028289794922,-14.557171821594238,-18.284828186035156,-15.097308158874512,-3.3288564682006836,-3.1875200271606445,0.14148235321044922,0.14210224151611328,0.14179229736328125,True,True,
pair_0051,13,02,02,01,pair_0051_happy,pair_0051_sad,upper_prompt__lower_spaced,Listen to the speech. Is the speaker HAPPY or SAD? Answer only HAPPY or SAD., happy, sad,[6247],[12421],decision_clamp,decision_clamp_to_22,17,,22,"[{""layer"":17,""patch_kind"":""decision_token"",""source"":""donor""},{""layer"":18,""patch_kind"":""decision_token"",""source"":""donor""},{""layer"":19,""patch_kind"":""decision_token"",""source"":""donor""},{""layer"":20,""patch_kind"":""decision_token"",""source"":""donor""},{""layer"":21,""patch_kind"":""decision_token"",""source"":""donor""},{""layer"":22,""patch_kind"":""decision_token"",""source"":""donor""}]",post_decoder_block_output,decision_token,-18.100208282470703,-14.651471138000488,-17.757957458496094,-14.480119705200195,-3.448737144470215,-3.2778377532958984,-17.69806480407715,-14.504853248596191,-18.160531997680664,-14.627032279968262,-3.193211555480957,-3.5334997177124023,-0.2555255889892578,-0.2556619644165039,-0.25559377670288086,False,False,
pair_0052,14,01,01,01,pair_0052_happy,pair_0052_sad,upper_prompt__lower_spaced,Listen to the speech. Is the speaker HAPPY or SAD? Answer only HAPPY or SAD., happy, sad,[6247],[12421],decision_clamp,decision_clamp_to_22,17,,22,"[{""layer"":17,""patch_kind"":""decision_token"",""source"":""donor""},{""layer"":18,""patch_kind"":""decision_token"",""source"":""donor""},{""layer"":19,""patch_kind"":""decision_token"",""source"":""donor""},{""layer"":20,""patch_kind"":""decision_token"",""source"":""donor""},{""layer"":21,""patch_kind"":""decision_token"",""source"":""donor""},{""layer"":22,""patch_kind"":""decision_token"",""source"":""donor""}]",post_decoder_block_output,decision_token,-18.30115509033203,-14.129631996154785,-18.541845321655273,-13.755435943603516,-4.171523094177246,-4.786409378051758,-18.559202194213867,-13.771347045898438,-18.28596305847168,-14.115107536315918,-4.78785514831543,-4.170855522155762,0.6163320541381836,0.6155538558959961,0.6159429550170898,True,True,
pair_0053,14,01,02,01,pair_0053_happy,pair_0053_sad,upper_prompt__lower_spaced,Listen to the speech. Is the speaker HAPPY or SAD? Answer only HAPPY or SAD., happy, sad,[6247],[12421],decision_clamp,decision_clamp_to_22,17,,22,"[{""layer"":17,""patch_kind"":""decision_token"",""source"":""donor""},{""layer"":18,""patch_kind"":""decision_token"",""source"":""donor""},{""layer"":19,""patch_kind"":""decision_token"",""source"":""donor""},{""layer"":20,""patch_kind"":""decision_token"",""source"":""donor""},{""layer"":21,""patch_kind"":""decision_token"",""source"":""donor""},{""layer"":22,""patch_kind"":""decision_token"",""source"":""donor""}]",post_decoder_block_output,decision_token,-18.31179428100586,-14.19974422454834,-18.716501235961914,-14.0404052734375,-4.1120500564575195,-4.676095962524414,-18.70009994506836,-14.05259895324707,-18.327823638916016,-14.186634063720703,-4.647500991821289,-4.1411895751953125,0.5354509353637695,0.5349063873291016,0.5351786613464355,True,True,
pair_0054,14,02,01,01,pair_0054_happy,pair_0054_sad,upper_prompt__lower_spaced,Listen to the speech. Is the speaker HAPPY or SAD? Answer only HAPPY or SAD., happy, sad,[6247],[12421],decision_clamp,decision_clamp_to_22,17,,22,"[{""layer"":17,""patch_kind"":""decision_token"",""source"":""donor""},{""layer"":18,""patch_kind"":""decision_token"",""source"":""donor""},{""layer"":19,""patch_kind"":""decision_token"",""source"":""donor""},{""layer"":20,""patch_kind"":""decision_token"",""source"":""donor""},{""layer"":21,""patch_kind"":""decision_token"",""source"":""donor""},{""layer"":22,""patch_kind"":""decision_token"",""source"":""donor""}]",post_decoder_block_output,decision_token,-18.179431915283203,-14.604537963867188,-18.362808227539062,-14.593923568725586,-3.5748939514160156,-3.7688846588134766,-18.288646697998047,-14.599230766296387,-18.255006790161133,-14.599808692932129,-3.68941593170166,-3.655198097229004,0.11452198028564453,0.11368656158447266,0.1141042709350586,True,True,
pair_0055,14,02,02,01,pair_0055_happy,pair_0055_sad,upper_prompt__lower_spaced,Listen to the speech. Is the speaker HAPPY or SAD? Answer only HAPPY or SAD., happy, sad,[6247],[12421],decision_clamp,decision_clamp_to_22,17,,22,"[{""layer"":17,""patch_kind"":""decision_token"",""source"":""donor""},{""layer"":18,""patch_kind"":""decision_token"",""source"":""donor""},{""layer"":19,""patch_kind"":""decision_token"",""source"":""donor""},{""layer"":20,""patch_kind"":""decision_token"",""source"":""donor""},{""layer"":21,""patch_kind"":""decision_token"",""source"":""donor""},{""layer"":22,""patch_kind"":""decision_token"",""source"":""donor""}]",post_decoder_block_output,decision_token,-18.11598014831543,-14.773356437683105,-18.366622924804688,-14.505785942077637,-3.342623710632324,-3.860836982727051,-18.347726821899414,-14.513542175292969,-18.134780883789062,-14.763914108276367,-3.8341846466064453,-3.3708667755126953,0.4915609359741211,0.48997020721435547,0.4907655715942383,True,True,
pair_0056,15,01,01,01,pair_0056_happy,pair_0056_sad,upper_prompt__lower_spaced,Listen to the speech. Is the speaker HAPPY or SAD? Answer only HAPPY or SAD., happy, sad,[6247],[12421],decision_clamp,decision_clamp_to_22,17,,22,"[{""layer"":17,""patch_kind"":""decision_token"",""source"":""donor""},{""layer"":18,""patch_kind"":""decision_token"",""source"":""donor""},{""layer"":19,""patch_kind"":""decision_token"",""source"":""donor""},{""layer"":20,""patch_kind"":""decision_token"",""source"":""donor""},{""layer"":21,""patch_kind"":""decision_token"",""source"":""donor""},{""layer"":22,""patch_kind"":""decision_token"",""source"":""donor""}]",post_decoder_block_output,decision_token,-18.614431381225586,-14.383585929870605,-18.931833267211914,-14.995478630065918,-4.2308454513549805,-3.936354637145996,-18.949207305908203,-15.001479148864746,-18.599145889282227,-14.378833770751953,-3.947728157043457,-4.220312118530273,-0.28311729431152344,-0.28395748138427734,-0.2835373878479004,False,False,
pair_0057,15,01,02,01,pair_0057_happy,pair_0057_sad,upper_prompt__lower_spaced,Listen to the speech. Is the speaker HAPPY or SAD? Answer only HAPPY or SAD., happy, sad,[6247],[12421],decision_clamp,decision_clamp_to_22,17,,22,"[{""layer"":17,""patch_kind"":""decision_token"",""source"":""donor""},{""layer"":18,""patch_kind"":""decision_token"",""source"":""donor""},{""layer"":19,""patch_kind"":""decision_token"",""source"":""donor""},{""layer"":20,""patch_kind"":""decision_token"",""source"":""donor""},{""layer"":21,""patch_kind"":""decision_token"",""source"":""donor""},{""layer"":22,""patch_kind"":""decision_token"",""source"":""donor""}]",post_decoder_block_output,decision_token,-18.798620223999023,-14.357476234436035,-18.458749771118164,-14.200200080871582,-4.441143989562988,-4.258549690246582,-18.431507110595703,-14.185409545898438,-18.824445724487305,-14.37138843536377,-4.246097564697266,-4.453057289123535,-0.19504642486572266,-0.19450759887695312,-0.1947770118713379,False,False,
pair_0058,15,02,01,01,pair_0058_happy,pair_0058_sad,upper_prompt__lower_spaced,Listen to the speech. Is the speaker HAPPY or SAD? Answer only HAPPY or SAD., happy, sad,[6247],[12421],decision_clamp,decision_clamp_to_22,17,,22,"[{""layer"":17,""patch_kind"":""decision_token"",""source"":""donor""},{""layer"":18,""patch_kind"":""decision_token"",""source"":""donor""},{""layer"":19,""patch_kind"":""decision_token"",""source"":""donor""},{""layer"":20,""patch_kind"":""decision_token"",""source"":""donor""},{""layer"":21,""patch_kind"":""decision_token"",""source"":""donor""},{""layer"":22,""patch_kind"":""decision_token"",""source"":""donor""}]",post_decoder_block_output,decision_token,-18.081218719482422,-14.281206130981445,-18.09486961364746,-14.704352378845215,-3.8000125885009766,-3.390517234802246,-18.118423461914062,-14.737192153930664,-18.05752944946289,-14.248556137084961,-3.3812313079833984,-3.8089733123779297,-0.4187812805175781,-0.4184560775756836,-0.41861867904663086,False,False,
pair_0059,15,02,02,01,pair_0059_happy,pair_0059_sad,upper_prompt__lower_spaced,Listen to the speech. Is the speaker HAPPY or SAD? Answer only HAPPY or SAD., happy, sad,[6247],[12421],decision_clamp,decision_clamp_to_22,17,,22,"[{""layer"":17,""patch_kind"":""decision_token"",""source"":""donor""},{""layer"":18,""patch_kind"":""decision_token"",""source"":""donor""},{""layer"":19,""patch_kind"":""decision_token"",""source"":""donor""},{""layer"":20,""patch_kind"":""decision_token"",""source"":""donor""},{""layer"":21,""patch_kind"":""decision_token"",""source"":""donor""},{""layer"":22,""patch_kind"":""decision_token"",""source"":""donor""}]",post_decoder_block_output,decision_token,-18.11525535583496,-14.52250862121582,-18.730762481689453,-14.458134651184082,-3.5927467346191406,-4.272627830505371,-18.660205841064453,-14.517701148986816,-18.19860076904297,-14.43942642211914,-4.142504692077637,-3.759174346923828,0.5497579574584961,0.513453483581543,0.5316057205200195,True,True,
pair_0060,16,01,01,01,pair_0060_happy,pair_0060_sad,upper_prompt__lower_spaced,Listen to the speech. Is the speaker HAPPY or SAD? Answer only HAPPY or SAD., happy, sad,[6247],[12421],decision_clamp,decision_clamp_to_22,17,,22,"[{""layer"":17,""patch_kind"":""decision_token"",""source"":""donor""},{""layer"":18,""patch_kind"":""decision_token"",""source"":""donor""},{""layer"":19,""patch_kind"":""decision_token"",""source"":""donor""},{""layer"":20,""patch_kind"":""decision_token"",""source"":""donor""},{""layer"":21,""patch_kind"":""decision_token"",""source"":""donor""},{""layer"":22,""patch_kind"":""decision_token"",""source"":""donor""}]",post_decoder_block_output,decision_token,-18.571680068969727,-13.818909645080566,-18.521808624267578,-13.838467597961426,-4.75277042388916,-4.683341026306152,-18.51078987121582,-13.829305648803711,-18.582612991333008,-13.827614784240723,-4.681484222412109,-4.754998207092285,-0.07128620147705078,-0.07165718078613281,-0.0714716911315918,False,False,
pair_0061,16,01,02,01,pair_0061_happy,pair_0061_sad,upper_prompt__lower_spaced,Listen to the speech. Is the speaker HAPPY or SAD? Answer only HAPPY or SAD., happy, sad,[6247],[12421],decision_clamp,decision_clamp_to_22,17,,22,"[{""layer"":17,""patch_kind"":""decision_token"",""source"":""donor""},{""layer"":18,""patch_kind"":""decision_token"",""source"":""donor""},{""layer"":19,""patch_kind"":""decision_token"",""source"":""donor""},{""layer"":20,""patch_kind"":""decision_token"",""source"":""donor""},{""layer"":21,""patch_kind"":""decision_token"",""source"":""donor""},{""layer"":22,""patch_kind"":""decision_token"",""source"":""donor""}]",post_decoder_block_output,decision_token,-18.674955368041992,-14.01839542388916,-18.26150131225586,-14.158429145812988,-4.656559944152832,-4.103072166442871,-18.252763748168945,-14.167098999023438,-18.686506271362305,-14.009974479675293,-4.085664749145508,-4.676531791687012,-0.5708951950073242,-0.5734596252441406,-0.5721774101257324,False,False,
pair_0062,16,02,01,01,pair_0062_happy,pair_0062_sad,upper_prompt__lower_spaced,Listen to the speech. Is the speaker HAPPY or SAD? Answer only HAPPY or SAD., happy, sad,[6247],[12421],decision_clamp,decision_clamp_to_22,17,,22,"[{""layer"":17,""patch_kind"":""decision_token"",""source"":""donor""},{""layer"":18,""patch_kind"":""decision_token"",""source"":""donor""},{""layer"":19,""patch_kind"":""decision_token"",""source"":""donor""},{""layer"":20,""patch_kind"":""decision_token"",""source"":""donor""},{""layer"":21,""patch_kind"":""decision_token"",""source"":""donor""},{""layer"":22,""patch_kind"":""decision_token"",""source"":""donor""}]",post_decoder_block_output,decision_token,-18.027568817138672,-14.464719772338867,-17.90529441833496,-14.368427276611328,-3.5628490447998047,-3.536867141723633,-17.870874404907227,-14.373826026916504,-18.062965393066406,-14.458748817443848,-3.4970483779907227,-3.6042165756225586,-0.06580066680908203,-0.06734943389892578,-0.0665750503540039,False,False,
pair_0063,16,02,02,01,pair_0063_happy,pair_0063_sad,upper_prompt__lower_spaced,Listen to the speech. Is the speaker HAPPY or SAD? Answer only HAPPY or SAD., happy, sad,[6247],[12421],decision_clamp,decision_clamp_to_22,17,,22,"[{""layer"":17,""patch_kind"":""decision_token"",""source"":""donor""},{""layer"":18,""patch_kind"":""decision_token"",""source"":""donor""},{""layer"":19,""patch_kind"":""decision_token"",""source"":""donor""},{""layer"":20,""patch_kind"":""decision_token"",""source"":""donor""},{""layer"":21,""patch_kind"":""decision_token"",""source"":""donor""},{""layer"":22,""patch_kind"":""decision_token"",""source"":""donor""}]",post_decoder_block_output,decision_token,-17.94687271118164,-14.69902515411377,-18.040203094482422,-14.327467918395996,-3.247847557067871,-3.712735176086426,-17.97983741760254,-14.319588661193848,-18.00413703918457,-14.706270217895508,-3.6602487564086914,-3.2978668212890625,0.4124011993408203,0.4148683547973633,0.4136347770690918,True,True,
pair_0064,17,01,01,01,pair_0064_happy,pair_0064_sad,upper_prompt__lower_spaced,Listen to the speech. Is the speaker HAPPY or SAD? Answer only HAPPY or SAD., happy, sad,[6247],[12421],decision_clamp,decision_clamp_to_22,17,,22,"[{""layer"":17,""patch_kind"":""decision_token"",""source"":""donor""},{""layer"":18,""patch_kind"":""decision_token"",""source"":""donor""},{""layer"":19,""patch_kind"":""decision_token"",""source"":""donor""},{""layer"":20,""patch_kind"":""decision_token"",""source"":""donor""},{""layer"":21,""patch_kind"":""decision_token"",""source"":""donor""},{""layer"":22,""patch_kind"":""decision_token"",""source"":""donor""}]",post_decoder_block_output,decision_token,-18.533706665039062,-14.080385208129883,-18.318815231323242,-13.884380340576172,-4.45332145690918,-4.43443489074707,-18.32676124572754,-13.899974822998047,-18.526294708251953,-14.064325332641602,-4.426786422729492,-4.461969375610352,-0.0265350341796875,-0.02753448486328125,-0.027034759521484375,False,False,
pair_0065,17,01,02,01,pair_0065_happy,pair_0065_sad,upper_prompt__lower_spaced,Listen to the speech. Is the speaker HAPPY or SAD? Answer only HAPPY or SAD., happy, sad,[6247],[12421],decision_clamp,decision_clamp_to_22,17,,22,"[{""layer"":17,""patch_kind"":""decision_token"",""source"":""donor""},{""layer"":18,""patch_kind"":""decision_token"",""source"":""donor""},{""layer"":19,""patch_kind"":""decision_token"",""source"":""donor""},{""layer"":20,""patch_kind"":""decision_token"",""source"":""donor""},{""layer"":21,""patch_kind"":""decision_token"",""source"":""donor""},{""layer"":22,""patch_kind"":""decision_token"",""source"":""donor""}]",post_decoder_block_output,decision_token,-18.401418685913086,-14.052645683288574,-18.25725746154785,-13.967479705810547,-4.348773002624512,-4.289777755737305,-18.25700569152832,-13.990190505981445,-18.40251922607422,-14.030561447143555,-4.266815185546875,-4.371957778930664,-0.08195781707763672,-0.08218002319335938,-0.08206892013549805,False,False,
pair_0066,17,02,01,01,pair_0066_happy,pair_0066_sad,upper_prompt__lower_spaced,Listen to the speech. Is the speaker HAPPY or SAD? Answer only HAPPY or SAD., happy, sad,[6247],[12421],decision_clamp,decision_clamp_to_22,17,,22,"[{""layer"":17,""patch_kind"":""decision_token"",""source"":""donor""},{""layer"":18,""patch_kind"":""decision_token"",""source"":""donor""},{""layer"":19,""patch_kind"":""decision_token"",""source"":""donor""},{""layer"":20,""patch_kind"":""decision_token"",""source"":""donor""},{""layer"":21,""patch_kind"":""decision_token"",""source"":""donor""},{""layer"":22,""patch_kind"":""decision_token"",""source"":""donor""}]",post_decoder_block_output,decision_token,-18.203441619873047,-14.283772468566895,-18.37724494934082,-14.227227210998535,-3.9196691513061523,-4.150017738342285,-18.443836212158203,-14.193258285522461,-18.1356258392334,-14.316205978393555,-4.250577926635742,-3.8194198608398438,0.33090877532958984,0.3305978775024414,0.3307533264160156,True,True,
pair_0067,17,02,02,01,pair_0067_happy,pair_0067_sad,upper_prompt__lower_spaced,Listen to the speech. Is the speaker HAPPY or SAD? Answer only HAPPY or SAD., happy, sad,[6247],[12421],decision_clamp,decision_clamp_to_22,17,,22,"[{""layer"":17,""patch_kind"":""decision_token"",""source"":""donor""},{""layer"":18,""patch_kind"":""decision_token"",""source"":""donor""},{""layer"":19,""patch_kind"":""decision_token"",""source"":""donor""},{""layer"":20,""patch_kind"":""decision_token"",""source"":""donor""},{""layer"":21,""patch_kind"":""decision_token"",""source"":""donor""},{""layer"":22,""patch_kind"":""decision_token"",""source"":""donor""}]",post_decoder_block_output,decision_token,-18.189525604248047,-14.367218017578125,-18.002729415893555,-14.506258010864258,-3.822307586669922,-3.496471405029297,-18.050708770751953,-14.494791984558105,-18.146827697753906,-14.379714965820312,-3.5559167861938477,-3.7671127319335938,-0.2663908004760742,-0.2706413269042969,-0.26851606369018555,False,False,
pair_0068,18,01,01,01,pair_0068_happy,pair_0068_sad,upper_prompt__lower_spaced,Listen to the speech. Is the speaker HAPPY or SAD? Answer only HAPPY or SAD., happy, sad,[6247],[12421],decision_clamp,decision_clamp_to_22,17,,22,"[{""layer"":17,""patch_kind"":""decision_token"",""source"":""donor""},{""layer"":18,""patch_kind"":""decision_token"",""source"":""donor""},{""layer"":19,""patch_kind"":""decision_token"",""source"":""donor""},{""layer"":20,""patch_kind"":""decision_token"",""source"":""donor""},{""layer"":21,""patch_kind"":""decision_token"",""source"":""donor""},{""layer"":22,""patch_kind"":""decision_token"",""source"":""donor""}]",post_decoder_block_output,decision_token,-18.210012435913086,-14.200634002685547,-18.49770736694336,-14.28528118133545,-4.009378433227539,-4.21242618560791,-18.50222396850586,-14.305887222290039,-18.205440521240234,-14.180758476257324,-4.19633674621582,-4.02468204498291,0.18695831298828125,0.187744140625,0.18735122680664062,True,True,
pair_0069,18,01,02,01,pair_0069_happy,pair_0069_sad,upper_prompt__lower_spaced,Listen to the speech. Is the speaker HAPPY or SAD? Answer only HAPPY or SAD., happy, sad,[6247],[12421],decision_clamp,decision_clamp_to_22,17,,22,"[{""layer"":17,""patch_kind"":""decision_token"",""source"":""donor""},{""layer"":18,""patch_kind"":""decision_token"",""source"":""donor""},{""layer"":19,""patch_kind"":""decision_token"",""source"":""donor""},{""layer"":20,""patch_kind"":""decision_token"",""source"":""donor""},{""layer"":21,""patch_kind"":""decision_token"",""source"":""donor""},{""layer"":22,""patch_kind"":""decision_token"",""source"":""donor""}]",post_decoder_block_output,decision_token,-18.684219360351562,-14.944689750671387,-18.647714614868164,-14.22707748413086,-3.739529609680176,-4.420637130737305,-18.65296173095703,-14.234190940856934,-18.67840576171875,-14.935115814208984,-4.418770790100098,-3.7432899475097656,0.6792411804199219,0.6773471832275391,0.6782941818237305,True,True,
pair_0070,18,02,01,01,pair_0070_happy,pair_0070_sad,upper_prompt__lower_spaced,Listen to the speech. Is the speaker HAPPY or SAD? Answer only HAPPY or SAD., happy, sad,[6247],[12421],decision_clamp,decision_clamp_to_22,17,,22,"[{""layer"":17,""patch_kind"":""decision_token"",""source"":""donor""},{""layer"":18,""patch_kind"":""decision_token"",""source"":""donor""},{""layer"":19,""patch_kind"":""decision_token"",""source"":""donor""},{""layer"":20,""patch_kind"":""decision_token"",""source"":""donor""},{""layer"":21,""patch_kind"":""decision_token"",""source"":""donor""},{""layer"":22,""patch_kind"":""decision_token"",""source"":""donor""}]",post_decoder_block_output,decision_token,-18.257858276367188,-14.408829689025879,-18.45116424560547,-14.356088638305664,-3.8490285873413086,-4.095075607299805,-18.41046905517578,-14.373665809631348,-18.29975700378418,-14.392847061157227,-4.036803245544434,-3.906909942626953,0.187774658203125,0.18816566467285156,0.18797016143798828,True,True,
pair_0071,18,02,02,01,pair_0071_happy,pair_0071_sad,upper_prompt__lower_spaced,Listen to the speech. Is the speaker HAPPY or SAD? Answer only HAPPY or SAD., happy, sad,[6247],[12421],decision_clamp,decision_clamp_to_22,17,,22,"[{""layer"":17,""patch_kind"":""decision_token"",""source"":""donor""},{""layer"":18,""patch_kind"":""decision_token"",""source"":""donor""},{""layer"":19,""patch_kind"":""decision_token"",""source"":""donor""},{""layer"":20,""patch_kind"":""decision_token"",""source"":""donor""},{""layer"":21,""patch_kind"":""decision_token"",""source"":""donor""},{""layer"":22,""patch_kind"":""decision_token"",""source"":""donor""}]",post_decoder_block_output,decision_token,-18.145662307739258,-13.863798141479492,-18.30503273010254,-14.476175308227539,-4.281864166259766,-3.828857421875,-18.76004981994629,-14.42341136932373,-17.737903594970703,-13.854276657104492,-4.336638450622559,-3.883626937866211,0.05477428436279297,-0.05476951599121094,2.384185791015625e-06,True,False,
pair_0072,19,01,01,01,pair_0072_happy,pair_0072_sad,upper_prompt__lower_spaced,Listen to the speech. Is the speaker HAPPY or SAD? Answer only HAPPY or SAD., happy, sad,[6247],[12421],decision_clamp,decision_clamp_to_22,17,,22,"[{""layer"":17,""patch_kind"":""decision_token"",""source"":""donor""},{""layer"":18,""patch_kind"":""decision_token"",""source"":""donor""},{""layer"":19,""patch_kind"":""decision_token"",""source"":""donor""},{""layer"":20,""patch_kind"":""decision_token"",""source"":""donor""},{""layer"":21,""patch_kind"":""decision_token"",""source"":""donor""},{""layer"":22,""patch_kind"":""decision_token"",""source"":""donor""}]",post_decoder_block_output,decision_token,-18.514738082885742,-14.067811965942383,-18.540695190429688,-13.83083438873291,-4.446926116943359,-4.709860801696777,-18.52861976623535,-13.806946754455566,-18.52684211730957,-14.090190887451172,-4.721673011779785,-4.436651229858398,0.2747468948364258,0.2732095718383789,0.27397823333740234,True,True,
pair_0073,19,01,02,01,pair_0073_happy,pair_0073_sad,upper_prompt__lower_spaced,Listen to the speech. Is the speaker HAPPY or SAD? Answer only HAPPY or SAD., happy, sad,[6247],[12421],decision_clamp,decision_clamp_to_22,17,,22,"[{""layer"":17,""patch_kind"":""decision_token"",""source"":""donor""},{""layer"":18,""patch_kind"":""decision_token"",""source"":""donor""},{""layer"":19,""patch_kind"":""decision_token"",""source"":""donor""},{""layer"":20,""patch_kind"":""decision_token"",""source"":""donor""},{""layer"":21,""patch_kind"":""decision_token"",""source"":""donor""},{""layer"":22,""patch_kind"":""decision_token"",""source"":""donor""}]",post_decoder_block_output,decision_token,-18.675731658935547,-13.967928886413574,-18.710811614990234,-14.28913688659668,-4.707802772521973,-4.421674728393555,-18.717731475830078,-14.291112899780273,-18.66942024230957,-13.967280387878418,-4.426618576049805,-4.702139854431152,-0.28118419647216797,-0.28046512603759766,-0.2808246612548828,False,False,
pair_0074,19,02,01,01,pair_0074_happy,pair_0074_sad,upper_prompt__lower_spaced,Listen to the speech. Is the speaker HAPPY or SAD? Answer only HAPPY or SAD., happy, sad,[6247],[12421],decision_clamp,decision_clamp_to_22,17,,22,"[{""layer"":17,""patch_kind"":""decision_token"",""source"":""donor""},{""layer"":18,""patch_kind"":""decision_token"",""source"":""donor""},{""layer"":19,""patch_kind"":""decision_token"",""source"":""donor""},{""layer"":20,""patch_kind"":""decision_token"",""source"":""donor""},{""layer"":21,""patch_kind"":""decision_token"",""source"":""donor""},{""layer"":22,""patch_kind"":""decision_token"",""source"":""donor""}]",post_decoder_block_output,decision_token,-18.20193099975586,-14.081350326538086,-18.033628463745117,-12.836380004882812,-4.120580673217773,-5.197248458862305,-17.979503631591797,-12.862544059753418,-18.25529670715332,-14.052474975585938,-5.116959571838379,-4.202821731567383,0.9963788986206055,0.9944267272949219,0.9954028129577637,True,True,
pair_0075,19,02,02,01,pair_0075_happy,pair_0075_sad,upper_prompt__lower_spaced,Listen to the speech. Is the speaker HAPPY or SAD? Answer only HAPPY or SAD., happy, sad,[6247],[12421],decision_clamp,decision_clamp_to_22,17,,22,"[{""layer"":17,""patch_kind"":""decision_token"",""source"":""donor""},{""layer"":18,""patch_kind"":""decision_token"",""source"":""donor""},{""layer"":19,""patch_kind"":""decision_token"",""source"":""donor""},{""layer"":20,""patch_kind"":""decision_token"",""source"":""donor""},{""layer"":21,""patch_kind"":""decision_token"",""source"":""donor""},{""layer"":22,""patch_kind"":""decision_token"",""source"":""donor""}]",post_decoder_block_output,decision_token,-17.312185287475586,-14.008975982666016,-17.768232345581055,-14.52195930480957,-3.3032093048095703,-3.2462730407714844,-17.76021385192871,-14.553019523620605,-17.320079803466797,-13.978678703308105,-3.2071943283081055,-3.3414011001586914,-0.09601497650146484,-0.09512805938720703,-0.09557151794433594,False,False,
pair_0076,20,01,01,01,pair_0076_happy,pair_0076_sad,upper_prompt__lower_spaced,Listen to the speech. Is the speaker HAPPY or SAD? Answer only HAPPY or SAD., happy, sad,[6247],[12421],decision_clamp,decision_clamp_to_22,17,,22,"[{""layer"":17,""patch_kind"":""decision_token"",""source"":""donor""},{""layer"":18,""patch_kind"":""decision_token"",""source"":""donor""},{""layer"":19,""patch_kind"":""decision_token"",""source"":""donor""},{""layer"":20,""patch_kind"":""decision_token"",""source"":""donor""},{""layer"":21,""patch_kind"":""decision_token"",""source"":""donor""},{""layer"":22,""patch_kind"":""decision_token"",""source"":""donor""}]",post_decoder_block_output,decision_token,-18.47559928894043,-13.930008888244629,-18.531600952148438,-13.823415756225586,-4.545590400695801,-4.708185195922852,-18.5472354888916,-13.817879676818848,-18.462099075317383,-13.937102317810059,-4.729355812072754,-4.524996757507324,0.18376541137695312,0.18318843841552734,0.18347692489624023,True,True,
pair_0077,20,01,02,01,pair_0077_happy,pair_0077_sad,upper_prompt__lower_spaced,Listen to the speech. Is the speaker HAPPY or SAD? Answer only HAPPY or SAD., happy, sad,[6247],[12421],decision_clamp,decision_clamp_to_22,17,,22,"[{""layer"":17,""patch_kind"":""decision_token"",""source"":""donor""},{""layer"":18,""patch_kind"":""decision_token"",""source"":""donor""},{""layer"":19,""patch_kind"":""decision_token"",""source"":""donor""},{""layer"":20,""patch_kind"":""decision_token"",""source"":""donor""},{""layer"":21,""patch_kind"":""decision_token"",""source"":""donor""},{""layer"":22,""patch_kind"":""decision_token"",""source"":""donor""}]",post_decoder_block_output,decision_token,-18.271272659301758,-14.129005432128906,-18.48236846923828,-14.481040000915527,-4.142267227172852,-4.001328468322754,-18.480445861816406,-14.473228454589844,-18.273935317993164,-14.136592864990234,-4.0072174072265625,-4.13734245300293,-0.13504981994628906,-0.13601398468017578,-0.13553190231323242,False,False,
pair_0078,20,02,01,01,pair_0078_happy,pair_0078_sad,upper_prompt__lower_spaced,Listen to the speech. Is the speaker HAPPY or SAD? Answer only HAPPY or SAD., happy, sad,[6247],[12421],decision_clamp,decision_clamp_to_22,17,,22,"[{""layer"":17,""patch_kind"":""decision_token"",""source"":""donor""},{""layer"":18,""patch_kind"":""decision_token"",""source"":""donor""},{""layer"":19,""patch_kind"":""decision_token"",""source"":""donor""},{""layer"":20,""patch_kind"":""decision_token"",""source"":""donor""},{""layer"":21,""patch_kind"":""decision_token"",""source"":""donor""},{""layer"":22,""patch_kind"":""decision_token"",""source"":""donor""}]",post_decoder_block_output,decision_token,-18.257326126098633,-14.755581855773926,-18.208616256713867,-14.755860328674316,-3.501744270324707,-3.452755928039551,-17.972780227661133,-14.862247467041016,-18.555160522460938,-14.629887580871582,-3.110532760620117,-3.9252729415893555,-0.39121150970458984,-0.4725170135498047,-0.43186426162719727,False,False,
pair_0079,20,02,02,01,pair_0079_happy,pair_0079_sad,upper_prompt__lower_spaced,Listen to the speech. Is the speaker HAPPY or SAD? Answer only HAPPY or SAD., happy, sad,[6247],[12421],decision_clamp,decision_clamp_to_22,17,,22,"[{""layer"":17,""patch_kind"":""decision_token"",""source"":""donor""},{""layer"":18,""patch_kind"":""decision_token"",""source"":""donor""},{""layer"":19,""patch_kind"":""decision_token"",""source"":""donor""},{""layer"":20,""patch_kind"":""decision_token"",""source"":""donor""},{""layer"":21,""patch_kind"":""decision_token"",""source"":""donor""},{""layer"":22,""patch_kind"":""decision_token"",""source"":""donor""}]",post_decoder_block_output,decision_token,-18.42920684814453,-14.564261436462402,-17.751972198486328,-14.094348907470703,-3.864945411682129,-3.657623291015625,-17.874000549316406,-14.137656211853027,-18.299453735351562,-14.520055770874023,-3.736344337463379,-3.779397964477539,-0.12860107421875,-0.12177467346191406,-0.12518787384033203,False,False,
pair_0080,21,01,01,01,pair_0080_happy,pair_0080_sad,upper_prompt__lower_spaced,Listen to the speech. Is the speaker HAPPY or SAD? Answer only HAPPY or SAD., happy, sad,[6247],[12421],decision_clamp,decision_clamp_to_22,17,,22,"[{""layer"":17,""patch_kind"":""decision_token"",""source"":""donor""},{""layer"":18,""patch_kind"":""decision_token"",""source"":""donor""},{""layer"":19,""patch_kind"":""decision_token"",""source"":""donor""},{""layer"":20,""patch_kind"":""decision_token"",""source"":""donor""},{""layer"":21,""patch_kind"":""decision_token"",""source"":""donor""},{""layer"":22,""patch_kind"":""decision_token"",""source"":""donor""}]",post_decoder_block_output,decision_token,-18.470245361328125,-14.200312614440918,-18.25367546081543,-14.158926010131836,-4.269932746887207,-4.094749450683594,-18.22585105895996,-14.133230209350586,-18.49930191040039,-14.226974487304688,-4.092620849609375,-4.272327423095703,-0.17731189727783203,-0.17757797241210938,-0.1774449348449707,False,False,
pair_0081,21,01,02,01,pair_0081_happy,pair_0081_sad,upper_prompt__lower_spaced,Listen to the speech. Is the speaker HAPPY or SAD? Answer only HAPPY or SAD., happy, sad,[6247],[12421],decision_clamp,decision_clamp_to_22,17,,22,"[{""layer"":17,""patch_kind"":""decision_token"",""source"":""donor""},{""layer"":18,""patch_kind"":""decision_token"",""source"":""donor""},{""layer"":19,""patch_kind"":""decision_token"",""source"":""donor""},{""layer"":20,""patch_kind"":""decision_token"",""source"":""donor""},{""layer"":21,""patch_kind"":""decision_token"",""source"":""donor""},{""layer"":22,""patch_kind"":""decision_token"",""source"":""donor""}]",post_decoder_block_output,decision_token,-18.46053123474121,-14.23830509185791,-18.299312591552734,-14.097284317016602,-4.222226142883301,-4.202028274536133,-18.267696380615234,-14.072888374328613,-18.493261337280273,-14.262530326843262,-4.194808006286621,-4.230731010437012,-0.027418136596679688,-0.028702735900878906,-0.028060436248779297,False,False,
pair_0082,21,02,01,01,pair_0082_happy,pair_0082_sad,upper_prompt__lower_spaced,Listen to the speech. Is the speaker HAPPY or SAD? Answer only HAPPY or SAD., happy, sad,[6247],[12421],decision_clamp,decision_clamp_to_22,17,,22,"[{""layer"":17,""patch_kind"":""decision_token"",""source"":""donor""},{""layer"":18,""patch_kind"":""decision_token"",""source"":""donor""},{""layer"":19,""patch_kind"":""decision_token"",""source"":""donor""},{""layer"":20,""patch_kind"":""decision_token"",""source"":""donor""},{""layer"":21,""patch_kind"":""decision_token"",""source"":""donor""},{""layer"":22,""patch_kind"":""decision_token"",""source"":""donor""}]",post_decoder_block_output,decision_token,-17.97361183166504,-14.197131156921387,-17.829065322875977,-14.487285614013672,-3.7764806747436523,-3.3417797088623047,-17.851728439331055,-14.475735664367676,-17.946815490722656,-14.207328796386719,-3.375992774963379,-3.7394866943359375,-0.40048789978027344,-0.3977069854736328,-0.3990974426269531,False,False,
pair_0083,21,02,02,01,pair_0083_happy,pair_0083_sad,upper_prompt__lower_spaced,Listen to the speech. Is the speaker HAPPY or SAD? Answer only HAPPY or SAD., happy, sad,[6247],[12421],decision_clamp,decision_clamp_to_22,17,,22,"[{""layer"":17,""patch_kind"":""decision_token"",""source"":""donor""},{""layer"":18,""patch_kind"":""decision_token"",""source"":""donor""},{""layer"":19,""patch_kind"":""decision_token"",""source"":""donor""},{""layer"":20,""patch_kind"":""decision_token"",""source"":""donor""},{""layer"":21,""patch_kind"":""decision_token"",""source"":""donor""},{""layer"":22,""patch_kind"":""decision_token"",""source"":""donor""}]",post_decoder_block_output,decision_token,-17.93297576904297,-14.61596965789795,-18.092235565185547,-14.633484840393066,-3.3170061111450195,-3.4587507247924805,-18.037601470947266,-14.61427116394043,-17.98925018310547,-14.633932113647461,-3.423330307006836,-3.355318069458008,0.1063241958618164,0.10343265533447266,0.10487842559814453,True,True,
pair_0084,22,01,01,01,pair_0084_happy,pair_0084_sad,upper_prompt__lower_spaced,Listen to the speech. Is the speaker HAPPY or SAD? Answer only HAPPY or SAD., happy, sad,[6247],[12421],decision_clamp,decision_clamp_to_22,17,,22,"[{""layer"":17,""patch_kind"":""decision_token"",""source"":""donor""},{""layer"":18,""patch_kind"":""decision_token"",""source"":""donor""},{""layer"":19,""patch_kind"":""decision_token"",""source"":""donor""},{""layer"":20,""patch_kind"":""decision_token"",""source"":""donor""},{""layer"":21,""patch_kind"":""decision_token"",""source"":""donor""},{""layer"":22,""patch_kind"":""decision_token"",""source"":""donor""}]",post_decoder_block_output,decision_token,-18.682262420654297,-14.192432403564453,-18.470258712768555,-13.706429481506348,-4.489830017089844,-4.763829231262207,-18.489973068237305,-13.74502182006836,-18.663047790527344,-14.157954216003418,-4.744951248168945,-4.505093574523926,0.25512123107910156,0.25873565673828125,0.2569284439086914,True,True,
pair_0085,22,01,02,01,pair_0085_happy,pair_0085_sad,upper_prompt__lower_spaced,Listen to the speech. Is the speaker HAPPY or SAD? Answer only HAPPY or SAD., happy, sad,[6247],[12421],decision_clamp,decision_clamp_to_22,17,,22,"[{""layer"":17,""patch_kind"":""decision_token"",""source"":""donor""},{""layer"":18,""patch_kind"":""decision_token"",""source"":""donor""},{""layer"":19,""patch_kind"":""decision_token"",""source"":""donor""},{""layer"":20,""patch_kind"":""decision_token"",""source"":""donor""},{""layer"":21,""patch_kind"":""decision_token"",""source"":""donor""},{""layer"":22,""patch_kind"":""decision_token"",""source"":""donor""}]",post_decoder_block_output,decision_token,-18.272850036621094,-14.236717224121094,-18.724578857421875,-14.284399032592773,-4.0361328125,-4.440179824829102,-18.7096004486084,-14.30402946472168,-18.290117263793945,-14.217402458190918,-4.405570983886719,-4.072714805603027,0.36943817138671875,0.3674650192260742,0.3684515953063965,True,True,
pair_0086,22,02,01,01,pair_0086_happy,pair_0086_sad,upper_prompt__lower_spaced,Listen to the speech. Is the speaker HAPPY or SAD? Answer only HAPPY or SAD., happy, sad,[6247],[12421],decision_clamp,decision_clamp_to_22,17,,22,"[{""layer"":17,""patch_kind"":""decision_token"",""source"":""donor""},{""layer"":18,""patch_kind"":""decision_token"",""source"":""donor""},{""layer"":19,""patch_kind"":""decision_token"",""source"":""donor""},{""layer"":20,""patch_kind"":""decision_token"",""source"":""donor""},{""layer"":21,""patch_kind"":""decision_token"",""source"":""donor""},{""layer"":22,""patch_kind"":""decision_token"",""source"":""donor""}]",post_decoder_block_output,decision_token,-18.112878799438477,-14.50664234161377,-18.061094284057617,-14.396312713623047,-3.606236457824707,-3.6647815704345703,-18.005186080932617,-14.415264129638672,-18.16975975036621,-14.486329078674316,-3.5899219512939453,-3.6834306716918945,-0.01631450653076172,-0.01864910125732422,-0.01748180389404297,False,False,
pair_0087,22,02,02,01,pair_0087_happy,pair_0087_sad,upper_prompt__lower_spaced,Listen to the speech. Is the speaker HAPPY or SAD? Answer only HAPPY or SAD., happy, sad,[6247],[12421],decision_clamp,decision_clamp_to_22,17,,22,"[{""layer"":17,""patch_kind"":""decision_token"",""source"":""donor""},{""layer"":18,""patch_kind"":""decision_token"",""source"":""donor""},{""layer"":19,""patch_kind"":""decision_token"",""source"":""donor""},{""layer"":20,""patch_kind"":""decision_token"",""source"":""donor""},{""layer"":21,""patch_kind"":""decision_token"",""source"":""donor""},{""layer"":22,""patch_kind"":""decision_token"",""source"":""donor""}]",post_decoder_block_output,decision_token,-17.975412368774414,-14.336179733276367,-17.852388381958008,-14.33988094329834,-3.639232635498047,-3.512507438659668,-17.90776252746582,-14.352354049682617,-17.917482376098633,-14.320859909057617,-3.555408477783203,-3.5966224670410156,-0.08382415771484375,-0.08411502838134766,-0.0839695930480957,False,False,
pair_0088,23,01,01,01,pair_0088_happy,pair_0088_sad,upper_prompt__lower_spaced,Listen to the speech. Is the speaker HAPPY or SAD? Answer only HAPPY or SAD., happy, sad,[6247],[12421],decision_clamp,decision_clamp_to_22,17,,22,"[{""layer"":17,""patch_kind"":""decision_token"",""source"":""donor""},{""layer"":18,""patch_kind"":""decision_token"",""source"":""donor""},{""layer"":19,""patch_kind"":""decision_token"",""source"":""donor""},{""layer"":20,""patch_kind"":""decision_token"",""source"":""donor""},{""layer"":21,""patch_kind"":""decision_token"",""source"":""donor""},{""layer"":22,""patch_kind"":""decision_token"",""source"":""donor""}]",post_decoder_block_output,decision_token,-18.47939682006836,-14.078022956848145,-18.001972198486328,-13.984725952148438,-4.401373863220215,-4.017246246337891,-18.01003646850586,-13.97380542755127,-18.470911026000977,-14.089333534240723,-4.03623104095459,-4.381577491760254,-0.365142822265625,-0.3643312454223633,-0.36473703384399414,False,False,
pair_0089,23,01,02,01,pair_0089_happy,pair_0089_sad,upper_prompt__lower_spaced,Listen to the speech. Is the speaker HAPPY or SAD? Answer only HAPPY or SAD., happy, sad,[6247],[12421],decision_clamp,decision_clamp_to_22,17,,22,"[{""layer"":17,""patch_kind"":""decision_token"",""source"":""donor""},{""layer"":18,""patch_kind"":""decision_token"",""source"":""donor""},{""layer"":19,""patch_kind"":""decision_token"",""source"":""donor""},{""layer"":20,""patch_kind"":""decision_token"",""source"":""donor""},{""layer"":21,""patch_kind"":""decision_token"",""source"":""donor""},{""layer"":22,""patch_kind"":""decision_token"",""source"":""donor""}]",post_decoder_block_output,decision_token,-18.697004318237305,-14.208320617675781,-18.652122497558594,-14.244013786315918,-4.488683700561523,-4.408108711242676,-18.651044845581055,-14.251619338989258,-18.693904876708984,-14.199098587036133,-4.399425506591797,-4.494806289672852,-0.08925819396972656,-0.08669757843017578,-0.08797788619995117,False,False,
pair_0090,23,02,01,01,pair_0090_happy,pair_0090_sad,upper_prompt__lower_spaced,Listen to the speech. Is the speaker HAPPY or SAD? Answer only HAPPY or SAD., happy, sad,[6247],[12421],decision_clamp,decision_clamp_to_22,17,,22,"[{""layer"":17,""patch_kind"":""decision_token"",""source"":""donor""},{""layer"":18,""patch_kind"":""decision_token"",""source"":""donor""},{""layer"":19,""patch_kind"":""decision_token"",""source"":""donor""},{""layer"":20,""patch_kind"":""decision_token"",""source"":""donor""},{""layer"":21,""patch_kind"":""decision_token"",""source"":""donor""},{""layer"":22,""patch_kind"":""decision_token"",""source"":""donor""}]",post_decoder_block_output,decision_token,-18.12325668334961,-14.155843734741211,-17.865354537963867,-14.407626152038574,-3.9674129486083984,-3.457728385925293,-17.932514190673828,-14.386262893676758,-18.063613891601562,-14.181612968444824,-3.5462512969970703,-3.8820009231567383,-0.4211616516113281,-0.4242725372314453,-0.4227170944213867,False,False,
pair_0091,23,02,02,01,pair_0091_happy,pair_0091_sad,upper_prompt__lower_spaced,Listen to the speech. Is the speaker HAPPY or SAD? Answer only HAPPY or SAD., happy, sad,[6247],[12421],decision_clamp,decision_clamp_to_22,17,,22,"[{""layer"":17,""patch_kind"":""decision_token"",""source"":""donor""},{""layer"":18,""patch_kind"":""decision_token"",""source"":""donor""},{""layer"":19,""patch_kind"":""decision_token"",""source"":""donor""},{""layer"":20,""patch_kind"":""decision_token"",""source"":""donor""},{""layer"":21,""patch_kind"":""decision_token"",""source"":""donor""},{""layer"":22,""patch_kind"":""decision_token"",""source"":""donor""}]",post_decoder_block_output,decision_token,-18.110824584960938,-14.51156234741211,-17.68675994873047,-14.507476806640625,-3.599262237548828,-3.1792831420898438,-17.747636795043945,-14.542941093444824,-18.07430648803711,-14.469590187072754,-3.204695701599121,-3.6047163009643555,-0.39456653594970703,-0.4254331588745117,-0.4099998474121094,False,False,
pair_0092,24,01,01,01,pair_0092_happy,pair_0092_sad,upper_prompt__lower_spaced,Listen to the speech. Is the speaker HAPPY or SAD? Answer only HAPPY or SAD., happy, sad,[6247],[12421],decision_clamp,decision_clamp_to_22,17,,22,"[{""layer"":17,""patch_kind"":""decision_token"",""source"":""donor""},{""layer"":18,""patch_kind"":""decision_token"",""source"":""donor""},{""layer"":19,""patch_kind"":""decision_token"",""source"":""donor""},{""layer"":20,""patch_kind"":""decision_token"",""source"":""donor""},{""layer"":21,""patch_kind"":""decision_token"",""source"":""donor""},{""layer"":22,""patch_kind"":""decision_token"",""source"":""donor""}]",post_decoder_block_output,decision_token,-18.272140502929688,-14.17473030090332,-18.658676147460938,-13.953152656555176,-4.097410202026367,-4.705523490905762,-18.62868881225586,-13.944991111755371,-18.30207061767578,-14.181864738464355,-4.683697700500488,-4.120205879211426,0.5862874984741211,0.5853176116943359,0.5858025550842285,True,True,
pair_0093,24,01,02,01,pair_0093_happy,pair_0093_sad,upper_prompt__lower_spaced,Listen to the speech. Is the speaker HAPPY or SAD? Answer only HAPPY or SAD., happy, sad,[6247],[12421],decision_clamp,decision_clamp_to_22,17,,22,"[{""layer"":17,""patch_kind"":""decision_token"",""source"":""donor""},{""layer"":18,""patch_kind"":""decision_token"",""source"":""donor""},{""layer"":19,""patch_kind"":""decision_token"",""source"":""donor""},{""layer"":20,""patch_kind"":""decision_token"",""source"":""donor""},{""layer"":21,""patch_kind"":""decision_token"",""source"":""donor""},{""layer"":22,""patch_kind"":""decision_token"",""source"":""donor""}]",post_decoder_block_output,decision_token,-18.38443946838379,-14.200296401977539,-18.802410125732422,-14.208366394042969,-4.18414306640625,-4.594043731689453,-18.799461364746094,-14.198962211608887,-18.387048721313477,-14.209856986999512,-4.600499153137207,-4.177191734313965,0.41635608673095703,0.4168519973754883,0.41660404205322266,True,True,
pair_0094,24,02,01,01,pair_0094_happy,pair_0094_sad,upper_prompt__lower_spaced,Listen to the speech. Is the speaker HAPPY or SAD? Answer only HAPPY or SAD., happy, sad,[6247],[12421],decision_clamp,decision_clamp_to_22,17,,22,"[{""layer"":17,""patch_kind"":""decision_token"",""source"":""donor""},{""layer"":18,""patch_kind"":""decision_token"",""source"":""donor""},{""layer"":19,""patch_kind"":""decision_token"",""source"":""donor""},{""layer"":20,""patch_kind"":""decision_token"",""source"":""donor""},{""layer"":21,""patch_kind"":""decision_token"",""source"":""donor""},{""layer"":22,""patch_kind"":""decision_token"",""source"":""donor""}]",post_decoder_block_output,decision_token,-18.109331130981445,-14.389881134033203,-17.85662269592285,-14.2269926071167,-3.719449996948242,-3.6296300888061523,-17.834699630737305,-14.221549987792969,-18.132204055786133,-14.393953323364258,-3.613149642944336,-3.738250732421875,-0.10630035400390625,-0.10862064361572266,-0.10746049880981445,False,False,
pair_0095,24,02,02,01,pair_0095_happy,pair_0095_sad,upper_prompt__lower_spaced,Listen to the speech. Is the speaker HAPPY or SAD? Answer only HAPPY or SAD., happy, sad,[6247],[12421],decision_clamp,decision_clamp_to_22,17,,22,"[{""layer"":17,""patch_kind"":""decision_token"",""source"":""donor""},{""layer"":18,""patch_kind"":""decision_token"",""source"":""donor""},{""layer"":19,""patch_kind"":""decision_token"",""source"":""donor""},{""layer"":20,""patch_kind"":""decision_token"",""source"":""donor""},{""layer"":21,""patch_kind"":""decision_token"",""source"":""donor""},{""layer"":22,""patch_kind"":""decision_token"",""source"":""donor""}]",post_decoder_block_output,decision_token,-17.84119987487793,-14.09777545928955,-17.919200897216797,-14.292767524719238,-3.743424415588379,-3.6264333724975586,-17.924327850341797,-14.296770095825195,-17.838476181030273,-14.093643188476562,-3.6275577545166016,-3.744832992553711,-0.11586666107177734,-0.11839962005615234,-0.11713314056396484,False,False,
pair_0000,01,01,01,01,pair_0000_happy,pair_0000_sad,upper_prompt__lower_spaced,Listen to the speech. Is the speaker HAPPY or SAD? Answer only HAPPY or SAD., happy, sad,[6247],[12421],decision_clamp,decision_clamp_to_23,17,,23,"[{""layer"":17,""patch_kind"":""decision_token"",""source"":""donor""},{""layer"":18,""patch_kind"":""decision_token"",""source"":""donor""},{""layer"":19,""patch_kind"":""decision_token"",""source"":""donor""},{""layer"":20,""patch_kind"":""decision_token"",""source"":""donor""},{""layer"":21,""patch_kind"":""decision_token"",""source"":""donor""},{""layer"":22,""patch_kind"":""decision_token"",""source"":""donor""},{""layer"":23,""patch_kind"":""decision_token"",""source"":""donor""}]",post_decoder_block_output,decision_token,-18.784337997436523,-14.192665100097656,-18.59215545654297,-14.119668960571289,-4.591672897338867,-4.47248649597168,-18.5921573638916,-14.119673728942871,-18.78432846069336,-14.192665100097656,-4.4724836349487305,-4.591663360595703,-0.11918926239013672,-0.11917686462402344,-0.11918306350708008,False,False,
pair_0001,01,01,02,01,pair_0001_happy,pair_0001_sad,upper_prompt__lower_spaced,Listen to the speech. Is the speaker HAPPY or SAD? Answer only HAPPY or SAD., happy, sad,[6247],[12421],decision_clamp,decision_clamp_to_23,17,,23,"[{""layer"":17,""patch_kind"":""decision_token"",""source"":""donor""},{""layer"":18,""patch_kind"":""decision_token"",""source"":""donor""},{""layer"":19,""patch_kind"":""decision_token"",""source"":""donor""},{""layer"":20,""patch_kind"":""decision_token"",""source"":""donor""},{""layer"":21,""patch_kind"":""decision_token"",""source"":""donor""},{""layer"":22,""patch_kind"":""decision_token"",""source"":""donor""},{""layer"":23,""patch_kind"":""decision_token"",""source"":""donor""}]",post_decoder_block_output,decision_token,-18.62534523010254,-13.82693862915039,-18.685665130615234,-13.871679306030273,-4.798406600952148,-4.813985824584961,-18.685657501220703,-13.87167739868164,-18.62534523010254,-13.826942443847656,-4.8139801025390625,-4.798402786254883,0.015573501586914062,0.015583038330078125,0.015578269958496094,True,True,
pair_0002,01,02,01,01,pair_0002_happy,pair_0002_sad,upper_prompt__lower_spaced,Listen to the speech. Is the speaker HAPPY or SAD? Answer only HAPPY or SAD., happy, sad,[6247],[12421],decision_clamp,decision_clamp_to_23,17,,23,"[{""layer"":17,""patch_kind"":""decision_token"",""source"":""donor""},{""layer"":18,""patch_kind"":""decision_token"",""source"":""donor""},{""layer"":19,""patch_kind"":""decision_token"",""source"":""donor""},{""layer"":20,""patch_kind"":""decision_token"",""source"":""donor""},{""layer"":21,""patch_kind"":""decision_token"",""source"":""donor""},{""layer"":22,""patch_kind"":""decision_token"",""source"":""donor""},{""layer"":23,""patch_kind"":""decision_token"",""source"":""donor""}]",post_decoder_block_output,decision_token,-18.101184844970703,-14.566595077514648,-18.250112533569336,-14.308186531066895,-3.5345897674560547,-3.9419260025024414,-18.250110626220703,-14.308182716369629,-18.101181030273438,-14.5665922164917,-3.941927909851074,-3.5345888137817383,0.40733814239501953,0.4073371887207031,0.40733766555786133,True,True,
pair_0003,01,02,02,01,pair_0003_happy,pair_0003_sad,upper_prompt__lower_spaced,Listen to the speech. Is the speaker HAPPY or SAD? Answer only HAPPY or SAD., happy, sad,[6247],[12421],decision_clamp,decision_clamp_to_23,17,,23,"[{""layer"":17,""patch_kind"":""decision_token"",""source"":""donor""},{""layer"":18,""patch_kind"":""decision_token"",""source"":""donor""},{""layer"":19,""patch_kind"":""decision_token"",""source"":""donor""},{""layer"":20,""patch_kind"":""decision_token"",""source"":""donor""},{""layer"":21,""patch_kind"":""decision_token"",""source"":""donor""},{""layer"":22,""patch_kind"":""decision_token"",""source"":""donor""},{""layer"":23,""patch_kind"":""decision_token"",""source"":""donor""}]",post_decoder_block_output,decision_token,-18.006914138793945,-14.501709938049316,-18.291980743408203,-14.688089370727539,-3.505204200744629,-3.603891372680664,-18.291988372802734,-14.688091278076172,-18.00691032409668,-14.50170612335205,-3.6038970947265625,-3.505204200744629,0.0986928939819336,0.09868717193603516,0.09869003295898438,True,True,
pair_0004,02,01,01,01,pair_0004_happy,pair_0004_sad,upper_prompt__lower_spaced,Listen to the speech. Is the speaker HAPPY or SAD? Answer only HAPPY or SAD., happy, sad,[6247],[12421],decision_clamp,decision_clamp_to_23,17,,23,"[{""layer"":17,""patch_kind"":""decision_token"",""source"":""donor""},{""layer"":18,""patch_kind"":""decision_token"",""source"":""donor""},{""layer"":19,""patch_kind"":""decision_token"",""source"":""donor""},{""layer"":20,""patch_kind"":""decision_token"",""source"":""donor""},{""layer"":21,""patch_kind"":""decision_token"",""source"":""donor""},{""layer"":22,""patch_kind"":""decision_token"",""source"":""donor""},{""layer"":23,""patch_kind"":""decision_token"",""source"":""donor""}]",post_decoder_block_output,decision_token,-18.301326751708984,-14.038238525390625,-18.725671768188477,-13.857430458068848,-4.263088226318359,-4.868241310119629,-18.725664138793945,-13.857436180114746,-18.301319122314453,-14.038239479064941,-4.868227958679199,-4.263079643249512,0.6051397323608398,0.6051616668701172,0.6051506996154785,True,True,
pair_0005,02,01,02,01,pair_0005_happy,pair_0005_sad,upper_prompt__lower_spaced,Listen to the speech. Is the speaker HAPPY or SAD? Answer only HAPPY or SAD., happy, sad,[6247],[12421],decision_clamp,decision_clamp_to_23,17,,23,"[{""layer"":17,""patch_kind"":""decision_token"",""source"":""donor""},{""layer"":18,""patch_kind"":""decision_token"",""source"":""donor""},{""layer"":19,""patch_kind"":""decision_token"",""source"":""donor""},{""layer"":20,""patch_kind"":""decision_token"",""source"":""donor""},{""layer"":21,""patch_kind"":""decision_token"",""source"":""donor""},{""layer"":22,""patch_kind"":""decision_token"",""source"":""donor""},{""layer"":23,""patch_kind"":""decision_token"",""source"":""donor""}]",post_decoder_block_output,decision_token,-18.589427947998047,-14.114439964294434,-18.74413299560547,-14.046891212463379,-4.474987983703613,-4.69724178314209,-18.74413299560547,-14.046896934509277,-18.589420318603516,-14.114436149597168,-4.697236061096191,-4.474984169006348,0.22224807739257812,0.2222576141357422,0.22225284576416016,True,True,
pair_0006,02,02,01,01,pair_0006_happy,pair_0006_sad,upper_prompt__lower_spaced,Listen to the speech. Is the speaker HAPPY or SAD? Answer only HAPPY or SAD., happy, sad,[6247],[12421],decision_clamp,decision_clamp_to_23,17,,23,"[{""layer"":17,""patch_kind"":""decision_token"",""source"":""donor""},{""layer"":18,""patch_kind"":""decision_token"",""source"":""donor""},{""layer"":19,""patch_kind"":""decision_token"",""source"":""donor""},{""layer"":20,""patch_kind"":""decision_token"",""source"":""donor""},{""layer"":21,""patch_kind"":""decision_token"",""source"":""donor""},{""layer"":22,""patch_kind"":""decision_token"",""source"":""donor""},{""layer"":23,""patch_kind"":""decision_token"",""source"":""donor""}]",post_decoder_block_output,decision_token,-17.821413040161133,-14.312002182006836,-17.82419204711914,-14.049148559570312,-3.509410858154297,-3.775043487548828,-17.82417869567871,-14.049145698547363,-17.821413040161133,-14.312004089355469,-3.7750329971313477,-3.509408950805664,0.2656221389770508,0.26563453674316406,0.2656283378601074,True,True,
pair_0007,02,02,02,01,pair_0007_happy,pair_0007_sad,upper_prompt__lower_spaced,Listen to the speech. Is the speaker HAPPY or SAD? Answer only HAPPY or SAD., happy, sad,[6247],[12421],decision_clamp,decision_clamp_to_23,17,,23,"[{""layer"":17,""patch_kind"":""decision_token"",""source"":""donor""},{""layer"":18,""patch_kind"":""decision_token"",""source"":""donor""},{""layer"":19,""patch_kind"":""decision_token"",""source"":""donor""},{""layer"":20,""patch_kind"":""decision_token"",""source"":""donor""},{""layer"":21,""patch_kind"":""decision_token"",""source"":""donor""},{""layer"":22,""patch_kind"":""decision_token"",""source"":""donor""},{""layer"":23,""patch_kind"":""decision_token"",""source"":""donor""}]",post_decoder_block_output,decision_token,-17.819889068603516,-14.41187572479248,-17.866769790649414,-14.385616302490234,-3.408013343811035,-3.4811534881591797,-17.86676788330078,-14.385618209838867,-17.81989288330078,-14.411876678466797,-3.481149673461914,-3.4080162048339844,0.0731363296508789,0.07313728332519531,0.07313680648803711,True,True,
pair_0008,03,01,01,01,pair_0008_happy,pair_0008_sad,upper_prompt__lower_spaced,Listen to the speech. Is the speaker HAPPY or SAD? Answer only HAPPY or SAD., happy, sad,[6247],[12421],decision_clamp,decision_clamp_to_23,17,,23,"[{""layer"":17,""patch_kind"":""decision_token"",""source"":""donor""},{""layer"":18,""patch_kind"":""decision_token"",""source"":""donor""},{""layer"":19,""patch_kind"":""decision_token"",""source"":""donor""},{""layer"":20,""patch_kind"":""decision_token"",""source"":""donor""},{""layer"":21,""patch_kind"":""decision_token"",""source"":""donor""},{""layer"":22,""patch_kind"":""decision_token"",""source"":""donor""},{""layer"":23,""patch_kind"":""decision_token"",""source"":""donor""}]",post_decoder_block_output,decision_token,-18.818166732788086,-14.119091033935547,-18.65387725830078,-14.069162368774414,-4.699075698852539,-4.584714889526367,-18.653879165649414,-14.069169998168945,-18.81816864013672,-14.119093894958496,-4.584709167480469,-4.699074745178223,-0.11436653137207031,-0.11435985565185547,-0.11436319351196289,False,False,
pair_0009,03,01,02,01,pair_0009_happy,pair_0009_sad,upper_prompt__lower_spaced,Listen to the speech. Is the speaker HAPPY or SAD? Answer only HAPPY or SAD., happy, sad,[6247],[12421],decision_clamp,decision_clamp_to_23,17,,23,"[{""layer"":17,""patch_kind"":""decision_token"",""source"":""donor""},{""layer"":18,""patch_kind"":""decision_token"",""source"":""donor""},{""layer"":19,""patch_kind"":""decision_token"",""source"":""donor""},{""layer"":20,""patch_kind"":""decision_token"",""source"":""donor""},{""layer"":21,""patch_kind"":""decision_token"",""source"":""donor""},{""layer"":22,""patch_kind"":""decision_token"",""source"":""donor""},{""layer"":23,""patch_kind"":""decision_token"",""source"":""donor""}]",post_decoder_block_output,decision_token,-18.729928970336914,-14.011101722717285,-18.5625,-14.185173034667969,-4.718827247619629,-4.377326965332031,-18.562498092651367,-14.185176849365234,-18.729921340942383,-14.011101722717285,-4.377321243286133,-4.718819618225098,-0.3415060043334961,-0.3414926528930664,-0.34149932861328125,False,False,
pair_0010,03,02,01,01,pair_0010_happy,pair_0010_sad,upper_prompt__lower_spaced,Listen to the speech. Is the speaker HAPPY or SAD? Answer only HAPPY or SAD., happy, sad,[6247],[12421],decision_clamp,decision_clamp_to_23,17,,23,"[{""layer"":17,""patch_kind"":""decision_token"",""source"":""donor""},{""layer"":18,""patch_kind"":""decision_token"",""source"":""donor""},{""layer"":19,""patch_kind"":""decision_token"",""source"":""donor""},{""layer"":20,""patch_kind"":""decision_token"",""source"":""donor""},{""layer"":21,""patch_kind"":""decision_token"",""source"":""donor""},{""layer"":22,""patch_kind"":""decision_token"",""source"":""donor""},{""layer"":23,""patch_kind"":""decision_token"",""source"":""donor""}]",post_decoder_block_output,decision_token,-18.31175994873047,-14.61680793762207,-17.840412139892578,-14.470471382141113,-3.6949520111083984,-3.369940757751465,-17.84041976928711,-14.470477104187012,-18.311752319335938,-14.61680793762207,-3.3699426651000977,-3.694944381713867,-0.3250093460083008,-0.32500362396240234,-0.32500648498535156,False,False,
pair_0011,03,02,02,01,pair_0011_happy,pair_0011_sad,upper_prompt__lower_spaced,Listen to the speech. Is the speaker HAPPY or SAD? Answer only HAPPY or SAD., happy, sad,[6247],[12421],decision_clamp,decision_clamp_to_23,17,,23,"[{""layer"":17,""patch_kind"":""decision_token"",""source"":""donor""},{""layer"":18,""patch_kind"":""decision_token"",""source"":""donor""},{""layer"":19,""patch_kind"":""decision_token"",""source"":""donor""},{""layer"":20,""patch_kind"":""decision_token"",""source"":""donor""},{""layer"":21,""patch_kind"":""decision_token"",""source"":""donor""},{""layer"":22,""patch_kind"":""decision_token"",""source"":""donor""},{""layer"":23,""patch_kind"":""decision_token"",""source"":""donor""}]",post_decoder_block_output,decision_token,-18.231765747070312,-14.706853866577148,-17.838123321533203,-14.506670951843262,-3.524911880493164,-3.3314523696899414,-17.838130950927734,-14.50667667388916,-18.23176383972168,-14.7068510055542,-3.331454277038574,-3.5249128341674805,-0.19345760345458984,-0.19346046447753906,-0.19345903396606445,False,False,
pair_0012,04,01,01,01,pair_0012_happy,pair_0012_sad,upper_prompt__lower_spaced,Listen to the speech. Is the speaker HAPPY or SAD? Answer only HAPPY or SAD., happy, sad,[6247],[12421],decision_clamp,decision_clamp_to_23,17,,23,"[{""layer"":17,""patch_kind"":""decision_token"",""source"":""donor""},{""layer"":18,""patch_kind"":""decision_token"",""source"":""donor""},{""layer"":19,""patch_kind"":""decision_token"",""source"":""donor""},{""layer"":20,""patch_kind"":""decision_token"",""source"":""donor""},{""layer"":21,""patch_kind"":""decision_token"",""source"":""donor""},{""layer"":22,""patch_kind"":""decision_token"",""source"":""donor""},{""layer"":23,""patch_kind"":""decision_token"",""source"":""donor""}]",post_decoder_block_output,decision_token,-18.358745574951172,-13.756012916564941,-18.717449188232422,-13.85068130493164,-4.6027326583862305,-4.866767883300781,-18.71744155883789,-13.85068130493164,-18.35873031616211,-13.75600814819336,-4.86676025390625,-4.60272216796875,0.26402759552001953,0.26404571533203125,0.2640366554260254,True,True,
pair_0013,04,01,02,01,pair_0013_happy,pair_0013_sad,upper_prompt__lower_spaced,Listen to the speech. Is the speaker HAPPY or SAD? Answer only HAPPY or SAD., happy, sad,[6247],[12421],decision_clamp,decision_clamp_to_23,17,,23,"[{""layer"":17,""patch_kind"":""decision_token"",""source"":""donor""},{""layer"":18,""patch_kind"":""decision_token"",""source"":""donor""},{""layer"":19,""patch_kind"":""decision_token"",""source"":""donor""},{""layer"":20,""patch_kind"":""decision_token"",""source"":""donor""},{""layer"":21,""patch_kind"":""decision_token"",""source"":""donor""},{""layer"":22,""patch_kind"":""decision_token"",""source"":""donor""},{""layer"":23,""patch_kind"":""decision_token"",""source"":""donor""}]",post_decoder_block_output,decision_token,-18.70948600769043,-14.139888763427734,-18.57384490966797,-13.96951675415039,-4.569597244262695,-4.604328155517578,-18.573841094970703,-13.96951961517334,-18.7094783782959,-14.139888763427734,-4.604321479797363,-4.569589614868164,0.03472423553466797,0.03473854064941406,0.034731388092041016,True,True,
pair_0014,04,02,01,01,pair_0014_happy,pair_0014_sad,upper_prompt__lower_spaced,Listen to the speech. Is the speaker HAPPY or SAD? Answer only HAPPY or SAD., happy, sad,[6247],[12421],decision_clamp,decision_clamp_to_23,17,,23,"[{""layer"":17,""patch_kind"":""decision_token"",""source"":""donor""},{""layer"":18,""patch_kind"":""decision_token"",""source"":""donor""},{""layer"":19,""patch_kind"":""decision_token"",""source"":""donor""},{""layer"":20,""patch_kind"":""decision_token"",""source"":""donor""},{""layer"":21,""patch_kind"":""decision_token"",""source"":""donor""},{""layer"":22,""patch_kind"":""decision_token"",""source"":""donor""},{""layer"":23,""patch_kind"":""decision_token"",""source"":""donor""}]",post_decoder_block_output,decision_token,-17.875215530395508,-14.271656036376953,-17.993194580078125,-14.42282485961914,-3.6035594940185547,-3.5703697204589844,-17.99319839477539,-14.422821998596191,-17.875213623046875,-14.271655082702637,-3.570376396179199,-3.6035585403442383,-0.03318309783935547,-0.033188819885253906,-0.03318595886230469,False,False,
pair_0015,04,02,02,01,pair_0015_happy,pair_0015_sad,upper_prompt__lower_spaced,Listen to the speech. Is the speaker HAPPY or SAD? Answer only HAPPY or SAD., happy, sad,[6247],[12421],decision_clamp,decision_clamp_to_23,17,,23,"[{""layer"":17,""patch_kind"":""decision_token"",""source"":""donor""},{""layer"":18,""patch_kind"":""decision_token"",""source"":""donor""},{""layer"":19,""patch_kind"":""decision_token"",""source"":""donor""},{""layer"":20,""patch_kind"":""decision_token"",""source"":""donor""},{""layer"":21,""patch_kind"":""decision_token"",""source"":""donor""},{""layer"":22,""patch_kind"":""decision_token"",""source"":""donor""},{""layer"":23,""patch_kind"":""decision_token"",""source"":""donor""}]",post_decoder_block_output,decision_token,-17.90298080444336,-14.51931095123291,-18.07615089416504,-14.267594337463379,-3.383669853210449,-3.80855655670166,-18.076154708862305,-14.267597198486328,-17.90298080444336,-14.519312858581543,-3.8085575103759766,-3.3836679458618164,0.42488765716552734,0.42488861083984375,0.42488813400268555,True,True,
pair_0016,05,01,01,01,pair_0016_happy,pair_0016_sad,upper_prompt__lower_spaced,Listen to the speech. Is the speaker HAPPY or SAD? Answer only HAPPY or SAD., happy, sad,[6247],[12421],decision_clamp,decision_clamp_to_23,17,,23,"[{""layer"":17,""patch_kind"":""decision_token"",""source"":""donor""},{""layer"":18,""patch_kind"":""decision_token"",""source"":""donor""},{""layer"":19,""patch_kind"":""decision_token"",""source"":""donor""},{""layer"":20,""patch_kind"":""decision_token"",""source"":""donor""},{""layer"":21,""patch_kind"":""decision_token"",""source"":""donor""},{""layer"":22,""patch_kind"":""decision_token"",""source"":""donor""},{""layer"":23,""patch_kind"":""decision_token"",""source"":""donor""}]",post_decoder_block_output,decision_token,-18.692672729492188,-14.135289192199707,-18.536806106567383,-14.340117454528809,-4.5573835372924805,-4.196688652038574,-18.536802291870117,-14.34012222290039,-18.692663192749023,-14.13528823852539,-4.196680068969727,-4.557374954223633,-0.3607034683227539,-0.3606863021850586,-0.36069488525390625,False,False,
pair_0017,05,01,02,01,pair_0017_happy,pair_0017_sad,upper_prompt__lower_spaced,Listen to the speech. Is the speaker HAPPY or SAD? Answer only HAPPY or SAD., happy, sad,[6247],[12421],decision_clamp,decision_clamp_to_23,17,,23,"[{""layer"":17,""patch_kind"":""decision_token"",""source"":""donor""},{""layer"":18,""patch_kind"":""decision_token"",""source"":""donor""},{""layer"":19,""patch_kind"":""decision_token"",""source"":""donor""},{""layer"":20,""patch_kind"":""decision_token"",""source"":""donor""},{""layer"":21,""patch_kind"":""decision_token"",""source"":""donor""},{""layer"":22,""patch_kind"":""decision_token"",""source"":""donor""},{""layer"":23,""patch_kind"":""decision_token"",""source"":""donor""}]",post_decoder_block_output,decision_token,-18.638935089111328,-14.255763053894043,-18.50379180908203,-13.944811820983887,-4.383172035217285,-4.5589799880981445,-18.503782272338867,-13.94481372833252,-18.638927459716797,-14.255765914916992,-4.558968544006348,-4.383161544799805,0.1757965087890625,0.17581844329833984,0.17580747604370117,True,True,
pair_0018,05,02,01,01,pair_0018_happy,pair_0018_sad,upper_prompt__lower_spaced,Listen to the speech. Is the speaker HAPPY or SAD? Answer only HAPPY or SAD., happy, sad,[6247],[12421],decision_clamp,decision_clamp_to_23,17,,23,"[{""layer"":17,""patch_kind"":""decision_token"",""source"":""donor""},{""layer"":18,""patch_kind"":""decision_token"",""source"":""donor""},{""layer"":19,""patch_kind"":""decision_token"",""source"":""donor""},{""layer"":20,""patch_kind"":""decision_token"",""source"":""donor""},{""layer"":21,""patch_kind"":""decision_token"",""source"":""donor""},{""layer"":22,""patch_kind"":""decision_token"",""source"":""donor""},{""layer"":23,""patch_kind"":""decision_token"",""source"":""donor""}]",post_decoder_block_output,decision_token,-18.000730514526367,-14.714016914367676,-18.26675796508789,-14.785633087158203,-3.2867136001586914,-3.4811248779296875,-18.26677131652832,-14.785639762878418,-18.0007266998291,-14.714017868041992,-3.4811315536499023,-3.2867088317871094,0.19441795349121094,0.19441604614257812,0.19441699981689453,True,True,
pair_0019,05,02,02,01,pair_0019_happy,pair_0019_sad,upper_prompt__lower_spaced,Listen to the speech. Is the speaker HAPPY or SAD? Answer only HAPPY or SAD., happy, sad,[6247],[12421],decision_clamp,decision_clamp_to_23,17,,23,"[{""layer"":17,""patch_kind"":""decision_token"",""source"":""donor""},{""layer"":18,""patch_kind"":""decision_token"",""source"":""donor""},{""layer"":19,""patch_kind"":""decision_token"",""source"":""donor""},{""layer"":20,""patch_kind"":""decision_token"",""source"":""donor""},{""layer"":21,""patch_kind"":""decision_token"",""source"":""donor""},{""layer"":22,""patch_kind"":""decision_token"",""source"":""donor""},{""layer"":23,""patch_kind"":""decision_token"",""source"":""donor""}]",post_decoder_block_output,decision_token,-18.202608108520508,-14.727049827575684,-17.76186752319336,-14.475021362304688,-3.475558280944824,-3.286846160888672,-17.761859893798828,-14.475017547607422,-18.202600479125977,-14.727051734924316,-3.2868423461914062,-3.47554874420166,-0.18871593475341797,-0.18870258331298828,-0.18870925903320312,False,False,
pair_0020,06,01,01,01,pair_0020_happy,pair_0020_sad,upper_prompt__lower_spaced,Listen to the speech. Is the speaker HAPPY or SAD? Answer only HAPPY or SAD., happy, sad,[6247],[12421],decision_clamp,decision_clamp_to_23,17,,23,"[{""layer"":17,""patch_kind"":""decision_token"",""source"":""donor""},{""layer"":18,""patch_kind"":""decision_token"",""source"":""donor""},{""layer"":19,""patch_kind"":""decision_token"",""source"":""donor""},{""layer"":20,""patch_kind"":""decision_token"",""source"":""donor""},{""layer"":21,""patch_kind"":""decision_token"",""source"":""donor""},{""layer"":22,""patch_kind"":""decision_token"",""source"":""donor""},{""layer"":23,""patch_kind"":""decision_token"",""source"":""donor""}]",post_decoder_block_output,decision_token,-18.270139694213867,-14.0554780960083,-18.622514724731445,-14.09838581085205,-4.214661598205566,-4.5241289138793945,-18.622509002685547,-14.098387718200684,-18.270139694213867,-14.0554838180542,-4.524121284484863,-4.214655876159668,0.3094596862792969,0.30947303771972656,0.3094663619995117,True,True,
pair_0021,06,01,02,01,pair_0021_happy,pair_0021_sad,upper_prompt__lower_spaced,Listen to the speech. Is the speaker HAPPY or SAD? Answer only HAPPY or SAD., happy, sad,[6247],[12421],decision_clamp,decision_clamp_to_23,17,,23,"[{""layer"":17,""patch_kind"":""decision_token"",""source"":""donor""},{""layer"":18,""patch_kind"":""decision_token"",""source"":""donor""},{""layer"":19,""patch_kind"":""decision_token"",""source"":""donor""},{""layer"":20,""patch_kind"":""decision_token"",""source"":""donor""},{""layer"":21,""patch_kind"":""decision_token"",""source"":""donor""},{""layer"":22,""patch_kind"":""decision_token"",""source"":""donor""},{""layer"":23,""patch_kind"":""decision_token"",""source"":""donor""}]",post_decoder_block_output,decision_token,-18.518516540527344,-14.262524604797363,-18.693706512451172,-14.079412460327148,-4.2559919357299805,-4.614294052124023,-18.693696975708008,-14.079413414001465,-18.51851463317871,-14.262528419494629,-4.614283561706543,-4.255986213684082,0.3582916259765625,0.3583078384399414,0.35829973220825195,True,True,
pair_0022,06,02,01,01,pair_0022_happy,pair_0022_sad,upper_prompt__lower_spaced,Listen to the speech. Is the speaker HAPPY or SAD? Answer only HAPPY or SAD., happy, sad,[6247],[12421],decision_clamp,decision_clamp_to_23,17,,23,"[{""layer"":17,""patch_kind"":""decision_token"",""source"":""donor""},{""layer"":18,""patch_kind"":""decision_token"",""source"":""donor""},{""layer"":19,""patch_kind"":""decision_token"",""source"":""donor""},{""layer"":20,""patch_kind"":""decision_token"",""source"":""donor""},{""layer"":21,""patch_kind"":""decision_token"",""source"":""donor""},{""layer"":22,""patch_kind"":""decision_token"",""source"":""donor""},{""layer"":23,""patch_kind"":""decision_token"",""source"":""donor""}]",post_decoder_block_output,decision_token,-18.048234939575195,-14.446083068847656,-18.00354766845703,-14.538506507873535,-3.602151870727539,-3.465041160583496,-18.00354766845703,-14.538507461547852,-18.048233032226562,-14.446084022521973,-3.4650402069091797,-3.60214900970459,-0.13711166381835938,-0.13710784912109375,-0.13710975646972656,False,False,
pair_0023,06,02,02,01,pair_0023_happy,pair_0023_sad,upper_prompt__lower_spaced,Listen to the speech. Is the speaker HAPPY or SAD? Answer only HAPPY or SAD., happy, sad,[6247],[12421],decision_clamp,decision_clamp_to_23,17,,23,"[{""layer"":17,""patch_kind"":""decision_token"",""source"":""donor""},{""layer"":18,""patch_kind"":""decision_token"",""source"":""donor""},{""layer"":19,""patch_kind"":""decision_token"",""source"":""donor""},{""layer"":20,""patch_kind"":""decision_token"",""source"":""donor""},{""layer"":21,""patch_kind"":""decision_token"",""source"":""donor""},{""layer"":22,""patch_kind"":""decision_token"",""source"":""donor""},{""layer"":23,""patch_kind"":""decision_token"",""source"":""donor""}]",post_decoder_block_output,decision_token,-17.950851440429688,-14.493545532226562,-18.027484893798828,-14.372323989868164,-3.457305908203125,-3.655160903930664,-18.027481079101562,-14.37232780456543,-17.95085334777832,-14.493546485900879,-3.655153274536133,-3.4573068618774414,0.1978473663330078,0.19785404205322266,0.19785070419311523,True,True,
pair_0024,07,01,01,01,pair_0024_happy,pair_0024_sad,upper_prompt__lower_spaced,Listen to the speech. Is the speaker HAPPY or SAD? Answer only HAPPY or SAD., happy, sad,[6247],[12421],decision_clamp,decision_clamp_to_23,17,,23,"[{""layer"":17,""patch_kind"":""decision_token"",""source"":""donor""},{""layer"":18,""patch_kind"":""decision_token"",""source"":""donor""},{""layer"":19,""patch_kind"":""decision_token"",""source"":""donor""},{""layer"":20,""patch_kind"":""decision_token"",""source"":""donor""},{""layer"":21,""patch_kind"":""decision_token"",""source"":""donor""},{""layer"":22,""patch_kind"":""decision_token"",""source"":""donor""},{""layer"":23,""patch_kind"":""decision_token"",""source"":""donor""}]",post_decoder_block_output,decision_token,-18.09006118774414,-13.70536994934082,-18.24040985107422,-14.0731840133667,-4.38469123840332,-4.1672258377075195,-18.240402221679688,-14.073183059692383,-18.090049743652344,-13.705366134643555,-4.167219161987305,-4.384683609008789,-0.21747207641601562,-0.21745777130126953,-0.21746492385864258,False,False,
pair_0025,07,01,02,01,pair_0025_happy,pair_0025_sad,upper_prompt__lower_spaced,Listen to the speech. Is the speaker HAPPY or SAD? Answer only HAPPY or SAD., happy, sad,[6247],[12421],decision_clamp,decision_clamp_to_23,17,,23,"[{""layer"":17,""patch_kind"":""decision_token"",""source"":""donor""},{""layer"":18,""patch_kind"":""decision_token"",""source"":""donor""},{""layer"":19,""patch_kind"":""decision_token"",""source"":""donor""},{""layer"":20,""patch_kind"":""decision_token"",""source"":""donor""},{""layer"":21,""patch_kind"":""decision_token"",""source"":""donor""},{""layer"":22,""patch_kind"":""decision_token"",""source"":""donor""},{""layer"":23,""patch_kind"":""decision_token"",""source"":""donor""}]",post_decoder_block_output,decision_token,-18.489057540893555,-13.88498592376709,-18.49165916442871,-13.795110702514648,-4.604071617126465,-4.6965484619140625,-18.491657257080078,-13.795114517211914,-18.489055633544922,-13.884992599487305,-4.696542739868164,-4.604063034057617,0.09247112274169922,0.09248542785644531,0.09247827529907227,True,True,
pair_0026,07,02,01,01,pair_0026_happy,pair_0026_sad,upper_prompt__lower_spaced,Listen to the speech. Is the speaker HAPPY or SAD? Answer only HAPPY or SAD., happy, sad,[6247],[12421],decision_clamp,decision_clamp_to_23,17,,23,"[{""layer"":17,""patch_kind"":""decision_token"",""source"":""donor""},{""layer"":18,""patch_kind"":""decision_token"",""source"":""donor""},{""layer"":19,""patch_kind"":""decision_token"",""source"":""donor""},{""layer"":20,""patch_kind"":""decision_token"",""source"":""donor""},{""layer"":21,""patch_kind"":""decision_token"",""source"":""donor""},{""layer"":22,""patch_kind"":""decision_token"",""source"":""donor""},{""layer"":23,""patch_kind"":""decision_token"",""source"":""donor""}]",post_decoder_block_output,decision_token,-18.1934757232666,-14.413429260253906,-18.108972549438477,-14.478107452392578,-3.7800464630126953,-3.6308650970458984,-18.108976364135742,-14.478109359741211,-18.193479537963867,-14.41342830657959,-3.6308670043945312,-3.7800512313842773,-0.14917945861816406,-0.1491861343383789,-0.14918279647827148,False,False,
pair_0027,07,02,02,01,pair_0027_happy,pair_0027_sad,upper_prompt__lower_spaced,Listen to the speech. Is the speaker HAPPY or SAD? Answer only HAPPY or SAD., happy, sad,[6247],[12421],decision_clamp,decision_clamp_to_23,17,,23,"[{""layer"":17,""patch_kind"":""decision_token"",""source"":""donor""},{""layer"":18,""patch_kind"":""decision_token"",""source"":""donor""},{""layer"":19,""patch_kind"":""decision_token"",""source"":""donor""},{""layer"":20,""patch_kind"":""decision_token"",""source"":""donor""},{""layer"":21,""patch_kind"":""decision_token"",""source"":""donor""},{""layer"":22,""patch_kind"":""decision_token"",""source"":""donor""},{""layer"":23,""patch_kind"":""decision_token"",""source"":""donor""}]",post_decoder_block_output,decision_token,-18.1934757232666,-14.413429260253906,-17.917301177978516,-14.347782135009766,-3.7800464630126953,-3.56951904296875,-17.917301177978516,-14.347786903381348,-18.193479537963867,-14.41342830657959,-3.569514274597168,-3.7800512313842773,-0.21053218841552734,-0.21053218841552734,-0.21053218841552734,False,False,
pair_0028,08,01,01,01,pair_0028_happy,pair_0028_sad,upper_prompt__lower_spaced,Listen to the speech. Is the speaker HAPPY or SAD? Answer only HAPPY or SAD., happy, sad,[6247],[12421],decision_clamp,decision_clamp_to_23,17,,23,"[{""layer"":17,""patch_kind"":""decision_token"",""source"":""donor""},{""layer"":18,""patch_kind"":""decision_token"",""source"":""donor""},{""layer"":19,""patch_kind"":""decision_token"",""source"":""donor""},{""layer"":20,""patch_kind"":""decision_token"",""source"":""donor""},{""layer"":21,""patch_kind"":""decision_token"",""source"":""donor""},{""layer"":22,""patch_kind"":""decision_token"",""source"":""donor""},{""layer"":23,""patch_kind"":""decision_token"",""source"":""donor""}]",post_decoder_block_output,decision_token,-17.895870208740234,-14.022705078125,-18.853595733642578,-13.817150115966797,-3.8731651306152344,-5.036445617675781,-18.853591918945312,-13.817154884338379,-17.895858764648438,-14.022706031799316,-5.036437034606934,-3.873152732849121,1.1632719039916992,1.1632928848266602,1.1632823944091797,True,True,
pair_0029,08,01,02,01,pair_0029_happy,pair_0029_sad,upper_prompt__lower_spaced,Listen to the speech. Is the speaker HAPPY or SAD? Answer only HAPPY or SAD., happy, sad,[6247],[12421],decision_clamp,decision_clamp_to_23,17,,23,"[{""layer"":17,""patch_kind"":""decision_token"",""source"":""donor""},{""layer"":18,""patch_kind"":""decision_token"",""source"":""donor""},{""layer"":19,""patch_kind"":""decision_token"",""source"":""donor""},{""layer"":20,""patch_kind"":""decision_token"",""source"":""donor""},{""layer"":21,""patch_kind"":""decision_token"",""source"":""donor""},{""layer"":22,""patch_kind"":""decision_token"",""source"":""donor""},{""layer"":23,""patch_kind"":""decision_token"",""source"":""donor""}]",post_decoder_block_output,decision_token,-18.307472229003906,-13.782498359680176,-17.66484260559082,-13.374154090881348,-4.5249738693237305,-4.290688514709473,-17.664836883544922,-13.374157905578613,-18.307466506958008,-13.782501220703125,-4.290678977966309,-4.524965286254883,-0.23429489135742188,-0.23427677154541016,-0.23428583145141602,False,False,
pair_0030,08,02,01,01,pair_0030_happy,pair_0030_sad,upper_prompt__lower_spaced,Listen to the speech. Is the speaker HAPPY or SAD? Answer only HAPPY or SAD., happy, sad,[6247],[12421],decision_clamp,decision_clamp_to_23,17,,23,"[{""layer"":17,""patch_kind"":""decision_token"",""source"":""donor""},{""layer"":18,""patch_kind"":""decision_token"",""source"":""donor""},{""layer"":19,""patch_kind"":""decision_token"",""source"":""donor""},{""layer"":20,""patch_kind"":""decision_token"",""source"":""donor""},{""layer"":21,""patch_kind"":""decision_token"",""source"":""donor""},{""layer"":22,""patch_kind"":""decision_token"",""source"":""donor""},{""layer"":23,""patch_kind"":""decision_token"",""source"":""donor""}]",post_decoder_block_output,decision_token,-17.869657516479492,-13.974630355834961,-17.25248908996582,-14.594927787780762,-3.8950271606445312,-2.6575613021850586,-17.25248908996582,-14.594927787780762,-17.869657516479492,-13.974628448486328,-2.6575613021850586,-3.895029067993164,-1.2374658584594727,-1.2374677658081055,-1.237466812133789,False,False,
pair_0031,08,02,02,01,pair_0031_happy,pair_0031_sad,upper_prompt__lower_spaced,Listen to the speech. Is the speaker HAPPY or SAD? Answer only HAPPY or SAD., happy, sad,[6247],[12421],decision_clamp,decision_clamp_to_23,17,,23,"[{""layer"":17,""patch_kind"":""decision_token"",""source"":""donor""},{""layer"":18,""patch_kind"":""decision_token"",""source"":""donor""},{""layer"":19,""patch_kind"":""decision_token"",""source"":""donor""},{""layer"":20,""patch_kind"":""decision_token"",""source"":""donor""},{""layer"":21,""patch_kind"":""decision_token"",""source"":""donor""},{""layer"":22,""patch_kind"":""decision_token"",""source"":""donor""},{""layer"":23,""patch_kind"":""decision_token"",""source"":""donor""}]",post_decoder_block_output,decision_token,-17.836416244506836,-14.024099349975586,-18.205785751342773,-14.933714866638184,-3.81231689453125,-3.27207088470459,-18.20578956604004,-14.933720588684082,-17.836416244506836,-14.024097442626953,-3.272068977355957,-3.812318801879883,-0.540247917175293,-0.540247917175293,-0.540247917175293,False,False,
pair_0032,09,01,01,01,pair_0032_happy,pair_0032_sad,upper_prompt__lower_spaced,Listen to the speech. Is the speaker HAPPY or SAD? Answer only HAPPY or SAD., happy, sad,[6247],[12421],decision_clamp,decision_clamp_to_23,17,,23,"[{""layer"":17,""patch_kind"":""decision_token"",""source"":""donor""},{""layer"":18,""patch_kind"":""decision_token"",""source"":""donor""},{""layer"":19,""patch_kind"":""decision_token"",""source"":""donor""},{""layer"":20,""patch_kind"":""decision_token"",""source"":""donor""},{""layer"":21,""patch_kind"":""decision_token"",""source"":""donor""},{""layer"":22,""patch_kind"":""decision_token"",""source"":""donor""},{""layer"":23,""patch_kind"":""decision_token"",""source"":""donor""}]",post_decoder_block_output,decision_token,-18.71563148498535,-14.05175495147705,-18.32554054260254,-13.615287780761719,-4.663876533508301,-4.71025276184082,-18.32554054260254,-13.6152925491333,-18.715625762939453,-14.051758766174316,-4.710247993469238,-4.663866996765137,0.0463714599609375,0.046385765075683594,0.04637861251831055,True,True,
pair_0033,09,01,02,01,pair_0033_happy,pair_0033_sad,upper_prompt__lower_spaced,Listen to the speech. Is the speaker HAPPY or SAD? Answer only HAPPY or SAD., happy, sad,[6247],[12421],decision_clamp,decision_clamp_to_23,17,,23,"[{""layer"":17,""patch_kind"":""decision_token"",""source"":""donor""},{""layer"":18,""patch_kind"":""decision_token"",""source"":""donor""},{""layer"":19,""patch_kind"":""decision_token"",""source"":""donor""},{""layer"":20,""patch_kind"":""decision_token"",""source"":""donor""},{""layer"":21,""patch_kind"":""decision_token"",""source"":""donor""},{""layer"":22,""patch_kind"":""decision_token"",""source"":""donor""},{""layer"":23,""patch_kind"":""decision_token"",""source"":""donor""}]",post_decoder_block_output,decision_token,-18.97260284423828,-13.914822578430176,-17.69182014465332,-13.4166841506958,-5.0577802658081055,-4.2751359939575195,-17.691818237304688,-13.416686058044434,-18.972606658935547,-13.91482925415039,-4.275132179260254,-5.057777404785156,-0.7826480865478516,-0.7826414108276367,-0.7826447486877441,False,False,
pair_0034,09,02,01,01,pair_0034_happy,pair_0034_sad,upper_prompt__lower_spaced,Listen to the speech. Is the speaker HAPPY or SAD? Answer only HAPPY or SAD., happy, sad,[6247],[12421],decision_clamp,decision_clamp_to_23,17,,23,"[{""layer"":17,""patch_kind"":""decision_token"",""source"":""donor""},{""layer"":18,""patch_kind"":""decision_token"",""source"":""donor""},{""layer"":19,""patch_kind"":""decision_token"",""source"":""donor""},{""layer"":20,""patch_kind"":""decision_token"",""source"":""donor""},{""layer"":21,""patch_kind"":""decision_token"",""source"":""donor""},{""layer"":22,""patch_kind"":""decision_token"",""source"":""donor""},{""layer"":23,""patch_kind"":""decision_token"",""source"":""donor""}]",post_decoder_block_output,decision_token,-18.46145248413086,-14.497332572937012,-18.005985260009766,-14.08935832977295,-3.9641199111938477,-3.9166269302368164,-18.005992889404297,-14.089361190795898,-18.461456298828125,-14.497326850891113,-3.9166316986083984,-3.9641294479370117,-0.04748821258544922,-0.04750251770019531,-0.047495365142822266,False,False,
pair_0035,09,02,02,01,pair_0035_happy,pair_0035_sad,upper_prompt__lower_spaced,Listen to the speech. Is the speaker HAPPY or SAD? Answer only HAPPY or SAD., happy, sad,[6247],[12421],decision_clamp,decision_clamp_to_23,17,,23,"[{""layer"":17,""patch_kind"":""decision_token"",""source"":""donor""},{""layer"":18,""patch_kind"":""decision_token"",""source"":""donor""},{""layer"":19,""patch_kind"":""decision_token"",""source"":""donor""},{""layer"":20,""patch_kind"":""decision_token"",""source"":""donor""},{""layer"":21,""patch_kind"":""decision_token"",""source"":""donor""},{""layer"":22,""patch_kind"":""decision_token"",""source"":""donor""},{""layer"":23,""patch_kind"":""decision_token"",""source"":""donor""}]",post_decoder_block_output,decision_token,-18.263702392578125,-14.721343994140625,-18.236169815063477,-13.951910018920898,-3.5423583984375,-4.284259796142578,-18.23616600036621,-13.951905250549316,-18.263704299926758,-14.721346855163574,-4.2842607498168945,-3.5423574447631836,0.7419023513793945,0.7419023513793945,0.7419023513793945,True,True,
pair_0036,10,01,01,01,pair_0036_happy,pair_0036_sad,upper_prompt__lower_spaced,Listen to the speech. Is the speaker HAPPY or SAD? Answer only HAPPY or SAD., happy, sad,[6247],[12421],decision_clamp,decision_clamp_to_23,17,,23,"[{""layer"":17,""patch_kind"":""decision_token"",""source"":""donor""},{""layer"":18,""patch_kind"":""decision_token"",""source"":""donor""},{""layer"":19,""patch_kind"":""decision_token"",""source"":""donor""},{""layer"":20,""patch_kind"":""decision_token"",""source"":""donor""},{""layer"":21,""patch_kind"":""decision_token"",""source"":""donor""},{""layer"":22,""patch_kind"":""decision_token"",""source"":""donor""},{""layer"":23,""patch_kind"":""decision_token"",""source"":""donor""}]",post_decoder_block_output,decision_token,-18.43072509765625,-14.279913902282715,-18.52195167541504,-13.862289428710938,-4.150811195373535,-4.659662246704102,-18.521947860717773,-13.862289428710938,-18.430727005004883,-14.279922485351562,-4.659658432006836,-4.15080451965332,0.5088472366333008,0.5088577270507812,0.508852481842041,True,True,
pair_0037,10,01,02,01,pair_0037_happy,pair_0037_sad,upper_prompt__lower_spaced,Listen to the speech. Is the speaker HAPPY or SAD? Answer only HAPPY or SAD., happy, sad,[6247],[12421],decision_clamp,decision_clamp_to_23,17,,23,"[{""layer"":17,""patch_kind"":""decision_token"",""source"":""donor""},{""layer"":18,""patch_kind"":""decision_token"",""source"":""donor""},{""layer"":19,""patch_kind"":""decision_token"",""source"":""donor""},{""layer"":20,""patch_kind"":""decision_token"",""source"":""donor""},{""layer"":21,""patch_kind"":""decision_token"",""source"":""donor""},{""layer"":22,""patch_kind"":""decision_token"",""source"":""donor""},{""layer"":23,""patch_kind"":""decision_token"",""source"":""donor""}]",post_decoder_block_output,decision_token,-18.536893844604492,-14.135092735290527,-18.385366439819336,-13.990771293640137,-4.401801109313965,-4.394595146179199,-18.385356903076172,-13.990774154663086,-18.53689193725586,-14.135095596313477,-4.394582748413086,-4.401796340942383,-0.007218360900878906,-0.007201194763183594,-0.00720977783203125,False,False,
pair_0038,10,02,01,01,pair_0038_happy,pair_0038_sad,upper_prompt__lower_spaced,Listen to the speech. Is the speaker HAPPY or SAD? Answer only HAPPY or SAD., happy, sad,[6247],[12421],decision_clamp,decision_clamp_to_23,17,,23,"[{""layer"":17,""patch_kind"":""decision_token"",""source"":""donor""},{""layer"":18,""patch_kind"":""decision_token"",""source"":""donor""},{""layer"":19,""patch_kind"":""decision_token"",""source"":""donor""},{""layer"":20,""patch_kind"":""decision_token"",""source"":""donor""},{""layer"":21,""patch_kind"":""decision_token"",""source"":""donor""},{""layer"":22,""patch_kind"":""decision_token"",""source"":""donor""},{""layer"":23,""patch_kind"":""decision_token"",""source"":""donor""}]",post_decoder_block_output,decision_token,-18.626100540161133,-14.971156120300293,-18.138322830200195,-15.568587303161621,-3.65494441986084,-2.569735527038574,-18.138320922851562,-15.568587303161621,-18.626102447509766,-14.971159934997559,-2.5697336196899414,-3.654942512512207,-1.0852108001708984,-1.0852069854736328,-1.0852088928222656,False,False,
pair_0039,10,02,02,01,pair_0039_happy,pair_0039_sad,upper_prompt__lower_spaced,Listen to the speech. Is the speaker HAPPY or SAD? Answer only HAPPY or SAD., happy, sad,[6247],[12421],decision_clamp,decision_clamp_to_23,17,,23,"[{""layer"":17,""patch_kind"":""decision_token"",""source"":""donor""},{""layer"":18,""patch_kind"":""decision_token"",""source"":""donor""},{""layer"":19,""patch_kind"":""decision_token"",""source"":""donor""},{""layer"":20,""patch_kind"":""decision_token"",""source"":""donor""},{""layer"":21,""patch_kind"":""decision_token"",""source"":""donor""},{""layer"":22,""patch_kind"":""decision_token"",""source"":""donor""},{""layer"":23,""patch_kind"":""decision_token"",""source"":""donor""}]",post_decoder_block_output,decision_token,-17.940845489501953,-14.391155242919922,-18.010360717773438,-14.663244247436523,-3.5496902465820312,-3.347116470336914,-18.01036262512207,-14.663247108459473,-17.94084358215332,-14.391151428222656,-3.3471155166625977,-3.549692153930664,-0.2025747299194336,-0.20257568359375,-0.2025752067565918,False,False,
pair_0040,11,01,01,01,pair_0040_happy,pair_0040_sad,upper_prompt__lower_spaced,Listen to the speech. Is the speaker HAPPY or SAD? Answer only HAPPY or SAD., happy, sad,[6247],[12421],decision_clamp,decision_clamp_to_23,17,,23,"[{""layer"":17,""patch_kind"":""decision_token"",""source"":""donor""},{""layer"":18,""patch_kind"":""decision_token"",""source"":""donor""},{""layer"":19,""patch_kind"":""decision_token"",""source"":""donor""},{""layer"":20,""patch_kind"":""decision_token"",""source"":""donor""},{""layer"":21,""patch_kind"":""decision_token"",""source"":""donor""},{""layer"":22,""patch_kind"":""decision_token"",""source"":""donor""},{""layer"":23,""patch_kind"":""decision_token"",""source"":""donor""}]",post_decoder_block_output,decision_token,-18.623796463012695,-14.394556045532227,-18.4024658203125,-13.74590015411377,-4.229240417480469,-4.6565656661987305,-18.402456283569336,-13.74589729309082,-18.62379264831543,-14.394560813903809,-4.656558990478516,-4.229231834411621,0.4273185729980469,0.4273338317871094,0.4273262023925781,True,True,
pair_0041,11,01,02,01,pair_0041_happy,pair_0041_sad,upper_prompt__lower_spaced,Listen to the speech. Is the speaker HAPPY or SAD? Answer only HAPPY or SAD., happy, sad,[6247],[12421],decision_clamp,decision_clamp_to_23,17,,23,"[{""layer"":17,""patch_kind"":""decision_token"",""source"":""donor""},{""layer"":18,""patch_kind"":""decision_token"",""source"":""donor""},{""layer"":19,""patch_kind"":""decision_token"",""source"":""donor""},{""layer"":20,""patch_kind"":""decision_token"",""source"":""donor""},{""layer"":21,""patch_kind"":""decision_token"",""source"":""donor""},{""layer"":22,""patch_kind"":""decision_token"",""source"":""donor""},{""layer"":23,""patch_kind"":""decision_token"",""source"":""donor""}]",post_decoder_block_output,decision_token,-18.812341690063477,-14.09249210357666,-18.785491943359375,-13.815770149230957,-4.719849586486816,-4.969721794128418,-18.785480499267578,-13.81577205657959,-18.81234359741211,-14.092498779296875,-4.969708442687988,-4.719844818115234,0.24985885620117188,0.2498769760131836,0.24986791610717773,True,True,
pair_0042,11,02,01,01,pair_0042_happy,pair_0042_sad,upper_prompt__lower_spaced,Listen to the speech. Is the speaker HAPPY or SAD? Answer only HAPPY or SAD., happy, sad,[6247],[12421],decision_clamp,decision_clamp_to_23,17,,23,"[{""layer"":17,""patch_kind"":""decision_token"",""source"":""donor""},{""layer"":18,""patch_kind"":""decision_token"",""source"":""donor""},{""layer"":19,""patch_kind"":""decision_token"",""source"":""donor""},{""layer"":20,""patch_kind"":""decision_token"",""source"":""donor""},{""layer"":21,""patch_kind"":""decision_token"",""source"":""donor""},{""layer"":22,""patch_kind"":""decision_token"",""source"":""donor""},{""layer"":23,""patch_kind"":""decision_token"",""source"":""donor""}]",post_decoder_block_output,decision_token,-18.23929214477539,-14.638985633850098,-17.918140411376953,-14.4312105178833,-3.600306510925293,-3.4869298934936523,-17.91813850402832,-14.431209564208984,-18.23929786682129,-14.638991355895996,-3.486928939819336,-3.600306510925293,-0.11337757110595703,-0.11337661743164062,-0.11337709426879883,False,False,
pair_0043,11,02,02,01,pair_0043_happy,pair_0043_sad,upper_prompt__lower_spaced,Listen to the speech. Is the speaker HAPPY or SAD? Answer only HAPPY or SAD., happy, sad,[6247],[12421],decision_clamp,decision_clamp_to_23,17,,23,"[{""layer"":17,""patch_kind"":""decision_token"",""source"":""donor""},{""layer"":18,""patch_kind"":""decision_token"",""source"":""donor""},{""layer"":19,""patch_kind"":""decision_token"",""source"":""donor""},{""layer"":20,""patch_kind"":""decision_token"",""source"":""donor""},{""layer"":21,""patch_kind"":""decision_token"",""source"":""donor""},{""layer"":22,""patch_kind"":""decision_token"",""source"":""donor""},{""layer"":23,""patch_kind"":""decision_token"",""source"":""donor""}]",post_decoder_block_output,decision_token,-18.15532684326172,-14.518304824829102,-17.905120849609375,-14.42210578918457,-3.637022018432617,-3.4830150604248047,-17.905122756958008,-14.422103881835938,-18.155324935913086,-14.518302917480469,-3.4830188751220703,-3.637022018432617,-0.15400314331054688,-0.1540069580078125,-0.1540050506591797,False,False,
pair_0044,12,01,01,01,pair_0044_happy,pair_0044_sad,upper_prompt__lower_spaced,Listen to the speech. Is the speaker HAPPY or SAD? Answer only HAPPY or SAD., happy, sad,[6247],[12421],decision_clamp,decision_clamp_to_23,17,,23,"[{""layer"":17,""patch_kind"":""decision_token"",""source"":""donor""},{""layer"":18,""patch_kind"":""decision_token"",""source"":""donor""},{""layer"":19,""patch_kind"":""decision_token"",""source"":""donor""},{""layer"":20,""patch_kind"":""decision_token"",""source"":""donor""},{""layer"":21,""patch_kind"":""decision_token"",""source"":""donor""},{""layer"":22,""patch_kind"":""decision_token"",""source"":""donor""},{""layer"":23,""patch_kind"":""decision_token"",""source"":""donor""}]",post_decoder_block_output,decision_token,-18.62382698059082,-13.893119812011719,-18.424034118652344,-13.92949390411377,-4.730707168579102,-4.494540214538574,-18.424026489257812,-13.92949390411377,-18.623821258544922,-13.893118858337402,-4.494532585144043,-4.7307024002075195,-0.2361745834350586,-0.2361621856689453,-0.23616838455200195,False,False,
pair_0045,12,01,02,01,pair_0045_happy,pair_0045_sad,upper_prompt__lower_spaced,Listen to the speech. Is the speaker HAPPY or SAD? Answer only HAPPY or SAD., happy, sad,[6247],[12421],decision_clamp,decision_clamp_to_23,17,,23,"[{""layer"":17,""patch_kind"":""decision_token"",""source"":""donor""},{""layer"":18,""patch_kind"":""decision_token"",""source"":""donor""},{""layer"":19,""patch_kind"":""decision_token"",""source"":""donor""},{""layer"":20,""patch_kind"":""decision_token"",""source"":""donor""},{""layer"":21,""patch_kind"":""decision_token"",""source"":""donor""},{""layer"":22,""patch_kind"":""decision_token"",""source"":""donor""},{""layer"":23,""patch_kind"":""decision_token"",""source"":""donor""}]",post_decoder_block_output,decision_token,-18.557336807250977,-14.15941333770752,-18.611474990844727,-14.103328704833984,-4.397923469543457,-4.508146286010742,-18.61147117614746,-14.103330612182617,-18.557329177856445,-14.159414291381836,-4.508140563964844,-4.397914886474609,0.11021709442138672,0.11023139953613281,0.11022424697875977,True,True,
pair_0046,12,02,01,01,pair_0046_happy,pair_0046_sad,upper_prompt__lower_spaced,Listen to the speech. Is the speaker HAPPY or SAD? Answer only HAPPY or SAD., happy, sad,[6247],[12421],decision_clamp,decision_clamp_to_23,17,,23,"[{""layer"":17,""patch_kind"":""decision_token"",""source"":""donor""},{""layer"":18,""patch_kind"":""decision_token"",""source"":""donor""},{""layer"":19,""patch_kind"":""decision_token"",""source"":""donor""},{""layer"":20,""patch_kind"":""decision_token"",""source"":""donor""},{""layer"":21,""patch_kind"":""decision_token"",""source"":""donor""},{""layer"":22,""patch_kind"":""decision_token"",""source"":""donor""},{""layer"":23,""patch_kind"":""decision_token"",""source"":""donor""}]",post_decoder_block_output,decision_token,-18.1330623626709,-14.706695556640625,-18.050931930541992,-14.204154014587402,-3.4263668060302734,-3.84677791595459,-18.050941467285156,-14.2041597366333,-18.133058547973633,-14.706694602966309,-3.8467817306518555,-3.426363945007324,0.42041492462158203,0.4204139709472656,0.42041444778442383,True,True,
pair_0047,12,02,02,01,pair_0047_happy,pair_0047_sad,upper_prompt__lower_spaced,Listen to the speech. Is the speaker HAPPY or SAD? Answer only HAPPY or SAD., happy, sad,[6247],[12421],decision_clamp,decision_clamp_to_23,17,,23,"[{""layer"":17,""patch_kind"":""decision_token"",""source"":""donor""},{""layer"":18,""patch_kind"":""decision_token"",""source"":""donor""},{""layer"":19,""patch_kind"":""decision_token"",""source"":""donor""},{""layer"":20,""patch_kind"":""decision_token"",""source"":""donor""},{""layer"":21,""patch_kind"":""decision_token"",""source"":""donor""},{""layer"":22,""patch_kind"":""decision_token"",""source"":""donor""},{""layer"":23,""patch_kind"":""decision_token"",""source"":""donor""}]",post_decoder_block_output,decision_token,-18.207361221313477,-14.713201522827148,-18.167673110961914,-14.448575019836426,-3.494159698486328,-3.7190980911254883,-18.167678833007812,-14.44858169555664,-18.207365036010742,-14.713201522827148,-3.719097137451172,-3.4941635131835938,0.22493743896484375,0.22493457794189453,0.22493600845336914,True,True,
pair_0048,13,01,01,01,pair_0048_happy,pair_0048_sad,upper_prompt__lower_spaced,Listen to the speech. Is the speaker HAPPY or SAD? Answer only HAPPY or SAD., happy, sad,[6247],[12421],decision_clamp,decision_clamp_to_23,17,,23,"[{""layer"":17,""patch_kind"":""decision_token"",""source"":""donor""},{""layer"":18,""patch_kind"":""decision_token"",""source"":""donor""},{""layer"":19,""patch_kind"":""decision_token"",""source"":""donor""},{""layer"":20,""patch_kind"":""decision_token"",""source"":""donor""},{""layer"":21,""patch_kind"":""decision_token"",""source"":""donor""},{""layer"":22,""patch_kind"":""decision_token"",""source"":""donor""},{""layer"":23,""patch_kind"":""decision_token"",""source"":""donor""}]",post_decoder_block_output,decision_token,-18.664913177490234,-14.320459365844727,-18.376577377319336,-13.990562438964844,-4.344453811645508,-4.386014938354492,-18.376569747924805,-13.990564346313477,-18.664892196655273,-14.320452690124512,-4.386005401611328,-4.344439506530762,0.04155158996582031,0.04157543182373047,0.04156351089477539,True,True,
pair_0049,13,01,02,01,pair_0049_happy,pair_0049_sad,upper_prompt__lower_spaced,Listen to the speech. Is the speaker HAPPY or SAD? Answer only HAPPY or SAD., happy, sad,[6247],[12421],decision_clamp,decision_clamp_to_23,17,,23,"[{""layer"":17,""patch_kind"":""decision_token"",""source"":""donor""},{""layer"":18,""patch_kind"":""decision_token"",""source"":""donor""},{""layer"":19,""patch_kind"":""decision_token"",""source"":""donor""},{""layer"":20,""patch_kind"":""decision_token"",""source"":""donor""},{""layer"":21,""patch_kind"":""decision_token"",""source"":""donor""},{""layer"":22,""patch_kind"":""decision_token"",""source"":""donor""},{""layer"":23,""patch_kind"":""decision_token"",""source"":""donor""}]",post_decoder_block_output,decision_token,-18.525012969970703,-14.230103492736816,-18.583324432373047,-14.079850196838379,-4.294909477233887,-4.503474235534668,-18.583314895629883,-14.079848289489746,-18.52501106262207,-14.230107307434082,-4.503466606140137,-4.294903755187988,0.20855712890625,0.2085704803466797,0.20856380462646484,True,True,
pair_0050,13,02,01,01,pair_0050_happy,pair_0050_sad,upper_prompt__lower_spaced,Listen to the speech. Is the speaker HAPPY or SAD? Answer only HAPPY or SAD., happy, sad,[6247],[12421],decision_clamp,decision_clamp_to_23,17,,23,"[{""layer"":17,""patch_kind"":""decision_token"",""source"":""donor""},{""layer"":18,""patch_kind"":""decision_token"",""source"":""donor""},{""layer"":19,""patch_kind"":""decision_token"",""source"":""donor""},{""layer"":20,""patch_kind"":""decision_token"",""source"":""donor""},{""layer"":21,""patch_kind"":""decision_token"",""source"":""donor""},{""layer"":22,""patch_kind"":""decision_token"",""source"":""donor""},{""layer"":23,""patch_kind"":""decision_token"",""source"":""donor""}]",post_decoder_block_output,decision_token,-18.306961059570312,-15.119586944580078,-17.864843368530273,-14.535221099853516,-3.1873741149902344,-3.329622268676758,-17.86483383178711,-14.535213470458984,-18.306964874267578,-15.119588851928711,-3.329620361328125,-3.187376022338867,0.14224624633789062,0.14224624633789062,0.14224624633789062,True,True,
pair_0051,13,02,02,01,pair_0051_happy,pair_0051_sad,upper_prompt__lower_spaced,Listen to the speech. Is the speaker HAPPY or SAD? Answer only HAPPY or SAD., happy, sad,[6247],[12421],decision_clamp,decision_clamp_to_23,17,,23,"[{""layer"":17,""patch_kind"":""decision_token"",""source"":""donor""},{""layer"":18,""patch_kind"":""decision_token"",""source"":""donor""},{""layer"":19,""patch_kind"":""decision_token"",""source"":""donor""},{""layer"":20,""patch_kind"":""decision_token"",""source"":""donor""},{""layer"":21,""patch_kind"":""decision_token"",""source"":""donor""},{""layer"":22,""patch_kind"":""decision_token"",""source"":""donor""},{""layer"":23,""patch_kind"":""decision_token"",""source"":""donor""}]",post_decoder_block_output,decision_token,-18.100208282470703,-14.651471138000488,-17.757957458496094,-14.480119705200195,-3.448737144470215,-3.2778377532958984,-17.757957458496094,-14.480116844177246,-18.100210189819336,-14.651471138000488,-3.2778406143188477,-3.4487390518188477,-0.1708965301513672,-0.17090129852294922,-0.1708989143371582,False,False,
pair_0052,14,01,01,01,pair_0052_happy,pair_0052_sad,upper_prompt__lower_spaced,Listen to the speech. Is the speaker HAPPY or SAD? Answer only HAPPY or SAD., happy, sad,[6247],[12421],decision_clamp,decision_clamp_to_23,17,,23,"[{""layer"":17,""patch_kind"":""decision_token"",""source"":""donor""},{""layer"":18,""patch_kind"":""decision_token"",""source"":""donor""},{""layer"":19,""patch_kind"":""decision_token"",""source"":""donor""},{""layer"":20,""patch_kind"":""decision_token"",""source"":""donor""},{""layer"":21,""patch_kind"":""decision_token"",""source"":""donor""},{""layer"":22,""patch_kind"":""decision_token"",""source"":""donor""},{""layer"":23,""patch_kind"":""decision_token"",""source"":""donor""}]",post_decoder_block_output,decision_token,-18.30115509033203,-14.129631996154785,-18.541845321655273,-13.755435943603516,-4.171523094177246,-4.786409378051758,-18.541845321655273,-13.755439758300781,-18.301149368286133,-14.129642486572266,-4.786405563354492,-4.171506881713867,0.6148824691772461,0.6149024963378906,0.6148924827575684,True,True,
pair_0053,14,01,02,01,pair_0053_happy,pair_0053_sad,upper_prompt__lower_spaced,Listen to the speech. Is the speaker HAPPY or SAD? Answer only HAPPY or SAD., happy, sad,[6247],[12421],decision_clamp,decision_clamp_to_23,17,,23,"[{""layer"":17,""patch_kind"":""decision_token"",""source"":""donor""},{""layer"":18,""patch_kind"":""decision_token"",""source"":""donor""},{""layer"":19,""patch_kind"":""decision_token"",""source"":""donor""},{""layer"":20,""patch_kind"":""decision_token"",""source"":""donor""},{""layer"":21,""patch_kind"":""decision_token"",""source"":""donor""},{""layer"":22,""patch_kind"":""decision_token"",""source"":""donor""},{""layer"":23,""patch_kind"":""decision_token"",""source"":""donor""}]",post_decoder_block_output,decision_token,-18.31179428100586,-14.19974422454834,-18.716501235961914,-14.0404052734375,-4.1120500564575195,-4.676095962524414,-18.716489791870117,-14.040406227111816,-18.31178855895996,-14.19974422454834,-4.676083564758301,-4.112044334411621,0.5640335083007812,0.564051628112793,0.5640425682067871,True,True,
pair_0054,14,02,01,01,pair_0054_happy,pair_0054_sad,upper_prompt__lower_spaced,Listen to the speech. Is the speaker HAPPY or SAD? Answer only HAPPY or SAD., happy, sad,[6247],[12421],decision_clamp,decision_clamp_to_23,17,,23,"[{""layer"":17,""patch_kind"":""decision_token"",""source"":""donor""},{""layer"":18,""patch_kind"":""decision_token"",""source"":""donor""},{""layer"":19,""patch_kind"":""decision_token"",""source"":""donor""},{""layer"":20,""patch_kind"":""decision_token"",""source"":""donor""},{""layer"":21,""patch_kind"":""decision_token"",""source"":""donor""},{""layer"":22,""patch_kind"":""decision_token"",""source"":""donor""},{""layer"":23,""patch_kind"":""decision_token"",""source"":""donor""}]",post_decoder_block_output,decision_token,-18.179431915283203,-14.604537963867188,-18.362808227539062,-14.593923568725586,-3.5748939514160156,-3.7688846588134766,-18.362802505493164,-14.593916893005371,-18.179426193237305,-14.604532241821289,-3.768885612487793,-3.5748939514160156,0.19399166107177734,0.19399070739746094,0.19399118423461914,True,True,
pair_0055,14,02,02,01,pair_0055_happy,pair_0055_sad,upper_prompt__lower_spaced,Listen to the speech. Is the speaker HAPPY or SAD? Answer only HAPPY or SAD., happy, sad,[6247],[12421],decision_clamp,decision_clamp_to_23,17,,23,"[{""layer"":17,""patch_kind"":""decision_token"",""source"":""donor""},{""layer"":18,""patch_kind"":""decision_token"",""source"":""donor""},{""layer"":19,""patch_kind"":""decision_token"",""source"":""donor""},{""layer"":20,""patch_kind"":""decision_token"",""source"":""donor""},{""layer"":21,""patch_kind"":""decision_token"",""source"":""donor""},{""layer"":22,""patch_kind"":""decision_token"",""source"":""donor""},{""layer"":23,""patch_kind"":""decision_token"",""source"":""donor""}]",post_decoder_block_output,decision_token,-18.11598014831543,-14.773356437683105,-18.366622924804688,-14.505785942077637,-3.342623710632324,-3.860836982727051,-18.366619110107422,-14.505783081054688,-18.115985870361328,-14.773358345031738,-3.8608360290527344,-3.34262752532959,0.5182123184204102,0.5182094573974609,0.5182108879089355,True,True,
pair_0056,15,01,01,01,pair_0056_happy,pair_0056_sad,upper_prompt__lower_spaced,Listen to the speech. Is the speaker HAPPY or SAD? Answer only HAPPY or SAD., happy, sad,[6247],[12421],decision_clamp,decision_clamp_to_23,17,,23,"[{""layer"":17,""patch_kind"":""decision_token"",""source"":""donor""},{""layer"":18,""patch_kind"":""decision_token"",""source"":""donor""},{""layer"":19,""patch_kind"":""decision_token"",""source"":""donor""},{""layer"":20,""patch_kind"":""decision_token"",""source"":""donor""},{""layer"":21,""patch_kind"":""decision_token"",""source"":""donor""},{""layer"":22,""patch_kind"":""decision_token"",""source"":""donor""},{""layer"":23,""patch_kind"":""decision_token"",""source"":""donor""}]",post_decoder_block_output,decision_token,-18.614431381225586,-14.383585929870605,-18.931833267211914,-14.995478630065918,-4.2308454513549805,-3.936354637145996,-18.931821823120117,-14.995474815368652,-18.614431381225586,-14.383589744567871,-3.936347007751465,-4.230841636657715,-0.2944984436035156,-0.29448699951171875,-0.2944927215576172,False,False,
pair_0057,15,01,02,01,pair_0057_happy,pair_0057_sad,upper_prompt__lower_spaced,Listen to the speech. Is the speaker HAPPY or SAD? Answer only HAPPY or SAD., happy, sad,[6247],[12421],decision_clamp,decision_clamp_to_23,17,,23,"[{""layer"":17,""patch_kind"":""decision_token"",""source"":""donor""},{""layer"":18,""patch_kind"":""decision_token"",""source"":""donor""},{""layer"":19,""patch_kind"":""decision_token"",""source"":""donor""},{""layer"":20,""patch_kind"":""decision_token"",""source"":""donor""},{""layer"":21,""patch_kind"":""decision_token"",""source"":""donor""},{""layer"":22,""patch_kind"":""decision_token"",""source"":""donor""},{""layer"":23,""patch_kind"":""decision_token"",""source"":""donor""}]",post_decoder_block_output,decision_token,-18.798620223999023,-14.357476234436035,-18.458749771118164,-14.200200080871582,-4.441143989562988,-4.258549690246582,-18.458744049072266,-14.200201034545898,-18.798608779907227,-14.357471466064453,-4.258543014526367,-4.441137313842773,-0.1826009750366211,-0.1825876235961914,-0.18259429931640625,False,False,
pair_0058,15,02,01,01,pair_0058_happy,pair_0058_sad,upper_prompt__lower_spaced,Listen to the speech. Is the speaker HAPPY or SAD? Answer only HAPPY or SAD., happy, sad,[6247],[12421],decision_clamp,decision_clamp_to_23,17,,23,"[{""layer"":17,""patch_kind"":""decision_token"",""source"":""donor""},{""layer"":18,""patch_kind"":""decision_token"",""source"":""donor""},{""layer"":19,""patch_kind"":""decision_token"",""source"":""donor""},{""layer"":20,""patch_kind"":""decision_token"",""source"":""donor""},{""layer"":21,""patch_kind"":""decision_token"",""source"":""donor""},{""layer"":22,""patch_kind"":""decision_token"",""source"":""donor""},{""layer"":23,""patch_kind"":""decision_token"",""source"":""donor""}]",post_decoder_block_output,decision_token,-18.081218719482422,-14.281206130981445,-18.09486961364746,-14.704352378845215,-3.8000125885009766,-3.390517234802246,-18.094863891601562,-14.704346656799316,-18.081218719482422,-14.281206130981445,-3.390517234802246,-3.8000125885009766,-0.40949535369873047,-0.40949535369873047,-0.40949535369873047,False,False,
pair_0059,15,02,02,01,pair_0059_happy,pair_0059_sad,upper_prompt__lower_spaced,Listen to the speech. Is the speaker HAPPY or SAD? Answer only HAPPY or SAD., happy, sad,[6247],[12421],decision_clamp,decision_clamp_to_23,17,,23,"[{""layer"":17,""patch_kind"":""decision_token"",""source"":""donor""},{""layer"":18,""patch_kind"":""decision_token"",""source"":""donor""},{""layer"":19,""patch_kind"":""decision_token"",""source"":""donor""},{""layer"":20,""patch_kind"":""decision_token"",""source"":""donor""},{""layer"":21,""patch_kind"":""decision_token"",""source"":""donor""},{""layer"":22,""patch_kind"":""decision_token"",""source"":""donor""},{""layer"":23,""patch_kind"":""decision_token"",""source"":""donor""}]",post_decoder_block_output,decision_token,-18.11525535583496,-14.52250862121582,-18.730762481689453,-14.458134651184082,-3.5927467346191406,-4.272627830505371,-18.73076057434082,-14.458134651184082,-18.115264892578125,-14.52251148223877,-4.272625923156738,-3.5927534103393555,0.6798791885375977,0.6798744201660156,0.6798768043518066,True,True,
pair_0060,16,01,01,01,pair_0060_happy,pair_0060_sad,upper_prompt__lower_spaced,Listen to the speech. Is the speaker HAPPY or SAD? Answer only HAPPY or SAD., happy, sad,[6247],[12421],decision_clamp,decision_clamp_to_23,17,,23,"[{""layer"":17,""patch_kind"":""decision_token"",""source"":""donor""},{""layer"":18,""patch_kind"":""decision_token"",""source"":""donor""},{""layer"":19,""patch_kind"":""decision_token"",""source"":""donor""},{""layer"":20,""patch_kind"":""decision_token"",""source"":""donor""},{""layer"":21,""patch_kind"":""decision_token"",""source"":""donor""},{""layer"":22,""patch_kind"":""decision_token"",""source"":""donor""},{""layer"":23,""patch_kind"":""decision_token"",""source"":""donor""}]",post_decoder_block_output,decision_token,-18.571680068969727,-13.818909645080566,-18.521808624267578,-13.838467597961426,-4.75277042388916,-4.683341026306152,-18.521808624267578,-13.838472366333008,-18.571672439575195,-13.8189115524292,-4.68333625793457,-4.752760887145996,-0.06943416595458984,-0.06941986083984375,-0.0694270133972168,False,False,
pair_0061,16,01,02,01,pair_0061_happy,pair_0061_sad,upper_prompt__lower_spaced,Listen to the speech. Is the speaker HAPPY or SAD? Answer only HAPPY or SAD., happy, sad,[6247],[12421],decision_clamp,decision_clamp_to_23,17,,23,"[{""layer"":17,""patch_kind"":""decision_token"",""source"":""donor""},{""layer"":18,""patch_kind"":""decision_token"",""source"":""donor""},{""layer"":19,""patch_kind"":""decision_token"",""source"":""donor""},{""layer"":20,""patch_kind"":""decision_token"",""source"":""donor""},{""layer"":21,""patch_kind"":""decision_token"",""source"":""donor""},{""layer"":22,""patch_kind"":""decision_token"",""source"":""donor""},{""layer"":23,""patch_kind"":""decision_token"",""source"":""donor""}]",post_decoder_block_output,decision_token,-18.674955368041992,-14.01839542388916,-18.26150131225586,-14.158429145812988,-4.656559944152832,-4.103072166442871,-18.261497497558594,-14.15843677520752,-18.674942016601562,-14.018390655517578,-4.103060722351074,-4.656551361083984,-0.5534992218017578,-0.5534791946411133,-0.5534892082214355,False,False,
pair_0062,16,02,01,01,pair_0062_happy,pair_0062_sad,upper_prompt__lower_spaced,Listen to the speech. Is the speaker HAPPY or SAD? Answer only HAPPY or SAD., happy, sad,[6247],[12421],decision_clamp,decision_clamp_to_23,17,,23,"[{""layer"":17,""patch_kind"":""decision_token"",""source"":""donor""},{""layer"":18,""patch_kind"":""decision_token"",""source"":""donor""},{""layer"":19,""patch_kind"":""decision_token"",""source"":""donor""},{""layer"":20,""patch_kind"":""decision_token"",""source"":""donor""},{""layer"":21,""patch_kind"":""decision_token"",""source"":""donor""},{""layer"":22,""patch_kind"":""decision_token"",""source"":""donor""},{""layer"":23,""patch_kind"":""decision_token"",""source"":""donor""}]",post_decoder_block_output,decision_token,-18.027568817138672,-14.464719772338867,-17.90529441833496,-14.368427276611328,-3.5628490447998047,-3.536867141723633,-17.905298233032227,-14.368427276611328,-18.027568817138672,-14.46471881866455,-3.5368709564208984,-3.562849998474121,-0.02597808837890625,-0.02598285675048828,-0.025980472564697266,False,False,
pair_0063,16,02,02,01,pair_0063_happy,pair_0063_sad,upper_prompt__lower_spaced,Listen to the speech. Is the speaker HAPPY or SAD? Answer only HAPPY or SAD., happy, sad,[6247],[12421],decision_clamp,decision_clamp_to_23,17,,23,"[{""layer"":17,""patch_kind"":""decision_token"",""source"":""donor""},{""layer"":18,""patch_kind"":""decision_token"",""source"":""donor""},{""layer"":19,""patch_kind"":""decision_token"",""source"":""donor""},{""layer"":20,""patch_kind"":""decision_token"",""source"":""donor""},{""layer"":21,""patch_kind"":""decision_token"",""source"":""donor""},{""layer"":22,""patch_kind"":""decision_token"",""source"":""donor""},{""layer"":23,""patch_kind"":""decision_token"",""source"":""donor""}]",post_decoder_block_output,decision_token,-17.94687271118164,-14.69902515411377,-18.040203094482422,-14.327467918395996,-3.247847557067871,-3.712735176086426,-18.040203094482422,-14.327465057373047,-17.94687843322754,-14.699027061462402,-3.712738037109375,-3.2478513717651367,0.4648904800415039,0.46488380432128906,0.4648871421813965,True,True,
pair_0064,17,01,01,01,pair_0064_happy,pair_0064_sad,upper_prompt__lower_spaced,Listen to the speech. Is the speaker HAPPY or SAD? Answer only HAPPY or SAD., happy, sad,[6247],[12421],decision_clamp,decision_clamp_to_23,17,,23,"[{""layer"":17,""patch_kind"":""decision_token"",""source"":""donor""},{""layer"":18,""patch_kind"":""decision_token"",""source"":""donor""},{""layer"":19,""patch_kind"":""decision_token"",""source"":""donor""},{""layer"":20,""patch_kind"":""decision_token"",""source"":""donor""},{""layer"":21,""patch_kind"":""decision_token"",""source"":""donor""},{""layer"":22,""patch_kind"":""decision_token"",""source"":""donor""},{""layer"":23,""patch_kind"":""decision_token"",""source"":""donor""}]",post_decoder_block_output,decision_token,-18.533706665039062,-14.080385208129883,-18.318815231323242,-13.884380340576172,-4.45332145690918,-4.43443489074707,-18.318809509277344,-13.884384155273438,-18.5336971282959,-14.080385208129883,-4.434425354003906,-4.453311920166016,-0.018896102905273438,-0.018877029418945312,-0.018886566162109375,False,False,
pair_0065,17,01,02,01,pair_0065_happy,pair_0065_sad,upper_prompt__lower_spaced,Listen to the speech. Is the speaker HAPPY or SAD? Answer only HAPPY or SAD., happy, sad,[6247],[12421],decision_clamp,decision_clamp_to_23,17,,23,"[{""layer"":17,""patch_kind"":""decision_token"",""source"":""donor""},{""layer"":18,""patch_kind"":""decision_token"",""source"":""donor""},{""layer"":19,""patch_kind"":""decision_token"",""source"":""donor""},{""layer"":20,""patch_kind"":""decision_token"",""source"":""donor""},{""layer"":21,""patch_kind"":""decision_token"",""source"":""donor""},{""layer"":22,""patch_kind"":""decision_token"",""source"":""donor""},{""layer"":23,""patch_kind"":""decision_token"",""source"":""donor""}]",post_decoder_block_output,decision_token,-18.401418685913086,-14.052645683288574,-18.25725746154785,-13.967479705810547,-4.348773002624512,-4.289777755737305,-18.257247924804688,-13.96748161315918,-18.40140724182129,-14.052643775939941,-4.289766311645508,-4.348763465881348,-0.059006690979003906,-0.05898571014404297,-0.05899620056152344,False,False,
pair_0066,17,02,01,01,pair_0066_happy,pair_0066_sad,upper_prompt__lower_spaced,Listen to the speech. Is the speaker HAPPY or SAD? Answer only HAPPY or SAD., happy, sad,[6247],[12421],decision_clamp,decision_clamp_to_23,17,,23,"[{""layer"":17,""patch_kind"":""decision_token"",""source"":""donor""},{""layer"":18,""patch_kind"":""decision_token"",""source"":""donor""},{""layer"":19,""patch_kind"":""decision_token"",""source"":""donor""},{""layer"":20,""patch_kind"":""decision_token"",""source"":""donor""},{""layer"":21,""patch_kind"":""decision_token"",""source"":""donor""},{""layer"":22,""patch_kind"":""decision_token"",""source"":""donor""},{""layer"":23,""patch_kind"":""decision_token"",""source"":""donor""}]",post_decoder_block_output,decision_token,-18.203441619873047,-14.283772468566895,-18.37724494934082,-14.227227210998535,-3.9196691513061523,-4.150017738342285,-18.37724494934082,-14.227228164672852,-18.203439712524414,-14.28376579284668,-4.150016784667969,-3.9196739196777344,0.2303476333618164,0.23034381866455078,0.2303457260131836,True,True,
pair_0067,17,02,02,01,pair_0067_happy,pair_0067_sad,upper_prompt__lower_spaced,Listen to the speech. Is the speaker HAPPY or SAD? Answer only HAPPY or SAD., happy, sad,[6247],[12421],decision_clamp,decision_clamp_to_23,17,,23,"[{""layer"":17,""patch_kind"":""decision_token"",""source"":""donor""},{""layer"":18,""patch_kind"":""decision_token"",""source"":""donor""},{""layer"":19,""patch_kind"":""decision_token"",""source"":""donor""},{""layer"":20,""patch_kind"":""decision_token"",""source"":""donor""},{""layer"":21,""patch_kind"":""decision_token"",""source"":""donor""},{""layer"":22,""patch_kind"":""decision_token"",""source"":""donor""},{""layer"":23,""patch_kind"":""decision_token"",""source"":""donor""}]",post_decoder_block_output,decision_token,-18.189525604248047,-14.367218017578125,-18.002729415893555,-14.506258010864258,-3.822307586669922,-3.496471405029297,-18.002727508544922,-14.506258010864258,-18.189523696899414,-14.367218017578125,-3.496469497680664,-3.822305679321289,-0.3258380889892578,-0.3258342742919922,-0.325836181640625,False,False,
pair_0068,18,01,01,01,pair_0068_happy,pair_0068_sad,upper_prompt__lower_spaced,Listen to the speech. Is the speaker HAPPY or SAD? Answer only HAPPY or SAD., happy, sad,[6247],[12421],decision_clamp,decision_clamp_to_23,17,,23,"[{""layer"":17,""patch_kind"":""decision_token"",""source"":""donor""},{""layer"":18,""patch_kind"":""decision_token"",""source"":""donor""},{""layer"":19,""patch_kind"":""decision_token"",""source"":""donor""},{""layer"":20,""patch_kind"":""decision_token"",""source"":""donor""},{""layer"":21,""patch_kind"":""decision_token"",""source"":""donor""},{""layer"":22,""patch_kind"":""decision_token"",""source"":""donor""},{""layer"":23,""patch_kind"":""decision_token"",""source"":""donor""}]",post_decoder_block_output,decision_token,-18.210012435913086,-14.200634002685547,-18.49770736694336,-14.28528118133545,-4.009378433227539,-4.21242618560791,-18.49770736694336,-14.28528118133545,-18.210010528564453,-14.200639724731445,-4.21242618560791,-4.009370803833008,0.2030477523803711,0.20305538177490234,0.20305156707763672,True,True,
pair_0069,18,01,02,01,pair_0069_happy,pair_0069_sad,upper_prompt__lower_spaced,Listen to the speech. Is the speaker HAPPY or SAD? Answer only HAPPY or SAD., happy, sad,[6247],[12421],decision_clamp,decision_clamp_to_23,17,,23,"[{""layer"":17,""patch_kind"":""decision_token"",""source"":""donor""},{""layer"":18,""patch_kind"":""decision_token"",""source"":""donor""},{""layer"":19,""patch_kind"":""decision_token"",""source"":""donor""},{""layer"":20,""patch_kind"":""decision_token"",""source"":""donor""},{""layer"":21,""patch_kind"":""decision_token"",""source"":""donor""},{""layer"":22,""patch_kind"":""decision_token"",""source"":""donor""},{""layer"":23,""patch_kind"":""decision_token"",""source"":""donor""}]",post_decoder_block_output,decision_token,-18.684219360351562,-14.944689750671387,-18.647714614868164,-14.22707748413086,-3.739529609680176,-4.420637130737305,-18.647705078125,-14.227076530456543,-18.684213638305664,-14.944692611694336,-4.420628547668457,-3.739521026611328,0.6810989379882812,0.6811161041259766,0.6811075210571289,True,True,
pair_0070,18,02,01,01,pair_0070_happy,pair_0070_sad,upper_prompt__lower_spaced,Listen to the speech. Is the speaker HAPPY or SAD? Answer only HAPPY or SAD., happy, sad,[6247],[12421],decision_clamp,decision_clamp_to_23,17,,23,"[{""layer"":17,""patch_kind"":""decision_token"",""source"":""donor""},{""layer"":18,""patch_kind"":""decision_token"",""source"":""donor""},{""layer"":19,""patch_kind"":""decision_token"",""source"":""donor""},{""layer"":20,""patch_kind"":""decision_token"",""source"":""donor""},{""layer"":21,""patch_kind"":""decision_token"",""source"":""donor""},{""layer"":22,""patch_kind"":""decision_token"",""source"":""donor""},{""layer"":23,""patch_kind"":""decision_token"",""source"":""donor""}]",post_decoder_block_output,decision_token,-18.257858276367188,-14.408829689025879,-18.45116424560547,-14.356088638305664,-3.8490285873413086,-4.095075607299805,-18.4511661529541,-14.356095314025879,-18.257858276367188,-14.408824920654297,-4.095070838928223,-3.8490333557128906,0.24604225158691406,0.24604225158691406,0.24604225158691406,True,True,
pair_0071,18,02,02,01,pair_0071_happy,pair_0071_sad,upper_prompt__lower_spaced,Listen to the speech. Is the speaker HAPPY or SAD? Answer only HAPPY or SAD., happy, sad,[6247],[12421],decision_clamp,decision_clamp_to_23,17,,23,"[{""layer"":17,""patch_kind"":""decision_token"",""source"":""donor""},{""layer"":18,""patch_kind"":""decision_token"",""source"":""donor""},{""layer"":19,""patch_kind"":""decision_token"",""source"":""donor""},{""layer"":20,""patch_kind"":""decision_token"",""source"":""donor""},{""layer"":21,""patch_kind"":""decision_token"",""source"":""donor""},{""layer"":22,""patch_kind"":""decision_token"",""source"":""donor""},{""layer"":23,""patch_kind"":""decision_token"",""source"":""donor""}]",post_decoder_block_output,decision_token,-18.145662307739258,-13.863798141479492,-18.30503273010254,-14.476175308227539,-4.281864166259766,-3.828857421875,-18.305034637451172,-14.476179122924805,-18.145662307739258,-13.863807678222656,-3.828855514526367,-4.281854629516602,-0.45300865173339844,-0.45299720764160156,-0.4530029296875,False,False,
pair_0072,19,01,01,01,pair_0072_happy,pair_0072_sad,upper_prompt__lower_spaced,Listen to the speech. Is the speaker HAPPY or SAD? Answer only HAPPY or SAD., happy, sad,[6247],[12421],decision_clamp,decision_clamp_to_23,17,,23,"[{""layer"":17,""patch_kind"":""decision_token"",""source"":""donor""},{""layer"":18,""patch_kind"":""decision_token"",""source"":""donor""},{""layer"":19,""patch_kind"":""decision_token"",""source"":""donor""},{""layer"":20,""patch_kind"":""decision_token"",""source"":""donor""},{""layer"":21,""patch_kind"":""decision_token"",""source"":""donor""},{""layer"":22,""patch_kind"":""decision_token"",""source"":""donor""},{""layer"":23,""patch_kind"":""decision_token"",""source"":""donor""}]",post_decoder_block_output,decision_token,-18.514738082885742,-14.067811965942383,-18.540695190429688,-13.83083438873291,-4.446926116943359,-4.709860801696777,-18.540687561035156,-13.83083724975586,-18.51473617553711,-14.067815780639648,-4.709850311279297,-4.446920394897461,0.2629241943359375,0.2629404067993164,0.26293230056762695,True,True,
pair_0073,19,01,02,01,pair_0073_happy,pair_0073_sad,upper_prompt__lower_spaced,Listen to the speech. Is the speaker HAPPY or SAD? Answer only HAPPY or SAD., happy, sad,[6247],[12421],decision_clamp,decision_clamp_to_23,17,,23,"[{""layer"":17,""patch_kind"":""decision_token"",""source"":""donor""},{""layer"":18,""patch_kind"":""decision_token"",""source"":""donor""},{""layer"":19,""patch_kind"":""decision_token"",""source"":""donor""},{""layer"":20,""patch_kind"":""decision_token"",""source"":""donor""},{""layer"":21,""patch_kind"":""decision_token"",""source"":""donor""},{""layer"":22,""patch_kind"":""decision_token"",""source"":""donor""},{""layer"":23,""patch_kind"":""decision_token"",""source"":""donor""}]",post_decoder_block_output,decision_token,-18.675731658935547,-13.967928886413574,-18.710811614990234,-14.28913688659668,-4.707802772521973,-4.421674728393555,-18.710813522338867,-14.289141654968262,-18.67573356628418,-13.967933654785156,-4.4216718673706055,-4.707799911499023,-0.2861309051513672,-0.28612518310546875,-0.28612804412841797,False,False,
pair_0074,19,02,01,01,pair_0074_happy,pair_0074_sad,upper_prompt__lower_spaced,Listen to the speech. Is the speaker HAPPY or SAD? Answer only HAPPY or SAD., happy, sad,[6247],[12421],decision_clamp,decision_clamp_to_23,17,,23,"[{""layer"":17,""patch_kind"":""decision_token"",""source"":""donor""},{""layer"":18,""patch_kind"":""decision_token"",""source"":""donor""},{""layer"":19,""patch_kind"":""decision_token"",""source"":""donor""},{""layer"":20,""patch_kind"":""decision_token"",""source"":""donor""},{""layer"":21,""patch_kind"":""decision_token"",""source"":""donor""},{""layer"":22,""patch_kind"":""decision_token"",""source"":""donor""},{""layer"":23,""patch_kind"":""decision_token"",""source"":""donor""}]",post_decoder_block_output,decision_token,-18.20193099975586,-14.081350326538086,-18.033628463745117,-12.836380004882812,-4.120580673217773,-5.197248458862305,-18.033628463745117,-12.83637809753418,-18.201934814453125,-14.081350326538086,-5.1972503662109375,-4.120584487915039,1.076669692993164,1.0766639709472656,1.0766668319702148,True,True,
pair_0075,19,02,02,01,pair_0075_happy,pair_0075_sad,upper_prompt__lower_spaced,Listen to the speech. Is the speaker HAPPY or SAD? Answer only HAPPY or SAD., happy, sad,[6247],[12421],decision_clamp,decision_clamp_to_23,17,,23,"[{""layer"":17,""patch_kind"":""decision_token"",""source"":""donor""},{""layer"":18,""patch_kind"":""decision_token"",""source"":""donor""},{""layer"":19,""patch_kind"":""decision_token"",""source"":""donor""},{""layer"":20,""patch_kind"":""decision_token"",""source"":""donor""},{""layer"":21,""patch_kind"":""decision_token"",""source"":""donor""},{""layer"":22,""patch_kind"":""decision_token"",""source"":""donor""},{""layer"":23,""patch_kind"":""decision_token"",""source"":""donor""}]",post_decoder_block_output,decision_token,-17.312185287475586,-14.008975982666016,-17.768232345581055,-14.52195930480957,-3.3032093048095703,-3.2462730407714844,-17.768234252929688,-14.521960258483887,-17.312185287475586,-14.008975982666016,-3.246273994445801,-3.3032093048095703,-0.05693531036376953,-0.05693626403808594,-0.056935787200927734,False,False,
pair_0076,20,01,01,01,pair_0076_happy,pair_0076_sad,upper_prompt__lower_spaced,Listen to the speech. Is the speaker HAPPY or SAD? Answer only HAPPY or SAD., happy, sad,[6247],[12421],decision_clamp,decision_clamp_to_23,17,,23,"[{""layer"":17,""patch_kind"":""decision_token"",""source"":""donor""},{""layer"":18,""patch_kind"":""decision_token"",""source"":""donor""},{""layer"":19,""patch_kind"":""decision_token"",""source"":""donor""},{""layer"":20,""patch_kind"":""decision_token"",""source"":""donor""},{""layer"":21,""patch_kind"":""decision_token"",""source"":""donor""},{""layer"":22,""patch_kind"":""decision_token"",""source"":""donor""},{""layer"":23,""patch_kind"":""decision_token"",""source"":""donor""}]",post_decoder_block_output,decision_token,-18.47559928894043,-13.930008888244629,-18.531600952148438,-13.823415756225586,-4.545590400695801,-4.708185195922852,-18.531591415405273,-13.823412895202637,-18.4755916595459,-13.930009841918945,-4.708178520202637,-4.545581817626953,0.16258811950683594,0.16260337829589844,0.1625957489013672,True,True,
pair_0077,20,01,02,01,pair_0077_happy,pair_0077_sad,upper_prompt__lower_spaced,Listen to the speech. Is the speaker HAPPY or SAD? Answer only HAPPY or SAD., happy, sad,[6247],[12421],decision_clamp,decision_clamp_to_23,17,,23,"[{""layer"":17,""patch_kind"":""decision_token"",""source"":""donor""},{""layer"":18,""patch_kind"":""decision_token"",""source"":""donor""},{""layer"":19,""patch_kind"":""decision_token"",""source"":""donor""},{""layer"":20,""patch_kind"":""decision_token"",""source"":""donor""},{""layer"":21,""patch_kind"":""decision_token"",""source"":""donor""},{""layer"":22,""patch_kind"":""decision_token"",""source"":""donor""},{""layer"":23,""patch_kind"":""decision_token"",""source"":""donor""}]",post_decoder_block_output,decision_token,-18.271272659301758,-14.129005432128906,-18.48236846923828,-14.481040000915527,-4.142267227172852,-4.001328468322754,-18.482358932495117,-14.48104190826416,-18.271270751953125,-14.129014015197754,-4.001317024230957,-4.142256736755371,-0.14095020294189453,-0.1409282684326172,-0.14093923568725586,False,False,
pair_0078,20,02,01,01,pair_0078_happy,pair_0078_sad,upper_prompt__lower_spaced,Listen to the speech. Is the speaker HAPPY or SAD? Answer only HAPPY or SAD., happy, sad,[6247],[12421],decision_clamp,decision_clamp_to_23,17,,23,"[{""layer"":17,""patch_kind"":""decision_token"",""source"":""donor""},{""layer"":18,""patch_kind"":""decision_token"",""source"":""donor""},{""layer"":19,""patch_kind"":""decision_token"",""source"":""donor""},{""layer"":20,""patch_kind"":""decision_token"",""source"":""donor""},{""layer"":21,""patch_kind"":""decision_token"",""source"":""donor""},{""layer"":22,""patch_kind"":""decision_token"",""source"":""donor""},{""layer"":23,""patch_kind"":""decision_token"",""source"":""donor""}]",post_decoder_block_output,decision_token,-18.257326126098633,-14.755581855773926,-18.208616256713867,-14.755860328674316,-3.501744270324707,-3.452755928039551,-18.2086124420166,-14.755865097045898,-18.2573184967041,-14.75558090209961,-3.452747344970703,-3.501737594604492,-0.048996925354003906,-0.048981666564941406,-0.048989295959472656,False,False,
pair_0079,20,02,02,01,pair_0079_happy,pair_0079_sad,upper_prompt__lower_spaced,Listen to the speech. Is the speaker HAPPY or SAD? Answer only HAPPY or SAD., happy, sad,[6247],[12421],decision_clamp,decision_clamp_to_23,17,,23,"[{""layer"":17,""patch_kind"":""decision_token"",""source"":""donor""},{""layer"":18,""patch_kind"":""decision_token"",""source"":""donor""},{""layer"":19,""patch_kind"":""decision_token"",""source"":""donor""},{""layer"":20,""patch_kind"":""decision_token"",""source"":""donor""},{""layer"":21,""patch_kind"":""decision_token"",""source"":""donor""},{""layer"":22,""patch_kind"":""decision_token"",""source"":""donor""},{""layer"":23,""patch_kind"":""decision_token"",""source"":""donor""}]",post_decoder_block_output,decision_token,-18.42920684814453,-14.564261436462402,-17.751972198486328,-14.094348907470703,-3.864945411682129,-3.657623291015625,-17.751962661743164,-14.09434700012207,-18.429203033447266,-14.564265251159668,-3.6576156616210938,-3.8649377822875977,-0.20732975006103516,-0.20731449127197266,-0.2073221206665039,False,False,
pair_0080,21,01,01,01,pair_0080_happy,pair_0080_sad,upper_prompt__lower_spaced,Listen to the speech. Is the speaker HAPPY or SAD? Answer only HAPPY or SAD., happy, sad,[6247],[12421],decision_clamp,decision_clamp_to_23,17,,23,"[{""layer"":17,""patch_kind"":""decision_token"",""source"":""donor""},{""layer"":18,""patch_kind"":""decision_token"",""source"":""donor""},{""layer"":19,""patch_kind"":""decision_token"",""source"":""donor""},{""layer"":20,""patch_kind"":""decision_token"",""source"":""donor""},{""layer"":21,""patch_kind"":""decision_token"",""source"":""donor""},{""layer"":22,""patch_kind"":""decision_token"",""source"":""donor""},{""layer"":23,""patch_kind"":""decision_token"",""source"":""donor""}]",post_decoder_block_output,decision_token,-18.470245361328125,-14.200312614440918,-18.25367546081543,-14.158926010131836,-4.269932746887207,-4.094749450683594,-18.253677368164062,-14.158930778503418,-18.47024917602539,-14.200316429138184,-4.0947465896606445,-4.269932746887207,-0.1751861572265625,-0.17518329620361328,-0.1751847267150879,False,False,
pair_0081,21,01,02,01,pair_0081_happy,pair_0081_sad,upper_prompt__lower_spaced,Listen to the speech. Is the speaker HAPPY or SAD? Answer only HAPPY or SAD., happy, sad,[6247],[12421],decision_clamp,decision_clamp_to_23,17,,23,"[{""layer"":17,""patch_kind"":""decision_token"",""source"":""donor""},{""layer"":18,""patch_kind"":""decision_token"",""source"":""donor""},{""layer"":19,""patch_kind"":""decision_token"",""source"":""donor""},{""layer"":20,""patch_kind"":""decision_token"",""source"":""donor""},{""layer"":21,""patch_kind"":""decision_token"",""source"":""donor""},{""layer"":22,""patch_kind"":""decision_token"",""source"":""donor""},{""layer"":23,""patch_kind"":""decision_token"",""source"":""donor""}]",post_decoder_block_output,decision_token,-18.46053123474121,-14.23830509185791,-18.299312591552734,-14.097284317016602,-4.222226142883301,-4.202028274536133,-18.299306869506836,-14.097284317016602,-18.460529327392578,-14.23830795288086,-4.202022552490234,-4.222221374511719,-0.020203590393066406,-0.020193099975585938,-0.020198345184326172,False,False,
pair_0082,21,02,01,01,pair_0082_happy,pair_0082_sad,upper_prompt__lower_spaced,Listen to the speech. Is the speaker HAPPY or SAD? Answer only HAPPY or SAD., happy, sad,[6247],[12421],decision_clamp,decision_clamp_to_23,17,,23,"[{""layer"":17,""patch_kind"":""decision_token"",""source"":""donor""},{""layer"":18,""patch_kind"":""decision_token"",""source"":""donor""},{""layer"":19,""patch_kind"":""decision_token"",""source"":""donor""},{""layer"":20,""patch_kind"":""decision_token"",""source"":""donor""},{""layer"":21,""patch_kind"":""decision_token"",""source"":""donor""},{""layer"":22,""patch_kind"":""decision_token"",""source"":""donor""},{""layer"":23,""patch_kind"":""decision_token"",""source"":""donor""}]",post_decoder_block_output,decision_token,-17.97361183166504,-14.197131156921387,-17.829065322875977,-14.487285614013672,-3.7764806747436523,-3.3417797088623047,-17.829063415527344,-14.487282752990723,-17.97360610961914,-14.19713306427002,-3.341780662536621,-3.776473045349121,-0.43470001220703125,-0.4346933364868164,-0.43469667434692383,False,False,
pair_0083,21,02,02,01,pair_0083_happy,pair_0083_sad,upper_prompt__lower_spaced,Listen to the speech. Is the speaker HAPPY or SAD? Answer only HAPPY or SAD., happy, sad,[6247],[12421],decision_clamp,decision_clamp_to_23,17,,23,"[{""layer"":17,""patch_kind"":""decision_token"",""source"":""donor""},{""layer"":18,""patch_kind"":""decision_token"",""source"":""donor""},{""layer"":19,""patch_kind"":""decision_token"",""source"":""donor""},{""layer"":20,""patch_kind"":""decision_token"",""source"":""donor""},{""layer"":21,""patch_kind"":""decision_token"",""source"":""donor""},{""layer"":22,""patch_kind"":""decision_token"",""source"":""donor""},{""layer"":23,""patch_kind"":""decision_token"",""source"":""donor""}]",post_decoder_block_output,decision_token,-17.93297576904297,-14.61596965789795,-18.092235565185547,-14.633484840393066,-3.3170061111450195,-3.4587507247924805,-18.09223747253418,-14.6334867477417,-17.93297576904297,-14.615971565246582,-3.4587507247924805,-3.3170042037963867,0.14174461364746094,0.14174652099609375,0.14174556732177734,True,True,
pair_0084,22,01,01,01,pair_0084_happy,pair_0084_sad,upper_prompt__lower_spaced,Listen to the speech. Is the speaker HAPPY or SAD? Answer only HAPPY or SAD., happy, sad,[6247],[12421],decision_clamp,decision_clamp_to_23,17,,23,"[{""layer"":17,""patch_kind"":""decision_token"",""source"":""donor""},{""layer"":18,""patch_kind"":""decision_token"",""source"":""donor""},{""layer"":19,""patch_kind"":""decision_token"",""source"":""donor""},{""layer"":20,""patch_kind"":""decision_token"",""source"":""donor""},{""layer"":21,""patch_kind"":""decision_token"",""source"":""donor""},{""layer"":22,""patch_kind"":""decision_token"",""source"":""donor""},{""layer"":23,""patch_kind"":""decision_token"",""source"":""donor""}]",post_decoder_block_output,decision_token,-18.682262420654297,-14.192432403564453,-18.470258712768555,-13.706429481506348,-4.489830017089844,-4.763829231262207,-18.47025489807129,-13.706430435180664,-18.682266235351562,-14.192442893981934,-4.763824462890625,-4.489823341369629,0.27399444580078125,0.2740058898925781,0.2740001678466797,True,True,
pair_0085,22,01,02,01,pair_0085_happy,pair_0085_sad,upper_prompt__lower_spaced,Listen to the speech. Is the speaker HAPPY or SAD? Answer only HAPPY or SAD., happy, sad,[6247],[12421],decision_clamp,decision_clamp_to_23,17,,23,"[{""layer"":17,""patch_kind"":""decision_token"",""source"":""donor""},{""layer"":18,""patch_kind"":""decision_token"",""source"":""donor""},{""layer"":19,""patch_kind"":""decision_token"",""source"":""donor""},{""layer"":20,""patch_kind"":""decision_token"",""source"":""donor""},{""layer"":21,""patch_kind"":""decision_token"",""source"":""donor""},{""layer"":22,""patch_kind"":""decision_token"",""source"":""donor""},{""layer"":23,""patch_kind"":""decision_token"",""source"":""donor""}]",post_decoder_block_output,decision_token,-18.272850036621094,-14.236717224121094,-18.724578857421875,-14.284399032592773,-4.0361328125,-4.440179824829102,-18.724580764770508,-14.284405708312988,-18.27284049987793,-14.236717224121094,-4.4401750564575195,-4.036123275756836,0.40404224395751953,0.4040565490722656,0.4040493965148926,True,True,
pair_0086,22,02,01,01,pair_0086_happy,pair_0086_sad,upper_prompt__lower_spaced,Listen to the speech. Is the speaker HAPPY or SAD? Answer only HAPPY or SAD., happy, sad,[6247],[12421],decision_clamp,decision_clamp_to_23,17,,23,"[{""layer"":17,""patch_kind"":""decision_token"",""source"":""donor""},{""layer"":18,""patch_kind"":""decision_token"",""source"":""donor""},{""layer"":19,""patch_kind"":""decision_token"",""source"":""donor""},{""layer"":20,""patch_kind"":""decision_token"",""source"":""donor""},{""layer"":21,""patch_kind"":""decision_token"",""source"":""donor""},{""layer"":22,""patch_kind"":""decision_token"",""source"":""donor""},{""layer"":23,""patch_kind"":""decision_token"",""source"":""donor""}]",post_decoder_block_output,decision_token,-18.112878799438477,-14.50664234161377,-18.061094284057617,-14.396312713623047,-3.606236457824707,-3.6647815704345703,-18.061092376708984,-14.39631462097168,-18.11288833618164,-14.506649017333984,-3.6647777557373047,-3.6062393188476562,0.058541297912597656,0.05854225158691406,0.05854177474975586,True,True,
pair_0087,22,02,02,01,pair_0087_happy,pair_0087_sad,upper_prompt__lower_spaced,Listen to the speech. Is the speaker HAPPY or SAD? Answer only HAPPY or SAD., happy, sad,[6247],[12421],decision_clamp,decision_clamp_to_23,17,,23,"[{""layer"":17,""patch_kind"":""decision_token"",""source"":""donor""},{""layer"":18,""patch_kind"":""decision_token"",""source"":""donor""},{""layer"":19,""patch_kind"":""decision_token"",""source"":""donor""},{""layer"":20,""patch_kind"":""decision_token"",""source"":""donor""},{""layer"":21,""patch_kind"":""decision_token"",""source"":""donor""},{""layer"":22,""patch_kind"":""decision_token"",""source"":""donor""},{""layer"":23,""patch_kind"":""decision_token"",""source"":""donor""}]",post_decoder_block_output,decision_token,-17.975412368774414,-14.336179733276367,-17.852388381958008,-14.33988094329834,-3.639232635498047,-3.512507438659668,-17.852388381958008,-14.33987808227539,-17.97540855407715,-14.336173057556152,-3.512510299682617,-3.639235496520996,-0.1267223358154297,-0.12672805786132812,-0.1267251968383789,False,False,
pair_0088,23,01,01,01,pair_0088_happy,pair_0088_sad,upper_prompt__lower_spaced,Listen to the speech. Is the speaker HAPPY or SAD? Answer only HAPPY or SAD., happy, sad,[6247],[12421],decision_clamp,decision_clamp_to_23,17,,23,"[{""layer"":17,""patch_kind"":""decision_token"",""source"":""donor""},{""layer"":18,""patch_kind"":""decision_token"",""source"":""donor""},{""layer"":19,""patch_kind"":""decision_token"",""source"":""donor""},{""layer"":20,""patch_kind"":""decision_token"",""source"":""donor""},{""layer"":21,""patch_kind"":""decision_token"",""source"":""donor""},{""layer"":22,""patch_kind"":""decision_token"",""source"":""donor""},{""layer"":23,""patch_kind"":""decision_token"",""source"":""donor""}]",post_decoder_block_output,decision_token,-18.47939682006836,-14.078022956848145,-18.001972198486328,-13.984725952148438,-4.401373863220215,-4.017246246337891,-18.00196075439453,-13.984723091125488,-18.479394912719727,-14.078027725219727,-4.017237663269043,-4.4013671875,-0.3841361999511719,-0.3841209411621094,-0.3841285705566406,False,False,
pair_0089,23,01,02,01,pair_0089_happy,pair_0089_sad,upper_prompt__lower_spaced,Listen to the speech. Is the speaker HAPPY or SAD? Answer only HAPPY or SAD., happy, sad,[6247],[12421],decision_clamp,decision_clamp_to_23,17,,23,"[{""layer"":17,""patch_kind"":""decision_token"",""source"":""donor""},{""layer"":18,""patch_kind"":""decision_token"",""source"":""donor""},{""layer"":19,""patch_kind"":""decision_token"",""source"":""donor""},{""layer"":20,""patch_kind"":""decision_token"",""source"":""donor""},{""layer"":21,""patch_kind"":""decision_token"",""source"":""donor""},{""layer"":22,""patch_kind"":""decision_token"",""source"":""donor""},{""layer"":23,""patch_kind"":""decision_token"",""source"":""donor""}]",post_decoder_block_output,decision_token,-18.697004318237305,-14.208320617675781,-18.652122497558594,-14.244013786315918,-4.488683700561523,-4.408108711242676,-18.652118682861328,-14.244019508361816,-18.69700050354004,-14.20832347869873,-4.408099174499512,-4.488677024841309,-0.08058452606201172,-0.08056831359863281,-0.08057641983032227,False,False,
pair_0090,23,02,01,01,pair_0090_happy,pair_0090_sad,upper_prompt__lower_spaced,Listen to the speech. Is the speaker HAPPY or SAD? Answer only HAPPY or SAD., happy, sad,[6247],[12421],decision_clamp,decision_clamp_to_23,17,,23,"[{""layer"":17,""patch_kind"":""decision_token"",""source"":""donor""},{""layer"":18,""patch_kind"":""decision_token"",""source"":""donor""},{""layer"":19,""patch_kind"":""decision_token"",""source"":""donor""},{""layer"":20,""patch_kind"":""decision_token"",""source"":""donor""},{""layer"":21,""patch_kind"":""decision_token"",""source"":""donor""},{""layer"":22,""patch_kind"":""decision_token"",""source"":""donor""},{""layer"":23,""patch_kind"":""decision_token"",""source"":""donor""}]",post_decoder_block_output,decision_token,-18.12325668334961,-14.155843734741211,-17.865354537963867,-14.407626152038574,-3.9674129486083984,-3.457728385925293,-17.8653564453125,-14.40762996673584,-18.12325668334961,-14.155839920043945,-3.45772647857666,-3.967416763305664,-0.5096864700317383,-0.5096883773803711,-0.5096874237060547,False,False,
pair_0091,23,02,02,01,pair_0091_happy,pair_0091_sad,upper_prompt__lower_spaced,Listen to the speech. Is the speaker HAPPY or SAD? Answer only HAPPY or SAD., happy, sad,[6247],[12421],decision_clamp,decision_clamp_to_23,17,,23,"[{""layer"":17,""patch_kind"":""decision_token"",""source"":""donor""},{""layer"":18,""patch_kind"":""decision_token"",""source"":""donor""},{""layer"":19,""patch_kind"":""decision_token"",""source"":""donor""},{""layer"":20,""patch_kind"":""decision_token"",""source"":""donor""},{""layer"":21,""patch_kind"":""decision_token"",""source"":""donor""},{""layer"":22,""patch_kind"":""decision_token"",""source"":""donor""},{""layer"":23,""patch_kind"":""decision_token"",""source"":""donor""}]",post_decoder_block_output,decision_token,-18.110824584960938,-14.51156234741211,-17.68675994873047,-14.507476806640625,-3.599262237548828,-3.1792831420898438,-17.686752319335938,-14.507476806640625,-18.11083221435547,-14.511563301086426,-3.1792755126953125,-3.599268913269043,-0.4199867248535156,-0.4199857711791992,-0.4199862480163574,False,False,
pair_0092,24,01,01,01,pair_0092_happy,pair_0092_sad,upper_prompt__lower_spaced,Listen to the speech. Is the speaker HAPPY or SAD? Answer only HAPPY or SAD., happy, sad,[6247],[12421],decision_clamp,decision_clamp_to_23,17,,23,"[{""layer"":17,""patch_kind"":""decision_token"",""source"":""donor""},{""layer"":18,""patch_kind"":""decision_token"",""source"":""donor""},{""layer"":19,""patch_kind"":""decision_token"",""source"":""donor""},{""layer"":20,""patch_kind"":""decision_token"",""source"":""donor""},{""layer"":21,""patch_kind"":""decision_token"",""source"":""donor""},{""layer"":22,""patch_kind"":""decision_token"",""source"":""donor""},{""layer"":23,""patch_kind"":""decision_token"",""source"":""donor""}]",post_decoder_block_output,decision_token,-18.272140502929688,-14.17473030090332,-18.658676147460938,-13.953152656555176,-4.097410202026367,-4.705523490905762,-18.658672332763672,-13.953152656555176,-18.272138595581055,-14.174734115600586,-4.705519676208496,-4.097404479980469,0.6081094741821289,0.608119010925293,0.6081142425537109,True,True,
pair_0093,24,01,02,01,pair_0093_happy,pair_0093_sad,upper_prompt__lower_spaced,Listen to the speech. Is the speaker HAPPY or SAD? Answer only HAPPY or SAD., happy, sad,[6247],[12421],decision_clamp,decision_clamp_to_23,17,,23,"[{""layer"":17,""patch_kind"":""decision_token"",""source"":""donor""},{""layer"":18,""patch_kind"":""decision_token"",""source"":""donor""},{""layer"":19,""patch_kind"":""decision_token"",""source"":""donor""},{""layer"":20,""patch_kind"":""decision_token"",""source"":""donor""},{""layer"":21,""patch_kind"":""decision_token"",""source"":""donor""},{""layer"":22,""patch_kind"":""decision_token"",""source"":""donor""},{""layer"":23,""patch_kind"":""decision_token"",""source"":""donor""}]",post_decoder_block_output,decision_token,-18.38443946838379,-14.200296401977539,-18.802410125732422,-14.208366394042969,-4.18414306640625,-4.594043731689453,-18.802404403686523,-14.208365440368652,-18.38444709777832,-14.200303077697754,-4.594038963317871,-4.184144020080566,0.4098958969116211,0.4098997116088867,0.4098978042602539,True,True,
pair_0094,24,02,01,01,pair_0094_happy,pair_0094_sad,upper_prompt__lower_spaced,Listen to the speech. Is the speaker HAPPY or SAD? Answer only HAPPY or SAD., happy, sad,[6247],[12421],decision_clamp,decision_clamp_to_23,17,,23,"[{""layer"":17,""patch_kind"":""decision_token"",""source"":""donor""},{""layer"":18,""patch_kind"":""decision_token"",""source"":""donor""},{""layer"":19,""patch_kind"":""decision_token"",""source"":""donor""},{""layer"":20,""patch_kind"":""decision_token"",""source"":""donor""},{""layer"":21,""patch_kind"":""decision_token"",""source"":""donor""},{""layer"":22,""patch_kind"":""decision_token"",""source"":""donor""},{""layer"":23,""patch_kind"":""decision_token"",""source"":""donor""}]",post_decoder_block_output,decision_token,-18.109331130981445,-14.389881134033203,-17.85662269592285,-14.2269926071167,-3.719449996948242,-3.6296300888061523,-17.85662269592285,-14.226993560791016,-18.109338760375977,-14.389884948730469,-3.629629135131836,-3.719453811645508,-0.08982086181640625,-0.08982372283935547,-0.08982229232788086,False,False,
pair_0095,24,02,02,01,pair_0095_happy,pair_0095_sad,upper_prompt__lower_spaced,Listen to the speech. Is the speaker HAPPY or SAD? Answer only HAPPY or SAD., happy, sad,[6247],[12421],decision_clamp,decision_clamp_to_23,17,,23,"[{""layer"":17,""patch_kind"":""decision_token"",""source"":""donor""},{""layer"":18,""patch_kind"":""decision_token"",""source"":""donor""},{""layer"":19,""patch_kind"":""decision_token"",""source"":""donor""},{""layer"":20,""patch_kind"":""decision_token"",""source"":""donor""},{""layer"":21,""patch_kind"":""decision_token"",""source"":""donor""},{""layer"":22,""patch_kind"":""decision_token"",""source"":""donor""},{""layer"":23,""patch_kind"":""decision_token"",""source"":""donor""}]",post_decoder_block_output,decision_token,-17.84119987487793,-14.09777545928955,-17.919200897216797,-14.292767524719238,-3.743424415588379,-3.6264333724975586,-17.919200897216797,-14.292769432067871,-17.84119415283203,-14.097772598266602,-3.626431465148926,-3.7434215545654297,-0.11699295043945312,-0.1169881820678711,-0.11699056625366211,False,False,
