layer,regime,fold,axis,cosine,test_score_correlation,probe_norm,axis_norm
18,speaker,actor_01_statement_None,lm_raw,0.021298752381722727,0.4079658289900096,53.9618229856824,0.7928027510643005
18,speaker,actor_01_statement_None,lm_norm_weighted,0.026654098525199232,0.4631124236793014,53.9618229856824,5.832040309906006
18,speaker,actor_02_statement_None,lm_raw,0.032639759977829634,-0.44990590103052785,53.32815222827609,0.7928027510643005
18,speaker,actor_02_statement_None,lm_norm_weighted,0.03841578163578277,-0.41663526996248473,53.32815222827609,5.832040309906006
18,speaker,actor_03_statement_None,lm_raw,0.02788210519568167,0.7426230772210433,54.13386797757588,0.7928027510643005
18,speaker,actor_03_statement_None,lm_norm_weighted,0.03274310771331626,0.6654034399143864,54.13386797757588,5.832040309906006
18,speaker,actor_04_statement_None,lm_raw,0.042788318820181935,0.621961515760648,52.72601698480344,0.7928027510643005
18,speaker,actor_04_statement_None,lm_norm_weighted,0.048806234967284284,0.6162321440995217,52.72601698480344,5.832040309906006
18,speaker,actor_05_statement_None,lm_raw,0.04486000469623842,0.11174437727235956,52.28471274889384,0.7928027510643005
18,speaker,actor_05_statement_None,lm_norm_weighted,0.04791399791477657,-0.10147475117041745,52.28471274889384,5.832040309906006
18,speaker,actor_06_statement_None,lm_raw,0.03411812314733506,0.6150934775833738,52.93112966911526,0.7928027510643005
18,speaker,actor_06_statement_None,lm_norm_weighted,0.0396727732776697,0.6267488836768833,52.93112966911526,5.832040309906006
18,speaker,actor_07_statement_None,lm_raw,0.021996349430037226,0.20810815584813905,53.57015009649172,0.7928027510643005
18,speaker,actor_07_statement_None,lm_norm_weighted,0.02709800275277685,0.16739766779721596,53.57015009649172,5.832040309906006
18,speaker,actor_08_statement_None,lm_raw,0.02848953023738232,-0.2953896865931664,54.18705139114777,0.7928027510643005
18,speaker,actor_08_statement_None,lm_norm_weighted,0.03384080158761984,-0.22757527263450283,54.18705139114777,5.832040309906006
18,speaker,actor_09_statement_None,lm_raw,0.04573991569259596,-0.2544504528939324,53.98795194372484,0.7928027510643005
18,speaker,actor_09_statement_None,lm_norm_weighted,0.05079535686227488,-0.31717159161898295,53.98795194372484,5.832040309906006
18,speaker,actor_10_statement_None,lm_raw,0.01969481273509061,-0.5299138492826255,54.497486253183936,0.7928027510643005
18,speaker,actor_10_statement_None,lm_norm_weighted,0.025902118632339707,-0.5285673073449961,54.497486253183936,5.832040309906006
18,speaker,actor_11_statement_None,lm_raw,0.037249982257699536,-0.05097762123078794,53.69128536350254,0.7928027510643005
18,speaker,actor_11_statement_None,lm_norm_weighted,0.04092569088359053,-0.05297360372107447,53.69128536350254,5.832040309906006
18,speaker,actor_12_statement_None,lm_raw,0.024278294878893235,0.0999193901869255,53.233868831769925,0.7928027510643005
18,speaker,actor_12_statement_None,lm_norm_weighted,0.02969114090795369,0.007786144194057603,53.233868831769925,5.832040309906006
18,speaker,actor_13_statement_None,lm_raw,0.023905018965717457,0.022189953494266387,54.17049133622798,0.7928027510643005
18,speaker,actor_13_statement_None,lm_norm_weighted,0.02905726078348894,0.0019278451110336119,54.17049133622798,5.832040309906006
18,speaker,actor_14_statement_None,lm_raw,0.03080204964386547,-0.11200032112505484,52.872489358538196,0.7928027510643005
18,speaker,actor_14_statement_None,lm_norm_weighted,0.034875889952209735,-0.18223468369324794,52.872489358538196,5.832040309906006
18,speaker,actor_15_statement_None,lm_raw,0.025036053012060633,0.2120889603266558,53.67723971764228,0.7928027510643005
18,speaker,actor_15_statement_None,lm_norm_weighted,0.030928799879393693,0.34837717768232207,53.67723971764228,5.832040309906006
18,speaker,actor_16_statement_None,lm_raw,0.032272128864148486,-0.18466843078209488,52.261640879134575,0.7928027510643005
18,speaker,actor_16_statement_None,lm_norm_weighted,0.03605624189484886,-0.23233269350795466,52.261640879134575,5.832040309906006
18,speaker,actor_17_statement_None,lm_raw,0.03004054529687846,0.9210188159494522,52.960414856950536,0.7928027510643005
18,speaker,actor_17_statement_None,lm_norm_weighted,0.03639501850941892,0.932053051161568,52.960414856950536,5.832040309906006
18,speaker,actor_18_statement_None,lm_raw,0.04255760023455694,-0.42877583293283367,54.560409626011676,0.7928027510643005
18,speaker,actor_18_statement_None,lm_norm_weighted,0.046032673478362054,-0.41526485970842386,54.560409626011676,5.832040309906006
18,speaker,actor_19_statement_None,lm_raw,0.0275237919846631,0.11001857251679942,54.49579571514847,0.7928027510643005
18,speaker,actor_19_statement_None,lm_norm_weighted,0.033452607685890444,0.18824214806756906,54.49579571514847,5.832040309906006
18,speaker,actor_20_statement_None,lm_raw,0.022054821636159586,0.35916739222062194,55.29480192449434,0.7928027510643005
18,speaker,actor_20_statement_None,lm_norm_weighted,0.02619497599326327,0.18981999399976981,55.29480192449434,5.832040309906006
18,speaker,actor_21_statement_None,lm_raw,0.030915960646346448,-0.06756474983785786,53.947644497402464,0.7928027510643005
18,speaker,actor_21_statement_None,lm_norm_weighted,0.0376056088101002,-0.09272225054676453,53.947644497402464,5.832040309906006
18,speaker,actor_22_statement_None,lm_raw,0.025571763821955758,0.48696668653507114,54.00086600582644,0.7928027510643005
18,speaker,actor_22_statement_None,lm_norm_weighted,0.03101674943267951,0.4756257911350148,54.00086600582644,5.832040309906006
18,speaker,actor_23_statement_None,lm_raw,0.025729127973314662,-0.02025930590561683,54.48316575460142,0.7928027510643005
18,speaker,actor_23_statement_None,lm_norm_weighted,0.03137709015982791,-0.07758580414345449,54.48316575460142,5.832040309906006
18,speaker,actor_24_statement_None,lm_raw,0.02479405883565904,0.31613331226205443,54.068927229628905,0.7928027510643005
18,speaker,actor_24_statement_None,lm_norm_weighted,0.031100382052185318,0.30865712303460585,54.068927229628905,5.832040309906006
18,statement,actor_None_statement_01,lm_raw,0.031546988950486396,0.049280298405419254,42.258742184792546,0.7928027510643005
18,statement,actor_None_statement_01,lm_norm_weighted,0.025594515925052404,0.10204748397421012,42.258742184792546,5.832040309906006
18,statement,actor_None_statement_02,lm_raw,0.048266526403824506,0.20810573910474545,48.726017215055734,0.7928027510643005
18,statement,actor_None_statement_02,lm_norm_weighted,0.052756079838511494,0.23457498431975546,48.726017215055734,5.832040309906006
18,joint,actor_01_statement_01,lm_raw,0.027891554706746566,-0.17276020877613707,40.4995488799216,0.7928027510643005
18,joint,actor_01_statement_01,lm_norm_weighted,0.021941307139075706,-0.20203518008340843,40.4995488799216,5.832040309906006
18,joint,actor_01_statement_02,lm_raw,0.03812622266739301,0.8481643185196753,46.25583189601558,0.7928027510643005
18,joint,actor_01_statement_02,lm_norm_weighted,0.042236618584968445,0.843490417710796,46.25583189601558,5.832040309906006
18,joint,actor_02_statement_01,lm_raw,0.038376741329146605,0.2853584715023804,41.85110106640104,0.7928027510643005
18,joint,actor_02_statement_01,lm_norm_weighted,0.0321380343652466,0.4786444208026617,41.85110106640104,5.832040309906006
18,joint,actor_02_statement_02,lm_raw,0.04530826865014726,0.8463193149275252,47.25212018481465,0.7928027510643005
18,joint,actor_02_statement_02,lm_norm_weighted,0.05011506136180583,0.8851863447273931,47.25212018481465,5.832040309906006
18,joint,actor_03_statement_01,lm_raw,0.027993726304667805,0.09672567043400203,41.700364966423756,0.7928027510643005
18,joint,actor_03_statement_01,lm_norm_weighted,0.02171353220734407,0.20078624595496525,41.700364966423756,5.832040309906006
18,joint,actor_03_statement_02,lm_raw,0.04991763694555504,-0.8356951980552221,47.715948319439576,0.7928027510643005
18,joint,actor_03_statement_02,lm_norm_weighted,0.053937802525977345,-0.7797134683126945,47.715948319439576,5.832040309906006
18,joint,actor_04_statement_01,lm_raw,0.03148803563903299,0.6231138506809891,40.737950963543206,0.7928027510643005
18,joint,actor_04_statement_01,lm_norm_weighted,0.026254055398220833,0.5927835300142063,40.737950963543206,5.832040309906006
18,joint,actor_04_statement_02,lm_raw,0.06491879473059257,0.9653056045595663,47.107825384332735,0.7928027510643005
18,joint,actor_04_statement_02,lm_norm_weighted,0.06822655475365474,0.7977870133414074,47.107825384332735,5.832040309906006
18,joint,actor_05_statement_01,lm_raw,0.04161779162638969,0.9126403681399641,41.175301201881844,0.7928027510643005
18,joint,actor_05_statement_01,lm_norm_weighted,0.03492877531301765,0.9753676967753536,41.175301201881844,5.832040309906006
18,joint,actor_05_statement_02,lm_raw,0.0460723312631727,-0.4783470644799477,47.6733829345959,0.7928027510643005
18,joint,actor_05_statement_02,lm_norm_weighted,0.050085824176485785,-0.47337465683783275,47.6733829345959,5.832040309906006
18,joint,actor_06_statement_01,lm_raw,0.028000907590994696,0.7538477479628691,40.920743349441366,0.7928027510643005
18,joint,actor_06_statement_01,lm_norm_weighted,0.022491588655839036,0.7548668294273774,40.920743349441366,5.832040309906006
18,joint,actor_06_statement_02,lm_raw,0.05453774952478466,0.3958585928250094,47.876942587094554,0.7928027510643005
18,joint,actor_06_statement_02,lm_norm_weighted,0.05881209020406606,0.3881422519161138,47.876942587094554,5.832040309906006
18,joint,actor_07_statement_01,lm_raw,0.03137347886259668,0.16229635175397175,41.48701364489707,0.7928027510643005
18,joint,actor_07_statement_01,lm_norm_weighted,0.025911637912901915,0.20974933582969169,41.48701364489707,5.832040309906006
18,joint,actor_07_statement_02,lm_raw,0.04359893406454679,-0.9972919830339256,48.34767286390357,0.7928027510643005
18,joint,actor_07_statement_02,lm_norm_weighted,0.04801863121840128,-0.9662817547331872,48.34767286390357,5.832040309906006
18,joint,actor_08_statement_01,lm_raw,0.024619601894876303,-0.05276800818206689,41.142587814857464,0.7928027510643005
18,joint,actor_08_statement_01,lm_norm_weighted,0.018443849173201986,-0.043539690337456145,41.142587814857464,5.832040309906006
18,joint,actor_08_statement_02,lm_raw,0.050285037349469056,-0.7396047022021482,47.456389568427504,0.7928027510643005
18,joint,actor_08_statement_02,lm_norm_weighted,0.05450777476464991,-0.7567287974015715,47.456389568427504,5.832040309906006
18,joint,actor_09_statement_01,lm_raw,0.044996674406209594,-0.5255519191325455,41.791503658834756,0.7928027510643005
18,joint,actor_09_statement_01,lm_norm_weighted,0.038486277949463125,-0.38579466918959576,41.791503658834756,5.832040309906006
18,joint,actor_09_statement_02,lm_raw,0.053661782653373076,0.9983381838591127,48.385803877645436,0.7928027510643005
18,joint,actor_09_statement_02,lm_norm_weighted,0.05895648385985665,0.9983731487331283,48.385803877645436,5.832040309906006
18,joint,actor_10_statement_01,lm_raw,0.03211175205569708,0.5618163320689114,41.458136483783335,0.7928027510643005
18,joint,actor_10_statement_01,lm_norm_weighted,0.02663563198870698,0.5630844411572009,41.458136483783335,5.832040309906006
18,joint,actor_10_statement_02,lm_raw,0.05196905027694134,-0.3185916906921068,47.94734936254534,0.7928027510643005
18,joint,actor_10_statement_02,lm_norm_weighted,0.05557378205666536,-0.3431330520496062,47.94734936254534,5.832040309906006
18,joint,actor_11_statement_01,lm_raw,0.03318768788781966,0.46918811552811945,42.00317266019232,0.7928027510643005
18,joint,actor_11_statement_01,lm_norm_weighted,0.02728842389977191,0.43577586163455445,42.00317266019232,5.832040309906006
18,joint,actor_11_statement_02,lm_raw,0.05048522017766576,0.8645109781237766,48.201948669506564,0.7928027510643005
18,joint,actor_11_statement_02,lm_norm_weighted,0.05385950439978766,0.9237448758425453,48.201948669506564,5.832040309906006
18,joint,actor_12_statement_01,lm_raw,0.03215170411301748,0.5338382559085502,40.992693720189905,0.7928027510643005
18,joint,actor_12_statement_01,lm_norm_weighted,0.024981359680055024,0.5419259154868458,40.992693720189905,5.832040309906006
18,joint,actor_12_statement_02,lm_raw,0.04308787852549716,0.37353374375555204,47.89747218062097,0.7928027510643005
18,joint,actor_12_statement_02,lm_norm_weighted,0.04719701427110011,0.08553681441410348,47.89747218062097,5.832040309906006
18,joint,actor_13_statement_01,lm_raw,0.025620733488636045,0.9606586215869425,41.49934185304351,0.7928027510643005
18,joint,actor_13_statement_01,lm_norm_weighted,0.01940310843543186,0.9933164629968919,41.49934185304351,5.832040309906006
18,joint,actor_13_statement_02,lm_raw,0.047191126351309926,0.3316365857917173,46.90516360934503,0.7928027510643005
18,joint,actor_13_statement_02,lm_norm_weighted,0.050735545093221285,0.35398914422767536,46.90516360934503,5.832040309906006
18,joint,actor_14_statement_01,lm_raw,0.03414273646272995,-0.12075283900235595,41.35931071342099,0.7928027510643005
18,joint,actor_14_statement_01,lm_norm_weighted,0.02814922839726212,-0.05883526293845376,41.35931071342099,5.832040309906006
18,joint,actor_14_statement_02,lm_raw,0.04215443719048162,-0.8384205259941366,44.25464280010377,0.7928027510643005
18,joint,actor_14_statement_02,lm_norm_weighted,0.045742107258335614,-0.8555934401834082,44.25464280010377,5.832040309906006
18,joint,actor_15_statement_01,lm_raw,0.03175848068186127,-0.7874962042084057,41.54041127277558,0.7928027510643005
18,joint,actor_15_statement_01,lm_norm_weighted,0.02687818824745529,-0.5423647419666454,41.54041127277558,5.832040309906006
18,joint,actor_15_statement_02,lm_raw,0.043989168298059184,0.8970401366276725,48.047384431644325,0.7928027510643005
18,joint,actor_15_statement_02,lm_norm_weighted,0.049287461291321444,0.9220318896994102,48.047384431644325,5.832040309906006
18,joint,actor_16_statement_01,lm_raw,0.028637885815808267,0.9990752922964755,39.44738125059156,0.7928027510643005
18,joint,actor_16_statement_01,lm_norm_weighted,0.021687960214383947,0.9893924772468723,39.44738125059156,5.832040309906006
18,joint,actor_16_statement_02,lm_raw,0.0740754800484824,0.43602340650011717,43.95254629151469,0.7928027510643005
18,joint,actor_16_statement_02,lm_norm_weighted,0.0770550162226155,0.312199998517946,43.95254629151469,5.832040309906006
18,joint,actor_17_statement_01,lm_raw,0.03523467128890301,0.9987968431883585,41.406062207238506,0.7928027510643005
18,joint,actor_17_statement_01,lm_norm_weighted,0.03122848297166269,0.9947184582958007,41.406062207238506,5.832040309906006
18,joint,actor_17_statement_02,lm_raw,0.04888002121899309,0.239278791719991,45.76844014892463,0.7928027510643005
18,joint,actor_17_statement_02,lm_norm_weighted,0.053675384525142866,0.36742108360922204,45.76844014892463,5.832040309906006
18,joint,actor_18_statement_01,lm_raw,0.02711483986864237,0.7537346777711513,42.671974090244234,0.7928027510643005
18,joint,actor_18_statement_01,lm_norm_weighted,0.02119996269737264,0.8856802847913682,42.671974090244234,5.832040309906006
18,joint,actor_18_statement_02,lm_raw,0.055263928500397894,0.9623910145674269,45.49882110579065,0.7928027510643005
18,joint,actor_18_statement_02,lm_norm_weighted,0.06058707961737462,0.9435437300420528,45.49882110579065,5.832040309906006
18,joint,actor_19_statement_01,lm_raw,0.03520519191903127,0.5514683807862243,42.20851932728204,0.7928027510643005
18,joint,actor_19_statement_01,lm_norm_weighted,0.029965027474758908,0.5309179972805773,42.20851932728204,5.832040309906006
18,joint,actor_19_statement_02,lm_raw,0.047464783806767316,0.8945486141290735,48.58832646661438,0.7928027510643005
18,joint,actor_19_statement_02,lm_norm_weighted,0.05189282788097296,0.9417299977099493,48.58832646661438,5.832040309906006
18,joint,actor_20_statement_01,lm_raw,0.026395051465009083,0.660520206409739,41.96436847785916,0.7928027510643005
18,joint,actor_20_statement_01,lm_norm_weighted,0.02048846877544162,0.6985578417116955,41.96436847785916,5.832040309906006
18,joint,actor_20_statement_02,lm_raw,0.04272663674428411,0.45771302902889643,48.691000634686745,0.7928027510643005
18,joint,actor_20_statement_02,lm_norm_weighted,0.047466808308173916,0.3661887122686988,48.691000634686745,5.832040309906006
18,joint,actor_21_statement_01,lm_raw,0.017961032751577274,0.7566199433272391,41.07720803162093,0.7928027510643005
18,joint,actor_21_statement_01,lm_norm_weighted,0.011751992654558624,0.773677005769676,41.07720803162093,5.832040309906006
18,joint,actor_21_statement_02,lm_raw,0.0475895061319194,-0.6060288784965823,48.95743218208337,0.7928027510643005
18,joint,actor_21_statement_02,lm_norm_weighted,0.05217339185017164,-0.6461943822702509,48.95743218208337,5.832040309906006
18,joint,actor_22_statement_01,lm_raw,0.029410401373482945,-0.31561868408349164,41.563321336162076,0.7928027510643005
18,joint,actor_22_statement_01,lm_norm_weighted,0.02344736293647431,-0.35785599909718685,41.563321336162076,5.832040309906006
18,joint,actor_22_statement_02,lm_raw,0.0493364509283715,0.9914818899238799,48.22167804838097,0.7928027510643005
18,joint,actor_22_statement_02,lm_norm_weighted,0.053722058770391094,0.9933002716954477,48.22167804838097,5.832040309906006
18,joint,actor_23_statement_01,lm_raw,0.029505588658680033,0.029267871986430848,42.367969111202804,0.7928027510643005
18,joint,actor_23_statement_01,lm_norm_weighted,0.0236331393068515,0.03646056381839721,42.367969111202804,5.832040309906006
18,joint,actor_23_statement_02,lm_raw,0.04730690301923906,0.9881319443604389,48.646314672946865,0.7928027510643005
18,joint,actor_23_statement_02,lm_norm_weighted,0.051794076589486045,0.9833852856843106,48.646314672946865,5.832040309906006
18,joint,actor_24_statement_01,lm_raw,0.03744907883330101,0.7347653671383491,41.73700375610489,0.7928027510643005
18,joint,actor_24_statement_01,lm_norm_weighted,0.03223867982330082,0.7165069225427991,41.73700375610489,5.832040309906006
18,joint,actor_24_statement_02,lm_raw,0.04251110786216097,0.21925066632126264,48.00930514838044,0.7928027510643005
18,joint,actor_24_statement_02,lm_norm_weighted,0.04761069847023659,0.24356260603741461,48.00930514838044,5.832040309906006
19,speaker,actor_01_statement_None,lm_raw,0.041028874584865385,0.6302908624832002,105.471064725411,0.7928027510643005
19,speaker,actor_01_statement_None,lm_norm_weighted,0.03444590986160123,0.6087287628518534,105.471064725411,5.832040309906006
19,speaker,actor_02_statement_None,lm_raw,0.0440844869038676,-0.30469265882874264,112.759524266986,0.7928027510643005
19,speaker,actor_02_statement_None,lm_norm_weighted,0.038423120987678326,-0.39558172307475187,112.759524266986,5.832040309906006
19,speaker,actor_03_statement_None,lm_raw,0.03759361868443524,0.005642200933346098,113.84774198264645,0.7928027510643005
19,speaker,actor_03_statement_None,lm_norm_weighted,0.032634301463468796,-0.13749341334668744,113.84774198264645,5.832040309906006
19,speaker,actor_04_statement_None,lm_raw,0.029527887489546087,0.6283824767766173,111.90845962866348,0.7928027510643005
19,speaker,actor_04_statement_None,lm_norm_weighted,0.024318112013600096,0.514523803982226,111.90845962866348,5.832040309906006
19,speaker,actor_05_statement_None,lm_raw,0.047835581630022765,0.7207806155311448,111.77498960017432,0.7928027510643005
19,speaker,actor_05_statement_None,lm_norm_weighted,0.04252315364061905,0.6626527670671202,111.77498960017432,5.832040309906006
19,speaker,actor_06_statement_None,lm_raw,0.04137238340588796,0.14363134668416674,112.88189437760376,0.7928027510643005
19,speaker,actor_06_statement_None,lm_norm_weighted,0.035766576417143446,0.23047865347739915,112.88189437760376,5.832040309906006
19,speaker,actor_07_statement_None,lm_raw,0.027140478264663016,0.5032977918408892,109.77173605786864,0.7928027510643005
19,speaker,actor_07_statement_None,lm_norm_weighted,0.02177764390756479,0.522038817908631,109.77173605786864,5.832040309906006
19,speaker,actor_08_statement_None,lm_raw,0.0334428554446959,0.7010359556094874,111.81053228144462,0.7928027510643005
19,speaker,actor_08_statement_None,lm_norm_weighted,0.028613604154569715,0.7270395476857822,111.81053228144462,5.832040309906006
19,speaker,actor_09_statement_None,lm_raw,0.047485211642625175,0.37046650802677855,109.96254420742741,0.7928027510643005
19,speaker,actor_09_statement_None,lm_norm_weighted,0.041985058716880304,0.30406010198989303,109.96254420742741,5.832040309906006
19,speaker,actor_10_statement_None,lm_raw,0.03206536993794636,0.8880180734841802,112.04464074244812,0.7928027510643005
19,speaker,actor_10_statement_None,lm_norm_weighted,0.026542831085070974,0.8725352311281407,112.04464074244812,5.832040309906006
19,speaker,actor_11_statement_None,lm_raw,0.033675382286691286,0.7315727844571932,113.70850919603812,0.7928027510643005
19,speaker,actor_11_statement_None,lm_norm_weighted,0.02821922160148003,0.6717686566758655,113.70850919603812,5.832040309906006
19,speaker,actor_12_statement_None,lm_raw,0.03696936198663722,-0.47772086435023986,109.37774769299575,0.7928027510643005
19,speaker,actor_12_statement_None,lm_norm_weighted,0.031942465793932805,-0.5894773471162048,109.37774769299575,5.832040309906006
19,speaker,actor_13_statement_None,lm_raw,0.035997426217208923,-0.43301759783882093,111.48326831456323,0.7928027510643005
19,speaker,actor_13_statement_None,lm_norm_weighted,0.0313423717948489,-0.515280716253306,111.48326831456323,5.832040309906006
19,speaker,actor_14_statement_None,lm_raw,0.03200686796005871,0.44944307045866133,110.27777786957273,0.7928027510643005
19,speaker,actor_14_statement_None,lm_norm_weighted,0.025428970751885136,0.248345901723072,110.27777786957273,5.832040309906006
19,speaker,actor_15_statement_None,lm_raw,0.038043764937614896,0.27569050053155825,108.97358801209643,0.7928027510643005
19,speaker,actor_15_statement_None,lm_norm_weighted,0.03223762006579437,0.1812516482037746,108.97358801209643,5.832040309906006
19,speaker,actor_16_statement_None,lm_raw,0.027365269810629717,0.0060277412786161454,110.23645565228604,0.7928027510643005
19,speaker,actor_16_statement_None,lm_norm_weighted,0.023430958951020462,0.15038707051801142,110.23645565228604,5.832040309906006
19,speaker,actor_17_statement_None,lm_raw,0.039993581169515444,0.18889914314391076,111.69421415803716,0.7928027510643005
19,speaker,actor_17_statement_None,lm_norm_weighted,0.0355017995544442,0.31179756524109253,111.69421415803716,5.832040309906006
19,speaker,actor_18_statement_None,lm_raw,0.031757957400492524,0.24591407076064806,107.12725811857271,0.7928027510643005
19,speaker,actor_18_statement_None,lm_norm_weighted,0.026434225402176423,0.3238619512193106,107.12725811857271,5.832040309906006
19,speaker,actor_19_statement_None,lm_raw,0.02070590526517404,0.7397697505843268,113.6236296666001,0.7928027510643005
19,speaker,actor_19_statement_None,lm_norm_weighted,0.016222563657342582,0.69642890123528,113.6236296666001,5.832040309906006
19,speaker,actor_20_statement_None,lm_raw,0.034420338182297616,-0.06060764631892864,115.02691550305033,0.7928027510643005
19,speaker,actor_20_statement_None,lm_norm_weighted,0.029862069847563323,-0.10268775283617182,115.02691550305033,5.832040309906006
19,speaker,actor_21_statement_None,lm_raw,0.035123663565010496,-0.3393177750003073,112.81963166912325,0.7928027510643005
19,speaker,actor_21_statement_None,lm_norm_weighted,0.029486543407000312,-0.4004288721772438,112.81963166912325,5.832040309906006
19,speaker,actor_22_statement_None,lm_raw,0.034767898672230416,-0.23355975338279608,112.77131562921171,0.7928027510643005
19,speaker,actor_22_statement_None,lm_norm_weighted,0.029379746598812054,-0.3736539344593869,112.77131562921171,5.832040309906006
19,speaker,actor_23_statement_None,lm_raw,0.028371032299341712,0.09258887058264505,109.94329405162827,0.7928027510643005
19,speaker,actor_23_statement_None,lm_norm_weighted,0.02322420041933824,0.0011351750541543169,109.94329405162827,5.832040309906006
19,speaker,actor_24_statement_None,lm_raw,0.038971446727784444,0.2768599149447649,106.85831960136363,0.7928027510643005
19,speaker,actor_24_statement_None,lm_norm_weighted,0.0345635421006423,0.4079740593415832,106.85831960136363,5.832040309906006
19,statement,actor_None_statement_01,lm_raw,0.047758799314985896,0.35538729079043,79.174602529699,0.7928027510643005
19,statement,actor_None_statement_01,lm_norm_weighted,0.03807339462605546,0.3178789330431505,79.174602529699,5.832040309906006
19,statement,actor_None_statement_02,lm_raw,0.023914840834074566,0.20036882684834847,83.1693084453742,0.7928027510643005
19,statement,actor_None_statement_02,lm_norm_weighted,0.026654188057541994,0.2365111941832634,83.1693084453742,5.832040309906006
19,joint,actor_01_statement_01,lm_raw,0.04802172698663707,0.7527989959559583,74.86987459512281,0.7928027510643005
19,joint,actor_01_statement_01,lm_norm_weighted,0.038013493445849214,0.7857439653926808,74.86987459512281,5.832040309906006
19,joint,actor_01_statement_02,lm_raw,0.02113028263255864,0.5957069637296774,81.91537381742319,0.7928027510643005
19,joint,actor_01_statement_02,lm_norm_weighted,0.023256369164208913,0.5932308577815127,81.91537381742319,5.832040309906006
19,joint,actor_02_statement_01,lm_raw,0.0466282399135436,0.9140854660195902,78.95861498419985,0.7928027510643005
19,joint,actor_02_statement_01,lm_norm_weighted,0.03802933287480544,0.900800585681396,78.95861498419985,5.832040309906006
19,joint,actor_02_statement_02,lm_raw,0.02103972960160988,-0.20780009879487404,79.52267090471148,0.7928027510643005
19,joint,actor_02_statement_02,lm_norm_weighted,0.022018725813961013,-0.17900311344609637,79.52267090471148,5.832040309906006
19,joint,actor_03_statement_01,lm_raw,0.03928380406549314,0.8148071626918515,77.8189447008789,0.7928027510643005
19,joint,actor_03_statement_01,lm_norm_weighted,0.02923194127557474,0.7822582993019268,77.8189447008789,5.832040309906006
19,joint,actor_03_statement_02,lm_raw,0.028003479659737117,-0.980105506674237,81.39083651912989,0.7928027510643005
19,joint,actor_03_statement_02,lm_norm_weighted,0.029889502952776058,-0.9791133551509748,81.39083651912989,5.832040309906006
19,joint,actor_04_statement_01,lm_raw,0.04284453064235986,0.8172308995231222,78.22045275334081,0.7928027510643005
19,joint,actor_04_statement_01,lm_norm_weighted,0.033344859575801224,0.8374794449750607,78.22045275334081,5.832040309906006
19,joint,actor_04_statement_02,lm_raw,0.006811447778859722,0.06956002169385567,82.13516205097886,0.7928027510643005
19,joint,actor_04_statement_02,lm_norm_weighted,0.009494243456004563,0.006129780678577355,82.13516205097886,5.832040309906006
19,joint,actor_05_statement_01,lm_raw,0.05637093691476916,0.8487746987463092,77.76196414311073,0.7928027510643005
19,joint,actor_05_statement_01,lm_norm_weighted,0.04696610384103569,0.8193781240695859,77.76196414311073,5.832040309906006
19,joint,actor_05_statement_02,lm_raw,0.024823628147012725,0.7395317455352788,78.41947179318775,0.7928027510643005
19,joint,actor_05_statement_02,lm_norm_weighted,0.026662463481126556,0.7288310033740374,78.41947179318775,5.832040309906006
19,joint,actor_06_statement_01,lm_raw,0.04864200766207645,0.12246668781987216,77.80881659891703,0.7928027510643005
19,joint,actor_06_statement_01,lm_norm_weighted,0.038617579103279856,0.056349045862080366,77.80881659891703,5.832040309906006
19,joint,actor_06_statement_02,lm_raw,0.03168484123697608,0.4116757654422752,81.46016558751658,0.7928027510643005
19,joint,actor_06_statement_02,lm_norm_weighted,0.03441926746875145,0.3438415264105934,81.46016558751658,5.832040309906006
19,joint,actor_07_statement_01,lm_raw,0.048809729212773795,0.8555319490250325,78.52475507949299,0.7928027510643005
19,joint,actor_07_statement_01,lm_norm_weighted,0.039406260508681026,0.8597754017149429,78.52475507949299,5.832040309906006
19,joint,actor_07_statement_02,lm_raw,0.015974080200753416,0.47441530333225246,80.0646819583262,0.7928027510643005
19,joint,actor_07_statement_02,lm_norm_weighted,0.018422994963267058,0.5848586928249938,80.0646819583262,5.832040309906006
19,joint,actor_08_statement_01,lm_raw,0.043980171837403575,0.46694281594001025,78.95761984748796,0.7928027510643005
19,joint,actor_08_statement_01,lm_norm_weighted,0.034102608576350495,0.39699302622999294,78.95761984748796,5.832040309906006
19,joint,actor_08_statement_02,lm_raw,0.007610946573090419,-0.43181010657920466,79.44318023819478,0.7928027510643005
19,joint,actor_08_statement_02,lm_norm_weighted,0.011672181338195791,-0.41312346572005043,79.44318023819478,5.832040309906006
19,joint,actor_09_statement_01,lm_raw,0.0533237288778865,0.9757587534530963,78.49187681805691,0.7928027510643005
19,joint,actor_09_statement_01,lm_norm_weighted,0.044113866295903276,0.9864121315269098,78.49187681805691,5.832040309906006
19,joint,actor_09_statement_02,lm_raw,0.03382001498923887,0.46935908039031493,77.4304165167468,0.7928027510643005
19,joint,actor_09_statement_02,lm_norm_weighted,0.03663447344739777,0.5095463730465037,77.4304165167468,5.832040309906006
19,joint,actor_10_statement_01,lm_raw,0.04958830968159058,0.21258420536002876,78.5385949920555,0.7928027510643005
19,joint,actor_10_statement_01,lm_norm_weighted,0.03916708967432365,-0.06404466469521614,78.5385949920555,5.832040309906006
19,joint,actor_10_statement_02,lm_raw,0.027010365969053488,0.5024866735213541,80.74562833849677,0.7928027510643005
19,joint,actor_10_statement_02,lm_norm_weighted,0.028905214347686583,0.5492541161856872,80.74562833849677,5.832040309906006
19,joint,actor_11_statement_01,lm_raw,0.045624412546509265,0.8486958669799972,78.72118552686072,0.7928027510643005
19,joint,actor_11_statement_01,lm_norm_weighted,0.03535029228682032,0.870631622180112,78.72118552686072,5.832040309906006
19,joint,actor_11_statement_02,lm_raw,0.014387765744113646,0.8594956790602415,82.1053357796278,0.7928027510643005
19,joint,actor_11_statement_02,lm_norm_weighted,0.016628464149360297,0.8874029716023445,82.1053357796278,5.832040309906006
19,joint,actor_12_statement_01,lm_raw,0.05475928657593905,0.31819041219076005,74.48403094221753,0.7928027510643005
19,joint,actor_12_statement_01,lm_norm_weighted,0.0448054453326773,0.25269598225403617,74.48403094221753,5.832040309906006
19,joint,actor_12_statement_02,lm_raw,0.018285610248935,0.2446424095724003,80.50926496338575,0.7928027510643005
19,joint,actor_12_statement_02,lm_norm_weighted,0.020851862495752726,0.07145779164885617,80.50926496338575,5.832040309906006
19,joint,actor_13_statement_01,lm_raw,0.05156124191731416,0.8702886269569439,76.25392135450687,0.7928027510643005
19,joint,actor_13_statement_01,lm_norm_weighted,0.04271720304026687,0.6786261217898432,76.25392135450687,5.832040309906006
19,joint,actor_13_statement_02,lm_raw,0.02271802035638768,-0.8852373081830345,80.85616156931064,0.7928027510643005
19,joint,actor_13_statement_02,lm_norm_weighted,0.024777364408719593,-0.8742575127324791,80.85616156931064,5.832040309906006
19,joint,actor_14_statement_01,lm_raw,0.02606642874984322,0.18107423908192843,74.63463435854314,0.7928027510643005
19,joint,actor_14_statement_01,lm_norm_weighted,0.01609299953887881,0.10018544721167405,74.63463435854314,5.832040309906006
19,joint,actor_14_statement_02,lm_raw,0.021755938600315286,0.7742167357183458,81.11008973164203,0.7928027510643005
19,joint,actor_14_statement_02,lm_norm_weighted,0.025303272678239588,0.7799949469926466,81.11008973164203,5.832040309906006
19,joint,actor_15_statement_01,lm_raw,0.05031434764231922,0.7644680615065974,74.55080547019006,0.7928027510643005
19,joint,actor_15_statement_01,lm_norm_weighted,0.04151454553405717,0.7136979110419592,74.55080547019006,5.832040309906006
19,joint,actor_15_statement_02,lm_raw,0.025484956299265588,-0.0005811658925330157,76.6220490764526,0.7928027510643005
19,joint,actor_15_statement_02,lm_norm_weighted,0.028318128855894926,-0.0941191300060204,76.6220490764526,5.832040309906006
19,joint,actor_16_statement_01,lm_raw,0.039555265697230564,-0.07742927962982886,76.83899342153217,0.7928027510643005
19,joint,actor_16_statement_01,lm_norm_weighted,0.030657899244014512,-0.2702258020477274,76.83899342153217,5.832040309906006
19,joint,actor_16_statement_02,lm_raw,0.015648751783182698,-0.6924648299556936,80.33614365502387,0.7928027510643005
19,joint,actor_16_statement_02,lm_norm_weighted,0.017931910598662584,-0.6886945389666141,80.33614365502387,5.832040309906006
19,joint,actor_17_statement_01,lm_raw,0.05077836804219606,0.07753901268150071,77.97896840536733,0.7928027510643005
19,joint,actor_17_statement_01,lm_norm_weighted,0.04122922030768543,0.12994824351812595,77.97896840536733,5.832040309906006
19,joint,actor_17_statement_02,lm_raw,0.03651188034519366,0.5499217927209706,81.10532078382427,0.7928027510643005
19,joint,actor_17_statement_02,lm_norm_weighted,0.03822866794238988,0.45110624995027016,81.10532078382427,5.832040309906006
19,joint,actor_18_statement_01,lm_raw,0.05583538326221314,0.8703528708305137,76.30608280384361,0.7928027510643005
19,joint,actor_18_statement_01,lm_norm_weighted,0.04644078282573305,0.9081922445535612,76.30608280384361,5.832040309906006
19,joint,actor_18_statement_02,lm_raw,0.019578309380647946,-0.005072346212234215,76.32765549447772,0.7928027510643005
19,joint,actor_18_statement_02,lm_norm_weighted,0.02269343834261378,0.10547660433244174,76.32765549447772,5.832040309906006
19,joint,actor_19_statement_01,lm_raw,0.042814763521695186,0.9565546100715537,79.26487816877032,0.7928027510643005
19,joint,actor_19_statement_01,lm_norm_weighted,0.03264695397822531,0.9161994404945917,79.26487816877032,5.832040309906006
19,joint,actor_19_statement_02,lm_raw,0.016292423055734508,0.9410348717204252,82.33905534283784,0.7928027510643005
19,joint,actor_19_statement_02,lm_norm_weighted,0.019350663644061874,0.944470269928597,82.33905534283784,5.832040309906006
19,joint,actor_20_statement_01,lm_raw,0.046092268085832847,0.6932388881378215,79.91262269355104,0.7928027510643005
19,joint,actor_20_statement_01,lm_norm_weighted,0.03673554699295708,0.6929821637098068,79.91262269355104,5.832040309906006
19,joint,actor_20_statement_02,lm_raw,0.024387755677435716,0.1777495010304547,83.1846447395611,0.7928027510643005
19,joint,actor_20_statement_02,lm_norm_weighted,0.027063297696942733,0.23809383625143898,83.1846447395611,5.832040309906006
19,joint,actor_21_statement_01,lm_raw,0.057066198534156926,0.31000960700369035,73.2034780623017,0.7928027510643005
19,joint,actor_21_statement_01,lm_norm_weighted,0.04694430933273337,0.2654485924752379,73.2034780623017,5.832040309906006
19,joint,actor_21_statement_02,lm_raw,0.025772765109459365,-0.16754739568180185,83.6484450195133,0.7928027510643005
19,joint,actor_21_statement_02,lm_norm_weighted,0.028781844761125552,-0.12035592128961412,83.6484450195133,5.832040309906006
19,joint,actor_22_statement_01,lm_raw,0.047684846869511584,0.37491162723154975,77.41417845977357,0.7928027510643005
19,joint,actor_22_statement_01,lm_norm_weighted,0.038288649145822404,0.04470136360654531,77.41417845977357,5.832040309906006
19,joint,actor_22_statement_02,lm_raw,0.02240806367440332,-0.39457720613019476,82.83644619449224,0.7928027510643005
19,joint,actor_22_statement_02,lm_norm_weighted,0.025465428946081396,-0.45569137995460923,82.83644619449224,5.832040309906006
19,joint,actor_23_statement_01,lm_raw,0.03509365158486941,0.7728581374432789,78.99151051564209,0.7928027510643005
19,joint,actor_23_statement_01,lm_norm_weighted,0.0259864911929449,0.7267092972399781,78.99151051564209,5.832040309906006
19,joint,actor_23_statement_02,lm_raw,0.022834986051634025,0.6386470354783333,83.19696640855894,0.7928027510643005
19,joint,actor_23_statement_02,lm_norm_weighted,0.025563981826396524,0.6916303882995622,83.19696640855894,5.832040309906006
19,joint,actor_24_statement_01,lm_raw,0.040451336476862686,0.8157156277119647,78.69042553103033,0.7928027510643005
19,joint,actor_24_statement_01,lm_norm_weighted,0.03114099119100298,0.8085556671047328,78.69042553103033,5.832040309906006
19,joint,actor_24_statement_02,lm_raw,0.015565394515885,0.4102470724021532,76.37458984911515,0.7928027510643005
19,joint,actor_24_statement_02,lm_norm_weighted,0.01829457334817508,0.5042998143495173,76.37458984911515,5.832040309906006
20,speaker,actor_01_statement_None,lm_raw,0.012834357706789893,0.11094201137438421,77.68214734280131,0.7928027510643005
20,speaker,actor_01_statement_None,lm_norm_weighted,0.0155461727190608,0.10270729504351546,77.68214734280131,5.832040309906006
20,speaker,actor_02_statement_None,lm_raw,0.025449842169389704,-0.1426285919408437,79.85958706114867,0.7928027510643005
20,speaker,actor_02_statement_None,lm_norm_weighted,0.027821308716564682,-0.13671240269262455,79.85958706114867,5.832040309906006
20,speaker,actor_03_statement_None,lm_raw,0.0125399245524073,-0.5880802602306908,78.32941919135668,0.7928027510643005
20,speaker,actor_03_statement_None,lm_norm_weighted,0.01525284833644972,-0.5968931282048314,78.32941919135668,5.832040309906006
20,speaker,actor_04_statement_None,lm_raw,0.018675268817109306,0.0038542557488948186,78.55212475583261,0.7928027510643005
20,speaker,actor_04_statement_None,lm_norm_weighted,0.02086858813114323,0.01651775341752822,78.55212475583261,5.832040309906006
20,speaker,actor_05_statement_None,lm_raw,0.025577992958746288,-0.5549966140657491,78.09351568433854,0.7928027510643005
20,speaker,actor_05_statement_None,lm_norm_weighted,0.02827392731437905,-0.5669444441728365,78.09351568433854,5.832040309906006
20,speaker,actor_06_statement_None,lm_raw,0.01781114115088654,0.22578077119164092,79.13920478956338,0.7928027510643005
20,speaker,actor_06_statement_None,lm_norm_weighted,0.019256140645685288,0.23415856647795816,79.13920478956338,5.832040309906006
20,speaker,actor_07_statement_None,lm_raw,0.016958687871571405,-0.3138841388997158,80.64951391228817,0.7928027510643005
20,speaker,actor_07_statement_None,lm_norm_weighted,0.019705768235500843,-0.29857288774095947,80.64951391228817,5.832040309906006
20,speaker,actor_08_statement_None,lm_raw,0.01333668949424334,0.019580824598542688,79.4810153099973,0.7928027510643005
20,speaker,actor_08_statement_None,lm_norm_weighted,0.01650744356047367,0.090754131782513,79.4810153099973,5.832040309906006
20,speaker,actor_09_statement_None,lm_raw,0.007094073473782826,0.38429818369167024,78.78113509584006,0.7928027510643005
20,speaker,actor_09_statement_None,lm_norm_weighted,0.009605069689675207,0.37797919619105197,78.78113509584006,5.832040309906006
20,speaker,actor_10_statement_None,lm_raw,0.018298672088520814,-0.874101500493705,80.39983571752768,0.7928027510643005
20,speaker,actor_10_statement_None,lm_norm_weighted,0.02023913095669129,-0.8999470456120076,80.39983571752768,5.832040309906006
20,speaker,actor_11_statement_None,lm_raw,0.016476061431695437,0.21019025687009904,79.16627208044406,0.7928027510643005
20,speaker,actor_11_statement_None,lm_norm_weighted,0.019493310112934065,0.2087446555044507,79.16627208044406,5.832040309906006
20,speaker,actor_12_statement_None,lm_raw,0.023370263768240508,-0.11319047793345198,78.28588431394277,0.7928027510643005
20,speaker,actor_12_statement_None,lm_norm_weighted,0.024958940282736885,-0.11246881617486269,78.28588431394277,5.832040309906006
20,speaker,actor_13_statement_None,lm_raw,0.016466801959710536,0.07974310567982651,78.3647716382169,0.7928027510643005
20,speaker,actor_13_statement_None,lm_norm_weighted,0.01876837534510469,0.06622222055497029,78.3647716382169,5.832040309906006
20,speaker,actor_14_statement_None,lm_raw,0.02057732834044271,-0.613450319292058,79.14266299813208,0.7928027510643005
20,speaker,actor_14_statement_None,lm_norm_weighted,0.022818442405635256,-0.6040214014630454,79.14266299813208,5.832040309906006
20,speaker,actor_15_statement_None,lm_raw,0.02230940719376378,0.8356871432171467,79.32749366883067,0.7928027510643005
20,speaker,actor_15_statement_None,lm_norm_weighted,0.024790934888456163,0.8325546377947887,79.32749366883067,5.832040309906006
20,speaker,actor_16_statement_None,lm_raw,0.03469390304379076,-0.3253117415116834,78.1993636268808,0.7928027510643005
20,speaker,actor_16_statement_None,lm_norm_weighted,0.036046181130851986,-0.3124982882861711,78.1993636268808,5.832040309906006
20,speaker,actor_17_statement_None,lm_raw,0.010238669464661685,-0.29381844392872747,77.87692394766466,0.7928027510643005
20,speaker,actor_17_statement_None,lm_norm_weighted,0.014388551753022926,-0.29193501110529624,77.87692394766466,5.832040309906006
20,speaker,actor_18_statement_None,lm_raw,0.03703189095028212,-0.10876966637388505,78.74762542068933,0.7928027510643005
20,speaker,actor_18_statement_None,lm_norm_weighted,0.04119465834324883,-0.08684295241522247,78.74762542068933,5.832040309906006
20,speaker,actor_19_statement_None,lm_raw,0.018388289282310122,0.4491202287003613,78.65198509764413,0.7928027510643005
20,speaker,actor_19_statement_None,lm_norm_weighted,0.020706105906232394,0.4614089065415683,78.65198509764413,5.832040309906006
20,speaker,actor_20_statement_None,lm_raw,0.017209953925211883,0.0689629802701432,79.10603436173852,0.7928027510643005
20,speaker,actor_20_statement_None,lm_norm_weighted,0.020988786052363116,-0.025479913465485067,79.10603436173852,5.832040309906006
20,speaker,actor_21_statement_None,lm_raw,0.016332910668984808,-0.07431184590536452,79.03292276231585,0.7928027510643005
20,speaker,actor_21_statement_None,lm_norm_weighted,0.01836793937124157,-0.07344968613743638,79.03292276231585,5.832040309906006
20,speaker,actor_22_statement_None,lm_raw,0.02212330532982893,0.13971241958061348,78.58810138817147,0.7928027510643005
20,speaker,actor_22_statement_None,lm_norm_weighted,0.023977295599574795,0.1271756487438548,78.58810138817147,5.832040309906006
20,speaker,actor_23_statement_None,lm_raw,0.019725600432133242,-0.5478426079015999,80.23777724692167,0.7928027510643005
20,speaker,actor_23_statement_None,lm_norm_weighted,0.02257236797868941,-0.5310905811448249,80.23777724692167,5.832040309906006
20,speaker,actor_24_statement_None,lm_raw,0.015695536541952094,-0.58972923256684,77.3838357763783,0.7928027510643005
20,speaker,actor_24_statement_None,lm_norm_weighted,0.016151653089653193,-0.5737958800739621,77.3838357763783,5.832040309906006
20,statement,actor_None_statement_01,lm_raw,-0.009492454545108142,-0.41519727915739807,64.74903590300757,0.7928027510643005
20,statement,actor_None_statement_01,lm_norm_weighted,-0.007228989034320937,-0.40527733600627625,64.74903590300757,5.832040309906006
20,statement,actor_None_statement_02,lm_raw,-0.0018453270342700353,0.6817944398912443,58.053155602127035,0.7928027510643005
20,statement,actor_None_statement_02,lm_norm_weighted,-0.0016799683872690447,0.6725081489117485,58.053155602127035,5.832040309906006
20,joint,actor_01_statement_01,lm_raw,-0.02108385459756558,0.18102534290660524,60.3934063347057,0.7928027510643005
20,joint,actor_01_statement_01,lm_norm_weighted,-0.019507581757624803,0.1714181511741453,60.3934063347057,5.832040309906006
20,joint,actor_01_statement_02,lm_raw,-0.0028098906168257994,0.3040130141762876,57.148305135016,0.7928027510643005
20,joint,actor_01_statement_02,lm_norm_weighted,-0.0027311670429787365,0.27500267053975463,57.148305135016,5.832040309906006
20,joint,actor_02_statement_01,lm_raw,-0.008018251796569443,-0.5377560291652858,64.03098168054039,0.7928027510643005
20,joint,actor_02_statement_01,lm_norm_weighted,-0.005646081223088057,-0.5371524428987577,64.03098168054039,5.832040309906006
20,joint,actor_02_statement_02,lm_raw,0.00540090978302666,0.9001034728682481,56.19796322691193,0.7928027510643005
20,joint,actor_02_statement_02,lm_norm_weighted,0.00601958936142851,0.8863785994525687,56.19796322691193,5.832040309906006
20,joint,actor_03_statement_01,lm_raw,-0.012741072882848484,-0.4696719614457475,63.56905808814726,0.7928027510643005
20,joint,actor_03_statement_01,lm_norm_weighted,-0.010430490298073776,-0.3563252195442842,63.56905808814726,5.832040309906006
20,joint,actor_03_statement_02,lm_raw,-0.024708551745942303,-0.20023466140513252,55.76868579819357,0.7928027510643005
20,joint,actor_03_statement_02,lm_norm_weighted,-0.022938202964536723,-0.252121594129879,55.76868579819357,5.832040309906006
20,joint,actor_04_statement_01,lm_raw,-0.014466640873187804,-0.49139751318855823,63.54251587294739,0.7928027510643005
20,joint,actor_04_statement_01,lm_norm_weighted,-0.012196706248155784,-0.5000964263239598,63.54251587294739,5.832040309906006
20,joint,actor_04_statement_02,lm_raw,-0.005412732011547215,0.05383508759908257,56.75852382413559,0.7928027510643005
20,joint,actor_04_statement_02,lm_norm_weighted,-0.005366942844250749,0.032308686858026736,56.75852382413559,5.832040309906006
20,joint,actor_05_statement_01,lm_raw,-0.006361328863422585,-0.9518612455816092,62.93059760006847,0.7928027510643005
20,joint,actor_05_statement_01,lm_norm_weighted,-0.004079060999284679,-0.9641824496011208,62.93059760006847,5.832040309906006
20,joint,actor_05_statement_02,lm_raw,-0.005053885185160766,0.8450566068142703,56.49838751907556,0.7928027510643005
20,joint,actor_05_statement_02,lm_norm_weighted,-0.0040723744026897124,0.8153200762117867,56.49838751907556,5.832040309906006
20,joint,actor_06_statement_01,lm_raw,-0.00023700519472330317,-0.926219885069496,63.07820682284854,0.7928027510643005
20,joint,actor_06_statement_01,lm_norm_weighted,0.00152626628729432,-0.9583037109738362,63.07820682284854,5.832040309906006
20,joint,actor_06_statement_02,lm_raw,0.0005551437539680467,0.8848305347490671,56.61827965888213,0.7928027510643005
20,joint,actor_06_statement_02,lm_norm_weighted,0.00046371700437101016,0.8768301290229839,56.61827965888213,5.832040309906006
20,joint,actor_07_statement_01,lm_raw,-0.01628765121265449,-0.8242863824241858,64.16863659132687,0.7928027510643005
20,joint,actor_07_statement_01,lm_norm_weighted,-0.01386671806132901,-0.7312419480359046,64.16863659132687,5.832040309906006
20,joint,actor_07_statement_02,lm_raw,0.00313698133834527,0.4852366378384989,57.57511586394026,0.7928027510643005
20,joint,actor_07_statement_02,lm_norm_weighted,0.003711829653073632,0.5078108171089547,57.57511586394026,5.832040309906006
20,joint,actor_08_statement_01,lm_raw,-0.008138155584498872,0.28536864167702924,65.61506482779846,0.7928027510643005
20,joint,actor_08_statement_01,lm_norm_weighted,-0.005895621240993327,0.028342169564566692,65.61506482779846,5.832040309906006
20,joint,actor_08_statement_02,lm_raw,-0.0075748091298220846,0.8168322670224194,57.13009230473802,0.7928027510643005
20,joint,actor_08_statement_02,lm_norm_weighted,-0.007657176411941357,0.8157769973397532,57.13009230473802,5.832040309906006
20,joint,actor_09_statement_01,lm_raw,-0.016802502305746363,-0.893960677662713,64.20599510119645,0.7928027510643005
20,joint,actor_09_statement_01,lm_norm_weighted,-0.015394659533024156,-0.9080961695870793,64.20599510119645,5.832040309906006
20,joint,actor_09_statement_02,lm_raw,-0.018251290692315847,0.9185904418536016,55.866049688643,0.7928027510643005
20,joint,actor_09_statement_02,lm_norm_weighted,-0.01791755189360148,0.9040754993621817,55.866049688643,5.832040309906006
20,joint,actor_10_statement_01,lm_raw,-0.007387462682989614,0.10620696736794374,65.33441302964104,0.7928027510643005
20,joint,actor_10_statement_01,lm_norm_weighted,-0.005011445753654276,0.06783453552332137,65.33441302964104,5.832040309906006
20,joint,actor_10_statement_02,lm_raw,-0.00107849807484559,0.932581205461354,56.828945172854894,0.7928027510643005
20,joint,actor_10_statement_02,lm_norm_weighted,-0.0018671706610345925,0.9158078087723456,56.828945172854894,5.832040309906006
20,joint,actor_11_statement_01,lm_raw,-0.021734705256543894,0.6475288586156067,63.16705624103352,0.7928027510643005
20,joint,actor_11_statement_01,lm_norm_weighted,-0.018958406354646934,0.5899372404189904,63.16705624103352,5.832040309906006
20,joint,actor_11_statement_02,lm_raw,0.0002017481992884683,0.7939911267086147,57.39015183643645,0.7928027510643005
20,joint,actor_11_statement_02,lm_norm_weighted,0.0006345715960969465,0.8370964214681906,57.39015183643645,5.832040309906006
20,joint,actor_12_statement_01,lm_raw,-0.011584438518219482,0.7171121408781559,62.7973426704241,0.7928027510643005
20,joint,actor_12_statement_01,lm_norm_weighted,-0.008407154673092582,0.6882275010911979,62.7973426704241,5.832040309906006
20,joint,actor_12_statement_02,lm_raw,-0.005526469726395001,0.39199261332113366,56.873073103200895,0.7928027510643005
20,joint,actor_12_statement_02,lm_norm_weighted,-0.005111745239309497,0.4435143318834616,56.873073103200895,5.832040309906006
20,joint,actor_13_statement_01,lm_raw,-0.010048431028583308,-0.8742263410789253,62.828710621532,0.7928027510643005
20,joint,actor_13_statement_01,lm_norm_weighted,-0.007798698995251349,-0.8254131059280863,62.828710621532,5.832040309906006
20,joint,actor_13_statement_02,lm_raw,7.309289194415635e-05,0.9833773242765314,56.12747061758792,0.7928027510643005
20,joint,actor_13_statement_02,lm_norm_weighted,-0.0006032087826922981,0.9696335336431195,56.12747061758792,5.832040309906006
20,joint,actor_14_statement_01,lm_raw,-0.010361843561337255,-0.46024347294822965,64.06151649413863,0.7928027510643005
20,joint,actor_14_statement_01,lm_norm_weighted,-0.008709611760921328,-0.49271777771032166,64.06151649413863,5.832040309906006
20,joint,actor_14_statement_02,lm_raw,-0.000296936715670834,0.5403459510457942,56.641004147894826,0.7928027510643005
20,joint,actor_14_statement_02,lm_norm_weighted,-0.0007056141910189419,0.5225259873112795,56.641004147894826,5.832040309906006
20,joint,actor_15_statement_01,lm_raw,-0.012504479982766362,-0.9252487714006611,63.900910080729,0.7928027510643005
20,joint,actor_15_statement_01,lm_norm_weighted,-0.010848097748671253,-0.9186719975807333,63.900910080729,5.832040309906006
20,joint,actor_15_statement_02,lm_raw,-0.00852337944011347,0.6119541262650803,57.81365049725115,0.7928027510643005
20,joint,actor_15_statement_02,lm_norm_weighted,-0.007936410857088273,0.5322554140921283,57.81365049725115,5.832040309906006
20,joint,actor_16_statement_01,lm_raw,0.015513561785296129,-0.24931528359712962,60.49182045310629,0.7928027510643005
20,joint,actor_16_statement_01,lm_norm_weighted,0.016435474043531812,-0.32010721582823565,60.49182045310629,5.832040309906006
20,joint,actor_16_statement_02,lm_raw,-0.0009509487298564858,0.59963135752574,55.33716624315917,0.7928027510643005
20,joint,actor_16_statement_02,lm_norm_weighted,-0.001791256798434518,0.5274491738573476,55.33716624315917,5.832040309906006
20,joint,actor_17_statement_01,lm_raw,-0.002859212944624405,-0.13414109489631887,63.42670096055387,0.7928027510643005
20,joint,actor_17_statement_01,lm_norm_weighted,0.0002597173900035253,-0.12218245213543266,63.42670096055387,5.832040309906006
20,joint,actor_17_statement_02,lm_raw,0.0062008325391008775,0.9732235375360386,55.16284614950176,0.7928027510643005
20,joint,actor_17_statement_02,lm_norm_weighted,0.006802564615569941,0.962834096609433,55.16284614950176,5.832040309906006
20,joint,actor_18_statement_01,lm_raw,-0.015962968428855324,-0.8091526564728196,67.1000185305004,0.7928027510643005
20,joint,actor_18_statement_01,lm_norm_weighted,-0.013682395867518543,-0.6785331063203877,67.1000185305004,5.832040309906006
20,joint,actor_18_statement_02,lm_raw,0.04300107495504601,0.9238589598016715,54.17318775685251,0.7928027510643005
20,joint,actor_18_statement_02,lm_norm_weighted,0.042878662433360915,0.924867179149716,54.17318775685251,5.832040309906006
20,joint,actor_19_statement_01,lm_raw,-0.00033451049982259254,0.16757281515624559,62.190624773878234,0.7928027510643005
20,joint,actor_19_statement_01,lm_norm_weighted,0.0018201937011016831,0.283078673106527,62.190624773878234,5.832040309906006
20,joint,actor_19_statement_02,lm_raw,-0.004717793615453283,0.9850060229930432,56.663520602027795,0.7928027510643005
20,joint,actor_19_statement_02,lm_norm_weighted,-0.0047759209365226185,0.9687915019614677,56.663520602027795,5.832040309906006
20,joint,actor_20_statement_01,lm_raw,-0.015972793651895988,0.9061083112521097,65.19276687421299,0.7928027510643005
20,joint,actor_20_statement_01,lm_norm_weighted,-0.014376257201213521,0.9451530462069077,65.19276687421299,5.832040309906006
20,joint,actor_20_statement_02,lm_raw,-0.0037080459057431984,0.9445531497167091,58.70683131102509,0.7928027510643005
20,joint,actor_20_statement_02,lm_norm_weighted,-0.0033981140497151806,0.9168173897238425,58.70683131102509,5.832040309906006
20,joint,actor_21_statement_01,lm_raw,-0.010543825042494119,-0.7696268000732158,62.085093639098865,0.7928027510643005
20,joint,actor_21_statement_01,lm_norm_weighted,-0.00949753237787178,-0.8029001379059751,62.085093639098865,5.832040309906006
20,joint,actor_21_statement_02,lm_raw,-0.008443140340122774,0.20925022966809415,57.1305634979975,0.7928027510643005
20,joint,actor_21_statement_02,lm_norm_weighted,-0.009019740417820001,0.19052753884727885,57.1305634979975,5.832040309906006
20,joint,actor_22_statement_01,lm_raw,-0.00588730389214159,0.6425820252963838,62.94581548153086,0.7928027510643005
20,joint,actor_22_statement_01,lm_norm_weighted,-0.003907311839449698,0.6174766931911371,62.94581548153086,5.832040309906006
20,joint,actor_22_statement_02,lm_raw,-0.0035035690768858963,0.825406817825684,56.24848229273875,0.7928027510643005
20,joint,actor_22_statement_02,lm_norm_weighted,-0.004000988336653028,0.8158100598994412,56.24848229273875,5.832040309906006
20,joint,actor_23_statement_01,lm_raw,-0.009272981034934638,-0.7375597421990462,64.92990755325798,0.7928027510643005
20,joint,actor_23_statement_01,lm_norm_weighted,-0.007019538273670457,-0.7495552470696378,64.92990755325798,5.832040309906006
20,joint,actor_23_statement_02,lm_raw,0.0012536087729715238,0.9272289730247578,57.22089025391202,0.7928027510643005
20,joint,actor_23_statement_02,lm_norm_weighted,0.0014175437878171553,0.9090149984144381,57.22089025391202,5.832040309906006
20,joint,actor_24_statement_01,lm_raw,-0.01463150654691612,-0.8842533628958367,62.59447520704712,0.7928027510643005
20,joint,actor_24_statement_01,lm_norm_weighted,-0.01266852935077735,-0.8801774903987146,62.59447520704712,5.832040309906006
20,joint,actor_24_statement_02,lm_raw,-0.002391633728008751,-0.9717215362680801,55.798831253737795,0.7928027510643005
20,joint,actor_24_statement_02,lm_norm_weighted,-0.0027554338865138465,-0.9184324565050044,55.798831253737795,5.832040309906006
21,speaker,actor_01_statement_None,lm_raw,-0.009008745256683687,-0.39713132258835654,40.990088421596795,0.7928027510643005
21,speaker,actor_01_statement_None,lm_norm_weighted,-0.01437296293112177,-0.4001698938838564,40.990088421596795,5.832040309906006
21,speaker,actor_02_statement_None,lm_raw,0.005248575957687197,0.6612943828170836,42.60859192330764,0.7928027510643005
21,speaker,actor_02_statement_None,lm_norm_weighted,0.0017402839957107112,0.6619409740302136,42.60859192330764,5.832040309906006
21,speaker,actor_03_statement_None,lm_raw,0.006225356399648833,0.0913334102894987,41.06626914864622,0.7928027510643005
21,speaker,actor_03_statement_None,lm_norm_weighted,0.0018121092487508649,0.09079106810934781,41.06626914864622,5.832040309906006
21,speaker,actor_04_statement_None,lm_raw,-0.00254553577223871,0.1991063727271359,42.16146245609818,0.7928027510643005
21,speaker,actor_04_statement_None,lm_norm_weighted,-0.006570719556050706,0.1970705829647973,42.16146245609818,5.832040309906006
21,speaker,actor_05_statement_None,lm_raw,0.002670524783852859,-0.22110404822612972,41.978504198898264,0.7928027510643005
21,speaker,actor_05_statement_None,lm_norm_weighted,-0.0021590423904894176,-0.21853807040530668,41.978504198898264,5.832040309906006
21,speaker,actor_06_statement_None,lm_raw,-0.00047968900804557836,0.05798695271582272,41.997519636216296,0.7928027510643005
21,speaker,actor_06_statement_None,lm_norm_weighted,-0.00415345419463693,0.05817359481413662,41.997519636216296,5.832040309906006
21,speaker,actor_07_statement_None,lm_raw,0.007379968492454881,0.43869475081912285,41.839168544804146,0.7928027510643005
21,speaker,actor_07_statement_None,lm_norm_weighted,0.0036680054104489875,0.43532012342667903,41.839168544804146,5.832040309906006
21,speaker,actor_08_statement_None,lm_raw,0.0038486328797275146,0.7446570010253624,42.79676809486288,0.7928027510643005
21,speaker,actor_08_statement_None,lm_norm_weighted,-0.0012569706100151352,0.7428560762515858,42.79676809486288,5.832040309906006
21,speaker,actor_09_statement_None,lm_raw,0.0049722383392445104,-0.617261410718147,42.36625580709502,0.7928027510643005
21,speaker,actor_09_statement_None,lm_norm_weighted,0.0010071733697947318,-0.6142783841469264,42.36625580709502,5.832040309906006
21,speaker,actor_10_statement_None,lm_raw,-0.004096915490307568,0.39356938143738623,43.66003698541437,0.7928027510643005
21,speaker,actor_10_statement_None,lm_norm_weighted,-0.0072715189278048705,0.3935206970912623,43.66003698541437,5.832040309906006
21,speaker,actor_11_statement_None,lm_raw,-0.0032788365114060315,-0.029539468735816626,42.583985809504206,0.7928027510643005
21,speaker,actor_11_statement_None,lm_norm_weighted,-0.007154557763443155,-0.03780800617591868,42.583985809504206,5.832040309906006
21,speaker,actor_12_statement_None,lm_raw,-0.0023332017767606116,0.608909981881083,41.77146484636565,0.7928027510643005
21,speaker,actor_12_statement_None,lm_norm_weighted,-0.00506413002219416,0.6090974205861962,41.77146484636565,5.832040309906006
21,speaker,actor_13_statement_None,lm_raw,-0.0024018641873902887,0.503091700934923,41.80171865464974,0.7928027510643005
21,speaker,actor_13_statement_None,lm_norm_weighted,-0.005379819623310309,0.5019421301626023,41.80171865464974,5.832040309906006
21,speaker,actor_14_statement_None,lm_raw,-0.005937293394372707,0.31538645253899134,42.07857942680696,0.7928027510643005
21,speaker,actor_14_statement_None,lm_norm_weighted,-0.010830661690785823,0.31497094836664324,42.07857942680696,5.832040309906006
21,speaker,actor_15_statement_None,lm_raw,0.001366461469699241,-0.4474213181208183,42.440082317799245,0.7928027510643005
21,speaker,actor_15_statement_None,lm_norm_weighted,-0.003296494424988067,-0.44178417464606845,42.440082317799245,5.832040309906006
21,speaker,actor_16_statement_None,lm_raw,0.002463953011233441,0.2499499359804956,41.93213534852353,0.7928027510643005
21,speaker,actor_16_statement_None,lm_norm_weighted,-0.0016743953437330333,0.24395384995720917,41.93213534852353,5.832040309906006
21,speaker,actor_17_statement_None,lm_raw,0.004739195918737985,-0.6460241954008914,41.755515909376925,0.7928027510643005
21,speaker,actor_17_statement_None,lm_norm_weighted,0.00015850736162405614,-0.6559979560670288,41.755515909376925,5.832040309906006
21,speaker,actor_18_statement_None,lm_raw,-0.004287484832003223,0.3119185764581209,43.27658606487436,0.7928027510643005
21,speaker,actor_18_statement_None,lm_norm_weighted,-0.007657598762934398,0.3339500885106729,43.27658606487436,5.832040309906006
21,speaker,actor_19_statement_None,lm_raw,0.006901195371101055,0.15479356584967657,42.10386935367292,0.7928027510643005
21,speaker,actor_19_statement_None,lm_norm_weighted,0.0027114227334501754,0.13906486149025493,42.10386935367292,5.832040309906006
21,speaker,actor_20_statement_None,lm_raw,-0.004962445963387772,-0.02376002338045309,42.87321502518162,0.7928027510643005
21,speaker,actor_20_statement_None,lm_norm_weighted,-0.00984751330678153,-0.029036878248744763,42.87321502518162,5.832040309906006
21,speaker,actor_21_statement_None,lm_raw,0.0010655050316074758,-0.06626960244660594,42.548857328662145,0.7928027510643005
21,speaker,actor_21_statement_None,lm_norm_weighted,-0.0036256922641598258,-0.06686967013450125,42.548857328662145,5.832040309906006
21,speaker,actor_22_statement_None,lm_raw,0.006618555662010165,-0.17798863083183852,41.967311152806026,0.7928027510643005
21,speaker,actor_22_statement_None,lm_norm_weighted,0.0016340561958874242,-0.18303872663540366,41.967311152806026,5.832040309906006
21,speaker,actor_23_statement_None,lm_raw,0.007795324209816051,-0.27818364755115754,42.088133719943215,0.7928027510643005
21,speaker,actor_23_statement_None,lm_norm_weighted,0.004242024498550103,-0.27202551594414126,42.088133719943215,5.832040309906006
21,speaker,actor_24_statement_None,lm_raw,-0.013461732510849613,-0.01221260366681534,40.43097071185907,0.7928027510643005
21,speaker,actor_24_statement_None,lm_norm_weighted,-0.018280174788642717,-0.01448821179040834,40.43097071185907,5.832040309906006
21,statement,actor_None_statement_01,lm_raw,0.02483314092370985,-0.8054784889765989,51.487992447541956,0.7928027510643005
21,statement,actor_None_statement_01,lm_norm_weighted,0.02267866455239769,-0.7969206599445944,51.487992447541956,5.832040309906006
21,statement,actor_None_statement_02,lm_raw,-0.02400943722508103,-0.12373324928999005,30.58732068929829,0.7928027510643005
21,statement,actor_None_statement_02,lm_norm_weighted,-0.02556603761303813,-0.11444529760234044,30.58732068929829,5.832040309906006
21,joint,actor_01_statement_01,lm_raw,0.02442578125189513,-0.9496940067575442,48.157854920767456,0.7928027510643005
21,joint,actor_01_statement_01,lm_norm_weighted,0.02231871324008654,-0.9509165289251718,48.157854920767456,5.832040309906006
21,joint,actor_01_statement_02,lm_raw,-0.023765616232362403,-0.962880066740211,29.62365177373918,0.7928027510643005
21,joint,actor_01_statement_02,lm_norm_weighted,-0.02578604035995791,-0.9621936634038276,29.62365177373918,5.832040309906006
21,joint,actor_02_statement_01,lm_raw,0.03350336323460283,-0.9712032090540056,50.09990632457825,0.7928027510643005
21,joint,actor_02_statement_01,lm_norm_weighted,0.0319035805112705,-0.9744374283822218,50.09990632457825,5.832040309906006
21,joint,actor_02_statement_02,lm_raw,-0.021861597409591645,-0.6973584722256284,30.233784378678767,0.7928027510643005
21,joint,actor_02_statement_02,lm_norm_weighted,-0.0230200489222024,-0.5661237882684607,30.233784378678767,5.832040309906006
21,joint,actor_03_statement_01,lm_raw,0.024982614119742275,-0.303015201822229,50.58348833385731,0.7928027510643005
21,joint,actor_03_statement_01,lm_norm_weighted,0.022652761243783598,-0.28898957771147593,50.58348833385731,5.832040309906006
21,joint,actor_03_statement_02,lm_raw,-0.028809462937686783,-0.7465482952657954,28.571185960716072,0.7928027510643005
21,joint,actor_03_statement_02,lm_norm_weighted,-0.030361835688111277,-0.730646442223741,28.571185960716072,5.832040309906006
21,joint,actor_04_statement_01,lm_raw,0.03965937386733031,-0.14079593380607575,49.86853705373766,0.7928027510643005
21,joint,actor_04_statement_01,lm_norm_weighted,0.03654093386934565,-0.1353537866582175,49.86853705373766,5.832040309906006
21,joint,actor_04_statement_02,lm_raw,-0.0289894202133335,-0.35547834603777534,30.119337337245728,0.7928027510643005
21,joint,actor_04_statement_02,lm_norm_weighted,-0.0300788884017568,-0.2967774417457602,30.119337337245728,5.832040309906006
21,joint,actor_05_statement_01,lm_raw,0.018245753800791593,-0.9938361026306602,48.97399471393776,0.7928027510643005
21,joint,actor_05_statement_01,lm_norm_weighted,0.014012568254523234,-0.9984134700231495,48.97399471393776,5.832040309906006
21,joint,actor_05_statement_02,lm_raw,-0.02470588331508996,-0.8395089316884743,29.76003996565272,0.7928027510643005
21,joint,actor_05_statement_02,lm_norm_weighted,-0.025617642557327784,-0.6602009677095175,29.76003996565272,5.832040309906006
21,joint,actor_06_statement_01,lm_raw,0.02657327982455093,-0.33548808390414475,50.613035134789286,0.7928027510643005
21,joint,actor_06_statement_01,lm_norm_weighted,0.02475206090393887,-0.34733657145117747,50.613035134789286,5.832040309906006
21,joint,actor_06_statement_02,lm_raw,-0.023589989510888493,-0.9721000030928288,30.22892666021845,0.7928027510643005
21,joint,actor_06_statement_02,lm_norm_weighted,-0.025148137610635824,-0.9758117645729119,30.22892666021845,5.832040309906006
21,joint,actor_07_statement_01,lm_raw,0.02450346177122966,-0.9052496416889879,50.91348355928684,0.7928027510643005
21,joint,actor_07_statement_01,lm_norm_weighted,0.02290821497606604,-0.9622169733373885,50.91348355928684,5.832040309906006
21,joint,actor_07_statement_02,lm_raw,-0.01176111151633791,0.9231955210104935,29.656982820983913,0.7928027510643005
21,joint,actor_07_statement_02,lm_norm_weighted,-0.014458742138773437,0.9332451303595087,29.656982820983913,5.832040309906006
21,joint,actor_08_statement_01,lm_raw,0.03139635652274067,-0.9939163108304928,52.51498783327008,0.7928027510643005
21,joint,actor_08_statement_01,lm_norm_weighted,0.029495849530375613,-0.990958977540052,52.51498783327008,5.832040309906006
21,joint,actor_08_statement_02,lm_raw,-0.025430755690658967,-0.9209166421869843,29.792219298791423,0.7928027510643005
21,joint,actor_08_statement_02,lm_norm_weighted,-0.028143885715853734,-0.9278400384101559,29.792219298791423,5.832040309906006
21,joint,actor_09_statement_01,lm_raw,0.027829397167681205,0.7337806894710125,51.50890900931447,0.7928027510643005
21,joint,actor_09_statement_01,lm_norm_weighted,0.025497251009650685,0.6372091701389614,51.50890900931447,5.832040309906006
21,joint,actor_09_statement_02,lm_raw,-0.025227630844384216,-0.2554935820154328,29.237493301915247,0.7928027510643005
21,joint,actor_09_statement_02,lm_norm_weighted,-0.02658883686469635,-0.25901288672878525,29.237493301915247,5.832040309906006
21,joint,actor_10_statement_01,lm_raw,0.025269222430343016,-0.557786558992039,51.338739711098455,0.7928027510643005
21,joint,actor_10_statement_01,lm_norm_weighted,0.023805104707054957,-0.5974371827527467,51.338739711098455,5.832040309906006
21,joint,actor_10_statement_02,lm_raw,-0.023715355827847368,0.28260665967199233,30.49151614309896,0.7928027510643005
21,joint,actor_10_statement_02,lm_norm_weighted,-0.025530892055736838,0.33231154701894255,30.49151614309896,5.832040309906006
21,joint,actor_11_statement_01,lm_raw,0.02893271442832496,-0.9674718312131961,48.33971621946625,0.7928027510643005
21,joint,actor_11_statement_01,lm_norm_weighted,0.026465725625626994,-0.9692063677701561,48.33971621946625,5.832040309906006
21,joint,actor_11_statement_02,lm_raw,-0.026809587380328775,0.5490090746094181,29.92268020265025,0.7928027510643005
21,joint,actor_11_statement_02,lm_norm_weighted,-0.028619432756695862,0.16014882464863103,29.92268020265025,5.832040309906006
21,joint,actor_12_statement_01,lm_raw,0.011937833151901112,-0.8749280162175807,48.834114380105305,0.7928027510643005
21,joint,actor_12_statement_01,lm_norm_weighted,0.01100787449115477,-0.8537322343101319,48.834114380105305,5.832040309906006
21,joint,actor_12_statement_02,lm_raw,-0.0200014442005473,-0.8563945520431242,29.971685823319728,0.7928027510643005
21,joint,actor_12_statement_02,lm_norm_weighted,-0.02139038328125421,-0.9299386391449151,29.971685823319728,5.832040309906006
21,joint,actor_13_statement_01,lm_raw,0.01872803168154141,-0.5858411604091968,47.97538249397483,0.7928027510643005
21,joint,actor_13_statement_01,lm_norm_weighted,0.017158751143044545,-0.5562460584260621,47.97538249397483,5.832040309906006
21,joint,actor_13_statement_02,lm_raw,-0.022689957792981028,-0.9280890506822013,30.414199965015865,0.7928027510643005
21,joint,actor_13_statement_02,lm_norm_weighted,-0.024280785261742096,-0.9585168079115013,30.414199965015865,5.832040309906006
21,joint,actor_14_statement_01,lm_raw,0.02517788974591633,-0.9053950991206079,50.824754930906316,0.7928027510643005
21,joint,actor_14_statement_01,lm_norm_weighted,0.02177143610452582,-0.9096932874445833,50.824754930906316,5.832040309906006
21,joint,actor_14_statement_02,lm_raw,-0.03079803096949561,0.7188541246431793,29.30365771230777,0.7928027510643005
21,joint,actor_14_statement_02,lm_norm_weighted,-0.03298930348385222,0.7977092189793094,29.30365771230777,5.832040309906006
21,joint,actor_15_statement_01,lm_raw,0.02816644207870782,-0.9087166707493242,50.440807116249616,0.7928027510643005
21,joint,actor_15_statement_01,lm_norm_weighted,0.025972453647819107,-0.9099516571794268,50.440807116249616,5.832040309906006
21,joint,actor_15_statement_02,lm_raw,-0.017399723945379735,0.64448196380511,30.263028157347424,0.7928027510643005
21,joint,actor_15_statement_02,lm_norm_weighted,-0.01845324412687955,0.5830418340867717,30.263028157347424,5.832040309906006
21,joint,actor_16_statement_01,lm_raw,0.010000658921918572,-0.9975565782218254,50.016497666531784,0.7928027510643005
21,joint,actor_16_statement_01,lm_norm_weighted,0.009005776765165504,-0.9997145187812297,50.016497666531784,5.832040309906006
21,joint,actor_16_statement_02,lm_raw,-0.014260412260697098,-0.27210204922019215,29.34239930284671,0.7928027510643005
21,joint,actor_16_statement_02,lm_norm_weighted,-0.016774207198365906,-0.4076940232973382,29.34239930284671,5.832040309906006
21,joint,actor_17_statement_01,lm_raw,0.02412826002065568,-0.6694579756403913,50.447585745340206,0.7928027510643005
21,joint,actor_17_statement_01,lm_norm_weighted,0.022268350414122937,-0.6724821772938131,50.447585745340206,5.832040309906006
21,joint,actor_17_statement_02,lm_raw,-0.00706377425931495,0.8073520188454746,28.453108552624986,0.7928027510643005
21,joint,actor_17_statement_02,lm_norm_weighted,-0.008179392023172147,0.8429569600267578,28.453108552624986,5.832040309906006
21,joint,actor_18_statement_01,lm_raw,0.0023579996521403096,-0.957236546005826,53.64492110808373,0.7928027510643005
21,joint,actor_18_statement_01,lm_norm_weighted,0.0003024826201650403,-0.9544046441307732,53.64492110808373,5.832040309906006
21,joint,actor_18_statement_02,lm_raw,-0.019492806537832034,-0.1062043165599973,29.688743286296685,0.7928027510643005
21,joint,actor_18_statement_02,lm_norm_weighted,-0.021347032996174794,0.24194286913871368,29.688743286296685,5.832040309906006
21,joint,actor_19_statement_01,lm_raw,0.019754435761946444,-0.6274836271913279,48.41462045405221,0.7928027510643005
21,joint,actor_19_statement_01,lm_norm_weighted,0.017514990791363982,-0.5676973349809128,48.41462045405221,5.832040309906006
21,joint,actor_19_statement_02,lm_raw,-0.024315233900612822,0.15018537156850484,29.89905927413118,0.7928027510643005
21,joint,actor_19_statement_02,lm_norm_weighted,-0.0251278254480358,0.25305114796238126,29.89905927413118,5.832040309906006
21,joint,actor_20_statement_01,lm_raw,0.037283298312852625,-0.9352128186393502,52.053668202239294,0.7928027510643005
21,joint,actor_20_statement_01,lm_norm_weighted,0.03545208921891171,-0.88386334614112,52.053668202239294,5.832040309906006
21,joint,actor_20_statement_02,lm_raw,-0.031346502131300386,0.7598464404895087,30.106855547153973,0.7928027510643005
21,joint,actor_20_statement_02,lm_norm_weighted,-0.03335335189543723,0.7462309996447202,30.106855547153973,5.832040309906006
21,joint,actor_21_statement_01,lm_raw,0.022615498913099528,-0.8967356094010198,50.28378783176736,0.7928027510643005
21,joint,actor_21_statement_01,lm_norm_weighted,0.019481210222041297,-0.9032722928577979,50.28378783176736,5.832040309906006
21,joint,actor_21_statement_02,lm_raw,-0.022157539219635237,-0.926010356117465,30.23794328337832,0.7928027510643005
21,joint,actor_21_statement_02,lm_norm_weighted,-0.02352298179694926,-0.9247313381949235,30.23794328337832,5.832040309906006
21,joint,actor_22_statement_01,lm_raw,0.012956240292225576,-0.6937561124486474,47.683105578811244,0.7928027510643005
21,joint,actor_22_statement_01,lm_norm_weighted,0.011747230537476222,-0.709007804412262,47.683105578811244,5.832040309906006
21,joint,actor_22_statement_02,lm_raw,-0.02238294982253142,-0.49443286874340353,30.072545321282533,0.7928027510643005
21,joint,actor_22_statement_02,lm_norm_weighted,-0.02438304472688072,-0.39396619115681747,30.072545321282533,5.832040309906006
21,joint,actor_23_statement_01,lm_raw,0.025599116095869318,-0.9083812076104996,51.26048826193745,0.7928027510643005
21,joint,actor_23_statement_01,lm_norm_weighted,0.02319377509040367,-0.9011366925691295,51.26048826193745,5.832040309906006
21,joint,actor_23_statement_02,lm_raw,-0.01379004468018287,-0.11069776823492115,30.448317653199677,0.7928027510643005
21,joint,actor_23_statement_02,lm_norm_weighted,-0.014834769419031705,0.020064240474573034,30.448317653199677,5.832040309906006
21,joint,actor_24_statement_01,lm_raw,0.015181808187598907,-0.9835295085707365,49.68934973081121,0.7928027510643005
21,joint,actor_24_statement_01,lm_norm_weighted,0.012345474659214387,-0.985761592322237,49.68934973081121,5.832040309906006
21,joint,actor_24_statement_02,lm_raw,-0.03771362668606552,-0.9636155149437429,29.35218187445567,0.7928027510643005
21,joint,actor_24_statement_02,lm_norm_weighted,-0.0390529676764978,-0.9738778964035654,29.35218187445567,5.832040309906006
22,speaker,actor_01_statement_None,lm_raw,0.06849154745350551,0.16401300139306274,31.10550914223466,0.7928027510643005
22,speaker,actor_01_statement_None,lm_norm_weighted,0.06929652738834215,0.1282252538397587,31.10550914223466,5.832040309906006
22,speaker,actor_02_statement_None,lm_raw,0.08189349170212684,-0.5544040299780263,31.568333940375798,0.7928027510643005
22,speaker,actor_02_statement_None,lm_norm_weighted,0.08336741312127624,-0.5468286431508838,31.568333940375798,5.832040309906006
22,speaker,actor_03_statement_None,lm_raw,0.06232268172932061,0.4607761372193048,31.300875492398188,0.7928027510643005
22,speaker,actor_03_statement_None,lm_norm_weighted,0.06207144438301659,0.4784110369026446,31.300875492398188,5.832040309906006
22,speaker,actor_04_statement_None,lm_raw,0.07198982707993895,-0.31588442605120165,31.642461729933387,0.7928027510643005
22,speaker,actor_04_statement_None,lm_norm_weighted,0.07346900351133821,-0.30276697481714004,31.642461729933387,5.832040309906006
22,speaker,actor_05_statement_None,lm_raw,0.0660846089082355,0.528355777260479,31.052607784868016,0.7928027510643005
22,speaker,actor_05_statement_None,lm_norm_weighted,0.06777151121740904,0.5389700467748042,31.052607784868016,5.832040309906006
22,speaker,actor_06_statement_None,lm_raw,0.07335654467750975,0.15657253885006422,31.65385991282552,0.7928027510643005
22,speaker,actor_06_statement_None,lm_norm_weighted,0.07448728985629872,0.15244836700067638,31.65385991282552,5.832040309906006
22,speaker,actor_07_statement_None,lm_raw,0.07498172733448637,-0.17388879421770692,31.73481930528837,0.7928027510643005
22,speaker,actor_07_statement_None,lm_norm_weighted,0.0770853747445545,-0.13474755253358664,31.73481930528837,5.832040309906006
22,speaker,actor_08_statement_None,lm_raw,0.07676991750913635,0.37017507549344514,32.912477748375004,0.7928027510643005
22,speaker,actor_08_statement_None,lm_norm_weighted,0.07756963069950536,0.536861864204861,32.912477748375004,5.832040309906006
22,speaker,actor_09_statement_None,lm_raw,0.08280881797599673,0.2888884077824143,31.371833911179777,0.7928027510643005
22,speaker,actor_09_statement_None,lm_norm_weighted,0.08411828478152822,0.2800832781701493,31.371833911179777,5.832040309906006
22,speaker,actor_10_statement_None,lm_raw,0.07319515013776512,-0.2369486025787383,32.22345532139827,0.7928027510643005
22,speaker,actor_10_statement_None,lm_norm_weighted,0.07391330701219638,-0.21721741530453495,32.22345532139827,5.832040309906006
22,speaker,actor_11_statement_None,lm_raw,0.06320684044369962,0.3299277897242317,31.058493401596525,0.7928027510643005
22,speaker,actor_11_statement_None,lm_norm_weighted,0.06410807150884723,0.34031521077622046,31.058493401596525,5.832040309906006
22,speaker,actor_12_statement_None,lm_raw,0.07065401983311805,0.3117643127822211,31.311581819841752,0.7928027510643005
22,speaker,actor_12_statement_None,lm_norm_weighted,0.07254524561230669,0.32635763271914614,31.311581819841752,5.832040309906006
22,speaker,actor_13_statement_None,lm_raw,0.07551451445747866,-0.36594687794910546,31.026471343445195,0.7928027510643005
22,speaker,actor_13_statement_None,lm_norm_weighted,0.07720125231891624,-0.35894532093754855,31.026471343445195,5.832040309906006
22,speaker,actor_14_statement_None,lm_raw,0.06809227801763634,-0.23494356799130908,31.14979651036396,0.7928027510643005
22,speaker,actor_14_statement_None,lm_norm_weighted,0.06954677818552774,-0.18822498513062977,31.14979651036396,5.832040309906006
22,speaker,actor_15_statement_None,lm_raw,0.06508703219736542,0.3528115429891369,32.00219400669368,0.7928027510643005
22,speaker,actor_15_statement_None,lm_norm_weighted,0.06690872937933416,0.31765210740284605,32.00219400669368,5.832040309906006
22,speaker,actor_16_statement_None,lm_raw,0.07460198507986918,-0.4892037060666413,30.779516638329373,0.7928027510643005
22,speaker,actor_16_statement_None,lm_norm_weighted,0.07434209439163708,-0.48195884762643393,30.779516638329373,5.832040309906006
22,speaker,actor_17_statement_None,lm_raw,0.07093408014185072,-0.016922383079462845,30.8284874641588,0.7928027510643005
22,speaker,actor_17_statement_None,lm_norm_weighted,0.0721830439332751,0.004187903456220395,30.8284874641588,5.832040309906006
22,speaker,actor_18_statement_None,lm_raw,0.06829522872334245,-0.07766836098637557,31.921846644108907,0.7928027510643005
22,speaker,actor_18_statement_None,lm_norm_weighted,0.0691734509990159,-0.14829616148103528,31.921846644108907,5.832040309906006
22,speaker,actor_19_statement_None,lm_raw,0.07050567985322653,-0.11385080759595785,32.16165460053044,0.7928027510643005
22,speaker,actor_19_statement_None,lm_norm_weighted,0.07254442739229928,-0.1332595597619458,32.16165460053044,5.832040309906006
22,speaker,actor_20_statement_None,lm_raw,0.06678192409865015,-0.18771051509085893,32.91078711854163,0.7928027510643005
22,speaker,actor_20_statement_None,lm_norm_weighted,0.06718386224429582,-0.398573189587912,32.91078711854163,5.832040309906006
22,speaker,actor_21_statement_None,lm_raw,0.07550112586140759,0.3103705995450964,32.01399848075151,0.7928027510643005
22,speaker,actor_21_statement_None,lm_norm_weighted,0.07690394835097904,0.34168298127696933,32.01399848075151,5.832040309906006
22,speaker,actor_22_statement_None,lm_raw,0.07055716887935463,-0.17976464044159787,31.268373842374896,0.7928027510643005
22,speaker,actor_22_statement_None,lm_norm_weighted,0.07284726334118394,-0.1581060913135682,31.268373842374896,5.832040309906006
22,speaker,actor_23_statement_None,lm_raw,0.06763078486726963,-0.25598414245947665,32.13168413882757,0.7928027510643005
22,speaker,actor_23_statement_None,lm_norm_weighted,0.06930753975674384,-0.15156547311138394,32.13168413882757,5.832040309906006
22,speaker,actor_24_statement_None,lm_raw,0.06891843928425669,0.8386593433094007,31.21488287527634,0.7928027510643005
22,speaker,actor_24_statement_None,lm_norm_weighted,0.07091996550433037,0.8487013303396251,31.21488287527634,5.832040309906006
22,statement,actor_None_statement_01,lm_raw,0.06277569312309383,-0.4519016644527557,22.61780920353976,0.7928027510643005
22,statement,actor_None_statement_01,lm_norm_weighted,0.06424377103752234,-0.4660671504905687,22.61780920353976,5.832040309906006
22,statement,actor_None_statement_02,lm_raw,0.07998843460908857,0.2563289312339755,30.52487528442089,0.7928027510643005
22,statement,actor_None_statement_02,lm_norm_weighted,0.08284963070981786,0.3207105444053167,30.52487528442089,5.832040309906006
22,joint,actor_01_statement_01,lm_raw,0.05995757235466369,-0.34760773898749353,21.0658258158449,0.7928027510643005
22,joint,actor_01_statement_01,lm_norm_weighted,0.0616716098094902,-0.5197809446659983,21.0658258158449,5.832040309906006
22,joint,actor_01_statement_02,lm_raw,0.0642011345786595,0.8387630854309558,28.730642689690683,0.7928027510643005
22,joint,actor_01_statement_02,lm_norm_weighted,0.06708791452691071,0.8723478760232607,28.730642689690683,5.832040309906006
22,joint,actor_02_statement_01,lm_raw,0.06750061365357833,-0.7394367404772353,21.98964403198509,0.7928027510643005
22,joint,actor_02_statement_01,lm_norm_weighted,0.06872850177665267,-0.7660661984634951,21.98964403198509,5.832040309906006
22,joint,actor_02_statement_02,lm_raw,0.07655278778729364,-0.9055533727378101,29.816814447889683,0.7928027510643005
22,joint,actor_02_statement_02,lm_norm_weighted,0.07906310664091887,-0.9245121170147135,29.816814447889683,5.832040309906006
22,joint,actor_03_statement_01,lm_raw,0.05739929012255735,-0.7499533911970885,22.161466124471204,0.7928027510643005
22,joint,actor_03_statement_01,lm_norm_weighted,0.05884139953646511,-0.8932539135002501,22.161466124471204,5.832040309906006
22,joint,actor_03_statement_02,lm_raw,0.07187822713374342,-0.8220087531942919,28.78461331378608,0.7928027510643005
22,joint,actor_03_statement_02,lm_norm_weighted,0.07237036901139056,-0.8301324170931172,28.78461331378608,5.832040309906006
22,joint,actor_04_statement_01,lm_raw,0.0635514966618392,-0.01589280105880378,22.28548875063902,0.7928027510643005
22,joint,actor_04_statement_01,lm_norm_weighted,0.06498089773511899,-0.1980127078011706,22.28548875063902,5.832040309906006
22,joint,actor_04_statement_02,lm_raw,0.08082989420557284,0.47414447483385425,29.75556679150367,0.7928027510643005
22,joint,actor_04_statement_02,lm_norm_weighted,0.08393576362712882,0.5963241479533398,29.75556679150367,5.832040309906006
22,joint,actor_05_statement_01,lm_raw,0.05668016832544504,-0.46162619212769523,21.90614019091949,0.7928027510643005
22,joint,actor_05_statement_01,lm_norm_weighted,0.05825773114609934,-0.5487010823925577,21.90614019091949,5.832040309906006
22,joint,actor_05_statement_02,lm_raw,0.07910114459202247,-0.10885227210224387,28.781874921725073,0.7928027510643005
22,joint,actor_05_statement_02,lm_norm_weighted,0.08230966608819873,0.07033732909593989,28.781874921725073,5.832040309906006
22,joint,actor_06_statement_01,lm_raw,0.06416622988034383,-0.23853311945563024,22.22431658908851,0.7928027510643005
22,joint,actor_06_statement_01,lm_norm_weighted,0.06576968073330863,0.16738171146376007,22.22431658908851,5.832040309906006
22,joint,actor_06_statement_02,lm_raw,0.084220552660801,0.34147107823232664,30.177295444129935,0.7928027510643005
22,joint,actor_06_statement_02,lm_norm_weighted,0.08701752468413292,0.12105087154825071,30.177295444129935,5.832040309906006
22,joint,actor_07_statement_01,lm_raw,0.07014731365441274,-0.378831380311846,22.49912552815834,0.7928027510643005
22,joint,actor_07_statement_01,lm_norm_weighted,0.0720043914556167,0.0541399329614193,22.49912552815834,5.832040309906006
22,joint,actor_07_statement_02,lm_raw,0.09784254236868353,-0.9263430750580437,29.672187442444663,0.7928027510643005
22,joint,actor_07_statement_02,lm_norm_weighted,0.10076145451730191,-0.9066427281918404,29.672187442444663,5.832040309906006
22,joint,actor_08_statement_01,lm_raw,0.0662716938320985,-0.1958411898358733,23.62191416679496,0.7928027510643005
22,joint,actor_08_statement_01,lm_norm_weighted,0.06815638639603679,0.014700720308279304,23.62191416679496,5.832040309906006
22,joint,actor_08_statement_02,lm_raw,0.07726760429874843,0.6325111895275447,30.594018388569022,0.7928027510643005
22,joint,actor_08_statement_02,lm_norm_weighted,0.07991413093104131,0.6442625001675045,30.594018388569022,5.832040309906006
22,joint,actor_09_statement_01,lm_raw,0.06590111982935769,0.8142399254712501,22.659986162380566,0.7928027510643005
22,joint,actor_09_statement_01,lm_norm_weighted,0.06764563713081323,0.6650227109085667,22.659986162380566,5.832040309906006
22,joint,actor_09_statement_02,lm_raw,0.1136763522689252,0.5504575246469859,29.376091962701945,0.7928027510643005
22,joint,actor_09_statement_02,lm_norm_weighted,0.11566683347565698,0.5140829473982378,29.376091962701945,5.832040309906006
22,joint,actor_10_statement_01,lm_raw,0.06554733188222905,-0.9288817258291734,22.896586531885955,0.7928027510643005
22,joint,actor_10_statement_01,lm_norm_weighted,0.0667765693851938,-0.9416443104839054,22.896586531885955,5.832040309906006
22,joint,actor_10_statement_02,lm_raw,0.0755693386804595,-0.27888829197991777,29.64793245877351,0.7928027510643005
22,joint,actor_10_statement_02,lm_norm_weighted,0.0776004499895246,-0.29856429158899706,29.64793245877351,5.832040309906006
22,joint,actor_11_statement_01,lm_raw,0.04512494395023399,-0.5741797187311622,21.014512698005024,0.7928027510643005
22,joint,actor_11_statement_01,lm_norm_weighted,0.046363135528182206,-0.6292671875547612,21.014512698005024,5.832040309906006
22,joint,actor_11_statement_02,lm_raw,0.07325437840049936,-0.6277025782978556,29.714952633135486,0.7928027510643005
22,joint,actor_11_statement_02,lm_norm_weighted,0.07669838668928118,-0.3963580839176514,29.714952633135486,5.832040309906006
22,joint,actor_12_statement_01,lm_raw,0.06235021684191845,-0.922859723172091,22.002211247538764,0.7928027510643005
22,joint,actor_12_statement_01,lm_norm_weighted,0.06411883149042272,-0.939983756278733,22.002211247538764,5.832040309906006
22,joint,actor_12_statement_02,lm_raw,0.07962205858235426,-0.08531070001445727,29.75322201728121,0.7928027510643005
22,joint,actor_12_statement_02,lm_norm_weighted,0.08321353390521888,-0.07621187652282793,29.75322201728121,5.832040309906006
22,joint,actor_13_statement_01,lm_raw,0.06247964290277726,0.30451047799514636,21.386229333374292,0.7928027510643005
22,joint,actor_13_statement_01,lm_norm_weighted,0.06365644019181477,0.3579249829713076,21.386229333374292,5.832040309906006
22,joint,actor_13_statement_02,lm_raw,0.0819740952119018,-0.4532183335549847,29.95609846600703,0.7928027510643005
22,joint,actor_13_statement_02,lm_norm_weighted,0.08583230743427124,-0.43612570586521554,29.95609846600703,5.832040309906006
22,joint,actor_14_statement_01,lm_raw,0.05467183480654058,-0.9611738678631124,21.876077676908523,0.7928027510643005
22,joint,actor_14_statement_01,lm_norm_weighted,0.05638545408096291,-0.9452650955649912,21.876077676908523,5.832040309906006
22,joint,actor_14_statement_02,lm_raw,0.08777270820855355,-0.9542898982322593,29.760567568617233,0.7928027510643005
22,joint,actor_14_statement_02,lm_norm_weighted,0.09106066487904613,-0.8364062089234521,29.760567568617233,5.832040309906006
22,joint,actor_15_statement_01,lm_raw,0.047991718430196006,-0.9492891097509122,22.2569588204714,0.7928027510643005
22,joint,actor_15_statement_01,lm_norm_weighted,0.04794066108973116,-0.940475224579625,22.2569588204714,5.832040309906006
22,joint,actor_15_statement_02,lm_raw,0.07968140087493861,-0.9230271335505582,30.316639663738215,0.7928027510643005
22,joint,actor_15_statement_02,lm_norm_weighted,0.08312876659417165,-0.922421489244081,30.316639663738215,5.832040309906006
22,joint,actor_16_statement_01,lm_raw,0.05849643321707941,-0.8520463074392653,21.74424543275823,0.7928027510643005
22,joint,actor_16_statement_01,lm_norm_weighted,0.05944992349571206,-0.8007671215639832,21.74424543275823,5.832040309906006
22,joint,actor_16_statement_02,lm_raw,0.08244501228197039,0.9150357524553009,29.389376623362004,0.7928027510643005
22,joint,actor_16_statement_02,lm_norm_weighted,0.08407490292460895,0.9185796596537578,29.389376623362004,5.832040309906006
22,joint,actor_17_statement_01,lm_raw,0.05751989609007358,0.4395530800540144,22.084879469717166,0.7928027510643005
22,joint,actor_17_statement_01,lm_norm_weighted,0.05954726063686589,0.317814213970495,22.084879469717166,5.832040309906006
22,joint,actor_17_statement_02,lm_raw,0.086775518965168,0.503074912201778,28.776616878304413,0.7928027510643005
22,joint,actor_17_statement_02,lm_norm_weighted,0.08911314711152361,0.5991590605276093,28.776616878304413,5.832040309906006
22,joint,actor_18_statement_01,lm_raw,0.049100980939291786,0.09537227518592326,22.525908201359826,0.7928027510643005
22,joint,actor_18_statement_01,lm_norm_weighted,0.05008156876984512,0.1513733328272169,22.525908201359826,5.832040309906006
22,joint,actor_18_statement_02,lm_raw,0.07304329957849964,-0.666003728132532,29.697511517154066,0.7928027510643005
22,joint,actor_18_statement_02,lm_norm_weighted,0.0744205634077027,-0.6428122688149946,29.697511517154066,5.832040309906006
22,joint,actor_19_statement_01,lm_raw,0.05759845501171248,0.23517404357320476,22.29198495964035,0.7928027510643005
22,joint,actor_19_statement_01,lm_norm_weighted,0.0580539215017732,0.234812554551243,22.29198495964035,5.832040309906006
22,joint,actor_19_statement_02,lm_raw,0.07080824068604029,0.00913191960265456,29.93691567041886,0.7928027510643005
22,joint,actor_19_statement_02,lm_norm_weighted,0.07347603725332574,0.0015098308073539552,29.93691567041886,5.832040309906006
22,joint,actor_20_statement_01,lm_raw,0.05649740275272538,-0.9636911761849265,22.587869027333603,0.7928027510643005
22,joint,actor_20_statement_01,lm_norm_weighted,0.05479328833164435,-0.9519529655093107,22.587869027333603,5.832040309906006
22,joint,actor_20_statement_02,lm_raw,0.06989581188988601,0.990685713250395,30.596880911468812,0.7928027510643005
22,joint,actor_20_statement_02,lm_norm_weighted,0.0729405878638972,0.9765905109872314,30.596880911468812,5.832040309906006
22,joint,actor_21_statement_01,lm_raw,0.06411077789069554,-0.49427571705861606,22.154797720160985,0.7928027510643005
22,joint,actor_21_statement_01,lm_norm_weighted,0.06560430156555326,-0.5688856669151525,22.154797720160985,5.832040309906006
22,joint,actor_21_statement_02,lm_raw,0.07924256842159581,-0.9818133844662972,30.47957210324525,0.7928027510643005
22,joint,actor_21_statement_02,lm_norm_weighted,0.08209287593956029,-0.9415647098594905,30.47957210324525,5.832040309906006
22,joint,actor_22_statement_01,lm_raw,0.05607860782410909,-0.6065505343942622,22.073754063860246,0.7928027510643005
22,joint,actor_22_statement_01,lm_norm_weighted,0.05697187522328026,-0.630585916009247,22.073754063860246,5.832040309906006
22,joint,actor_22_statement_02,lm_raw,0.0886380487349307,0.00029083176833859806,29.444007154144913,0.7928027510643005
22,joint,actor_22_statement_02,lm_norm_weighted,0.09156930090680206,0.14393046632056175,29.444007154144913,5.832040309906006
22,joint,actor_23_statement_01,lm_raw,0.05938225101092408,-0.5322556605364153,22.663960375894998,0.7928027510643005
22,joint,actor_23_statement_01,lm_norm_weighted,0.06106414136391613,-0.5084875079787259,22.663960375894998,5.832040309906006
22,joint,actor_23_statement_02,lm_raw,0.07081287160082764,-0.56045005055128,30.058082818309643,0.7928027510643005
22,joint,actor_23_statement_02,lm_norm_weighted,0.07382433240182186,-0.1714474929427599,30.058082818309643,5.832040309906006
22,joint,actor_24_statement_01,lm_raw,0.07085822896701904,-0.9420680055859515,22.08195973021512,0.7928027510643005
22,joint,actor_24_statement_01,lm_norm_weighted,0.07295021932786494,-0.9402678001604586,22.08195973021512,5.832040309906006
22,joint,actor_24_statement_02,lm_raw,0.06942163899577554,0.9889945363966297,30.18200939638403,0.7928027510643005
22,joint,actor_24_statement_02,lm_norm_weighted,0.07254908735151792,0.9887525085203249,30.18200939638403,5.832040309906006
23,speaker,actor_01_statement_None,lm_raw,-0.018226898784669564,-0.025520525636868713,77.7012781754219,0.7928027510643005
23,speaker,actor_01_statement_None,lm_norm_weighted,-0.02646531564314143,-0.024992335701221873,77.7012781754219,5.832040309906006
23,speaker,actor_02_statement_None,lm_raw,-0.013424958334417167,0.3220361717639891,77.4971996923199,0.7928027510643005
23,speaker,actor_02_statement_None,lm_norm_weighted,-0.021988119647201126,0.3175491420922152,77.4971996923199,5.832040309906006
23,speaker,actor_03_statement_None,lm_raw,-0.01274778645119266,-0.37314124559074036,76.89645293522375,0.7928027510643005
23,speaker,actor_03_statement_None,lm_norm_weighted,-0.020872135145012693,-0.3749864243945577,76.89645293522375,5.832040309906006
23,speaker,actor_04_statement_None,lm_raw,-0.010671576558675728,0.6692825495146977,77.20621005318519,0.7928027510643005
23,speaker,actor_04_statement_None,lm_norm_weighted,-0.018250715182671854,0.6707224380652853,77.20621005318519,5.832040309906006
23,speaker,actor_05_statement_None,lm_raw,-0.013048218711943787,0.2355447867278084,76.74067674296084,0.7928027510643005
23,speaker,actor_05_statement_None,lm_norm_weighted,-0.021309735042198543,0.23344912097799378,76.74067674296084,5.832040309906006
23,speaker,actor_06_statement_None,lm_raw,-0.016574234826735913,-0.12890994353142857,77.6154434096967,0.7928027510643005
23,speaker,actor_06_statement_None,lm_norm_weighted,-0.024575476650438948,-0.12836342544562301,77.6154434096967,5.832040309906006
23,speaker,actor_07_statement_None,lm_raw,-0.012675729173240448,0.12709705303444838,76.07509445104247,0.7928027510643005
23,speaker,actor_07_statement_None,lm_norm_weighted,-0.021152774441148877,0.12466647930833161,76.07509445104247,5.832040309906006
23,speaker,actor_08_statement_None,lm_raw,-0.012535670262179447,0.21119620462403146,81.63875207391729,0.7928027510643005
23,speaker,actor_08_statement_None,lm_norm_weighted,-0.02015799073533822,0.22302978824897088,81.63875207391729,5.832040309906006
23,speaker,actor_09_statement_None,lm_raw,-0.015386177999803102,0.2304758561090012,79.60136804766925,0.7928027510643005
23,speaker,actor_09_statement_None,lm_norm_weighted,-0.023660011728678276,0.23881496058577117,79.60136804766925,5.832040309906006
23,speaker,actor_10_statement_None,lm_raw,-0.017142655973365135,0.40891151105289697,77.27918799720702,0.7928027510643005
23,speaker,actor_10_statement_None,lm_norm_weighted,-0.026878173285164276,0.40797427039094014,77.27918799720702,5.832040309906006
23,speaker,actor_11_statement_None,lm_raw,-0.006437379450447587,-0.0765229090910258,76.80299646602911,0.7928027510643005
23,speaker,actor_11_statement_None,lm_norm_weighted,-0.012608995616539423,-0.07356997059154728,76.80299646602911,5.832040309906006
23,speaker,actor_12_statement_None,lm_raw,-0.01750846904033586,-0.7507119096992211,74.86493731584493,0.7928027510643005
23,speaker,actor_12_statement_None,lm_norm_weighted,-0.024752544880428475,-0.7453564329470089,74.86493731584493,5.832040309906006
23,speaker,actor_13_statement_None,lm_raw,-0.021304450130746253,0.35971339097900057,75.59749068813959,0.7928027510643005
23,speaker,actor_13_statement_None,lm_norm_weighted,-0.029789616758814395,0.362723070047509,75.59749068813959,5.832040309906006
23,speaker,actor_14_statement_None,lm_raw,-0.010219803074240818,-0.2074263508428217,77.84602441344502,0.7928027510643005
23,speaker,actor_14_statement_None,lm_norm_weighted,-0.01828343105061099,-0.21240862939617813,77.84602441344502,5.832040309906006
23,speaker,actor_15_statement_None,lm_raw,-0.011392294369402036,0.6146156756208504,78.54410262990149,0.7928027510643005
23,speaker,actor_15_statement_None,lm_norm_weighted,-0.01946829963910336,0.6116150931658084,78.54410262990149,5.832040309906006
23,speaker,actor_16_statement_None,lm_raw,-0.0122307613851882,-0.02165723466260675,76.2785902590467,0.7928027510643005
23,speaker,actor_16_statement_None,lm_norm_weighted,-0.021666789404890564,-0.02988299597083446,76.2785902590467,5.832040309906006
23,speaker,actor_17_statement_None,lm_raw,-0.015426836683540024,-0.2046001521311292,75.13745851129812,0.7928027510643005
23,speaker,actor_17_statement_None,lm_norm_weighted,-0.02232404642628879,-0.1983385619499564,75.13745851129812,5.832040309906006
23,speaker,actor_18_statement_None,lm_raw,-0.013759475093400201,-0.46084553929656136,77.42345341154957,0.7928027510643005
23,speaker,actor_18_statement_None,lm_norm_weighted,-0.021367404880696664,-0.4561754520072326,77.42345341154957,5.832040309906006
23,speaker,actor_19_statement_None,lm_raw,-0.024883670926193452,0.18239487272174257,76.5815471960625,0.7928027510643005
23,speaker,actor_19_statement_None,lm_norm_weighted,-0.03327369634753404,0.18280389534468583,76.5815471960625,5.832040309906006
23,speaker,actor_20_statement_None,lm_raw,-0.015693098815606554,0.4199710248743964,79.19380519703066,0.7928027510643005
23,speaker,actor_20_statement_None,lm_norm_weighted,-0.023110520125402854,0.4181933471740336,79.19380519703066,5.832040309906006
23,speaker,actor_21_statement_None,lm_raw,-0.012235372716821586,0.32208091120938565,78.34851047434036,0.7928027510643005
23,speaker,actor_21_statement_None,lm_norm_weighted,-0.019458201479515914,0.31935819644759095,78.34851047434036,5.832040309906006
23,speaker,actor_22_statement_None,lm_raw,-0.016795025139522492,0.12446049137592419,77.03713264312536,0.7928027510643005
23,speaker,actor_22_statement_None,lm_norm_weighted,-0.024131779768997642,0.12764388377289712,77.03713264312536,5.832040309906006
23,speaker,actor_23_statement_None,lm_raw,-0.012971646462293582,-0.08938055244025228,78.67006334809253,0.7928027510643005
23,speaker,actor_23_statement_None,lm_norm_weighted,-0.020953032552310707,-0.09317760294132119,78.67006334809253,5.832040309906006
23,speaker,actor_24_statement_None,lm_raw,-0.014518300315627645,0.274517850194355,78.43729882301955,0.7928027510643005
23,speaker,actor_24_statement_None,lm_norm_weighted,-0.02297608895894224,0.28003036780828366,78.43729882301955,5.832040309906006
23,statement,actor_None_statement_01,lm_raw,0.01909088755939782,0.4170429676441214,49.92258929891616,0.7928027510643005
23,statement,actor_None_statement_01,lm_norm_weighted,0.015574551917920499,0.3169295108056574,49.92258929891616,5.832040309906006
23,statement,actor_None_statement_02,lm_raw,-0.037045992575835025,-0.27390004524515044,84.8369398408329,0.7928027510643005
23,statement,actor_None_statement_02,lm_norm_weighted,-0.046378955871526094,-0.2931686433391867,84.8369398408329,5.832040309906006
23,joint,actor_01_statement_01,lm_raw,0.011627440870652551,-0.8035764998588572,48.09115511389919,0.7928027510643005
23,joint,actor_01_statement_01,lm_norm_weighted,0.007163093840985135,-0.658710902573712,48.09115511389919,5.832040309906006
23,joint,actor_01_statement_02,lm_raw,-0.03652558042472313,0.5150247124702644,83.70419238182814,0.7928027510643005
23,joint,actor_01_statement_02,lm_norm_weighted,-0.04543334873658465,0.48184361205771686,83.70419238182814,5.832040309906006
23,joint,actor_02_statement_01,lm_raw,0.020618415979207824,0.5039837043308681,49.318900928973875,0.7928027510643005
23,joint,actor_02_statement_01,lm_norm_weighted,0.017051357179742807,0.26437007375217614,49.318900928973875,5.832040309906006
23,joint,actor_02_statement_02,lm_raw,-0.032372538589024426,-0.04216125118681423,83.55308156055895,0.7928027510643005
23,joint,actor_02_statement_02,lm_norm_weighted,-0.04192206358304324,-0.0816031925686438,83.55308156055895,5.832040309906006
23,joint,actor_03_statement_01,lm_raw,0.027529744187168234,0.9425061455692937,48.71697421635032,0.7928027510643005
23,joint,actor_03_statement_01,lm_norm_weighted,0.023229950439069256,0.6406909150346328,48.71697421635032,5.832040309906006
23,joint,actor_03_statement_02,lm_raw,-0.043292567837724,-0.3269118066348131,83.73673461263073,0.7928027510643005
23,joint,actor_03_statement_02,lm_norm_weighted,-0.05266702479511456,-0.5277359507420213,83.73673461263073,5.832040309906006
23,joint,actor_04_statement_01,lm_raw,0.017535895796574733,-0.34850876794418806,47.925851102977745,0.7928027510643005
23,joint,actor_04_statement_01,lm_norm_weighted,0.0147288282849502,-0.4006784610471059,47.925851102977745,5.832040309906006
23,joint,actor_04_statement_02,lm_raw,-0.04366186782683722,0.01856616307099303,80.9563568662495,0.7928027510643005
23,joint,actor_04_statement_02,lm_norm_weighted,-0.05210803580620655,0.05256768458368535,80.9563568662495,5.832040309906006
23,joint,actor_05_statement_01,lm_raw,0.028568443263748185,0.3327256981388373,49.20964051858067,0.7928027510643005
23,joint,actor_05_statement_01,lm_norm_weighted,0.02407197045471371,0.281713413685057,49.20964051858067,5.832040309906006
23,joint,actor_05_statement_02,lm_raw,-0.028945864965230456,0.20364912810341101,81.15435206804054,0.7928027510643005
23,joint,actor_05_statement_02,lm_norm_weighted,-0.038018769449759814,0.12916811720982194,81.15435206804054,5.832040309906006
23,joint,actor_06_statement_01,lm_raw,0.017920151936362483,0.7414414837323348,49.06944214331869,0.7928027510643005
23,joint,actor_06_statement_01,lm_norm_weighted,0.013977413732918534,0.7960921738100251,49.06944214331869,5.832040309906006
23,joint,actor_06_statement_02,lm_raw,-0.03720744872486024,0.35909612801514984,84.09315936965129,0.7928027510643005
23,joint,actor_06_statement_02,lm_norm_weighted,-0.04670665351070531,0.16734435490928812,84.09315936965129,5.832040309906006
23,joint,actor_07_statement_01,lm_raw,0.020422694503966006,0.735085360274352,49.070132355631344,0.7928027510643005
23,joint,actor_07_statement_01,lm_norm_weighted,0.01723625368241389,0.7380275704304606,49.070132355631344,5.832040309906006
23,joint,actor_07_statement_02,lm_raw,-0.034483151692735976,-0.7734722084774774,84.1106582053203,0.7928027510643005
23,joint,actor_07_statement_02,lm_norm_weighted,-0.044720177973192145,-0.7801656497820384,84.1106582053203,5.832040309906006
23,joint,actor_08_statement_01,lm_raw,0.0190552217794763,0.3297998936929298,51.38056401172702,0.7928027510643005
23,joint,actor_08_statement_01,lm_norm_weighted,0.015529582873659572,-0.4045627129294107,51.38056401172702,5.832040309906006
23,joint,actor_08_statement_02,lm_raw,-0.03307957958918506,-0.7234247397281023,84.0926819554973,0.7928027510643005
23,joint,actor_08_statement_02,lm_norm_weighted,-0.04110411993620585,-0.757070922312586,84.0926819554973,5.832040309906006
23,joint,actor_09_statement_01,lm_raw,0.02278455629652633,0.5737623828243464,50.43285253253983,0.7928027510643005
23,joint,actor_09_statement_01,lm_norm_weighted,0.01945232623113436,0.19599378683779767,50.43285253253983,5.832040309906006
23,joint,actor_09_statement_02,lm_raw,-0.031299178288989114,-0.7977467672308375,86.38299606470746,0.7928027510643005
23,joint,actor_09_statement_02,lm_norm_weighted,-0.040646781638518904,-0.8074373484381678,86.38299606470746,5.832040309906006
23,joint,actor_10_statement_01,lm_raw,0.016018517984785832,0.9445561711955371,48.88160530993319,0.7928027510643005
23,joint,actor_10_statement_01,lm_norm_weighted,0.01182586938524179,0.9723050123085574,48.88160530993319,5.832040309906006
23,joint,actor_10_statement_02,lm_raw,-0.034918799099283686,-0.6680965372918164,82.14167213774955,0.7928027510643005
23,joint,actor_10_statement_02,lm_norm_weighted,-0.044579784872839125,-0.7464036632128597,82.14167213774955,5.832040309906006
23,joint,actor_11_statement_01,lm_raw,0.01689836538675518,0.45125971439091606,48.810355244534065,0.7928027510643005
23,joint,actor_11_statement_01,lm_norm_weighted,0.01417088394309343,0.43601047841267115,48.810355244534065,5.832040309906006
23,joint,actor_11_statement_02,lm_raw,-0.03225532824342661,0.40129289744308266,82.96661125574896,0.7928027510643005
23,joint,actor_11_statement_02,lm_norm_weighted,-0.04171049311026467,0.3948212176249575,82.96661125574896,5.832040309906006
23,joint,actor_12_statement_01,lm_raw,0.007629946016267452,0.7638816242934916,48.035780311950525,0.7928027510643005
23,joint,actor_12_statement_01,lm_norm_weighted,0.005291179617939156,0.7822454811001726,48.035780311950525,5.832040309906006
23,joint,actor_12_statement_02,lm_raw,-0.024815422486200556,-0.1404525297643695,79.72566450391612,0.7928027510643005
23,joint,actor_12_statement_02,lm_norm_weighted,-0.03381620287781358,-0.14692522872817637,79.72566450391612,5.832040309906006
23,joint,actor_13_statement_01,lm_raw,0.015634252652790705,0.8932903306950668,47.85671341940973,0.7928027510643005
23,joint,actor_13_statement_01,lm_norm_weighted,0.011916491571425462,0.8364437688563141,47.85671341940973,5.832040309906006
23,joint,actor_13_statement_02,lm_raw,-0.04535248348972698,-0.7142611882741271,80.65090962107872,0.7928027510643005
23,joint,actor_13_statement_02,lm_norm_weighted,-0.05442480091043015,-0.7378379662716191,80.65090962107872,5.832040309906006
23,joint,actor_14_statement_01,lm_raw,0.01903319985945304,0.37141632936795127,49.72119028646377,0.7928027510643005
23,joint,actor_14_statement_01,lm_norm_weighted,0.015457153265937336,0.449339552008966,49.72119028646377,5.832040309906006
23,joint,actor_14_statement_02,lm_raw,-0.04466974339041446,0.7835440802648128,82.17032675022975,0.7928027510643005
23,joint,actor_14_statement_02,lm_norm_weighted,-0.053517198810630884,0.7616702721922078,82.17032675022975,5.832040309906006
23,joint,actor_15_statement_01,lm_raw,0.009810248455172355,0.26678379115035333,50.25412399185468,0.7928027510643005
23,joint,actor_15_statement_01,lm_norm_weighted,0.0064290870207500215,0.049590059545905354,50.25412399185468,5.832040309906006
23,joint,actor_15_statement_02,lm_raw,-0.025739619479792728,-0.508648441958148,81.48229925639819,0.7928027510643005
23,joint,actor_15_statement_02,lm_norm_weighted,-0.03527049630849932,-0.5355340912683613,81.48229925639819,5.832040309906006
23,joint,actor_16_statement_01,lm_raw,0.01602044436099328,0.11372950382022272,48.08674695296991,0.7928027510643005
23,joint,actor_16_statement_01,lm_norm_weighted,0.011614226085644035,-0.30356547386691607,48.08674695296991,5.832040309906006
23,joint,actor_16_statement_02,lm_raw,-0.04817405063374736,0.40453635493002355,83.11301495430307,0.7928027510643005
23,joint,actor_16_statement_02,lm_norm_weighted,-0.05871952922505362,0.33177328342280316,83.11301495430307,5.832040309906006
23,joint,actor_17_statement_01,lm_raw,0.01873081648202284,0.3716517966910345,45.992230912990536,0.7928027510643005
23,joint,actor_17_statement_01,lm_norm_weighted,0.015034739250893724,0.271410983283928,45.992230912990536,5.832040309906006
23,joint,actor_17_statement_02,lm_raw,-0.03355792542308058,-0.9487597100292869,82.39450443863491,0.7928027510643005
23,joint,actor_17_statement_02,lm_norm_weighted,-0.0414050306743083,-0.9456731387403342,82.39450443863491,5.832040309906006
23,joint,actor_18_statement_01,lm_raw,0.03308178809193495,0.9525899067330085,49.316822172179904,0.7928027510643005
23,joint,actor_18_statement_01,lm_norm_weighted,0.029539611384256738,0.8788972567696509,49.316822172179904,5.832040309906006
23,joint,actor_18_statement_02,lm_raw,-0.04647705917048166,-0.7140175308121729,81.87157365144853,0.7928027510643005
23,joint,actor_18_statement_02,lm_norm_weighted,-0.05630293073951304,-0.7161030671728688,81.87157365144853,5.832040309906006
23,joint,actor_19_statement_01,lm_raw,0.018878236753654208,0.9756353768324729,48.142573546731576,0.7928027510643005
23,joint,actor_19_statement_01,lm_norm_weighted,0.014309094805428153,0.9763632576894037,48.142573546731576,5.832040309906006
23,joint,actor_19_statement_02,lm_raw,-0.032373119786367616,-0.25454215809079095,84.11471193453295,0.7928027510643005
23,joint,actor_19_statement_02,lm_norm_weighted,-0.041602596327009356,-0.10934786019679675,84.11471193453295,5.832040309906006
23,joint,actor_20_statement_01,lm_raw,0.01663281030990566,0.20381382469240245,48.84900399729145,0.7928027510643005
23,joint,actor_20_statement_01,lm_norm_weighted,0.011853007436838555,0.2926858624961604,48.84900399729145,5.832040309906006
23,joint,actor_20_statement_02,lm_raw,-0.03470296127784009,-0.14929565422904292,83.55128796752639,0.7928027510643005
23,joint,actor_20_statement_02,lm_norm_weighted,-0.043750609526852585,-0.14540295417928578,83.55128796752639,5.832040309906006
23,joint,actor_21_statement_01,lm_raw,0.016426442233225542,0.31316849411585573,49.54595990251451,0.7928027510643005
23,joint,actor_21_statement_01,lm_norm_weighted,0.013637803269805654,0.32074410302665146,49.54595990251451,5.832040309906006
23,joint,actor_21_statement_02,lm_raw,-0.031502982156270315,0.0708913439516486,83.87605404292479,0.7928027510643005
23,joint,actor_21_statement_02,lm_norm_weighted,-0.0400538790998167,-0.027778905359206837,83.87605404292479,5.832040309906006
23,joint,actor_22_statement_01,lm_raw,0.01886704501392848,0.7430243613079733,47.44846348307495,0.7928027510643005
23,joint,actor_22_statement_01,lm_norm_weighted,0.016752533412067956,0.7519037740288457,47.44846348307495,5.832040309906006
23,joint,actor_22_statement_02,lm_raw,-0.03856570784485907,0.19852732229968728,84.07464800134562,0.7928027510643005
23,joint,actor_22_statement_02,lm_norm_weighted,-0.04758556757844971,0.20630270176390056,84.07464800134562,5.832040309906006
23,joint,actor_23_statement_01,lm_raw,0.019436507057012428,-0.10874085598525135,49.81233000093271,0.7928027510643005
23,joint,actor_23_statement_01,lm_norm_weighted,0.01680198439761503,-0.19497041572217236,49.81233000093271,5.832040309906006
23,joint,actor_23_statement_02,lm_raw,-0.021337524506193754,0.46049973828132545,82.95725588622886,0.7928027510643005
23,joint,actor_23_statement_02,lm_norm_weighted,-0.031740082950478254,0.4241954972814472,82.95725588622886,5.832040309906006
23,joint,actor_24_statement_01,lm_raw,0.016854806329439267,0.8782101836219725,48.85555928353808,0.7928027510643005
23,joint,actor_24_statement_01,lm_norm_weighted,0.012845809616638382,0.7395528927693755,48.85555928353808,5.832040309906006
23,joint,actor_24_statement_02,lm_raw,-0.043114636254591825,0.313260775776837,83.23745566007169,0.7928027510643005
23,joint,actor_24_statement_02,lm_norm_weighted,-0.05218222414511734,0.31600680483910787,83.23745566007169,5.832040309906006
